All variables are granular. MAX_EVAL is set to 218700 to prevent algorithm from circling around best solution indefinitely
Start step Main {
    Add main thread: 0
    FIXED_VARIABLE set to ( - - - - - - - )
    Start step MADS {
        Start step MADS Initialization {
            Add points (full space) to eval queue for step MADS Initialization {
                1 points added
                New point added to eval queue: #0 ( 4 8 4 8 4 8 0 )
                Eval queue now has 1 points.
            } Add points (full space) to eval queue for step MADS Initialization
            Evaluate points (full space) for MADS Initialization {
                Start evaluation. Opportunism = false, UseCache = true, Barrier = NULL
                After blocks generation: 1 blocks
                Parallel eval thread = 0 
Algo thread = 0 

                Start evaluation of block of 1 points.
1	(   4   8   4   8   4   8   0 )	14150   0  
                We are done with evaluations.
                Evaluation is done. Cleared queue of 0 points.
                EvaluatorControl stop reason (main thread): No more points to evaluate (global): Started (Eval Global)
                MADS Initialization: Full success (dominating). Stop reasons: No termination (all).  No more points to evaluate
            } Evaluate points (full space) for MADS Initialization
            Using X0: #0 ( 4 8 4 8 4 8 0 )	Evaluation OK	 f = 14150                     	 h =   0                      (L2)
            Updating barrier with 1 suggested points
            Current barrier: 
            H_MAX inf
            Ref Best Feasible:   NULL
            Ref Best Infeasible: NULL
            Point suggested to update barrier (feasible): #0 ( 4 8 4 8 4 8 0 )	Evaluation OK	 f = 14150                     	 h =   0                      (L2)
            Point inserted in feasible barrier: #0 ( 4 8 4 8 4 8 0 )	Evaluation OK	 f = 14150                     	 h =   0                      (L2)
            New dominating xFeas: #0 ( 4 8 4 8 4 8 0 )	Evaluation OK	 f = 14150                     	 h =   0                      (L2)
            Update incumbent(s) in barrier. New feasible incumbent: #0 ( 4 8 4 8 4 8 0 )	Evaluation OK	 f = 14150                     	 h =   0                      (L2)
            
        } End step MADS Initialization
        FIXED_VARIABLE set to ( - - - - - - - )
        FIXED_VARIABLE set to ( - - - - - - - )
        Start step MADS MegaIteration 1 {
            Start step MADS Update {
                Running MADS Update. Barrier: 
                X_FEAS #0 ( 4 8 4 8 4 8 0 )	(BB - Evaluation OK	 f = 14150       	 h =   0        (L2))
                H_MAX inf
                Ref Best Feasible:   NULL
                Ref Best Infeasible: NULL
                delta mesh  size = 1 1 1 1 1 1 1
                Delta frame size = 5 5 5 5 5 5 5
            } End step MADS Update
            Mesh Stop Reason: No termination (all). 
            Iteration generated:
            MADS Iteration 0
            Mesh size:  1 1 1 1 1 1 1
            Frame size: 5 5 5 5 5 5 5
            Start step MADS Iteration 1 {
                Start step Search {
                    Search methods are all disabled.
                } End step Search
                Start step Poll {
                    Generate points for Poll
                    Generate points for Ortho N+1 Neg Poll Method {
                        Unit sphere direction: 0.141247 -0.6239 -0.27302 -0.334388 -0.0395889 0.322579 -0.546642
                        Poll direction before scaling and projection on mesh: 0.960099 0.176248 0.0771265 0.0944626 0.0111836 -0.0911266 0.154423
                        Poll direction before scaling and projection on mesh: -0.960099 -0.176248 -0.0771265 -0.0944626 -0.0111836 0.0911266 -0.154423
                        Poll direction before scaling and projection on mesh: 0.176248 0.221498 -0.340675 -0.41725 -0.049399 0.402514 -0.6821
                        Poll direction before scaling and projection on mesh: -0.176248 -0.221498 0.340675 0.41725 0.049399 -0.402514 0.6821
                        Poll direction before scaling and projection on mesh: 0.0771265 -0.340675 0.85092 -0.18259 -0.0216171 0.176141 -0.298489
                        Poll direction before scaling and projection on mesh: -0.0771265 0.340675 -0.85092 0.18259 0.0216171 -0.176141 0.298489
                        Poll direction before scaling and projection on mesh: 0.0944626 -0.41725 -0.18259 0.776369 -0.0264761 0.215734 -0.365582
                        Poll direction before scaling and projection on mesh: -0.0944626 0.41725 0.18259 -0.776369 0.0264761 -0.215734 0.365582
                        Poll direction before scaling and projection on mesh: 0.0111836 -0.049399 -0.0216171 -0.0264761 0.996865 0.0255411 -0.0432819
                        Poll direction before scaling and projection on mesh: -0.0111836 0.049399 0.0216171 0.0264761 -0.996865 -0.0255411 0.0432819
                        Poll direction before scaling and projection on mesh: -0.0911266 0.402514 0.176141 0.215734 0.0255411 0.791885 0.352671
                        Poll direction before scaling and projection on mesh: 0.0911266 -0.402514 -0.176141 -0.215734 -0.0255411 -0.791885 -0.352671
                        Poll direction before scaling and projection on mesh: 0.154423 -0.6821 -0.298489 -0.365582 -0.0432819 0.352671 0.402364
                        Poll direction before scaling and projection on mesh: -0.154423 0.6821 0.298489 0.365582 0.0432819 -0.352671 -0.402364
                        Generate  first pass trial points for Ortho N+1 Neg Poll Method {
                            Scaled and mesh projected poll direction: 5 1 0 0 0 -0 1
                            Scaled and mesh projected poll direction: -5 -1 -0 -0 -0 0 -1
                            Scaled and mesh projected poll direction: 1 2 -2 -3 -0 3 -5
                            Scaled and mesh projected poll direction: -1 -2 2 3 0 -3 5
                            Scaled and mesh projected poll direction: 0 -2 5 -1 -0 1 -2
                            Scaled and mesh projected poll direction: -0 2 -5 1 0 -1 2
                            Scaled and mesh projected poll direction: 1 -3 -1 5 -0 1 -2
                            Scaled and mesh projected poll direction: -1 3 1 -5 0 -1 2
                            Scaled and mesh projected poll direction: 0 -0 -0 -0 5 0 -0
                            Scaled and mesh projected poll direction: -0 0 0 0 -5 -0 0
                            Scaled and mesh projected poll direction: -1 3 1 1 0 5 2
                            Scaled and mesh projected poll direction: 1 -3 -1 -1 -0 -5 -2
                            Scaled and mesh projected poll direction: 1 -5 -2 -3 -0 3 3
                            Scaled and mesh projected poll direction: -1 5 2 3 0 -3 -3
                            Frame center: #0 ( 4 8 4 8 4 8 0 )	Evaluation OK	 f = 14150                     	 h =   0                      (L2)
                            Point before projection: ( 9 9 4 8 4 8 1 )
                            Point after projection:  ( 9 9 4 8 4 8 1 )
                            Generated point: #1 ( 9 9 4 8 4 8 1 )
                            Point before projection: ( -1 7 4 8 4 8 -1 )
                            Point after projection:  ( 0 7 4 8 4 8 0 )
                            Generated point: #2 ( 0 7 4 8 4 8 0 )
                            Point before projection: ( 5 10 2 5 4 11 -5 )
                            Point after projection:  ( 5 10 2 5 4 10 0 )
                            Generated point: #3 ( 5 10 2 5 4 10 0 )
                            Point before projection: ( 3 6 6 11 4 5 5 )
                            Point after projection:  ( 3 6 6 10 4 5 2 )
                            Generated point: #4 ( 3 6 6 10 4 5 2 )
                            Point before projection: ( 4 6 9 7 4 9 -2 )
                            Point after projection:  ( 4 6 9 7 4 9 0 )
                            Generated point: #5 ( 4 6 9 7 4 9 0 )
                            Point before projection: ( 4 10 -1 9 4 7 2 )
                            Point after projection:  ( 4 10 0 9 4 7 2 )
                            Generated point: #6 ( 4 10 0 9 4 7 2 )
                            Point before projection: ( 5 5 3 13 4 9 -2 )
                            Point after projection:  ( 5 5 3 10 4 9 0 )
                            Generated point: #7 ( 5 5 3 10 4 9 0 )
                            Point before projection: ( 3 11 5 3 4 7 2 )
                            Point after projection:  ( 3 10 5 3 4 7 2 )
                            Generated point: #8 ( 3 10 5 3 4 7 2 )
                            Point before projection: ( 4 8 4 8 9 8 0 )
                            Point after projection:  ( 4 8 4 8 9 8 0 )
                            Generated point: #9 ( 4 8 4 8 9 8 0 )
                            Point before projection: ( 4 8 4 8 -1 8 0 )
                            Point after projection:  ( 4 8 4 8 0 8 0 )
                            Generated point: #10 ( 4 8 4 8 0 8 0 )
                            Point before projection: ( 3 11 5 9 4 13 2 )
                            Point after projection:  ( 3 10 5 9 4 10 2 )
                            Generated point: #11 ( 3 10 5 9 4 10 2 )
                            Point before projection: ( 5 5 3 7 4 3 -2 )
                            Point after projection:  ( 5 5 3 7 4 3 0 )
                            Generated point: #12 ( 5 5 3 7 4 3 0 )
                            Point before projection: ( 5 3 2 5 4 11 3 )
                            Point after projection:  ( 5 3 2 5 4 10 2 )
                            Generated point: #13 ( 5 3 2 5 4 10 2 )
                            Point before projection: ( 3 13 6 11 4 5 -3 )
                            Point after projection:  ( 3 10 6 10 4 5 0 )
                            Generated point: #14 ( 3 10 6 10 4 5 0 )
                            Generated 14 points
                        } Generate  first pass trial points for Ortho N+1 Neg Poll Method
                        Generated 14 points
                    } Generate points for Ortho N+1 Neg Poll Method
                    Number of trial points before sort and reduction to form a basis: 14
                    Sort trial points for step Ortho N+1 Neg Poll Method {
                        14 points added
                        New point added for sorting: #2 ( 0 7 4 8 4 8 0 )
                        New point added for sorting: #4 ( 3 6 6 10 4 5 2 )
                        New point added for sorting: #8 ( 3 10 5 3 4 7 2 )
                        New point added for sorting: #11 ( 3 10 5 9 4 10 2 )
                        New point added for sorting: #14 ( 3 10 6 10 4 5 0 )
                        New point added for sorting: #5 ( 4 6 9 7 4 9 0 )
                        New point added for sorting: #10 ( 4 8 4 8 0 8 0 )
                        New point added for sorting: #9 ( 4 8 4 8 9 8 0 )
                        New point added for sorting: #6 ( 4 10 0 9 4 7 2 )
                        New point added for sorting: #13 ( 5 3 2 5 4 10 2 )
                        New point added for sorting: #12 ( 5 5 3 7 4 3 0 )
                        New point added for sorting: #7 ( 5 5 3 10 4 9 0 )
                        New point added for sorting: #3 ( 5 10 2 5 4 10 0 )
                        New point added for sorting: #1 ( 9 9 4 8 4 8 1 )
                        Trial points sorted, before trim: 14 after trim: 14
                         Model eval missing for: #2 ( 0 7 4 8 4 8 0 )
                        Sort using OrderByDirection
                        Evaluation points before sort:
                        	#1 ( 9 9 4 8 4 8 1 )
                        	#3 ( 5 10 2 5 4 10 0 )
                        	#7 ( 5 5 3 10 4 9 0 )
                        	#12 ( 5 5 3 7 4 3 0 )
                        	#13 ( 5 3 2 5 4 10 2 )
                        	#6 ( 4 10 0 9 4 7 2 )
                        	#9 ( 4 8 4 8 9 8 0 )
                        	#10 ( 4 8 4 8 0 8 0 )
                        	#5 ( 4 6 9 7 4 9 0 )
                        	#14 ( 3 10 6 10 4 5 0 )
                        	#11 ( 3 10 5 9 4 10 2 )
                        	#8 ( 3 10 5 3 4 7 2 )
                        	#4 ( 3 6 6 10 4 5 2 )
                        	#2 ( 0 7 4 8 4 8 0 )
                        Evaluation points after sort:
                        	#1 ( 9 9 4 8 4 8 1 )
                        	#2 ( 0 7 4 8 4 8 0 )
                        	#3 ( 5 10 2 5 4 10 0 )
                        	#4 ( 3 6 6 10 4 5 2 )
                        	#5 ( 4 6 9 7 4 9 0 )
                        	#6 ( 4 10 0 9 4 7 2 )
                        	#7 ( 5 5 3 10 4 9 0 )
                        	#8 ( 3 10 5 3 4 7 2 )
                        	#9 ( 4 8 4 8 9 8 0 )
                        	#10 ( 4 8 4 8 0 8 0 )
                        	#11 ( 3 10 5 9 4 10 2 )
                        	#12 ( 5 5 3 7 4 3 0 )
                        	#13 ( 5 3 2 5 4 10 2 )
                        	#14 ( 3 10 6 10 4 5 0 )
                    } Sort trial points for step Ortho N+1 Neg Poll Method
                    Number of trial points after reduction to form a basis: 7
                    Point already in cache (but not BB evaluated): #2 ( 0 7 4 8 4 8 0 )
                    Point already in cache (but not BB evaluated): #4 ( 3 6 6 10 4 5 2 )
                    Point already in cache (but not BB evaluated): #5 ( 4 6 9 7 4 9 0 )
                    Point already in cache (but not BB evaluated): #9 ( 4 8 4 8 9 8 0 )
                    Point already in cache (but not BB evaluated): #6 ( 4 10 0 9 4 7 2 )
                    Point already in cache (but not BB evaluated): #3 ( 5 10 2 5 4 10 0 )
                    Point already in cache (but not BB evaluated): #1 ( 9 9 4 8 4 8 1 )
                    Number of points for step Poll of eval type BB that would need eval: 7
                    Add points (full space) to eval queue for step Poll {
                        7 points added
                        Point already in cache (but not BB evaluated): #2 ( 0 7 4 8 4 8 0 )
                        New point added to eval queue: #2 ( 0 7 4 8 4 8 0 )
                        Point already in cache (but not BB evaluated): #4 ( 3 6 6 10 4 5 2 )
                        New point added to eval queue: #4 ( 3 6 6 10 4 5 2 )
                        Point already in cache (but not BB evaluated): #5 ( 4 6 9 7 4 9 0 )
                        New point added to eval queue: #5 ( 4 6 9 7 4 9 0 )
                        Point already in cache (but not BB evaluated): #9 ( 4 8 4 8 9 8 0 )
                        New point added to eval queue: #9 ( 4 8 4 8 9 8 0 )
                        Point already in cache (but not BB evaluated): #6 ( 4 10 0 9 4 7 2 )
                        New point added to eval queue: #6 ( 4 10 0 9 4 7 2 )
                        Point already in cache (but not BB evaluated): #3 ( 5 10 2 5 4 10 0 )
                        New point added to eval queue: #3 ( 5 10 2 5 4 10 0 )
                        Point already in cache (but not BB evaluated): #1 ( 9 9 4 8 4 8 1 )
                        New point added to eval queue: #1 ( 9 9 4 8 4 8 1 )
                        Eval queue now has 7 points.
                    } Add points (full space) to eval queue for step Poll
                    Evaluate points (full space) for Poll {
                        Start evaluation. Opportunism = false, UseCache = true, Barrier
                        X_FEAS #0 ( 4 8 4 8 4 8 0 )	(BB - Evaluation OK	 f = 14150       	 h =   0        (L2))
                        H_MAX inf
                        Ref Best Feasible:   #0 ( 4 8 4 8 4 8 0 )	(BB - Evaluation OK	 f = 14150       	 h =   0        (L2))
                        Ref Best Infeasible: NULL
                        After blocks generation: 7 blocks
                        Parallel eval thread = 0 
Algo thread = 0 

                        Start evaluation of block of 1 points.
                        BB evaluation done for #2 ( 0 7 4 8 4 8 0 )	(BB - Evaluation OK	 f =   0       	 h = inf (L2)). Success found: Failure
2	(   0   7   4   8   4   8   0 )	    0 inf   5   5   5   5   5   5   5   1   1   1   1   1   1   1
                        Parallel eval thread = 0 
Algo thread = 0 

                        Start evaluation of block of 1 points.
                        BB evaluation done for #4 ( 3 6 6 10 4 5 2 )	(BB - Evaluation OK	 f = 7190       	 h =   0        (L2)). Success found: Full success (dominating)
3	(   3   6   6  10   4   5   2 )	 7190   0   5   5   5   5   5   5   5   1   1   1   1   1   1   1
                        Parallel eval thread = 0 
Algo thread = 0 

                        Start evaluation of block of 1 points.
                        BB evaluation done for #5 ( 4 6 9 7 4 9 0 )	(BB - Evaluation OK	 f =   0       	 h = inf (L2)). Success found: Failure
4	(   4   6   9   7   4   9   0 )	    0 inf   5   5   5   5   5   5   5   1   1   1   1   1   1   1
                        Parallel eval thread = 0 
Algo thread = 0 

                        Start evaluation of block of 1 points.
                        BB evaluation done for #9 ( 4 8 4 8 9 8 0 )	(BB - Evaluation OK	 f =   0       	 h = inf (L2)). Success found: Failure
5	(   4   8   4   8   9   8   0 )	    0 inf   5   5   5   5   5   5   5   1   1   1   1   1   1   1
                        Parallel eval thread = 0 
Algo thread = 0 

                        Start evaluation of block of 1 points.
                        BB evaluation done for #6 ( 4 10 0 9 4 7 2 )	(BB - Evaluation OK	 f =   0       	 h = inf (L2)). Success found: Failure
6	(   4  10   0   9   4   7   2 )	    0 inf   5   5   5   5   5   5   5   1   1   1   1   1   1   1
                        Parallel eval thread = 0 
Algo thread = 0 

                        Start evaluation of block of 1 points.
                        BB evaluation done for #3 ( 5 10 2 5 4 10 0 )	(BB - Evaluation OK	 f =   0       	 h = inf (L2)). Success found: Failure
7	(   5  10   2   5   4  10   0 )	    0 inf   5   5   5   5   5   5   5   1   1   1   1   1   1   1
                        Parallel eval thread = 0 
Algo thread = 0 

                        Start evaluation of block of 1 points.
                        BB evaluation done for #1 ( 9 9 4 8 4 8 1 )	(BB - Evaluation OK	 f = 18660       	 h =   0        (L2)). Success found: Failure
8	(   9   9   4   8   4   8   1 )	18660   0   5   5   5   5   5   5   5   1   1   1   1   1   1   1
                        We are done with evaluations.
                        Evaluation is done. Cleared queue of 0 points.
                        EvaluatorControl stop reason (main thread): No more points to evaluate (global): Started (Eval Global)
                        Poll: Full success (dominating). Stop reasons: No termination (all).  No more points to evaluate
                    } Evaluate points (full space) for Poll
                    Number of trial points: 7
                    Number of trial points that needed eval: 7
                    Number of evaluated points: 7
                    Poll is successful. Stop reason: No termination (all).  No more points to evaluate
                } End step Poll
                Updating barrier with 7 suggested points
                Current barrier: 
                X_FEAS #0 ( 4 8 4 8 4 8 0 )	(BB - Evaluation OK	 f = 14150       	 h =   0        (L2))
                H_MAX inf
                Ref Best Feasible:   #0 ( 4 8 4 8 4 8 0 )	(BB - Evaluation OK	 f = 14150       	 h =   0        (L2))
                Ref Best Infeasible: NULL
                Point suggested to update barrier (feasible): #4 ( 3 6 6 10 4 5 2 )	Evaluation OK	 f = 7190                     	 h =   0                      (L2)
                Point inserted in feasible barrier: #4 ( 3 6 6 10 4 5 2 )	Evaluation OK	 f = 7190                     	 h =   0                      (L2)
                Point suggested to update barrier (feasible): #1 ( 9 9 4 8 4 8 1 )	Evaluation OK	 f = 18660                     	 h =   0                      (L2)
                Point inserted in feasible barrier: #1 ( 9 9 4 8 4 8 1 )	Evaluation OK	 f = 18660                     	 h =   0                      (L2)
                New dominating xFeas: #4 ( 3 6 6 10 4 5 2 )	Evaluation OK	 f = 7190                     	 h =   0                      (L2)
                Update incumbent(s) in barrier. New feasible incumbent: #4 ( 3 6 6 10 4 5 2 )	Evaluation OK	 f = 7190                     	 h =   0                      (L2)
            } End step MADS Iteration 1
            Stop reason: No termination (all).  No more points to evaluate
            MADS MegaIteration 1: new success Full success (dominating)
        } End step MADS MegaIteration 1
        Start step MADS MegaIteration 2 {
            Start step MADS Update {
                Running MADS Update. Barrier: 
                X_FEAS #4 ( 3 6 6 10 4 5 2 )	(BB - Evaluation OK	 f = 7190       	 h =   0        (L2))
                H_MAX inf
                Ref Best Feasible:   #0 ( 4 8 4 8 4 8 0 )	(BB - Evaluation OK	 f = 14150       	 h =   0        (L2))
                Ref Best Infeasible: NULL
                Update: improving feasible point
                 from #0 ( 4 8 4 8 4 8 0 )	Evaluation OK	 f = 14150                     	 h =   0                      (L2)
                 to #4 ( 3 6 6 10 4 5 2 )	Evaluation OK	 f = 7190                     	 h =   0                      (L2)
                New direction (feasible) -1 -2 2 2 0 -3 2
                Last Iteration Successful. Delta is enlarged.
                delta mesh  size = 1 1 1 1 1 1 1
                Delta frame size = 10 10 10 10 10 10 10
            } End step MADS Update
            Mesh Stop Reason: No termination (all). 
            Iteration generated:
            MADS Iteration 1
            Mesh size:  1 1 1 1 1 1 1
            Frame size: 10 10 10 10 10 10 10
            Start step MADS Iteration 2 {
                Start step Search {
                    Search methods are all disabled.
                } End step Search
                Start step Poll {
                    Generate points for Poll
                    Generate points for Ortho N+1 Neg Poll Method {
                        Unit sphere direction: -0.49817 0.0124805 0.161634 0.577676 0.0502825 -0.488306 -0.388413
                        Poll direction before scaling and projection on mesh: 0.503654 0.0124348 0.161043 0.575561 0.0500984 -0.486519 -0.386991
                        Poll direction before scaling and projection on mesh: -0.503654 -0.0124348 -0.161043 -0.575561 -0.0500984 0.486519 0.386991
                        Poll direction before scaling and projection on mesh: 0.0124348 0.999688 -0.00403457 -0.0144194 -0.0012551 0.0121887 0.00969521
                        Poll direction before scaling and projection on mesh: -0.0124348 -0.999688 0.00403457 0.0144194 0.0012551 -0.0121887 -0.00969521
                        Poll direction before scaling and projection on mesh: 0.161043 -0.00403457 0.947749 -0.186745 -0.0162548 0.157854 0.125562
                        Poll direction before scaling and projection on mesh: -0.161043 0.00403457 -0.947749 0.186745 0.0162548 -0.157854 -0.125562
                        Poll direction before scaling and projection on mesh: 0.575561 -0.0144194 -0.186745 0.332581 -0.0580939 0.564165 0.448754
                        Poll direction before scaling and projection on mesh: -0.575561 0.0144194 0.186745 -0.332581 0.0580939 -0.564165 -0.448754
                        Poll direction before scaling and projection on mesh: 0.0500984 -0.0012551 -0.0162548 -0.0580939 0.994943 0.0491065 0.0390608
                        Poll direction before scaling and projection on mesh: -0.0500984 0.0012551 0.0162548 0.0580939 -0.994943 -0.0491065 -0.0390608
                        Poll direction before scaling and projection on mesh: -0.486519 0.0121887 0.157854 0.564165 0.0491065 0.523114 -0.379329
                        Poll direction before scaling and projection on mesh: 0.486519 -0.0121887 -0.157854 -0.564165 -0.0491065 -0.523114 0.379329
                        Poll direction before scaling and projection on mesh: -0.386991 0.00969521 0.125562 0.448754 0.0390608 -0.379329 0.69827
                        Poll direction before scaling and projection on mesh: 0.386991 -0.00969521 -0.125562 -0.448754 -0.0390608 0.379329 -0.69827
                        Generate  first pass trial points for Ortho N+1 Neg Poll Method {
                            Scaled and mesh projected poll direction: 9 0 3 10 1 -8 -7
                            Scaled and mesh projected poll direction: -9 -0 -3 -10 -1 8 7
                            Scaled and mesh projected poll direction: 0 10 -0 -0 -0 0 0
                            Scaled and mesh projected poll direction: -0 -10 0 0 0 -0 -0
                            Scaled and mesh projected poll direction: 2 -0 10 -2 -0 2 1
                            Scaled and mesh projected poll direction: -2 0 -10 2 0 -2 -1
                            Scaled and mesh projected poll direction: 10 -0 -3 6 -1 10 8
                            Scaled and mesh projected poll direction: -10 0 3 -6 1 -10 -8
                            Scaled and mesh projected poll direction: 1 -0 -0 -1 10 0 0
                            Scaled and mesh projected poll direction: -1 0 0 1 -10 -0 -0
                            Scaled and mesh projected poll direction: -9 0 3 10 1 9 -7
                            Scaled and mesh projected poll direction: 9 -0 -3 -10 -1 -9 7
                            Scaled and mesh projected poll direction: -6 0 2 6 1 -5 10
                            Scaled and mesh projected poll direction: 6 -0 -2 -6 -1 5 -10
                            Frame center: #4 ( 3 6 6 10 4 5 2 )	Evaluation OK	 f = 7190                     	 h =   0                      (L2)
                            Point before projection: ( 12 6 9 20 5 -3 -5 )
                            Point after projection:  ( 10 6 9 10 5 0 0 )
                            Generated point: #15 ( 10 6 9 10 5 0 0 )
                            Point before projection: ( -6 6 3 0 3 13 9 )
                            Point after projection:  ( 0 6 3 0 3 10 2 )
                            Generated point: #16 ( 0 6 3 0 3 10 2 )
                            Point before projection: ( 3 16 6 10 4 5 2 )
                            Point after projection:  ( 3 10 6 10 4 5 2 )
                            Generated point: #17 ( 3 10 6 10 4 5 2 )
                            Point before projection: ( 3 -4 6 10 4 5 2 )
                            Point after projection:  ( 3 0 6 10 4 5 2 )
                            Generated point: #18 ( 3 0 6 10 4 5 2 )
                            Point before projection: ( 5 6 16 8 4 7 3 )
                            Point after projection:  ( 5 6 10 8 4 7 2 )
                            Generated point: #19 ( 5 6 10 8 4 7 2 )
                            Point before projection: ( 1 6 -4 12 4 3 1 )
                            Point after projection:  ( 1 6 0 10 4 3 1 )
                            Generated point: #20 ( 1 6 0 10 4 3 1 )
                            Point before projection: ( 13 6 3 16 3 15 10 )
                            Point after projection:  ( 10 6 3 10 3 10 2 )
                            Generated point: #21 ( 10 6 3 10 3 10 2 )
                            Point before projection: ( -7 6 9 4 5 -5 -6 )
                            Point after projection:  ( 0 6 9 4 5 0 0 )
                            Generated point: #22 ( 0 6 9 4 5 0 0 )
                            Point before projection: ( 4 6 6 9 14 5 2 )
                            Point after projection:  ( 4 6 6 9 10 5 2 )
                            Generated point: #23 ( 4 6 6 9 10 5 2 )
                            Point before projection: ( 2 6 6 11 -6 5 2 )
                            Point after projection:  ( 2 6 6 10 0 5 2 )
                            Generated point: #24 ( 2 6 6 10 0 5 2 )
                            Point before projection: ( -6 6 9 20 5 14 -5 )
                            Point after projection:  ( 0 6 9 10 5 10 0 )
                            Generated point: #25 ( 0 6 9 10 5 10 0 )
                            Point before projection: ( 12 6 3 0 3 -4 9 )
                            Point after projection:  ( 10 6 3 0 3 0 2 )
                            Generated point: #26 ( 10 6 3 0 3 0 2 )
                            Point before projection: ( -3 6 8 16 5 0 12 )
                            Point after projection:  ( 0 6 8 10 5 0 2 )
                            Generated point: #27 ( 0 6 8 10 5 0 2 )
                            Point before projection: ( 9 6 4 4 3 10 -8 )
                            Point after projection:  ( 9 6 4 4 3 10 0 )
                            Generated point: #28 ( 9 6 4 4 3 10 0 )
                            Generated 14 points
                        } Generate  first pass trial points for Ortho N+1 Neg Poll Method
                        Generated 14 points
                    } Generate points for Ortho N+1 Neg Poll Method
                    Number of trial points before sort and reduction to form a basis: 14
                    Sort trial points for step Ortho N+1 Neg Poll Method {
                        14 points added
                        New point added for sorting: #16 ( 0 6 3 0 3 10 2 )
                        New point added for sorting: #27 ( 0 6 8 10 5 0 2 )
                        New point added for sorting: #22 ( 0 6 9 4 5 0 0 )
                        New point added for sorting: #25 ( 0 6 9 10 5 10 0 )
                        New point added for sorting: #20 ( 1 6 0 10 4 3 1 )
                        New point added for sorting: #24 ( 2 6 6 10 0 5 2 )
                        New point added for sorting: #18 ( 3 0 6 10 4 5 2 )
                        New point added for sorting: #17 ( 3 10 6 10 4 5 2 )
                        New point added for sorting: #23 ( 4 6 6 9 10 5 2 )
                        New point added for sorting: #19 ( 5 6 10 8 4 7 2 )
                        New point added for sorting: #28 ( 9 6 4 4 3 10 0 )
                        New point added for sorting: #26 ( 10 6 3 0 3 0 2 )
                        New point added for sorting: #21 ( 10 6 3 10 3 10 2 )
                        New point added for sorting: #15 ( 10 6 9 10 5 0 0 )
                        Trial points sorted, before trim: 14 after trim: 14
                         Model eval missing for: #16 ( 0 6 3 0 3 10 2 )
                        Sort using OrderByDirection
                        Evaluation points before sort:
                        	#15 ( 10 6 9 10 5 0 0 )
                        	#21 ( 10 6 3 10 3 10 2 )
                        	#26 ( 10 6 3 0 3 0 2 )
                        	#28 ( 9 6 4 4 3 10 0 )
                        	#19 ( 5 6 10 8 4 7 2 )
                        	#23 ( 4 6 6 9 10 5 2 )
                        	#17 ( 3 10 6 10 4 5 2 )
                        	#18 ( 3 0 6 10 4 5 2 )
                        	#24 ( 2 6 6 10 0 5 2 )
                        	#20 ( 1 6 0 10 4 3 1 )
                        	#25 ( 0 6 9 10 5 10 0 )
                        	#22 ( 0 6 9 4 5 0 0 )
                        	#27 ( 0 6 8 10 5 0 2 )
                        	#16 ( 0 6 3 0 3 10 2 )
                        Evaluation points after sort:
                        	#27 ( 0 6 8 10 5 0 2 )
                        	#18 ( 3 0 6 10 4 5 2 )
                        	#15 ( 10 6 9 10 5 0 0 )
                        	#22 ( 0 6 9 4 5 0 0 )
                        	#24 ( 2 6 6 10 0 5 2 )
                        	#23 ( 4 6 6 9 10 5 2 )
                        	#19 ( 5 6 10 8 4 7 2 )
                        	#20 ( 1 6 0 10 4 3 1 )
                        	#26 ( 10 6 3 0 3 0 2 )
                        	#25 ( 0 6 9 10 5 10 0 )
                        	#17 ( 3 10 6 10 4 5 2 )
                        	#21 ( 10 6 3 10 3 10 2 )
                        	#16 ( 0 6 3 0 3 10 2 )
                        	#28 ( 9 6 4 4 3 10 0 )
                    } Sort trial points for step Ortho N+1 Neg Poll Method
                    Number of trial points after reduction to form a basis: 7
                    Point already in cache (but not BB evaluated): #27 ( 0 6 8 10 5 0 2 )
                    Point already in cache (but not BB evaluated): #22 ( 0 6 9 4 5 0 0 )
                    Point already in cache (but not BB evaluated): #24 ( 2 6 6 10 0 5 2 )
                    Point already in cache (but not BB evaluated): #18 ( 3 0 6 10 4 5 2 )
                    Point already in cache (but not BB evaluated): #23 ( 4 6 6 9 10 5 2 )
                    Point already in cache (but not BB evaluated): #19 ( 5 6 10 8 4 7 2 )
                    Point already in cache (but not BB evaluated): #15 ( 10 6 9 10 5 0 0 )
                    Number of points for step Poll of eval type BB that would need eval: 7
                    Add points (full space) to eval queue for step Poll {
                        7 points added
                        Point already in cache (but not BB evaluated): #27 ( 0 6 8 10 5 0 2 )
                        New point added to eval queue: #27 ( 0 6 8 10 5 0 2 )
                        Point already in cache (but not BB evaluated): #22 ( 0 6 9 4 5 0 0 )
                        New point added to eval queue: #22 ( 0 6 9 4 5 0 0 )
                        Point already in cache (but not BB evaluated): #24 ( 2 6 6 10 0 5 2 )
                        New point added to eval queue: #24 ( 2 6 6 10 0 5 2 )
                        Point already in cache (but not BB evaluated): #18 ( 3 0 6 10 4 5 2 )
                        New point added to eval queue: #18 ( 3 0 6 10 4 5 2 )
                        Point already in cache (but not BB evaluated): #23 ( 4 6 6 9 10 5 2 )
                        New point added to eval queue: #23 ( 4 6 6 9 10 5 2 )
                        Point already in cache (but not BB evaluated): #19 ( 5 6 10 8 4 7 2 )
                        New point added to eval queue: #19 ( 5 6 10 8 4 7 2 )
                        Point already in cache (but not BB evaluated): #15 ( 10 6 9 10 5 0 0 )
                        New point added to eval queue: #15 ( 10 6 9 10 5 0 0 )
                        Eval queue now has 7 points.
                    } Add points (full space) to eval queue for step Poll
                    Evaluate points (full space) for Poll {
                        Start evaluation. Opportunism = false, UseCache = true, Barrier
                        X_FEAS #4 ( 3 6 6 10 4 5 2 )	(BB - Evaluation OK	 f = 7190       	 h =   0        (L2))
                        H_MAX inf
                        Ref Best Feasible:   #4 ( 3 6 6 10 4 5 2 )	(BB - Evaluation OK	 f = 7190       	 h =   0        (L2))
                        Ref Best Infeasible: NULL
                        After blocks generation: 7 blocks
                        Parallel eval thread = 0 
Algo thread = 0 

                        Start evaluation of block of 1 points.
                        BB evaluation done for #27 ( 0 6 8 10 5 0 2 )	(BB - Evaluation OK	 f =   0       	 h = inf (L2)). Success found: Failure
9	(   0   6   8  10   5   0   2 )	    0 inf  10  10  10  10  10  10  10   1   1   1   1   1   1   1
                        Parallel eval thread = 0 
Algo thread = 0 

                        Start evaluation of block of 1 points.
                        BB evaluation done for #22 ( 0 6 9 4 5 0 0 )	(BB - Evaluation OK	 f =   0       	 h = inf (L2)). Success found: Failure
10	(   0   6   9   4   5   0   0 )	    0 inf  10  10  10  10  10  10  10   1   1   1   1   1   1   1
                        Parallel eval thread = 0 
Algo thread = 0 

                        Start evaluation of block of 1 points.
                        BB evaluation done for #24 ( 2 6 6 10 0 5 2 )	(BB - Evaluation OK	 f =   0       	 h = inf (L2)). Success found: Failure
11	(   2   6   6  10   0   5   2 )	    0 inf  10  10  10  10  10  10  10   1   1   1   1   1   1   1
                        Parallel eval thread = 0 
Algo thread = 0 

                        Start evaluation of block of 1 points.
                        BB evaluation done for #18 ( 3 0 6 10 4 5 2 )	(BB - Evaluation OK	 f =   0       	 h = inf (L2)). Success found: Failure
12	(   3   0   6  10   4   5   2 )	    0 inf  10  10  10  10  10  10  10   1   1   1   1   1   1   1
                        Parallel eval thread = 0 
Algo thread = 0 

                        Start evaluation of block of 1 points.
                        BB evaluation done for #23 ( 4 6 6 9 10 5 2 )	(BB - Evaluation OK	 f =   0       	 h = inf (L2)). Success found: Failure
13	(   4   6   6   9  10   5   2 )	    0 inf  10  10  10  10  10  10  10   1   1   1   1   1   1   1
                        Parallel eval thread = 0 
Algo thread = 0 

                        Start evaluation of block of 1 points.
                        BB evaluation done for #19 ( 5 6 10 8 4 7 2 )	(BB - Evaluation OK	 f =   0       	 h = inf (L2)). Success found: Failure
14	(   5   6  10   8   4   7   2 )	    0 inf  10  10  10  10  10  10  10   1   1   1   1   1   1   1
                        Parallel eval thread = 0 
Algo thread = 0 

                        Start evaluation of block of 1 points.
                        BB evaluation done for #15 ( 10 6 9 10 5 0 0 )	(BB - Evaluation OK	 f =   0       	 h = inf (L2)). Success found: Failure
15	(  10   6   9  10   5   0   0 )	    0 inf  10  10  10  10  10  10  10   1   1   1   1   1   1   1
                        We are done with evaluations.
                        Evaluation is done. Cleared queue of 0 points.
                        EvaluatorControl stop reason (main thread): No more points to evaluate (global): Started (Eval Global)
                        Poll: Failure. Stop reasons: No termination (all).  No more points to evaluate
                    } Evaluate points (full space) for Poll
                    Number of trial points: 7
                    Number of trial points that needed eval: 7
                    Number of evaluated points: 7
                    Generate second pass trial point(s) for Ortho N+1 Neg Poll Method {
                        Scaled and mesh projected poll direction: -3 6 -12 9 -5 13 4
                        Frame center: #4 ( 3 6 6 10 4 5 2 )	Evaluation OK	 f = 7190                     	 h =   0                      (L2)
                        Point before projection: ( 0 12 -6 19 -1 18 6 )
                        Point after projection:  ( 0 10 0 10 0 10 2 )
                        Generated point: #29 ( 0 10 0 10 0 10 2 )
                        Generated 1 points
                    } Generate second pass trial point(s) for Ortho N+1 Neg Poll Method
                    Add points (full space) to eval queue for step Poll {
                        1 points added
                        New point added to eval queue: #29 ( 0 10 0 10 0 10 2 )
                        Eval queue now has 1 points.
                    } Add points (full space) to eval queue for step Poll
                    Evaluate points (full space) for Poll {
                        Start evaluation. Opportunism = false, UseCache = true, Barrier
                        X_FEAS #4 ( 3 6 6 10 4 5 2 )	(BB - Evaluation OK	 f = 7190       	 h =   0        (L2))
                        H_MAX inf
                        Ref Best Feasible:   #4 ( 3 6 6 10 4 5 2 )	(BB - Evaluation OK	 f = 7190       	 h =   0        (L2))
                        Ref Best Infeasible: NULL
                        After blocks generation: 1 blocks
                        Parallel eval thread = 0 
Algo thread = 0 

                        Start evaluation of block of 1 points.
                        BB evaluation done for #29 ( 0 10 0 10 0 10 2 )	(BB - Evaluation OK	 f =   0       	 h = inf (L2)). Success found: Failure
16	(   0  10   0  10   0  10   2 )	    0 inf  10  10  10  10  10  10  10   1   1   1   1   1   1   1
                        We are done with evaluations.
                        Evaluation is done. Cleared queue of 0 points.
                        EvaluatorControl stop reason (main thread): No more points to evaluate (global): Started (Eval Global)
                        Poll: Failure. Stop reasons: No termination (all).  No more points to evaluate
                    } Evaluate points (full space) for Poll
                    Number of trial points: 1
                    Number of trial points that needed eval: 1
                    Number of evaluated points: 1
                    Poll is not successful. Stop reason: No termination (all).  No more points to evaluate
                } End step Poll
                Updating barrier with 1 suggested points
                Current barrier: 
                X_FEAS #4 ( 3 6 6 10 4 5 2 )	(BB - Evaluation OK	 f = 7190       	 h =   0        (L2))
                H_MAX inf
                Ref Best Feasible:   #4 ( 3 6 6 10 4 5 2 )	(BB - Evaluation OK	 f = 7190       	 h =   0        (L2))
                Ref Best Infeasible: NULL
                No points added to the barrier
            } End step MADS Iteration 2
            Stop reason: No termination (all).  No more points to evaluate
        } End step MADS MegaIteration 2
        Start step MADS MegaIteration 3 {
            Start step MADS Update {
                Running MADS Update. Barrier: 
                X_FEAS #4 ( 3 6 6 10 4 5 2 )	(BB - Evaluation OK	 f = 7190       	 h =   0        (L2))
                H_MAX inf
                Ref Best Feasible:   #4 ( 3 6 6 10 4 5 2 )	(BB - Evaluation OK	 f = 7190       	 h =   0        (L2))
                Ref Best Infeasible: NULL
                Update: no success found
                New direction (feasible) -1 -2 2 2 0 -3 2
                Last Iteration Unsuccessful. Delta is refined.
                delta mesh  size = 1 1 1 1 1 1 1
                Delta frame size = 5 5 5 5 5 5 5
            } End step MADS Update
            Mesh Stop Reason: No termination (all). 
            Iteration generated:
            MADS Iteration 2
            Mesh size:  1 1 1 1 1 1 1
            Frame size: 5 5 5 5 5 5 5
            Start step MADS Iteration 3 {
                Start step Search {
                    Search methods are all disabled.
                } End step Search
                Start step Poll {
                    Generate points for Poll
                    Generate points for Ortho N+1 Neg Poll Method {
                        Unit sphere direction: -0.762037 0.36564 -0.221985 0.278936 -0.0276342 0.250211 -0.308474
                        Poll direction before scaling and projection on mesh: -0.1614 0.557262 -0.338321 0.425119 -0.0421165 0.38134 -0.470136
                        Poll direction before scaling and projection on mesh: 0.1614 -0.557262 0.338321 -0.425119 0.0421165 -0.38134 0.470136
                        Poll direction before scaling and projection on mesh: 0.557262 0.732615 0.162333 -0.20398 0.0202083 -0.182974 0.22558
                        Poll direction before scaling and projection on mesh: -0.557262 -0.732615 -0.162333 0.20398 -0.0202083 0.182974 -0.22558
                        Poll direction before scaling and projection on mesh: -0.338321 0.162333 0.901446 0.123839 -0.0122687 0.111086 -0.136953
                        Poll direction before scaling and projection on mesh: 0.338321 -0.162333 -0.901446 -0.123839 0.0122687 -0.111086 0.136953
                        Poll direction before scaling and projection on mesh: 0.425119 -0.20398 0.123839 0.844389 0.0154163 -0.139586 0.172089
                        Poll direction before scaling and projection on mesh: -0.425119 0.20398 -0.123839 -0.844389 -0.0154163 0.139586 -0.172089
                        Poll direction before scaling and projection on mesh: -0.0421165 0.0202083 -0.0122687 0.0154163 0.998473 0.0138288 -0.0170488
                        Poll direction before scaling and projection on mesh: 0.0421165 -0.0202083 0.0122687 -0.0154163 -0.998473 -0.0138288 0.0170488
                        Poll direction before scaling and projection on mesh: 0.38134 -0.182974 0.111086 -0.139586 0.0138288 0.874789 0.154367
                        Poll direction before scaling and projection on mesh: -0.38134 0.182974 -0.111086 0.139586 -0.0138288 -0.874789 -0.154367
                        Poll direction before scaling and projection on mesh: -0.470136 0.22558 -0.136953 0.172089 -0.0170488 0.154367 0.809688
                        Poll direction before scaling and projection on mesh: 0.470136 -0.22558 0.136953 -0.172089 0.0170488 -0.154367 -0.809688
                        Generate  first pass trial points for Ortho N+1 Neg Poll Method {
                            Scaled and mesh projected poll direction: -1 5 -3 4 -0 3 -4
                            Scaled and mesh projected poll direction: 1 -5 3 -4 0 -3 4
                            Scaled and mesh projected poll direction: 4 5 1 -1 0 -1 2
                            Scaled and mesh projected poll direction: -4 -5 -1 1 -0 1 -2
                            Scaled and mesh projected poll direction: -2 1 5 1 -0 1 -1
                            Scaled and mesh projected poll direction: 2 -1 -5 -1 0 -1 1
                            Scaled and mesh projected poll direction: 3 -1 1 5 0 -1 1
                            Scaled and mesh projected poll direction: -3 1 -1 -5 -0 1 -1
                            Scaled and mesh projected poll direction: -0 0 -0 0 5 0 -0
                            Scaled and mesh projected poll direction: 0 -0 0 -0 -5 -0 0
                            Scaled and mesh projected poll direction: 2 -1 1 -1 0 5 1
                            Scaled and mesh projected poll direction: -2 1 -1 1 -0 -5 -1
                            Scaled and mesh projected poll direction: -3 1 -1 1 -0 1 5
                            Scaled and mesh projected poll direction: 3 -1 1 -1 0 -1 -5
                            Frame center: #4 ( 3 6 6 10 4 5 2 )	Evaluation OK	 f = 7190                     	 h =   0                      (L2)
                            Point before projection: ( 2 11 3 14 4 8 -2 )
                            Point after projection:  ( 2 10 3 10 4 8 0 )
                            Generated point: #30 ( 2 10 3 10 4 8 0 )
                            Point before projection: ( 4 1 9 6 4 2 6 )
                            Point after projection:  ( 4 1 9 6 4 2 2 )
                            Generated point: #31 ( 4 1 9 6 4 2 2 )
                            Point before projection: ( 7 11 7 9 4 4 4 )
                            Point after projection:  ( 7 10 7 9 4 4 2 )
                            Generated point: #32 ( 7 10 7 9 4 4 2 )
                            Point before projection: ( -1 1 5 11 4 6 0 )
                            Point after projection:  ( 0 1 5 10 4 6 0 )
                            Generated point: #33 ( 0 1 5 10 4 6 0 )
                            Point before projection: ( 1 7 11 11 4 6 1 )
                            Point after projection:  ( 1 7 10 10 4 6 1 )
                            Generated point: #34 ( 1 7 10 10 4 6 1 )
                            Point before projection: ( 5 5 1 9 4 4 3 )
                            Point after projection:  ( 5 5 1 9 4 4 2 )
                            Generated point: #35 ( 5 5 1 9 4 4 2 )
                            Point before projection: ( 6 5 7 15 4 4 3 )
                            Point after projection:  ( 6 5 7 10 4 4 2 )
                            Generated point: #36 ( 6 5 7 10 4 4 2 )
                            Point before projection: ( 0 7 5 5 4 6 1 )
                            Point after projection:  ( 0 7 5 5 4 6 1 )
                            Generated point: #37 ( 0 7 5 5 4 6 1 )
                            Point before projection: ( 3 6 6 10 9 5 2 )
                            Point after projection:  ( 3 6 6 10 9 5 2 )
                            Generated point: #38 ( 3 6 6 10 9 5 2 )
                            Point before projection: ( 3 6 6 10 -1 5 2 )
                            Point after projection:  ( 3 6 6 10 0 5 2 )
                            Generated point: #39 ( 3 6 6 10 0 5 2 )
                            Point before projection: ( 5 5 7 9 4 10 3 )
                            Point after projection:  ( 5 5 7 9 4 10 2 )
                            Generated point: #40 ( 5 5 7 9 4 10 2 )
                            Point before projection: ( 1 7 5 11 4 0 1 )
                            Point after projection:  ( 1 7 5 10 4 0 1 )
                            Generated point: #41 ( 1 7 5 10 4 0 1 )
                            Point before projection: ( 0 7 5 11 4 6 7 )
                            Point after projection:  ( 0 7 5 10 4 6 2 )
                            Generated point: #42 ( 0 7 5 10 4 6 2 )
                            Point before projection: ( 6 5 7 9 4 4 -3 )
                            Point after projection:  ( 6 5 7 9 4 4 0 )
                            Generated point: #43 ( 6 5 7 9 4 4 0 )
                            Generated 14 points
                        } Generate  first pass trial points for Ortho N+1 Neg Poll Method
                        Generated 14 points
                    } Generate points for Ortho N+1 Neg Poll Method
                    Number of trial points before sort and reduction to form a basis: 14
                    Sort trial points for step Ortho N+1 Neg Poll Method {
                        14 points added
                        New point added for sorting: #33 ( 0 1 5 10 4 6 0 )
                        New point added for sorting: #37 ( 0 7 5 5 4 6 1 )
                        New point added for sorting: #42 ( 0 7 5 10 4 6 2 )
                        New point added for sorting: #41 ( 1 7 5 10 4 0 1 )
                        New point added for sorting: #34 ( 1 7 10 10 4 6 1 )
                        New point added for sorting: #30 ( 2 10 3 10 4 8 0 )
                        New point added for sorting: #39 ( 3 6 6 10 0 5 2 )
                        New point added for sorting: #38 ( 3 6 6 10 9 5 2 )
                        New point added for sorting: #31 ( 4 1 9 6 4 2 2 )
                        New point added for sorting: #35 ( 5 5 1 9 4 4 2 )
                        New point added for sorting: #40 ( 5 5 7 9 4 10 2 )
                        New point added for sorting: #43 ( 6 5 7 9 4 4 0 )
                        New point added for sorting: #36 ( 6 5 7 10 4 4 2 )
                        New point added for sorting: #32 ( 7 10 7 9 4 4 2 )
                        Trial points sorted, before trim: 14 after trim: 14
                         Model eval missing for: #33 ( 0 1 5 10 4 6 0 )
                        Sort using OrderByDirection
                        Evaluation points before sort:
                        	#32 ( 7 10 7 9 4 4 2 )
                        	#36 ( 6 5 7 10 4 4 2 )
                        	#43 ( 6 5 7 9 4 4 0 )
                        	#40 ( 5 5 7 9 4 10 2 )
                        	#35 ( 5 5 1 9 4 4 2 )
                        	#31 ( 4 1 9 6 4 2 2 )
                        	#38 ( 3 6 6 10 9 5 2 )
                        	#39 ( 3 6 6 10 0 5 2 )
                        	#30 ( 2 10 3 10 4 8 0 )
                        	#34 ( 1 7 10 10 4 6 1 )
                        	#41 ( 1 7 5 10 4 0 1 )
                        	#42 ( 0 7 5 10 4 6 2 )
                        	#37 ( 0 7 5 5 4 6 1 )
                        	#33 ( 0 1 5 10 4 6 0 )
                        Evaluation points after sort:
                        	#31 ( 4 1 9 6 4 2 2 )
                        	#41 ( 1 7 5 10 4 0 1 )
                        	#36 ( 6 5 7 10 4 4 2 )
                        	#33 ( 0 1 5 10 4 6 0 )
                        	#34 ( 1 7 10 10 4 6 1 )
                        	#38 ( 3 6 6 10 9 5 2 )
                        	#39 ( 3 6 6 10 0 5 2 )
                        	#43 ( 6 5 7 9 4 4 0 )
                        	#42 ( 0 7 5 10 4 6 2 )
                        	#32 ( 7 10 7 9 4 4 2 )
                        	#35 ( 5 5 1 9 4 4 2 )
                        	#37 ( 0 7 5 5 4 6 1 )
                        	#40 ( 5 5 7 9 4 10 2 )
                        	#30 ( 2 10 3 10 4 8 0 )
                    } Sort trial points for step Ortho N+1 Neg Poll Method
                    Number of trial points after reduction to form a basis: 7
                    Point already in cache (but not BB evaluated): #33 ( 0 1 5 10 4 6 0 )
                    Point already in cache (but not BB evaluated): #41 ( 1 7 5 10 4 0 1 )
                    Point already in cache (but not BB evaluated): #34 ( 1 7 10 10 4 6 1 )
                    Point already in cache (but not BB evaluated): #38 ( 3 6 6 10 9 5 2 )
                    Point already in cache (but not BB evaluated): #31 ( 4 1 9 6 4 2 2 )
                    Point already in cache (but not BB evaluated): #43 ( 6 5 7 9 4 4 0 )
                    Point already in cache (but not BB evaluated): #36 ( 6 5 7 10 4 4 2 )
                    Number of points for step Poll of eval type BB that would need eval: 7
                    Add points (full space) to eval queue for step Poll {
                        7 points added
                        Point already in cache (but not BB evaluated): #33 ( 0 1 5 10 4 6 0 )
                        New point added to eval queue: #33 ( 0 1 5 10 4 6 0 )
                        Point already in cache (but not BB evaluated): #41 ( 1 7 5 10 4 0 1 )
                        New point added to eval queue: #41 ( 1 7 5 10 4 0 1 )
                        Point already in cache (but not BB evaluated): #34 ( 1 7 10 10 4 6 1 )
                        New point added to eval queue: #34 ( 1 7 10 10 4 6 1 )
                        Point already in cache (but not BB evaluated): #38 ( 3 6 6 10 9 5 2 )
                        New point added to eval queue: #38 ( 3 6 6 10 9 5 2 )
                        Point already in cache (but not BB evaluated): #31 ( 4 1 9 6 4 2 2 )
                        New point added to eval queue: #31 ( 4 1 9 6 4 2 2 )
                        Point already in cache (but not BB evaluated): #43 ( 6 5 7 9 4 4 0 )
                        New point added to eval queue: #43 ( 6 5 7 9 4 4 0 )
                        Point already in cache (but not BB evaluated): #36 ( 6 5 7 10 4 4 2 )
                        New point added to eval queue: #36 ( 6 5 7 10 4 4 2 )
                        Eval queue now has 7 points.
                    } Add points (full space) to eval queue for step Poll
                    Evaluate points (full space) for Poll {
                        Start evaluation. Opportunism = false, UseCache = true, Barrier
                        X_FEAS #4 ( 3 6 6 10 4 5 2 )	(BB - Evaluation OK	 f = 7190       	 h =   0        (L2))
                        H_MAX inf
                        Ref Best Feasible:   #4 ( 3 6 6 10 4 5 2 )	(BB - Evaluation OK	 f = 7190       	 h =   0        (L2))
                        Ref Best Infeasible: NULL
                        After blocks generation: 7 blocks
                        Parallel eval thread = 0 
Algo thread = 0 

                        Start evaluation of block of 1 points.
                        BB evaluation done for #33 ( 0 1 5 10 4 6 0 )	(BB - Evaluation OK	 f =   0       	 h = inf (L2)). Success found: Failure
17	(   0   1   5  10   4   6   0 )	    0 inf   5   5   5   5   5   5   5   1   1   1   1   1   1   1
                        Parallel eval thread = 0 
Algo thread = 0 

                        Start evaluation of block of 1 points.
                        BB evaluation done for #41 ( 1 7 5 10 4 0 1 )	(BB - Evaluation OK	 f =   0       	 h = inf (L2)). Success found: Failure
18	(   1   7   5  10   4   0   1 )	    0 inf   5   5   5   5   5   5   5   1   1   1   1   1   1   1
                        Parallel eval thread = 0 
Algo thread = 0 

                        Start evaluation of block of 1 points.
                        BB evaluation done for #34 ( 1 7 10 10 4 6 1 )	(BB - Evaluation OK	 f =   0       	 h = inf (L2)). Success found: Failure
19	(   1   7  10  10   4   6   1 )	    0 inf   5   5   5   5   5   5   5   1   1   1   1   1   1   1
                        Parallel eval thread = 0 
Algo thread = 0 

                        Start evaluation of block of 1 points.
                        BB evaluation done for #38 ( 3 6 6 10 9 5 2 )	(BB - Evaluation OK	 f =   0       	 h = inf (L2)). Success found: Failure
20	(   3   6   6  10   9   5   2 )	    0 inf   5   5   5   5   5   5   5   1   1   1   1   1   1   1
                        Parallel eval thread = 0 
Algo thread = 0 

                        Start evaluation of block of 1 points.
                        BB evaluation done for #31 ( 4 1 9 6 4 2 2 )	(BB - Evaluation OK	 f =   0       	 h = inf (L2)). Success found: Failure
21	(   4   1   9   6   4   2   2 )	    0 inf   5   5   5   5   5   5   5   1   1   1   1   1   1   1
                        Parallel eval thread = 0 
Algo thread = 0 

                        Start evaluation of block of 1 points.
                        BB evaluation done for #43 ( 6 5 7 9 4 4 0 )	(BB - Evaluation OK	 f =   0       	 h = inf (L2)). Success found: Failure
22	(   6   5   7   9   4   4   0 )	    0 inf   5   5   5   5   5   5   5   1   1   1   1   1   1   1
                        Parallel eval thread = 0 
Algo thread = 0 

                        Start evaluation of block of 1 points.
                        BB evaluation done for #36 ( 6 5 7 10 4 4 2 )	(BB - Evaluation OK	 f =   0       	 h = inf (L2)). Success found: Failure
23	(   6   5   7  10   4   4   2 )	    0 inf   5   5   5   5   5   5   5   1   1   1   1   1   1   1
                        We are done with evaluations.
                        Evaluation is done. Cleared queue of 0 points.
                        EvaluatorControl stop reason (main thread): No more points to evaluate (global): Started (Eval Global)
                        Poll: Failure. Stop reasons: No termination (all).  No more points to evaluate
                    } Evaluate points (full space) for Poll
                    Number of trial points: 7
                    Number of trial points that needed eval: 7
                    Number of evaluated points: 7
                    Generate second pass trial point(s) for Ortho N+1 Neg Poll Method {
                        Scaled and mesh projected poll direction: 0 10 -7 5 -5 8 6
                        Frame center: #4 ( 3 6 6 10 4 5 2 )	Evaluation OK	 f = 7190                     	 h =   0                      (L2)
                        Point before projection: ( 3 16 -1 15 -1 13 8 )
                        Point after projection:  ( 3 10 0 10 0 10 2 )
                        Generated point: #44 ( 3 10 0 10 0 10 2 )
                        Generated 1 points
                    } Generate second pass trial point(s) for Ortho N+1 Neg Poll Method
                    Add points (full space) to eval queue for step Poll {
                        1 points added
                        New point added to eval queue: #44 ( 3 10 0 10 0 10 2 )
                        Eval queue now has 1 points.
                    } Add points (full space) to eval queue for step Poll
                    Evaluate points (full space) for Poll {
                        Start evaluation. Opportunism = false, UseCache = true, Barrier
                        X_FEAS #4 ( 3 6 6 10 4 5 2 )	(BB - Evaluation OK	 f = 7190       	 h =   0        (L2))
                        H_MAX inf
                        Ref Best Feasible:   #4 ( 3 6 6 10 4 5 2 )	(BB - Evaluation OK	 f = 7190       	 h =   0        (L2))
                        Ref Best Infeasible: NULL
                        After blocks generation: 1 blocks
                        Parallel eval thread = 0 
Algo thread = 0 

                        Start evaluation of block of 1 points.
                        BB evaluation done for #44 ( 3 10 0 10 0 10 2 )	(BB - Evaluation OK	 f =   0       	 h = inf (L2)). Success found: Failure
24	(   3  10   0  10   0  10   2 )	    0 inf   5   5   5   5   5   5   5   1   1   1   1   1   1   1
                        We are done with evaluations.
                        Evaluation is done. Cleared queue of 0 points.
                        EvaluatorControl stop reason (main thread): No more points to evaluate (global): Started (Eval Global)
                        Poll: Failure. Stop reasons: No termination (all).  No more points to evaluate
                    } Evaluate points (full space) for Poll
                    Number of trial points: 1
                    Number of trial points that needed eval: 1
                    Number of evaluated points: 1
                    Poll is not successful. Stop reason: No termination (all).  No more points to evaluate
                } End step Poll
                Updating barrier with 1 suggested points
                Current barrier: 
                X_FEAS #4 ( 3 6 6 10 4 5 2 )	(BB - Evaluation OK	 f = 7190       	 h =   0        (L2))
                H_MAX inf
                Ref Best Feasible:   #4 ( 3 6 6 10 4 5 2 )	(BB - Evaluation OK	 f = 7190       	 h =   0        (L2))
                Ref Best Infeasible: NULL
                No points added to the barrier
            } End step MADS Iteration 3
            Stop reason: No termination (all).  No more points to evaluate
        } End step MADS MegaIteration 3
        Start step MADS MegaIteration 4 {
            Start step MADS Update {
                Running MADS Update. Barrier: 
                X_FEAS #4 ( 3 6 6 10 4 5 2 )	(BB - Evaluation OK	 f = 7190       	 h =   0        (L2))
                H_MAX inf
                Ref Best Feasible:   #4 ( 3 6 6 10 4 5 2 )	(BB - Evaluation OK	 f = 7190       	 h =   0        (L2))
                Ref Best Infeasible: NULL
                Update: no success found
                New direction (feasible) -1 -2 2 2 0 -3 2
                Last Iteration Unsuccessful. Delta is refined.
                delta mesh  size = 1 1 1 1 1 1 1
                Delta frame size = 2 2 2 2 2 2 2
            } End step MADS Update
            Mesh Stop Reason: No termination (all). 
            Iteration generated:
            MADS Iteration 3
            Mesh size:  1 1 1 1 1 1 1
            Frame size: 2 2 2 2 2 2 2
            Start step MADS Iteration 4 {
                Start step Search {
                    Search methods are all disabled.
                } End step Search
                Start step Poll {
                    Generate points for Poll
                    Generate points for Ortho N+1 Neg Poll Method {
                        Unit sphere direction: 0.22697 -0.180221 0.648346 -0.165261 -0.374729 -0.338888 -0.461599
                        Poll direction before scaling and projection on mesh: 0.896969 0.0818096 -0.294311 0.0750187 0.170105 0.153835 0.209539
                        Poll direction before scaling and projection on mesh: -0.896969 -0.0818096 0.294311 -0.0750187 -0.170105 -0.153835 -0.209539
                        Poll direction before scaling and projection on mesh: 0.0818096 0.935041 0.233691 -0.0595669 -0.135068 -0.122149 -0.16638
                        Poll direction before scaling and projection on mesh: -0.0818096 -0.935041 -0.233691 0.0595669 0.135068 0.122149 0.16638
                        Poll direction before scaling and projection on mesh: -0.294311 0.233691 0.159294 0.214293 0.485908 0.439434 0.598552
                        Poll direction before scaling and projection on mesh: 0.294311 -0.233691 -0.159294 -0.214293 -0.485908 -0.439434 -0.598552
                        Poll direction before scaling and projection on mesh: 0.0750187 -0.0595669 0.214293 0.945378 -0.123856 -0.11201 -0.152569
                        Poll direction before scaling and projection on mesh: -0.0750187 0.0595669 -0.214293 -0.945378 0.123856 0.11201 0.152569
                        Poll direction before scaling and projection on mesh: 0.170105 -0.135068 0.485908 -0.123856 0.719157 -0.253982 -0.345949
                        Poll direction before scaling and projection on mesh: -0.170105 0.135068 -0.485908 0.123856 -0.719157 0.253982 0.345949
                        Poll direction before scaling and projection on mesh: 0.153835 -0.122149 0.439434 -0.11201 -0.253982 0.77031 -0.312861
                        Poll direction before scaling and projection on mesh: -0.153835 0.122149 -0.439434 0.11201 0.253982 -0.77031 0.312861
                        Poll direction before scaling and projection on mesh: 0.209539 -0.16638 0.598552 -0.152569 -0.345949 -0.312861 0.573852
                        Poll direction before scaling and projection on mesh: -0.209539 0.16638 -0.598552 0.152569 0.345949 0.312861 -0.573852
                        Generate  first pass trial points for Ortho N+1 Neg Poll Method {
                            Scaled and mesh projected poll direction: 2 0 -1 0 0 0 0
                            Scaled and mesh projected poll direction: -2 -0 1 -0 -0 -0 -0
                            Scaled and mesh projected poll direction: 0 2 0 -0 -0 -0 -0
                            Scaled and mesh projected poll direction: -0 -2 -0 0 0 0 0
                            Scaled and mesh projected poll direction: -1 1 1 1 2 1 2
                            Scaled and mesh projected poll direction: 1 -1 -1 -1 -2 -1 -2
                            Scaled and mesh projected poll direction: 0 -0 0 2 -0 -0 -0
                            Scaled and mesh projected poll direction: -0 0 -0 -2 0 0 0
                            Scaled and mesh projected poll direction: 0 -0 1 -0 2 -1 -1
                            Scaled and mesh projected poll direction: -0 0 -1 0 -2 1 1
                            Scaled and mesh projected poll direction: 0 -0 1 -0 -1 2 -1
                            Scaled and mesh projected poll direction: -0 0 -1 0 1 -2 1
                            Scaled and mesh projected poll direction: 1 -1 2 -1 -1 -1 2
                            Scaled and mesh projected poll direction: -1 1 -2 1 1 1 -2
                            Frame center: #4 ( 3 6 6 10 4 5 2 )	Evaluation OK	 f = 7190                     	 h =   0                      (L2)
                            Point before projection: ( 5 6 5 10 4 5 2 )
                            Point after projection:  ( 5 6 5 10 4 5 2 )
                            Generated point: #45 ( 5 6 5 10 4 5 2 )
                            Point before projection: ( 1 6 7 10 4 5 2 )
                            Point after projection:  ( 1 6 7 10 4 5 2 )
                            Generated point: #46 ( 1 6 7 10 4 5 2 )
                            Point before projection: ( 3 8 6 10 4 5 2 )
                            Point after projection:  ( 3 8 6 10 4 5 2 )
                            Generated point: #47 ( 3 8 6 10 4 5 2 )
                            Point before projection: ( 3 4 6 10 4 5 2 )
                            Point after projection:  ( 3 4 6 10 4 5 2 )
                            Generated point: #48 ( 3 4 6 10 4 5 2 )
                            Point before projection: ( 2 7 7 11 6 6 4 )
                            Point after projection:  ( 2 7 7 10 6 6 2 )
                            Generated point: #49 ( 2 7 7 10 6 6 2 )
                            Point before projection: ( 4 5 5 9 2 4 0 )
                            Point after projection:  ( 4 5 5 9 2 4 0 )
                            Generated point: #50 ( 4 5 5 9 2 4 0 )
                            Point before projection: ( 3 6 6 12 4 5 2 )
                            Point after projection:  ( 3 6 6 10 4 5 2 )
                            Generated point not inserted (equal to frame center): ( 3 6 6 10 4 5 2 )
                            Point before projection: ( 3 6 6 8 4 5 2 )
                            Point after projection:  ( 3 6 6 8 4 5 2 )
                            Generated point: #51 ( 3 6 6 8 4 5 2 )
                            Point before projection: ( 3 6 7 10 6 4 1 )
                            Point after projection:  ( 3 6 7 10 6 4 1 )
                            Generated point: #52 ( 3 6 7 10 6 4 1 )
                            Point before projection: ( 3 6 5 10 2 6 3 )
                            Point after projection:  ( 3 6 5 10 2 6 2 )
                            Generated point: #53 ( 3 6 5 10 2 6 2 )
                            Point before projection: ( 3 6 7 10 3 7 1 )
                            Point after projection:  ( 3 6 7 10 3 7 1 )
                            Generated point: #54 ( 3 6 7 10 3 7 1 )
                            Point before projection: ( 3 6 5 10 5 3 3 )
                            Point after projection:  ( 3 6 5 10 5 3 2 )
                            Generated point: #55 ( 3 6 5 10 5 3 2 )
                            Point before projection: ( 4 5 8 9 3 4 4 )
                            Point after projection:  ( 4 5 8 9 3 4 2 )
                            Generated point: #56 ( 4 5 8 9 3 4 2 )
                            Point before projection: ( 2 7 4 11 5 6 0 )
                            Point after projection:  ( 2 7 4 10 5 6 0 )
                            Generated point: #57 ( 2 7 4 10 5 6 0 )
                            Generated 13 points
                        } Generate  first pass trial points for Ortho N+1 Neg Poll Method
                        Generated 13 points
                    } Generate points for Ortho N+1 Neg Poll Method
                    Number of trial points before sort and reduction to form a basis: 13
                    Sort trial points for step Ortho N+1 Neg Poll Method {
                        13 points added
                        New point added for sorting: #46 ( 1 6 7 10 4 5 2 )
                        New point added for sorting: #57 ( 2 7 4 10 5 6 0 )
                        New point added for sorting: #49 ( 2 7 7 10 6 6 2 )
                        New point added for sorting: #48 ( 3 4 6 10 4 5 2 )
                        New point added for sorting: #53 ( 3 6 5 10 2 6 2 )
                        New point added for sorting: #55 ( 3 6 5 10 5 3 2 )
                        New point added for sorting: #51 ( 3 6 6 8 4 5 2 )
                        New point added for sorting: #54 ( 3 6 7 10 3 7 1 )
                        New point added for sorting: #52 ( 3 6 7 10 6 4 1 )
                        New point added for sorting: #47 ( 3 8 6 10 4 5 2 )
                        New point added for sorting: #50 ( 4 5 5 9 2 4 0 )
                        New point added for sorting: #56 ( 4 5 8 9 3 4 2 )
                        New point added for sorting: #45 ( 5 6 5 10 4 5 2 )
                        Trial points sorted, before trim: 13 after trim: 13
                         Model eval missing for: #46 ( 1 6 7 10 4 5 2 )
                        Sort using OrderByDirection
                        Evaluation points before sort:
                        	#45 ( 5 6 5 10 4 5 2 )
                        	#56 ( 4 5 8 9 3 4 2 )
                        	#50 ( 4 5 5 9 2 4 0 )
                        	#47 ( 3 8 6 10 4 5 2 )
                        	#52 ( 3 6 7 10 6 4 1 )
                        	#54 ( 3 6 7 10 3 7 1 )
                        	#51 ( 3 6 6 8 4 5 2 )
                        	#55 ( 3 6 5 10 5 3 2 )
                        	#53 ( 3 6 5 10 2 6 2 )
                        	#48 ( 3 4 6 10 4 5 2 )
                        	#49 ( 2 7 7 10 6 6 2 )
                        	#57 ( 2 7 4 10 5 6 0 )
                        	#46 ( 1 6 7 10 4 5 2 )
                        Evaluation points after sort:
                        	#48 ( 3 4 6 10 4 5 2 )
                        	#56 ( 4 5 8 9 3 4 2 )
                        	#46 ( 1 6 7 10 4 5 2 )
                        	#55 ( 3 6 5 10 5 3 2 )
                        	#52 ( 3 6 7 10 6 4 1 )
                        	#49 ( 2 7 7 10 6 6 2 )
                        	#50 ( 4 5 5 9 2 4 0 )
                        	#45 ( 5 6 5 10 4 5 2 )
                        	#47 ( 3 8 6 10 4 5 2 )
                        	#51 ( 3 6 6 8 4 5 2 )
                        	#53 ( 3 6 5 10 2 6 2 )
                        	#54 ( 3 6 7 10 3 7 1 )
                        	#57 ( 2 7 4 10 5 6 0 )
                    } Sort trial points for step Ortho N+1 Neg Poll Method
                    Number of trial points after reduction to form a basis: 7
                    Point already in cache (but not BB evaluated): #46 ( 1 6 7 10 4 5 2 )
                    Point already in cache (but not BB evaluated): #49 ( 2 7 7 10 6 6 2 )
                    Point already in cache (but not BB evaluated): #48 ( 3 4 6 10 4 5 2 )
                    Point already in cache (but not BB evaluated): #55 ( 3 6 5 10 5 3 2 )
                    Point already in cache (but not BB evaluated): #52 ( 3 6 7 10 6 4 1 )
                    Point already in cache (but not BB evaluated): #50 ( 4 5 5 9 2 4 0 )
                    Point already in cache (but not BB evaluated): #56 ( 4 5 8 9 3 4 2 )
                    Number of points for step Poll of eval type BB that would need eval: 7
                    Add points (full space) to eval queue for step Poll {
                        7 points added
                        Point already in cache (but not BB evaluated): #46 ( 1 6 7 10 4 5 2 )
                        New point added to eval queue: #46 ( 1 6 7 10 4 5 2 )
                        Point already in cache (but not BB evaluated): #49 ( 2 7 7 10 6 6 2 )
                        New point added to eval queue: #49 ( 2 7 7 10 6 6 2 )
                        Point already in cache (but not BB evaluated): #48 ( 3 4 6 10 4 5 2 )
                        New point added to eval queue: #48 ( 3 4 6 10 4 5 2 )
                        Point already in cache (but not BB evaluated): #55 ( 3 6 5 10 5 3 2 )
                        New point added to eval queue: #55 ( 3 6 5 10 5 3 2 )
                        Point already in cache (but not BB evaluated): #52 ( 3 6 7 10 6 4 1 )
                        New point added to eval queue: #52 ( 3 6 7 10 6 4 1 )
                        Point already in cache (but not BB evaluated): #50 ( 4 5 5 9 2 4 0 )
                        New point added to eval queue: #50 ( 4 5 5 9 2 4 0 )
                        Point already in cache (but not BB evaluated): #56 ( 4 5 8 9 3 4 2 )
                        New point added to eval queue: #56 ( 4 5 8 9 3 4 2 )
                        Eval queue now has 7 points.
                    } Add points (full space) to eval queue for step Poll
                    Evaluate points (full space) for Poll {
                        Start evaluation. Opportunism = false, UseCache = true, Barrier
                        X_FEAS #4 ( 3 6 6 10 4 5 2 )	(BB - Evaluation OK	 f = 7190       	 h =   0        (L2))
                        H_MAX inf
                        Ref Best Feasible:   #4 ( 3 6 6 10 4 5 2 )	(BB - Evaluation OK	 f = 7190       	 h =   0        (L2))
                        Ref Best Infeasible: NULL
                        After blocks generation: 7 blocks
                        Parallel eval thread = 0 
Algo thread = 0 

                        Start evaluation of block of 1 points.
                        BB evaluation done for #46 ( 1 6 7 10 4 5 2 )	(BB - Evaluation OK	 f =   0       	 h = inf (L2)). Success found: Failure
25	(   1   6   7  10   4   5   2 )	    0 inf   2   2   2   2   2   2   2   1   1   1   1   1   1   1
                        Parallel eval thread = 0 
Algo thread = 0 

                        Start evaluation of block of 1 points.
                        BB evaluation done for #49 ( 2 7 7 10 6 6 2 )	(BB - Evaluation OK	 f =   0       	 h = inf (L2)). Success found: Failure
26	(   2   7   7  10   6   6   2 )	    0 inf   2   2   2   2   2   2   2   1   1   1   1   1   1   1
                        Parallel eval thread = 0 
Algo thread = 0 

                        Start evaluation of block of 1 points.
                        BB evaluation done for #48 ( 3 4 6 10 4 5 2 )	(BB - Evaluation OK	 f = 7400       	 h =   0        (L2)). Success found: Failure
27	(   3   4   6  10   4   5   2 )	 7400   0   2   2   2   2   2   2   2   1   1   1   1   1   1   1
                        Parallel eval thread = 0 
Algo thread = 0 

                        Start evaluation of block of 1 points.
                        BB evaluation done for #55 ( 3 6 5 10 5 3 2 )	(BB - Evaluation OK	 f =   0       	 h = inf (L2)). Success found: Failure
28	(   3   6   5  10   5   3   2 )	    0 inf   2   2   2   2   2   2   2   1   1   1   1   1   1   1
                        Parallel eval thread = 0 
Algo thread = 0 

                        Start evaluation of block of 1 points.
                        BB evaluation done for #52 ( 3 6 7 10 6 4 1 )	(BB - Evaluation OK	 f =   0       	 h = inf (L2)). Success found: Failure
29	(   3   6   7  10   6   4   1 )	    0 inf   2   2   2   2   2   2   2   1   1   1   1   1   1   1
                        Parallel eval thread = 0 
Algo thread = 0 

                        Start evaluation of block of 1 points.
                        BB evaluation done for #50 ( 4 5 5 9 2 4 0 )	(BB - Evaluation OK	 f = 6450       	 h =   0        (L2)). Success found: Full success (dominating)
30	(   4   5   5   9   2   4   0 )	 6450   0   2   2   2   2   2   2   2   1   1   1   1   1   1   1
                        Parallel eval thread = 0 
Algo thread = 0 

                        Start evaluation of block of 1 points.
                        BB evaluation done for #56 ( 4 5 8 9 3 4 2 )	(BB - Evaluation OK	 f = 6135       	 h =   0        (L2)). Success found: Full success (dominating)
31	(   4   5   8   9   3   4   2 )	 6135   0   2   2   2   2   2   2   2   1   1   1   1   1   1   1
                        We are done with evaluations.
                        Evaluation is done. Cleared queue of 0 points.
                        EvaluatorControl stop reason (main thread): No more points to evaluate (global): Started (Eval Global)
                        Poll: Full success (dominating). Stop reasons: No termination (all).  No more points to evaluate
                    } Evaluate points (full space) for Poll
                    Number of trial points: 7
                    Number of trial points that needed eval: 7
                    Number of evaluated points: 7
                    Poll is successful. Stop reason: No termination (all).  No more points to evaluate
                } End step Poll
                Updating barrier with 7 suggested points
                Current barrier: 
                X_FEAS #4 ( 3 6 6 10 4 5 2 )	(BB - Evaluation OK	 f = 7190       	 h =   0        (L2))
                H_MAX inf
                Ref Best Feasible:   #4 ( 3 6 6 10 4 5 2 )	(BB - Evaluation OK	 f = 7190       	 h =   0        (L2))
                Ref Best Infeasible: NULL
                Point suggested to update barrier (feasible): #48 ( 3 4 6 10 4 5 2 )	Evaluation OK	 f = 7400                     	 h =   0                      (L2)
                Point inserted in feasible barrier: #48 ( 3 4 6 10 4 5 2 )	Evaluation OK	 f = 7400                     	 h =   0                      (L2)
                Point suggested to update barrier (feasible): #50 ( 4 5 5 9 2 4 0 )	Evaluation OK	 f = 6450                     	 h =   0                      (L2)
                Point inserted in feasible barrier: #50 ( 4 5 5 9 2 4 0 )	Evaluation OK	 f = 6450                     	 h =   0                      (L2)
                Point suggested to update barrier (feasible): #56 ( 4 5 8 9 3 4 2 )	Evaluation OK	 f = 6135                     	 h =   0                      (L2)
                Point inserted in feasible barrier: #56 ( 4 5 8 9 3 4 2 )	Evaluation OK	 f = 6135                     	 h =   0                      (L2)
                New dominating xFeas: #56 ( 4 5 8 9 3 4 2 )	Evaluation OK	 f = 6135                     	 h =   0                      (L2)
                Update incumbent(s) in barrier. New feasible incumbent: #56 ( 4 5 8 9 3 4 2 )	Evaluation OK	 f = 6135                     	 h =   0                      (L2)
            } End step MADS Iteration 4
            Stop reason: No termination (all).  No more points to evaluate
            MADS MegaIteration 4: new success Full success (dominating)
        } End step MADS MegaIteration 4
        Start step MADS MegaIteration 5 {
            Start step MADS Update {
                Running MADS Update. Barrier: 
                X_FEAS #56 ( 4 5 8 9 3 4 2 )	(BB - Evaluation OK	 f = 6135       	 h =   0        (L2))
                H_MAX inf
                Ref Best Feasible:   #4 ( 3 6 6 10 4 5 2 )	(BB - Evaluation OK	 f = 7190       	 h =   0        (L2))
                Ref Best Infeasible: NULL
                Update: improving feasible point
                 from #4 ( 3 6 6 10 4 5 2 )	Evaluation OK	 f = 7190                     	 h =   0                      (L2)
                 to #56 ( 4 5 8 9 3 4 2 )	Evaluation OK	 f = 6135                     	 h =   0                      (L2)
                New direction (feasible) 1 -1 2 -1 -1 -1 0
                Last Iteration Successful. Delta is enlarged.
                delta mesh  size = 1 1 1 1 1 1 1
                Delta frame size = 5 5 5 5 5 5 5
            } End step MADS Update
            Mesh Stop Reason: No termination (all). 
            Iteration generated:
            MADS Iteration 4
            Mesh size:  1 1 1 1 1 1 1
            Frame size: 5 5 5 5 5 5 5
            Start step MADS Iteration 5 {
                Start step Search {
                    Search methods are all disabled.
                } End step Search
                Start step Poll {
                    Generate points for Poll
                    Generate points for Ortho N+1 Neg Poll Method {
                        Unit sphere direction: -0.0316124 -0.203701 -0.845853 -0.121687 0.00386645 0.146365 -0.453646
                        Poll direction before scaling and projection on mesh: 0.998001 -0.012879 -0.0534789 -0.00769365 0.000244456 0.0092539 -0.0286817
                        Poll direction before scaling and projection on mesh: -0.998001 0.012879 0.0534789 0.00769365 -0.000244456 -0.0092539 0.0286817
                        Poll direction before scaling and projection on mesh: -0.012879 0.917012 -0.344602 -0.0495755 0.0015752 0.0596293 -0.184816
                        Poll direction before scaling and projection on mesh: 0.012879 -0.917012 0.344602 0.0495755 -0.0015752 -0.0596293 0.184816
                        Poll direction before scaling and projection on mesh: -0.0534789 -0.344602 -0.430933 -0.205859 0.0065409 0.247606 -0.767435
                        Poll direction before scaling and projection on mesh: 0.0534789 0.344602 0.430933 0.205859 -0.0065409 -0.247606 0.767435
                        Poll direction before scaling and projection on mesh: -0.00769365 -0.0495755 -0.205859 0.970385 0.000940995 0.0356214 -0.110406
                        Poll direction before scaling and projection on mesh: 0.00769365 0.0495755 0.205859 -0.970385 -0.000940995 -0.0356214 0.110406
                        Poll direction before scaling and projection on mesh: 0.000244456 0.0015752 0.0065409 0.000940995 0.99997 -0.00113183 0.003508
                        Poll direction before scaling and projection on mesh: -0.000244456 -0.0015752 -0.0065409 -0.000940995 -0.99997 0.00113183 -0.003508
                        Poll direction before scaling and projection on mesh: 0.0092539 0.0596293 0.247606 0.0356214 -0.00113183 0.957155 0.132796
                        Poll direction before scaling and projection on mesh: -0.0092539 -0.0596293 -0.247606 -0.0356214 0.00113183 -0.957155 -0.132796
                        Poll direction before scaling and projection on mesh: -0.0286817 -0.184816 -0.767435 -0.110406 0.003508 0.132796 0.588411
                        Poll direction before scaling and projection on mesh: 0.0286817 0.184816 0.767435 0.110406 -0.003508 -0.132796 -0.588411
                        Generate  first pass trial points for Ortho N+1 Neg Poll Method {
                            Scaled and mesh projected poll direction: 5 -0 -0 -0 0 0 -0
                            Scaled and mesh projected poll direction: -5 0 0 0 -0 -0 0
                            Scaled and mesh projected poll direction: -0 5 -2 -0 0 0 -1
                            Scaled and mesh projected poll direction: 0 -5 2 0 -0 -0 1
                            Scaled and mesh projected poll direction: -0 -2 -3 -1 0 2 -5
                            Scaled and mesh projected poll direction: 0 2 3 1 -0 -2 5
                            Scaled and mesh projected poll direction: -0 -0 -1 5 0 0 -1
                            Scaled and mesh projected poll direction: 0 0 1 -5 -0 -0 1
                            Scaled and mesh projected poll direction: 0 0 0 0 5 -0 0
                            Scaled and mesh projected poll direction: -0 -0 -0 -0 -5 0 -0
                            Scaled and mesh projected poll direction: 0 0 1 0 -0 5 1
                            Scaled and mesh projected poll direction: -0 -0 -1 -0 0 -5 -1
                            Scaled and mesh projected poll direction: -0 -1 -5 -1 0 1 4
                            Scaled and mesh projected poll direction: 0 1 5 1 -0 -1 -4
                            Frame center: #56 ( 4 5 8 9 3 4 2 )	Evaluation OK	 f = 6135                     	 h =   0                      (L2)
                            Point before projection: ( 9 5 8 9 3 4 2 )
                            Point after projection:  ( 9 5 8 9 3 4 2 )
                            Generated point: #58 ( 9 5 8 9 3 4 2 )
                            Point before projection: ( -1 5 8 9 3 4 2 )
                            Point after projection:  ( 0 5 8 9 3 4 2 )
                            Generated point: #59 ( 0 5 8 9 3 4 2 )
                            Point before projection: ( 4 10 6 9 3 4 1 )
                            Point after projection:  ( 4 10 6 9 3 4 1 )
                            Generated point: #60 ( 4 10 6 9 3 4 1 )
                            Point before projection: ( 4 0 10 9 3 4 3 )
                            Point after projection:  ( 4 0 10 9 3 4 2 )
                            Generated point: #61 ( 4 0 10 9 3 4 2 )
                            Point before projection: ( 4 3 5 8 3 6 -3 )
                            Point after projection:  ( 4 3 5 8 3 6 0 )
                            Generated point: #62 ( 4 3 5 8 3 6 0 )
                            Point before projection: ( 4 7 11 10 3 2 7 )
                            Point after projection:  ( 4 7 10 10 3 2 2 )
                            Generated point: #63 ( 4 7 10 10 3 2 2 )
                            Point before projection: ( 4 5 7 14 3 4 1 )
                            Point after projection:  ( 4 5 7 10 3 4 1 )
                            Generated point: #64 ( 4 5 7 10 3 4 1 )
                            Point before projection: ( 4 5 9 4 3 4 3 )
                            Point after projection:  ( 4 5 9 4 3 4 2 )
                            Generated point: #65 ( 4 5 9 4 3 4 2 )
                            Point before projection: ( 4 5 8 9 8 4 2 )
                            Point after projection:  ( 4 5 8 9 8 4 2 )
                            Generated point: #66 ( 4 5 8 9 8 4 2 )
                            Point before projection: ( 4 5 8 9 -2 4 2 )
                            Point after projection:  ( 4 5 8 9 0 4 2 )
                            Generated point: #67 ( 4 5 8 9 0 4 2 )
                            Point before projection: ( 4 5 9 9 3 9 3 )
                            Point after projection:  ( 4 5 9 9 3 9 2 )
                            Generated point: #68 ( 4 5 9 9 3 9 2 )
                            Point before projection: ( 4 5 7 9 3 -1 1 )
                            Point after projection:  ( 4 5 7 9 3 0 1 )
                            Generated point: #69 ( 4 5 7 9 3 0 1 )
                            Point before projection: ( 4 4 3 8 3 5 6 )
                            Point after projection:  ( 4 4 3 8 3 5 2 )
                            Generated point: #70 ( 4 4 3 8 3 5 2 )
                            Point before projection: ( 4 6 13 10 3 3 -2 )
                            Point after projection:  ( 4 6 10 10 3 3 0 )
                            Generated point: #71 ( 4 6 10 10 3 3 0 )
                            Generated 14 points
                        } Generate  first pass trial points for Ortho N+1 Neg Poll Method
                        Generated 14 points
                    } Generate points for Ortho N+1 Neg Poll Method
                    Number of trial points before sort and reduction to form a basis: 14
                    Sort trial points for step Ortho N+1 Neg Poll Method {
                        14 points added
                        New point added for sorting: #59 ( 0 5 8 9 3 4 2 )
                        New point added for sorting: #61 ( 4 0 10 9 3 4 2 )
                        New point added for sorting: #62 ( 4 3 5 8 3 6 0 )
                        New point added for sorting: #70 ( 4 4 3 8 3 5 2 )
                        New point added for sorting: #69 ( 4 5 7 9 3 0 1 )
                        New point added for sorting: #64 ( 4 5 7 10 3 4 1 )
                        New point added for sorting: #67 ( 4 5 8 9 0 4 2 )
                        New point added for sorting: #66 ( 4 5 8 9 8 4 2 )
                        New point added for sorting: #65 ( 4 5 9 4 3 4 2 )
                        New point added for sorting: #68 ( 4 5 9 9 3 9 2 )
                        New point added for sorting: #71 ( 4 6 10 10 3 3 0 )
                        New point added for sorting: #63 ( 4 7 10 10 3 2 2 )
                        New point added for sorting: #60 ( 4 10 6 9 3 4 1 )
                        New point added for sorting: #58 ( 9 5 8 9 3 4 2 )
                        Trial points sorted, before trim: 14 after trim: 14
                         Model eval missing for: #59 ( 0 5 8 9 3 4 2 )
                        Sort using OrderByDirection
                        Evaluation points before sort:
                        	#58 ( 9 5 8 9 3 4 2 )
                        	#60 ( 4 10 6 9 3 4 1 )
                        	#63 ( 4 7 10 10 3 2 2 )
                        	#71 ( 4 6 10 10 3 3 0 )
                        	#68 ( 4 5 9 9 3 9 2 )
                        	#65 ( 4 5 9 4 3 4 2 )
                        	#66 ( 4 5 8 9 8 4 2 )
                        	#67 ( 4 5 8 9 0 4 2 )
                        	#64 ( 4 5 7 10 3 4 1 )
                        	#69 ( 4 5 7 9 3 0 1 )
                        	#70 ( 4 4 3 8 3 5 2 )
                        	#62 ( 4 3 5 8 3 6 0 )
                        	#61 ( 4 0 10 9 3 4 2 )
                        	#59 ( 0 5 8 9 3 4 2 )
                        Evaluation points after sort:
                        	#61 ( 4 0 10 9 3 4 2 )
                        	#65 ( 4 5 9 4 3 4 2 )
                        	#58 ( 9 5 8 9 3 4 2 )
                        	#67 ( 4 5 8 9 0 4 2 )
                        	#71 ( 4 6 10 10 3 3 0 )
                        	#63 ( 4 7 10 10 3 2 2 )
                        	#69 ( 4 5 7 9 3 0 1 )
                        	#68 ( 4 5 9 9 3 9 2 )
                        	#59 ( 0 5 8 9 3 4 2 )
                        	#66 ( 4 5 8 9 8 4 2 )
                        	#62 ( 4 3 5 8 3 6 0 )
                        	#60 ( 4 10 6 9 3 4 1 )
                        	#70 ( 4 4 3 8 3 5 2 )
                        	#64 ( 4 5 7 10 3 4 1 )
                    } Sort trial points for step Ortho N+1 Neg Poll Method
                    Number of trial points after reduction to form a basis: 7
                    Point already in cache (but not BB evaluated): #61 ( 4 0 10 9 3 4 2 )
                    Point already in cache (but not BB evaluated): #69 ( 4 5 7 9 3 0 1 )
                    Point already in cache (but not BB evaluated): #67 ( 4 5 8 9 0 4 2 )
                    Point already in cache (but not BB evaluated): #65 ( 4 5 9 4 3 4 2 )
                    Point already in cache (but not BB evaluated): #71 ( 4 6 10 10 3 3 0 )
                    Point already in cache (but not BB evaluated): #63 ( 4 7 10 10 3 2 2 )
                    Point already in cache (but not BB evaluated): #58 ( 9 5 8 9 3 4 2 )
                    Number of points for step Poll of eval type BB that would need eval: 7
                    Add points (full space) to eval queue for step Poll {
                        7 points added
                        Point already in cache (but not BB evaluated): #61 ( 4 0 10 9 3 4 2 )
                        New point added to eval queue: #61 ( 4 0 10 9 3 4 2 )
                        Point already in cache (but not BB evaluated): #69 ( 4 5 7 9 3 0 1 )
                        New point added to eval queue: #69 ( 4 5 7 9 3 0 1 )
                        Point already in cache (but not BB evaluated): #67 ( 4 5 8 9 0 4 2 )
                        New point added to eval queue: #67 ( 4 5 8 9 0 4 2 )
                        Point already in cache (but not BB evaluated): #65 ( 4 5 9 4 3 4 2 )
                        New point added to eval queue: #65 ( 4 5 9 4 3 4 2 )
                        Point already in cache (but not BB evaluated): #71 ( 4 6 10 10 3 3 0 )
                        New point added to eval queue: #71 ( 4 6 10 10 3 3 0 )
                        Point already in cache (but not BB evaluated): #63 ( 4 7 10 10 3 2 2 )
                        New point added to eval queue: #63 ( 4 7 10 10 3 2 2 )
                        Point already in cache (but not BB evaluated): #58 ( 9 5 8 9 3 4 2 )
                        New point added to eval queue: #58 ( 9 5 8 9 3 4 2 )
                        Eval queue now has 7 points.
                    } Add points (full space) to eval queue for step Poll
                    Evaluate points (full space) for Poll {
                        Start evaluation. Opportunism = false, UseCache = true, Barrier
                        X_FEAS #56 ( 4 5 8 9 3 4 2 )	(BB - Evaluation OK	 f = 6135       	 h =   0        (L2))
                        H_MAX inf
                        Ref Best Feasible:   #56 ( 4 5 8 9 3 4 2 )	(BB - Evaluation OK	 f = 6135       	 h =   0        (L2))
                        Ref Best Infeasible: NULL
                        After blocks generation: 7 blocks
                        Parallel eval thread = 0 
Algo thread = 0 

                        Start evaluation of block of 1 points.
                        BB evaluation done for #61 ( 4 0 10 9 3 4 2 )	(BB - Evaluation OK	 f =   0       	 h = inf (L2)). Success found: Failure
32	(   4   0  10   9   3   4   2 )	    0 inf   5   5   5   5   5   5   5   1   1   1   1   1   1   1
                        Parallel eval thread = 0 
Algo thread = 0 

                        Start evaluation of block of 1 points.
                        BB evaluation done for #69 ( 4 5 7 9 3 0 1 )	(BB - Evaluation OK	 f =   0       	 h = inf (L2)). Success found: Failure
33	(   4   5   7   9   3   0   1 )	    0 inf   5   5   5   5   5   5   5   1   1   1   1   1   1   1
                        Parallel eval thread = 0 
Algo thread = 0 

                        Start evaluation of block of 1 points.
                        BB evaluation done for #67 ( 4 5 8 9 0 4 2 )	(BB - Evaluation OK	 f =   0       	 h = inf (L2)). Success found: Failure
34	(   4   5   8   9   0   4   2 )	    0 inf   5   5   5   5   5   5   5   1   1   1   1   1   1   1
                        Parallel eval thread = 0 
Algo thread = 0 

                        Start evaluation of block of 1 points.
                        BB evaluation done for #65 ( 4 5 9 4 3 4 2 )	(BB - Evaluation OK	 f =   0       	 h = inf (L2)). Success found: Failure
35	(   4   5   9   4   3   4   2 )	    0 inf   5   5   5   5   5   5   5   1   1   1   1   1   1   1
                        Parallel eval thread = 0 
Algo thread = 0 

                        Start evaluation of block of 1 points.
                        BB evaluation done for #71 ( 4 6 10 10 3 3 0 )	(BB - Evaluation OK	 f = 8500       	 h =   0        (L2)). Success found: Failure
36	(   4   6  10  10   3   3   0 )	 8500   0   5   5   5   5   5   5   5   1   1   1   1   1   1   1
                        Parallel eval thread = 0 
Algo thread = 0 

                        Start evaluation of block of 1 points.
                        BB evaluation done for #63 ( 4 7 10 10 3 2 2 )	(BB - Evaluation OK	 f =   0       	 h = inf (L2)). Success found: Failure
37	(   4   7  10  10   3   2   2 )	    0 inf   5   5   5   5   5   5   5   1   1   1   1   1   1   1
                        Parallel eval thread = 0 
Algo thread = 0 

                        Start evaluation of block of 1 points.
                        BB evaluation done for #58 ( 9 5 8 9 3 4 2 )	(BB - Evaluation OK	 f =   0       	 h = inf (L2)). Success found: Failure
38	(   9   5   8   9   3   4   2 )	    0 inf   5   5   5   5   5   5   5   1   1   1   1   1   1   1
                        We are done with evaluations.
                        Evaluation is done. Cleared queue of 0 points.
                        EvaluatorControl stop reason (main thread): No more points to evaluate (global): Started (Eval Global)
                        Poll: Failure. Stop reasons: No termination (all).  No more points to evaluate
                    } Evaluate points (full space) for Poll
                    Number of trial points: 7
                    Number of trial points that needed eval: 7
                    Number of evaluated points: 7
                    Generate second pass trial point(s) for Ortho N+1 Neg Poll Method {
                        Scaled and mesh projected poll direction: -5 2 -6 3 3 7 3
                        Frame center: #56 ( 4 5 8 9 3 4 2 )	Evaluation OK	 f = 6135                     	 h =   0                      (L2)
                        Point before projection: ( -1 7 2 12 6 11 5 )
                        Point after projection:  ( 0 7 2 10 6 10 2 )
                        Generated point: #72 ( 0 7 2 10 6 10 2 )
                        Generated 1 points
                    } Generate second pass trial point(s) for Ortho N+1 Neg Poll Method
                    Add points (full space) to eval queue for step Poll {
                        1 points added
                        New point added to eval queue: #72 ( 0 7 2 10 6 10 2 )
                        Eval queue now has 1 points.
                    } Add points (full space) to eval queue for step Poll
                    Evaluate points (full space) for Poll {
                        Start evaluation. Opportunism = false, UseCache = true, Barrier
                        X_FEAS #56 ( 4 5 8 9 3 4 2 )	(BB - Evaluation OK	 f = 6135       	 h =   0        (L2))
                        H_MAX inf
                        Ref Best Feasible:   #56 ( 4 5 8 9 3 4 2 )	(BB - Evaluation OK	 f = 6135       	 h =   0        (L2))
                        Ref Best Infeasible: NULL
                        After blocks generation: 1 blocks
                        Parallel eval thread = 0 
Algo thread = 0 

                        Start evaluation of block of 1 points.
                        BB evaluation done for #72 ( 0 7 2 10 6 10 2 )	(BB - Evaluation OK	 f =   0       	 h = inf (L2)). Success found: Failure
39	(   0   7   2  10   6  10   2 )	    0 inf   5   5   5   5   5   5   5   1   1   1   1   1   1   1
                        We are done with evaluations.
                        Evaluation is done. Cleared queue of 0 points.
                        EvaluatorControl stop reason (main thread): No more points to evaluate (global): Started (Eval Global)
                        Poll: Failure. Stop reasons: No termination (all).  No more points to evaluate
                    } Evaluate points (full space) for Poll
                    Number of trial points: 1
                    Number of trial points that needed eval: 1
                    Number of evaluated points: 1
                    Poll is not successful. Stop reason: No termination (all).  No more points to evaluate
                } End step Poll
                Updating barrier with 1 suggested points
                Current barrier: 
                X_FEAS #56 ( 4 5 8 9 3 4 2 )	(BB - Evaluation OK	 f = 6135       	 h =   0        (L2))
                H_MAX inf
                Ref Best Feasible:   #56 ( 4 5 8 9 3 4 2 )	(BB - Evaluation OK	 f = 6135       	 h =   0        (L2))
                Ref Best Infeasible: NULL
                No points added to the barrier
            } End step MADS Iteration 5
            Stop reason: No termination (all).  No more points to evaluate
        } End step MADS MegaIteration 5
        Start step MADS MegaIteration 6 {
            Start step MADS Update {
                Running MADS Update. Barrier: 
                X_FEAS #56 ( 4 5 8 9 3 4 2 )	(BB - Evaluation OK	 f = 6135       	 h =   0        (L2))
                H_MAX inf
                Ref Best Feasible:   #56 ( 4 5 8 9 3 4 2 )	(BB - Evaluation OK	 f = 6135       	 h =   0        (L2))
                Ref Best Infeasible: NULL
                Update: no success found
                New direction (feasible) 1 -1 2 -1 -1 -1 0
                Last Iteration Unsuccessful. Delta is refined.
                delta mesh  size = 1 1 1 1 1 1 1
                Delta frame size = 2 2 2 2 2 2 2
            } End step MADS Update
            Mesh Stop Reason: No termination (all). 
            Iteration generated:
            MADS Iteration 5
            Mesh size:  1 1 1 1 1 1 1
            Frame size: 2 2 2 2 2 2 2
            Start step MADS Iteration 6 {
                Start step Search {
                    Search methods are all disabled.
                } End step Search
                Start step Poll {
                    Generate points for Poll
                    Generate points for Ortho N+1 Neg Poll Method {
                        Unit sphere direction: -0.175392 -0.393862 0.457692 0.00169871 -0.457053 0.593714 0.207922
                        Poll direction before scaling and projection on mesh: 0.938475 -0.138161 0.160552 0.000595883 -0.160327 0.208266 0.0729361
                        Poll direction before scaling and projection on mesh: -0.938475 0.138161 -0.160552 -0.000595883 0.160327 -0.208266 -0.0729361
                        Poll direction before scaling and projection on mesh: -0.138161 0.689746 0.360535 0.00133812 -0.360031 0.467682 0.163785
                        Poll direction before scaling and projection on mesh: 0.138161 -0.689746 -0.360535 -0.00133812 0.360031 -0.467682 -0.163785
                        Poll direction before scaling and projection on mesh: 0.160552 0.360535 0.581035 -0.00155498 0.418379 -0.543477 -0.190329
                        Poll direction before scaling and projection on mesh: -0.160552 -0.360535 -0.581035 0.00155498 -0.418379 0.543477 0.190329
                        Poll direction before scaling and projection on mesh: 0.000595883 0.00133812 -0.00155498 0.999994 0.0015528 -0.0020171 -0.000706402
                        Poll direction before scaling and projection on mesh: -0.000595883 -0.00133812 0.00155498 -0.999994 -0.0015528 0.0020171 0.000706402
                        Poll direction before scaling and projection on mesh: -0.160327 -0.360031 0.418379 0.0015528 0.582205 0.542717 0.190063
                        Poll direction before scaling and projection on mesh: 0.160327 0.360031 -0.418379 -0.0015528 -0.582205 -0.542717 -0.190063
                        Poll direction before scaling and projection on mesh: 0.208266 0.467682 -0.543477 -0.0020171 0.542717 0.295007 -0.246893
                        Poll direction before scaling and projection on mesh: -0.208266 -0.467682 0.543477 0.0020171 -0.542717 -0.295007 0.246893
                        Poll direction before scaling and projection on mesh: 0.0729361 0.163785 -0.190329 -0.000706402 0.190063 -0.246893 0.913536
                        Poll direction before scaling and projection on mesh: -0.0729361 -0.163785 0.190329 0.000706402 -0.190063 0.246893 -0.913536
                        Generate  first pass trial points for Ortho N+1 Neg Poll Method {
                            Scaled and mesh projected poll direction: 2 -0 0 0 -0 0 0
                            Scaled and mesh projected poll direction: -2 0 -0 -0 0 -0 -0
                            Scaled and mesh projected poll direction: -0 2 1 0 -1 1 0
                            Scaled and mesh projected poll direction: 0 -2 -1 -0 1 -1 -0
                            Scaled and mesh projected poll direction: 1 1 2 -0 1 -2 -1
                            Scaled and mesh projected poll direction: -1 -1 -2 0 -1 2 1
                            Scaled and mesh projected poll direction: 0 0 -0 2 0 -0 -0
                            Scaled and mesh projected poll direction: -0 -0 0 -2 -0 0 0
                            Scaled and mesh projected poll direction: -1 -1 1 0 2 2 1
                            Scaled and mesh projected poll direction: 1 1 -1 -0 -2 -2 -1
                            Scaled and mesh projected poll direction: 1 2 -2 -0 2 1 -1
                            Scaled and mesh projected poll direction: -1 -2 2 0 -2 -1 1
                            Scaled and mesh projected poll direction: 0 0 -0 -0 0 -1 2
                            Scaled and mesh projected poll direction: -0 -0 0 0 -0 1 -2
                            Frame center: #56 ( 4 5 8 9 3 4 2 )	Evaluation OK	 f = 6135                     	 h =   0                      (L2)
                            Point before projection: ( 6 5 8 9 3 4 2 )
                            Point after projection:  ( 6 5 8 9 3 4 2 )
                            Generated point: #73 ( 6 5 8 9 3 4 2 )
                            Point before projection: ( 2 5 8 9 3 4 2 )
                            Point after projection:  ( 2 5 8 9 3 4 2 )
                            Generated point: #74 ( 2 5 8 9 3 4 2 )
                            Point before projection: ( 4 7 9 9 2 5 2 )
                            Point after projection:  ( 4 7 9 9 2 5 2 )
                            Generated point: #75 ( 4 7 9 9 2 5 2 )
                            Point before projection: ( 4 3 7 9 4 3 2 )
                            Point after projection:  ( 4 3 7 9 4 3 2 )
                            Generated point: #76 ( 4 3 7 9 4 3 2 )
                            Point before projection: ( 5 6 10 9 4 2 1 )
                            Point after projection:  ( 5 6 10 9 4 2 1 )
                            Generated point: #77 ( 5 6 10 9 4 2 1 )
                            Point before projection: ( 3 4 6 9 2 6 3 )
                            Point after projection:  ( 3 4 6 9 2 6 2 )
                            Generated point: #78 ( 3 4 6 9 2 6 2 )
                            Point before projection: ( 4 5 8 11 3 4 2 )
                            Point after projection:  ( 4 5 8 10 3 4 2 )
                            Generated point: #79 ( 4 5 8 10 3 4 2 )
                            Point before projection: ( 4 5 8 7 3 4 2 )
                            Point after projection:  ( 4 5 8 7 3 4 2 )
                            Generated point: #80 ( 4 5 8 7 3 4 2 )
                            Point before projection: ( 3 4 9 9 5 6 3 )
                            Point after projection:  ( 3 4 9 9 5 6 2 )
                            Generated point: #81 ( 3 4 9 9 5 6 2 )
                            Point before projection: ( 5 6 7 9 1 2 1 )
                            Point after projection:  ( 5 6 7 9 1 2 1 )
                            Generated point: #82 ( 5 6 7 9 1 2 1 )
                            Point before projection: ( 5 7 6 9 5 5 1 )
                            Point after projection:  ( 5 7 6 9 5 5 1 )
                            Generated point: #83 ( 5 7 6 9 5 5 1 )
                            Point before projection: ( 3 3 10 9 1 3 3 )
                            Point after projection:  ( 3 3 10 9 1 3 2 )
                            Generated point: #84 ( 3 3 10 9 1 3 2 )
                            Point before projection: ( 4 5 8 9 3 3 4 )
                            Point after projection:  ( 4 5 8 9 3 3 2 )
                            Generated point: #85 ( 4 5 8 9 3 3 2 )
                            Point before projection: ( 4 5 8 9 3 5 0 )
                            Point after projection:  ( 4 5 8 9 3 5 0 )
                            Generated point: #86 ( 4 5 8 9 3 5 0 )
                            Generated 14 points
                        } Generate  first pass trial points for Ortho N+1 Neg Poll Method
                        Generated 14 points
                    } Generate points for Ortho N+1 Neg Poll Method
                    Number of trial points before sort and reduction to form a basis: 14
                    Sort trial points for step Ortho N+1 Neg Poll Method {
                        14 points added
                        New point added for sorting: #74 ( 2 5 8 9 3 4 2 )
                        New point added for sorting: #84 ( 3 3 10 9 1 3 2 )
                        New point added for sorting: #78 ( 3 4 6 9 2 6 2 )
                        New point added for sorting: #81 ( 3 4 9 9 5 6 2 )
                        New point added for sorting: #76 ( 4 3 7 9 4 3 2 )
                        New point added for sorting: #80 ( 4 5 8 7 3 4 2 )
                        New point added for sorting: #85 ( 4 5 8 9 3 3 2 )
                        New point added for sorting: #86 ( 4 5 8 9 3 5 0 )
                        New point added for sorting: #79 ( 4 5 8 10 3 4 2 )
                        New point added for sorting: #75 ( 4 7 9 9 2 5 2 )
                        New point added for sorting: #82 ( 5 6 7 9 1 2 1 )
                        New point added for sorting: #77 ( 5 6 10 9 4 2 1 )
                        New point added for sorting: #83 ( 5 7 6 9 5 5 1 )
                        New point added for sorting: #73 ( 6 5 8 9 3 4 2 )
                        Trial points sorted, before trim: 14 after trim: 14
                         Model eval missing for: #74 ( 2 5 8 9 3 4 2 )
                        Sort using OrderByDirection
                        Evaluation points before sort:
                        	#73 ( 6 5 8 9 3 4 2 )
                        	#83 ( 5 7 6 9 5 5 1 )
                        	#77 ( 5 6 10 9 4 2 1 )
                        	#82 ( 5 6 7 9 1 2 1 )
                        	#75 ( 4 7 9 9 2 5 2 )
                        	#79 ( 4 5 8 10 3 4 2 )
                        	#86 ( 4 5 8 9 3 5 0 )
                        	#85 ( 4 5 8 9 3 3 2 )
                        	#80 ( 4 5 8 7 3 4 2 )
                        	#76 ( 4 3 7 9 4 3 2 )
                        	#81 ( 3 4 9 9 5 6 2 )
                        	#78 ( 3 4 6 9 2 6 2 )
                        	#84 ( 3 3 10 9 1 3 2 )
                        	#74 ( 2 5 8 9 3 4 2 )
                        Evaluation points after sort:
                        	#84 ( 3 3 10 9 1 3 2 )
                        	#77 ( 5 6 10 9 4 2 1 )
                        	#73 ( 6 5 8 9 3 4 2 )
                        	#80 ( 4 5 8 7 3 4 2 )
                        	#85 ( 4 5 8 9 3 3 2 )
                        	#82 ( 5 6 7 9 1 2 1 )
                        	#75 ( 4 7 9 9 2 5 2 )
                        	#76 ( 4 3 7 9 4 3 2 )
                        	#86 ( 4 5 8 9 3 5 0 )
                        	#81 ( 3 4 9 9 5 6 2 )
                        	#74 ( 2 5 8 9 3 4 2 )
                        	#79 ( 4 5 8 10 3 4 2 )
                        	#78 ( 3 4 6 9 2 6 2 )
                        	#83 ( 5 7 6 9 5 5 1 )
                    } Sort trial points for step Ortho N+1 Neg Poll Method
                    Number of trial points after reduction to form a basis: 7
                    Point already in cache (but not BB evaluated): #84 ( 3 3 10 9 1 3 2 )
                    Point already in cache (but not BB evaluated): #80 ( 4 5 8 7 3 4 2 )
                    Point already in cache (but not BB evaluated): #85 ( 4 5 8 9 3 3 2 )
                    Point already in cache (but not BB evaluated): #75 ( 4 7 9 9 2 5 2 )
                    Point already in cache (but not BB evaluated): #82 ( 5 6 7 9 1 2 1 )
                    Point already in cache (but not BB evaluated): #77 ( 5 6 10 9 4 2 1 )
                    Point already in cache (but not BB evaluated): #73 ( 6 5 8 9 3 4 2 )
                    Number of points for step Poll of eval type BB that would need eval: 7
                    Add points (full space) to eval queue for step Poll {
                        7 points added
                        Point already in cache (but not BB evaluated): #84 ( 3 3 10 9 1 3 2 )
                        New point added to eval queue: #84 ( 3 3 10 9 1 3 2 )
                        Point already in cache (but not BB evaluated): #80 ( 4 5 8 7 3 4 2 )
                        New point added to eval queue: #80 ( 4 5 8 7 3 4 2 )
                        Point already in cache (but not BB evaluated): #85 ( 4 5 8 9 3 3 2 )
                        New point added to eval queue: #85 ( 4 5 8 9 3 3 2 )
                        Point already in cache (but not BB evaluated): #75 ( 4 7 9 9 2 5 2 )
                        New point added to eval queue: #75 ( 4 7 9 9 2 5 2 )
                        Point already in cache (but not BB evaluated): #82 ( 5 6 7 9 1 2 1 )
                        New point added to eval queue: #82 ( 5 6 7 9 1 2 1 )
                        Point already in cache (but not BB evaluated): #77 ( 5 6 10 9 4 2 1 )
                        New point added to eval queue: #77 ( 5 6 10 9 4 2 1 )
                        Point already in cache (but not BB evaluated): #73 ( 6 5 8 9 3 4 2 )
                        New point added to eval queue: #73 ( 6 5 8 9 3 4 2 )
                        Eval queue now has 7 points.
                    } Add points (full space) to eval queue for step Poll
                    Evaluate points (full space) for Poll {
                        Start evaluation. Opportunism = false, UseCache = true, Barrier
                        X_FEAS #56 ( 4 5 8 9 3 4 2 )	(BB - Evaluation OK	 f = 6135       	 h =   0        (L2))
                        H_MAX inf
                        Ref Best Feasible:   #56 ( 4 5 8 9 3 4 2 )	(BB - Evaluation OK	 f = 6135       	 h =   0        (L2))
                        Ref Best Infeasible: NULL
                        After blocks generation: 7 blocks
                        Parallel eval thread = 0 
Algo thread = 0 

                        Start evaluation of block of 1 points.
                        BB evaluation done for #84 ( 3 3 10 9 1 3 2 )	(BB - Evaluation OK	 f =   0       	 h = inf (L2)). Success found: Failure
40	(   3   3  10   9   1   3   2 )	    0 inf   2   2   2   2   2   2   2   1   1   1   1   1   1   1
                        Parallel eval thread = 0 
Algo thread = 0 

                        Start evaluation of block of 1 points.
                        BB evaluation done for #80 ( 4 5 8 7 3 4 2 )	(BB - Evaluation OK	 f =   0       	 h = inf (L2)). Success found: Failure
41	(   4   5   8   7   3   4   2 )	    0 inf   2   2   2   2   2   2   2   1   1   1   1   1   1   1
                        Parallel eval thread = 0 
Algo thread = 0 

                        Start evaluation of block of 1 points.
                        BB evaluation done for #85 ( 4 5 8 9 3 3 2 )	(BB - Evaluation OK	 f = 5340       	 h =   0        (L2)). Success found: Full success (dominating)
42	(   4   5   8   9   3   3   2 )	 5340   0   2   2   2   2   2   2   2   1   1   1   1   1   1   1
                        Parallel eval thread = 0 
Algo thread = 0 

                        Start evaluation of block of 1 points.
                        BB evaluation done for #75 ( 4 7 9 9 2 5 2 )	(BB - Evaluation OK	 f =   0       	 h = inf (L2)). Success found: Failure
43	(   4   7   9   9   2   5   2 )	    0 inf   2   2   2   2   2   2   2   1   1   1   1   1   1   1
                        Parallel eval thread = 0 
Algo thread = 0 

                        Start evaluation of block of 1 points.
                        BB evaluation done for #82 ( 5 6 7 9 1 2 1 )	(BB - Evaluation OK	 f = 4580       	 h =   0        (L2)). Success found: Full success (dominating)
44	(   5   6   7   9   1   2   1 )	 4580   0   2   2   2   2   2   2   2   1   1   1   1   1   1   1
                        Parallel eval thread = 0 
Algo thread = 0 

                        Start evaluation of block of 1 points.
                        BB evaluation done for #77 ( 5 6 10 9 4 2 1 )	(BB - Evaluation OK	 f =   0       	 h = inf (L2)). Success found: Failure
45	(   5   6  10   9   4   2   1 )	    0 inf   2   2   2   2   2   2   2   1   1   1   1   1   1   1
                        Parallel eval thread = 0 
Algo thread = 0 

                        Start evaluation of block of 1 points.
                        BB evaluation done for #73 ( 6 5 8 9 3 4 2 )	(BB - Evaluation OK	 f =   0       	 h = inf (L2)). Success found: Failure
46	(   6   5   8   9   3   4   2 )	    0 inf   2   2   2   2   2   2   2   1   1   1   1   1   1   1
                        We are done with evaluations.
                        Evaluation is done. Cleared queue of 0 points.
                        EvaluatorControl stop reason (main thread): No more points to evaluate (global): Started (Eval Global)
                        Poll: Full success (dominating). Stop reasons: No termination (all).  No more points to evaluate
                    } Evaluate points (full space) for Poll
                    Number of trial points: 7
                    Number of trial points that needed eval: 7
                    Number of evaluated points: 7
                    Poll is successful. Stop reason: No termination (all).  No more points to evaluate
                } End step Poll
                Updating barrier with 7 suggested points
                Current barrier: 
                X_FEAS #56 ( 4 5 8 9 3 4 2 )	(BB - Evaluation OK	 f = 6135       	 h =   0        (L2))
                H_MAX inf
                Ref Best Feasible:   #56 ( 4 5 8 9 3 4 2 )	(BB - Evaluation OK	 f = 6135       	 h =   0        (L2))
                Ref Best Infeasible: NULL
                Point suggested to update barrier (feasible): #85 ( 4 5 8 9 3 3 2 )	Evaluation OK	 f = 5340                     	 h =   0                      (L2)
                Point inserted in feasible barrier: #85 ( 4 5 8 9 3 3 2 )	Evaluation OK	 f = 5340                     	 h =   0                      (L2)
                Point suggested to update barrier (feasible): #82 ( 5 6 7 9 1 2 1 )	Evaluation OK	 f = 4580                     	 h =   0                      (L2)
                Point inserted in feasible barrier: #82 ( 5 6 7 9 1 2 1 )	Evaluation OK	 f = 4580                     	 h =   0                      (L2)
                New dominating xFeas: #82 ( 5 6 7 9 1 2 1 )	Evaluation OK	 f = 4580                     	 h =   0                      (L2)
                Update incumbent(s) in barrier. New feasible incumbent: #82 ( 5 6 7 9 1 2 1 )	Evaluation OK	 f = 4580                     	 h =   0                      (L2)
            } End step MADS Iteration 6
            Stop reason: No termination (all).  No more points to evaluate
            MADS MegaIteration 6: new success Full success (dominating)
        } End step MADS MegaIteration 6
        Start step MADS MegaIteration 7 {
            Start step MADS Update {
                Running MADS Update. Barrier: 
                X_FEAS #82 ( 5 6 7 9 1 2 1 )	(BB - Evaluation OK	 f = 4580       	 h =   0        (L2))
                H_MAX inf
                Ref Best Feasible:   #56 ( 4 5 8 9 3 4 2 )	(BB - Evaluation OK	 f = 6135       	 h =   0        (L2))
                Ref Best Infeasible: NULL
                Update: improving feasible point
                 from #56 ( 4 5 8 9 3 4 2 )	Evaluation OK	 f = 6135                     	 h =   0                      (L2)
                 to #82 ( 5 6 7 9 1 2 1 )	Evaluation OK	 f = 4580                     	 h =   0                      (L2)
                New direction (feasible) 1 1 -1 0 -2 -2 -1
                Last Iteration Successful. Delta is enlarged.
                delta mesh  size = 1 1 1 1 1 1 1
                Delta frame size = 5 5 5 5 5 5 5
            } End step MADS Update
            Mesh Stop Reason: No termination (all). 
            Iteration generated:
            MADS Iteration 6
            Mesh size:  1 1 1 1 1 1 1
            Frame size: 5 5 5 5 5 5 5
            Start step MADS Iteration 7 {
                Start step Search {
                    Search methods are all disabled.
                } End step Search
                Start step Poll {
                    Generate points for Poll
                    Generate points for Ortho N+1 Neg Poll Method {
                        Unit sphere direction: 0.0630503 0.273923 -0.824783 0.0284552 -0.22235 0.423932 0.103709
                        Poll direction before scaling and projection on mesh: 0.992049 -0.0345419 0.104006 -0.00358822 0.0280385 -0.053458 -0.0130778
                        Poll direction before scaling and projection on mesh: -0.992049 0.0345419 -0.104006 0.00358822 -0.0280385 0.053458 0.0130778
                        Poll direction before scaling and projection on mesh: -0.0345419 0.849932 0.451855 -0.0155891 0.121814 -0.23225 -0.0568168
                        Poll direction before scaling and projection on mesh: 0.0345419 -0.849932 -0.451855 0.0155891 -0.121814 0.23225 0.0568168
                        Poll direction before scaling and projection on mesh: 0.104006 0.451855 -0.360535 0.0469387 -0.366782 0.699304 0.171076
                        Poll direction before scaling and projection on mesh: -0.104006 -0.451855 0.360535 -0.0469387 0.366782 -0.699304 -0.171076
                        Poll direction before scaling and projection on mesh: -0.00358822 -0.0155891 0.0469387 0.998381 0.012654 -0.0241261 -0.00590214
                        Poll direction before scaling and projection on mesh: 0.00358822 0.0155891 -0.0469387 -0.998381 -0.012654 0.0241261 0.00590214
                        Poll direction before scaling and projection on mesh: 0.0280385 0.121814 -0.366782 0.012654 0.901121 0.188523 0.0461197
                        Poll direction before scaling and projection on mesh: -0.0280385 -0.121814 0.366782 -0.012654 -0.901121 -0.188523 -0.0461197
                        Poll direction before scaling and projection on mesh: -0.053458 -0.23225 0.699304 -0.0241261 0.188523 0.640564 -0.0879314
                        Poll direction before scaling and projection on mesh: 0.053458 0.23225 -0.699304 0.0241261 -0.188523 -0.640564 0.0879314
                        Poll direction before scaling and projection on mesh: -0.0130778 -0.0568168 0.171076 -0.00590214 0.0461197 -0.0879314 0.978489
                        Poll direction before scaling and projection on mesh: 0.0130778 0.0568168 -0.171076 0.00590214 -0.0461197 0.0879314 -0.978489
                        Generate  first pass trial points for Ortho N+1 Neg Poll Method {
                            Scaled and mesh projected poll direction: 5 -0 1 -0 0 -0 -0
                            Scaled and mesh projected poll direction: -5 0 -1 0 -0 0 0
                            Scaled and mesh projected poll direction: -0 5 3 -0 1 -1 -0
                            Scaled and mesh projected poll direction: 0 -5 -3 0 -1 1 0
                            Scaled and mesh projected poll direction: 1 3 -3 0 -3 5 1
                            Scaled and mesh projected poll direction: -1 -3 3 -0 3 -5 -1
                            Scaled and mesh projected poll direction: -0 -0 0 5 0 -0 -0
                            Scaled and mesh projected poll direction: 0 0 -0 -5 -0 0 0
                            Scaled and mesh projected poll direction: 0 1 -2 0 5 1 0
                            Scaled and mesh projected poll direction: -0 -1 2 -0 -5 -1 -0
                            Scaled and mesh projected poll direction: -0 -2 5 -0 1 5 -1
                            Scaled and mesh projected poll direction: 0 2 -5 0 -1 -5 1
                            Scaled and mesh projected poll direction: -0 -0 1 -0 0 -0 5
                            Scaled and mesh projected poll direction: 0 0 -1 0 -0 0 -5
                            Frame center: #82 ( 5 6 7 9 1 2 1 )	Evaluation OK	 f = 4580                     	 h =   0                      (L2)
                            Point before projection: ( 10 6 8 9 1 2 1 )
                            Point after projection:  ( 10 6 8 9 1 2 1 )
                            Generated point: #87 ( 10 6 8 9 1 2 1 )
                            Point before projection: ( 0 6 6 9 1 2 1 )
                            Point after projection:  ( 0 6 6 9 1 2 1 )
                            Generated point: #88 ( 0 6 6 9 1 2 1 )
                            Point before projection: ( 5 11 10 9 2 1 1 )
                            Point after projection:  ( 5 10 10 9 2 1 1 )
                            Generated point: #89 ( 5 10 10 9 2 1 1 )
                            Point before projection: ( 5 1 4 9 0 3 1 )
                            Point after projection:  ( 5 1 4 9 0 3 1 )
                            Generated point: #90 ( 5 1 4 9 0 3 1 )
                            Point before projection: ( 6 9 4 9 -2 7 2 )
                            Point after projection:  ( 6 9 4 9 0 7 2 )
                            Generated point: #91 ( 6 9 4 9 0 7 2 )
                            Point before projection: ( 4 3 10 9 4 -3 0 )
                            Point after projection:  ( 4 3 10 9 4 0 0 )
                            Generated point: #92 ( 4 3 10 9 4 0 0 )
                            Point before projection: ( 5 6 7 14 1 2 1 )
                            Point after projection:  ( 5 6 7 10 1 2 1 )
                            Generated point: #93 ( 5 6 7 10 1 2 1 )
                            Point before projection: ( 5 6 7 4 1 2 1 )
                            Point after projection:  ( 5 6 7 4 1 2 1 )
                            Generated point: #94 ( 5 6 7 4 1 2 1 )
                            Point before projection: ( 5 7 5 9 6 3 1 )
                            Point after projection:  ( 5 7 5 9 6 3 1 )
                            Generated point: #95 ( 5 7 5 9 6 3 1 )
                            Point before projection: ( 5 5 9 9 -4 1 1 )
                            Point after projection:  ( 5 5 9 9 0 1 1 )
                            Generated point: #96 ( 5 5 9 9 0 1 1 )
                            Point before projection: ( 5 4 12 9 2 7 0 )
                            Point after projection:  ( 5 4 10 9 2 7 0 )
                            Generated point: #97 ( 5 4 10 9 2 7 0 )
                            Point before projection: ( 5 8 2 9 0 -3 2 )
                            Point after projection:  ( 5 8 2 9 0 0 2 )
                            Generated point: #98 ( 5 8 2 9 0 0 2 )
                            Point before projection: ( 5 6 8 9 1 2 6 )
                            Point after projection:  ( 5 6 8 9 1 2 2 )
                            Generated point: #99 ( 5 6 8 9 1 2 2 )
                            Point before projection: ( 5 6 6 9 1 2 -4 )
                            Point after projection:  ( 5 6 6 9 1 2 0 )
                            Generated point: #100 ( 5 6 6 9 1 2 0 )
                            Generated 14 points
                        } Generate  first pass trial points for Ortho N+1 Neg Poll Method
                        Generated 14 points
                    } Generate points for Ortho N+1 Neg Poll Method
                    Number of trial points before sort and reduction to form a basis: 14
                    Sort trial points for step Ortho N+1 Neg Poll Method {
                        14 points added
                        New point added for sorting: #88 ( 0 6 6 9 1 2 1 )
                        New point added for sorting: #92 ( 4 3 10 9 4 0 0 )
                        New point added for sorting: #90 ( 5 1 4 9 0 3 1 )
                        New point added for sorting: #97 ( 5 4 10 9 2 7 0 )
                        New point added for sorting: #96 ( 5 5 9 9 0 1 1 )
                        New point added for sorting: #100 ( 5 6 6 9 1 2 0 )
                        New point added for sorting: #94 ( 5 6 7 4 1 2 1 )
                        New point added for sorting: #93 ( 5 6 7 10 1 2 1 )
                        New point added for sorting: #99 ( 5 6 8 9 1 2 2 )
                        New point added for sorting: #95 ( 5 7 5 9 6 3 1 )
                        New point added for sorting: #98 ( 5 8 2 9 0 0 2 )
                        New point added for sorting: #89 ( 5 10 10 9 2 1 1 )
                        New point added for sorting: #91 ( 6 9 4 9 0 7 2 )
                        New point added for sorting: #87 ( 10 6 8 9 1 2 1 )
                        Trial points sorted, before trim: 14 after trim: 14
                         Model eval missing for: #88 ( 0 6 6 9 1 2 1 )
                        Sort using OrderByDirection
                        Evaluation points before sort:
                        	#87 ( 10 6 8 9 1 2 1 )
                        	#91 ( 6 9 4 9 0 7 2 )
                        	#89 ( 5 10 10 9 2 1 1 )
                        	#98 ( 5 8 2 9 0 0 2 )
                        	#95 ( 5 7 5 9 6 3 1 )
                        	#99 ( 5 6 8 9 1 2 2 )
                        	#93 ( 5 6 7 10 1 2 1 )
                        	#94 ( 5 6 7 4 1 2 1 )
                        	#100 ( 5 6 6 9 1 2 0 )
                        	#96 ( 5 5 9 9 0 1 1 )
                        	#97 ( 5 4 10 9 2 7 0 )
                        	#90 ( 5 1 4 9 0 3 1 )
                        	#92 ( 4 3 10 9 4 0 0 )
                        	#88 ( 0 6 6 9 1 2 1 )
                        Evaluation points after sort:
                        	#98 ( 5 8 2 9 0 0 2 )
                        	#100 ( 5 6 6 9 1 2 0 )
                        	#87 ( 10 6 8 9 1 2 1 )
                        	#96 ( 5 5 9 9 0 1 1 )
                        	#89 ( 5 10 10 9 2 1 1 )
                        	#93 ( 5 6 7 10 1 2 1 )
                        	#94 ( 5 6 7 4 1 2 1 )
                        	#91 ( 6 9 4 9 0 7 2 )
                        	#90 ( 5 1 4 9 0 3 1 )
                        	#88 ( 0 6 6 9 1 2 1 )
                        	#92 ( 4 3 10 9 4 0 0 )
                        	#99 ( 5 6 8 9 1 2 2 )
                        	#95 ( 5 7 5 9 6 3 1 )
                        	#97 ( 5 4 10 9 2 7 0 )
                    } Sort trial points for step Ortho N+1 Neg Poll Method
                    Number of trial points after reduction to form a basis: 7
                    Point already in cache (but not BB evaluated): #96 ( 5 5 9 9 0 1 1 )
                    Point already in cache (but not BB evaluated): #100 ( 5 6 6 9 1 2 0 )
                    Point already in cache (but not BB evaluated): #93 ( 5 6 7 10 1 2 1 )
                    Point already in cache (but not BB evaluated): #98 ( 5 8 2 9 0 0 2 )
                    Point already in cache (but not BB evaluated): #89 ( 5 10 10 9 2 1 1 )
                    Point already in cache (but not BB evaluated): #91 ( 6 9 4 9 0 7 2 )
                    Point already in cache (but not BB evaluated): #87 ( 10 6 8 9 1 2 1 )
                    Number of points for step Poll of eval type BB that would need eval: 7
                    Add points (full space) to eval queue for step Poll {
                        7 points added
                        Point already in cache (but not BB evaluated): #96 ( 5 5 9 9 0 1 1 )
                        New point added to eval queue: #96 ( 5 5 9 9 0 1 1 )
                        Point already in cache (but not BB evaluated): #100 ( 5 6 6 9 1 2 0 )
                        New point added to eval queue: #100 ( 5 6 6 9 1 2 0 )
                        Point already in cache (but not BB evaluated): #93 ( 5 6 7 10 1 2 1 )
                        New point added to eval queue: #93 ( 5 6 7 10 1 2 1 )
                        Point already in cache (but not BB evaluated): #98 ( 5 8 2 9 0 0 2 )
                        New point added to eval queue: #98 ( 5 8 2 9 0 0 2 )
                        Point already in cache (but not BB evaluated): #89 ( 5 10 10 9 2 1 1 )
                        New point added to eval queue: #89 ( 5 10 10 9 2 1 1 )
                        Point already in cache (but not BB evaluated): #91 ( 6 9 4 9 0 7 2 )
                        New point added to eval queue: #91 ( 6 9 4 9 0 7 2 )
                        Point already in cache (but not BB evaluated): #87 ( 10 6 8 9 1 2 1 )
                        New point added to eval queue: #87 ( 10 6 8 9 1 2 1 )
                        Eval queue now has 7 points.
                    } Add points (full space) to eval queue for step Poll
                    Evaluate points (full space) for Poll {
                        Start evaluation. Opportunism = false, UseCache = true, Barrier
                        X_FEAS #82 ( 5 6 7 9 1 2 1 )	(BB - Evaluation OK	 f = 4580       	 h =   0        (L2))
                        H_MAX inf
                        Ref Best Feasible:   #82 ( 5 6 7 9 1 2 1 )	(BB - Evaluation OK	 f = 4580       	 h =   0        (L2))
                        Ref Best Infeasible: NULL
                        After blocks generation: 7 blocks
                        Parallel eval thread = 0 
Algo thread = 0 

                        Start evaluation of block of 1 points.
                        BB evaluation done for #96 ( 5 5 9 9 0 1 1 )	(BB - Evaluation OK	 f =   0       	 h = inf (L2)). Success found: Failure
47	(   5   5   9   9   0   1   1 )	    0 inf   5   5   5   5   5   5   5   1   1   1   1   1   1   1
                        Parallel eval thread = 0 
Algo thread = 0 

                        Start evaluation of block of 1 points.
                        BB evaluation done for #100 ( 5 6 6 9 1 2 0 )	(BB - Evaluation OK	 f = 5200       	 h =   0        (L2)). Success found: Failure
48	(   5   6   6   9   1   2   0 )	 5200   0   5   5   5   5   5   5   5   1   1   1   1   1   1   1
                        Parallel eval thread = 0 
Algo thread = 0 

                        Start evaluation of block of 1 points.
                        BB evaluation done for #93 ( 5 6 7 10 1 2 1 )	(BB - Evaluation OK	 f = 4800       	 h =   0        (L2)). Success found: Failure
49	(   5   6   7  10   1   2   1 )	 4800   0   5   5   5   5   5   5   5   1   1   1   1   1   1   1
                        Parallel eval thread = 0 
Algo thread = 0 

                        Start evaluation of block of 1 points.
                        BB evaluation done for #98 ( 5 8 2 9 0 0 2 )	(BB - Evaluation OK	 f =   0       	 h = inf (L2)). Success found: Failure
50	(   5   8   2   9   0   0   2 )	    0 inf   5   5   5   5   5   5   5   1   1   1   1   1   1   1
                        Parallel eval thread = 0 
Algo thread = 0 

                        Start evaluation of block of 1 points.
                        BB evaluation done for #89 ( 5 10 10 9 2 1 1 )	(BB - Evaluation OK	 f =   0       	 h = inf (L2)). Success found: Failure
51	(   5  10  10   9   2   1   1 )	    0 inf   5   5   5   5   5   5   5   1   1   1   1   1   1   1
                        Parallel eval thread = 0 
Algo thread = 0 

                        Start evaluation of block of 1 points.
                        BB evaluation done for #91 ( 6 9 4 9 0 7 2 )	(BB - Evaluation OK	 f =   0       	 h = inf (L2)). Success found: Failure
52	(   6   9   4   9   0   7   2 )	    0 inf   5   5   5   5   5   5   5   1   1   1   1   1   1   1
                        Parallel eval thread = 0 
Algo thread = 0 

                        Start evaluation of block of 1 points.
                        BB evaluation done for #87 ( 10 6 8 9 1 2 1 )	(BB - Evaluation OK	 f =   0       	 h = inf (L2)). Success found: Failure
53	(  10   6   8   9   1   2   1 )	    0 inf   5   5   5   5   5   5   5   1   1   1   1   1   1   1
                        We are done with evaluations.
                        Evaluation is done. Cleared queue of 0 points.
                        EvaluatorControl stop reason (main thread): No more points to evaluate (global): Started (Eval Global)
                        Poll: Failure. Stop reasons: No termination (all).  No more points to evaluate
                    } Evaluate points (full space) for Poll
                    Number of trial points: 7
                    Number of trial points that needed eval: 7
                    Number of evaluated points: 7
                    Generate second pass trial point(s) for Ortho N+1 Neg Poll Method {
                        Scaled and mesh projected poll direction: -6 -8 3 -1 2 -1 -1
                        Frame center: #82 ( 5 6 7 9 1 2 1 )	Evaluation OK	 f = 4580                     	 h =   0                      (L2)
                        Point before projection: ( -1 -2 10 8 3 1 0 )
                        Point after projection:  ( 0 0 10 8 3 1 0 )
                        Generated point: #101 ( 0 0 10 8 3 1 0 )
                        Generated 1 points
                    } Generate second pass trial point(s) for Ortho N+1 Neg Poll Method
                    Add points (full space) to eval queue for step Poll {
                        1 points added
                        New point added to eval queue: #101 ( 0 0 10 8 3 1 0 )
                        Eval queue now has 1 points.
                    } Add points (full space) to eval queue for step Poll
                    Evaluate points (full space) for Poll {
                        Start evaluation. Opportunism = false, UseCache = true, Barrier
                        X_FEAS #82 ( 5 6 7 9 1 2 1 )	(BB - Evaluation OK	 f = 4580       	 h =   0        (L2))
                        H_MAX inf
                        Ref Best Feasible:   #82 ( 5 6 7 9 1 2 1 )	(BB - Evaluation OK	 f = 4580       	 h =   0        (L2))
                        Ref Best Infeasible: NULL
                        After blocks generation: 1 blocks
                        Parallel eval thread = 0 
Algo thread = 0 

                        Start evaluation of block of 1 points.
                        BB evaluation done for #101 ( 0 0 10 8 3 1 0 )	(BB - Evaluation OK	 f =   0       	 h = inf (L2)). Success found: Failure
54	(   0   0  10   8   3   1   0 )	    0 inf   5   5   5   5   5   5   5   1   1   1   1   1   1   1
                        We are done with evaluations.
                        Evaluation is done. Cleared queue of 0 points.
                        EvaluatorControl stop reason (main thread): No more points to evaluate (global): Started (Eval Global)
                        Poll: Failure. Stop reasons: No termination (all).  No more points to evaluate
                    } Evaluate points (full space) for Poll
                    Number of trial points: 1
                    Number of trial points that needed eval: 1
                    Number of evaluated points: 1
                    Poll is not successful. Stop reason: No termination (all).  No more points to evaluate
                } End step Poll
                Updating barrier with 1 suggested points
                Current barrier: 
                X_FEAS #82 ( 5 6 7 9 1 2 1 )	(BB - Evaluation OK	 f = 4580       	 h =   0        (L2))
                H_MAX inf
                Ref Best Feasible:   #82 ( 5 6 7 9 1 2 1 )	(BB - Evaluation OK	 f = 4580       	 h =   0        (L2))
                Ref Best Infeasible: NULL
                No points added to the barrier
            } End step MADS Iteration 7
            Stop reason: No termination (all).  No more points to evaluate
        } End step MADS MegaIteration 7
        Start step MADS MegaIteration 8 {
            Start step MADS Update {
                Running MADS Update. Barrier: 
                X_FEAS #82 ( 5 6 7 9 1 2 1 )	(BB - Evaluation OK	 f = 4580       	 h =   0        (L2))
                H_MAX inf
                Ref Best Feasible:   #82 ( 5 6 7 9 1 2 1 )	(BB - Evaluation OK	 f = 4580       	 h =   0        (L2))
                Ref Best Infeasible: NULL
                Update: no success found
                New direction (feasible) 1 1 -1 0 -2 -2 -1
                Last Iteration Unsuccessful. Delta is refined.
                delta mesh  size = 1 1 1 1 1 1 1
                Delta frame size = 2 2 2 2 2 2 2
            } End step MADS Update
            Mesh Stop Reason: No termination (all). 
            Iteration generated:
            MADS Iteration 7
            Mesh size:  1 1 1 1 1 1 1
            Frame size: 2 2 2 2 2 2 2
            Start step MADS Iteration 8 {
                Start step Search {
                    Search methods are all disabled.
                } End step Search
                Start step Poll {
                    Generate points for Poll
                    Generate points for Ortho N+1 Neg Poll Method {
                        Unit sphere direction: -0.720681 -0.356963 0.121676 0.31597 -0.0269981 -0.205306 0.442352
                        Poll direction before scaling and projection on mesh: -0.038761 -0.514513 0.175379 0.455427 -0.038914 -0.29592 0.637589
                        Poll direction before scaling and projection on mesh: 0.038761 0.514513 -0.175379 -0.455427 0.038914 0.29592 -0.637589
                        Poll direction before scaling and projection on mesh: -0.514513 0.745155 0.0868674 0.225579 -0.0192746 -0.146573 0.315807
                        Poll direction before scaling and projection on mesh: 0.514513 -0.745155 -0.0868674 -0.225579 0.0192746 0.146573 -0.315807
                        Poll direction before scaling and projection on mesh: 0.175379 0.0868674 0.97039 -0.0768917 0.00657001 0.0499615 -0.107647
                        Poll direction before scaling and projection on mesh: -0.175379 -0.0868674 -0.97039 0.0768917 -0.00657001 -0.0499615 0.107647
                        Poll direction before scaling and projection on mesh: 0.455427 0.225579 -0.0768917 0.800326 0.0170611 0.129741 -0.27954
                        Poll direction before scaling and projection on mesh: -0.455427 -0.225579 0.0768917 -0.800326 -0.0170611 -0.129741 0.27954
                        Poll direction before scaling and projection on mesh: -0.038914 -0.0192746 0.00657001 0.0170611 0.998542 -0.0110857 0.0238853
                        Poll direction before scaling and projection on mesh: 0.038914 0.0192746 -0.00657001 -0.0170611 -0.998542 0.0110857 -0.0238853
                        Poll direction before scaling and projection on mesh: -0.29592 -0.146573 0.0499615 0.129741 -0.0110857 0.915699 0.181635
                        Poll direction before scaling and projection on mesh: 0.29592 0.146573 -0.0499615 -0.129741 0.0110857 -0.915699 -0.181635
                        Poll direction before scaling and projection on mesh: 0.637589 0.315807 -0.107647 -0.27954 0.0238853 0.181635 0.608649
                        Poll direction before scaling and projection on mesh: -0.637589 -0.315807 0.107647 0.27954 -0.0238853 -0.181635 -0.608649
                        Generate  first pass trial points for Ortho N+1 Neg Poll Method {
                            Scaled and mesh projected poll direction: -0 -2 1 1 -0 -1 2
                            Scaled and mesh projected poll direction: 0 2 -1 -1 0 1 -2
                            Scaled and mesh projected poll direction: -1 2 0 1 -0 -0 1
                            Scaled and mesh projected poll direction: 1 -2 -0 -1 0 0 -1
                            Scaled and mesh projected poll direction: 0 0 2 -0 0 0 -0
                            Scaled and mesh projected poll direction: -0 -0 -2 0 -0 -0 0
                            Scaled and mesh projected poll direction: 1 1 -0 2 0 0 -1
                            Scaled and mesh projected poll direction: -1 -1 0 -2 -0 -0 1
                            Scaled and mesh projected poll direction: -0 -0 0 0 2 -0 0
                            Scaled and mesh projected poll direction: 0 0 -0 -0 -2 0 -0
                            Scaled and mesh projected poll direction: -1 -0 0 0 -0 2 0
                            Scaled and mesh projected poll direction: 1 0 -0 -0 0 -2 -0
                            Scaled and mesh projected poll direction: 2 1 -0 -1 0 1 2
                            Scaled and mesh projected poll direction: -2 -1 0 1 -0 -1 -2
                            Frame center: #82 ( 5 6 7 9 1 2 1 )	Evaluation OK	 f = 4580                     	 h =   0                      (L2)
                            Point before projection: ( 5 4 8 10 1 1 3 )
                            Point after projection:  ( 5 4 8 10 1 1 2 )
                            Generated point: #102 ( 5 4 8 10 1 1 2 )
                            Point before projection: ( 5 8 6 8 1 3 -1 )
                            Point after projection:  ( 5 8 6 8 1 3 0 )
                            Generated point: #103 ( 5 8 6 8 1 3 0 )
                            Point before projection: ( 4 8 7 10 1 2 2 )
                            Point after projection:  ( 4 8 7 10 1 2 2 )
                            Generated point: #104 ( 4 8 7 10 1 2 2 )
                            Point before projection: ( 6 4 7 8 1 2 0 )
                            Point after projection:  ( 6 4 7 8 1 2 0 )
                            Generated point: #105 ( 6 4 7 8 1 2 0 )
                            Point before projection: ( 5 6 9 9 1 2 1 )
                            Point after projection:  ( 5 6 9 9 1 2 1 )
                            Generated point: #106 ( 5 6 9 9 1 2 1 )
                            Point before projection: ( 5 6 5 9 1 2 1 )
                            Point after projection:  ( 5 6 5 9 1 2 1 )
                            Generated point: #107 ( 5 6 5 9 1 2 1 )
                            Point before projection: ( 6 7 7 11 1 2 0 )
                            Point after projection:  ( 6 7 7 10 1 2 0 )
                            Generated point: #108 ( 6 7 7 10 1 2 0 )
                            Point before projection: ( 4 5 7 7 1 2 2 )
                            Point after projection:  ( 4 5 7 7 1 2 2 )
                            Generated point: #109 ( 4 5 7 7 1 2 2 )
                            Point before projection: ( 5 6 7 9 3 2 1 )
                            Point after projection:  ( 5 6 7 9 3 2 1 )
                            Generated point: #110 ( 5 6 7 9 3 2 1 )
                            Point before projection: ( 5 6 7 9 -1 2 1 )
                            Point after projection:  ( 5 6 7 9 0 2 1 )
                            Generated point: #111 ( 5 6 7 9 0 2 1 )
                            Point before projection: ( 4 6 7 9 1 4 1 )
                            Point after projection:  ( 4 6 7 9 1 4 1 )
                            Generated point: #112 ( 4 6 7 9 1 4 1 )
                            Point before projection: ( 6 6 7 9 1 0 1 )
                            Point after projection:  ( 6 6 7 9 1 0 1 )
                            Generated point: #113 ( 6 6 7 9 1 0 1 )
                            Point before projection: ( 7 7 7 8 1 3 3 )
                            Point after projection:  ( 7 7 7 8 1 3 2 )
                            Generated point: #114 ( 7 7 7 8 1 3 2 )
                            Point before projection: ( 3 5 7 10 1 1 -1 )
                            Point after projection:  ( 3 5 7 10 1 1 0 )
                            Generated point: #115 ( 3 5 7 10 1 1 0 )
                            Generated 14 points
                        } Generate  first pass trial points for Ortho N+1 Neg Poll Method
                        Generated 14 points
                    } Generate points for Ortho N+1 Neg Poll Method
                    Number of trial points before sort and reduction to form a basis: 14
                    Sort trial points for step Ortho N+1 Neg Poll Method {
                        14 points added
                        New point added for sorting: #115 ( 3 5 7 10 1 1 0 )
                        New point added for sorting: #109 ( 4 5 7 7 1 2 2 )
                        New point added for sorting: #112 ( 4 6 7 9 1 4 1 )
                        New point added for sorting: #104 ( 4 8 7 10 1 2 2 )
                        New point added for sorting: #102 ( 5 4 8 10 1 1 2 )
                        New point added for sorting: #107 ( 5 6 5 9 1 2 1 )
                        New point added for sorting: #111 ( 5 6 7 9 0 2 1 )
                        New point added for sorting: #110 ( 5 6 7 9 3 2 1 )
                        New point added for sorting: #106 ( 5 6 9 9 1 2 1 )
                        New point added for sorting: #103 ( 5 8 6 8 1 3 0 )
                        New point added for sorting: #105 ( 6 4 7 8 1 2 0 )
                        New point added for sorting: #113 ( 6 6 7 9 1 0 1 )
                        New point added for sorting: #108 ( 6 7 7 10 1 2 0 )
                        New point added for sorting: #114 ( 7 7 7 8 1 3 2 )
                        Trial points sorted, before trim: 14 after trim: 14
                         Model eval missing for: #115 ( 3 5 7 10 1 1 0 )
                        Sort using OrderByDirection
                        Evaluation points before sort:
                        	#114 ( 7 7 7 8 1 3 2 )
                        	#108 ( 6 7 7 10 1 2 0 )
                        	#113 ( 6 6 7 9 1 0 1 )
                        	#105 ( 6 4 7 8 1 2 0 )
                        	#103 ( 5 8 6 8 1 3 0 )
                        	#106 ( 5 6 9 9 1 2 1 )
                        	#110 ( 5 6 7 9 3 2 1 )
                        	#111 ( 5 6 7 9 0 2 1 )
                        	#107 ( 5 6 5 9 1 2 1 )
                        	#102 ( 5 4 8 10 1 1 2 )
                        	#104 ( 4 8 7 10 1 2 2 )
                        	#112 ( 4 6 7 9 1 4 1 )
                        	#109 ( 4 5 7 7 1 2 2 )
                        	#115 ( 3 5 7 10 1 1 0 )
                        Evaluation points after sort:
                        	#113 ( 6 6 7 9 1 0 1 )
                        	#111 ( 5 6 7 9 0 2 1 )
                        	#108 ( 6 7 7 10 1 2 0 )
                        	#107 ( 5 6 5 9 1 2 1 )
                        	#103 ( 5 8 6 8 1 3 0 )
                        	#104 ( 4 8 7 10 1 2 2 )
                        	#105 ( 6 4 7 8 1 2 0 )
                        	#114 ( 7 7 7 8 1 3 2 )
                        	#115 ( 3 5 7 10 1 1 0 )
                        	#102 ( 5 4 8 10 1 1 2 )
                        	#106 ( 5 6 9 9 1 2 1 )
                        	#109 ( 4 5 7 7 1 2 2 )
                        	#110 ( 5 6 7 9 3 2 1 )
                        	#112 ( 4 6 7 9 1 4 1 )
                    } Sort trial points for step Ortho N+1 Neg Poll Method
                    Number of trial points after reduction to form a basis: 7
                    Point already in cache (but not BB evaluated): #104 ( 4 8 7 10 1 2 2 )
                    Point already in cache (but not BB evaluated): #107 ( 5 6 5 9 1 2 1 )
                    Point already in cache (but not BB evaluated): #111 ( 5 6 7 9 0 2 1 )
                    Point already in cache (but not BB evaluated): #103 ( 5 8 6 8 1 3 0 )
                    Point already in cache (but not BB evaluated): #113 ( 6 6 7 9 1 0 1 )
                    Point already in cache (but not BB evaluated): #108 ( 6 7 7 10 1 2 0 )
                    Point already in cache (but not BB evaluated): #114 ( 7 7 7 8 1 3 2 )
                    Number of points for step Poll of eval type BB that would need eval: 7
                    Add points (full space) to eval queue for step Poll {
                        7 points added
                        Point already in cache (but not BB evaluated): #104 ( 4 8 7 10 1 2 2 )
                        New point added to eval queue: #104 ( 4 8 7 10 1 2 2 )
                        Point already in cache (but not BB evaluated): #107 ( 5 6 5 9 1 2 1 )
                        New point added to eval queue: #107 ( 5 6 5 9 1 2 1 )
                        Point already in cache (but not BB evaluated): #111 ( 5 6 7 9 0 2 1 )
                        New point added to eval queue: #111 ( 5 6 7 9 0 2 1 )
                        Point already in cache (but not BB evaluated): #103 ( 5 8 6 8 1 3 0 )
                        New point added to eval queue: #103 ( 5 8 6 8 1 3 0 )
                        Point already in cache (but not BB evaluated): #113 ( 6 6 7 9 1 0 1 )
                        New point added to eval queue: #113 ( 6 6 7 9 1 0 1 )
                        Point already in cache (but not BB evaluated): #108 ( 6 7 7 10 1 2 0 )
                        New point added to eval queue: #108 ( 6 7 7 10 1 2 0 )
                        Point already in cache (but not BB evaluated): #114 ( 7 7 7 8 1 3 2 )
                        New point added to eval queue: #114 ( 7 7 7 8 1 3 2 )
                        Eval queue now has 7 points.
                    } Add points (full space) to eval queue for step Poll
                    Evaluate points (full space) for Poll {
                        Start evaluation. Opportunism = false, UseCache = true, Barrier
                        X_FEAS #82 ( 5 6 7 9 1 2 1 )	(BB - Evaluation OK	 f = 4580       	 h =   0        (L2))
                        H_MAX inf
                        Ref Best Feasible:   #82 ( 5 6 7 9 1 2 1 )	(BB - Evaluation OK	 f = 4580       	 h =   0        (L2))
                        Ref Best Infeasible: NULL
                        After blocks generation: 7 blocks
                        Parallel eval thread = 0 
Algo thread = 0 

                        Start evaluation of block of 1 points.
                        BB evaluation done for #104 ( 4 8 7 10 1 2 2 )	(BB - Evaluation OK	 f = 4230       	 h =   0        (L2)). Success found: Full success (dominating)
55	(   4   8   7  10   1   2   2 )	 4230   0   2   2   2   2   2   2   2   1   1   1   1   1   1   1
                        Parallel eval thread = 0 
Algo thread = 0 

                        Start evaluation of block of 1 points.
                        BB evaluation done for #107 ( 5 6 5 9 1 2 1 )	(BB - Evaluation OK	 f = 4420       	 h =   0        (L2)). Success found: Full success (dominating)
56	(   5   6   5   9   1   2   1 )	 4420   0   2   2   2   2   2   2   2   1   1   1   1   1   1   1
                        Parallel eval thread = 0 
Algo thread = 0 

                        Start evaluation of block of 1 points.
                        BB evaluation done for #111 ( 5 6 7 9 0 2 1 )	(BB - Evaluation OK	 f =   0       	 h = inf (L2)). Success found: Failure
57	(   5   6   7   9   0   2   1 )	    0 inf   2   2   2   2   2   2   2   1   1   1   1   1   1   1
                        Parallel eval thread = 0 
Algo thread = 0 

                        Start evaluation of block of 1 points.
                        BB evaluation done for #103 ( 5 8 6 8 1 3 0 )	(BB - Evaluation OK	 f =   0       	 h = inf (L2)). Success found: Failure
58	(   5   8   6   8   1   3   0 )	    0 inf   2   2   2   2   2   2   2   1   1   1   1   1   1   1
                        Parallel eval thread = 0 
Algo thread = 0 

                        Start evaluation of block of 1 points.
                        BB evaluation done for #113 ( 6 6 7 9 1 0 1 )	(BB - Evaluation OK	 f =   0       	 h = inf (L2)). Success found: Failure
59	(   6   6   7   9   1   0   1 )	    0 inf   2   2   2   2   2   2   2   1   1   1   1   1   1   1
                        Parallel eval thread = 0 
Algo thread = 0 

                        Start evaluation of block of 1 points.
                        BB evaluation done for #108 ( 6 7 7 10 1 2 0 )	(BB - Evaluation OK	 f = 6700       	 h =   0        (L2)). Success found: Failure
60	(   6   7   7  10   1   2   0 )	 6700   0   2   2   2   2   2   2   2   1   1   1   1   1   1   1
                        Parallel eval thread = 0 
Algo thread = 0 

                        Start evaluation of block of 1 points.
                        BB evaluation done for #114 ( 7 7 7 8 1 3 2 )	(BB - Evaluation OK	 f =   0       	 h = inf (L2)). Success found: Failure
61	(   7   7   7   8   1   3   2 )	    0 inf   2   2   2   2   2   2   2   1   1   1   1   1   1   1
                        We are done with evaluations.
                        Evaluation is done. Cleared queue of 0 points.
                        EvaluatorControl stop reason (main thread): No more points to evaluate (global): Started (Eval Global)
                        Poll: Full success (dominating). Stop reasons: No termination (all).  No more points to evaluate
                    } Evaluate points (full space) for Poll
                    Number of trial points: 7
                    Number of trial points that needed eval: 7
                    Number of evaluated points: 7
                    Poll is successful. Stop reason: No termination (all).  No more points to evaluate
                } End step Poll
                Updating barrier with 7 suggested points
                Current barrier: 
                X_FEAS #82 ( 5 6 7 9 1 2 1 )	(BB - Evaluation OK	 f = 4580       	 h =   0        (L2))
                H_MAX inf
                Ref Best Feasible:   #82 ( 5 6 7 9 1 2 1 )	(BB - Evaluation OK	 f = 4580       	 h =   0        (L2))
                Ref Best Infeasible: NULL
                Point suggested to update barrier (feasible): #104 ( 4 8 7 10 1 2 2 )	Evaluation OK	 f = 4230                     	 h =   0                      (L2)
                Point inserted in feasible barrier: #104 ( 4 8 7 10 1 2 2 )	Evaluation OK	 f = 4230                     	 h =   0                      (L2)
                Point suggested to update barrier (feasible): #107 ( 5 6 5 9 1 2 1 )	Evaluation OK	 f = 4420                     	 h =   0                      (L2)
                Point inserted in feasible barrier: #107 ( 5 6 5 9 1 2 1 )	Evaluation OK	 f = 4420                     	 h =   0                      (L2)
                Point suggested to update barrier (feasible): #108 ( 6 7 7 10 1 2 0 )	Evaluation OK	 f = 6700                     	 h =   0                      (L2)
                Point inserted in feasible barrier: #108 ( 6 7 7 10 1 2 0 )	Evaluation OK	 f = 6700                     	 h =   0                      (L2)
                New dominating xFeas: #104 ( 4 8 7 10 1 2 2 )	Evaluation OK	 f = 4230                     	 h =   0                      (L2)
                Update incumbent(s) in barrier. New feasible incumbent: #104 ( 4 8 7 10 1 2 2 )	Evaluation OK	 f = 4230                     	 h =   0                      (L2)
            } End step MADS Iteration 8
            Stop reason: No termination (all).  No more points to evaluate
            MADS MegaIteration 8: new success Full success (dominating)
        } End step MADS MegaIteration 8
        Start step MADS MegaIteration 9 {
            Start step MADS Update {
                Running MADS Update. Barrier: 
                X_FEAS #104 ( 4 8 7 10 1 2 2 )	(BB - Evaluation OK	 f = 4230       	 h =   0        (L2))
                H_MAX inf
                Ref Best Feasible:   #82 ( 5 6 7 9 1 2 1 )	(BB - Evaluation OK	 f = 4580       	 h =   0        (L2))
                Ref Best Infeasible: NULL
                Update: improving feasible point
                 from #82 ( 5 6 7 9 1 2 1 )	Evaluation OK	 f = 4580                     	 h =   0                      (L2)
                 to #104 ( 4 8 7 10 1 2 2 )	Evaluation OK	 f = 4230                     	 h =   0                      (L2)
                New direction (feasible) -1 2 0 1 0 0 1
                Last Iteration Successful. Delta is enlarged.
                delta mesh  size = 1 1 1 1 1 1 1
                Delta frame size = 5 5 5 5 5 5 5
            } End step MADS Update
            Mesh Stop Reason: No termination (all). 
            Iteration generated:
            MADS Iteration 8
            Mesh size:  1 1 1 1 1 1 1
            Frame size: 5 5 5 5 5 5 5
            Start step MADS Iteration 9 {
                Start step Search {
                    Search methods are all disabled.
                } End step Search
                Start step Poll {
                    Generate points for Poll
                    Generate points for Ortho N+1 Neg Poll Method {
                        Unit sphere direction: -0.311432 0.0650202 -0.370697 0.22517 0.00144547 -0.842475 -0.0299706
                        Poll direction before scaling and projection on mesh: 0.80602 0.0404988 -0.230894 0.140251 0.000900329 -0.524748 -0.0186676
                        Poll direction before scaling and projection on mesh: -0.80602 -0.0404988 0.230894 -0.140251 -0.000900329 0.524748 0.0186676
                        Poll direction before scaling and projection on mesh: 0.0404988 0.991545 0.0482055 -0.0292812 -0.000187969 0.109556 0.00389738
                        Poll direction before scaling and projection on mesh: -0.0404988 -0.991545 -0.0482055 0.0292812 0.000187969 -0.109556 -0.00389738
                        Poll direction before scaling and projection on mesh: -0.230894 0.0482055 0.725168 0.16694 0.00107166 -0.624606 -0.02222
                        Poll direction before scaling and projection on mesh: 0.230894 -0.0482055 -0.725168 -0.16694 -0.00107166 0.624606 0.02222
                        Poll direction before scaling and projection on mesh: 0.140251 -0.0292812 0.16694 0.898597 -0.000650952 0.379401 0.013497
                        Poll direction before scaling and projection on mesh: -0.140251 0.0292812 -0.16694 -0.898597 0.000650952 -0.379401 -0.013497
                        Poll direction before scaling and projection on mesh: 0.000900329 -0.000187969 0.00107166 -0.000650952 0.999996 0.00243554 8.66429e-05
                        Poll direction before scaling and projection on mesh: -0.000900329 0.000187969 -0.00107166 0.000650952 -0.999996 -0.00243554 -8.66429e-05
                        Poll direction before scaling and projection on mesh: -0.524748 0.109556 -0.624606 0.379401 0.00243554 -0.419528 -0.0504989
                        Poll direction before scaling and projection on mesh: 0.524748 -0.109556 0.624606 -0.379401 -0.00243554 0.419528 0.0504989
                        Poll direction before scaling and projection on mesh: -0.0186676 0.00389738 -0.02222 0.013497 8.66429e-05 -0.0504989 0.998204
                        Poll direction before scaling and projection on mesh: 0.0186676 -0.00389738 0.02222 -0.013497 -8.66429e-05 0.0504989 -0.998204
                        Generate  first pass trial points for Ortho N+1 Neg Poll Method {
                            Scaled and mesh projected poll direction: 5 0 -1 1 0 -3 -0
                            Scaled and mesh projected poll direction: -5 -0 1 -1 -0 3 0
                            Scaled and mesh projected poll direction: 0 5 0 -0 -0 1 0
                            Scaled and mesh projected poll direction: -0 -5 -0 0 0 -1 -0
                            Scaled and mesh projected poll direction: -2 0 5 1 0 -4 -0
                            Scaled and mesh projected poll direction: 2 -0 -5 -1 -0 4 0
                            Scaled and mesh projected poll direction: 1 -0 1 5 -0 2 0
                            Scaled and mesh projected poll direction: -1 0 -1 -5 0 -2 -0
                            Scaled and mesh projected poll direction: 0 -0 0 -0 5 0 0
                            Scaled and mesh projected poll direction: -0 0 -0 0 -5 -0 -0
                            Scaled and mesh projected poll direction: -4 1 -5 3 0 -3 -0
                            Scaled and mesh projected poll direction: 4 -1 5 -3 -0 3 0
                            Scaled and mesh projected poll direction: -0 0 -0 0 0 -0 5
                            Scaled and mesh projected poll direction: 0 -0 0 -0 -0 0 -5
                            Frame center: #104 ( 4 8 7 10 1 2 2 )	Evaluation OK	 f = 4230                     	 h =   0                      (L2)
                            Point before projection: ( 9 8 6 11 1 -1 2 )
                            Point after projection:  ( 9 8 6 10 1 0 2 )
                            Generated point: #116 ( 9 8 6 10 1 0 2 )
                            Point before projection: ( -1 8 8 9 1 5 2 )
                            Point after projection:  ( 0 8 8 9 1 5 2 )
                            Generated point: #117 ( 0 8 8 9 1 5 2 )
                            Point before projection: ( 4 13 7 10 1 3 2 )
                            Point after projection:  ( 4 10 7 10 1 3 2 )
                            Generated point: #118 ( 4 10 7 10 1 3 2 )
                            Point before projection: ( 4 3 7 10 1 1 2 )
                            Point after projection:  ( 4 3 7 10 1 1 2 )
                            Generated point: #119 ( 4 3 7 10 1 1 2 )
                            Point before projection: ( 2 8 12 11 1 -2 2 )
                            Point after projection:  ( 2 8 10 10 1 0 2 )
                            Generated point: #120 ( 2 8 10 10 1 0 2 )
                            Point before projection: ( 6 8 2 9 1 6 2 )
                            Point after projection:  ( 6 8 2 9 1 6 2 )
                            Generated point: #121 ( 6 8 2 9 1 6 2 )
                            Point before projection: ( 5 8 8 15 1 4 2 )
                            Point after projection:  ( 5 8 8 10 1 4 2 )
                            Generated point: #122 ( 5 8 8 10 1 4 2 )
                            Point before projection: ( 3 8 6 5 1 0 2 )
                            Point after projection:  ( 3 8 6 5 1 0 2 )
                            Generated point: #123 ( 3 8 6 5 1 0 2 )
                            Point before projection: ( 4 8 7 10 6 2 2 )
                            Point after projection:  ( 4 8 7 10 6 2 2 )
                            Generated point: #124 ( 4 8 7 10 6 2 2 )
                            Point before projection: ( 4 8 7 10 -4 2 2 )
                            Point after projection:  ( 4 8 7 10 0 2 2 )
                            Generated point: #125 ( 4 8 7 10 0 2 2 )
                            Point before projection: ( 0 9 2 13 1 -1 2 )
                            Point after projection:  ( 0 9 2 10 1 0 2 )
                            Generated point: #126 ( 0 9 2 10 1 0 2 )
                            Point before projection: ( 8 7 12 7 1 5 2 )
                            Point after projection:  ( 8 7 10 7 1 5 2 )
                            Generated point: #127 ( 8 7 10 7 1 5 2 )
                            Point before projection: ( 4 8 7 10 1 2 7 )
                            Point after projection:  ( 4 8 7 10 1 2 2 )
                            Generated point not inserted (equal to frame center): ( 4 8 7 10 1 2 2 )
                            Point before projection: ( 4 8 7 10 1 2 -3 )
                            Point after projection:  ( 4 8 7 10 1 2 0 )
                            Generated point: #128 ( 4 8 7 10 1 2 0 )
                            Generated 13 points
                        } Generate  first pass trial points for Ortho N+1 Neg Poll Method
                        Generated 13 points
                    } Generate points for Ortho N+1 Neg Poll Method
                    Number of trial points before sort and reduction to form a basis: 13
                    Sort trial points for step Ortho N+1 Neg Poll Method {
                        13 points added
                        New point added for sorting: #117 ( 0 8 8 9 1 5 2 )
                        New point added for sorting: #126 ( 0 9 2 10 1 0 2 )
                        New point added for sorting: #120 ( 2 8 10 10 1 0 2 )
                        New point added for sorting: #123 ( 3 8 6 5 1 0 2 )
                        New point added for sorting: #119 ( 4 3 7 10 1 1 2 )
                        New point added for sorting: #125 ( 4 8 7 10 0 2 2 )
                        New point added for sorting: #128 ( 4 8 7 10 1 2 0 )
                        New point added for sorting: #124 ( 4 8 7 10 6 2 2 )
                        New point added for sorting: #118 ( 4 10 7 10 1 3 2 )
                        New point added for sorting: #122 ( 5 8 8 10 1 4 2 )
                        New point added for sorting: #121 ( 6 8 2 9 1 6 2 )
                        New point added for sorting: #127 ( 8 7 10 7 1 5 2 )
                        New point added for sorting: #116 ( 9 8 6 10 1 0 2 )
                        Trial points sorted, before trim: 13 after trim: 13
                         Model eval missing for: #117 ( 0 8 8 9 1 5 2 )
                        Sort using OrderByDirection
                        Evaluation points before sort:
                        	#116 ( 9 8 6 10 1 0 2 )
                        	#127 ( 8 7 10 7 1 5 2 )
                        	#121 ( 6 8 2 9 1 6 2 )
                        	#122 ( 5 8 8 10 1 4 2 )
                        	#118 ( 4 10 7 10 1 3 2 )
                        	#124 ( 4 8 7 10 6 2 2 )
                        	#128 ( 4 8 7 10 1 2 0 )
                        	#125 ( 4 8 7 10 0 2 2 )
                        	#119 ( 4 3 7 10 1 1 2 )
                        	#123 ( 3 8 6 5 1 0 2 )
                        	#120 ( 2 8 10 10 1 0 2 )
                        	#126 ( 0 9 2 10 1 0 2 )
                        	#117 ( 0 8 8 9 1 5 2 )
                        Evaluation points after sort:
                        	#118 ( 4 10 7 10 1 3 2 )
                        	#126 ( 0 9 2 10 1 0 2 )
                        	#117 ( 0 8 8 9 1 5 2 )
                        	#120 ( 2 8 10 10 1 0 2 )
                        	#124 ( 4 8 7 10 6 2 2 )
                        	#125 ( 4 8 7 10 0 2 2 )
                        	#122 ( 5 8 8 10 1 4 2 )
                        	#121 ( 6 8 2 9 1 6 2 )
                        	#123 ( 3 8 6 5 1 0 2 )
                        	#116 ( 9 8 6 10 1 0 2 )
                        	#128 ( 4 8 7 10 1 2 0 )
                        	#127 ( 8 7 10 7 1 5 2 )
                        	#119 ( 4 3 7 10 1 1 2 )
                    } Sort trial points for step Ortho N+1 Neg Poll Method
                    Number of trial points after reduction to form a basis: 7
                    Point already in cache (but not BB evaluated): #117 ( 0 8 8 9 1 5 2 )
                    Point already in cache (but not BB evaluated): #126 ( 0 9 2 10 1 0 2 )
                    Point already in cache (but not BB evaluated): #120 ( 2 8 10 10 1 0 2 )
                    Point already in cache (but not BB evaluated): #128 ( 4 8 7 10 1 2 0 )
                    Point already in cache (but not BB evaluated): #124 ( 4 8 7 10 6 2 2 )
                    Point already in cache (but not BB evaluated): #118 ( 4 10 7 10 1 3 2 )
                    Point already in cache (but not BB evaluated): #122 ( 5 8 8 10 1 4 2 )
                    Number of points for step Poll of eval type BB that would need eval: 7
                    Add points (full space) to eval queue for step Poll {
                        7 points added
                        Point already in cache (but not BB evaluated): #117 ( 0 8 8 9 1 5 2 )
                        New point added to eval queue: #117 ( 0 8 8 9 1 5 2 )
                        Point already in cache (but not BB evaluated): #126 ( 0 9 2 10 1 0 2 )
                        New point added to eval queue: #126 ( 0 9 2 10 1 0 2 )
                        Point already in cache (but not BB evaluated): #120 ( 2 8 10 10 1 0 2 )
                        New point added to eval queue: #120 ( 2 8 10 10 1 0 2 )
                        Point already in cache (but not BB evaluated): #128 ( 4 8 7 10 1 2 0 )
                        New point added to eval queue: #128 ( 4 8 7 10 1 2 0 )
                        Point already in cache (but not BB evaluated): #124 ( 4 8 7 10 6 2 2 )
                        New point added to eval queue: #124 ( 4 8 7 10 6 2 2 )
                        Point already in cache (but not BB evaluated): #118 ( 4 10 7 10 1 3 2 )
                        New point added to eval queue: #118 ( 4 10 7 10 1 3 2 )
                        Point already in cache (but not BB evaluated): #122 ( 5 8 8 10 1 4 2 )
                        New point added to eval queue: #122 ( 5 8 8 10 1 4 2 )
                        Eval queue now has 7 points.
                    } Add points (full space) to eval queue for step Poll
                    Evaluate points (full space) for Poll {
                        Start evaluation. Opportunism = false, UseCache = true, Barrier
                        X_FEAS #104 ( 4 8 7 10 1 2 2 )	(BB - Evaluation OK	 f = 4230       	 h =   0        (L2))
                        H_MAX inf
                        Ref Best Feasible:   #104 ( 4 8 7 10 1 2 2 )	(BB - Evaluation OK	 f = 4230       	 h =   0        (L2))
                        Ref Best Infeasible: NULL
                        After blocks generation: 7 blocks
                        Parallel eval thread = 0 
Algo thread = 0 

                        Start evaluation of block of 1 points.
                        BB evaluation done for #117 ( 0 8 8 9 1 5 2 )	(BB - Evaluation OK	 f =   0       	 h = inf (L2)). Success found: Failure
62	(   0   8   8   9   1   5   2 )	    0 inf   5   5   5   5   5   5   5   1   1   1   1   1   1   1
                        Parallel eval thread = 0 
Algo thread = 0 

                        Start evaluation of block of 1 points.
                        BB evaluation done for #126 ( 0 9 2 10 1 0 2 )	(BB - Evaluation OK	 f =   0       	 h = inf (L2)). Success found: Failure
63	(   0   9   2  10   1   0   2 )	    0 inf   5   5   5   5   5   5   5   1   1   1   1   1   1   1
                        Parallel eval thread = 0 
Algo thread = 0 

                        Start evaluation of block of 1 points.
                        BB evaluation done for #120 ( 2 8 10 10 1 0 2 )	(BB - Evaluation OK	 f =   0       	 h = inf (L2)). Success found: Failure
64	(   2   8  10  10   1   0   2 )	    0 inf   5   5   5   5   5   5   5   1   1   1   1   1   1   1
                        Parallel eval thread = 0 
Algo thread = 0 

                        Start evaluation of block of 1 points.
                        BB evaluation done for #128 ( 4 8 7 10 1 2 0 )	(BB - Evaluation OK	 f = 5750       	 h =   0        (L2)). Success found: Failure
65	(   4   8   7  10   1   2   0 )	 5750   0   5   5   5   5   5   5   5   1   1   1   1   1   1   1
                        Parallel eval thread = 0 
Algo thread = 0 

                        Start evaluation of block of 1 points.
                        BB evaluation done for #124 ( 4 8 7 10 6 2 2 )	(BB - Evaluation OK	 f =   0       	 h = inf (L2)). Success found: Failure
66	(   4   8   7  10   6   2   2 )	    0 inf   5   5   5   5   5   5   5   1   1   1   1   1   1   1
                        Parallel eval thread = 0 
Algo thread = 0 

                        Start evaluation of block of 1 points.
                        BB evaluation done for #118 ( 4 10 7 10 1 3 2 )	(BB - Evaluation OK	 f =   0       	 h = inf (L2)). Success found: Failure
67	(   4  10   7  10   1   3   2 )	    0 inf   5   5   5   5   5   5   5   1   1   1   1   1   1   1
                        Parallel eval thread = 0 
Algo thread = 0 

                        Start evaluation of block of 1 points.
                        BB evaluation done for #122 ( 5 8 8 10 1 4 2 )	(BB - Evaluation OK	 f =   0       	 h = inf (L2)). Success found: Failure
68	(   5   8   8  10   1   4   2 )	    0 inf   5   5   5   5   5   5   5   1   1   1   1   1   1   1
                        We are done with evaluations.
                        Evaluation is done. Cleared queue of 0 points.
                        EvaluatorControl stop reason (main thread): No more points to evaluate (global): Started (Eval Global)
                        Poll: Failure. Stop reasons: No termination (all).  No more points to evaluate
                    } Evaluate points (full space) for Poll
                    Number of trial points: 7
                    Number of trial points that needed eval: 7
                    Number of evaluated points: 7
                    Generate second pass trial point(s) for Ortho N+1 Neg Poll Method {
                        Scaled and mesh projected poll direction: 9 -3 0 1 -5 -2 2
                        Frame center: #104 ( 4 8 7 10 1 2 2 )	Evaluation OK	 f = 4230                     	 h =   0                      (L2)
                        Point before projection: ( 13 5 7 11 -4 0 4 )
                        Point after projection:  ( 10 5 7 10 0 0 2 )
                        Generated point: #129 ( 10 5 7 10 0 0 2 )
                        Generated 1 points
                    } Generate second pass trial point(s) for Ortho N+1 Neg Poll Method
                    Add points (full space) to eval queue for step Poll {
                        1 points added
                        New point added to eval queue: #129 ( 10 5 7 10 0 0 2 )
                        Eval queue now has 1 points.
                    } Add points (full space) to eval queue for step Poll
                    Evaluate points (full space) for Poll {
                        Start evaluation. Opportunism = false, UseCache = true, Barrier
                        X_FEAS #104 ( 4 8 7 10 1 2 2 )	(BB - Evaluation OK	 f = 4230       	 h =   0        (L2))
                        H_MAX inf
                        Ref Best Feasible:   #104 ( 4 8 7 10 1 2 2 )	(BB - Evaluation OK	 f = 4230       	 h =   0        (L2))
                        Ref Best Infeasible: NULL
                        After blocks generation: 1 blocks
                        Parallel eval thread = 0 
Algo thread = 0 

                        Start evaluation of block of 1 points.
                        BB evaluation done for #129 ( 10 5 7 10 0 0 2 )	(BB - Evaluation OK	 f =   0       	 h = inf (L2)). Success found: Failure
69	(  10   5   7  10   0   0   2 )	    0 inf   5   5   5   5   5   5   5   1   1   1   1   1   1   1
                        We are done with evaluations.
                        Evaluation is done. Cleared queue of 0 points.
                        EvaluatorControl stop reason (main thread): No more points to evaluate (global): Started (Eval Global)
                        Poll: Failure. Stop reasons: No termination (all).  No more points to evaluate
                    } Evaluate points (full space) for Poll
                    Number of trial points: 1
                    Number of trial points that needed eval: 1
                    Number of evaluated points: 1
                    Poll is not successful. Stop reason: No termination (all).  No more points to evaluate
                } End step Poll
                Updating barrier with 1 suggested points
                Current barrier: 
                X_FEAS #104 ( 4 8 7 10 1 2 2 )	(BB - Evaluation OK	 f = 4230       	 h =   0        (L2))
                H_MAX inf
                Ref Best Feasible:   #104 ( 4 8 7 10 1 2 2 )	(BB - Evaluation OK	 f = 4230       	 h =   0        (L2))
                Ref Best Infeasible: NULL
                No points added to the barrier
            } End step MADS Iteration 9
            Stop reason: No termination (all).  No more points to evaluate
        } End step MADS MegaIteration 9
        Start step MADS MegaIteration 10 {
            Start step MADS Update {
                Running MADS Update. Barrier: 
                X_FEAS #104 ( 4 8 7 10 1 2 2 )	(BB - Evaluation OK	 f = 4230       	 h =   0        (L2))
                H_MAX inf
                Ref Best Feasible:   #104 ( 4 8 7 10 1 2 2 )	(BB - Evaluation OK	 f = 4230       	 h =   0        (L2))
                Ref Best Infeasible: NULL
                Update: no success found
                New direction (feasible) -1 2 0 1 0 0 1
                Last Iteration Unsuccessful. Delta is refined.
                delta mesh  size = 1 1 1 1 1 1 1
                Delta frame size = 2 2 2 2 2 2 2
            } End step MADS Update
            Mesh Stop Reason: No termination (all). 
            Iteration generated:
            MADS Iteration 9
            Mesh size:  1 1 1 1 1 1 1
            Frame size: 2 2 2 2 2 2 2
            Start step MADS Iteration 10 {
                Start step Search {
                    Search methods are all disabled.
                } End step Search
                Start step Poll {
                    Generate points for Poll
                    Generate points for Ortho N+1 Neg Poll Method {
                        Unit sphere direction: 0.203365 0.0538681 0.490187 0.114653 -0.459813 -0.687609 0.134454
                        Poll direction before scaling and projection on mesh: 0.917285 -0.0219098 -0.199374 -0.0466331 0.18702 0.279671 -0.0546866
                        Poll direction before scaling and projection on mesh: -0.917285 0.0219098 0.199374 0.0466331 -0.18702 -0.279671 0.0546866
                        Poll direction before scaling and projection on mesh: -0.0219098 0.994196 -0.0528109 -0.0123523 0.0495385 0.0740803 -0.0144856
                        Poll direction before scaling and projection on mesh: 0.0219098 -0.994196 0.0528109 0.0123523 -0.0495385 -0.0740803 0.0144856
                        Poll direction before scaling and projection on mesh: -0.199374 -0.0528109 0.519433 -0.112403 0.450789 0.674114 -0.131816
                        Poll direction before scaling and projection on mesh: 0.199374 0.0528109 -0.519433 0.112403 -0.450789 -0.674114 0.131816
                        Poll direction before scaling and projection on mesh: -0.0466331 -0.0123523 -0.112403 0.973709 0.105438 0.157673 -0.0308313
                        Poll direction before scaling and projection on mesh: 0.0466331 0.0123523 0.112403 -0.973709 -0.105438 -0.157673 0.0308313
                        Poll direction before scaling and projection on mesh: 0.18702 0.0495385 0.450789 0.105438 0.577143 -0.632343 0.123648
                        Poll direction before scaling and projection on mesh: -0.18702 -0.0495385 -0.450789 -0.105438 -0.577143 0.632343 -0.123648
                        Poll direction before scaling and projection on mesh: 0.279671 0.0740803 0.674114 0.157673 -0.632343 0.0543891 0.184904
                        Poll direction before scaling and projection on mesh: -0.279671 -0.0740803 -0.674114 -0.157673 0.632343 -0.0543891 -0.184904
                        Poll direction before scaling and projection on mesh: -0.0546866 -0.0144856 -0.131816 -0.0308313 0.123648 0.184904 0.963844
                        Poll direction before scaling and projection on mesh: 0.0546866 0.0144856 0.131816 0.0308313 -0.123648 -0.184904 -0.963844
                        Generate  first pass trial points for Ortho N+1 Neg Poll Method {
                            Scaled and mesh projected poll direction: 2 -0 -0 -0 0 1 -0
                            Scaled and mesh projected poll direction: -2 0 0 0 -0 -1 0
                            Scaled and mesh projected poll direction: -0 2 -0 -0 0 0 -0
                            Scaled and mesh projected poll direction: 0 -2 0 0 -0 -0 0
                            Scaled and mesh projected poll direction: -1 -0 2 -0 1 2 -0
                            Scaled and mesh projected poll direction: 1 0 -2 0 -1 -2 0
                            Scaled and mesh projected poll direction: -0 -0 -0 2 0 0 -0
                            Scaled and mesh projected poll direction: 0 0 0 -2 -0 -0 0
                            Scaled and mesh projected poll direction: 1 0 1 0 2 -2 0
                            Scaled and mesh projected poll direction: -1 -0 -1 -0 -2 2 -0
                            Scaled and mesh projected poll direction: 1 0 2 0 -2 0 1
                            Scaled and mesh projected poll direction: -1 -0 -2 -0 2 -0 -1
                            Scaled and mesh projected poll direction: -0 -0 -0 -0 0 0 2
                            Scaled and mesh projected poll direction: 0 0 0 0 -0 -0 -2
                            Frame center: #104 ( 4 8 7 10 1 2 2 )	Evaluation OK	 f = 4230                     	 h =   0                      (L2)
                            Point before projection: ( 6 8 7 10 1 3 2 )
                            Point after projection:  ( 6 8 7 10 1 3 2 )
                            Generated point: #130 ( 6 8 7 10 1 3 2 )
                            Point before projection: ( 2 8 7 10 1 1 2 )
                            Point after projection:  ( 2 8 7 10 1 1 2 )
                            Generated point: #131 ( 2 8 7 10 1 1 2 )
                            Point before projection: ( 4 10 7 10 1 2 2 )
                            Point after projection:  ( 4 10 7 10 1 2 2 )
                            Generated point: #132 ( 4 10 7 10 1 2 2 )
                            Point before projection: ( 4 6 7 10 1 2 2 )
                            Point after projection:  ( 4 6 7 10 1 2 2 )
                            Generated point: #133 ( 4 6 7 10 1 2 2 )
                            Point before projection: ( 3 8 9 10 2 4 2 )
                            Point after projection:  ( 3 8 9 10 2 4 2 )
                            Generated point: #134 ( 3 8 9 10 2 4 2 )
                            Point before projection: ( 5 8 5 10 0 0 2 )
                            Point after projection:  ( 5 8 5 10 0 0 2 )
                            Generated point: #135 ( 5 8 5 10 0 0 2 )
                            Point before projection: ( 4 8 7 12 1 2 2 )
                            Point after projection:  ( 4 8 7 10 1 2 2 )
                            Generated point not inserted (equal to frame center): ( 4 8 7 10 1 2 2 )
                            Point before projection: ( 4 8 7 8 1 2 2 )
                            Point after projection:  ( 4 8 7 8 1 2 2 )
                            Generated point: #136 ( 4 8 7 8 1 2 2 )
                            Point before projection: ( 5 8 8 10 3 0 2 )
                            Point after projection:  ( 5 8 8 10 3 0 2 )
                            Generated point: #137 ( 5 8 8 10 3 0 2 )
                            Point before projection: ( 3 8 6 10 -1 4 2 )
                            Point after projection:  ( 3 8 6 10 0 4 2 )
                            Generated point: #138 ( 3 8 6 10 0 4 2 )
                            Point before projection: ( 5 8 9 10 -1 2 3 )
                            Point after projection:  ( 5 8 9 10 0 2 2 )
                            Generated point: #139 ( 5 8 9 10 0 2 2 )
                            Point before projection: ( 3 8 5 10 3 2 1 )
                            Point after projection:  ( 3 8 5 10 3 2 1 )
                            Generated point: #140 ( 3 8 5 10 3 2 1 )
                            Point before projection: ( 4 8 7 10 1 2 4 )
                            Point after projection:  ( 4 8 7 10 1 2 2 )
                            Generated point not inserted (equal to frame center): ( 4 8 7 10 1 2 2 )
                            Point before projection: ( 4 8 7 10 1 2 0 )
                            Point after projection:  ( 4 8 7 10 1 2 0 )
                            Generated point: #141 ( 4 8 7 10 1 2 0 )
                            Generated 12 points
                        } Generate  first pass trial points for Ortho N+1 Neg Poll Method
                        Generated 12 points
                    } Generate points for Ortho N+1 Neg Poll Method
                    Number of trial points before sort and reduction to form a basis: 12
                    Sort trial points for step Ortho N+1 Neg Poll Method {
                        12 points added
                        New point added for sorting: #131 ( 2 8 7 10 1 1 2 )
                        New point added for sorting: #140 ( 3 8 5 10 3 2 1 )
                        New point added for sorting: #138 ( 3 8 6 10 0 4 2 )
                        New point added for sorting: #134 ( 3 8 9 10 2 4 2 )
                        New point added for sorting: #133 ( 4 6 7 10 1 2 2 )
                        New point added for sorting: #136 ( 4 8 7 8 1 2 2 )
                        Cache hit: #128 ( 4 8 7 10 1 2 0 )	Evaluation OK	 f = 5750                     	 h =   0                      (L2)
                        Point already evaluated, trimmed from sorted eval points: #141 ( 4 8 7 10 1 2 0 )
                        New point added for sorting: #132 ( 4 10 7 10 1 2 2 )
                        New point added for sorting: #135 ( 5 8 5 10 0 0 2 )
                        New point added for sorting: #137 ( 5 8 8 10 3 0 2 )
                        New point added for sorting: #139 ( 5 8 9 10 0 2 2 )
                        New point added for sorting: #130 ( 6 8 7 10 1 3 2 )
                        Trial points sorted, before trim: 12 after trim: 11
                         Model eval missing for: #131 ( 2 8 7 10 1 1 2 )
                        Sort using OrderByDirection
                        Evaluation points before sort:
                        	#130 ( 6 8 7 10 1 3 2 )
                        	#139 ( 5 8 9 10 0 2 2 )
                        	#137 ( 5 8 8 10 3 0 2 )
                        	#135 ( 5 8 5 10 0 0 2 )
                        	#132 ( 4 10 7 10 1 2 2 )
                        	#136 ( 4 8 7 8 1 2 2 )
                        	#133 ( 4 6 7 10 1 2 2 )
                        	#134 ( 3 8 9 10 2 4 2 )
                        	#138 ( 3 8 6 10 0 4 2 )
                        	#140 ( 3 8 5 10 3 2 1 )
                        	#131 ( 2 8 7 10 1 1 2 )
                        Evaluation points after sort:
                        	#132 ( 4 10 7 10 1 2 2 )
                        	#131 ( 2 8 7 10 1 1 2 )
                        	#138 ( 3 8 6 10 0 4 2 )
                        	#134 ( 3 8 9 10 2 4 2 )
                        	#140 ( 3 8 5 10 3 2 1 )
                        	#135 ( 5 8 5 10 0 0 2 )
                        	#137 ( 5 8 8 10 3 0 2 )
                        	#139 ( 5 8 9 10 0 2 2 )
                        	#130 ( 6 8 7 10 1 3 2 )
                        	#136 ( 4 8 7 8 1 2 2 )
                        	#133 ( 4 6 7 10 1 2 2 )
                    } Sort trial points for step Ortho N+1 Neg Poll Method
                    Number of trial points after reduction to form a basis: 7
                    Point already in cache (but not BB evaluated): #131 ( 2 8 7 10 1 1 2 )
                    Point already in cache (but not BB evaluated): #140 ( 3 8 5 10 3 2 1 )
                    Point already in cache (but not BB evaluated): #138 ( 3 8 6 10 0 4 2 )
                    Point already in cache (but not BB evaluated): #134 ( 3 8 9 10 2 4 2 )
                    Point already in cache (but not BB evaluated): #136 ( 4 8 7 8 1 2 2 )
                    Point already in cache (but not BB evaluated): #132 ( 4 10 7 10 1 2 2 )
                    Point already in cache (but not BB evaluated): #137 ( 5 8 8 10 3 0 2 )
                    Number of points for step Poll of eval type BB that would need eval: 7
                    Add points (full space) to eval queue for step Poll {
                        7 points added
                        Point already in cache (but not BB evaluated): #131 ( 2 8 7 10 1 1 2 )
                        New point added to eval queue: #131 ( 2 8 7 10 1 1 2 )
                        Point already in cache (but not BB evaluated): #140 ( 3 8 5 10 3 2 1 )
                        New point added to eval queue: #140 ( 3 8 5 10 3 2 1 )
                        Point already in cache (but not BB evaluated): #138 ( 3 8 6 10 0 4 2 )
                        New point added to eval queue: #138 ( 3 8 6 10 0 4 2 )
                        Point already in cache (but not BB evaluated): #134 ( 3 8 9 10 2 4 2 )
                        New point added to eval queue: #134 ( 3 8 9 10 2 4 2 )
                        Point already in cache (but not BB evaluated): #136 ( 4 8 7 8 1 2 2 )
                        New point added to eval queue: #136 ( 4 8 7 8 1 2 2 )
                        Point already in cache (but not BB evaluated): #132 ( 4 10 7 10 1 2 2 )
                        New point added to eval queue: #132 ( 4 10 7 10 1 2 2 )
                        Point already in cache (but not BB evaluated): #137 ( 5 8 8 10 3 0 2 )
                        New point added to eval queue: #137 ( 5 8 8 10 3 0 2 )
                        Eval queue now has 7 points.
                    } Add points (full space) to eval queue for step Poll
                    Evaluate points (full space) for Poll {
                        Start evaluation. Opportunism = false, UseCache = true, Barrier
                        X_FEAS #104 ( 4 8 7 10 1 2 2 )	(BB - Evaluation OK	 f = 4230       	 h =   0        (L2))
                        H_MAX inf
                        Ref Best Feasible:   #104 ( 4 8 7 10 1 2 2 )	(BB - Evaluation OK	 f = 4230       	 h =   0        (L2))
                        Ref Best Infeasible: NULL
                        After blocks generation: 7 blocks
                        Parallel eval thread = 0 
Algo thread = 0 

                        Start evaluation of block of 1 points.
                        BB evaluation done for #131 ( 2 8 7 10 1 1 2 )	(BB - Evaluation OK	 f =   0       	 h = inf (L2)). Success found: Failure
70	(   2   8   7  10   1   1   2 )	    0 inf   2   2   2   2   2   2   2   1   1   1   1   1   1   1
                        Parallel eval thread = 0 
Algo thread = 0 

                        Start evaluation of block of 1 points.
                        BB evaluation done for #140 ( 3 8 5 10 3 2 1 )	(BB - Evaluation OK	 f =   0       	 h = inf (L2)). Success found: Failure
71	(   3   8   5  10   3   2   1 )	    0 inf   2   2   2   2   2   2   2   1   1   1   1   1   1   1
                        Parallel eval thread = 0 
Algo thread = 0 

                        Start evaluation of block of 1 points.
                        BB evaluation done for #138 ( 3 8 6 10 0 4 2 )	(BB - Evaluation OK	 f =   0       	 h = inf (L2)). Success found: Failure
72	(   3   8   6  10   0   4   2 )	    0 inf   2   2   2   2   2   2   2   1   1   1   1   1   1   1
                        Parallel eval thread = 0 
Algo thread = 0 

                        Start evaluation of block of 1 points.
                        BB evaluation done for #134 ( 3 8 9 10 2 4 2 )	(BB - Evaluation OK	 f =   0       	 h = inf (L2)). Success found: Failure
73	(   3   8   9  10   2   4   2 )	    0 inf   2   2   2   2   2   2   2   1   1   1   1   1   1   1
                        Parallel eval thread = 0 
Algo thread = 0 

                        Start evaluation of block of 1 points.
                        BB evaluation done for #136 ( 4 8 7 8 1 2 2 )	(BB - Evaluation OK	 f = 4040       	 h =   0        (L2)). Success found: Full success (dominating)
74	(   4   8   7   8   1   2   2 )	 4040   0   2   2   2   2   2   2   2   1   1   1   1   1   1   1
                        Parallel eval thread = 0 
Algo thread = 0 

                        Start evaluation of block of 1 points.
                        BB evaluation done for #132 ( 4 10 7 10 1 2 2 )	(BB - Evaluation OK	 f =   0       	 h = inf (L2)). Success found: Failure
75	(   4  10   7  10   1   2   2 )	    0 inf   2   2   2   2   2   2   2   1   1   1   1   1   1   1
                        Parallel eval thread = 0 
Algo thread = 0 

                        Start evaluation of block of 1 points.
                        BB evaluation done for #137 ( 5 8 8 10 3 0 2 )	(BB - Evaluation OK	 f =   0       	 h = inf (L2)). Success found: Failure
76	(   5   8   8  10   3   0   2 )	    0 inf   2   2   2   2   2   2   2   1   1   1   1   1   1   1
                        We are done with evaluations.
                        Evaluation is done. Cleared queue of 0 points.
                        EvaluatorControl stop reason (main thread): No more points to evaluate (global): Started (Eval Global)
                        Poll: Full success (dominating). Stop reasons: No termination (all).  No more points to evaluate
                    } Evaluate points (full space) for Poll
                    Number of trial points: 7
                    Number of trial points that needed eval: 7
                    Number of evaluated points: 7
                    Poll is successful. Stop reason: No termination (all).  No more points to evaluate
                } End step Poll
                Updating barrier with 7 suggested points
                Current barrier: 
                X_FEAS #104 ( 4 8 7 10 1 2 2 )	(BB - Evaluation OK	 f = 4230       	 h =   0        (L2))
                H_MAX inf
                Ref Best Feasible:   #104 ( 4 8 7 10 1 2 2 )	(BB - Evaluation OK	 f = 4230       	 h =   0        (L2))
                Ref Best Infeasible: NULL
                Point suggested to update barrier (feasible): #136 ( 4 8 7 8 1 2 2 )	Evaluation OK	 f = 4040                     	 h =   0                      (L2)
                Point inserted in feasible barrier: #136 ( 4 8 7 8 1 2 2 )	Evaluation OK	 f = 4040                     	 h =   0                      (L2)
                New dominating xFeas: #136 ( 4 8 7 8 1 2 2 )	Evaluation OK	 f = 4040                     	 h =   0                      (L2)
                Update incumbent(s) in barrier. New feasible incumbent: #136 ( 4 8 7 8 1 2 2 )	Evaluation OK	 f = 4040                     	 h =   0                      (L2)
            } End step MADS Iteration 10
            Stop reason: No termination (all).  No more points to evaluate
            MADS MegaIteration 10: new success Full success (dominating)
        } End step MADS MegaIteration 10
        Start step MADS MegaIteration 11 {
            Start step MADS Update {
                Running MADS Update. Barrier: 
                X_FEAS #136 ( 4 8 7 8 1 2 2 )	(BB - Evaluation OK	 f = 4040       	 h =   0        (L2))
                H_MAX inf
                Ref Best Feasible:   #104 ( 4 8 7 10 1 2 2 )	(BB - Evaluation OK	 f = 4230       	 h =   0        (L2))
                Ref Best Infeasible: NULL
                Update: improving feasible point
                 from #104 ( 4 8 7 10 1 2 2 )	Evaluation OK	 f = 4230                     	 h =   0                      (L2)
                 to #136 ( 4 8 7 8 1 2 2 )	Evaluation OK	 f = 4040                     	 h =   0                      (L2)
                New direction (feasible) 0 0 0 -2 0 0 0
                Last Iteration Successful. Delta is enlarged.
                delta mesh  size = 1 1 1 1 1 1 1
                Delta frame size = 5 5 5 5 5 5 5
            } End step MADS Update
            Mesh Stop Reason: No termination (all). 
            Iteration generated:
            MADS Iteration 10
            Mesh size:  1 1 1 1 1 1 1
            Frame size: 5 5 5 5 5 5 5
            Start step MADS Iteration 11 {
                Start step Search {
                    Search methods are all disabled.
                } End step Search
                Start step Poll {
                    Generate points for Poll
                    Generate points for Ortho N+1 Neg Poll Method {
                        Unit sphere direction: -0.00816224 -0.440788 0.658382 -0.388288 0.117608 -0.346815 0.295455
                        Poll direction before scaling and projection on mesh: 0.999867 -0.00719563 0.0107477 -0.00633859 0.00191989 -0.00566158 0.00482314
                        Poll direction before scaling and projection on mesh: -0.999867 0.00719563 -0.0107477 0.00633859 -0.00191989 0.00566158 -0.00482314
                        Poll direction before scaling and projection on mesh: -0.00719563 0.611412 0.580413 -0.342305 0.10368 -0.305744 0.260466
                        Poll direction before scaling and projection on mesh: 0.00719563 -0.611412 -0.580413 0.342305 -0.10368 0.305744 -0.260466
                        Poll direction before scaling and projection on mesh: 0.0107477 0.580413 0.133067 0.511283 -0.154862 0.456674 -0.389044
                        Poll direction before scaling and projection on mesh: -0.0107477 -0.580413 -0.133067 -0.511283 0.154862 -0.456674 0.389044
                        Poll direction before scaling and projection on mesh: -0.00633859 -0.342305 0.511283 0.698466 0.0913314 -0.269328 0.229443
                        Poll direction before scaling and projection on mesh: 0.00633859 0.342305 -0.511283 -0.698466 -0.0913314 0.269328 -0.229443
                        Poll direction before scaling and projection on mesh: 0.00191989 0.10368 -0.154862 0.0913314 0.972337 0.0815764 -0.0694956
                        Poll direction before scaling and projection on mesh: -0.00191989 -0.10368 0.154862 -0.0913314 -0.972337 -0.0815764 0.0694956
                        Poll direction before scaling and projection on mesh: -0.00566158 -0.305744 0.456674 -0.269328 0.0815764 0.759438 0.204936
                        Poll direction before scaling and projection on mesh: 0.00566158 0.305744 -0.456674 0.269328 -0.0815764 -0.759438 -0.204936
                        Poll direction before scaling and projection on mesh: 0.00482314 0.260466 -0.389044 0.229443 -0.0694956 0.204936 0.825413
                        Poll direction before scaling and projection on mesh: -0.00482314 -0.260466 0.389044 -0.229443 0.0694956 -0.204936 -0.825413
                        Generate  first pass trial points for Ortho N+1 Neg Poll Method {
                            Scaled and mesh projected poll direction: 5 -0 0 -0 0 -0 0
                            Scaled and mesh projected poll direction: -5 0 -0 0 -0 0 -0
                            Scaled and mesh projected poll direction: -0 5 5 -3 1 -3 2
                            Scaled and mesh projected poll direction: 0 -5 -5 3 -1 3 -2
                            Scaled and mesh projected poll direction: 0 5 1 4 -1 4 -3
                            Scaled and mesh projected poll direction: -0 -5 -1 -4 1 -4 3
                            Scaled and mesh projected poll direction: -0 -2 4 5 1 -2 2
                            Scaled and mesh projected poll direction: 0 2 -4 -5 -1 2 -2
                            Scaled and mesh projected poll direction: 0 1 -1 0 5 0 -0
                            Scaled and mesh projected poll direction: -0 -1 1 -0 -5 -0 0
                            Scaled and mesh projected poll direction: -0 -2 3 -2 1 5 1
                            Scaled and mesh projected poll direction: 0 2 -3 2 -1 -5 -1
                            Scaled and mesh projected poll direction: 0 2 -2 1 -0 1 5
                            Scaled and mesh projected poll direction: -0 -2 2 -1 0 -1 -5
                            Frame center: #136 ( 4 8 7 8 1 2 2 )	Evaluation OK	 f = 4040                     	 h =   0                      (L2)
                            Point before projection: ( 9 8 7 8 1 2 2 )
                            Point after projection:  ( 9 8 7 8 1 2 2 )
                            Generated point: #142 ( 9 8 7 8 1 2 2 )
                            Point before projection: ( -1 8 7 8 1 2 2 )
                            Point after projection:  ( 0 8 7 8 1 2 2 )
                            Generated point: #143 ( 0 8 7 8 1 2 2 )
                            Point before projection: ( 4 13 12 5 2 -1 4 )
                            Point after projection:  ( 4 10 10 5 2 0 2 )
                            Generated point: #144 ( 4 10 10 5 2 0 2 )
                            Point before projection: ( 4 3 2 11 0 5 0 )
                            Point after projection:  ( 4 3 2 10 0 5 0 )
                            Generated point: #145 ( 4 3 2 10 0 5 0 )
                            Point before projection: ( 4 13 8 12 0 6 -1 )
                            Point after projection:  ( 4 10 8 10 0 6 0 )
                            Generated point: #146 ( 4 10 8 10 0 6 0 )
                            Point before projection: ( 4 3 6 4 2 -2 5 )
                            Point after projection:  ( 4 3 6 4 2 0 2 )
                            Generated point: #147 ( 4 3 6 4 2 0 2 )
                            Point before projection: ( 4 6 11 13 2 0 4 )
                            Point after projection:  ( 4 6 10 10 2 0 2 )
                            Generated point: #148 ( 4 6 10 10 2 0 2 )
                            Point before projection: ( 4 10 3 3 0 4 0 )
                            Point after projection:  ( 4 10 3 3 0 4 0 )
                            Generated point: #149 ( 4 10 3 3 0 4 0 )
                            Point before projection: ( 4 9 6 8 6 2 2 )
                            Point after projection:  ( 4 9 6 8 6 2 2 )
                            Generated point: #150 ( 4 9 6 8 6 2 2 )
                            Point before projection: ( 4 7 8 8 -4 2 2 )
                            Point after projection:  ( 4 7 8 8 0 2 2 )
                            Generated point: #151 ( 4 7 8 8 0 2 2 )
                            Point before projection: ( 4 6 10 6 2 7 3 )
                            Point after projection:  ( 4 6 10 6 2 7 2 )
                            Generated point: #152 ( 4 6 10 6 2 7 2 )
                            Point before projection: ( 4 10 4 10 0 -3 1 )
                            Point after projection:  ( 4 10 4 10 0 0 1 )
                            Generated point: #153 ( 4 10 4 10 0 0 1 )
                            Point before projection: ( 4 10 5 9 1 3 7 )
                            Point after projection:  ( 4 10 5 9 1 3 2 )
                            Generated point: #154 ( 4 10 5 9 1 3 2 )
                            Point before projection: ( 4 6 9 7 1 1 -3 )
                            Point after projection:  ( 4 6 9 7 1 1 0 )
                            Generated point: #155 ( 4 6 9 7 1 1 0 )
                            Generated 14 points
                        } Generate  first pass trial points for Ortho N+1 Neg Poll Method
                        Generated 14 points
                    } Generate points for Ortho N+1 Neg Poll Method
                    Number of trial points before sort and reduction to form a basis: 14
                    Sort trial points for step Ortho N+1 Neg Poll Method {
                        14 points added
                        New point added for sorting: #143 ( 0 8 7 8 1 2 2 )
                        New point added for sorting: #145 ( 4 3 2 10 0 5 0 )
                        New point added for sorting: #147 ( 4 3 6 4 2 0 2 )
                        New point added for sorting: #155 ( 4 6 9 7 1 1 0 )
                        New point added for sorting: #152 ( 4 6 10 6 2 7 2 )
                        New point added for sorting: #148 ( 4 6 10 10 2 0 2 )
                        New point added for sorting: #151 ( 4 7 8 8 0 2 2 )
                        New point added for sorting: #150 ( 4 9 6 8 6 2 2 )
                        New point added for sorting: #149 ( 4 10 3 3 0 4 0 )
                        New point added for sorting: #153 ( 4 10 4 10 0 0 1 )
                        New point added for sorting: #154 ( 4 10 5 9 1 3 2 )
                        New point added for sorting: #146 ( 4 10 8 10 0 6 0 )
                        New point added for sorting: #144 ( 4 10 10 5 2 0 2 )
                        New point added for sorting: #142 ( 9 8 7 8 1 2 2 )
                        Trial points sorted, before trim: 14 after trim: 14
                         Model eval missing for: #143 ( 0 8 7 8 1 2 2 )
                        Sort using OrderByDirection
                        Evaluation points before sort:
                        	#142 ( 9 8 7 8 1 2 2 )
                        	#144 ( 4 10 10 5 2 0 2 )
                        	#146 ( 4 10 8 10 0 6 0 )
                        	#154 ( 4 10 5 9 1 3 2 )
                        	#153 ( 4 10 4 10 0 0 1 )
                        	#149 ( 4 10 3 3 0 4 0 )
                        	#150 ( 4 9 6 8 6 2 2 )
                        	#151 ( 4 7 8 8 0 2 2 )
                        	#148 ( 4 6 10 10 2 0 2 )
                        	#152 ( 4 6 10 6 2 7 2 )
                        	#155 ( 4 6 9 7 1 1 0 )
                        	#147 ( 4 3 6 4 2 0 2 )
                        	#145 ( 4 3 2 10 0 5 0 )
                        	#143 ( 0 8 7 8 1 2 2 )
                        Evaluation points after sort:
                        	#149 ( 4 10 3 3 0 4 0 )
                        	#147 ( 4 3 6 4 2 0 2 )
                        	#144 ( 4 10 10 5 2 0 2 )
                        	#152 ( 4 6 10 6 2 7 2 )
                        	#155 ( 4 6 9 7 1 1 0 )
                        	#142 ( 9 8 7 8 1 2 2 )
                        	#143 ( 0 8 7 8 1 2 2 )
                        	#150 ( 4 9 6 8 6 2 2 )
                        	#151 ( 4 7 8 8 0 2 2 )
                        	#145 ( 4 3 2 10 0 5 0 )
                        	#154 ( 4 10 5 9 1 3 2 )
                        	#146 ( 4 10 8 10 0 6 0 )
                        	#153 ( 4 10 4 10 0 0 1 )
                        	#148 ( 4 6 10 10 2 0 2 )
                    } Sort trial points for step Ortho N+1 Neg Poll Method
                    Number of trial points after reduction to form a basis: 7
                    Point already in cache (but not BB evaluated): #147 ( 4 3 6 4 2 0 2 )
                    Point already in cache (but not BB evaluated): #155 ( 4 6 9 7 1 1 0 )
                    Point already in cache (but not BB evaluated): #152 ( 4 6 10 6 2 7 2 )
                    Point already in cache (but not BB evaluated): #150 ( 4 9 6 8 6 2 2 )
                    Point already in cache (but not BB evaluated): #149 ( 4 10 3 3 0 4 0 )
                    Point already in cache (but not BB evaluated): #144 ( 4 10 10 5 2 0 2 )
                    Point already in cache (but not BB evaluated): #142 ( 9 8 7 8 1 2 2 )
                    Number of points for step Poll of eval type BB that would need eval: 7
                    Add points (full space) to eval queue for step Poll {
                        7 points added
                        Point already in cache (but not BB evaluated): #147 ( 4 3 6 4 2 0 2 )
                        New point added to eval queue: #147 ( 4 3 6 4 2 0 2 )
                        Point already in cache (but not BB evaluated): #155 ( 4 6 9 7 1 1 0 )
                        New point added to eval queue: #155 ( 4 6 9 7 1 1 0 )
                        Point already in cache (but not BB evaluated): #152 ( 4 6 10 6 2 7 2 )
                        New point added to eval queue: #152 ( 4 6 10 6 2 7 2 )
                        Point already in cache (but not BB evaluated): #150 ( 4 9 6 8 6 2 2 )
                        New point added to eval queue: #150 ( 4 9 6 8 6 2 2 )
                        Point already in cache (but not BB evaluated): #149 ( 4 10 3 3 0 4 0 )
                        New point added to eval queue: #149 ( 4 10 3 3 0 4 0 )
                        Point already in cache (but not BB evaluated): #144 ( 4 10 10 5 2 0 2 )
                        New point added to eval queue: #144 ( 4 10 10 5 2 0 2 )
                        Point already in cache (but not BB evaluated): #142 ( 9 8 7 8 1 2 2 )
                        New point added to eval queue: #142 ( 9 8 7 8 1 2 2 )
                        Eval queue now has 7 points.
                    } Add points (full space) to eval queue for step Poll
                    Evaluate points (full space) for Poll {
                        Start evaluation. Opportunism = false, UseCache = true, Barrier
                        X_FEAS #136 ( 4 8 7 8 1 2 2 )	(BB - Evaluation OK	 f = 4040       	 h =   0        (L2))
                        H_MAX inf
                        Ref Best Feasible:   #136 ( 4 8 7 8 1 2 2 )	(BB - Evaluation OK	 f = 4040       	 h =   0        (L2))
                        Ref Best Infeasible: NULL
                        After blocks generation: 7 blocks
                        Parallel eval thread = 0 
Algo thread = 0 

                        Start evaluation of block of 1 points.
                        BB evaluation done for #147 ( 4 3 6 4 2 0 2 )	(BB - Evaluation OK	 f =   0       	 h = inf (L2)). Success found: Failure
77	(   4   3   6   4   2   0   2 )	    0 inf   5   5   5   5   5   5   5   1   1   1   1   1   1   1
                        Parallel eval thread = 0 
Algo thread = 0 

                        Start evaluation of block of 1 points.
                        BB evaluation done for #155 ( 4 6 9 7 1 1 0 )	(BB - Evaluation OK	 f =   0       	 h = inf (L2)). Success found: Failure
78	(   4   6   9   7   1   1   0 )	    0 inf   5   5   5   5   5   5   5   1   1   1   1   1   1   1
                        Parallel eval thread = 0 
Algo thread = 0 

                        Start evaluation of block of 1 points.
                        BB evaluation done for #152 ( 4 6 10 6 2 7 2 )	(BB - Evaluation OK	 f =   0       	 h = inf (L2)). Success found: Failure
79	(   4   6  10   6   2   7   2 )	    0 inf   5   5   5   5   5   5   5   1   1   1   1   1   1   1
                        Parallel eval thread = 0 
Algo thread = 0 

                        Start evaluation of block of 1 points.
                        BB evaluation done for #150 ( 4 9 6 8 6 2 2 )	(BB - Evaluation OK	 f =   0       	 h = inf (L2)). Success found: Failure
80	(   4   9   6   8   6   2   2 )	    0 inf   5   5   5   5   5   5   5   1   1   1   1   1   1   1
                        Parallel eval thread = 0 
Algo thread = 0 

                        Start evaluation of block of 1 points.
                        BB evaluation done for #149 ( 4 10 3 3 0 4 0 )	(BB - Evaluation OK	 f =   0       	 h = inf (L2)). Success found: Failure
81	(   4  10   3   3   0   4   0 )	    0 inf   5   5   5   5   5   5   5   1   1   1   1   1   1   1
                        Parallel eval thread = 0 
Algo thread = 0 

                        Start evaluation of block of 1 points.
                        BB evaluation done for #144 ( 4 10 10 5 2 0 2 )	(BB - Evaluation OK	 f =   0       	 h = inf (L2)). Success found: Failure
82	(   4  10  10   5   2   0   2 )	    0 inf   5   5   5   5   5   5   5   1   1   1   1   1   1   1
                        Parallel eval thread = 0 
Algo thread = 0 

                        Start evaluation of block of 1 points.
                        BB evaluation done for #142 ( 9 8 7 8 1 2 2 )	(BB - Evaluation OK	 f =   0       	 h = inf (L2)). Success found: Failure
83	(   9   8   7   8   1   2   2 )	    0 inf   5   5   5   5   5   5   5   1   1   1   1   1   1   1
                        We are done with evaluations.
                        Evaluation is done. Cleared queue of 0 points.
                        EvaluatorControl stop reason (main thread): No more points to evaluate (global): Started (Eval Global)
                        Poll: Failure. Stop reasons: No termination (all).  No more points to evaluate
                    } Evaluate points (full space) for Poll
                    Number of trial points: 7
                    Number of trial points that needed eval: 7
                    Number of evaluated points: 7
                    Generate second pass trial point(s) for Ortho N+1 Neg Poll Method {
                        Scaled and mesh projected poll direction: -5 4 -2 15 -7 -2 4
                        Frame center: #136 ( 4 8 7 8 1 2 2 )	Evaluation OK	 f = 4040                     	 h =   0                      (L2)
                        Point before projection: ( -1 12 5 23 -6 0 6 )
                        Point after projection:  ( 0 10 5 10 0 0 2 )
                        Generated point: #156 ( 0 10 5 10 0 0 2 )
                        Generated 1 points
                    } Generate second pass trial point(s) for Ortho N+1 Neg Poll Method
                    Add points (full space) to eval queue for step Poll {
                        1 points added
                        New point added to eval queue: #156 ( 0 10 5 10 0 0 2 )
                        Eval queue now has 1 points.
                    } Add points (full space) to eval queue for step Poll
                    Evaluate points (full space) for Poll {
                        Start evaluation. Opportunism = false, UseCache = true, Barrier
                        X_FEAS #136 ( 4 8 7 8 1 2 2 )	(BB - Evaluation OK	 f = 4040       	 h =   0        (L2))
                        H_MAX inf
                        Ref Best Feasible:   #136 ( 4 8 7 8 1 2 2 )	(BB - Evaluation OK	 f = 4040       	 h =   0        (L2))
                        Ref Best Infeasible: NULL
                        After blocks generation: 1 blocks
                        Parallel eval thread = 0 
Algo thread = 0 

                        Start evaluation of block of 1 points.
                        BB evaluation done for #156 ( 0 10 5 10 0 0 2 )	(BB - Evaluation OK	 f =   0       	 h = inf (L2)). Success found: Failure
84	(   0  10   5  10   0   0   2 )	    0 inf   5   5   5   5   5   5   5   1   1   1   1   1   1   1
                        We are done with evaluations.
                        Evaluation is done. Cleared queue of 0 points.
                        EvaluatorControl stop reason (main thread): No more points to evaluate (global): Started (Eval Global)
                        Poll: Failure. Stop reasons: No termination (all).  No more points to evaluate
                    } Evaluate points (full space) for Poll
                    Number of trial points: 1
                    Number of trial points that needed eval: 1
                    Number of evaluated points: 1
                    Poll is not successful. Stop reason: No termination (all).  No more points to evaluate
                } End step Poll
                Updating barrier with 1 suggested points
                Current barrier: 
                X_FEAS #136 ( 4 8 7 8 1 2 2 )	(BB - Evaluation OK	 f = 4040       	 h =   0        (L2))
                H_MAX inf
                Ref Best Feasible:   #136 ( 4 8 7 8 1 2 2 )	(BB - Evaluation OK	 f = 4040       	 h =   0        (L2))
                Ref Best Infeasible: NULL
                No points added to the barrier
            } End step MADS Iteration 11
            Stop reason: No termination (all).  No more points to evaluate
        } End step MADS MegaIteration 11
        Start step MADS MegaIteration 12 {
            Start step MADS Update {
                Running MADS Update. Barrier: 
                X_FEAS #136 ( 4 8 7 8 1 2 2 )	(BB - Evaluation OK	 f = 4040       	 h =   0        (L2))
                H_MAX inf
                Ref Best Feasible:   #136 ( 4 8 7 8 1 2 2 )	(BB - Evaluation OK	 f = 4040       	 h =   0        (L2))
                Ref Best Infeasible: NULL
                Update: no success found
                New direction (feasible) 0 0 0 -2 0 0 0
                Last Iteration Unsuccessful. Delta is refined.
                delta mesh  size = 1 1 1 1 1 1 1
                Delta frame size = 2 2 2 2 2 2 2
            } End step MADS Update
            Mesh Stop Reason: No termination (all). 
            Iteration generated:
            MADS Iteration 11
            Mesh size:  1 1 1 1 1 1 1
            Frame size: 2 2 2 2 2 2 2
            Start step MADS Iteration 12 {
                Start step Search {
                    Search methods are all disabled.
                } End step Search
                Start step Poll {
                    Generate points for Poll
                    Generate points for Ortho N+1 Neg Poll Method {
                        Unit sphere direction: 0.561508 -0.218314 0.256165 -0.246208 -0.438668 0.524131 0.208965
                        Poll direction before scaling and projection on mesh: 0.369416 0.24517 -0.287678 0.276495 0.492631 -0.588608 -0.234671
                        Poll direction before scaling and projection on mesh: -0.369416 -0.24517 0.287678 -0.276495 -0.492631 0.588608 0.234671
                        Poll direction before scaling and projection on mesh: 0.24517 0.904678 0.111849 -0.107501 -0.191534 0.22885 0.0912397
                        Poll direction before scaling and projection on mesh: -0.24517 -0.904678 -0.111849 0.107501 0.191534 -0.22885 -0.0912397
                        Poll direction before scaling and projection on mesh: -0.287678 0.111849 0.868759 0.12614 0.224743 -0.268528 -0.107059
                        Poll direction before scaling and projection on mesh: 0.287678 -0.111849 -0.868759 -0.12614 -0.224743 0.268528 0.107059
                        Poll direction before scaling and projection on mesh: 0.276495 -0.107501 0.12614 0.878764 -0.216007 0.25809 0.102897
                        Poll direction before scaling and projection on mesh: -0.276495 0.107501 -0.12614 -0.878764 0.216007 -0.25809 -0.102897
                        Poll direction before scaling and projection on mesh: 0.492631 -0.191534 0.224743 -0.216007 0.615142 0.459838 0.183332
                        Poll direction before scaling and projection on mesh: -0.492631 0.191534 -0.224743 0.216007 -0.615142 -0.459838 -0.183332
                        Poll direction before scaling and projection on mesh: -0.588608 0.22885 -0.268528 0.25809 0.459838 0.450574 -0.21905
                        Poll direction before scaling and projection on mesh: 0.588608 -0.22885 0.268528 -0.25809 -0.459838 -0.450574 0.21905
                        Poll direction before scaling and projection on mesh: -0.234671 0.0912397 -0.107059 0.102897 0.183332 -0.21905 0.912667
                        Poll direction before scaling and projection on mesh: 0.234671 -0.0912397 0.107059 -0.102897 -0.183332 0.21905 -0.912667
                        Generate  first pass trial points for Ortho N+1 Neg Poll Method {
                            Scaled and mesh projected poll direction: 1 1 -1 1 2 -2 -1
                            Scaled and mesh projected poll direction: -1 -1 1 -1 -2 2 1
                            Scaled and mesh projected poll direction: 1 2 0 -0 -0 1 0
                            Scaled and mesh projected poll direction: -1 -2 -0 0 0 -1 -0
                            Scaled and mesh projected poll direction: -1 0 2 0 1 -1 -0
                            Scaled and mesh projected poll direction: 1 -0 -2 -0 -1 1 0
                            Scaled and mesh projected poll direction: 1 -0 0 2 -0 1 0
                            Scaled and mesh projected poll direction: -1 0 -0 -2 0 -1 -0
                            Scaled and mesh projected poll direction: 2 -1 1 -1 2 1 1
                            Scaled and mesh projected poll direction: -2 1 -1 1 -2 -1 -1
                            Scaled and mesh projected poll direction: -2 1 -1 1 2 2 -1
                            Scaled and mesh projected poll direction: 2 -1 1 -1 -2 -2 1
                            Scaled and mesh projected poll direction: -1 0 -0 0 0 -0 2
                            Scaled and mesh projected poll direction: 1 -0 0 -0 -0 0 -2
                            Frame center: #136 ( 4 8 7 8 1 2 2 )	Evaluation OK	 f = 4040                     	 h =   0                      (L2)
                            Point before projection: ( 5 9 6 9 3 0 1 )
                            Point after projection:  ( 5 9 6 9 3 0 1 )
                            Generated point: #157 ( 5 9 6 9 3 0 1 )
                            Point before projection: ( 3 7 8 7 -1 4 3 )
                            Point after projection:  ( 3 7 8 7 0 4 2 )
                            Generated point: #158 ( 3 7 8 7 0 4 2 )
                            Point before projection: ( 5 10 7 8 1 3 2 )
                            Point after projection:  ( 5 10 7 8 1 3 2 )
                            Generated point: #159 ( 5 10 7 8 1 3 2 )
                            Point before projection: ( 3 6 7 8 1 1 2 )
                            Point after projection:  ( 3 6 7 8 1 1 2 )
                            Generated point: #160 ( 3 6 7 8 1 1 2 )
                            Point before projection: ( 3 8 9 8 2 1 2 )
                            Point after projection:  ( 3 8 9 8 2 1 2 )
                            Generated point: #161 ( 3 8 9 8 2 1 2 )
                            Point before projection: ( 5 8 5 8 0 3 2 )
                            Point after projection:  ( 5 8 5 8 0 3 2 )
                            Generated point: #162 ( 5 8 5 8 0 3 2 )
                            Point before projection: ( 5 8 7 10 1 3 2 )
                            Point after projection:  ( 5 8 7 10 1 3 2 )
                            Generated point: #163 ( 5 8 7 10 1 3 2 )
                            Point before projection: ( 3 8 7 6 1 1 2 )
                            Point after projection:  ( 3 8 7 6 1 1 2 )
                            Generated point: #164 ( 3 8 7 6 1 1 2 )
                            Point before projection: ( 6 7 8 7 3 3 3 )
                            Point after projection:  ( 6 7 8 7 3 3 2 )
                            Generated point: #165 ( 6 7 8 7 3 3 2 )
                            Point before projection: ( 2 9 6 9 -1 1 1 )
                            Point after projection:  ( 2 9 6 9 0 1 1 )
                            Generated point: #166 ( 2 9 6 9 0 1 1 )
                            Point before projection: ( 2 9 6 9 3 4 1 )
                            Point after projection:  ( 2 9 6 9 3 4 1 )
                            Generated point: #167 ( 2 9 6 9 3 4 1 )
                            Point before projection: ( 6 7 8 7 -1 0 3 )
                            Point after projection:  ( 6 7 8 7 0 0 2 )
                            Generated point: #168 ( 6 7 8 7 0 0 2 )
                            Point before projection: ( 3 8 7 8 1 2 4 )
                            Point after projection:  ( 3 8 7 8 1 2 2 )
                            Generated point: #169 ( 3 8 7 8 1 2 2 )
                            Point before projection: ( 5 8 7 8 1 2 0 )
                            Point after projection:  ( 5 8 7 8 1 2 0 )
                            Generated point: #170 ( 5 8 7 8 1 2 0 )
                            Generated 14 points
                        } Generate  first pass trial points for Ortho N+1 Neg Poll Method
                        Generated 14 points
                    } Generate points for Ortho N+1 Neg Poll Method
                    Number of trial points before sort and reduction to form a basis: 14
                    Sort trial points for step Ortho N+1 Neg Poll Method {
                        14 points added
                        New point added for sorting: #166 ( 2 9 6 9 0 1 1 )
                        New point added for sorting: #167 ( 2 9 6 9 3 4 1 )
                        New point added for sorting: #160 ( 3 6 7 8 1 1 2 )
                        New point added for sorting: #158 ( 3 7 8 7 0 4 2 )
                        New point added for sorting: #164 ( 3 8 7 6 1 1 2 )
                        New point added for sorting: #169 ( 3 8 7 8 1 2 2 )
                        New point added for sorting: #161 ( 3 8 9 8 2 1 2 )
                        New point added for sorting: #162 ( 5 8 5 8 0 3 2 )
                        New point added for sorting: #170 ( 5 8 7 8 1 2 0 )
                        New point added for sorting: #163 ( 5 8 7 10 1 3 2 )
                        New point added for sorting: #157 ( 5 9 6 9 3 0 1 )
                        New point added for sorting: #159 ( 5 10 7 8 1 3 2 )
                        New point added for sorting: #168 ( 6 7 8 7 0 0 2 )
                        New point added for sorting: #165 ( 6 7 8 7 3 3 2 )
                        Trial points sorted, before trim: 14 after trim: 14
                         Model eval missing for: #166 ( 2 9 6 9 0 1 1 )
                        Sort using OrderByDirection
                        Evaluation points before sort:
                        	#165 ( 6 7 8 7 3 3 2 )
                        	#168 ( 6 7 8 7 0 0 2 )
                        	#159 ( 5 10 7 8 1 3 2 )
                        	#157 ( 5 9 6 9 3 0 1 )
                        	#163 ( 5 8 7 10 1 3 2 )
                        	#170 ( 5 8 7 8 1 2 0 )
                        	#162 ( 5 8 5 8 0 3 2 )
                        	#161 ( 3 8 9 8 2 1 2 )
                        	#169 ( 3 8 7 8 1 2 2 )
                        	#164 ( 3 8 7 6 1 1 2 )
                        	#158 ( 3 7 8 7 0 4 2 )
                        	#160 ( 3 6 7 8 1 1 2 )
                        	#167 ( 2 9 6 9 3 4 1 )
                        	#166 ( 2 9 6 9 0 1 1 )
                        Evaluation points after sort:
                        	#164 ( 3 8 7 6 1 1 2 )
                        	#158 ( 3 7 8 7 0 4 2 )
                        	#165 ( 6 7 8 7 3 3 2 )
                        	#168 ( 6 7 8 7 0 0 2 )
                        	#159 ( 5 10 7 8 1 3 2 )
                        	#160 ( 3 6 7 8 1 1 2 )
                        	#161 ( 3 8 9 8 2 1 2 )
                        	#162 ( 5 8 5 8 0 3 2 )
                        	#169 ( 3 8 7 8 1 2 2 )
                        	#170 ( 5 8 7 8 1 2 0 )
                        	#167 ( 2 9 6 9 3 4 1 )
                        	#157 ( 5 9 6 9 3 0 1 )
                        	#166 ( 2 9 6 9 0 1 1 )
                        	#163 ( 5 8 7 10 1 3 2 )
                    } Sort trial points for step Ortho N+1 Neg Poll Method
                    Number of trial points after reduction to form a basis: 7
                    Point already in cache (but not BB evaluated): #158 ( 3 7 8 7 0 4 2 )
                    Point already in cache (but not BB evaluated): #164 ( 3 8 7 6 1 1 2 )
                    Point already in cache (but not BB evaluated): #161 ( 3 8 9 8 2 1 2 )
                    Point already in cache (but not BB evaluated): #170 ( 5 8 7 8 1 2 0 )
                    Point already in cache (but not BB evaluated): #159 ( 5 10 7 8 1 3 2 )
                    Point already in cache (but not BB evaluated): #168 ( 6 7 8 7 0 0 2 )
                    Point already in cache (but not BB evaluated): #165 ( 6 7 8 7 3 3 2 )
                    Number of points for step Poll of eval type BB that would need eval: 7
                    Add points (full space) to eval queue for step Poll {
                        7 points added
                        Point already in cache (but not BB evaluated): #158 ( 3 7 8 7 0 4 2 )
                        New point added to eval queue: #158 ( 3 7 8 7 0 4 2 )
                        Point already in cache (but not BB evaluated): #164 ( 3 8 7 6 1 1 2 )
                        New point added to eval queue: #164 ( 3 8 7 6 1 1 2 )
                        Point already in cache (but not BB evaluated): #161 ( 3 8 9 8 2 1 2 )
                        New point added to eval queue: #161 ( 3 8 9 8 2 1 2 )
                        Point already in cache (but not BB evaluated): #170 ( 5 8 7 8 1 2 0 )
                        New point added to eval queue: #170 ( 5 8 7 8 1 2 0 )
                        Point already in cache (but not BB evaluated): #159 ( 5 10 7 8 1 3 2 )
                        New point added to eval queue: #159 ( 5 10 7 8 1 3 2 )
                        Point already in cache (but not BB evaluated): #168 ( 6 7 8 7 0 0 2 )
                        New point added to eval queue: #168 ( 6 7 8 7 0 0 2 )
                        Point already in cache (but not BB evaluated): #165 ( 6 7 8 7 3 3 2 )
                        New point added to eval queue: #165 ( 6 7 8 7 3 3 2 )
                        Eval queue now has 7 points.
                    } Add points (full space) to eval queue for step Poll
                    Evaluate points (full space) for Poll {
                        Start evaluation. Opportunism = false, UseCache = true, Barrier
                        X_FEAS #136 ( 4 8 7 8 1 2 2 )	(BB - Evaluation OK	 f = 4040       	 h =   0        (L2))
                        H_MAX inf
                        Ref Best Feasible:   #136 ( 4 8 7 8 1 2 2 )	(BB - Evaluation OK	 f = 4040       	 h =   0        (L2))
                        Ref Best Infeasible: NULL
                        After blocks generation: 7 blocks
                        Parallel eval thread = 0 
Algo thread = 0 

                        Start evaluation of block of 1 points.
                        BB evaluation done for #158 ( 3 7 8 7 0 4 2 )	(BB - Evaluation OK	 f =   0       	 h = inf (L2)). Success found: Failure
85	(   3   7   8   7   0   4   2 )	    0 inf   2   2   2   2   2   2   2   1   1   1   1   1   1   1
                        Parallel eval thread = 0 
Algo thread = 0 

                        Start evaluation of block of 1 points.
                        BB evaluation done for #164 ( 3 8 7 6 1 1 2 )	(BB - Evaluation OK	 f =   0       	 h = inf (L2)). Success found: Failure
86	(   3   8   7   6   1   1   2 )	    0 inf   2   2   2   2   2   2   2   1   1   1   1   1   1   1
                        Parallel eval thread = 0 
Algo thread = 0 

                        Start evaluation of block of 1 points.
                        BB evaluation done for #161 ( 3 8 9 8 2 1 2 )	(BB - Evaluation OK	 f =   0       	 h = inf (L2)). Success found: Failure
87	(   3   8   9   8   2   1   2 )	    0 inf   2   2   2   2   2   2   2   1   1   1   1   1   1   1
                        Parallel eval thread = 0 
Algo thread = 0 

                        Start evaluation of block of 1 points.
                        BB evaluation done for #170 ( 5 8 7 8 1 2 0 )	(BB - Evaluation OK	 f = 6050       	 h =   0        (L2)). Success found: Failure
88	(   5   8   7   8   1   2   0 )	 6050   0   2   2   2   2   2   2   2   1   1   1   1   1   1   1
                        Parallel eval thread = 0 
Algo thread = 0 

                        Start evaluation of block of 1 points.
                        BB evaluation done for #159 ( 5 10 7 8 1 3 2 )	(BB - Evaluation OK	 f =   0       	 h = inf (L2)). Success found: Failure
89	(   5  10   7   8   1   3   2 )	    0 inf   2   2   2   2   2   2   2   1   1   1   1   1   1   1
                        Parallel eval thread = 0 
Algo thread = 0 

                        Start evaluation of block of 1 points.
                        BB evaluation done for #168 ( 6 7 8 7 0 0 2 )	(BB - Evaluation OK	 f =   0       	 h = inf (L2)). Success found: Failure
90	(   6   7   8   7   0   0   2 )	    0 inf   2   2   2   2   2   2   2   1   1   1   1   1   1   1
                        Parallel eval thread = 0 
Algo thread = 0 

                        Start evaluation of block of 1 points.
                        BB evaluation done for #165 ( 6 7 8 7 3 3 2 )	(BB - Evaluation OK	 f =   0       	 h = inf (L2)). Success found: Failure
91	(   6   7   8   7   3   3   2 )	    0 inf   2   2   2   2   2   2   2   1   1   1   1   1   1   1
                        We are done with evaluations.
                        Evaluation is done. Cleared queue of 0 points.
                        EvaluatorControl stop reason (main thread): No more points to evaluate (global): Started (Eval Global)
                        Poll: Failure. Stop reasons: No termination (all).  No more points to evaluate
                    } Evaluate points (full space) for Poll
                    Number of trial points: 7
                    Number of trial points that needed eval: 7
                    Number of evaluated points: 7
                    Generate second pass trial point(s) for Ortho N+1 Neg Poll Method {
                        Scaled and mesh projected poll direction: -3 1 -5 5 -1 0 2
                        Frame center: #136 ( 4 8 7 8 1 2 2 )	Evaluation OK	 f = 4040                     	 h =   0                      (L2)
                        Point before projection: ( 1 9 2 13 0 2 4 )
                        Point after projection:  ( 1 9 2 10 0 2 2 )
                        Generated point: #171 ( 1 9 2 10 0 2 2 )
                        Generated 1 points
                    } Generate second pass trial point(s) for Ortho N+1 Neg Poll Method
                    Add points (full space) to eval queue for step Poll {
                        1 points added
                        New point added to eval queue: #171 ( 1 9 2 10 0 2 2 )
                        Eval queue now has 1 points.
                    } Add points (full space) to eval queue for step Poll
                    Evaluate points (full space) for Poll {
                        Start evaluation. Opportunism = false, UseCache = true, Barrier
                        X_FEAS #136 ( 4 8 7 8 1 2 2 )	(BB - Evaluation OK	 f = 4040       	 h =   0        (L2))
                        H_MAX inf
                        Ref Best Feasible:   #136 ( 4 8 7 8 1 2 2 )	(BB - Evaluation OK	 f = 4040       	 h =   0        (L2))
                        Ref Best Infeasible: NULL
                        After blocks generation: 1 blocks
                        Parallel eval thread = 0 
Algo thread = 0 

                        Start evaluation of block of 1 points.
                        BB evaluation done for #171 ( 1 9 2 10 0 2 2 )	(BB - Evaluation OK	 f =   0       	 h = inf (L2)). Success found: Failure
92	(   1   9   2  10   0   2   2 )	    0 inf   2   2   2   2   2   2   2   1   1   1   1   1   1   1
                        We are done with evaluations.
                        Evaluation is done. Cleared queue of 0 points.
                        EvaluatorControl stop reason (main thread): No more points to evaluate (global): Started (Eval Global)
                        Poll: Failure. Stop reasons: No termination (all).  No more points to evaluate
                    } Evaluate points (full space) for Poll
                    Number of trial points: 1
                    Number of trial points that needed eval: 1
                    Number of evaluated points: 1
                    Poll is not successful. Stop reason: No termination (all).  No more points to evaluate
                } End step Poll
                Updating barrier with 1 suggested points
                Current barrier: 
                X_FEAS #136 ( 4 8 7 8 1 2 2 )	(BB - Evaluation OK	 f = 4040       	 h =   0        (L2))
                H_MAX inf
                Ref Best Feasible:   #136 ( 4 8 7 8 1 2 2 )	(BB - Evaluation OK	 f = 4040       	 h =   0        (L2))
                Ref Best Infeasible: NULL
                No points added to the barrier
            } End step MADS Iteration 12
            Stop reason: No termination (all).  No more points to evaluate
        } End step MADS MegaIteration 12
        Start step MADS MegaIteration 13 {
            Start step MADS Update {
                Running MADS Update. Barrier: 
                X_FEAS #136 ( 4 8 7 8 1 2 2 )	(BB - Evaluation OK	 f = 4040       	 h =   0        (L2))
                H_MAX inf
                Ref Best Feasible:   #136 ( 4 8 7 8 1 2 2 )	(BB - Evaluation OK	 f = 4040       	 h =   0        (L2))
                Ref Best Infeasible: NULL
                Update: no success found
                New direction (feasible) 0 0 0 -2 0 0 0
                Last Iteration Unsuccessful. Delta is refined.
                delta mesh  size = 1 1 1 1 1 1 1
                Delta frame size = 1 1 1 1 1 1 1
            } End step MADS Update
            Mesh Stop Reason: No termination (all). 
        } End step MADS MegaIteration 13
        Updating barrier with 0 suggested points
        Current barrier: 
        X_FEAS #136 ( 4 8 7 8 1 2 2 )	(BB - Evaluation OK	 f = 4040       	 h =   0        (L2))
        H_MAX inf
        Ref Best Feasible:   #136 ( 4 8 7 8 1 2 2 )	(BB - Evaluation OK	 f = 4040       	 h =   0        (L2))
        Ref Best Infeasible: NULL
        No points added to the barrier
        Start step Termination {
        } End step Termination
        A termination criterion is reached: Maximum number of iterations reached (IterStopType)
    } End step MADS
    
    Best feasible solution:     #136 ( 4 8 7 8 1 2 2 )	Evaluation OK	 f = 4040                     	 h =   0                      (L2)
    
    Best infeasible solution:   Undefined.
    
    Blackbox evaluations:         92
    Cache hits:                   1
    Total number of evaluations:  93
} End step Main
