All variables are granular. MAX_EVAL is set to 218700 to prevent algorithm from circling around best solution indefinitely
Start step Main {
    Add main thread: 0
    FIXED_VARIABLE set to ( - - - - - - - )
    Start step MADS {
        Start step MADS Initialization {
            Add points (full space) to eval queue for step MADS Initialization {
                1 points added
                New point added to eval queue: #0 ( 4 8 4 8 4 8 0 )
                Eval queue now has 1 points.
            } Add points (full space) to eval queue for step MADS Initialization
            Evaluate points (full space) for MADS Initialization {
                Start evaluation. Opportunism = false, UseCache = true, Barrier = NULL
                After blocks generation: 1 blocks
                Parallel eval thread = 0 
Algo thread = 0 

                Start evaluation of block of 1 points.
1	(   4   8   4   8   4   8   0 )	4800   0  
                We are done with evaluations.
                Evaluation is done. Cleared queue of 0 points.
                EvaluatorControl stop reason (main thread): No more points to evaluate (global): Started (Eval Global)
                MADS Initialization: Full success (dominating). Stop reasons: No termination (all).  No more points to evaluate
            } Evaluate points (full space) for MADS Initialization
            Using X0: #0 ( 4 8 4 8 4 8 0 )	Evaluation OK	 f = 4800                     	 h =   0                      (L2)
            Updating barrier with 1 suggested points
            Current barrier: 
            H_MAX inf
            Ref Best Feasible:   NULL
            Ref Best Infeasible: NULL
            Point suggested to update barrier (feasible): #0 ( 4 8 4 8 4 8 0 )	Evaluation OK	 f = 4800                     	 h =   0                      (L2)
            Point inserted in feasible barrier: #0 ( 4 8 4 8 4 8 0 )	Evaluation OK	 f = 4800                     	 h =   0                      (L2)
            New dominating xFeas: #0 ( 4 8 4 8 4 8 0 )	Evaluation OK	 f = 4800                     	 h =   0                      (L2)
            Update incumbent(s) in barrier. New feasible incumbent: #0 ( 4 8 4 8 4 8 0 )	Evaluation OK	 f = 4800                     	 h =   0                      (L2)
            
        } End step MADS Initialization
        FIXED_VARIABLE set to ( - - - - - - - )
        FIXED_VARIABLE set to ( - - - - - - - )
        Start step MADS MegaIteration 1 {
            Start step MADS Update {
                Running MADS Update. Barrier: 
                X_FEAS #0 ( 4 8 4 8 4 8 0 )	(BB - Evaluation OK	 f = 4800       	 h =   0        (L2))
                H_MAX inf
                Ref Best Feasible:   NULL
                Ref Best Infeasible: NULL
                delta mesh  size = 1 1 1 1 1 1 1
                Delta frame size = 5 5 5 5 5 5 5
            } End step MADS Update
            Mesh Stop Reason: No termination (all). 
            Iteration generated:
            MADS Iteration 0
            Mesh size:  1 1 1 1 1 1 1
            Frame size: 5 5 5 5 5 5 5
            Start step MADS Iteration 1 {
                Start step Search {
                    Search methods are all disabled.
                } End step Search
                Start step Poll {
                    Generate points for Poll
                    Generate points for Ortho N+1 Neg Poll Method {
                        Unit sphere direction: 0.241973 0.318216 -0.313028 0.446596 -0.32406 0.25124 -0.612059
                        Poll direction before scaling and projection on mesh: 0.882898 -0.153999 0.151488 -0.216128 0.156828 -0.121586 0.296203
                        Poll direction before scaling and projection on mesh: -0.882898 0.153999 -0.151488 0.216128 -0.156828 0.121586 -0.296203
                        Poll direction before scaling and projection on mesh: -0.153999 0.797477 0.199221 -0.284228 0.206243 -0.159897 0.389534
                        Poll direction before scaling and projection on mesh: 0.153999 -0.797477 -0.199221 0.284228 -0.206243 0.159897 -0.389534
                        Poll direction before scaling and projection on mesh: 0.151488 0.199221 0.804027 0.279594 -0.20288 0.15729 -0.383183
                        Poll direction before scaling and projection on mesh: -0.151488 -0.199221 -0.804027 -0.279594 0.20288 -0.15729 0.383183
                        Poll direction before scaling and projection on mesh: -0.216128 -0.284228 0.279594 0.601103 0.289448 -0.224406 0.546687
                        Poll direction before scaling and projection on mesh: 0.216128 0.284228 -0.279594 -0.601103 -0.289448 0.224406 -0.546687
                        Poll direction before scaling and projection on mesh: 0.156828 0.206243 -0.20288 0.289448 0.78997 0.162834 -0.396688
                        Poll direction before scaling and projection on mesh: -0.156828 -0.206243 0.20288 -0.289448 -0.78997 -0.162834 0.396688
                        Poll direction before scaling and projection on mesh: -0.121586 -0.159897 0.15729 -0.224406 0.162834 0.873757 0.307547
                        Poll direction before scaling and projection on mesh: 0.121586 0.159897 -0.15729 0.224406 -0.162834 -0.873757 -0.307547
                        Poll direction before scaling and projection on mesh: 0.296203 0.389534 -0.383183 0.546687 -0.396688 0.307547 0.250767
                        Poll direction before scaling and projection on mesh: -0.296203 -0.389534 0.383183 -0.546687 0.396688 -0.307547 -0.250767
                        Generate  first pass trial points for Ortho N+1 Neg Poll Method {
                            Scaled and mesh projected poll direction: 5 -1 1 -1 1 -1 2
                            Scaled and mesh projected poll direction: -5 1 -1 1 -1 1 -2
                            Scaled and mesh projected poll direction: -1 5 1 -2 1 -1 2
                            Scaled and mesh projected poll direction: 1 -5 -1 2 -1 1 -2
                            Scaled and mesh projected poll direction: 1 1 5 2 -1 1 -2
                            Scaled and mesh projected poll direction: -1 -1 -5 -2 1 -1 2
                            Scaled and mesh projected poll direction: -2 -2 2 5 2 -2 5
                            Scaled and mesh projected poll direction: 2 2 -2 -5 -2 2 -5
                            Scaled and mesh projected poll direction: 1 1 -1 2 5 1 -3
                            Scaled and mesh projected poll direction: -1 -1 1 -2 -5 -1 3
                            Scaled and mesh projected poll direction: -1 -1 1 -1 1 5 2
                            Scaled and mesh projected poll direction: 1 1 -1 1 -1 -5 -2
                            Scaled and mesh projected poll direction: 3 4 -4 5 -4 3 2
                            Scaled and mesh projected poll direction: -3 -4 4 -5 4 -3 -2
                            Frame center: #0 ( 4 8 4 8 4 8 0 )	Evaluation OK	 f = 4800                     	 h =   0                      (L2)
                            Point before projection: ( 9 7 5 7 5 7 2 )
                            Point after projection:  ( 9 7 5 7 5 7 2 )
                            Generated point: #1 ( 9 7 5 7 5 7 2 )
                            Point before projection: ( -1 9 3 9 3 9 -2 )
                            Point after projection:  ( 0 9 3 9 3 9 0 )
                            Generated point: #2 ( 0 9 3 9 3 9 0 )
                            Point before projection: ( 3 13 5 6 5 7 2 )
                            Point after projection:  ( 3 10 5 6 5 7 2 )
                            Generated point: #3 ( 3 10 5 6 5 7 2 )
                            Point before projection: ( 5 3 3 10 3 9 -2 )
                            Point after projection:  ( 5 3 3 10 3 9 0 )
                            Generated point: #4 ( 5 3 3 10 3 9 0 )
                            Point before projection: ( 5 9 9 10 3 9 -2 )
                            Point after projection:  ( 5 9 9 10 3 9 0 )
                            Generated point: #5 ( 5 9 9 10 3 9 0 )
                            Point before projection: ( 3 7 -1 6 5 7 2 )
                            Point after projection:  ( 3 7 0 6 5 7 2 )
                            Generated point: #6 ( 3 7 0 6 5 7 2 )
                            Point before projection: ( 2 6 6 13 6 6 5 )
                            Point after projection:  ( 2 6 6 10 6 6 2 )
                            Generated point: #7 ( 2 6 6 10 6 6 2 )
                            Point before projection: ( 6 10 2 3 2 10 -5 )
                            Point after projection:  ( 6 10 2 3 2 10 0 )
                            Generated point: #8 ( 6 10 2 3 2 10 0 )
                            Point before projection: ( 5 9 3 10 9 9 -3 )
                            Point after projection:  ( 5 9 3 10 9 9 0 )
                            Generated point: #9 ( 5 9 3 10 9 9 0 )
                            Point before projection: ( 3 7 5 6 -1 7 3 )
                            Point after projection:  ( 3 7 5 6 0 7 2 )
                            Generated point: #10 ( 3 7 5 6 0 7 2 )
                            Point before projection: ( 3 7 5 7 5 13 2 )
                            Point after projection:  ( 3 7 5 7 5 10 2 )
                            Generated point: #11 ( 3 7 5 7 5 10 2 )
                            Point before projection: ( 5 9 3 9 3 3 -2 )
                            Point after projection:  ( 5 9 3 9 3 3 0 )
                            Generated point: #12 ( 5 9 3 9 3 3 0 )
                            Point before projection: ( 7 12 0 13 0 11 2 )
                            Point after projection:  ( 7 10 0 10 0 10 2 )
                            Generated point: #13 ( 7 10 0 10 0 10 2 )
                            Point before projection: ( 1 4 8 3 8 5 -2 )
                            Point after projection:  ( 1 4 8 3 8 5 0 )
                            Generated point: #14 ( 1 4 8 3 8 5 0 )
                            Generated 14 points
                        } Generate  first pass trial points for Ortho N+1 Neg Poll Method
                        Generated 14 points
                    } Generate points for Ortho N+1 Neg Poll Method
                    Number of trial points before sort and reduction to form a basis: 14
                    Sort trial points for step Ortho N+1 Neg Poll Method {
                        14 points added
                        New point added for sorting: #2 ( 0 9 3 9 3 9 0 )
                        New point added for sorting: #14 ( 1 4 8 3 8 5 0 )
                        New point added for sorting: #7 ( 2 6 6 10 6 6 2 )
                        New point added for sorting: #6 ( 3 7 0 6 5 7 2 )
                        New point added for sorting: #10 ( 3 7 5 6 0 7 2 )
                        New point added for sorting: #11 ( 3 7 5 7 5 10 2 )
                        New point added for sorting: #3 ( 3 10 5 6 5 7 2 )
                        New point added for sorting: #4 ( 5 3 3 10 3 9 0 )
                        New point added for sorting: #12 ( 5 9 3 9 3 3 0 )
                        New point added for sorting: #9 ( 5 9 3 10 9 9 0 )
                        New point added for sorting: #5 ( 5 9 9 10 3 9 0 )
                        New point added for sorting: #8 ( 6 10 2 3 2 10 0 )
                        New point added for sorting: #13 ( 7 10 0 10 0 10 2 )
                        New point added for sorting: #1 ( 9 7 5 7 5 7 2 )
                        Trial points sorted, before trim: 14 after trim: 14
                         Model eval missing for: #2 ( 0 9 3 9 3 9 0 )
                        Sort using OrderByDirection
                        Evaluation points before sort:
                        	#1 ( 9 7 5 7 5 7 2 )
                        	#13 ( 7 10 0 10 0 10 2 )
                        	#8 ( 6 10 2 3 2 10 0 )
                        	#5 ( 5 9 9 10 3 9 0 )
                        	#9 ( 5 9 3 10 9 9 0 )
                        	#12 ( 5 9 3 9 3 3 0 )
                        	#4 ( 5 3 3 10 3 9 0 )
                        	#3 ( 3 10 5 6 5 7 2 )
                        	#11 ( 3 7 5 7 5 10 2 )
                        	#10 ( 3 7 5 6 0 7 2 )
                        	#6 ( 3 7 0 6 5 7 2 )
                        	#7 ( 2 6 6 10 6 6 2 )
                        	#14 ( 1 4 8 3 8 5 0 )
                        	#2 ( 0 9 3 9 3 9 0 )
                        Evaluation points after sort:
                        	#1 ( 9 7 5 7 5 7 2 )
                        	#2 ( 0 9 3 9 3 9 0 )
                        	#3 ( 3 10 5 6 5 7 2 )
                        	#4 ( 5 3 3 10 3 9 0 )
                        	#5 ( 5 9 9 10 3 9 0 )
                        	#6 ( 3 7 0 6 5 7 2 )
                        	#7 ( 2 6 6 10 6 6 2 )
                        	#8 ( 6 10 2 3 2 10 0 )
                        	#9 ( 5 9 3 10 9 9 0 )
                        	#10 ( 3 7 5 6 0 7 2 )
                        	#11 ( 3 7 5 7 5 10 2 )
                        	#12 ( 5 9 3 9 3 3 0 )
                        	#13 ( 7 10 0 10 0 10 2 )
                        	#14 ( 1 4 8 3 8 5 0 )
                    } Sort trial points for step Ortho N+1 Neg Poll Method
                    Number of trial points after reduction to form a basis: 7
                    Point already in cache (but not BB evaluated): #2 ( 0 9 3 9 3 9 0 )
                    Point already in cache (but not BB evaluated): #6 ( 3 7 0 6 5 7 2 )
                    Point already in cache (but not BB evaluated): #3 ( 3 10 5 6 5 7 2 )
                    Point already in cache (but not BB evaluated): #4 ( 5 3 3 10 3 9 0 )
                    Point already in cache (but not BB evaluated): #9 ( 5 9 3 10 9 9 0 )
                    Point already in cache (but not BB evaluated): #5 ( 5 9 9 10 3 9 0 )
                    Point already in cache (but not BB evaluated): #1 ( 9 7 5 7 5 7 2 )
                    Number of points for step Poll of eval type BB that would need eval: 7
                    Add points (full space) to eval queue for step Poll {
                        7 points added
                        Point already in cache (but not BB evaluated): #2 ( 0 9 3 9 3 9 0 )
                        New point added to eval queue: #2 ( 0 9 3 9 3 9 0 )
                        Point already in cache (but not BB evaluated): #6 ( 3 7 0 6 5 7 2 )
                        New point added to eval queue: #6 ( 3 7 0 6 5 7 2 )
                        Point already in cache (but not BB evaluated): #3 ( 3 10 5 6 5 7 2 )
                        New point added to eval queue: #3 ( 3 10 5 6 5 7 2 )
                        Point already in cache (but not BB evaluated): #4 ( 5 3 3 10 3 9 0 )
                        New point added to eval queue: #4 ( 5 3 3 10 3 9 0 )
                        Point already in cache (but not BB evaluated): #9 ( 5 9 3 10 9 9 0 )
                        New point added to eval queue: #9 ( 5 9 3 10 9 9 0 )
                        Point already in cache (but not BB evaluated): #5 ( 5 9 9 10 3 9 0 )
                        New point added to eval queue: #5 ( 5 9 9 10 3 9 0 )
                        Point already in cache (but not BB evaluated): #1 ( 9 7 5 7 5 7 2 )
                        New point added to eval queue: #1 ( 9 7 5 7 5 7 2 )
                        Eval queue now has 7 points.
                    } Add points (full space) to eval queue for step Poll
                    Evaluate points (full space) for Poll {
                        Start evaluation. Opportunism = false, UseCache = true, Barrier
                        X_FEAS #0 ( 4 8 4 8 4 8 0 )	(BB - Evaluation OK	 f = 4800       	 h =   0        (L2))
                        H_MAX inf
                        Ref Best Feasible:   #0 ( 4 8 4 8 4 8 0 )	(BB - Evaluation OK	 f = 4800       	 h =   0        (L2))
                        Ref Best Infeasible: NULL
                        After blocks generation: 7 blocks
                        Parallel eval thread = 0 
Algo thread = 0 

                        Start evaluation of block of 1 points.
                        BB evaluation done for #2 ( 0 9 3 9 3 9 0 )	(BB - Evaluation OK	 f =   0       	 h = inf (L2)). Success found: Failure
2	(   0   9   3   9   3   9   0 )	   0 inf   5   5   5   5   5   5   5   1   1   1   1   1   1   1
                        Parallel eval thread = 0 
Algo thread = 0 

                        Start evaluation of block of 1 points.
                        BB evaluation done for #6 ( 3 7 0 6 5 7 2 )	(BB - Evaluation OK	 f =   0       	 h = inf (L2)). Success found: Failure
3	(   3   7   0   6   5   7   2 )	   0 inf   5   5   5   5   5   5   5   1   1   1   1   1   1   1
                        Parallel eval thread = 0 
Algo thread = 0 

                        Start evaluation of block of 1 points.
                        BB evaluation done for #3 ( 3 10 5 6 5 7 2 )	(BB - Evaluation OK	 f =   0       	 h = inf (L2)). Success found: Failure
4	(   3  10   5   6   5   7   2 )	   0 inf   5   5   5   5   5   5   5   1   1   1   1   1   1   1
                        Parallel eval thread = 0 
Algo thread = 0 

                        Start evaluation of block of 1 points.
                        BB evaluation done for #4 ( 5 3 3 10 3 9 0 )	(BB - Evaluation OK	 f =   0       	 h = inf (L2)). Success found: Failure
5	(   5   3   3  10   3   9   0 )	   0 inf   5   5   5   5   5   5   5   1   1   1   1   1   1   1
                        Parallel eval thread = 0 
Algo thread = 0 

                        Start evaluation of block of 1 points.
                        BB evaluation done for #9 ( 5 9 3 10 9 9 0 )	(BB - Evaluation OK	 f =   0       	 h = inf (L2)). Success found: Failure
6	(   5   9   3  10   9   9   0 )	   0 inf   5   5   5   5   5   5   5   1   1   1   1   1   1   1
                        Parallel eval thread = 0 
Algo thread = 0 

                        Start evaluation of block of 1 points.
                        BB evaluation done for #5 ( 5 9 9 10 3 9 0 )	(BB - Evaluation OK	 f =   0       	 h = inf (L2)). Success found: Failure
7	(   5   9   9  10   3   9   0 )	   0 inf   5   5   5   5   5   5   5   1   1   1   1   1   1   1
                        Parallel eval thread = 0 
Algo thread = 0 

                        Start evaluation of block of 1 points.
                        BB evaluation done for #1 ( 9 7 5 7 5 7 2 )	(BB - Evaluation OK	 f =   0       	 h = inf (L2)). Success found: Failure
8	(   9   7   5   7   5   7   2 )	   0 inf   5   5   5   5   5   5   5   1   1   1   1   1   1   1
                        We are done with evaluations.
                        Evaluation is done. Cleared queue of 0 points.
                        EvaluatorControl stop reason (main thread): No more points to evaluate (global): Started (Eval Global)
                        Poll: Failure. Stop reasons: No termination (all).  No more points to evaluate
                    } Evaluate points (full space) for Poll
                    Number of trial points: 7
                    Number of trial points that needed eval: 7
                    Number of evaluated points: 7
                    Generate second pass trial point(s) for Ortho N+1 Neg Poll Method {
                        Scaled and mesh projected poll direction: -2 2 0 -2 -5 -1 -6
                        Frame center: #0 ( 4 8 4 8 4 8 0 )	Evaluation OK	 f = 4800                     	 h =   0                      (L2)
                        Point before projection: ( 2 10 4 6 -1 7 -6 )
                        Point after projection:  ( 2 10 4 6 0 7 0 )
                        Generated point: #15 ( 2 10 4 6 0 7 0 )
                        Generated 1 points
                    } Generate second pass trial point(s) for Ortho N+1 Neg Poll Method
                    Add points (full space) to eval queue for step Poll {
                        1 points added
                        New point added to eval queue: #15 ( 2 10 4 6 0 7 0 )
                        Eval queue now has 1 points.
                    } Add points (full space) to eval queue for step Poll
                    Evaluate points (full space) for Poll {
                        Start evaluation. Opportunism = false, UseCache = true, Barrier
                        X_FEAS #0 ( 4 8 4 8 4 8 0 )	(BB - Evaluation OK	 f = 4800       	 h =   0        (L2))
                        H_MAX inf
                        Ref Best Feasible:   #0 ( 4 8 4 8 4 8 0 )	(BB - Evaluation OK	 f = 4800       	 h =   0        (L2))
                        Ref Best Infeasible: NULL
                        After blocks generation: 1 blocks
                        Parallel eval thread = 0 
Algo thread = 0 

                        Start evaluation of block of 1 points.
                        BB evaluation done for #15 ( 2 10 4 6 0 7 0 )	(BB - Evaluation OK	 f =   0       	 h = inf (L2)). Success found: Failure
9	(   2  10   4   6   0   7   0 )	   0 inf   5   5   5   5   5   5   5   1   1   1   1   1   1   1
                        We are done with evaluations.
                        Evaluation is done. Cleared queue of 0 points.
                        EvaluatorControl stop reason (main thread): No more points to evaluate (global): Started (Eval Global)
                        Poll: Failure. Stop reasons: No termination (all).  No more points to evaluate
                    } Evaluate points (full space) for Poll
                    Number of trial points: 1
                    Number of trial points that needed eval: 1
                    Number of evaluated points: 1
                    Poll is not successful. Stop reason: No termination (all).  No more points to evaluate
                } End step Poll
                Updating barrier with 1 suggested points
                Current barrier: 
                X_FEAS #0 ( 4 8 4 8 4 8 0 )	(BB - Evaluation OK	 f = 4800       	 h =   0        (L2))
                H_MAX inf
                Ref Best Feasible:   #0 ( 4 8 4 8 4 8 0 )	(BB - Evaluation OK	 f = 4800       	 h =   0        (L2))
                Ref Best Infeasible: NULL
                No points added to the barrier
            } End step MADS Iteration 1
            Stop reason: No termination (all).  No more points to evaluate
        } End step MADS MegaIteration 1
        Start step MADS MegaIteration 2 {
            Start step MADS Update {
                Running MADS Update. Barrier: 
                X_FEAS #0 ( 4 8 4 8 4 8 0 )	(BB - Evaluation OK	 f = 4800       	 h =   0        (L2))
                H_MAX inf
                Ref Best Feasible:   #0 ( 4 8 4 8 4 8 0 )	(BB - Evaluation OK	 f = 4800       	 h =   0        (L2))
                Ref Best Infeasible: NULL
                Update: no success found
                Last Iteration Unsuccessful. Delta is refined.
                delta mesh  size = 1 1 1 1 1 1 1
                Delta frame size = 2 2 2 2 2 2 2
            } End step MADS Update
            Mesh Stop Reason: No termination (all). 
            Iteration generated:
            MADS Iteration 1
            Mesh size:  1 1 1 1 1 1 1
            Frame size: 2 2 2 2 2 2 2
            Start step MADS Iteration 2 {
                Start step Search {
                    Search methods are all disabled.
                } End step Search
                Start step Poll {
                    Generate points for Poll
                    Generate points for Ortho N+1 Neg Poll Method {
                        Unit sphere direction: 0.791373 0.0416577 0.209179 -0.525261 -0.0387979 0.0203205 0.224544
                        Poll direction before scaling and projection on mesh: -0.252544 -0.0659336 -0.331077 0.831355 0.0614073 -0.0321623 -0.355397
                        Poll direction before scaling and projection on mesh: 0.252544 0.0659336 0.331077 -0.831355 -0.0614073 0.0321623 0.355397
                        Poll direction before scaling and projection on mesh: -0.0659336 0.996529 -0.0174278 0.0437623 0.00323246 -0.00169301 -0.018708
                        Poll direction before scaling and projection on mesh: 0.0659336 -0.996529 0.0174278 -0.0437623 -0.00323246 0.00169301 0.018708
                        Poll direction before scaling and projection on mesh: -0.331077 -0.0174278 0.912489 0.219746 0.0162314 -0.00850124 -0.0939397
                        Poll direction before scaling and projection on mesh: 0.331077 0.0174278 -0.912489 -0.219746 -0.0162314 0.00850124 0.0939397
                        Poll direction before scaling and projection on mesh: 0.831355 0.0437623 0.219746 0.448203 -0.040758 0.0213472 0.235889
                        Poll direction before scaling and projection on mesh: -0.831355 -0.0437623 -0.219746 -0.448203 0.040758 -0.0213472 -0.235889
                        Poll direction before scaling and projection on mesh: 0.0614073 0.00323246 0.0162314 -0.040758 0.996989 0.00157679 0.0174237
                        Poll direction before scaling and projection on mesh: -0.0614073 -0.00323246 -0.0162314 0.040758 -0.996989 -0.00157679 -0.0174237
                        Poll direction before scaling and projection on mesh: -0.0321623 -0.00169301 -0.00850124 0.0213472 0.00157679 0.999174 -0.00912573
                        Poll direction before scaling and projection on mesh: 0.0321623 0.00169301 0.00850124 -0.0213472 -0.00157679 -0.999174 0.00912573
                        Poll direction before scaling and projection on mesh: -0.355397 -0.018708 -0.0939397 0.235889 0.0174237 -0.00912573 0.89916
                        Poll direction before scaling and projection on mesh: 0.355397 0.018708 0.0939397 -0.235889 -0.0174237 0.00912573 -0.89916
                        Generate  first pass trial points for Ortho N+1 Neg Poll Method {
                            Scaled and mesh projected poll direction: -1 -0 -1 2 0 -0 -1
                            Scaled and mesh projected poll direction: 1 0 1 -2 -0 0 1
                            Scaled and mesh projected poll direction: -0 2 -0 0 0 -0 -0
                            Scaled and mesh projected poll direction: 0 -2 0 -0 -0 0 0
                            Scaled and mesh projected poll direction: -1 -0 2 0 0 -0 -0
                            Scaled and mesh projected poll direction: 1 0 -2 -0 -0 0 0
                            Scaled and mesh projected poll direction: 2 0 1 1 -0 0 1
                            Scaled and mesh projected poll direction: -2 -0 -1 -1 0 -0 -1
                            Scaled and mesh projected poll direction: 0 0 0 -0 2 0 0
                            Scaled and mesh projected poll direction: -0 -0 -0 0 -2 -0 -0
                            Scaled and mesh projected poll direction: -0 -0 -0 0 0 2 -0
                            Scaled and mesh projected poll direction: 0 0 0 -0 -0 -2 0
                            Scaled and mesh projected poll direction: -1 -0 -0 1 0 -0 2
                            Scaled and mesh projected poll direction: 1 0 0 -1 -0 0 -2
                            Frame center: #0 ( 4 8 4 8 4 8 0 )	Evaluation OK	 f = 4800                     	 h =   0                      (L2)
                            Point before projection: ( 3 8 3 10 4 8 -1 )
                            Point after projection:  ( 3 8 3 10 4 8 0 )
                            Generated point: #16 ( 3 8 3 10 4 8 0 )
                            Point before projection: ( 5 8 5 6 4 8 1 )
                            Point after projection:  ( 5 8 5 6 4 8 1 )
                            Generated point: #17 ( 5 8 5 6 4 8 1 )
                            Point before projection: ( 4 10 4 8 4 8 0 )
                            Point after projection:  ( 4 10 4 8 4 8 0 )
                            Generated point: #18 ( 4 10 4 8 4 8 0 )
                            Point before projection: ( 4 6 4 8 4 8 0 )
                            Point after projection:  ( 4 6 4 8 4 8 0 )
                            Generated point: #19 ( 4 6 4 8 4 8 0 )
                            Point before projection: ( 3 8 6 8 4 8 0 )
                            Point after projection:  ( 3 8 6 8 4 8 0 )
                            Generated point: #20 ( 3 8 6 8 4 8 0 )
                            Point before projection: ( 5 8 2 8 4 8 0 )
                            Point after projection:  ( 5 8 2 8 4 8 0 )
                            Generated point: #21 ( 5 8 2 8 4 8 0 )
                            Point before projection: ( 6 8 5 9 4 8 1 )
                            Point after projection:  ( 6 8 5 9 4 8 1 )
                            Generated point: #22 ( 6 8 5 9 4 8 1 )
                            Point before projection: ( 2 8 3 7 4 8 -1 )
                            Point after projection:  ( 2 8 3 7 4 8 0 )
                            Generated point: #23 ( 2 8 3 7 4 8 0 )
                            Point before projection: ( 4 8 4 8 6 8 0 )
                            Point after projection:  ( 4 8 4 8 6 8 0 )
                            Generated point: #24 ( 4 8 4 8 6 8 0 )
                            Point before projection: ( 4 8 4 8 2 8 0 )
                            Point after projection:  ( 4 8 4 8 2 8 0 )
                            Generated point: #25 ( 4 8 4 8 2 8 0 )
                            Point before projection: ( 4 8 4 8 4 10 0 )
                            Point after projection:  ( 4 8 4 8 4 10 0 )
                            Generated point: #26 ( 4 8 4 8 4 10 0 )
                            Point before projection: ( 4 8 4 8 4 6 0 )
                            Point after projection:  ( 4 8 4 8 4 6 0 )
                            Generated point: #27 ( 4 8 4 8 4 6 0 )
                            Point before projection: ( 3 8 4 9 4 8 2 )
                            Point after projection:  ( 3 8 4 9 4 8 2 )
                            Generated point: #28 ( 3 8 4 9 4 8 2 )
                            Point before projection: ( 5 8 4 7 4 8 -2 )
                            Point after projection:  ( 5 8 4 7 4 8 0 )
                            Generated point: #29 ( 5 8 4 7 4 8 0 )
                            Generated 14 points
                        } Generate  first pass trial points for Ortho N+1 Neg Poll Method
                        Generated 14 points
                    } Generate points for Ortho N+1 Neg Poll Method
                    Number of trial points before sort and reduction to form a basis: 14
                    Sort trial points for step Ortho N+1 Neg Poll Method {
                        14 points added
                        New point added for sorting: #23 ( 2 8 3 7 4 8 0 )
                        New point added for sorting: #16 ( 3 8 3 10 4 8 0 )
                        New point added for sorting: #28 ( 3 8 4 9 4 8 2 )
                        New point added for sorting: #20 ( 3 8 6 8 4 8 0 )
                        New point added for sorting: #19 ( 4 6 4 8 4 8 0 )
                        New point added for sorting: #25 ( 4 8 4 8 2 8 0 )
                        New point added for sorting: #27 ( 4 8 4 8 4 6 0 )
                        New point added for sorting: #26 ( 4 8 4 8 4 10 0 )
                        New point added for sorting: #24 ( 4 8 4 8 6 8 0 )
                        New point added for sorting: #18 ( 4 10 4 8 4 8 0 )
                        New point added for sorting: #21 ( 5 8 2 8 4 8 0 )
                        New point added for sorting: #29 ( 5 8 4 7 4 8 0 )
                        New point added for sorting: #17 ( 5 8 5 6 4 8 1 )
                        New point added for sorting: #22 ( 6 8 5 9 4 8 1 )
                        Trial points sorted, before trim: 14 after trim: 14
                         Model eval missing for: #23 ( 2 8 3 7 4 8 0 )
                        Sort using OrderByDirection
                        Evaluation points before sort:
                        	#22 ( 6 8 5 9 4 8 1 )
                        	#17 ( 5 8 5 6 4 8 1 )
                        	#29 ( 5 8 4 7 4 8 0 )
                        	#21 ( 5 8 2 8 4 8 0 )
                        	#18 ( 4 10 4 8 4 8 0 )
                        	#24 ( 4 8 4 8 6 8 0 )
                        	#26 ( 4 8 4 8 4 10 0 )
                        	#27 ( 4 8 4 8 4 6 0 )
                        	#25 ( 4 8 4 8 2 8 0 )
                        	#19 ( 4 6 4 8 4 8 0 )
                        	#20 ( 3 8 6 8 4 8 0 )
                        	#28 ( 3 8 4 9 4 8 2 )
                        	#16 ( 3 8 3 10 4 8 0 )
                        	#23 ( 2 8 3 7 4 8 0 )
                        Evaluation points after sort:
                        	#16 ( 3 8 3 10 4 8 0 )
                        	#17 ( 5 8 5 6 4 8 1 )
                        	#18 ( 4 10 4 8 4 8 0 )
                        	#19 ( 4 6 4 8 4 8 0 )
                        	#20 ( 3 8 6 8 4 8 0 )
                        	#21 ( 5 8 2 8 4 8 0 )
                        	#22 ( 6 8 5 9 4 8 1 )
                        	#23 ( 2 8 3 7 4 8 0 )
                        	#24 ( 4 8 4 8 6 8 0 )
                        	#25 ( 4 8 4 8 2 8 0 )
                        	#26 ( 4 8 4 8 4 10 0 )
                        	#27 ( 4 8 4 8 4 6 0 )
                        	#28 ( 3 8 4 9 4 8 2 )
                        	#29 ( 5 8 4 7 4 8 0 )
                    } Sort trial points for step Ortho N+1 Neg Poll Method
                    Number of trial points after reduction to form a basis: 7
                    Point already in cache (but not BB evaluated): #16 ( 3 8 3 10 4 8 0 )
                    Point already in cache (but not BB evaluated): #20 ( 3 8 6 8 4 8 0 )
                    Point already in cache (but not BB evaluated): #26 ( 4 8 4 8 4 10 0 )
                    Point already in cache (but not BB evaluated): #24 ( 4 8 4 8 6 8 0 )
                    Point already in cache (but not BB evaluated): #18 ( 4 10 4 8 4 8 0 )
                    Point already in cache (but not BB evaluated): #17 ( 5 8 5 6 4 8 1 )
                    Point already in cache (but not BB evaluated): #22 ( 6 8 5 9 4 8 1 )
                    Number of points for step Poll of eval type BB that would need eval: 7
                    Add points (full space) to eval queue for step Poll {
                        7 points added
                        Point already in cache (but not BB evaluated): #16 ( 3 8 3 10 4 8 0 )
                        New point added to eval queue: #16 ( 3 8 3 10 4 8 0 )
                        Point already in cache (but not BB evaluated): #20 ( 3 8 6 8 4 8 0 )
                        New point added to eval queue: #20 ( 3 8 6 8 4 8 0 )
                        Point already in cache (but not BB evaluated): #26 ( 4 8 4 8 4 10 0 )
                        New point added to eval queue: #26 ( 4 8 4 8 4 10 0 )
                        Point already in cache (but not BB evaluated): #24 ( 4 8 4 8 6 8 0 )
                        New point added to eval queue: #24 ( 4 8 4 8 6 8 0 )
                        Point already in cache (but not BB evaluated): #18 ( 4 10 4 8 4 8 0 )
                        New point added to eval queue: #18 ( 4 10 4 8 4 8 0 )
                        Point already in cache (but not BB evaluated): #17 ( 5 8 5 6 4 8 1 )
                        New point added to eval queue: #17 ( 5 8 5 6 4 8 1 )
                        Point already in cache (but not BB evaluated): #22 ( 6 8 5 9 4 8 1 )
                        New point added to eval queue: #22 ( 6 8 5 9 4 8 1 )
                        Eval queue now has 7 points.
                    } Add points (full space) to eval queue for step Poll
                    Evaluate points (full space) for Poll {
                        Start evaluation. Opportunism = false, UseCache = true, Barrier
                        X_FEAS #0 ( 4 8 4 8 4 8 0 )	(BB - Evaluation OK	 f = 4800       	 h =   0        (L2))
                        H_MAX inf
                        Ref Best Feasible:   #0 ( 4 8 4 8 4 8 0 )	(BB - Evaluation OK	 f = 4800       	 h =   0        (L2))
                        Ref Best Infeasible: NULL
                        After blocks generation: 7 blocks
                        Parallel eval thread = 0 
Algo thread = 0 

                        Start evaluation of block of 1 points.
                        BB evaluation done for #16 ( 3 8 3 10 4 8 0 )	(BB - Evaluation OK	 f =   0       	 h = inf (L2)). Success found: Failure
10	(   3   8   3  10   4   8   0 )	   0 inf   2   2   2   2   2   2   2   1   1   1   1   1   1   1
                        Parallel eval thread = 0 
Algo thread = 0 

                        Start evaluation of block of 1 points.
                        BB evaluation done for #20 ( 3 8 6 8 4 8 0 )	(BB - Evaluation OK	 f =   0       	 h = inf (L2)). Success found: Failure
11	(   3   8   6   8   4   8   0 )	   0 inf   2   2   2   2   2   2   2   1   1   1   1   1   1   1
                        Parallel eval thread = 0 
Algo thread = 0 

                        Start evaluation of block of 1 points.
                        BB evaluation done for #26 ( 4 8 4 8 4 10 0 )	(BB - Evaluation OK	 f =   0       	 h = inf (L2)). Success found: Failure
12	(   4   8   4   8   4  10   0 )	   0 inf   2   2   2   2   2   2   2   1   1   1   1   1   1   1
                        Parallel eval thread = 0 
Algo thread = 0 

                        Start evaluation of block of 1 points.
                        BB evaluation done for #24 ( 4 8 4 8 6 8 0 )	(BB - Evaluation OK	 f = 5000       	 h =   0        (L2)). Success found: Failure
13	(   4   8   4   8   6   8   0 )	5000   0   2   2   2   2   2   2   2   1   1   1   1   1   1   1
                        Parallel eval thread = 0 
Algo thread = 0 

                        Start evaluation of block of 1 points.
                        BB evaluation done for #18 ( 4 10 4 8 4 8 0 )	(BB - Evaluation OK	 f =   0       	 h = inf (L2)). Success found: Failure
14	(   4  10   4   8   4   8   0 )	   0 inf   2   2   2   2   2   2   2   1   1   1   1   1   1   1
                        Parallel eval thread = 0 
Algo thread = 0 

                        Start evaluation of block of 1 points.
                        BB evaluation done for #17 ( 5 8 5 6 4 8 1 )	(BB - Evaluation OK	 f = 3760       	 h =   0        (L2)). Success found: Full success (dominating)
15	(   5   8   5   6   4   8   1 )	3760   0   2   2   2   2   2   2   2   1   1   1   1   1   1   1
                        Parallel eval thread = 0 
Algo thread = 0 

                        Start evaluation of block of 1 points.
                        BB evaluation done for #22 ( 6 8 5 9 4 8 1 )	(BB - Evaluation OK	 f = 4200       	 h =   0        (L2)). Success found: Full success (dominating)
16	(   6   8   5   9   4   8   1 )	4200   0   2   2   2   2   2   2   2   1   1   1   1   1   1   1
                        We are done with evaluations.
                        Evaluation is done. Cleared queue of 0 points.
                        EvaluatorControl stop reason (main thread): No more points to evaluate (global): Started (Eval Global)
                        Poll: Full success (dominating). Stop reasons: No termination (all).  No more points to evaluate
                    } Evaluate points (full space) for Poll
                    Number of trial points: 7
                    Number of trial points that needed eval: 7
                    Number of evaluated points: 7
                    Poll is successful. Stop reason: No termination (all).  No more points to evaluate
                } End step Poll
                Updating barrier with 7 suggested points
                Current barrier: 
                X_FEAS #0 ( 4 8 4 8 4 8 0 )	(BB - Evaluation OK	 f = 4800       	 h =   0        (L2))
                H_MAX inf
                Ref Best Feasible:   #0 ( 4 8 4 8 4 8 0 )	(BB - Evaluation OK	 f = 4800       	 h =   0        (L2))
                Ref Best Infeasible: NULL
                Point suggested to update barrier (feasible): #24 ( 4 8 4 8 6 8 0 )	Evaluation OK	 f = 5000                     	 h =   0                      (L2)
                Point inserted in feasible barrier: #24 ( 4 8 4 8 6 8 0 )	Evaluation OK	 f = 5000                     	 h =   0                      (L2)
                Point suggested to update barrier (feasible): #17 ( 5 8 5 6 4 8 1 )	Evaluation OK	 f = 3760                     	 h =   0                      (L2)
                Point inserted in feasible barrier: #17 ( 5 8 5 6 4 8 1 )	Evaluation OK	 f = 3760                     	 h =   0                      (L2)
                Point suggested to update barrier (feasible): #22 ( 6 8 5 9 4 8 1 )	Evaluation OK	 f = 4200                     	 h =   0                      (L2)
                Point inserted in feasible barrier: #22 ( 6 8 5 9 4 8 1 )	Evaluation OK	 f = 4200                     	 h =   0                      (L2)
                New dominating xFeas: #17 ( 5 8 5 6 4 8 1 )	Evaluation OK	 f = 3760                     	 h =   0                      (L2)
                Update incumbent(s) in barrier. New feasible incumbent: #17 ( 5 8 5 6 4 8 1 )	Evaluation OK	 f = 3760                     	 h =   0                      (L2)
            } End step MADS Iteration 2
            Stop reason: No termination (all).  No more points to evaluate
            MADS MegaIteration 2: new success Full success (dominating)
        } End step MADS MegaIteration 2
        Start step MADS MegaIteration 3 {
            Start step MADS Update {
                Running MADS Update. Barrier: 
                X_FEAS #17 ( 5 8 5 6 4 8 1 )	(BB - Evaluation OK	 f = 3760       	 h =   0        (L2))
                H_MAX inf
                Ref Best Feasible:   #0 ( 4 8 4 8 4 8 0 )	(BB - Evaluation OK	 f = 4800       	 h =   0        (L2))
                Ref Best Infeasible: NULL
                Update: improving feasible point
                 from #0 ( 4 8 4 8 4 8 0 )	Evaluation OK	 f = 4800                     	 h =   0                      (L2)
                 to #17 ( 5 8 5 6 4 8 1 )	Evaluation OK	 f = 3760                     	 h =   0                      (L2)
                New direction (feasible) 1 0 1 -2 0 0 1
                Last Iteration Successful. Delta is enlarged.
                delta mesh  size = 1 1 1 1 1 1 1
                Delta frame size = 5 2 5 5 2 2 5
            } End step MADS Update
            Mesh Stop Reason: No termination (all). 
            Iteration generated:
            MADS Iteration 2
            Mesh size:  1 1 1 1 1 1 1
            Frame size: 5 2 5 5 2 2 5
            Start step MADS Iteration 3 {
                Start step Search {
                    Search methods are all disabled.
                } End step Search
                Start step Poll {
                    Generate points for Poll
                    Generate points for Ortho N+1 Neg Poll Method {
                        Unit sphere direction: 0.605237 0.0107176 0.103389 -0.239244 -0.388606 -0.596719 -0.241988
                        Poll direction before scaling and projection on mesh: 0.267377 -0.0129734 -0.12515 0.289598 0.470398 0.722313 0.29292
                        Poll direction before scaling and projection on mesh: -0.267377 0.0129734 0.12515 -0.289598 -0.470398 -0.722313 -0.29292
                        Poll direction before scaling and projection on mesh: -0.0129734 0.99977 -0.00221617 0.00512824 0.00832986 0.0127908 0.00518707
                        Poll direction before scaling and projection on mesh: 0.0129734 -0.99977 0.00221617 -0.00512824 -0.00832986 -0.0127908 -0.00518707
                        Poll direction before scaling and projection on mesh: -0.12515 -0.00221617 0.978621 0.0494705 0.0803555 0.123389 0.0500379
                        Poll direction before scaling and projection on mesh: 0.12515 0.00221617 -0.978621 -0.0494705 -0.0803555 -0.123389 -0.0500379
                        Poll direction before scaling and projection on mesh: 0.289598 0.00512824 0.0494705 0.885525 -0.185943 -0.285523 -0.115788
                        Poll direction before scaling and projection on mesh: -0.289598 -0.00512824 -0.0494705 -0.885525 0.185943 0.285523 0.115788
                        Poll direction before scaling and projection on mesh: 0.470398 0.00832986 0.0803555 -0.185943 0.69797 -0.463778 -0.188076
                        Poll direction before scaling and projection on mesh: -0.470398 -0.00832986 -0.0803555 0.185943 -0.69797 0.463778 0.188076
                        Poll direction before scaling and projection on mesh: 0.722313 0.0127908 0.123389 -0.285523 -0.463778 0.287852 -0.288798
                        Poll direction before scaling and projection on mesh: -0.722313 -0.0127908 -0.123389 0.285523 0.463778 -0.287852 0.288798
                        Poll direction before scaling and projection on mesh: 0.29292 0.00518707 0.0500379 -0.115788 -0.188076 -0.288798 0.882884
                        Poll direction before scaling and projection on mesh: -0.29292 -0.00518707 -0.0500379 0.115788 0.188076 0.288798 -0.882884
                        Generate  first pass trial points for Ortho N+1 Neg Poll Method {
                            Scaled and mesh projected poll direction: 2 -0 -1 2 1 2 2
                            Scaled and mesh projected poll direction: -2 0 1 -2 -1 -2 -2
                            Scaled and mesh projected poll direction: -0 2 -0 0 0 0 0
                            Scaled and mesh projected poll direction: 0 -2 0 -0 -0 -0 -0
                            Scaled and mesh projected poll direction: -1 -0 5 0 0 0 0
                            Scaled and mesh projected poll direction: 1 0 -5 -0 -0 -0 -0
                            Scaled and mesh projected poll direction: 2 0 0 5 -0 -1 -1
                            Scaled and mesh projected poll direction: -2 -0 -0 -5 0 1 1
                            Scaled and mesh projected poll direction: 3 0 1 -1 2 -1 -1
                            Scaled and mesh projected poll direction: -3 -0 -1 1 -2 1 1
                            Scaled and mesh projected poll direction: 5 0 1 -2 -1 1 -2
                            Scaled and mesh projected poll direction: -5 -0 -1 2 1 -1 2
                            Scaled and mesh projected poll direction: 2 0 0 -1 -0 -1 5
                            Scaled and mesh projected poll direction: -2 -0 -0 1 0 1 -5
                            Frame center: #17 ( 5 8 5 6 4 8 1 )	Evaluation OK	 f = 3760                     	 h =   0                      (L2)
                            Point before projection: ( 7 8 4 8 5 10 3 )
                            Point after projection:  ( 7 8 4 8 5 10 2 )
                            Generated point: #30 ( 7 8 4 8 5 10 2 )
                            Point before projection: ( 3 8 6 4 3 6 -1 )
                            Point after projection:  ( 3 8 6 4 3 6 0 )
                            Generated point: #31 ( 3 8 6 4 3 6 0 )
                            Point before projection: ( 5 10 5 6 4 8 1 )
                            Point after projection:  ( 5 10 5 6 4 8 1 )
                            Generated point: #32 ( 5 10 5 6 4 8 1 )
                            Point before projection: ( 5 6 5 6 4 8 1 )
                            Point after projection:  ( 5 6 5 6 4 8 1 )
                            Generated point: #33 ( 5 6 5 6 4 8 1 )
                            Point before projection: ( 4 8 10 6 4 8 1 )
                            Point after projection:  ( 4 8 10 6 4 8 1 )
                            Generated point: #34 ( 4 8 10 6 4 8 1 )
                            Point before projection: ( 6 8 0 6 4 8 1 )
                            Point after projection:  ( 6 8 0 6 4 8 1 )
                            Generated point: #35 ( 6 8 0 6 4 8 1 )
                            Point before projection: ( 7 8 5 11 4 7 0 )
                            Point after projection:  ( 7 8 5 10 4 7 0 )
                            Generated point: #36 ( 7 8 5 10 4 7 0 )
                            Point before projection: ( 3 8 5 1 4 9 2 )
                            Point after projection:  ( 3 8 5 1 4 9 2 )
                            Generated point: #37 ( 3 8 5 1 4 9 2 )
                            Point before projection: ( 8 8 6 5 6 7 0 )
                            Point after projection:  ( 8 8 6 5 6 7 0 )
                            Generated point: #38 ( 8 8 6 5 6 7 0 )
                            Point before projection: ( 2 8 4 7 2 9 2 )
                            Point after projection:  ( 2 8 4 7 2 9 2 )
                            Generated point: #39 ( 2 8 4 7 2 9 2 )
                            Point before projection: ( 10 8 6 4 3 9 -1 )
                            Point after projection:  ( 10 8 6 4 3 9 0 )
                            Generated point: #40 ( 10 8 6 4 3 9 0 )
                            Point before projection: ( 0 8 4 8 5 7 3 )
                            Point after projection:  ( 0 8 4 8 5 7 2 )
                            Generated point: #41 ( 0 8 4 8 5 7 2 )
                            Point before projection: ( 7 8 5 5 4 7 6 )
                            Point after projection:  ( 7 8 5 5 4 7 2 )
                            Generated point: #42 ( 7 8 5 5 4 7 2 )
                            Point before projection: ( 3 8 5 7 4 9 -4 )
                            Point after projection:  ( 3 8 5 7 4 9 0 )
                            Generated point: #43 ( 3 8 5 7 4 9 0 )
                            Generated 14 points
                        } Generate  first pass trial points for Ortho N+1 Neg Poll Method
                        Generated 14 points
                    } Generate points for Ortho N+1 Neg Poll Method
                    Number of trial points before sort and reduction to form a basis: 14
                    Sort trial points for step Ortho N+1 Neg Poll Method {
                        14 points added
                        New point added for sorting: #41 ( 0 8 4 8 5 7 2 )
                        New point added for sorting: #39 ( 2 8 4 7 2 9 2 )
                        New point added for sorting: #37 ( 3 8 5 1 4 9 2 )
                        New point added for sorting: #43 ( 3 8 5 7 4 9 0 )
                        New point added for sorting: #31 ( 3 8 6 4 3 6 0 )
                        New point added for sorting: #34 ( 4 8 10 6 4 8 1 )
                        New point added for sorting: #33 ( 5 6 5 6 4 8 1 )
                        New point added for sorting: #32 ( 5 10 5 6 4 8 1 )
                        New point added for sorting: #35 ( 6 8 0 6 4 8 1 )
                        New point added for sorting: #30 ( 7 8 4 8 5 10 2 )
                        New point added for sorting: #42 ( 7 8 5 5 4 7 2 )
                        New point added for sorting: #36 ( 7 8 5 10 4 7 0 )
                        New point added for sorting: #38 ( 8 8 6 5 6 7 0 )
                        New point added for sorting: #40 ( 10 8 6 4 3 9 0 )
                        Trial points sorted, before trim: 14 after trim: 14
                         Model eval missing for: #41 ( 0 8 4 8 5 7 2 )
                        Sort using OrderByDirection
                        Evaluation points before sort:
                        	#40 ( 10 8 6 4 3 9 0 )
                        	#38 ( 8 8 6 5 6 7 0 )
                        	#36 ( 7 8 5 10 4 7 0 )
                        	#42 ( 7 8 5 5 4 7 2 )
                        	#30 ( 7 8 4 8 5 10 2 )
                        	#35 ( 6 8 0 6 4 8 1 )
                        	#32 ( 5 10 5 6 4 8 1 )
                        	#33 ( 5 6 5 6 4 8 1 )
                        	#34 ( 4 8 10 6 4 8 1 )
                        	#31 ( 3 8 6 4 3 6 0 )
                        	#43 ( 3 8 5 7 4 9 0 )
                        	#37 ( 3 8 5 1 4 9 2 )
                        	#39 ( 2 8 4 7 2 9 2 )
                        	#41 ( 0 8 4 8 5 7 2 )
                        Evaluation points after sort:
                        	#42 ( 7 8 5 5 4 7 2 )
                        	#37 ( 3 8 5 1 4 9 2 )
                        	#40 ( 10 8 6 4 3 9 0 )
                        	#38 ( 8 8 6 5 6 7 0 )
                        	#34 ( 4 8 10 6 4 8 1 )
                        	#31 ( 3 8 6 4 3 6 0 )
                        	#32 ( 5 10 5 6 4 8 1 )
                        	#33 ( 5 6 5 6 4 8 1 )
                        	#30 ( 7 8 4 8 5 10 2 )
                        	#35 ( 6 8 0 6 4 8 1 )
                        	#39 ( 2 8 4 7 2 9 2 )
                        	#36 ( 7 8 5 10 4 7 0 )
                        	#41 ( 0 8 4 8 5 7 2 )
                        	#43 ( 3 8 5 7 4 9 0 )
                    } Sort trial points for step Ortho N+1 Neg Poll Method
                    Number of trial points after reduction to form a basis: 7
                    Point already in cache (but not BB evaluated): #37 ( 3 8 5 1 4 9 2 )
                    Point already in cache (but not BB evaluated): #31 ( 3 8 6 4 3 6 0 )
                    Point already in cache (but not BB evaluated): #34 ( 4 8 10 6 4 8 1 )
                    Point already in cache (but not BB evaluated): #32 ( 5 10 5 6 4 8 1 )
                    Point already in cache (but not BB evaluated): #42 ( 7 8 5 5 4 7 2 )
                    Point already in cache (but not BB evaluated): #38 ( 8 8 6 5 6 7 0 )
                    Point already in cache (but not BB evaluated): #40 ( 10 8 6 4 3 9 0 )
                    Number of points for step Poll of eval type BB that would need eval: 7
                    Add points (full space) to eval queue for step Poll {
                        7 points added
                        Point already in cache (but not BB evaluated): #37 ( 3 8 5 1 4 9 2 )
                        New point added to eval queue: #37 ( 3 8 5 1 4 9 2 )
                        Point already in cache (but not BB evaluated): #31 ( 3 8 6 4 3 6 0 )
                        New point added to eval queue: #31 ( 3 8 6 4 3 6 0 )
                        Point already in cache (but not BB evaluated): #34 ( 4 8 10 6 4 8 1 )
                        New point added to eval queue: #34 ( 4 8 10 6 4 8 1 )
                        Point already in cache (but not BB evaluated): #32 ( 5 10 5 6 4 8 1 )
                        New point added to eval queue: #32 ( 5 10 5 6 4 8 1 )
                        Point already in cache (but not BB evaluated): #42 ( 7 8 5 5 4 7 2 )
                        New point added to eval queue: #42 ( 7 8 5 5 4 7 2 )
                        Point already in cache (but not BB evaluated): #38 ( 8 8 6 5 6 7 0 )
                        New point added to eval queue: #38 ( 8 8 6 5 6 7 0 )
                        Point already in cache (but not BB evaluated): #40 ( 10 8 6 4 3 9 0 )
                        New point added to eval queue: #40 ( 10 8 6 4 3 9 0 )
                        Eval queue now has 7 points.
                    } Add points (full space) to eval queue for step Poll
                    Evaluate points (full space) for Poll {
                        Start evaluation. Opportunism = false, UseCache = true, Barrier
                        X_FEAS #17 ( 5 8 5 6 4 8 1 )	(BB - Evaluation OK	 f = 3760       	 h =   0        (L2))
                        H_MAX inf
                        Ref Best Feasible:   #17 ( 5 8 5 6 4 8 1 )	(BB - Evaluation OK	 f = 3760       	 h =   0        (L2))
                        Ref Best Infeasible: NULL
                        After blocks generation: 7 blocks
                        Parallel eval thread = 0 
Algo thread = 0 

                        Start evaluation of block of 1 points.
                        BB evaluation done for #37 ( 3 8 5 1 4 9 2 )	(BB - Evaluation OK	 f =   0       	 h = inf (L2)). Success found: Failure
17	(   3   8   5   1   4   9   2 )	   0 inf   5   2   5   5   2   2   5   1   1   1   1   1   1   1
                        Parallel eval thread = 0 
Algo thread = 0 

                        Start evaluation of block of 1 points.
                        BB evaluation done for #31 ( 3 8 6 4 3 6 0 )	(BB - Evaluation OK	 f =   0       	 h = inf (L2)). Success found: Failure
18	(   3   8   6   4   3   6   0 )	   0 inf   5   2   5   5   2   2   5   1   1   1   1   1   1   1
                        Parallel eval thread = 0 
Algo thread = 0 

                        Start evaluation of block of 1 points.
                        BB evaluation done for #34 ( 4 8 10 6 4 8 1 )	(BB - Evaluation OK	 f =   0       	 h = inf (L2)). Success found: Failure
19	(   4   8  10   6   4   8   1 )	   0 inf   5   2   5   5   2   2   5   1   1   1   1   1   1   1
                        Parallel eval thread = 0 
Algo thread = 0 

                        Start evaluation of block of 1 points.
                        BB evaluation done for #32 ( 5 10 5 6 4 8 1 )	(BB - Evaluation OK	 f = 4000       	 h =   0        (L2)). Success found: Failure
20	(   5  10   5   6   4   8   1 )	4000   0   5   2   5   5   2   2   5   1   1   1   1   1   1   1
                        Parallel eval thread = 0 
Algo thread = 0 

                        Start evaluation of block of 1 points.
                        BB evaluation done for #42 ( 7 8 5 5 4 7 2 )	(BB - Evaluation OK	 f = 2940       	 h =   0        (L2)). Success found: Full success (dominating)
21	(   7   8   5   5   4   7   2 )	2940   0   5   2   5   5   2   2   5   1   1   1   1   1   1   1
                        Parallel eval thread = 0 
Algo thread = 0 

                        Start evaluation of block of 1 points.
                        BB evaluation done for #38 ( 8 8 6 5 6 7 0 )	(BB - Evaluation OK	 f =   0       	 h = inf (L2)). Success found: Failure
22	(   8   8   6   5   6   7   0 )	   0 inf   5   2   5   5   2   2   5   1   1   1   1   1   1   1
                        Parallel eval thread = 0 
Algo thread = 0 

                        Start evaluation of block of 1 points.
                        BB evaluation done for #40 ( 10 8 6 4 3 9 0 )	(BB - Evaluation OK	 f =   0       	 h = inf (L2)). Success found: Failure
23	(  10   8   6   4   3   9   0 )	   0 inf   5   2   5   5   2   2   5   1   1   1   1   1   1   1
                        We are done with evaluations.
                        Evaluation is done. Cleared queue of 0 points.
                        EvaluatorControl stop reason (main thread): No more points to evaluate (global): Started (Eval Global)
                        Poll: Full success (dominating). Stop reasons: No termination (all).  No more points to evaluate
                    } Evaluate points (full space) for Poll
                    Number of trial points: 7
                    Number of trial points that needed eval: 7
                    Number of evaluated points: 7
                    Poll is successful. Stop reason: No termination (all).  No more points to evaluate
                } End step Poll
                Updating barrier with 7 suggested points
                Current barrier: 
                X_FEAS #17 ( 5 8 5 6 4 8 1 )	(BB - Evaluation OK	 f = 3760       	 h =   0        (L2))
                H_MAX inf
                Ref Best Feasible:   #17 ( 5 8 5 6 4 8 1 )	(BB - Evaluation OK	 f = 3760       	 h =   0        (L2))
                Ref Best Infeasible: NULL
                Point suggested to update barrier (feasible): #32 ( 5 10 5 6 4 8 1 )	Evaluation OK	 f = 4000                     	 h =   0                      (L2)
                Point inserted in feasible barrier: #32 ( 5 10 5 6 4 8 1 )	Evaluation OK	 f = 4000                     	 h =   0                      (L2)
                Point suggested to update barrier (feasible): #42 ( 7 8 5 5 4 7 2 )	Evaluation OK	 f = 2940                     	 h =   0                      (L2)
                Point inserted in feasible barrier: #42 ( 7 8 5 5 4 7 2 )	Evaluation OK	 f = 2940                     	 h =   0                      (L2)
                New dominating xFeas: #42 ( 7 8 5 5 4 7 2 )	Evaluation OK	 f = 2940                     	 h =   0                      (L2)
                Update incumbent(s) in barrier. New feasible incumbent: #42 ( 7 8 5 5 4 7 2 )	Evaluation OK	 f = 2940                     	 h =   0                      (L2)
            } End step MADS Iteration 3
            Stop reason: No termination (all).  No more points to evaluate
            MADS MegaIteration 3: new success Full success (dominating)
        } End step MADS MegaIteration 3
        Start step MADS MegaIteration 4 {
            Start step MADS Update {
                Running MADS Update. Barrier: 
                X_FEAS #42 ( 7 8 5 5 4 7 2 )	(BB - Evaluation OK	 f = 2940       	 h =   0        (L2))
                H_MAX inf
                Ref Best Feasible:   #17 ( 5 8 5 6 4 8 1 )	(BB - Evaluation OK	 f = 3760       	 h =   0        (L2))
                Ref Best Infeasible: NULL
                Update: improving feasible point
                 from #17 ( 5 8 5 6 4 8 1 )	Evaluation OK	 f = 3760                     	 h =   0                      (L2)
                 to #42 ( 7 8 5 5 4 7 2 )	Evaluation OK	 f = 2940                     	 h =   0                      (L2)
                New direction (feasible) 2 0 0 -1 0 -1 1
                Last Iteration Successful. Delta is enlarged.
                delta mesh  size = 1 1 1 1 1 1 1
                Delta frame size = 10 2 5 10 2 5 10
            } End step MADS Update
            Mesh Stop Reason: No termination (all). 
            Iteration generated:
            MADS Iteration 3
            Mesh size:  1 1 1 1 1 1 1
            Frame size: 10 2 5 10 2 5 10
            Start step MADS Iteration 4 {
                Start step Search {
                    Search methods are all disabled.
                } End step Search
                Start step Poll {
                    Generate points for Poll
                    Generate points for Ortho N+1 Neg Poll Method {
                        Unit sphere direction: -0.62874 0.0740558 0.300069 -0.478005 -0.0330658 -0.17003 -0.500668
                        Poll direction before scaling and projection on mesh: 0.209372 0.0931237 0.377331 -0.601082 -0.0415796 -0.213809 -0.62958
                        Poll direction before scaling and projection on mesh: -0.209372 -0.0931237 -0.377331 0.601082 0.0415796 0.213809 0.62958
                        Poll direction before scaling and projection on mesh: 0.0931237 0.989031 -0.0444438 0.0707981 0.00489743 0.0251833 0.0741547
                        Poll direction before scaling and projection on mesh: -0.0931237 -0.989031 0.0444438 -0.0707981 -0.00489743 -0.0251833 -0.0741547
                        Poll direction before scaling and projection on mesh: 0.377331 -0.0444438 0.819917 0.286869 0.0198441 0.102041 0.30047
                        Poll direction before scaling and projection on mesh: -0.377331 0.0444438 -0.819917 -0.286869 -0.0198441 -0.102041 -0.30047
                        Poll direction before scaling and projection on mesh: -0.601082 0.0707981 0.286869 0.543023 -0.0316112 -0.16255 -0.478643
                        Poll direction before scaling and projection on mesh: 0.601082 -0.0707981 -0.286869 -0.543023 0.0316112 0.16255 0.478643
                        Poll direction before scaling and projection on mesh: -0.0415796 0.00489743 0.0198441 -0.0316112 0.997813 -0.0112443 -0.0331099
                        Poll direction before scaling and projection on mesh: 0.0415796 -0.00489743 -0.0198441 0.0316112 -0.997813 0.0112443 0.0331099
                        Poll direction before scaling and projection on mesh: -0.213809 0.0251833 0.102041 -0.16255 -0.0112443 0.94218 -0.170257
                        Poll direction before scaling and projection on mesh: 0.213809 -0.0251833 -0.102041 0.16255 0.0112443 -0.94218 0.170257
                        Poll direction before scaling and projection on mesh: -0.62958 0.0741547 0.30047 -0.478643 -0.0331099 -0.170257 0.498664
                        Poll direction before scaling and projection on mesh: 0.62958 -0.0741547 -0.30047 0.478643 0.0331099 0.170257 -0.498664
                        Generate  first pass trial points for Ortho N+1 Neg Poll Method {
                            Scaled and mesh projected poll direction: 3 0 3 -10 -0 -2 -10
                            Scaled and mesh projected poll direction: -3 -0 -3 10 0 2 10
                            Scaled and mesh projected poll direction: 1 2 -0 1 0 0 1
                            Scaled and mesh projected poll direction: -1 -2 0 -1 -0 -0 -1
                            Scaled and mesh projected poll direction: 5 -0 5 3 0 1 4
                            Scaled and mesh projected poll direction: -5 0 -5 -3 -0 -1 -4
                            Scaled and mesh projected poll direction: -10 0 2 9 -0 -1 -8
                            Scaled and mesh projected poll direction: 10 -0 -2 -9 0 1 8
                            Scaled and mesh projected poll direction: -0 0 0 -0 2 -0 -0
                            Scaled and mesh projected poll direction: 0 -0 -0 0 -2 0 0
                            Scaled and mesh projected poll direction: -2 0 1 -2 -0 5 -2
                            Scaled and mesh projected poll direction: 2 -0 -1 2 0 -5 2
                            Scaled and mesh projected poll direction: -10 0 2 -8 -0 -1 8
                            Scaled and mesh projected poll direction: 10 -0 -2 8 0 1 -8
                            Frame center: #42 ( 7 8 5 5 4 7 2 )	Evaluation OK	 f = 2940                     	 h =   0                      (L2)
                            Point before projection: ( 10 8 8 -5 4 5 -8 )
                            Point after projection:  ( 10 8 8 0 4 5 0 )
                            Generated point: #44 ( 10 8 8 0 4 5 0 )
                            Point before projection: ( 4 8 2 15 4 9 12 )
                            Point after projection:  ( 4 8 2 10 4 9 2 )
                            Generated point: #45 ( 4 8 2 10 4 9 2 )
                            Point before projection: ( 8 10 5 6 4 7 3 )
                            Point after projection:  ( 8 10 5 6 4 7 2 )
                            Generated point: #46 ( 8 10 5 6 4 7 2 )
                            Point before projection: ( 6 6 5 4 4 7 1 )
                            Point after projection:  ( 6 6 5 4 4 7 1 )
                            Generated point: #47 ( 6 6 5 4 4 7 1 )
                            Point before projection: ( 12 8 10 8 4 8 6 )
                            Point after projection:  ( 10 8 10 8 4 8 2 )
                            Generated point: #48 ( 10 8 10 8 4 8 2 )
                            Point before projection: ( 2 8 0 2 4 6 -2 )
                            Point after projection:  ( 2 8 0 2 4 6 0 )
                            Generated point: #49 ( 2 8 0 2 4 6 0 )
                            Point before projection: ( -3 8 7 14 4 6 -6 )
                            Point after projection:  ( 0 8 7 10 4 6 0 )
                            Generated point: #50 ( 0 8 7 10 4 6 0 )
                            Point before projection: ( 17 8 3 -4 4 8 10 )
                            Point after projection:  ( 10 8 3 0 4 8 2 )
                            Generated point: #51 ( 10 8 3 0 4 8 2 )
                            Point before projection: ( 7 8 5 5 6 7 2 )
                            Point after projection:  ( 7 8 5 5 6 7 2 )
                            Generated point: #52 ( 7 8 5 5 6 7 2 )
                            Point before projection: ( 7 8 5 5 2 7 2 )
                            Point after projection:  ( 7 8 5 5 2 7 2 )
                            Generated point: #53 ( 7 8 5 5 2 7 2 )
                            Point before projection: ( 5 8 6 3 4 12 0 )
                            Point after projection:  ( 5 8 6 3 4 10 0 )
                            Generated point: #54 ( 5 8 6 3 4 10 0 )
                            Point before projection: ( 9 8 4 7 4 2 4 )
                            Point after projection:  ( 9 8 4 7 4 2 2 )
                            Generated point: #55 ( 9 8 4 7 4 2 2 )
                            Point before projection: ( -3 8 7 -3 4 6 10 )
                            Point after projection:  ( 0 8 7 0 4 6 2 )
                            Generated point: #56 ( 0 8 7 0 4 6 2 )
                            Point before projection: ( 17 8 3 13 4 8 -6 )
                            Point after projection:  ( 10 8 3 10 4 8 0 )
                            Generated point: #57 ( 10 8 3 10 4 8 0 )
                            Generated 14 points
                        } Generate  first pass trial points for Ortho N+1 Neg Poll Method
                        Generated 14 points
                    } Generate points for Ortho N+1 Neg Poll Method
                    Number of trial points before sort and reduction to form a basis: 14
                    Sort trial points for step Ortho N+1 Neg Poll Method {
                        14 points added
                        New point added for sorting: #56 ( 0 8 7 0 4 6 2 )
                        New point added for sorting: #50 ( 0 8 7 10 4 6 0 )
                        New point added for sorting: #49 ( 2 8 0 2 4 6 0 )
                        New point added for sorting: #45 ( 4 8 2 10 4 9 2 )
                        New point added for sorting: #54 ( 5 8 6 3 4 10 0 )
                        New point added for sorting: #47 ( 6 6 5 4 4 7 1 )
                        New point added for sorting: #53 ( 7 8 5 5 2 7 2 )
                        New point added for sorting: #52 ( 7 8 5 5 6 7 2 )
                        New point added for sorting: #46 ( 8 10 5 6 4 7 2 )
                        New point added for sorting: #55 ( 9 8 4 7 4 2 2 )
                        New point added for sorting: #51 ( 10 8 3 0 4 8 2 )
                        New point added for sorting: #57 ( 10 8 3 10 4 8 0 )
                        New point added for sorting: #44 ( 10 8 8 0 4 5 0 )
                        New point added for sorting: #48 ( 10 8 10 8 4 8 2 )
                        Trial points sorted, before trim: 14 after trim: 14
                         Model eval missing for: #56 ( 0 8 7 0 4 6 2 )
                        Sort using OrderByDirection
                        Evaluation points before sort:
                        	#48 ( 10 8 10 8 4 8 2 )
                        	#44 ( 10 8 8 0 4 5 0 )
                        	#57 ( 10 8 3 10 4 8 0 )
                        	#51 ( 10 8 3 0 4 8 2 )
                        	#55 ( 9 8 4 7 4 2 2 )
                        	#46 ( 8 10 5 6 4 7 2 )
                        	#52 ( 7 8 5 5 6 7 2 )
                        	#53 ( 7 8 5 5 2 7 2 )
                        	#47 ( 6 6 5 4 4 7 1 )
                        	#54 ( 5 8 6 3 4 10 0 )
                        	#45 ( 4 8 2 10 4 9 2 )
                        	#49 ( 2 8 0 2 4 6 0 )
                        	#50 ( 0 8 7 10 4 6 0 )
                        	#56 ( 0 8 7 0 4 6 2 )
                        Evaluation points after sort:
                        	#51 ( 10 8 3 0 4 8 2 )
                        	#44 ( 10 8 8 0 4 5 0 )
                        	#55 ( 9 8 4 7 4 2 2 )
                        	#46 ( 8 10 5 6 4 7 2 )
                        	#48 ( 10 8 10 8 4 8 2 )
                        	#52 ( 7 8 5 5 6 7 2 )
                        	#53 ( 7 8 5 5 2 7 2 )
                        	#57 ( 10 8 3 10 4 8 0 )
                        	#47 ( 6 6 5 4 4 7 1 )
                        	#56 ( 0 8 7 0 4 6 2 )
                        	#49 ( 2 8 0 2 4 6 0 )
                        	#54 ( 5 8 6 3 4 10 0 )
                        	#45 ( 4 8 2 10 4 9 2 )
                        	#50 ( 0 8 7 10 4 6 0 )
                    } Sort trial points for step Ortho N+1 Neg Poll Method
                    Number of trial points after reduction to form a basis: 7
                    Point already in cache (but not BB evaluated): #52 ( 7 8 5 5 6 7 2 )
                    Point already in cache (but not BB evaluated): #46 ( 8 10 5 6 4 7 2 )
                    Point already in cache (but not BB evaluated): #55 ( 9 8 4 7 4 2 2 )
                    Point already in cache (but not BB evaluated): #51 ( 10 8 3 0 4 8 2 )
                    Point already in cache (but not BB evaluated): #57 ( 10 8 3 10 4 8 0 )
                    Point already in cache (but not BB evaluated): #44 ( 10 8 8 0 4 5 0 )
                    Point already in cache (but not BB evaluated): #48 ( 10 8 10 8 4 8 2 )
                    Number of points for step Poll of eval type BB that would need eval: 7
                    Add points (full space) to eval queue for step Poll {
                        7 points added
                        Point already in cache (but not BB evaluated): #52 ( 7 8 5 5 6 7 2 )
                        New point added to eval queue: #52 ( 7 8 5 5 6 7 2 )
                        Point already in cache (but not BB evaluated): #46 ( 8 10 5 6 4 7 2 )
                        New point added to eval queue: #46 ( 8 10 5 6 4 7 2 )
                        Point already in cache (but not BB evaluated): #55 ( 9 8 4 7 4 2 2 )
                        New point added to eval queue: #55 ( 9 8 4 7 4 2 2 )
                        Point already in cache (but not BB evaluated): #51 ( 10 8 3 0 4 8 2 )
                        New point added to eval queue: #51 ( 10 8 3 0 4 8 2 )
                        Point already in cache (but not BB evaluated): #57 ( 10 8 3 10 4 8 0 )
                        New point added to eval queue: #57 ( 10 8 3 10 4 8 0 )
                        Point already in cache (but not BB evaluated): #44 ( 10 8 8 0 4 5 0 )
                        New point added to eval queue: #44 ( 10 8 8 0 4 5 0 )
                        Point already in cache (but not BB evaluated): #48 ( 10 8 10 8 4 8 2 )
                        New point added to eval queue: #48 ( 10 8 10 8 4 8 2 )
                        Eval queue now has 7 points.
                    } Add points (full space) to eval queue for step Poll
                    Evaluate points (full space) for Poll {
                        Start evaluation. Opportunism = false, UseCache = true, Barrier
                        X_FEAS #42 ( 7 8 5 5 4 7 2 )	(BB - Evaluation OK	 f = 2940       	 h =   0        (L2))
                        H_MAX inf
                        Ref Best Feasible:   #42 ( 7 8 5 5 4 7 2 )	(BB - Evaluation OK	 f = 2940       	 h =   0        (L2))
                        Ref Best Infeasible: NULL
                        After blocks generation: 7 blocks
                        Parallel eval thread = 0 
Algo thread = 0 

                        Start evaluation of block of 1 points.
                        BB evaluation done for #52 ( 7 8 5 5 6 7 2 )	(BB - Evaluation OK	 f = 3070       	 h =   0        (L2)). Success found: Failure
24	(   7   8   5   5   6   7   2 )	3070   0  10   2   5  10   2   5  10   1   1   1   1   1   1   1
                        Parallel eval thread = 0 
Algo thread = 0 

                        Start evaluation of block of 1 points.
                        BB evaluation done for #46 ( 8 10 5 6 4 7 2 )	(BB - Evaluation OK	 f = 3290       	 h =   0        (L2)). Success found: Failure
25	(   8  10   5   6   4   7   2 )	3290   0  10   2   5  10   2   5  10   1   1   1   1   1   1   1
                        Parallel eval thread = 0 
Algo thread = 0 

                        Start evaluation of block of 1 points.
                        BB evaluation done for #55 ( 9 8 4 7 4 2 2 )	(BB - Evaluation OK	 f =   0       	 h = inf (L2)). Success found: Failure
26	(   9   8   4   7   4   2   2 )	   0 inf  10   2   5  10   2   5  10   1   1   1   1   1   1   1
                        Parallel eval thread = 0 
Algo thread = 0 

                        Start evaluation of block of 1 points.
                        BB evaluation done for #51 ( 10 8 3 0 4 8 2 )	(BB - Evaluation OK	 f =   0       	 h = inf (L2)). Success found: Failure
27	(  10   8   3   0   4   8   2 )	   0 inf  10   2   5  10   2   5  10   1   1   1   1   1   1   1
                        Parallel eval thread = 0 
Algo thread = 0 

                        Start evaluation of block of 1 points.
                        BB evaluation done for #57 ( 10 8 3 10 4 8 0 )	(BB - Evaluation OK	 f =   0       	 h = inf (L2)). Success found: Failure
28	(  10   8   3  10   4   8   0 )	   0 inf  10   2   5  10   2   5  10   1   1   1   1   1   1   1
                        Parallel eval thread = 0 
Algo thread = 0 

                        Start evaluation of block of 1 points.
                        BB evaluation done for #44 ( 10 8 8 0 4 5 0 )	(BB - Evaluation OK	 f =   0       	 h = inf (L2)). Success found: Failure
29	(  10   8   8   0   4   5   0 )	   0 inf  10   2   5  10   2   5  10   1   1   1   1   1   1   1
                        Parallel eval thread = 0 
Algo thread = 0 

                        Start evaluation of block of 1 points.
                        BB evaluation done for #48 ( 10 8 10 8 4 8 2 )	(BB - Evaluation OK	 f =   0       	 h = inf (L2)). Success found: Failure
30	(  10   8  10   8   4   8   2 )	   0 inf  10   2   5  10   2   5  10   1   1   1   1   1   1   1
                        We are done with evaluations.
                        Evaluation is done. Cleared queue of 0 points.
                        EvaluatorControl stop reason (main thread): No more points to evaluate (global): Started (Eval Global)
                        Poll: Failure. Stop reasons: No termination (all).  No more points to evaluate
                    } Evaluate points (full space) for Poll
                    Number of trial points: 7
                    Number of trial points that needed eval: 7
                    Number of evaluated points: 7
                    Generate second pass trial point(s) for Ortho N+1 Neg Poll Method {
                        Scaled and mesh projected poll direction: -15 -2 -3 -1 -2 4 4
                        Frame center: #42 ( 7 8 5 5 4 7 2 )	Evaluation OK	 f = 2940                     	 h =   0                      (L2)
                        Point before projection: ( -8 6 2 4 2 11 6 )
                        Point after projection:  ( 0 6 2 4 2 10 2 )
                        Generated point: #58 ( 0 6 2 4 2 10 2 )
                        Generated 1 points
                    } Generate second pass trial point(s) for Ortho N+1 Neg Poll Method
                    Add points (full space) to eval queue for step Poll {
                        1 points added
                        New point added to eval queue: #58 ( 0 6 2 4 2 10 2 )
                        Eval queue now has 1 points.
                    } Add points (full space) to eval queue for step Poll
                    Evaluate points (full space) for Poll {
                        Start evaluation. Opportunism = false, UseCache = true, Barrier
                        X_FEAS #42 ( 7 8 5 5 4 7 2 )	(BB - Evaluation OK	 f = 2940       	 h =   0        (L2))
                        H_MAX inf
                        Ref Best Feasible:   #42 ( 7 8 5 5 4 7 2 )	(BB - Evaluation OK	 f = 2940       	 h =   0        (L2))
                        Ref Best Infeasible: NULL
                        After blocks generation: 1 blocks
                        Parallel eval thread = 0 
Algo thread = 0 

                        Start evaluation of block of 1 points.
                        BB evaluation done for #58 ( 0 6 2 4 2 10 2 )	(BB - Evaluation OK	 f =   0       	 h = inf (L2)). Success found: Failure
31	(   0   6   2   4   2  10   2 )	   0 inf  10   2   5  10   2   5  10   1   1   1   1   1   1   1
                        We are done with evaluations.
                        Evaluation is done. Cleared queue of 0 points.
                        EvaluatorControl stop reason (main thread): No more points to evaluate (global): Started (Eval Global)
                        Poll: Failure. Stop reasons: No termination (all).  No more points to evaluate
                    } Evaluate points (full space) for Poll
                    Number of trial points: 1
                    Number of trial points that needed eval: 1
                    Number of evaluated points: 1
                    Poll is not successful. Stop reason: No termination (all).  No more points to evaluate
                } End step Poll
                Updating barrier with 1 suggested points
                Current barrier: 
                X_FEAS #42 ( 7 8 5 5 4 7 2 )	(BB - Evaluation OK	 f = 2940       	 h =   0        (L2))
                H_MAX inf
                Ref Best Feasible:   #42 ( 7 8 5 5 4 7 2 )	(BB - Evaluation OK	 f = 2940       	 h =   0        (L2))
                Ref Best Infeasible: NULL
                No points added to the barrier
            } End step MADS Iteration 4
            Stop reason: No termination (all).  No more points to evaluate
        } End step MADS MegaIteration 4
        Start step MADS MegaIteration 5 {
            Start step MADS Update {
                Running MADS Update. Barrier: 
                X_FEAS #42 ( 7 8 5 5 4 7 2 )	(BB - Evaluation OK	 f = 2940       	 h =   0        (L2))
                H_MAX inf
                Ref Best Feasible:   #42 ( 7 8 5 5 4 7 2 )	(BB - Evaluation OK	 f = 2940       	 h =   0        (L2))
                Ref Best Infeasible: NULL
                Update: no success found
                New direction (feasible) 2 0 0 -1 0 -1 1
                Last Iteration Unsuccessful. Delta is refined.
                delta mesh  size = 1 1 1 1 1 1 1
                Delta frame size = 5 1 2 5 1 2 5
            } End step MADS Update
            Mesh Stop Reason: No termination (all). 
            Iteration generated:
            MADS Iteration 4
            Mesh size:  1 1 1 1 1 1 1
            Frame size: 5 1 2 5 1 2 5
            Start step MADS Iteration 5 {
                Start step Search {
                    Search methods are all disabled.
                } End step Search
                Start step Poll {
                    Generate points for Poll
                    Generate points for Ortho N+1 Neg Poll Method {
                        Unit sphere direction: 0.146292 0.0496454 0.145336 -0.18687 0.818085 -0.12895 0.483943
                        Poll direction before scaling and projection on mesh: 0.957197 -0.0145255 -0.0425231 0.0546753 -0.239359 0.0377288 -0.141594
                        Poll direction before scaling and projection on mesh: -0.957197 0.0145255 0.0425231 -0.0546753 0.239359 -0.0377288 0.141594
                        Poll direction before scaling and projection on mesh: -0.0145255 0.995071 -0.0144305 0.0185545 -0.0812282 0.0128035 -0.048051
                        Poll direction before scaling and projection on mesh: 0.0145255 -0.995071 0.0144305 -0.0185545 0.0812282 -0.0128035 0.048051
                        Poll direction before scaling and projection on mesh: -0.0425231 -0.0144305 0.957755 0.054318 -0.237795 0.0374822 -0.140669
                        Poll direction before scaling and projection on mesh: 0.0425231 0.0144305 -0.957755 -0.054318 0.237795 -0.0374822 0.140669
                        Poll direction before scaling and projection on mesh: 0.0546753 0.0185545 0.054318 0.930159 0.305751 -0.0481939 0.180869
                        Poll direction before scaling and projection on mesh: -0.0546753 -0.0185545 -0.054318 -0.930159 -0.305751 0.0481939 -0.180869
                        Poll direction before scaling and projection on mesh: -0.239359 -0.0812282 -0.237795 0.305751 -0.338525 0.210984 -0.791812
                        Poll direction before scaling and projection on mesh: 0.239359 0.0812282 0.237795 -0.305751 0.338525 -0.210984 0.791812
                        Poll direction before scaling and projection on mesh: 0.0377288 0.0128035 0.0374822 -0.0481939 0.210984 0.966744 0.124809
                        Poll direction before scaling and projection on mesh: -0.0377288 -0.0128035 -0.0374822 0.0481939 -0.210984 -0.966744 -0.124809
                        Poll direction before scaling and projection on mesh: -0.141594 -0.048051 -0.140669 0.180869 -0.791812 0.124809 0.531599
                        Poll direction before scaling and projection on mesh: 0.141594 0.048051 0.140669 -0.180869 0.791812 -0.124809 -0.531599
                        Generate  first pass trial points for Ortho N+1 Neg Poll Method {
                            Scaled and mesh projected poll direction: 5 -0 -0 0 -0 0 -1
                            Scaled and mesh projected poll direction: -5 0 0 -0 0 -0 1
                            Scaled and mesh projected poll direction: -0 1 -0 0 -0 0 -0
                            Scaled and mesh projected poll direction: 0 -1 0 -0 0 -0 0
                            Scaled and mesh projected poll direction: -0 -0 2 0 -0 0 -1
                            Scaled and mesh projected poll direction: 0 0 -2 -0 0 -0 1
                            Scaled and mesh projected poll direction: 0 0 0 5 0 -0 1
                            Scaled and mesh projected poll direction: -0 -0 -0 -5 -0 0 -1
                            Scaled and mesh projected poll direction: -2 -0 -1 2 -0 1 -5
                            Scaled and mesh projected poll direction: 2 0 1 -2 0 -1 5
                            Scaled and mesh projected poll direction: 0 0 0 -0 0 2 1
                            Scaled and mesh projected poll direction: -0 -0 -0 0 -0 -2 -1
                            Scaled and mesh projected poll direction: -1 -0 -0 1 -1 0 3
                            Scaled and mesh projected poll direction: 1 0 0 -1 1 -0 -3
                            Frame center: #42 ( 7 8 5 5 4 7 2 )	Evaluation OK	 f = 2940                     	 h =   0                      (L2)
                            Point before projection: ( 12 8 5 5 4 7 1 )
                            Point after projection:  ( 10 8 5 5 4 7 1 )
                            Generated point: #59 ( 10 8 5 5 4 7 1 )
                            Point before projection: ( 2 8 5 5 4 7 3 )
                            Point after projection:  ( 2 8 5 5 4 7 2 )
                            Generated point: #60 ( 2 8 5 5 4 7 2 )
                            Point before projection: ( 7 9 5 5 4 7 2 )
                            Point after projection:  ( 7 9 5 5 4 7 2 )
                            Generated point: #61 ( 7 9 5 5 4 7 2 )
                            Point before projection: ( 7 7 5 5 4 7 2 )
                            Point after projection:  ( 7 7 5 5 4 7 2 )
                            Generated point: #62 ( 7 7 5 5 4 7 2 )
                            Point before projection: ( 7 8 7 5 4 7 1 )
                            Point after projection:  ( 7 8 7 5 4 7 1 )
                            Generated point: #63 ( 7 8 7 5 4 7 1 )
                            Point before projection: ( 7 8 3 5 4 7 3 )
                            Point after projection:  ( 7 8 3 5 4 7 2 )
                            Generated point: #64 ( 7 8 3 5 4 7 2 )
                            Point before projection: ( 7 8 5 10 4 7 3 )
                            Point after projection:  ( 7 8 5 10 4 7 2 )
                            Generated point: #65 ( 7 8 5 10 4 7 2 )
                            Point before projection: ( 7 8 5 0 4 7 1 )
                            Point after projection:  ( 7 8 5 0 4 7 1 )
                            Generated point: #66 ( 7 8 5 0 4 7 1 )
                            Point before projection: ( 5 8 4 7 4 8 -3 )
                            Point after projection:  ( 5 8 4 7 4 8 0 )
                            Generated point: #67 ( 5 8 4 7 4 8 0 )
                            Point before projection: ( 9 8 6 3 4 6 7 )
                            Point after projection:  ( 9 8 6 3 4 6 2 )
                            Generated point: #68 ( 9 8 6 3 4 6 2 )
                            Point before projection: ( 7 8 5 5 4 9 3 )
                            Point after projection:  ( 7 8 5 5 4 9 2 )
                            Generated point: #69 ( 7 8 5 5 4 9 2 )
                            Point before projection: ( 7 8 5 5 4 5 1 )
                            Point after projection:  ( 7 8 5 5 4 5 1 )
                            Generated point: #70 ( 7 8 5 5 4 5 1 )
                            Point before projection: ( 6 8 5 6 3 7 5 )
                            Point after projection:  ( 6 8 5 6 3 7 2 )
                            Generated point: #71 ( 6 8 5 6 3 7 2 )
                            Point before projection: ( 8 8 5 4 5 7 -1 )
                            Point after projection:  ( 8 8 5 4 5 7 0 )
                            Generated point: #72 ( 8 8 5 4 5 7 0 )
                            Generated 14 points
                        } Generate  first pass trial points for Ortho N+1 Neg Poll Method
                        Generated 14 points
                    } Generate points for Ortho N+1 Neg Poll Method
                    Number of trial points before sort and reduction to form a basis: 14
                    Sort trial points for step Ortho N+1 Neg Poll Method {
                        14 points added
                        New point added for sorting: #60 ( 2 8 5 5 4 7 2 )
                        Point already in cache (but not BB evaluated): #67 ( 5 8 4 7 4 8 0 )
                        New point added for sorting: #67 ( 5 8 4 7 4 8 0 )
                        New point added for sorting: #71 ( 6 8 5 6 3 7 2 )
                        New point added for sorting: #62 ( 7 7 5 5 4 7 2 )
                        New point added for sorting: #64 ( 7 8 3 5 4 7 2 )
                        New point added for sorting: #66 ( 7 8 5 0 4 7 1 )
                        New point added for sorting: #70 ( 7 8 5 5 4 5 1 )
                        New point added for sorting: #69 ( 7 8 5 5 4 9 2 )
                        New point added for sorting: #65 ( 7 8 5 10 4 7 2 )
                        New point added for sorting: #63 ( 7 8 7 5 4 7 1 )
                        New point added for sorting: #61 ( 7 9 5 5 4 7 2 )
                        New point added for sorting: #72 ( 8 8 5 4 5 7 0 )
                        New point added for sorting: #68 ( 9 8 6 3 4 6 2 )
                        New point added for sorting: #59 ( 10 8 5 5 4 7 1 )
                        Trial points sorted, before trim: 14 after trim: 14
                         Model eval missing for: #60 ( 2 8 5 5 4 7 2 )
                        Sort using OrderByDirection
                        Evaluation points before sort:
                        	#59 ( 10 8 5 5 4 7 1 )
                        	#68 ( 9 8 6 3 4 6 2 )
                        	#72 ( 8 8 5 4 5 7 0 )
                        	#61 ( 7 9 5 5 4 7 2 )
                        	#63 ( 7 8 7 5 4 7 1 )
                        	#65 ( 7 8 5 10 4 7 2 )
                        	#69 ( 7 8 5 5 4 9 2 )
                        	#70 ( 7 8 5 5 4 5 1 )
                        	#66 ( 7 8 5 0 4 7 1 )
                        	#64 ( 7 8 3 5 4 7 2 )
                        	#62 ( 7 7 5 5 4 7 2 )
                        	#71 ( 6 8 5 6 3 7 2 )
                        	#67 ( 5 8 4 7 4 8 0 )
                        	#60 ( 2 8 5 5 4 7 2 )
                        Evaluation points after sort:
                        	#68 ( 9 8 6 3 4 6 2 )
                        	#59 ( 10 8 5 5 4 7 1 )
                        	#66 ( 7 8 5 0 4 7 1 )
                        	#70 ( 7 8 5 5 4 5 1 )
                        	#72 ( 8 8 5 4 5 7 0 )
                        	#61 ( 7 9 5 5 4 7 2 )
                        	#62 ( 7 7 5 5 4 7 2 )
                        	#64 ( 7 8 3 5 4 7 2 )
                        	#63 ( 7 8 7 5 4 7 1 )
                        	#65 ( 7 8 5 10 4 7 2 )
                        	#69 ( 7 8 5 5 4 9 2 )
                        	#71 ( 6 8 5 6 3 7 2 )
                        	#60 ( 2 8 5 5 4 7 2 )
                        	#67 ( 5 8 4 7 4 8 0 )
                    } Sort trial points for step Ortho N+1 Neg Poll Method
                    Number of trial points after reduction to form a basis: 7
                    Point already in cache (but not BB evaluated): #64 ( 7 8 3 5 4 7 2 )
                    Point already in cache (but not BB evaluated): #66 ( 7 8 5 0 4 7 1 )
                    Point already in cache (but not BB evaluated): #70 ( 7 8 5 5 4 5 1 )
                    Point already in cache (but not BB evaluated): #61 ( 7 9 5 5 4 7 2 )
                    Point already in cache (but not BB evaluated): #72 ( 8 8 5 4 5 7 0 )
                    Point already in cache (but not BB evaluated): #68 ( 9 8 6 3 4 6 2 )
                    Point already in cache (but not BB evaluated): #59 ( 10 8 5 5 4 7 1 )
                    Number of points for step Poll of eval type BB that would need eval: 7
                    Add points (full space) to eval queue for step Poll {
                        7 points added
                        Point already in cache (but not BB evaluated): #64 ( 7 8 3 5 4 7 2 )
                        New point added to eval queue: #64 ( 7 8 3 5 4 7 2 )
                        Point already in cache (but not BB evaluated): #66 ( 7 8 5 0 4 7 1 )
                        New point added to eval queue: #66 ( 7 8 5 0 4 7 1 )
                        Point already in cache (but not BB evaluated): #70 ( 7 8 5 5 4 5 1 )
                        New point added to eval queue: #70 ( 7 8 5 5 4 5 1 )
                        Point already in cache (but not BB evaluated): #61 ( 7 9 5 5 4 7 2 )
                        New point added to eval queue: #61 ( 7 9 5 5 4 7 2 )
                        Point already in cache (but not BB evaluated): #72 ( 8 8 5 4 5 7 0 )
                        New point added to eval queue: #72 ( 8 8 5 4 5 7 0 )
                        Point already in cache (but not BB evaluated): #68 ( 9 8 6 3 4 6 2 )
                        New point added to eval queue: #68 ( 9 8 6 3 4 6 2 )
                        Point already in cache (but not BB evaluated): #59 ( 10 8 5 5 4 7 1 )
                        New point added to eval queue: #59 ( 10 8 5 5 4 7 1 )
                        Eval queue now has 7 points.
                    } Add points (full space) to eval queue for step Poll
                    Evaluate points (full space) for Poll {
                        Start evaluation. Opportunism = false, UseCache = true, Barrier
                        X_FEAS #42 ( 7 8 5 5 4 7 2 )	(BB - Evaluation OK	 f = 2940       	 h =   0        (L2))
                        H_MAX inf
                        Ref Best Feasible:   #42 ( 7 8 5 5 4 7 2 )	(BB - Evaluation OK	 f = 2940       	 h =   0        (L2))
                        Ref Best Infeasible: NULL
                        After blocks generation: 7 blocks
                        Parallel eval thread = 0 
Algo thread = 0 

                        Start evaluation of block of 1 points.
                        BB evaluation done for #64 ( 7 8 3 5 4 7 2 )	(BB - Evaluation OK	 f = 2810       	 h =   0        (L2)). Success found: Full success (dominating)
32	(   7   8   3   5   4   7   2 )	2810   0   5   1   2   5   1   2   5   1   1   1   1   1   1   1
                        Parallel eval thread = 0 
Algo thread = 0 

                        Start evaluation of block of 1 points.
                        BB evaluation done for #66 ( 7 8 5 0 4 7 1 )	(BB - Evaluation OK	 f =   0       	 h = inf (L2)). Success found: Failure
33	(   7   8   5   0   4   7   1 )	   0 inf   5   1   2   5   1   2   5   1   1   1   1   1   1   1
                        Parallel eval thread = 0 
Algo thread = 0 

                        Start evaluation of block of 1 points.
                        BB evaluation done for #70 ( 7 8 5 5 4 5 1 )	(BB - Evaluation OK	 f = 3440       	 h =   0        (L2)). Success found: Failure
34	(   7   8   5   5   4   5   1 )	3440   0   5   1   2   5   1   2   5   1   1   1   1   1   1   1
                        Parallel eval thread = 0 
Algo thread = 0 

                        Start evaluation of block of 1 points.
                        BB evaluation done for #61 ( 7 9 5 5 4 7 2 )	(BB - Evaluation OK	 f = 3035       	 h =   0        (L2)). Success found: Failure
35	(   7   9   5   5   4   7   2 )	3035   0   5   1   2   5   1   2   5   1   1   1   1   1   1   1
                        Parallel eval thread = 0 
Algo thread = 0 

                        Start evaluation of block of 1 points.
                        BB evaluation done for #72 ( 8 8 5 4 5 7 0 )	(BB - Evaluation OK	 f =   0       	 h = inf (L2)). Success found: Failure
36	(   8   8   5   4   5   7   0 )	   0 inf   5   1   2   5   1   2   5   1   1   1   1   1   1   1
                        Parallel eval thread = 0 
Algo thread = 0 

                        Start evaluation of block of 1 points.
                        BB evaluation done for #68 ( 9 8 6 3 4 6 2 )	(BB - Evaluation OK	 f =   0       	 h = inf (L2)). Success found: Failure
37	(   9   8   6   3   4   6   2 )	   0 inf   5   1   2   5   1   2   5   1   1   1   1   1   1   1
                        Parallel eval thread = 0 
Algo thread = 0 

                        Start evaluation of block of 1 points.
                        BB evaluation done for #59 ( 10 8 5 5 4 7 1 )	(BB - Evaluation OK	 f =   0       	 h = inf (L2)). Success found: Failure
38	(  10   8   5   5   4   7   1 )	   0 inf   5   1   2   5   1   2   5   1   1   1   1   1   1   1
                        We are done with evaluations.
                        Evaluation is done. Cleared queue of 0 points.
                        EvaluatorControl stop reason (main thread): No more points to evaluate (global): Started (Eval Global)
                        Poll: Full success (dominating). Stop reasons: No termination (all).  No more points to evaluate
                    } Evaluate points (full space) for Poll
                    Number of trial points: 7
                    Number of trial points that needed eval: 7
                    Number of evaluated points: 7
                    Poll is successful. Stop reason: No termination (all).  No more points to evaluate
                } End step Poll
                Updating barrier with 7 suggested points
                Current barrier: 
                X_FEAS #42 ( 7 8 5 5 4 7 2 )	(BB - Evaluation OK	 f = 2940       	 h =   0        (L2))
                H_MAX inf
                Ref Best Feasible:   #42 ( 7 8 5 5 4 7 2 )	(BB - Evaluation OK	 f = 2940       	 h =   0        (L2))
                Ref Best Infeasible: NULL
                Point suggested to update barrier (feasible): #64 ( 7 8 3 5 4 7 2 )	Evaluation OK	 f = 2810                     	 h =   0                      (L2)
                Point inserted in feasible barrier: #64 ( 7 8 3 5 4 7 2 )	Evaluation OK	 f = 2810                     	 h =   0                      (L2)
                Point suggested to update barrier (feasible): #70 ( 7 8 5 5 4 5 1 )	Evaluation OK	 f = 3440                     	 h =   0                      (L2)
                Point inserted in feasible barrier: #70 ( 7 8 5 5 4 5 1 )	Evaluation OK	 f = 3440                     	 h =   0                      (L2)
                Point suggested to update barrier (feasible): #61 ( 7 9 5 5 4 7 2 )	Evaluation OK	 f = 3035                     	 h =   0                      (L2)
                Point inserted in feasible barrier: #61 ( 7 9 5 5 4 7 2 )	Evaluation OK	 f = 3035                     	 h =   0                      (L2)
                New dominating xFeas: #64 ( 7 8 3 5 4 7 2 )	Evaluation OK	 f = 2810                     	 h =   0                      (L2)
                Update incumbent(s) in barrier. New feasible incumbent: #64 ( 7 8 3 5 4 7 2 )	Evaluation OK	 f = 2810                     	 h =   0                      (L2)
            } End step MADS Iteration 5
            Stop reason: No termination (all).  No more points to evaluate
            MADS MegaIteration 5: new success Full success (dominating)
        } End step MADS MegaIteration 5
        Start step MADS MegaIteration 6 {
            Start step MADS Update {
                Running MADS Update. Barrier: 
                X_FEAS #64 ( 7 8 3 5 4 7 2 )	(BB - Evaluation OK	 f = 2810       	 h =   0        (L2))
                H_MAX inf
                Ref Best Feasible:   #42 ( 7 8 5 5 4 7 2 )	(BB - Evaluation OK	 f = 2940       	 h =   0        (L2))
                Ref Best Infeasible: NULL
                Update: improving feasible point
                 from #42 ( 7 8 5 5 4 7 2 )	Evaluation OK	 f = 2940                     	 h =   0                      (L2)
                 to #64 ( 7 8 3 5 4 7 2 )	Evaluation OK	 f = 2810                     	 h =   0                      (L2)
                New direction (feasible) 0 0 -2 0 0 0 0
                Last Iteration Successful. Delta is enlarged.
                delta mesh  size = 1 1 1 1 1 1 1
                Delta frame size = 5 1 5 5 1 2 5
            } End step MADS Update
            Mesh Stop Reason: No termination (all). 
            Iteration generated:
            MADS Iteration 5
            Mesh size:  1 1 1 1 1 1 1
            Frame size: 5 1 5 5 1 2 5
            Start step MADS Iteration 6 {
                Start step Search {
                    Search methods are all disabled.
                } End step Search
                Start step Poll {
                    Generate points for Poll
                    Generate points for Ortho N+1 Neg Poll Method {
                        Unit sphere direction: -0.00267095 0.363558 0.0656236 0.32762 -0.082555 -0.219471 -0.837374
                        Poll direction before scaling and projection on mesh: 0.999986 0.00194209 0.000350555 0.00175011 -0.000441001 -0.00117239 -0.00447317
                        Poll direction before scaling and projection on mesh: -0.999986 -0.00194209 -0.000350555 -0.00175011 0.000441001 0.00117239 0.00447317
                        Poll direction before scaling and projection on mesh: 0.00194209 0.735651 -0.047716 -0.238217 0.0600271 0.159581 0.608867
                        Poll direction before scaling and projection on mesh: -0.00194209 -0.735651 0.047716 0.238217 -0.0600271 -0.159581 -0.608867
                        Poll direction before scaling and projection on mesh: 0.000350555 -0.047716 0.991387 -0.0429992 0.0108351 0.028805 0.109903
                        Poll direction before scaling and projection on mesh: -0.000350555 0.047716 -0.991387 0.0429992 -0.0108351 -0.028805 -0.109903
                        Poll direction before scaling and projection on mesh: 0.00175011 -0.238217 -0.0429992 0.785331 0.0540933 0.143806 0.54868
                        Poll direction before scaling and projection on mesh: -0.00175011 0.238217 0.0429992 -0.785331 -0.0540933 -0.143806 -0.54868
                        Poll direction before scaling and projection on mesh: -0.000441001 0.0600271 0.0108351 0.0540933 0.986369 -0.0362369 -0.138259
                        Poll direction before scaling and projection on mesh: 0.000441001 -0.0600271 -0.0108351 -0.0540933 -0.986369 0.0362369 0.138259
                        Poll direction before scaling and projection on mesh: -0.00117239 0.159581 0.028805 0.143806 -0.0362369 0.903665 -0.367559
                        Poll direction before scaling and projection on mesh: 0.00117239 -0.159581 -0.028805 -0.143806 0.0362369 -0.903665 0.367559
                        Poll direction before scaling and projection on mesh: -0.00447317 0.608867 0.109903 0.54868 -0.138259 -0.367559 -0.402389
                        Poll direction before scaling and projection on mesh: 0.00447317 -0.608867 -0.109903 -0.54868 0.138259 0.367559 0.402389
                        Generate  first pass trial points for Ortho N+1 Neg Poll Method {
                            Scaled and mesh projected poll direction: 5 0 0 0 -0 -0 -0
                            Scaled and mesh projected poll direction: -5 -0 -0 -0 0 0 0
                            Scaled and mesh projected poll direction: 0 1 -0 -2 0 0 4
                            Scaled and mesh projected poll direction: -0 -1 0 2 -0 -0 -4
                            Scaled and mesh projected poll direction: 0 -0 5 -0 0 0 1
                            Scaled and mesh projected poll direction: -0 0 -5 0 -0 -0 -1
                            Scaled and mesh projected poll direction: 0 -0 -0 5 0 0 3
                            Scaled and mesh projected poll direction: -0 0 0 -5 -0 -0 -3
                            Scaled and mesh projected poll direction: -0 0 0 0 1 -0 -1
                            Scaled and mesh projected poll direction: 0 -0 -0 -0 -1 0 1
                            Scaled and mesh projected poll direction: -0 0 0 1 -0 2 -2
                            Scaled and mesh projected poll direction: 0 -0 -0 -1 0 -2 2
                            Scaled and mesh projected poll direction: -0 1 1 5 -0 -1 -3
                            Scaled and mesh projected poll direction: 0 -1 -1 -5 0 1 3
                            Frame center: #64 ( 7 8 3 5 4 7 2 )	Evaluation OK	 f = 2810                     	 h =   0                      (L2)
                            Point before projection: ( 12 8 3 5 4 7 2 )
                            Point after projection:  ( 10 8 3 5 4 7 2 )
                            Generated point: #73 ( 10 8 3 5 4 7 2 )
                            Point before projection: ( 2 8 3 5 4 7 2 )
                            Point after projection:  ( 2 8 3 5 4 7 2 )
                            Generated point: #74 ( 2 8 3 5 4 7 2 )
                            Point before projection: ( 7 9 3 3 4 7 6 )
                            Point after projection:  ( 7 9 3 3 4 7 2 )
                            Generated point: #75 ( 7 9 3 3 4 7 2 )
                            Point before projection: ( 7 7 3 7 4 7 -2 )
                            Point after projection:  ( 7 7 3 7 4 7 0 )
                            Generated point: #76 ( 7 7 3 7 4 7 0 )
                            Point before projection: ( 7 8 8 5 4 7 3 )
                            Point after projection:  ( 7 8 8 5 4 7 2 )
                            Generated point: #77 ( 7 8 8 5 4 7 2 )
                            Point before projection: ( 7 8 -2 5 4 7 1 )
                            Point after projection:  ( 7 8 0 5 4 7 1 )
                            Generated point: #78 ( 7 8 0 5 4 7 1 )
                            Point before projection: ( 7 8 3 10 4 7 5 )
                            Point after projection:  ( 7 8 3 10 4 7 2 )
                            Generated point: #79 ( 7 8 3 10 4 7 2 )
                            Point before projection: ( 7 8 3 0 4 7 -1 )
                            Point after projection:  ( 7 8 3 0 4 7 0 )
                            Generated point: #80 ( 7 8 3 0 4 7 0 )
                            Point before projection: ( 7 8 3 5 5 7 1 )
                            Point after projection:  ( 7 8 3 5 5 7 1 )
                            Generated point: #81 ( 7 8 3 5 5 7 1 )
                            Point before projection: ( 7 8 3 5 3 7 3 )
                            Point after projection:  ( 7 8 3 5 3 7 2 )
                            Generated point: #82 ( 7 8 3 5 3 7 2 )
                            Point before projection: ( 7 8 3 6 4 9 0 )
                            Point after projection:  ( 7 8 3 6 4 9 0 )
                            Generated point: #83 ( 7 8 3 6 4 9 0 )
                            Point before projection: ( 7 8 3 4 4 5 4 )
                            Point after projection:  ( 7 8 3 4 4 5 2 )
                            Generated point: #84 ( 7 8 3 4 4 5 2 )
                            Point before projection: ( 7 9 4 10 4 6 -1 )
                            Point after projection:  ( 7 9 4 10 4 6 0 )
                            Generated point: #85 ( 7 9 4 10 4 6 0 )
                            Point before projection: ( 7 7 2 0 4 8 5 )
                            Point after projection:  ( 7 7 2 0 4 8 2 )
                            Generated point: #86 ( 7 7 2 0 4 8 2 )
                            Generated 14 points
                        } Generate  first pass trial points for Ortho N+1 Neg Poll Method
                        Generated 14 points
                    } Generate points for Ortho N+1 Neg Poll Method
                    Number of trial points before sort and reduction to form a basis: 14
                    Sort trial points for step Ortho N+1 Neg Poll Method {
                        14 points added
                        New point added for sorting: #74 ( 2 8 3 5 4 7 2 )
                        New point added for sorting: #86 ( 7 7 2 0 4 8 2 )
                        New point added for sorting: #76 ( 7 7 3 7 4 7 0 )
                        New point added for sorting: #78 ( 7 8 0 5 4 7 1 )
                        New point added for sorting: #80 ( 7 8 3 0 4 7 0 )
                        New point added for sorting: #84 ( 7 8 3 4 4 5 2 )
                        New point added for sorting: #82 ( 7 8 3 5 3 7 2 )
                        New point added for sorting: #81 ( 7 8 3 5 5 7 1 )
                        New point added for sorting: #83 ( 7 8 3 6 4 9 0 )
                        New point added for sorting: #79 ( 7 8 3 10 4 7 2 )
                        New point added for sorting: #77 ( 7 8 8 5 4 7 2 )
                        New point added for sorting: #75 ( 7 9 3 3 4 7 2 )
                        New point added for sorting: #85 ( 7 9 4 10 4 6 0 )
                        New point added for sorting: #73 ( 10 8 3 5 4 7 2 )
                        Trial points sorted, before trim: 14 after trim: 14
                         Model eval missing for: #74 ( 2 8 3 5 4 7 2 )
                        Sort using OrderByDirection
                        Evaluation points before sort:
                        	#73 ( 10 8 3 5 4 7 2 )
                        	#85 ( 7 9 4 10 4 6 0 )
                        	#75 ( 7 9 3 3 4 7 2 )
                        	#77 ( 7 8 8 5 4 7 2 )
                        	#79 ( 7 8 3 10 4 7 2 )
                        	#83 ( 7 8 3 6 4 9 0 )
                        	#81 ( 7 8 3 5 5 7 1 )
                        	#82 ( 7 8 3 5 3 7 2 )
                        	#84 ( 7 8 3 4 4 5 2 )
                        	#80 ( 7 8 3 0 4 7 0 )
                        	#78 ( 7 8 0 5 4 7 1 )
                        	#76 ( 7 7 3 7 4 7 0 )
                        	#86 ( 7 7 2 0 4 8 2 )
                        	#74 ( 2 8 3 5 4 7 2 )
                        Evaluation points after sort:
                        	#78 ( 7 8 0 5 4 7 1 )
                        	#86 ( 7 7 2 0 4 8 2 )
                        	#73 ( 10 8 3 5 4 7 2 )
                        	#74 ( 2 8 3 5 4 7 2 )
                        	#75 ( 7 9 3 3 4 7 2 )
                        	#76 ( 7 7 3 7 4 7 0 )
                        	#79 ( 7 8 3 10 4 7 2 )
                        	#80 ( 7 8 3 0 4 7 0 )
                        	#81 ( 7 8 3 5 5 7 1 )
                        	#82 ( 7 8 3 5 3 7 2 )
                        	#83 ( 7 8 3 6 4 9 0 )
                        	#84 ( 7 8 3 4 4 5 2 )
                        	#85 ( 7 9 4 10 4 6 0 )
                        	#77 ( 7 8 8 5 4 7 2 )
                    } Sort trial points for step Ortho N+1 Neg Poll Method
                    Number of trial points after reduction to form a basis: 7
                    Point already in cache (but not BB evaluated): #86 ( 7 7 2 0 4 8 2 )
                    Point already in cache (but not BB evaluated): #76 ( 7 7 3 7 4 7 0 )
                    Point already in cache (but not BB evaluated): #78 ( 7 8 0 5 4 7 1 )
                    Point already in cache (but not BB evaluated): #81 ( 7 8 3 5 5 7 1 )
                    Point already in cache (but not BB evaluated): #79 ( 7 8 3 10 4 7 2 )
                    Point already in cache (but not BB evaluated): #75 ( 7 9 3 3 4 7 2 )
                    Point already in cache (but not BB evaluated): #73 ( 10 8 3 5 4 7 2 )
                    Number of points for step Poll of eval type BB that would need eval: 7
                    Add points (full space) to eval queue for step Poll {
                        7 points added
                        Point already in cache (but not BB evaluated): #86 ( 7 7 2 0 4 8 2 )
                        New point added to eval queue: #86 ( 7 7 2 0 4 8 2 )
                        Point already in cache (but not BB evaluated): #76 ( 7 7 3 7 4 7 0 )
                        New point added to eval queue: #76 ( 7 7 3 7 4 7 0 )
                        Point already in cache (but not BB evaluated): #78 ( 7 8 0 5 4 7 1 )
                        New point added to eval queue: #78 ( 7 8 0 5 4 7 1 )
                        Point already in cache (but not BB evaluated): #81 ( 7 8 3 5 5 7 1 )
                        New point added to eval queue: #81 ( 7 8 3 5 5 7 1 )
                        Point already in cache (but not BB evaluated): #79 ( 7 8 3 10 4 7 2 )
                        New point added to eval queue: #79 ( 7 8 3 10 4 7 2 )
                        Point already in cache (but not BB evaluated): #75 ( 7 9 3 3 4 7 2 )
                        New point added to eval queue: #75 ( 7 9 3 3 4 7 2 )
                        Point already in cache (but not BB evaluated): #73 ( 10 8 3 5 4 7 2 )
                        New point added to eval queue: #73 ( 10 8 3 5 4 7 2 )
                        Eval queue now has 7 points.
                    } Add points (full space) to eval queue for step Poll
                    Evaluate points (full space) for Poll {
                        Start evaluation. Opportunism = false, UseCache = true, Barrier
                        X_FEAS #64 ( 7 8 3 5 4 7 2 )	(BB - Evaluation OK	 f = 2810       	 h =   0        (L2))
                        H_MAX inf
                        Ref Best Feasible:   #64 ( 7 8 3 5 4 7 2 )	(BB - Evaluation OK	 f = 2810       	 h =   0        (L2))
                        Ref Best Infeasible: NULL
                        After blocks generation: 7 blocks
                        Parallel eval thread = 0 
Algo thread = 0 

                        Start evaluation of block of 1 points.
                        BB evaluation done for #86 ( 7 7 2 0 4 8 2 )	(BB - Evaluation OK	 f =   0       	 h = inf (L2)). Success found: Failure
39	(   7   7   2   0   4   8   2 )	   0 inf   5   1   5   5   1   2   5   1   1   1   1   1   1   1
                        Parallel eval thread = 0 
Algo thread = 0 

                        Start evaluation of block of 1 points.
                        BB evaluation done for #76 ( 7 7 3 7 4 7 0 )	(BB - Evaluation OK	 f =   0       	 h = inf (L2)). Success found: Failure
40	(   7   7   3   7   4   7   0 )	   0 inf   5   1   5   5   1   2   5   1   1   1   1   1   1   1
                        Parallel eval thread = 0 
Algo thread = 0 

                        Start evaluation of block of 1 points.
                        BB evaluation done for #78 ( 7 8 0 5 4 7 1 )	(BB - Evaluation OK	 f =   0       	 h = inf (L2)). Success found: Failure
41	(   7   8   0   5   4   7   1 )	   0 inf   5   1   5   5   1   2   5   1   1   1   1   1   1   1
                        Parallel eval thread = 0 
Algo thread = 0 

                        Start evaluation of block of 1 points.
                        BB evaluation done for #81 ( 7 8 3 5 5 7 1 )	(BB - Evaluation OK	 f = 3600       	 h =   0        (L2)). Success found: Failure
42	(   7   8   3   5   5   7   1 )	3600   0   5   1   5   5   1   2   5   1   1   1   1   1   1   1
                        Parallel eval thread = 0 
Algo thread = 0 

                        Start evaluation of block of 1 points.
                        BB evaluation done for #79 ( 7 8 3 10 4 7 2 )	(BB - Evaluation OK	 f =   0       	 h = inf (L2)). Success found: Failure
43	(   7   8   3  10   4   7   2 )	   0 inf   5   1   5   5   1   2   5   1   1   1   1   1   1   1
                        Parallel eval thread = 0 
Algo thread = 0 

                        Start evaluation of block of 1 points.
                        BB evaluation done for #75 ( 7 9 3 3 4 7 2 )	(BB - Evaluation OK	 f = 2715       	 h =   0        (L2)). Success found: Full success (dominating)
44	(   7   9   3   3   4   7   2 )	2715   0   5   1   5   5   1   2   5   1   1   1   1   1   1   1
                        Parallel eval thread = 0 
Algo thread = 0 

                        Start evaluation of block of 1 points.
                        BB evaluation done for #73 ( 10 8 3 5 4 7 2 )	(BB - Evaluation OK	 f =   0       	 h = inf (L2)). Success found: Failure
45	(  10   8   3   5   4   7   2 )	   0 inf   5   1   5   5   1   2   5   1   1   1   1   1   1   1
                        We are done with evaluations.
                        Evaluation is done. Cleared queue of 0 points.
                        EvaluatorControl stop reason (main thread): No more points to evaluate (global): Started (Eval Global)
                        Poll: Full success (dominating). Stop reasons: No termination (all).  No more points to evaluate
                    } Evaluate points (full space) for Poll
                    Number of trial points: 7
                    Number of trial points that needed eval: 7
                    Number of evaluated points: 7
                    Poll is successful. Stop reason: No termination (all).  No more points to evaluate
                } End step Poll
                Updating barrier with 7 suggested points
                Current barrier: 
                X_FEAS #64 ( 7 8 3 5 4 7 2 )	(BB - Evaluation OK	 f = 2810       	 h =   0        (L2))
                H_MAX inf
                Ref Best Feasible:   #64 ( 7 8 3 5 4 7 2 )	(BB - Evaluation OK	 f = 2810       	 h =   0        (L2))
                Ref Best Infeasible: NULL
                Point suggested to update barrier (feasible): #81 ( 7 8 3 5 5 7 1 )	Evaluation OK	 f = 3600                     	 h =   0                      (L2)
                Point inserted in feasible barrier: #81 ( 7 8 3 5 5 7 1 )	Evaluation OK	 f = 3600                     	 h =   0                      (L2)
                Point suggested to update barrier (feasible): #75 ( 7 9 3 3 4 7 2 )	Evaluation OK	 f = 2715                     	 h =   0                      (L2)
                Point inserted in feasible barrier: #75 ( 7 9 3 3 4 7 2 )	Evaluation OK	 f = 2715                     	 h =   0                      (L2)
                New dominating xFeas: #75 ( 7 9 3 3 4 7 2 )	Evaluation OK	 f = 2715                     	 h =   0                      (L2)
                Update incumbent(s) in barrier. New feasible incumbent: #75 ( 7 9 3 3 4 7 2 )	Evaluation OK	 f = 2715                     	 h =   0                      (L2)
            } End step MADS Iteration 6
            Stop reason: No termination (all).  No more points to evaluate
            MADS MegaIteration 6: new success Full success (dominating)
        } End step MADS MegaIteration 6
        Start step MADS MegaIteration 7 {
            Start step MADS Update {
                Running MADS Update. Barrier: 
                X_FEAS #75 ( 7 9 3 3 4 7 2 )	(BB - Evaluation OK	 f = 2715       	 h =   0        (L2))
                H_MAX inf
                Ref Best Feasible:   #64 ( 7 8 3 5 4 7 2 )	(BB - Evaluation OK	 f = 2810       	 h =   0        (L2))
                Ref Best Infeasible: NULL
                Update: improving feasible point
                 from #64 ( 7 8 3 5 4 7 2 )	Evaluation OK	 f = 2810                     	 h =   0                      (L2)
                 to #75 ( 7 9 3 3 4 7 2 )	Evaluation OK	 f = 2715                     	 h =   0                      (L2)
                New direction (feasible) 0 1 0 -2 0 0 0
                Last Iteration Successful. Delta is enlarged.
                delta mesh  size = 1 1 1 1 1 1 1
                Delta frame size = 5 2 5 10 1 2 5
            } End step MADS Update
            Mesh Stop Reason: No termination (all). 
            Iteration generated:
            MADS Iteration 6
            Mesh size:  1 1 1 1 1 1 1
            Frame size: 5 2 5 10 1 2 5
            Start step MADS Iteration 7 {
                Start step Search {
                    Search methods are all disabled.
                } End step Search
                Start step Poll {
                    Generate points for Poll
                    Generate points for Ortho N+1 Neg Poll Method {
                        Unit sphere direction: -0.329859 0.409651 0.0922736 -0.386436 -0.0553286 0.613206 -0.431797
                        Poll direction before scaling and projection on mesh: 0.782386 0.270255 0.0608746 -0.254939 -0.0365013 0.404543 -0.284865
                        Poll direction before scaling and projection on mesh: -0.782386 -0.270255 -0.0608746 0.254939 0.0365013 -0.404543 0.284865
                        Poll direction before scaling and projection on mesh: 0.270255 0.664372 -0.0756 0.316608 0.0453309 -0.502401 0.353773
                        Poll direction before scaling and projection on mesh: -0.270255 -0.664372 0.0756 -0.316608 -0.0453309 0.502401 -0.353773
                        Poll direction before scaling and projection on mesh: 0.0608746 -0.0756 0.982971 0.0713157 0.0102107 -0.113165 0.079687
                        Poll direction before scaling and projection on mesh: -0.0608746 0.0756 -0.982971 -0.0713157 -0.0102107 0.113165 -0.079687
                        Poll direction before scaling and projection on mesh: -0.254939 0.316608 0.0713157 0.701334 -0.0427619 0.47393 -0.333724
                        Poll direction before scaling and projection on mesh: 0.254939 -0.316608 -0.0713157 -0.701334 0.0427619 -0.47393 0.333724
                        Poll direction before scaling and projection on mesh: -0.0365013 0.0453309 0.0102107 -0.0427619 0.993877 0.0678556 -0.0477815
                        Poll direction before scaling and projection on mesh: 0.0365013 -0.0453309 -0.0102107 0.0427619 -0.993877 -0.0678556 0.0477815
                        Poll direction before scaling and projection on mesh: 0.404543 -0.502401 -0.113165 0.47393 0.0678556 0.247957 0.529561
                        Poll direction before scaling and projection on mesh: -0.404543 0.502401 0.113165 -0.47393 -0.0678556 -0.247957 -0.529561
                        Poll direction before scaling and projection on mesh: -0.284865 0.353773 0.079687 -0.333724 -0.0477815 0.529561 0.627102
                        Poll direction before scaling and projection on mesh: 0.284865 -0.353773 -0.079687 0.333724 0.0477815 -0.529561 -0.627102
                        Generate  first pass trial points for Ortho N+1 Neg Poll Method {
                            Scaled and mesh projected poll direction: 5 1 0 -3 -0 1 -2
                            Scaled and mesh projected poll direction: -5 -1 -0 3 0 -1 2
                            Scaled and mesh projected poll direction: 2 2 -1 5 0 -2 3
                            Scaled and mesh projected poll direction: -2 -2 1 -5 -0 2 -3
                            Scaled and mesh projected poll direction: 0 -0 5 1 0 -0 0
                            Scaled and mesh projected poll direction: -0 0 -5 -1 -0 0 -0
                            Scaled and mesh projected poll direction: -2 1 1 10 -0 1 -2
                            Scaled and mesh projected poll direction: 2 -1 -1 -10 0 -1 2
                            Scaled and mesh projected poll direction: -0 0 0 -0 1 0 -0
                            Scaled and mesh projected poll direction: 0 -0 -0 0 -1 -0 0
                            Scaled and mesh projected poll direction: 4 -2 -1 9 0 1 5
                            Scaled and mesh projected poll direction: -4 2 1 -9 -0 -1 -5
                            Scaled and mesh projected poll direction: -2 1 1 -5 -0 2 5
                            Scaled and mesh projected poll direction: 2 -1 -1 5 0 -2 -5
                            Frame center: #75 ( 7 9 3 3 4 7 2 )	Evaluation OK	 f = 2715                     	 h =   0                      (L2)
                            Point before projection: ( 12 10 3 0 4 8 0 )
                            Point after projection:  ( 10 10 3 0 4 8 0 )
                            Generated point: #87 ( 10 10 3 0 4 8 0 )
                            Point before projection: ( 2 8 3 6 4 6 4 )
                            Point after projection:  ( 2 8 3 6 4 6 2 )
                            Generated point: #88 ( 2 8 3 6 4 6 2 )
                            Point before projection: ( 9 11 2 8 4 5 5 )
                            Point after projection:  ( 9 10 2 8 4 5 2 )
                            Generated point: #89 ( 9 10 2 8 4 5 2 )
                            Point before projection: ( 5 7 4 -2 4 9 -1 )
                            Point after projection:  ( 5 7 4 0 4 9 0 )
                            Generated point: #90 ( 5 7 4 0 4 9 0 )
                            Point before projection: ( 7 9 8 4 4 7 2 )
                            Point after projection:  ( 7 9 8 4 4 7 2 )
                            Generated point: #91 ( 7 9 8 4 4 7 2 )
                            Point before projection: ( 7 9 -2 2 4 7 2 )
                            Point after projection:  ( 7 9 0 2 4 7 2 )
                            Generated point: #92 ( 7 9 0 2 4 7 2 )
                            Point before projection: ( 5 10 4 13 4 8 0 )
                            Point after projection:  ( 5 10 4 10 4 8 0 )
                            Generated point: #93 ( 5 10 4 10 4 8 0 )
                            Point before projection: ( 9 8 2 -7 4 6 4 )
                            Point after projection:  ( 9 8 2 0 4 6 2 )
                            Generated point: #94 ( 9 8 2 0 4 6 2 )
                            Point before projection: ( 7 9 3 3 5 7 2 )
                            Point after projection:  ( 7 9 3 3 5 7 2 )
                            Generated point: #95 ( 7 9 3 3 5 7 2 )
                            Point before projection: ( 7 9 3 3 3 7 2 )
                            Point after projection:  ( 7 9 3 3 3 7 2 )
                            Generated point: #96 ( 7 9 3 3 3 7 2 )
                            Point before projection: ( 11 7 2 12 4 8 7 )
                            Point after projection:  ( 10 7 2 10 4 8 2 )
                            Generated point: #97 ( 10 7 2 10 4 8 2 )
                            Point before projection: ( 3 11 4 -6 4 6 -3 )
                            Point after projection:  ( 3 10 4 0 4 6 0 )
                            Generated point: #98 ( 3 10 4 0 4 6 0 )
                            Point before projection: ( 5 10 4 -2 4 9 7 )
                            Point after projection:  ( 5 10 4 0 4 9 2 )
                            Generated point: #99 ( 5 10 4 0 4 9 2 )
                            Point before projection: ( 9 8 2 8 4 5 -3 )
                            Point after projection:  ( 9 8 2 8 4 5 0 )
                            Generated point: #100 ( 9 8 2 8 4 5 0 )
                            Generated 14 points
                        } Generate  first pass trial points for Ortho N+1 Neg Poll Method
                        Generated 14 points
                    } Generate points for Ortho N+1 Neg Poll Method
                    Number of trial points before sort and reduction to form a basis: 14
                    Sort trial points for step Ortho N+1 Neg Poll Method {
                        14 points added
                        New point added for sorting: #88 ( 2 8 3 6 4 6 2 )
                        New point added for sorting: #98 ( 3 10 4 0 4 6 0 )
                        New point added for sorting: #90 ( 5 7 4 0 4 9 0 )
                        New point added for sorting: #99 ( 5 10 4 0 4 9 2 )
                        New point added for sorting: #93 ( 5 10 4 10 4 8 0 )
                        New point added for sorting: #92 ( 7 9 0 2 4 7 2 )
                        New point added for sorting: #96 ( 7 9 3 3 3 7 2 )
                        New point added for sorting: #95 ( 7 9 3 3 5 7 2 )
                        New point added for sorting: #91 ( 7 9 8 4 4 7 2 )
                        New point added for sorting: #94 ( 9 8 2 0 4 6 2 )
                        New point added for sorting: #100 ( 9 8 2 8 4 5 0 )
                        New point added for sorting: #89 ( 9 10 2 8 4 5 2 )
                        New point added for sorting: #97 ( 10 7 2 10 4 8 2 )
                        New point added for sorting: #87 ( 10 10 3 0 4 8 0 )
                        Trial points sorted, before trim: 14 after trim: 14
                         Model eval missing for: #88 ( 2 8 3 6 4 6 2 )
                        Sort using OrderByDirection
                        Evaluation points before sort:
                        	#87 ( 10 10 3 0 4 8 0 )
                        	#97 ( 10 7 2 10 4 8 2 )
                        	#89 ( 9 10 2 8 4 5 2 )
                        	#100 ( 9 8 2 8 4 5 0 )
                        	#94 ( 9 8 2 0 4 6 2 )
                        	#91 ( 7 9 8 4 4 7 2 )
                        	#95 ( 7 9 3 3 5 7 2 )
                        	#96 ( 7 9 3 3 3 7 2 )
                        	#92 ( 7 9 0 2 4 7 2 )
                        	#93 ( 5 10 4 10 4 8 0 )
                        	#99 ( 5 10 4 0 4 9 2 )
                        	#90 ( 5 7 4 0 4 9 0 )
                        	#98 ( 3 10 4 0 4 6 0 )
                        	#88 ( 2 8 3 6 4 6 2 )
                        Evaluation points after sort:
                        	#99 ( 5 10 4 0 4 9 2 )
                        	#87 ( 10 10 3 0 4 8 0 )
                        	#94 ( 9 8 2 0 4 6 2 )
                        	#98 ( 3 10 4 0 4 6 0 )
                        	#90 ( 5 7 4 0 4 9 0 )
                        	#92 ( 7 9 0 2 4 7 2 )
                        	#95 ( 7 9 3 3 5 7 2 )
                        	#96 ( 7 9 3 3 3 7 2 )
                        	#91 ( 7 9 8 4 4 7 2 )
                        	#88 ( 2 8 3 6 4 6 2 )
                        	#89 ( 9 10 2 8 4 5 2 )
                        	#93 ( 5 10 4 10 4 8 0 )
                        	#100 ( 9 8 2 8 4 5 0 )
                        	#97 ( 10 7 2 10 4 8 2 )
                    } Sort trial points for step Ortho N+1 Neg Poll Method
                    Number of trial points after reduction to form a basis: 7
                    Point already in cache (but not BB evaluated): #98 ( 3 10 4 0 4 6 0 )
                    Point already in cache (but not BB evaluated): #90 ( 5 7 4 0 4 9 0 )
                    Point already in cache (but not BB evaluated): #99 ( 5 10 4 0 4 9 2 )
                    Point already in cache (but not BB evaluated): #92 ( 7 9 0 2 4 7 2 )
                    Point already in cache (but not BB evaluated): #95 ( 7 9 3 3 5 7 2 )
                    Point already in cache (but not BB evaluated): #94 ( 9 8 2 0 4 6 2 )
                    Point already in cache (but not BB evaluated): #87 ( 10 10 3 0 4 8 0 )
                    Number of points for step Poll of eval type BB that would need eval: 7
                    Add points (full space) to eval queue for step Poll {
                        7 points added
                        Point already in cache (but not BB evaluated): #98 ( 3 10 4 0 4 6 0 )
                        New point added to eval queue: #98 ( 3 10 4 0 4 6 0 )
                        Point already in cache (but not BB evaluated): #90 ( 5 7 4 0 4 9 0 )
                        New point added to eval queue: #90 ( 5 7 4 0 4 9 0 )
                        Point already in cache (but not BB evaluated): #99 ( 5 10 4 0 4 9 2 )
                        New point added to eval queue: #99 ( 5 10 4 0 4 9 2 )
                        Point already in cache (but not BB evaluated): #92 ( 7 9 0 2 4 7 2 )
                        New point added to eval queue: #92 ( 7 9 0 2 4 7 2 )
                        Point already in cache (but not BB evaluated): #95 ( 7 9 3 3 5 7 2 )
                        New point added to eval queue: #95 ( 7 9 3 3 5 7 2 )
                        Point already in cache (but not BB evaluated): #94 ( 9 8 2 0 4 6 2 )
                        New point added to eval queue: #94 ( 9 8 2 0 4 6 2 )
                        Point already in cache (but not BB evaluated): #87 ( 10 10 3 0 4 8 0 )
                        New point added to eval queue: #87 ( 10 10 3 0 4 8 0 )
                        Eval queue now has 7 points.
                    } Add points (full space) to eval queue for step Poll
                    Evaluate points (full space) for Poll {
                        Start evaluation. Opportunism = false, UseCache = true, Barrier
                        X_FEAS #75 ( 7 9 3 3 4 7 2 )	(BB - Evaluation OK	 f = 2715       	 h =   0        (L2))
                        H_MAX inf
                        Ref Best Feasible:   #75 ( 7 9 3 3 4 7 2 )	(BB - Evaluation OK	 f = 2715       	 h =   0        (L2))
                        Ref Best Infeasible: NULL
                        After blocks generation: 7 blocks
                        Parallel eval thread = 0 
Algo thread = 0 

                        Start evaluation of block of 1 points.
                        BB evaluation done for #98 ( 3 10 4 0 4 6 0 )	(BB - Evaluation OK	 f =   0       	 h = inf (L2)). Success found: Failure
46	(   3  10   4   0   4   6   0 )	   0 inf   5   2   5  10   1   2   5   1   1   1   1   1   1   1
                        Parallel eval thread = 0 
Algo thread = 0 

                        Start evaluation of block of 1 points.
                        BB evaluation done for #90 ( 5 7 4 0 4 9 0 )	(BB - Evaluation OK	 f =   0       	 h = inf (L2)). Success found: Failure
47	(   5   7   4   0   4   9   0 )	   0 inf   5   2   5  10   1   2   5   1   1   1   1   1   1   1
                        Parallel eval thread = 0 
Algo thread = 0 

                        Start evaluation of block of 1 points.
                        BB evaluation done for #99 ( 5 10 4 0 4 9 2 )	(BB - Evaluation OK	 f =   0       	 h = inf (L2)). Success found: Failure
48	(   5  10   4   0   4   9   2 )	   0 inf   5   2   5  10   1   2   5   1   1   1   1   1   1   1
                        Parallel eval thread = 0 
Algo thread = 0 

                        Start evaluation of block of 1 points.
                        BB evaluation done for #92 ( 7 9 0 2 4 7 2 )	(BB - Evaluation OK	 f =   0       	 h = inf (L2)). Success found: Failure
49	(   7   9   0   2   4   7   2 )	   0 inf   5   2   5  10   1   2   5   1   1   1   1   1   1   1
                        Parallel eval thread = 0 
Algo thread = 0 

                        Start evaluation of block of 1 points.
                        BB evaluation done for #95 ( 7 9 3 3 5 7 2 )	(BB - Evaluation OK	 f = 2780       	 h =   0        (L2)). Success found: Failure
50	(   7   9   3   3   5   7   2 )	2780   0   5   2   5  10   1   2   5   1   1   1   1   1   1   1
                        Parallel eval thread = 0 
Algo thread = 0 

                        Start evaluation of block of 1 points.
                        BB evaluation done for #94 ( 9 8 2 0 4 6 2 )	(BB - Evaluation OK	 f =   0       	 h = inf (L2)). Success found: Failure
51	(   9   8   2   0   4   6   2 )	   0 inf   5   2   5  10   1   2   5   1   1   1   1   1   1   1
                        Parallel eval thread = 0 
Algo thread = 0 

                        Start evaluation of block of 1 points.
                        BB evaluation done for #87 ( 10 10 3 0 4 8 0 )	(BB - Evaluation OK	 f =   0       	 h = inf (L2)). Success found: Failure
52	(  10  10   3   0   4   8   0 )	   0 inf   5   2   5  10   1   2   5   1   1   1   1   1   1   1
                        We are done with evaluations.
                        Evaluation is done. Cleared queue of 0 points.
                        EvaluatorControl stop reason (main thread): No more points to evaluate (global): Started (Eval Global)
                        Poll: Failure. Stop reasons: No termination (all).  No more points to evaluate
                    } Evaluate points (full space) for Poll
                    Number of trial points: 7
                    Number of trial points that needed eval: 7
                    Number of evaluated points: 7
                    Generate second pass trial point(s) for Ortho N+1 Neg Poll Method {
                        Scaled and mesh projected poll direction: 3 0 1 16 -1 -3 6
                        Frame center: #75 ( 7 9 3 3 4 7 2 )	Evaluation OK	 f = 2715                     	 h =   0                      (L2)
                        Point before projection: ( 10 9 4 19 3 4 8 )
                        Point after projection:  ( 10 9 4 10 3 4 2 )
                        Generated point: #101 ( 10 9 4 10 3 4 2 )
                        Generated 1 points
                    } Generate second pass trial point(s) for Ortho N+1 Neg Poll Method
                    Add points (full space) to eval queue for step Poll {
                        1 points added
                        New point added to eval queue: #101 ( 10 9 4 10 3 4 2 )
                        Eval queue now has 1 points.
                    } Add points (full space) to eval queue for step Poll
                    Evaluate points (full space) for Poll {
                        Start evaluation. Opportunism = false, UseCache = true, Barrier
                        X_FEAS #75 ( 7 9 3 3 4 7 2 )	(BB - Evaluation OK	 f = 2715       	 h =   0        (L2))
                        H_MAX inf
                        Ref Best Feasible:   #75 ( 7 9 3 3 4 7 2 )	(BB - Evaluation OK	 f = 2715       	 h =   0        (L2))
                        Ref Best Infeasible: NULL
                        After blocks generation: 1 blocks
                        Parallel eval thread = 0 
Algo thread = 0 

                        Start evaluation of block of 1 points.
                        BB evaluation done for #101 ( 10 9 4 10 3 4 2 )	(BB - Evaluation OK	 f =   0       	 h = inf (L2)). Success found: Failure
53	(  10   9   4  10   3   4   2 )	   0 inf   5   2   5  10   1   2   5   1   1   1   1   1   1   1
                        We are done with evaluations.
                        Evaluation is done. Cleared queue of 0 points.
                        EvaluatorControl stop reason (main thread): No more points to evaluate (global): Started (Eval Global)
                        Poll: Failure. Stop reasons: No termination (all).  No more points to evaluate
                    } Evaluate points (full space) for Poll
                    Number of trial points: 1
                    Number of trial points that needed eval: 1
                    Number of evaluated points: 1
                    Poll is not successful. Stop reason: No termination (all).  No more points to evaluate
                } End step Poll
                Updating barrier with 1 suggested points
                Current barrier: 
                X_FEAS #75 ( 7 9 3 3 4 7 2 )	(BB - Evaluation OK	 f = 2715       	 h =   0        (L2))
                H_MAX inf
                Ref Best Feasible:   #75 ( 7 9 3 3 4 7 2 )	(BB - Evaluation OK	 f = 2715       	 h =   0        (L2))
                Ref Best Infeasible: NULL
                No points added to the barrier
            } End step MADS Iteration 7
            Stop reason: No termination (all).  No more points to evaluate
        } End step MADS MegaIteration 7
        Start step MADS MegaIteration 8 {
            Start step MADS Update {
                Running MADS Update. Barrier: 
                X_FEAS #75 ( 7 9 3 3 4 7 2 )	(BB - Evaluation OK	 f = 2715       	 h =   0        (L2))
                H_MAX inf
                Ref Best Feasible:   #75 ( 7 9 3 3 4 7 2 )	(BB - Evaluation OK	 f = 2715       	 h =   0        (L2))
                Ref Best Infeasible: NULL
                Update: no success found
                New direction (feasible) 0 1 0 -2 0 0 0
                Last Iteration Unsuccessful. Delta is refined.
                delta mesh  size = 1 1 1 1 1 1 1
                Delta frame size = 2 1 2 5 1 1 2
            } End step MADS Update
            Mesh Stop Reason: No termination (all). 
            Iteration generated:
            MADS Iteration 7
            Mesh size:  1 1 1 1 1 1 1
            Frame size: 2 1 2 5 1 1 2
            Start step MADS Iteration 8 {
                Start step Search {
                    Search methods are all disabled.
                } End step Search
                Start step Poll {
                    Generate points for Poll
                    Generate points for Ortho N+1 Neg Poll Method {
                        Unit sphere direction: 0.362285 0.299932 0.26702 0.698049 -0.227178 -0.409953 -0.0233926
                        Poll direction before scaling and projection on mesh: 0.7375 -0.217322 -0.193474 -0.505785 0.164606 0.297039 0.0169496
                        Poll direction before scaling and projection on mesh: -0.7375 0.217322 0.193474 0.505785 -0.164606 -0.297039 -0.0169496
                        Poll direction before scaling and projection on mesh: -0.217322 0.820081 -0.160176 -0.418735 0.136276 0.245916 0.0140324
                        Poll direction before scaling and projection on mesh: 0.217322 -0.820081 0.160176 0.418735 -0.136276 -0.245916 -0.0140324
                        Poll direction before scaling and projection on mesh: -0.193474 -0.160176 0.857401 -0.372786 0.121322 0.218931 0.0124926
                        Poll direction before scaling and projection on mesh: 0.193474 0.160176 -0.857401 0.372786 -0.121322 -0.218931 -0.0124926
                        Poll direction before scaling and projection on mesh: -0.505785 -0.418735 -0.372786 0.0254547 0.317162 0.572335 0.0326584
                        Poll direction before scaling and projection on mesh: 0.505785 0.418735 0.372786 -0.0254547 -0.317162 -0.572335 -0.0326584
                        Poll direction before scaling and projection on mesh: 0.164606 0.136276 0.121322 0.317162 0.896781 -0.186264 -0.0106286
                        Poll direction before scaling and projection on mesh: -0.164606 -0.136276 -0.121322 -0.317162 -0.896781 0.186264 0.0106286
                        Poll direction before scaling and projection on mesh: 0.297039 0.245916 0.218931 0.572335 -0.186264 0.663877 -0.0191797
                        Poll direction before scaling and projection on mesh: -0.297039 -0.245916 -0.218931 -0.572335 0.186264 -0.663877 0.0191797
                        Poll direction before scaling and projection on mesh: 0.0169496 0.0140324 0.0124926 0.0326584 -0.0106286 -0.0191797 0.998906
                        Poll direction before scaling and projection on mesh: -0.0169496 -0.0140324 -0.0124926 -0.0326584 0.0106286 0.0191797 -0.998906
                        Generate  first pass trial points for Ortho N+1 Neg Poll Method {
                            Scaled and mesh projected poll direction: 2 -0 -1 -3 0 0 0
                            Scaled and mesh projected poll direction: -2 0 1 3 -0 -0 -0
                            Scaled and mesh projected poll direction: -1 1 -0 -3 0 0 0
                            Scaled and mesh projected poll direction: 1 -1 0 3 -0 -0 -0
                            Scaled and mesh projected poll direction: -0 -0 2 -2 0 0 0
                            Scaled and mesh projected poll direction: 0 0 -2 2 -0 -0 -0
                            Scaled and mesh projected poll direction: -2 -1 -1 0 1 1 0
                            Scaled and mesh projected poll direction: 2 1 1 -0 -1 -1 -0
                            Scaled and mesh projected poll direction: 0 0 0 2 1 -0 -0
                            Scaled and mesh projected poll direction: -0 -0 -0 -2 -1 0 0
                            Scaled and mesh projected poll direction: 1 0 1 4 -0 1 -0
                            Scaled and mesh projected poll direction: -1 -0 -1 -4 0 -1 0
                            Scaled and mesh projected poll direction: 0 0 0 0 -0 -0 2
                            Scaled and mesh projected poll direction: -0 -0 -0 -0 0 0 -2
                            Frame center: #75 ( 7 9 3 3 4 7 2 )	Evaluation OK	 f = 2715                     	 h =   0                      (L2)
                            Point before projection: ( 9 9 2 0 4 7 2 )
                            Point after projection:  ( 9 9 2 0 4 7 2 )
                            Generated point: #102 ( 9 9 2 0 4 7 2 )
                            Point before projection: ( 5 9 4 6 4 7 2 )
                            Point after projection:  ( 5 9 4 6 4 7 2 )
                            Generated point: #103 ( 5 9 4 6 4 7 2 )
                            Point before projection: ( 6 10 3 0 4 7 2 )
                            Point after projection:  ( 6 10 3 0 4 7 2 )
                            Generated point: #104 ( 6 10 3 0 4 7 2 )
                            Point before projection: ( 8 8 3 6 4 7 2 )
                            Point after projection:  ( 8 8 3 6 4 7 2 )
                            Generated point: #105 ( 8 8 3 6 4 7 2 )
                            Point before projection: ( 7 9 5 1 4 7 2 )
                            Point after projection:  ( 7 9 5 1 4 7 2 )
                            Generated point: #106 ( 7 9 5 1 4 7 2 )
                            Point before projection: ( 7 9 1 5 4 7 2 )
                            Point after projection:  ( 7 9 1 5 4 7 2 )
                            Generated point: #107 ( 7 9 1 5 4 7 2 )
                            Point before projection: ( 5 8 2 3 5 8 2 )
                            Point after projection:  ( 5 8 2 3 5 8 2 )
                            Generated point: #108 ( 5 8 2 3 5 8 2 )
                            Point before projection: ( 9 10 4 3 3 6 2 )
                            Point after projection:  ( 9 10 4 3 3 6 2 )
                            Generated point: #109 ( 9 10 4 3 3 6 2 )
                            Point before projection: ( 7 9 3 5 5 7 2 )
                            Point after projection:  ( 7 9 3 5 5 7 2 )
                            Generated point: #110 ( 7 9 3 5 5 7 2 )
                            Point before projection: ( 7 9 3 1 3 7 2 )
                            Point after projection:  ( 7 9 3 1 3 7 2 )
                            Generated point: #111 ( 7 9 3 1 3 7 2 )
                            Point before projection: ( 8 9 4 7 4 8 2 )
                            Point after projection:  ( 8 9 4 7 4 8 2 )
                            Generated point: #112 ( 8 9 4 7 4 8 2 )
                            Point before projection: ( 6 9 2 -1 4 6 2 )
                            Point after projection:  ( 6 9 2 0 4 6 2 )
                            Generated point: #113 ( 6 9 2 0 4 6 2 )
                            Point before projection: ( 7 9 3 3 4 7 4 )
                            Point after projection:  ( 7 9 3 3 4 7 2 )
                            Generated point not inserted (equal to frame center): ( 7 9 3 3 4 7 2 )
                            Point before projection: ( 7 9 3 3 4 7 0 )
                            Point after projection:  ( 7 9 3 3 4 7 0 )
                            Generated point: #114 ( 7 9 3 3 4 7 0 )
                            Generated 13 points
                        } Generate  first pass trial points for Ortho N+1 Neg Poll Method
                        Generated 13 points
                    } Generate points for Ortho N+1 Neg Poll Method
                    Number of trial points before sort and reduction to form a basis: 13
                    Sort trial points for step Ortho N+1 Neg Poll Method {
                        13 points added
                        New point added for sorting: #108 ( 5 8 2 3 5 8 2 )
                        New point added for sorting: #103 ( 5 9 4 6 4 7 2 )
                        New point added for sorting: #113 ( 6 9 2 0 4 6 2 )
                        New point added for sorting: #104 ( 6 10 3 0 4 7 2 )
                        New point added for sorting: #107 ( 7 9 1 5 4 7 2 )
                        New point added for sorting: #111 ( 7 9 3 1 3 7 2 )
                        New point added for sorting: #114 ( 7 9 3 3 4 7 0 )
                        New point added for sorting: #110 ( 7 9 3 5 5 7 2 )
                        New point added for sorting: #106 ( 7 9 5 1 4 7 2 )
                        New point added for sorting: #105 ( 8 8 3 6 4 7 2 )
                        New point added for sorting: #112 ( 8 9 4 7 4 8 2 )
                        New point added for sorting: #102 ( 9 9 2 0 4 7 2 )
                        New point added for sorting: #109 ( 9 10 4 3 3 6 2 )
                        Trial points sorted, before trim: 13 after trim: 13
                         Model eval missing for: #108 ( 5 8 2 3 5 8 2 )
                        Sort using OrderByDirection
                        Evaluation points before sort:
                        	#109 ( 9 10 4 3 3 6 2 )
                        	#102 ( 9 9 2 0 4 7 2 )
                        	#112 ( 8 9 4 7 4 8 2 )
                        	#105 ( 8 8 3 6 4 7 2 )
                        	#106 ( 7 9 5 1 4 7 2 )
                        	#110 ( 7 9 3 5 5 7 2 )
                        	#114 ( 7 9 3 3 4 7 0 )
                        	#111 ( 7 9 3 1 3 7 2 )
                        	#107 ( 7 9 1 5 4 7 2 )
                        	#104 ( 6 10 3 0 4 7 2 )
                        	#113 ( 6 9 2 0 4 6 2 )
                        	#103 ( 5 9 4 6 4 7 2 )
                        	#108 ( 5 8 2 3 5 8 2 )
                        Evaluation points after sort:
                        	#104 ( 6 10 3 0 4 7 2 )
                        	#111 ( 7 9 3 1 3 7 2 )
                        	#113 ( 6 9 2 0 4 6 2 )
                        	#102 ( 9 9 2 0 4 7 2 )
                        	#106 ( 7 9 5 1 4 7 2 )
                        	#109 ( 9 10 4 3 3 6 2 )
                        	#114 ( 7 9 3 3 4 7 0 )
                        	#108 ( 5 8 2 3 5 8 2 )
                        	#107 ( 7 9 1 5 4 7 2 )
                        	#103 ( 5 9 4 6 4 7 2 )
                        	#110 ( 7 9 3 5 5 7 2 )
                        	#112 ( 8 9 4 7 4 8 2 )
                        	#105 ( 8 8 3 6 4 7 2 )
                    } Sort trial points for step Ortho N+1 Neg Poll Method
                    Number of trial points after reduction to form a basis: 7
                    Point already in cache (but not BB evaluated): #113 ( 6 9 2 0 4 6 2 )
                    Point already in cache (but not BB evaluated): #104 ( 6 10 3 0 4 7 2 )
                    Point already in cache (but not BB evaluated): #111 ( 7 9 3 1 3 7 2 )
                    Point already in cache (but not BB evaluated): #114 ( 7 9 3 3 4 7 0 )
                    Point already in cache (but not BB evaluated): #106 ( 7 9 5 1 4 7 2 )
                    Point already in cache (but not BB evaluated): #102 ( 9 9 2 0 4 7 2 )
                    Point already in cache (but not BB evaluated): #109 ( 9 10 4 3 3 6 2 )
                    Number of points for step Poll of eval type BB that would need eval: 7
                    Add points (full space) to eval queue for step Poll {
                        7 points added
                        Point already in cache (but not BB evaluated): #113 ( 6 9 2 0 4 6 2 )
                        New point added to eval queue: #113 ( 6 9 2 0 4 6 2 )
                        Point already in cache (but not BB evaluated): #104 ( 6 10 3 0 4 7 2 )
                        New point added to eval queue: #104 ( 6 10 3 0 4 7 2 )
                        Point already in cache (but not BB evaluated): #111 ( 7 9 3 1 3 7 2 )
                        New point added to eval queue: #111 ( 7 9 3 1 3 7 2 )
                        Point already in cache (but not BB evaluated): #114 ( 7 9 3 3 4 7 0 )
                        New point added to eval queue: #114 ( 7 9 3 3 4 7 0 )
                        Point already in cache (but not BB evaluated): #106 ( 7 9 5 1 4 7 2 )
                        New point added to eval queue: #106 ( 7 9 5 1 4 7 2 )
                        Point already in cache (but not BB evaluated): #102 ( 9 9 2 0 4 7 2 )
                        New point added to eval queue: #102 ( 9 9 2 0 4 7 2 )
                        Point already in cache (but not BB evaluated): #109 ( 9 10 4 3 3 6 2 )
                        New point added to eval queue: #109 ( 9 10 4 3 3 6 2 )
                        Eval queue now has 7 points.
                    } Add points (full space) to eval queue for step Poll
                    Evaluate points (full space) for Poll {
                        Start evaluation. Opportunism = false, UseCache = true, Barrier
                        X_FEAS #75 ( 7 9 3 3 4 7 2 )	(BB - Evaluation OK	 f = 2715       	 h =   0        (L2))
                        H_MAX inf
                        Ref Best Feasible:   #75 ( 7 9 3 3 4 7 2 )	(BB - Evaluation OK	 f = 2715       	 h =   0        (L2))
                        Ref Best Infeasible: NULL
                        After blocks generation: 7 blocks
                        Parallel eval thread = 0 
Algo thread = 0 

                        Start evaluation of block of 1 points.
                        BB evaluation done for #113 ( 6 9 2 0 4 6 2 )	(BB - Evaluation OK	 f =   0       	 h = inf (L2)). Success found: Failure
54	(   6   9   2   0   4   6   2 )	   0 inf   2   1   2   5   1   1   2   1   1   1   1   1   1   1
                        Parallel eval thread = 0 
Algo thread = 0 

                        Start evaluation of block of 1 points.
                        BB evaluation done for #104 ( 6 10 3 0 4 7 2 )	(BB - Evaluation OK	 f =   0       	 h = inf (L2)). Success found: Failure
55	(   6  10   3   0   4   7   2 )	   0 inf   2   1   2   5   1   1   2   1   1   1   1   1   1   1
                        Parallel eval thread = 0 
Algo thread = 0 

                        Start evaluation of block of 1 points.
                        BB evaluation done for #111 ( 7 9 3 1 3 7 2 )	(BB - Evaluation OK	 f =   0       	 h = inf (L2)). Success found: Failure
56	(   7   9   3   1   3   7   2 )	   0 inf   2   1   2   5   1   1   2   1   1   1   1   1   1   1
                        Parallel eval thread = 0 
Algo thread = 0 

                        Start evaluation of block of 1 points.
                        BB evaluation done for #114 ( 7 9 3 3 4 7 0 )	(BB - Evaluation OK	 f = 4250       	 h =   0        (L2)). Success found: Failure
57	(   7   9   3   3   4   7   0 )	4250   0   2   1   2   5   1   1   2   1   1   1   1   1   1   1
                        Parallel eval thread = 0 
Algo thread = 0 

                        Start evaluation of block of 1 points.
                        BB evaluation done for #106 ( 7 9 5 1 4 7 2 )	(BB - Evaluation OK	 f =   0       	 h = inf (L2)). Success found: Failure
58	(   7   9   5   1   4   7   2 )	   0 inf   2   1   2   5   1   1   2   1   1   1   1   1   1   1
                        Parallel eval thread = 0 
Algo thread = 0 

                        Start evaluation of block of 1 points.
                        BB evaluation done for #102 ( 9 9 2 0 4 7 2 )	(BB - Evaluation OK	 f =   0       	 h = inf (L2)). Success found: Failure
59	(   9   9   2   0   4   7   2 )	   0 inf   2   1   2   5   1   1   2   1   1   1   1   1   1   1
                        Parallel eval thread = 0 
Algo thread = 0 

                        Start evaluation of block of 1 points.
                        BB evaluation done for #109 ( 9 10 4 3 3 6 2 )	(BB - Evaluation OK	 f =   0       	 h = inf (L2)). Success found: Failure
60	(   9  10   4   3   3   6   2 )	   0 inf   2   1   2   5   1   1   2   1   1   1   1   1   1   1
                        We are done with evaluations.
                        Evaluation is done. Cleared queue of 0 points.
                        EvaluatorControl stop reason (main thread): No more points to evaluate (global): Started (Eval Global)
                        Poll: Failure. Stop reasons: No termination (all).  No more points to evaluate
                    } Evaluate points (full space) for Poll
                    Number of trial points: 7
                    Number of trial points that needed eval: 7
                    Number of evaluated points: 7
                    Generate second pass trial point(s) for Ortho N+1 Neg Poll Method {
                        Scaled and mesh projected poll direction: -2 -2 -1 13 2 2 2
                        Frame center: #75 ( 7 9 3 3 4 7 2 )	Evaluation OK	 f = 2715                     	 h =   0                      (L2)
                        Point before projection: ( 5 7 2 16 6 9 4 )
                        Point after projection:  ( 5 7 2 10 6 9 2 )
                        Generated point: #115 ( 5 7 2 10 6 9 2 )
                        Generated 1 points
                    } Generate second pass trial point(s) for Ortho N+1 Neg Poll Method
                    Add points (full space) to eval queue for step Poll {
                        1 points added
                        New point added to eval queue: #115 ( 5 7 2 10 6 9 2 )
                        Eval queue now has 1 points.
                    } Add points (full space) to eval queue for step Poll
                    Evaluate points (full space) for Poll {
                        Start evaluation. Opportunism = false, UseCache = true, Barrier
                        X_FEAS #75 ( 7 9 3 3 4 7 2 )	(BB - Evaluation OK	 f = 2715       	 h =   0        (L2))
                        H_MAX inf
                        Ref Best Feasible:   #75 ( 7 9 3 3 4 7 2 )	(BB - Evaluation OK	 f = 2715       	 h =   0        (L2))
                        Ref Best Infeasible: NULL
                        After blocks generation: 1 blocks
                        Parallel eval thread = 0 
Algo thread = 0 

                        Start evaluation of block of 1 points.
                        BB evaluation done for #115 ( 5 7 2 10 6 9 2 )	(BB - Evaluation OK	 f =   0       	 h = inf (L2)). Success found: Failure
61	(   5   7   2  10   6   9   2 )	   0 inf   2   1   2   5   1   1   2   1   1   1   1   1   1   1
                        We are done with evaluations.
                        Evaluation is done. Cleared queue of 0 points.
                        EvaluatorControl stop reason (main thread): No more points to evaluate (global): Started (Eval Global)
                        Poll: Failure. Stop reasons: No termination (all).  No more points to evaluate
                    } Evaluate points (full space) for Poll
                    Number of trial points: 1
                    Number of trial points that needed eval: 1
                    Number of evaluated points: 1
                    Poll is not successful. Stop reason: No termination (all).  No more points to evaluate
                } End step Poll
                Updating barrier with 1 suggested points
                Current barrier: 
                X_FEAS #75 ( 7 9 3 3 4 7 2 )	(BB - Evaluation OK	 f = 2715       	 h =   0        (L2))
                H_MAX inf
                Ref Best Feasible:   #75 ( 7 9 3 3 4 7 2 )	(BB - Evaluation OK	 f = 2715       	 h =   0        (L2))
                Ref Best Infeasible: NULL
                No points added to the barrier
            } End step MADS Iteration 8
            Stop reason: No termination (all).  No more points to evaluate
        } End step MADS MegaIteration 8
        Start step MADS MegaIteration 9 {
            Start step MADS Update {
                Running MADS Update. Barrier: 
                X_FEAS #75 ( 7 9 3 3 4 7 2 )	(BB - Evaluation OK	 f = 2715       	 h =   0        (L2))
                H_MAX inf
                Ref Best Feasible:   #75 ( 7 9 3 3 4 7 2 )	(BB - Evaluation OK	 f = 2715       	 h =   0        (L2))
                Ref Best Infeasible: NULL
                Update: no success found
                New direction (feasible) 0 1 0 -2 0 0 0
                Last Iteration Unsuccessful. Delta is refined.
                delta mesh  size = 1 1 1 1 1 1 1
                Delta frame size = 1 1 1 2 1 1 1
            } End step MADS Update
            Mesh Stop Reason: No termination (all). 
            Iteration generated:
            MADS Iteration 8
            Mesh size:  1 1 1 1 1 1 1
            Frame size: 1 1 1 2 1 1 1
            Start step MADS Iteration 9 {
                Start step Search {
                    Search methods are all disabled.
                } End step Search
                Start step Poll {
                    Generate points for Poll
                    Generate points for Ortho N+1 Neg Poll Method {
                        Unit sphere direction: 0.16528 -0.0438104 0.549133 -0.737302 0.322723 -0.107496 0.0994821
                        Poll direction before scaling and projection on mesh: 0.945365 0.0144819 -0.181521 0.243722 -0.106679 0.0355339 -0.0328847
                        Poll direction before scaling and projection on mesh: -0.945365 -0.0144819 0.181521 -0.243722 0.106679 -0.0355339 0.0328847
                        Poll direction before scaling and projection on mesh: 0.0144819 0.996161 0.0481154 -0.064603 0.0282772 -0.00941892 0.0087167
                        Poll direction before scaling and projection on mesh: -0.0144819 -0.996161 -0.0481154 0.064603 -0.0282772 0.00941892 -0.0087167
                        Poll direction before scaling and projection on mesh: -0.181521 0.0481154 0.396906 0.809754 -0.354435 0.11806 -0.109258
                        Poll direction before scaling and projection on mesh: 0.181521 -0.0481154 -0.396906 -0.809754 0.354435 -0.11806 0.109258
                        Poll direction before scaling and projection on mesh: 0.243722 -0.064603 0.809754 -0.0872289 0.475888 -0.158515 0.146697
                        Poll direction before scaling and projection on mesh: -0.243722 0.064603 -0.809754 0.0872289 -0.475888 0.158515 -0.146697
                        Poll direction before scaling and projection on mesh: -0.106679 0.0282772 -0.354435 0.475888 0.7917 0.069383 -0.0642103
                        Poll direction before scaling and projection on mesh: 0.106679 -0.0282772 0.354435 -0.475888 -0.7917 -0.069383 0.0642103
                        Poll direction before scaling and projection on mesh: 0.0355339 -0.00941892 0.11806 -0.158515 0.069383 0.976889 0.0213879
                        Poll direction before scaling and projection on mesh: -0.0355339 0.00941892 -0.11806 0.158515 -0.069383 -0.976889 -0.0213879
                        Poll direction before scaling and projection on mesh: -0.0328847 0.0087167 -0.109258 0.146697 -0.0642103 0.0213879 0.980207
                        Poll direction before scaling and projection on mesh: 0.0328847 -0.0087167 0.109258 -0.146697 0.0642103 -0.0213879 -0.980207
                        Generate  first pass trial points for Ortho N+1 Neg Poll Method {
                            Scaled and mesh projected poll direction: 1 0 -0 1 -0 0 -0
                            Scaled and mesh projected poll direction: -1 -0 0 -1 0 -0 0
                            Scaled and mesh projected poll direction: 0 1 0 -0 0 -0 0
                            Scaled and mesh projected poll direction: -0 -1 -0 0 -0 0 -0
                            Scaled and mesh projected poll direction: -0 0 0 2 -0 0 -0
                            Scaled and mesh projected poll direction: 0 -0 -0 -2 0 -0 0
                            Scaled and mesh projected poll direction: 0 -0 1 -0 1 -0 0
                            Scaled and mesh projected poll direction: -0 0 -1 0 -1 0 -0
                            Scaled and mesh projected poll direction: -0 0 -0 1 1 0 -0
                            Scaled and mesh projected poll direction: 0 -0 0 -1 -1 -0 0
                            Scaled and mesh projected poll direction: 0 -0 0 -0 0 1 0
                            Scaled and mesh projected poll direction: -0 0 -0 0 -0 -1 -0
                            Scaled and mesh projected poll direction: -0 0 -0 0 -0 0 1
                            Scaled and mesh projected poll direction: 0 -0 0 -0 0 -0 -1
                            Frame center: #75 ( 7 9 3 3 4 7 2 )	Evaluation OK	 f = 2715                     	 h =   0                      (L2)
                            Point before projection: ( 8 9 3 4 4 7 2 )
                            Point after projection:  ( 8 9 3 4 4 7 2 )
                            Generated point: #116 ( 8 9 3 4 4 7 2 )
                            Point before projection: ( 6 9 3 2 4 7 2 )
                            Point after projection:  ( 6 9 3 2 4 7 2 )
                            Generated point: #117 ( 6 9 3 2 4 7 2 )
                            Point before projection: ( 7 10 3 3 4 7 2 )
                            Point after projection:  ( 7 10 3 3 4 7 2 )
                            Generated point: #118 ( 7 10 3 3 4 7 2 )
                            Point before projection: ( 7 8 3 3 4 7 2 )
                            Point after projection:  ( 7 8 3 3 4 7 2 )
                            Generated point: #119 ( 7 8 3 3 4 7 2 )
                            Point before projection: ( 7 9 3 5 4 7 2 )
                            Point after projection:  ( 7 9 3 5 4 7 2 )
                            Generated point: #120 ( 7 9 3 5 4 7 2 )
                            Point before projection: ( 7 9 3 1 4 7 2 )
                            Point after projection:  ( 7 9 3 1 4 7 2 )
                            Generated point: #121 ( 7 9 3 1 4 7 2 )
                            Point before projection: ( 7 9 4 3 5 7 2 )
                            Point after projection:  ( 7 9 4 3 5 7 2 )
                            Generated point: #122 ( 7 9 4 3 5 7 2 )
                            Point before projection: ( 7 9 2 3 3 7 2 )
                            Point after projection:  ( 7 9 2 3 3 7 2 )
                            Generated point: #123 ( 7 9 2 3 3 7 2 )
                            Point before projection: ( 7 9 3 4 5 7 2 )
                            Point after projection:  ( 7 9 3 4 5 7 2 )
                            Generated point: #124 ( 7 9 3 4 5 7 2 )
                            Point before projection: ( 7 9 3 2 3 7 2 )
                            Point after projection:  ( 7 9 3 2 3 7 2 )
                            Generated point: #125 ( 7 9 3 2 3 7 2 )
                            Point before projection: ( 7 9 3 3 4 8 2 )
                            Point after projection:  ( 7 9 3 3 4 8 2 )
                            Generated point: #126 ( 7 9 3 3 4 8 2 )
                            Point before projection: ( 7 9 3 3 4 6 2 )
                            Point after projection:  ( 7 9 3 3 4 6 2 )
                            Generated point: #127 ( 7 9 3 3 4 6 2 )
                            Point before projection: ( 7 9 3 3 4 7 3 )
                            Point after projection:  ( 7 9 3 3 4 7 2 )
                            Generated point not inserted (equal to frame center): ( 7 9 3 3 4 7 2 )
                            Point before projection: ( 7 9 3 3 4 7 1 )
                            Point after projection:  ( 7 9 3 3 4 7 1 )
                            Generated point: #128 ( 7 9 3 3 4 7 1 )
                            Generated 13 points
                        } Generate  first pass trial points for Ortho N+1 Neg Poll Method
                        Generated 13 points
                    } Generate points for Ortho N+1 Neg Poll Method
                    Number of trial points before sort and reduction to form a basis: 13
                    Sort trial points for step Ortho N+1 Neg Poll Method {
                        13 points added
                        New point added for sorting: #117 ( 6 9 3 2 4 7 2 )
                        New point added for sorting: #119 ( 7 8 3 3 4 7 2 )
                        New point added for sorting: #123 ( 7 9 2 3 3 7 2 )
                        New point added for sorting: #121 ( 7 9 3 1 4 7 2 )
                        New point added for sorting: #125 ( 7 9 3 2 3 7 2 )
                        New point added for sorting: #127 ( 7 9 3 3 4 6 2 )
                        New point added for sorting: #128 ( 7 9 3 3 4 7 1 )
                        New point added for sorting: #126 ( 7 9 3 3 4 8 2 )
                        New point added for sorting: #124 ( 7 9 3 4 5 7 2 )
                        New point added for sorting: #120 ( 7 9 3 5 4 7 2 )
                        New point added for sorting: #122 ( 7 9 4 3 5 7 2 )
                        New point added for sorting: #118 ( 7 10 3 3 4 7 2 )
                        New point added for sorting: #116 ( 8 9 3 4 4 7 2 )
                        Trial points sorted, before trim: 13 after trim: 13
                         Model eval missing for: #117 ( 6 9 3 2 4 7 2 )
                        Sort using OrderByDirection
                        Evaluation points before sort:
                        	#116 ( 8 9 3 4 4 7 2 )
                        	#118 ( 7 10 3 3 4 7 2 )
                        	#122 ( 7 9 4 3 5 7 2 )
                        	#120 ( 7 9 3 5 4 7 2 )
                        	#124 ( 7 9 3 4 5 7 2 )
                        	#126 ( 7 9 3 3 4 8 2 )
                        	#128 ( 7 9 3 3 4 7 1 )
                        	#127 ( 7 9 3 3 4 6 2 )
                        	#125 ( 7 9 3 2 3 7 2 )
                        	#121 ( 7 9 3 1 4 7 2 )
                        	#123 ( 7 9 2 3 3 7 2 )
                        	#119 ( 7 8 3 3 4 7 2 )
                        	#117 ( 6 9 3 2 4 7 2 )
                        Evaluation points after sort:
                        	#121 ( 7 9 3 1 4 7 2 )
                        	#117 ( 6 9 3 2 4 7 2 )
                        	#125 ( 7 9 3 2 3 7 2 )
                        	#118 ( 7 10 3 3 4 7 2 )
                        	#122 ( 7 9 4 3 5 7 2 )
                        	#123 ( 7 9 2 3 3 7 2 )
                        	#126 ( 7 9 3 3 4 8 2 )
                        	#127 ( 7 9 3 3 4 6 2 )
                        	#128 ( 7 9 3 3 4 7 1 )
                        	#119 ( 7 8 3 3 4 7 2 )
                        	#116 ( 8 9 3 4 4 7 2 )
                        	#124 ( 7 9 3 4 5 7 2 )
                        	#120 ( 7 9 3 5 4 7 2 )
                    } Sort trial points for step Ortho N+1 Neg Poll Method
                    Number of trial points after reduction to form a basis: 7
                    Point already in cache (but not BB evaluated): #117 ( 6 9 3 2 4 7 2 )
                    Point already in cache (but not BB evaluated): #121 ( 7 9 3 1 4 7 2 )
                    Point already in cache (but not BB evaluated): #125 ( 7 9 3 2 3 7 2 )
                    Point already in cache (but not BB evaluated): #128 ( 7 9 3 3 4 7 1 )
                    Point already in cache (but not BB evaluated): #126 ( 7 9 3 3 4 8 2 )
                    Point already in cache (but not BB evaluated): #122 ( 7 9 4 3 5 7 2 )
                    Point already in cache (but not BB evaluated): #118 ( 7 10 3 3 4 7 2 )
                    Number of points for step Poll of eval type BB that would need eval: 7
                    Add points (full space) to eval queue for step Poll {
                        7 points added
                        Point already in cache (but not BB evaluated): #117 ( 6 9 3 2 4 7 2 )
                        New point added to eval queue: #117 ( 6 9 3 2 4 7 2 )
                        Point already in cache (but not BB evaluated): #121 ( 7 9 3 1 4 7 2 )
                        New point added to eval queue: #121 ( 7 9 3 1 4 7 2 )
                        Point already in cache (but not BB evaluated): #125 ( 7 9 3 2 3 7 2 )
                        New point added to eval queue: #125 ( 7 9 3 2 3 7 2 )
                        Point already in cache (but not BB evaluated): #128 ( 7 9 3 3 4 7 1 )
                        New point added to eval queue: #128 ( 7 9 3 3 4 7 1 )
                        Point already in cache (but not BB evaluated): #126 ( 7 9 3 3 4 8 2 )
                        New point added to eval queue: #126 ( 7 9 3 3 4 8 2 )
                        Point already in cache (but not BB evaluated): #122 ( 7 9 4 3 5 7 2 )
                        New point added to eval queue: #122 ( 7 9 4 3 5 7 2 )
                        Point already in cache (but not BB evaluated): #118 ( 7 10 3 3 4 7 2 )
                        New point added to eval queue: #118 ( 7 10 3 3 4 7 2 )
                        Eval queue now has 7 points.
                    } Add points (full space) to eval queue for step Poll
                    Evaluate points (full space) for Poll {
                        Start evaluation. Opportunism = false, UseCache = true, Barrier
                        X_FEAS #75 ( 7 9 3 3 4 7 2 )	(BB - Evaluation OK	 f = 2715       	 h =   0        (L2))
                        H_MAX inf
                        Ref Best Feasible:   #75 ( 7 9 3 3 4 7 2 )	(BB - Evaluation OK	 f = 2715       	 h =   0        (L2))
                        Ref Best Infeasible: NULL
                        After blocks generation: 7 blocks
                        Parallel eval thread = 0 
Algo thread = 0 

                        Start evaluation of block of 1 points.
                        BB evaluation done for #117 ( 6 9 3 2 4 7 2 )	(BB - Evaluation OK	 f =   0       	 h = inf (L2)). Success found: Failure
62	(   6   9   3   2   4   7   2 )	   0 inf   1   1   1   2   1   1   1   1   1   1   1   1   1   1
                        Parallel eval thread = 0 
Algo thread = 0 

                        Start evaluation of block of 1 points.
                        BB evaluation done for #121 ( 7 9 3 1 4 7 2 )	(BB - Evaluation OK	 f =   0       	 h = inf (L2)). Success found: Failure
63	(   7   9   3   1   4   7   2 )	   0 inf   1   1   1   2   1   1   1   1   1   1   1   1   1   1
                        Parallel eval thread = 0 
Algo thread = 0 

                        Start evaluation of block of 1 points.
                        BB evaluation done for #125 ( 7 9 3 2 3 7 2 )	(BB - Evaluation OK	 f =   0       	 h = inf (L2)). Success found: Failure
64	(   7   9   3   2   3   7   2 )	   0 inf   1   1   1   2   1   1   1   1   1   1   1   1   1   1
                        Parallel eval thread = 0 
Algo thread = 0 

                        Start evaluation of block of 1 points.
                        BB evaluation done for #128 ( 7 9 3 3 4 7 1 )	(BB - Evaluation OK	 f = 3400       	 h =   0        (L2)). Success found: Failure
65	(   7   9   3   3   4   7   1 )	3400   0   1   1   1   2   1   1   1   1   1   1   1   1   1   1
                        Parallel eval thread = 0 
Algo thread = 0 

                        Start evaluation of block of 1 points.
                        BB evaluation done for #126 ( 7 9 3 3 4 8 2 )	(BB - Evaluation OK	 f = 2810       	 h =   0        (L2)). Success found: Failure
66	(   7   9   3   3   4   8   2 )	2810   0   1   1   1   2   1   1   1   1   1   1   1   1   1   1
                        Parallel eval thread = 0 
Algo thread = 0 

                        Start evaluation of block of 1 points.
                        BB evaluation done for #122 ( 7 9 4 3 5 7 2 )	(BB - Evaluation OK	 f =   0       	 h = inf (L2)). Success found: Failure
67	(   7   9   4   3   5   7   2 )	   0 inf   1   1   1   2   1   1   1   1   1   1   1   1   1   1
                        Parallel eval thread = 0 
Algo thread = 0 

                        Start evaluation of block of 1 points.
                        BB evaluation done for #118 ( 7 10 3 3 4 7 2 )	(BB - Evaluation OK	 f = 2810       	 h =   0        (L2)). Success found: Failure
68	(   7  10   3   3   4   7   2 )	2810   0   1   1   1   2   1   1   1   1   1   1   1   1   1   1
                        We are done with evaluations.
                        Evaluation is done. Cleared queue of 0 points.
                        EvaluatorControl stop reason (main thread): No more points to evaluate (global): Started (Eval Global)
                        Poll: Failure. Stop reasons: No termination (all).  No more points to evaluate
                    } Evaluate points (full space) for Poll
                    Number of trial points: 7
                    Number of trial points that needed eval: 7
                    Number of evaluated points: 7
                    Generate second pass trial point(s) for Ortho N+1 Neg Poll Method {
                        Scaled and mesh projected poll direction: 1 -1 -1 4 0 -1 1
                        Frame center: #75 ( 7 9 3 3 4 7 2 )	Evaluation OK	 f = 2715                     	 h =   0                      (L2)
                        Point before projection: ( 8 8 2 7 4 6 3 )
                        Point after projection:  ( 8 8 2 7 4 6 2 )
                        Generated point: #129 ( 8 8 2 7 4 6 2 )
                        Generated 1 points
                    } Generate second pass trial point(s) for Ortho N+1 Neg Poll Method
                    Add points (full space) to eval queue for step Poll {
                        1 points added
                        New point added to eval queue: #129 ( 8 8 2 7 4 6 2 )
                        Eval queue now has 1 points.
                    } Add points (full space) to eval queue for step Poll
                    Evaluate points (full space) for Poll {
                        Start evaluation. Opportunism = false, UseCache = true, Barrier
                        X_FEAS #75 ( 7 9 3 3 4 7 2 )	(BB - Evaluation OK	 f = 2715       	 h =   0        (L2))
                        H_MAX inf
                        Ref Best Feasible:   #75 ( 7 9 3 3 4 7 2 )	(BB - Evaluation OK	 f = 2715       	 h =   0        (L2))
                        Ref Best Infeasible: NULL
                        After blocks generation: 1 blocks
                        Parallel eval thread = 0 
Algo thread = 0 

                        Start evaluation of block of 1 points.
                        BB evaluation done for #129 ( 8 8 2 7 4 6 2 )	(BB - Evaluation OK	 f =   0       	 h = inf (L2)). Success found: Failure
69	(   8   8   2   7   4   6   2 )	   0 inf   1   1   1   2   1   1   1   1   1   1   1   1   1   1
                        We are done with evaluations.
                        Evaluation is done. Cleared queue of 0 points.
                        EvaluatorControl stop reason (main thread): No more points to evaluate (global): Started (Eval Global)
                        Poll: Failure. Stop reasons: No termination (all).  No more points to evaluate
                    } Evaluate points (full space) for Poll
                    Number of trial points: 1
                    Number of trial points that needed eval: 1
                    Number of evaluated points: 1
                    Poll is not successful. Stop reason: No termination (all).  No more points to evaluate
                } End step Poll
                Updating barrier with 1 suggested points
                Current barrier: 
                X_FEAS #75 ( 7 9 3 3 4 7 2 )	(BB - Evaluation OK	 f = 2715       	 h =   0        (L2))
                H_MAX inf
                Ref Best Feasible:   #75 ( 7 9 3 3 4 7 2 )	(BB - Evaluation OK	 f = 2715       	 h =   0        (L2))
                Ref Best Infeasible: NULL
                No points added to the barrier
            } End step MADS Iteration 9
            Stop reason: No termination (all).  No more points to evaluate
        } End step MADS MegaIteration 9
        Start step MADS MegaIteration 10 {
            Start step MADS Update {
                Running MADS Update. Barrier: 
                X_FEAS #75 ( 7 9 3 3 4 7 2 )	(BB - Evaluation OK	 f = 2715       	 h =   0        (L2))
                H_MAX inf
                Ref Best Feasible:   #75 ( 7 9 3 3 4 7 2 )	(BB - Evaluation OK	 f = 2715       	 h =   0        (L2))
                Ref Best Infeasible: NULL
                Update: no success found
                New direction (feasible) 0 1 0 -2 0 0 0
                Last Iteration Unsuccessful. Delta is refined.
                delta mesh  size = 1 1 1 1 1 1 1
                Delta frame size = 1 1 1 1 1 1 1
            } End step MADS Update
            Mesh Stop Reason: No termination (all). 
            Iteration generated:
            MADS Iteration 9
            Mesh size:  1 1 1 1 1 1 1
            Frame size: 1 1 1 1 1 1 1
            Start step MADS Iteration 10 {
                Start step Search {
                    Search methods are all disabled.
                } End step Search
                Start step Poll {
                    Generate points for Poll
                    Generate points for Ortho N+1 Neg Poll Method {
                        Unit sphere direction: -0.362 -0.166062 -0.406921 0.0319641 0.75368 -0.0662654 -0.319922
                        Poll direction before scaling and projection on mesh: 0.737913 -0.120229 -0.29461 0.023142 0.545663 -0.0479761 -0.231623
                        Poll direction before scaling and projection on mesh: -0.737913 0.120229 0.29461 -0.023142 -0.545663 0.0479761 0.231623
                        Poll direction before scaling and projection on mesh: -0.120229 0.944847 -0.135148 0.010616 0.250315 -0.0220083 -0.106253
                        Poll direction before scaling and projection on mesh: 0.120229 -0.944847 0.135148 -0.010616 -0.250315 0.0220083 0.106253
                        Poll direction before scaling and projection on mesh: -0.29461 -0.135148 0.668831 0.0260137 0.613375 -0.0539295 -0.260365
                        Poll direction before scaling and projection on mesh: 0.29461 0.135148 -0.668831 -0.0260137 -0.613375 0.0539295 0.260365
                        Poll direction before scaling and projection on mesh: 0.023142 0.010616 0.0260137 0.997957 -0.0481814 0.00423624 0.020452
                        Poll direction before scaling and projection on mesh: -0.023142 -0.010616 -0.0260137 -0.997957 0.0481814 -0.00423624 -0.020452
                        Poll direction before scaling and projection on mesh: 0.545663 0.250315 0.613375 -0.0481814 -0.136066 0.0998858 0.482237
                        Poll direction before scaling and projection on mesh: -0.545663 -0.250315 -0.613375 0.0481814 0.136066 -0.0998858 -0.482237
                        Poll direction before scaling and projection on mesh: -0.0479761 -0.0220083 -0.0539295 0.00423624 0.0998858 0.991218 -0.0423995
                        Poll direction before scaling and projection on mesh: 0.0479761 0.0220083 0.0539295 -0.00423624 -0.0998858 -0.991218 0.0423995
                        Poll direction before scaling and projection on mesh: -0.231623 -0.106253 -0.260365 0.020452 0.482237 -0.0423995 0.7953
                        Poll direction before scaling and projection on mesh: 0.231623 0.106253 0.260365 -0.020452 -0.482237 0.0423995 -0.7953
                        Generate  first pass trial points for Ortho N+1 Neg Poll Method {
                            Scaled and mesh projected poll direction: 1 -0 -0 0 1 -0 -0
                            Scaled and mesh projected poll direction: -1 0 0 -0 -1 0 0
                            Scaled and mesh projected poll direction: -0 1 -0 0 0 -0 -0
                            Scaled and mesh projected poll direction: 0 -1 0 -0 -0 0 0
                            Scaled and mesh projected poll direction: -0 -0 1 0 1 -0 -0
                            Scaled and mesh projected poll direction: 0 0 -1 -0 -1 0 0
                            Scaled and mesh projected poll direction: 0 0 0 1 -0 0 0
                            Scaled and mesh projected poll direction: -0 -0 -0 -1 0 -0 -0
                            Scaled and mesh projected poll direction: 1 0 1 -0 -0 0 1
                            Scaled and mesh projected poll direction: -1 -0 -1 0 0 -0 -1
                            Scaled and mesh projected poll direction: -0 -0 -0 0 0 1 -0
                            Scaled and mesh projected poll direction: 0 0 0 -0 -0 -1 0
                            Scaled and mesh projected poll direction: -0 -0 -0 0 1 -0 1
                            Scaled and mesh projected poll direction: 0 0 0 -0 -1 0 -1
                            Frame center: #75 ( 7 9 3 3 4 7 2 )	Evaluation OK	 f = 2715                     	 h =   0                      (L2)
                            Point before projection: ( 8 9 3 3 5 7 2 )
                            Point after projection:  ( 8 9 3 3 5 7 2 )
                            Generated point: #130 ( 8 9 3 3 5 7 2 )
                            Point before projection: ( 6 9 3 3 3 7 2 )
                            Point after projection:  ( 6 9 3 3 3 7 2 )
                            Generated point: #131 ( 6 9 3 3 3 7 2 )
                            Point before projection: ( 7 10 3 3 4 7 2 )
                            Point after projection:  ( 7 10 3 3 4 7 2 )
                            Generated point: #132 ( 7 10 3 3 4 7 2 )
                            Point before projection: ( 7 8 3 3 4 7 2 )
                            Point after projection:  ( 7 8 3 3 4 7 2 )
                            Generated point: #133 ( 7 8 3 3 4 7 2 )
                            Point before projection: ( 7 9 4 3 5 7 2 )
                            Point after projection:  ( 7 9 4 3 5 7 2 )
                            Generated point: #134 ( 7 9 4 3 5 7 2 )
                            Point before projection: ( 7 9 2 3 3 7 2 )
                            Point after projection:  ( 7 9 2 3 3 7 2 )
                            Generated point: #135 ( 7 9 2 3 3 7 2 )
                            Point before projection: ( 7 9 3 4 4 7 2 )
                            Point after projection:  ( 7 9 3 4 4 7 2 )
                            Generated point: #136 ( 7 9 3 4 4 7 2 )
                            Point before projection: ( 7 9 3 2 4 7 2 )
                            Point after projection:  ( 7 9 3 2 4 7 2 )
                            Generated point: #137 ( 7 9 3 2 4 7 2 )
                            Point before projection: ( 8 9 4 3 4 7 3 )
                            Point after projection:  ( 8 9 4 3 4 7 2 )
                            Generated point: #138 ( 8 9 4 3 4 7 2 )
                            Point before projection: ( 6 9 2 3 4 7 1 )
                            Point after projection:  ( 6 9 2 3 4 7 1 )
                            Generated point: #139 ( 6 9 2 3 4 7 1 )
                            Point before projection: ( 7 9 3 3 4 8 2 )
                            Point after projection:  ( 7 9 3 3 4 8 2 )
                            Generated point: #140 ( 7 9 3 3 4 8 2 )
                            Point before projection: ( 7 9 3 3 4 6 2 )
                            Point after projection:  ( 7 9 3 3 4 6 2 )
                            Generated point: #141 ( 7 9 3 3 4 6 2 )
                            Point before projection: ( 7 9 3 3 5 7 3 )
                            Point after projection:  ( 7 9 3 3 5 7 2 )
                            Generated point: #142 ( 7 9 3 3 5 7 2 )
                            Point before projection: ( 7 9 3 3 3 7 1 )
                            Point after projection:  ( 7 9 3 3 3 7 1 )
                            Generated point: #143 ( 7 9 3 3 3 7 1 )
                            Generated 14 points
                        } Generate  first pass trial points for Ortho N+1 Neg Poll Method
                        Generated 14 points
                    } Generate points for Ortho N+1 Neg Poll Method
                    Number of trial points before sort and reduction to form a basis: 14
                    Sort trial points for step Ortho N+1 Neg Poll Method {
                        14 points added
                        New point added for sorting: #139 ( 6 9 2 3 4 7 1 )
                        New point added for sorting: #131 ( 6 9 3 3 3 7 2 )
                        Point already in cache (but not BB evaluated): #133 ( 7 8 3 3 4 7 2 )
                        New point added for sorting: #133 ( 7 8 3 3 4 7 2 )
                        Point already in cache (but not BB evaluated): #135 ( 7 9 2 3 3 7 2 )
                        New point added for sorting: #135 ( 7 9 2 3 3 7 2 )
                        New point added for sorting: #137 ( 7 9 3 2 4 7 2 )
                        New point added for sorting: #143 ( 7 9 3 3 3 7 1 )
                        Point already in cache (but not BB evaluated): #141 ( 7 9 3 3 4 6 2 )
                        New point added for sorting: #141 ( 7 9 3 3 4 6 2 )
                        Cache hit: #126 ( 7 9 3 3 4 8 2 )	Evaluation OK	 f = 2810                     	 h =   0                      (L2)
                        Point already evaluated, trimmed from sorted eval points: #140 ( 7 9 3 3 4 8 2 )
                        Cache hit: #95 ( 7 9 3 3 5 7 2 )	Evaluation OK	 f = 2780                     	 h =   0                      (L2)
                        Point already evaluated, trimmed from sorted eval points: #142 ( 7 9 3 3 5 7 2 )
                        New point added for sorting: #136 ( 7 9 3 4 4 7 2 )
                        Cache hit: #122 ( 7 9 4 3 5 7 2 )	Evaluation OK	 f =   0                     	 h = inf (L2)
                        Point already evaluated, trimmed from sorted eval points: #134 ( 7 9 4 3 5 7 2 )
                        Cache hit: #118 ( 7 10 3 3 4 7 2 )	Evaluation OK	 f = 2810                     	 h =   0                      (L2)
                        Point already evaluated, trimmed from sorted eval points: #132 ( 7 10 3 3 4 7 2 )
                        New point added for sorting: #130 ( 8 9 3 3 5 7 2 )
                        New point added for sorting: #138 ( 8 9 4 3 4 7 2 )
                        Trial points sorted, before trim: 14 after trim: 10
                         Model eval missing for: #139 ( 6 9 2 3 4 7 1 )
                        Sort using OrderByDirection
                        Evaluation points before sort:
                        	#138 ( 8 9 4 3 4 7 2 )
                        	#130 ( 8 9 3 3 5 7 2 )
                        	#136 ( 7 9 3 4 4 7 2 )
                        	#141 ( 7 9 3 3 4 6 2 )
                        	#143 ( 7 9 3 3 3 7 1 )
                        	#137 ( 7 9 3 2 4 7 2 )
                        	#135 ( 7 9 2 3 3 7 2 )
                        	#133 ( 7 8 3 3 4 7 2 )
                        	#131 ( 6 9 3 3 3 7 2 )
                        	#139 ( 6 9 2 3 4 7 1 )
                        Evaluation points after sort:
                        	#137 ( 7 9 3 2 4 7 2 )
                        	#130 ( 8 9 3 3 5 7 2 )
                        	#131 ( 6 9 3 3 3 7 2 )
                        	#135 ( 7 9 2 3 3 7 2 )
                        	#138 ( 8 9 4 3 4 7 2 )
                        	#139 ( 6 9 2 3 4 7 1 )
                        	#141 ( 7 9 3 3 4 6 2 )
                        	#143 ( 7 9 3 3 3 7 1 )
                        	#133 ( 7 8 3 3 4 7 2 )
                        	#136 ( 7 9 3 4 4 7 2 )
                    } Sort trial points for step Ortho N+1 Neg Poll Method
                    Number of trial points after reduction to form a basis: 7
                    Point already in cache (but not BB evaluated): #139 ( 6 9 2 3 4 7 1 )
                    Point already in cache (but not BB evaluated): #133 ( 7 8 3 3 4 7 2 )
                    Point already in cache (but not BB evaluated): #135 ( 7 9 2 3 3 7 2 )
                    Point already in cache (but not BB evaluated): #137 ( 7 9 3 2 4 7 2 )
                    Point already in cache (but not BB evaluated): #141 ( 7 9 3 3 4 6 2 )
                    Point already in cache (but not BB evaluated): #130 ( 8 9 3 3 5 7 2 )
                    Point already in cache (but not BB evaluated): #138 ( 8 9 4 3 4 7 2 )
                    Number of points for step Poll of eval type BB that would need eval: 7
                    Add points (full space) to eval queue for step Poll {
                        7 points added
                        Point already in cache (but not BB evaluated): #139 ( 6 9 2 3 4 7 1 )
                        New point added to eval queue: #139 ( 6 9 2 3 4 7 1 )
                        Point already in cache (but not BB evaluated): #133 ( 7 8 3 3 4 7 2 )
                        New point added to eval queue: #133 ( 7 8 3 3 4 7 2 )
                        Point already in cache (but not BB evaluated): #135 ( 7 9 2 3 3 7 2 )
                        New point added to eval queue: #135 ( 7 9 2 3 3 7 2 )
                        Point already in cache (but not BB evaluated): #137 ( 7 9 3 2 4 7 2 )
                        New point added to eval queue: #137 ( 7 9 3 2 4 7 2 )
                        Point already in cache (but not BB evaluated): #141 ( 7 9 3 3 4 6 2 )
                        New point added to eval queue: #141 ( 7 9 3 3 4 6 2 )
                        Point already in cache (but not BB evaluated): #130 ( 8 9 3 3 5 7 2 )
                        New point added to eval queue: #130 ( 8 9 3 3 5 7 2 )
                        Point already in cache (but not BB evaluated): #138 ( 8 9 4 3 4 7 2 )
                        New point added to eval queue: #138 ( 8 9 4 3 4 7 2 )
                        Eval queue now has 7 points.
                    } Add points (full space) to eval queue for step Poll
                    Evaluate points (full space) for Poll {
                        Start evaluation. Opportunism = false, UseCache = true, Barrier
                        X_FEAS #75 ( 7 9 3 3 4 7 2 )	(BB - Evaluation OK	 f = 2715       	 h =   0        (L2))
                        H_MAX inf
                        Ref Best Feasible:   #75 ( 7 9 3 3 4 7 2 )	(BB - Evaluation OK	 f = 2715       	 h =   0        (L2))
                        Ref Best Infeasible: NULL
                        After blocks generation: 7 blocks
                        Parallel eval thread = 0 
Algo thread = 0 

                        Start evaluation of block of 1 points.
                        BB evaluation done for #139 ( 6 9 2 3 4 7 1 )	(BB - Evaluation OK	 f = 3240       	 h =   0        (L2)). Success found: Failure
70	(   6   9   2   3   4   7   1 )	3240   0   1   1   1   1   1   1   1   1   1   1   1   1   1   1
                        Parallel eval thread = 0 
Algo thread = 0 

                        Start evaluation of block of 1 points.
                        BB evaluation done for #133 ( 7 8 3 3 4 7 2 )	(BB - Evaluation OK	 f = 2620       	 h =   0        (L2)). Success found: Full success (dominating)
71	(   7   8   3   3   4   7   2 )	2620   0   1   1   1   1   1   1   1   1   1   1   1   1   1   1
                        Parallel eval thread = 0 
Algo thread = 0 

                        Start evaluation of block of 1 points.
                        BB evaluation done for #135 ( 7 9 2 3 3 7 2 )	(BB - Evaluation OK	 f =   0       	 h = inf (L2)). Success found: Failure
72	(   7   9   2   3   3   7   2 )	   0 inf   1   1   1   1   1   1   1   1   1   1   1   1   1   1
                        Parallel eval thread = 0 
Algo thread = 0 

                        Start evaluation of block of 1 points.
                        BB evaluation done for #137 ( 7 9 3 2 4 7 2 )	(BB - Evaluation OK	 f =   0       	 h = inf (L2)). Success found: Failure
73	(   7   9   3   2   4   7   2 )	   0 inf   1   1   1   1   1   1   1   1   1   1   1   1   1   1
                        Parallel eval thread = 0 
Algo thread = 0 

                        Start evaluation of block of 1 points.
                        BB evaluation done for #141 ( 7 9 3 3 4 6 2 )	(BB - Evaluation OK	 f = 2620       	 h =   0        (L2)). Success found: Full success (dominating)
74	(   7   9   3   3   4   6   2 )	2620   0   1   1   1   1   1   1   1   1   1   1   1   1   1   1
                        Parallel eval thread = 0 
Algo thread = 0 

                        Start evaluation of block of 1 points.
                        BB evaluation done for #130 ( 8 9 3 3 5 7 2 )	(BB - Evaluation OK	 f = 2845       	 h =   0        (L2)). Success found: Failure
75	(   8   9   3   3   5   7   2 )	2845   0   1   1   1   1   1   1   1   1   1   1   1   1   1   1
                        Parallel eval thread = 0 
Algo thread = 0 

                        Start evaluation of block of 1 points.
                        BB evaluation done for #138 ( 8 9 4 3 4 7 2 )	(BB - Evaluation OK	 f =   0       	 h = inf (L2)). Success found: Failure
76	(   8   9   4   3   4   7   2 )	   0 inf   1   1   1   1   1   1   1   1   1   1   1   1   1   1
                        We are done with evaluations.
                        Evaluation is done. Cleared queue of 0 points.
                        EvaluatorControl stop reason (main thread): No more points to evaluate (global): Started (Eval Global)
                        Poll: Full success (dominating). Stop reasons: No termination (all).  No more points to evaluate
                    } Evaluate points (full space) for Poll
                    Number of trial points: 7
                    Number of trial points that needed eval: 7
                    Number of evaluated points: 7
                    Poll is successful. Stop reason: No termination (all).  No more points to evaluate
                } End step Poll
                Updating barrier with 7 suggested points
                Current barrier: 
                X_FEAS #75 ( 7 9 3 3 4 7 2 )	(BB - Evaluation OK	 f = 2715       	 h =   0        (L2))
                H_MAX inf
                Ref Best Feasible:   #75 ( 7 9 3 3 4 7 2 )	(BB - Evaluation OK	 f = 2715       	 h =   0        (L2))
                Ref Best Infeasible: NULL
                Point suggested to update barrier (feasible): #139 ( 6 9 2 3 4 7 1 )	Evaluation OK	 f = 3240                     	 h =   0                      (L2)
                Point inserted in feasible barrier: #139 ( 6 9 2 3 4 7 1 )	Evaluation OK	 f = 3240                     	 h =   0                      (L2)
                Point suggested to update barrier (feasible): #133 ( 7 8 3 3 4 7 2 )	Evaluation OK	 f = 2620                     	 h =   0                      (L2)
                Point inserted in feasible barrier: #133 ( 7 8 3 3 4 7 2 )	Evaluation OK	 f = 2620                     	 h =   0                      (L2)
                Point suggested to update barrier (feasible): #141 ( 7 9 3 3 4 6 2 )	Evaluation OK	 f = 2620                     	 h =   0                      (L2)
                Point inserted in feasible barrier: #141 ( 7 9 3 3 4 6 2 )	Evaluation OK	 f = 2620                     	 h =   0                      (L2)
                Point suggested to update barrier (feasible): #130 ( 8 9 3 3 5 7 2 )	Evaluation OK	 f = 2845                     	 h =   0                      (L2)
                Point inserted in feasible barrier: #130 ( 8 9 3 3 5 7 2 )	Evaluation OK	 f = 2845                     	 h =   0                      (L2)
                New dominating xFeas: #133 ( 7 8 3 3 4 7 2 )	Evaluation OK	 f = 2620                     	 h =   0                      (L2)
                Update incumbent(s) in barrier. New feasible incumbent: #133 ( 7 8 3 3 4 7 2 )	Evaluation OK	 f = 2620                     	 h =   0                      (L2)
            } End step MADS Iteration 10
            Stop reason: No termination (all).  No more points to evaluate
            MADS MegaIteration 10: new success Full success (dominating)
        } End step MADS MegaIteration 10
        Start step MADS MegaIteration 11 {
            Start step MADS Update {
                Running MADS Update. Barrier: 
                X_FEAS #133 ( 7 8 3 3 4 7 2 )	(BB - Evaluation OK	 f = 2620       	 h =   0        (L2))
                X_FEAS #141 ( 7 9 3 3 4 6 2 )	(BB - Evaluation OK	 f = 2620       	 h =   0        (L2))
                H_MAX inf
                Ref Best Feasible:   #75 ( 7 9 3 3 4 7 2 )	(BB - Evaluation OK	 f = 2715       	 h =   0        (L2))
                Ref Best Infeasible: NULL
                Update: improving feasible point
                 from #75 ( 7 9 3 3 4 7 2 )	Evaluation OK	 f = 2715                     	 h =   0                      (L2)
                 to #133 ( 7 8 3 3 4 7 2 )	Evaluation OK	 f = 2620                     	 h =   0                      (L2)
                New direction (feasible) 0 -1 0 0 0 0 0
                Last Iteration Successful. Delta is enlarged.
                delta mesh  size = 1 1 1 1 1 1 1
                Delta frame size = 1 2 1 1 1 1 1
            } End step MADS Update
            Mesh Stop Reason: No termination (all). 
            Iteration generated:
            MADS Iteration 10
            Mesh size:  1 1 1 1 1 1 1
            Frame size: 1 2 1 1 1 1 1
            Start step MADS Iteration 11 {
                Start step Search {
                    Search methods are all disabled.
                } End step Search
                Start step Poll {
                    Generate points for Poll
                    Generate points for Ortho N+1 Neg Poll Method {
                        Unit sphere direction: -0.466189 0.370721 0.231515 -0.11865 -0.0706504 0.621089 0.43222
                        Poll direction before scaling and projection on mesh: 0.565336 0.345652 0.215859 -0.110626 -0.0658728 0.579089 0.402992
                        Poll direction before scaling and projection on mesh: -0.565336 -0.345652 -0.215859 0.110626 0.0658728 -0.579089 -0.402992
                        Poll direction before scaling and projection on mesh: 0.345652 0.725132 -0.171655 0.0879717 0.0523831 -0.460501 -0.320466
                        Poll direction before scaling and projection on mesh: -0.345652 -0.725132 0.171655 -0.0879717 -0.0523831 0.460501 0.320466
                        Poll direction before scaling and projection on mesh: 0.215859 -0.171655 0.892802 0.0549383 0.0327132 -0.287583 -0.200131
                        Poll direction before scaling and projection on mesh: -0.215859 0.171655 -0.892802 -0.0549383 -0.0327132 0.287583 0.200131
                        Poll direction before scaling and projection on mesh: -0.110626 0.0879717 0.0549383 0.971845 -0.0167653 0.147384 0.102566
                        Poll direction before scaling and projection on mesh: 0.110626 -0.0879717 -0.0549383 -0.971845 0.0167653 -0.147384 -0.102566
                        Poll direction before scaling and projection on mesh: -0.0658728 0.0523831 0.0327132 -0.0167653 0.990017 0.0877604 0.0610731
                        Poll direction before scaling and projection on mesh: 0.0658728 -0.0523831 -0.0327132 0.0167653 -0.990017 -0.0877604 -0.0610731
                        Poll direction before scaling and projection on mesh: 0.579089 -0.460501 -0.287583 0.147384 0.0877604 0.228497 -0.536895
                        Poll direction before scaling and projection on mesh: -0.579089 0.460501 0.287583 -0.147384 -0.0877604 -0.228497 0.536895
                        Poll direction before scaling and projection on mesh: 0.402992 -0.320466 -0.200131 0.102566 0.0610731 -0.536895 0.626371
                        Poll direction before scaling and projection on mesh: -0.402992 0.320466 0.200131 -0.102566 -0.0610731 0.536895 -0.626371
                        Generate  first pass trial points for Ortho N+1 Neg Poll Method {
                            Scaled and mesh projected poll direction: 1 1 0 -0 -0 1 1
                            Scaled and mesh projected poll direction: -1 -1 -0 0 0 -1 -1
                            Scaled and mesh projected poll direction: 0 2 -0 0 0 -1 -0
                            Scaled and mesh projected poll direction: -0 -2 0 -0 -0 1 0
                            Scaled and mesh projected poll direction: 0 -0 1 0 0 -0 -0
                            Scaled and mesh projected poll direction: -0 0 -1 -0 -0 0 0
                            Scaled and mesh projected poll direction: -0 0 0 1 -0 0 0
                            Scaled and mesh projected poll direction: 0 -0 -0 -1 0 -0 -0
                            Scaled and mesh projected poll direction: -0 0 0 -0 1 0 0
                            Scaled and mesh projected poll direction: 0 -0 -0 0 -1 -0 -0
                            Scaled and mesh projected poll direction: 1 -2 -0 0 0 0 -1
                            Scaled and mesh projected poll direction: -1 2 0 -0 -0 -0 1
                            Scaled and mesh projected poll direction: 1 -1 -0 0 0 -1 1
                            Scaled and mesh projected poll direction: -1 1 0 -0 -0 1 -1
                            Frame center: #133 ( 7 8 3 3 4 7 2 )	Evaluation OK	 f = 2620                     	 h =   0                      (L2)
                            Point before projection: ( 8 9 3 3 4 8 3 )
                            Point after projection:  ( 8 9 3 3 4 8 2 )
                            Generated point: #144 ( 8 9 3 3 4 8 2 )
                            Point before projection: ( 6 7 3 3 4 6 1 )
                            Point after projection:  ( 6 7 3 3 4 6 1 )
                            Generated point: #145 ( 6 7 3 3 4 6 1 )
                            Point before projection: ( 7 10 3 3 4 6 2 )
                            Point after projection:  ( 7 10 3 3 4 6 2 )
                            Generated point: #146 ( 7 10 3 3 4 6 2 )
                            Point before projection: ( 7 6 3 3 4 8 2 )
                            Point after projection:  ( 7 6 3 3 4 8 2 )
                            Generated point: #147 ( 7 6 3 3 4 8 2 )
                            Point before projection: ( 7 8 4 3 4 7 2 )
                            Point after projection:  ( 7 8 4 3 4 7 2 )
                            Generated point: #148 ( 7 8 4 3 4 7 2 )
                            Point before projection: ( 7 8 2 3 4 7 2 )
                            Point after projection:  ( 7 8 2 3 4 7 2 )
                            Generated point: #149 ( 7 8 2 3 4 7 2 )
                            Point before projection: ( 7 8 3 4 4 7 2 )
                            Point after projection:  ( 7 8 3 4 4 7 2 )
                            Generated point: #150 ( 7 8 3 4 4 7 2 )
                            Point before projection: ( 7 8 3 2 4 7 2 )
                            Point after projection:  ( 7 8 3 2 4 7 2 )
                            Generated point: #151 ( 7 8 3 2 4 7 2 )
                            Point before projection: ( 7 8 3 3 5 7 2 )
                            Point after projection:  ( 7 8 3 3 5 7 2 )
                            Generated point: #152 ( 7 8 3 3 5 7 2 )
                            Point before projection: ( 7 8 3 3 3 7 2 )
                            Point after projection:  ( 7 8 3 3 3 7 2 )
                            Generated point: #153 ( 7 8 3 3 3 7 2 )
                            Point before projection: ( 8 6 3 3 4 7 1 )
                            Point after projection:  ( 8 6 3 3 4 7 1 )
                            Generated point: #154 ( 8 6 3 3 4 7 1 )
                            Point before projection: ( 6 10 3 3 4 7 3 )
                            Point after projection:  ( 6 10 3 3 4 7 2 )
                            Generated point: #155 ( 6 10 3 3 4 7 2 )
                            Point before projection: ( 8 7 3 3 4 6 3 )
                            Point after projection:  ( 8 7 3 3 4 6 2 )
                            Generated point: #156 ( 8 7 3 3 4 6 2 )
                            Point before projection: ( 6 9 3 3 4 8 1 )
                            Point after projection:  ( 6 9 3 3 4 8 1 )
                            Generated point: #157 ( 6 9 3 3 4 8 1 )
                            Generated 14 points
                        } Generate  first pass trial points for Ortho N+1 Neg Poll Method
                        Generated 14 points
                    } Generate points for Ortho N+1 Neg Poll Method
                    Number of trial points before sort and reduction to form a basis: 14
                    Sort trial points for step Ortho N+1 Neg Poll Method {
                        14 points added
                        New point added for sorting: #145 ( 6 7 3 3 4 6 1 )
                        New point added for sorting: #157 ( 6 9 3 3 4 8 1 )
                        New point added for sorting: #155 ( 6 10 3 3 4 7 2 )
                        New point added for sorting: #147 ( 7 6 3 3 4 8 2 )
                        New point added for sorting: #149 ( 7 8 2 3 4 7 2 )
                        New point added for sorting: #151 ( 7 8 3 2 4 7 2 )
                        New point added for sorting: #153 ( 7 8 3 3 3 7 2 )
                        New point added for sorting: #152 ( 7 8 3 3 5 7 2 )
                        New point added for sorting: #150 ( 7 8 3 4 4 7 2 )
                        New point added for sorting: #148 ( 7 8 4 3 4 7 2 )
                        New point added for sorting: #146 ( 7 10 3 3 4 6 2 )
                        New point added for sorting: #154 ( 8 6 3 3 4 7 1 )
                        New point added for sorting: #156 ( 8 7 3 3 4 6 2 )
                        New point added for sorting: #144 ( 8 9 3 3 4 8 2 )
                        Trial points sorted, before trim: 14 after trim: 14
                         Model eval missing for: #145 ( 6 7 3 3 4 6 1 )
                        Sort using OrderByDirection
                        Evaluation points before sort:
                        	#144 ( 8 9 3 3 4 8 2 )
                        	#156 ( 8 7 3 3 4 6 2 )
                        	#154 ( 8 6 3 3 4 7 1 )
                        	#146 ( 7 10 3 3 4 6 2 )
                        	#148 ( 7 8 4 3 4 7 2 )
                        	#150 ( 7 8 3 4 4 7 2 )
                        	#152 ( 7 8 3 3 5 7 2 )
                        	#153 ( 7 8 3 3 3 7 2 )
                        	#151 ( 7 8 3 2 4 7 2 )
                        	#149 ( 7 8 2 3 4 7 2 )
                        	#147 ( 7 6 3 3 4 8 2 )
                        	#155 ( 6 10 3 3 4 7 2 )
                        	#157 ( 6 9 3 3 4 8 1 )
                        	#145 ( 6 7 3 3 4 6 1 )
                        Evaluation points after sort:
                        	#147 ( 7 6 3 3 4 8 2 )
                        	#154 ( 8 6 3 3 4 7 1 )
                        	#156 ( 8 7 3 3 4 6 2 )
                        	#145 ( 6 7 3 3 4 6 1 )
                        	#148 ( 7 8 4 3 4 7 2 )
                        	#149 ( 7 8 2 3 4 7 2 )
                        	#150 ( 7 8 3 4 4 7 2 )
                        	#151 ( 7 8 3 2 4 7 2 )
                        	#152 ( 7 8 3 3 5 7 2 )
                        	#153 ( 7 8 3 3 3 7 2 )
                        	#157 ( 6 9 3 3 4 8 1 )
                        	#144 ( 8 9 3 3 4 8 2 )
                        	#146 ( 7 10 3 3 4 6 2 )
                        	#155 ( 6 10 3 3 4 7 2 )
                    } Sort trial points for step Ortho N+1 Neg Poll Method
                    Number of trial points after reduction to form a basis: 7
                    Point already in cache (but not BB evaluated): #145 ( 6 7 3 3 4 6 1 )
                    Point already in cache (but not BB evaluated): #147 ( 7 6 3 3 4 8 2 )
                    Point already in cache (but not BB evaluated): #152 ( 7 8 3 3 5 7 2 )
                    Point already in cache (but not BB evaluated): #150 ( 7 8 3 4 4 7 2 )
                    Point already in cache (but not BB evaluated): #148 ( 7 8 4 3 4 7 2 )
                    Point already in cache (but not BB evaluated): #154 ( 8 6 3 3 4 7 1 )
                    Point already in cache (but not BB evaluated): #156 ( 8 7 3 3 4 6 2 )
                    Number of points for step Poll of eval type BB that would need eval: 7
                    Add points (full space) to eval queue for step Poll {
                        7 points added
                        Point already in cache (but not BB evaluated): #145 ( 6 7 3 3 4 6 1 )
                        New point added to eval queue: #145 ( 6 7 3 3 4 6 1 )
                        Point already in cache (but not BB evaluated): #147 ( 7 6 3 3 4 8 2 )
                        New point added to eval queue: #147 ( 7 6 3 3 4 8 2 )
                        Point already in cache (but not BB evaluated): #152 ( 7 8 3 3 5 7 2 )
                        New point added to eval queue: #152 ( 7 8 3 3 5 7 2 )
                        Point already in cache (but not BB evaluated): #150 ( 7 8 3 4 4 7 2 )
                        New point added to eval queue: #150 ( 7 8 3 4 4 7 2 )
                        Point already in cache (but not BB evaluated): #148 ( 7 8 4 3 4 7 2 )
                        New point added to eval queue: #148 ( 7 8 4 3 4 7 2 )
                        Point already in cache (but not BB evaluated): #154 ( 8 6 3 3 4 7 1 )
                        New point added to eval queue: #154 ( 8 6 3 3 4 7 1 )
                        Point already in cache (but not BB evaluated): #156 ( 8 7 3 3 4 6 2 )
                        New point added to eval queue: #156 ( 8 7 3 3 4 6 2 )
                        Eval queue now has 7 points.
                    } Add points (full space) to eval queue for step Poll
                    Evaluate points (full space) for Poll {
                        Start evaluation. Opportunism = false, UseCache = true, Barrier
                        X_FEAS #133 ( 7 8 3 3 4 7 2 )	(BB - Evaluation OK	 f = 2620       	 h =   0        (L2))
                        X_FEAS #141 ( 7 9 3 3 4 6 2 )	(BB - Evaluation OK	 f = 2620       	 h =   0        (L2))
                        H_MAX inf
                        Ref Best Feasible:   #133 ( 7 8 3 3 4 7 2 )	(BB - Evaluation OK	 f = 2620       	 h =   0        (L2))
                        Ref Best Infeasible: NULL
                        After blocks generation: 7 blocks
                        Parallel eval thread = 0 
Algo thread = 0 

                        Start evaluation of block of 1 points.
                        BB evaluation done for #145 ( 6 7 3 3 4 6 1 )	(BB - Evaluation OK	 f = 2960       	 h =   0        (L2)). Success found: Failure
77	(   6   7   3   3   4   6   1 )	2960   0   1   2   1   1   1   1   1   1   1   1   1   1   1   1
                        Parallel eval thread = 0 
Algo thread = 0 

                        Start evaluation of block of 1 points.
                        BB evaluation done for #147 ( 7 6 3 3 4 8 2 )	(BB - Evaluation OK	 f =   0       	 h = inf (L2)). Success found: Failure
78	(   7   6   3   3   4   8   2 )	   0 inf   1   2   1   1   1   1   1   1   1   1   1   1   1   1
                        Parallel eval thread = 0 
Algo thread = 0 

                        Start evaluation of block of 1 points.
                        BB evaluation done for #152 ( 7 8 3 3 5 7 2 )	(BB - Evaluation OK	 f = 2685       	 h =   0        (L2)). Success found: Failure
79	(   7   8   3   3   5   7   2 )	2685   0   1   2   1   1   1   1   1   1   1   1   1   1   1   1
                        Parallel eval thread = 0 
Algo thread = 0 

                        Start evaluation of block of 1 points.
                        BB evaluation done for #150 ( 7 8 3 4 4 7 2 )	(BB - Evaluation OK	 f = 2715       	 h =   0        (L2)). Success found: Failure
80	(   7   8   3   4   4   7   2 )	2715   0   1   2   1   1   1   1   1   1   1   1   1   1   1   1
                        Parallel eval thread = 0 
Algo thread = 0 

                        Start evaluation of block of 1 points.
                        BB evaluation done for #148 ( 7 8 4 3 4 7 2 )	(BB - Evaluation OK	 f =   0       	 h = inf (L2)). Success found: Failure
81	(   7   8   4   3   4   7   2 )	   0 inf   1   2   1   1   1   1   1   1   1   1   1   1   1   1
                        Parallel eval thread = 0 
Algo thread = 0 

                        Start evaluation of block of 1 points.
                        BB evaluation done for #154 ( 8 6 3 3 4 7 1 )	(BB - Evaluation OK	 f =   0       	 h = inf (L2)). Success found: Failure
82	(   8   6   3   3   4   7   1 )	   0 inf   1   2   1   1   1   1   1   1   1   1   1   1   1   1
                        Parallel eval thread = 0 
Algo thread = 0 

                        Start evaluation of block of 1 points.
                        BB evaluation done for #156 ( 8 7 3 3 4 6 2 )	(BB - Evaluation OK	 f =   0       	 h = inf (L2)). Success found: Failure
83	(   8   7   3   3   4   6   2 )	   0 inf   1   2   1   1   1   1   1   1   1   1   1   1   1   1
                        We are done with evaluations.
                        Evaluation is done. Cleared queue of 0 points.
                        EvaluatorControl stop reason (main thread): No more points to evaluate (global): Started (Eval Global)
                        Poll: Failure. Stop reasons: No termination (all).  No more points to evaluate
                    } Evaluate points (full space) for Poll
                    Number of trial points: 7
                    Number of trial points that needed eval: 7
                    Number of evaluated points: 7
                    Generate second pass trial point(s) for Ortho N+1 Neg Poll Method {
                        Scaled and mesh projected poll direction: -1 6 -1 -1 -1 1 2
                        Frame center: #133 ( 7 8 3 3 4 7 2 )	Evaluation OK	 f = 2620                     	 h =   0                      (L2)
                        Point before projection: ( 6 14 2 2 3 8 4 )
                        Point after projection:  ( 6 10 2 2 3 8 2 )
                        Generated point: #158 ( 6 10 2 2 3 8 2 )
                        Generated 1 points
                    } Generate second pass trial point(s) for Ortho N+1 Neg Poll Method
                    Add points (full space) to eval queue for step Poll {
                        1 points added
                        New point added to eval queue: #158 ( 6 10 2 2 3 8 2 )
                        Eval queue now has 1 points.
                    } Add points (full space) to eval queue for step Poll
                    Evaluate points (full space) for Poll {
                        Start evaluation. Opportunism = false, UseCache = true, Barrier
                        X_FEAS #133 ( 7 8 3 3 4 7 2 )	(BB - Evaluation OK	 f = 2620       	 h =   0        (L2))
                        X_FEAS #141 ( 7 9 3 3 4 6 2 )	(BB - Evaluation OK	 f = 2620       	 h =   0        (L2))
                        H_MAX inf
                        Ref Best Feasible:   #133 ( 7 8 3 3 4 7 2 )	(BB - Evaluation OK	 f = 2620       	 h =   0        (L2))
                        Ref Best Infeasible: NULL
                        After blocks generation: 1 blocks
                        Parallel eval thread = 0 
Algo thread = 0 

                        Start evaluation of block of 1 points.
                        BB evaluation done for #158 ( 6 10 2 2 3 8 2 )	(BB - Evaluation OK	 f =   0       	 h = inf (L2)). Success found: Failure
84	(   6  10   2   2   3   8   2 )	   0 inf   1   2   1   1   1   1   1   1   1   1   1   1   1   1
                        We are done with evaluations.
                        Evaluation is done. Cleared queue of 0 points.
                        EvaluatorControl stop reason (main thread): No more points to evaluate (global): Started (Eval Global)
                        Poll: Failure. Stop reasons: No termination (all).  No more points to evaluate
                    } Evaluate points (full space) for Poll
                    Number of trial points: 1
                    Number of trial points that needed eval: 1
                    Number of evaluated points: 1
                    Poll is not successful. Stop reason: No termination (all).  No more points to evaluate
                } End step Poll
                Updating barrier with 1 suggested points
                Current barrier: 
                X_FEAS #133 ( 7 8 3 3 4 7 2 )	(BB - Evaluation OK	 f = 2620       	 h =   0        (L2))
                X_FEAS #141 ( 7 9 3 3 4 6 2 )	(BB - Evaluation OK	 f = 2620       	 h =   0        (L2))
                H_MAX inf
                Ref Best Feasible:   #133 ( 7 8 3 3 4 7 2 )	(BB - Evaluation OK	 f = 2620       	 h =   0        (L2))
                Ref Best Infeasible: NULL
                No points added to the barrier
            } End step MADS Iteration 11
            Stop reason: No termination (all).  No more points to evaluate
        } End step MADS MegaIteration 11
        Start step MADS MegaIteration 12 {
            Start step MADS Update {
                Running MADS Update. Barrier: 
                X_FEAS #133 ( 7 8 3 3 4 7 2 )	(BB - Evaluation OK	 f = 2620       	 h =   0        (L2))
                X_FEAS #141 ( 7 9 3 3 4 6 2 )	(BB - Evaluation OK	 f = 2620       	 h =   0        (L2))
                H_MAX inf
                Ref Best Feasible:   #133 ( 7 8 3 3 4 7 2 )	(BB - Evaluation OK	 f = 2620       	 h =   0        (L2))
                Ref Best Infeasible: NULL
                Update: no success found
                New direction (feasible) 0 -1 0 0 0 0 0
                Last Iteration Unsuccessful. Delta is refined.
                delta mesh  size = 1 1 1 1 1 1 1
                Delta frame size = 1 1 1 1 1 1 1
            } End step MADS Update
            Mesh Stop Reason: No termination (all). 
            Iteration generated:
            MADS Iteration 11
            Mesh size:  1 1 1 1 1 1 1
            Frame size: 1 1 1 1 1 1 1
            Start step MADS Iteration 12 {
                Start step Search {
                    Search methods are all disabled.
                } End step Search
                Start step Poll {
                    Generate points for Poll
                    Generate points for Ortho N+1 Neg Poll Method {
                        Unit sphere direction: 0.107326 0.0214663 -0.30198 0.0370523 -0.50009 0.483464 -0.641582
                        Poll direction before scaling and projection on mesh: 0.976962 -0.0046078 0.0648208 -0.00795337 0.107346 -0.103777 0.137717
                        Poll direction before scaling and projection on mesh: -0.976962 0.0046078 -0.0648208 0.00795337 -0.107346 0.103777 -0.137717
                        Poll direction before scaling and projection on mesh: -0.0046078 0.999078 0.0129648 -0.00159075 0.0214702 -0.0207564 0.0275448
                        Poll direction before scaling and projection on mesh: 0.0046078 -0.999078 -0.0129648 0.00159075 -0.0214702 0.0207564 -0.0275448
                        Poll direction before scaling and projection on mesh: 0.0648208 0.0129648 0.817616 0.0223781 -0.302035 0.291993 -0.38749
                        Poll direction before scaling and projection on mesh: -0.0648208 -0.0129648 -0.817616 -0.0223781 0.302035 -0.291993 0.38749
                        Poll direction before scaling and projection on mesh: -0.00795337 -0.00159075 0.0223781 0.997254 0.037059 -0.0358269 0.0475442
                        Poll direction before scaling and projection on mesh: 0.00795337 0.00159075 -0.0223781 -0.997254 -0.037059 0.0358269 -0.0475442
                        Poll direction before scaling and projection on mesh: 0.107346 0.0214702 -0.302035 0.037059 0.49982 0.483551 -0.641698
                        Poll direction before scaling and projection on mesh: -0.107346 -0.0214702 0.302035 -0.037059 -0.49982 -0.483551 0.641698
                        Poll direction before scaling and projection on mesh: -0.103777 -0.0207564 0.291993 -0.0358269 0.483551 0.532525 0.620364
                        Poll direction before scaling and projection on mesh: 0.103777 0.0207564 -0.291993 0.0358269 -0.483551 -0.532525 -0.620364
                        Poll direction before scaling and projection on mesh: 0.137717 0.0275448 -0.38749 0.0475442 -0.641698 0.620364 0.176744
                        Poll direction before scaling and projection on mesh: -0.137717 -0.0275448 0.38749 -0.0475442 0.641698 -0.620364 -0.176744
                        Generate  first pass trial points for Ortho N+1 Neg Poll Method {
                            Scaled and mesh projected poll direction: 1 -0 0 -0 0 -0 0
                            Scaled and mesh projected poll direction: -1 0 -0 0 -0 0 -0
                            Scaled and mesh projected poll direction: -0 1 0 -0 0 -0 0
                            Scaled and mesh projected poll direction: 0 -1 -0 0 -0 0 -0
                            Scaled and mesh projected poll direction: 0 0 1 0 -0 0 -0
                            Scaled and mesh projected poll direction: -0 -0 -1 -0 0 -0 0
                            Scaled and mesh projected poll direction: -0 -0 0 1 0 -0 0
                            Scaled and mesh projected poll direction: 0 0 -0 -1 -0 0 -0
                            Scaled and mesh projected poll direction: 0 0 -0 0 1 1 -1
                            Scaled and mesh projected poll direction: -0 -0 0 -0 -1 -1 1
                            Scaled and mesh projected poll direction: -0 -0 0 -0 1 1 1
                            Scaled and mesh projected poll direction: 0 0 -0 0 -1 -1 -1
                            Scaled and mesh projected poll direction: 0 0 -1 0 -1 1 0
                            Scaled and mesh projected poll direction: -0 -0 1 -0 1 -1 -0
                            Frame center: #133 ( 7 8 3 3 4 7 2 )	Evaluation OK	 f = 2620                     	 h =   0                      (L2)
                            Point before projection: ( 8 8 3 3 4 7 2 )
                            Point after projection:  ( 8 8 3 3 4 7 2 )
                            Generated point: #159 ( 8 8 3 3 4 7 2 )
                            Point before projection: ( 6 8 3 3 4 7 2 )
                            Point after projection:  ( 6 8 3 3 4 7 2 )
                            Generated point: #160 ( 6 8 3 3 4 7 2 )
                            Point before projection: ( 7 9 3 3 4 7 2 )
                            Point after projection:  ( 7 9 3 3 4 7 2 )
                            Generated point: #161 ( 7 9 3 3 4 7 2 )
                            Point before projection: ( 7 7 3 3 4 7 2 )
                            Point after projection:  ( 7 7 3 3 4 7 2 )
                            Generated point: #162 ( 7 7 3 3 4 7 2 )
                            Point before projection: ( 7 8 4 3 4 7 2 )
                            Point after projection:  ( 7 8 4 3 4 7 2 )
                            Generated point: #163 ( 7 8 4 3 4 7 2 )
                            Point before projection: ( 7 8 2 3 4 7 2 )
                            Point after projection:  ( 7 8 2 3 4 7 2 )
                            Generated point: #164 ( 7 8 2 3 4 7 2 )
                            Point before projection: ( 7 8 3 4 4 7 2 )
                            Point after projection:  ( 7 8 3 4 4 7 2 )
                            Generated point: #165 ( 7 8 3 4 4 7 2 )
                            Point before projection: ( 7 8 3 2 4 7 2 )
                            Point after projection:  ( 7 8 3 2 4 7 2 )
                            Generated point: #166 ( 7 8 3 2 4 7 2 )
                            Point before projection: ( 7 8 3 3 5 8 1 )
                            Point after projection:  ( 7 8 3 3 5 8 1 )
                            Generated point: #167 ( 7 8 3 3 5 8 1 )
                            Point before projection: ( 7 8 3 3 3 6 3 )
                            Point after projection:  ( 7 8 3 3 3 6 2 )
                            Generated point: #168 ( 7 8 3 3 3 6 2 )
                            Point before projection: ( 7 8 3 3 5 8 3 )
                            Point after projection:  ( 7 8 3 3 5 8 2 )
                            Generated point: #169 ( 7 8 3 3 5 8 2 )
                            Point before projection: ( 7 8 3 3 3 6 1 )
                            Point after projection:  ( 7 8 3 3 3 6 1 )
                            Generated point: #170 ( 7 8 3 3 3 6 1 )
                            Point before projection: ( 7 8 2 3 3 8 2 )
                            Point after projection:  ( 7 8 2 3 3 8 2 )
                            Generated point: #171 ( 7 8 2 3 3 8 2 )
                            Point before projection: ( 7 8 4 3 5 6 2 )
                            Point after projection:  ( 7 8 4 3 5 6 2 )
                            Generated point: #172 ( 7 8 4 3 5 6 2 )
                            Generated 14 points
                        } Generate  first pass trial points for Ortho N+1 Neg Poll Method
                        Generated 14 points
                    } Generate points for Ortho N+1 Neg Poll Method
                    Number of trial points before sort and reduction to form a basis: 14
                    Sort trial points for step Ortho N+1 Neg Poll Method {
                        14 points added
                        New point added for sorting: #160 ( 6 8 3 3 4 7 2 )
                        New point added for sorting: #162 ( 7 7 3 3 4 7 2 )
                        New point added for sorting: #171 ( 7 8 2 3 3 8 2 )
                        Point already in cache (but not BB evaluated): #164 ( 7 8 2 3 4 7 2 )
                        New point added for sorting: #164 ( 7 8 2 3 4 7 2 )
                        Point already in cache (but not BB evaluated): #166 ( 7 8 3 2 4 7 2 )
                        New point added for sorting: #166 ( 7 8 3 2 4 7 2 )
                        New point added for sorting: #170 ( 7 8 3 3 3 6 1 )
                        New point added for sorting: #168 ( 7 8 3 3 3 6 2 )
                        New point added for sorting: #167 ( 7 8 3 3 5 8 1 )
                        New point added for sorting: #169 ( 7 8 3 3 5 8 2 )
                        Cache hit: #150 ( 7 8 3 4 4 7 2 )	Evaluation OK	 f = 2715                     	 h =   0                      (L2)
                        Point already evaluated, trimmed from sorted eval points: #165 ( 7 8 3 4 4 7 2 )
                        Cache hit: #148 ( 7 8 4 3 4 7 2 )	Evaluation OK	 f =   0                     	 h = inf (L2)
                        Point already evaluated, trimmed from sorted eval points: #163 ( 7 8 4 3 4 7 2 )
                        New point added for sorting: #172 ( 7 8 4 3 5 6 2 )
                        Cache hit: #75 ( 7 9 3 3 4 7 2 )	Evaluation OK	 f = 2715                     	 h =   0                      (L2)
                        Point already evaluated, trimmed from sorted eval points: #161 ( 7 9 3 3 4 7 2 )
                        New point added for sorting: #159 ( 8 8 3 3 4 7 2 )
                        Trial points sorted, before trim: 14 after trim: 11
                         Model eval missing for: #160 ( 6 8 3 3 4 7 2 )
                        Sort using OrderByDirection
                        Evaluation points before sort:
                        	#159 ( 8 8 3 3 4 7 2 )
                        	#172 ( 7 8 4 3 5 6 2 )
                        	#169 ( 7 8 3 3 5 8 2 )
                        	#167 ( 7 8 3 3 5 8 1 )
                        	#168 ( 7 8 3 3 3 6 2 )
                        	#170 ( 7 8 3 3 3 6 1 )
                        	#166 ( 7 8 3 2 4 7 2 )
                        	#164 ( 7 8 2 3 4 7 2 )
                        	#171 ( 7 8 2 3 3 8 2 )
                        	#162 ( 7 7 3 3 4 7 2 )
                        	#160 ( 6 8 3 3 4 7 2 )
                        Evaluation points after sort:
                        	#162 ( 7 7 3 3 4 7 2 )
                        	#159 ( 8 8 3 3 4 7 2 )
                        	#160 ( 6 8 3 3 4 7 2 )
                        	#164 ( 7 8 2 3 4 7 2 )
                        	#166 ( 7 8 3 2 4 7 2 )
                        	#167 ( 7 8 3 3 5 8 1 )
                        	#168 ( 7 8 3 3 3 6 2 )
                        	#169 ( 7 8 3 3 5 8 2 )
                        	#170 ( 7 8 3 3 3 6 1 )
                        	#171 ( 7 8 2 3 3 8 2 )
                        	#172 ( 7 8 4 3 5 6 2 )
                    } Sort trial points for step Ortho N+1 Neg Poll Method
                    Number of trial points after reduction to form a basis: 7
                    Point already in cache (but not BB evaluated): #162 ( 7 7 3 3 4 7 2 )
                    Point already in cache (but not BB evaluated): #171 ( 7 8 2 3 3 8 2 )
                    Point already in cache (but not BB evaluated): #164 ( 7 8 2 3 4 7 2 )
                    Point already in cache (but not BB evaluated): #166 ( 7 8 3 2 4 7 2 )
                    Point already in cache (but not BB evaluated): #168 ( 7 8 3 3 3 6 2 )
                    Point already in cache (but not BB evaluated): #167 ( 7 8 3 3 5 8 1 )
                    Point already in cache (but not BB evaluated): #159 ( 8 8 3 3 4 7 2 )
                    Number of points for step Poll of eval type BB that would need eval: 7
                    Add points (full space) to eval queue for step Poll {
                        7 points added
                        Point already in cache (but not BB evaluated): #162 ( 7 7 3 3 4 7 2 )
                        New point added to eval queue: #162 ( 7 7 3 3 4 7 2 )
                        Point already in cache (but not BB evaluated): #171 ( 7 8 2 3 3 8 2 )
                        New point added to eval queue: #171 ( 7 8 2 3 3 8 2 )
                        Point already in cache (but not BB evaluated): #164 ( 7 8 2 3 4 7 2 )
                        New point added to eval queue: #164 ( 7 8 2 3 4 7 2 )
                        Point already in cache (but not BB evaluated): #166 ( 7 8 3 2 4 7 2 )
                        New point added to eval queue: #166 ( 7 8 3 2 4 7 2 )
                        Point already in cache (but not BB evaluated): #168 ( 7 8 3 3 3 6 2 )
                        New point added to eval queue: #168 ( 7 8 3 3 3 6 2 )
                        Point already in cache (but not BB evaluated): #167 ( 7 8 3 3 5 8 1 )
                        New point added to eval queue: #167 ( 7 8 3 3 5 8 1 )
                        Point already in cache (but not BB evaluated): #159 ( 8 8 3 3 4 7 2 )
                        New point added to eval queue: #159 ( 8 8 3 3 4 7 2 )
                        Eval queue now has 7 points.
                    } Add points (full space) to eval queue for step Poll
                    Evaluate points (full space) for Poll {
                        Start evaluation. Opportunism = false, UseCache = true, Barrier
                        X_FEAS #133 ( 7 8 3 3 4 7 2 )	(BB - Evaluation OK	 f = 2620       	 h =   0        (L2))
                        X_FEAS #141 ( 7 9 3 3 4 6 2 )	(BB - Evaluation OK	 f = 2620       	 h =   0        (L2))
                        H_MAX inf
                        Ref Best Feasible:   #133 ( 7 8 3 3 4 7 2 )	(BB - Evaluation OK	 f = 2620       	 h =   0        (L2))
                        Ref Best Infeasible: NULL
                        After blocks generation: 7 blocks
                        Parallel eval thread = 0 
Algo thread = 0 

                        Start evaluation of block of 1 points.
                        BB evaluation done for #162 ( 7 7 3 3 4 7 2 )	(BB - Evaluation OK	 f = 2525       	 h =   0        (L2)). Success found: Full success (dominating)
85	(   7   7   3   3   4   7   2 )	2525   0   1   1   1   1   1   1   1   1   1   1   1   1   1   1
                        Parallel eval thread = 0 
Algo thread = 0 

                        Start evaluation of block of 1 points.
                        BB evaluation done for #171 ( 7 8 2 3 3 8 2 )	(BB - Evaluation OK	 f =   0       	 h = inf (L2)). Success found: Failure
86	(   7   8   2   3   3   8   2 )	   0 inf   1   1   1   1   1   1   1   1   1   1   1   1   1   1
                        Parallel eval thread = 0 
Algo thread = 0 

                        Start evaluation of block of 1 points.
                        BB evaluation done for #164 ( 7 8 2 3 4 7 2 )	(BB - Evaluation OK	 f = 2555       	 h =   0        (L2)). Success found: Full success (dominating)
87	(   7   8   2   3   4   7   2 )	2555   0   1   1   1   1   1   1   1   1   1   1   1   1   1   1
                        Parallel eval thread = 0 
Algo thread = 0 

                        Start evaluation of block of 1 points.
                        BB evaluation done for #166 ( 7 8 3 2 4 7 2 )	(BB - Evaluation OK	 f =   0       	 h = inf (L2)). Success found: Failure
88	(   7   8   3   2   4   7   2 )	   0 inf   1   1   1   1   1   1   1   1   1   1   1   1   1   1
                        Parallel eval thread = 0 
Algo thread = 0 

                        Start evaluation of block of 1 points.
                        BB evaluation done for #168 ( 7 8 3 3 3 6 2 )	(BB - Evaluation OK	 f = 2460       	 h =   0        (L2)). Success found: Full success (dominating)
89	(   7   8   3   3   3   6   2 )	2460   0   1   1   1   1   1   1   1   1   1   1   1   1   1   1
                        Parallel eval thread = 0 
Algo thread = 0 

                        Start evaluation of block of 1 points.
                        BB evaluation done for #167 ( 7 8 3 3 5 8 1 )	(BB - Evaluation OK	 f = 3480       	 h =   0        (L2)). Success found: Failure
90	(   7   8   3   3   5   8   1 )	3480   0   1   1   1   1   1   1   1   1   1   1   1   1   1   1
                        Parallel eval thread = 0 
Algo thread = 0 

                        Start evaluation of block of 1 points.
                        BB evaluation done for #159 ( 8 8 3 3 4 7 2 )	(BB - Evaluation OK	 f = 2685       	 h =   0        (L2)). Success found: Failure
91	(   8   8   3   3   4   7   2 )	2685   0   1   1   1   1   1   1   1   1   1   1   1   1   1   1
                        We are done with evaluations.
                        Evaluation is done. Cleared queue of 0 points.
                        EvaluatorControl stop reason (main thread): No more points to evaluate (global): Started (Eval Global)
                        Poll: Full success (dominating). Stop reasons: No termination (all).  No more points to evaluate
                    } Evaluate points (full space) for Poll
                    Number of trial points: 7
                    Number of trial points that needed eval: 7
                    Number of evaluated points: 7
                    Poll is successful. Stop reason: No termination (all).  No more points to evaluate
                } End step Poll
                Updating barrier with 7 suggested points
                Current barrier: 
                X_FEAS #133 ( 7 8 3 3 4 7 2 )	(BB - Evaluation OK	 f = 2620       	 h =   0        (L2))
                X_FEAS #141 ( 7 9 3 3 4 6 2 )	(BB - Evaluation OK	 f = 2620       	 h =   0        (L2))
                H_MAX inf
                Ref Best Feasible:   #133 ( 7 8 3 3 4 7 2 )	(BB - Evaluation OK	 f = 2620       	 h =   0        (L2))
                Ref Best Infeasible: NULL
                Point suggested to update barrier (feasible): #162 ( 7 7 3 3 4 7 2 )	Evaluation OK	 f = 2525                     	 h =   0                      (L2)
                Point inserted in feasible barrier: #162 ( 7 7 3 3 4 7 2 )	Evaluation OK	 f = 2525                     	 h =   0                      (L2)
                Point suggested to update barrier (feasible): #164 ( 7 8 2 3 4 7 2 )	Evaluation OK	 f = 2555                     	 h =   0                      (L2)
                Point inserted in feasible barrier: #164 ( 7 8 2 3 4 7 2 )	Evaluation OK	 f = 2555                     	 h =   0                      (L2)
                Point suggested to update barrier (feasible): #168 ( 7 8 3 3 3 6 2 )	Evaluation OK	 f = 2460                     	 h =   0                      (L2)
                Point inserted in feasible barrier: #168 ( 7 8 3 3 3 6 2 )	Evaluation OK	 f = 2460                     	 h =   0                      (L2)
                Point suggested to update barrier (feasible): #167 ( 7 8 3 3 5 8 1 )	Evaluation OK	 f = 3480                     	 h =   0                      (L2)
                Point inserted in feasible barrier: #167 ( 7 8 3 3 5 8 1 )	Evaluation OK	 f = 3480                     	 h =   0                      (L2)
                Point suggested to update barrier (feasible): #159 ( 8 8 3 3 4 7 2 )	Evaluation OK	 f = 2685                     	 h =   0                      (L2)
                Point inserted in feasible barrier: #159 ( 8 8 3 3 4 7 2 )	Evaluation OK	 f = 2685                     	 h =   0                      (L2)
                New dominating xFeas: #168 ( 7 8 3 3 3 6 2 )	Evaluation OK	 f = 2460                     	 h =   0                      (L2)
                Update incumbent(s) in barrier. New feasible incumbent: #168 ( 7 8 3 3 3 6 2 )	Evaluation OK	 f = 2460                     	 h =   0                      (L2)
            } End step MADS Iteration 12
            Stop reason: No termination (all).  No more points to evaluate
            MADS MegaIteration 12: new success Full success (dominating)
        } End step MADS MegaIteration 12
        Start step MADS MegaIteration 13 {
            Start step MADS Update {
                Running MADS Update. Barrier: 
                X_FEAS #168 ( 7 8 3 3 3 6 2 )	(BB - Evaluation OK	 f = 2460       	 h =   0        (L2))
                H_MAX inf
                Ref Best Feasible:   #133 ( 7 8 3 3 4 7 2 )	(BB - Evaluation OK	 f = 2620       	 h =   0        (L2))
                Ref Best Infeasible: NULL
                Update: improving feasible point
                 from #133 ( 7 8 3 3 4 7 2 )	Evaluation OK	 f = 2620                     	 h =   0                      (L2)
                 to #168 ( 7 8 3 3 3 6 2 )	Evaluation OK	 f = 2460                     	 h =   0                      (L2)
                New direction (feasible) 0 0 0 0 -1 -1 0
                Last Iteration Successful. Delta is enlarged.
                delta mesh  size = 1 1 1 1 1 1 1
                Delta frame size = 1 1 1 1 2 2 1
            } End step MADS Update
            Mesh Stop Reason: No termination (all). 
        } End step MADS MegaIteration 13
        Updating barrier with 0 suggested points
        Current barrier: 
        X_FEAS #168 ( 7 8 3 3 3 6 2 )	(BB - Evaluation OK	 f = 2460       	 h =   0        (L2))
        H_MAX inf
        Ref Best Feasible:   #168 ( 7 8 3 3 3 6 2 )	(BB - Evaluation OK	 f = 2460       	 h =   0        (L2))
        Ref Best Infeasible: NULL
        No points added to the barrier
        Start step Termination {
        } End step Termination
        A termination criterion is reached: Maximum number of iterations reached (IterStopType)
    } End step MADS
    
    Best feasible solution:     #168 ( 7 8 3 3 3 6 2 )	Evaluation OK	 f = 2460                     	 h =   0                      (L2)
    
    Best infeasible solution:   Undefined.
    
    Blackbox evaluations:         91
    Cache hits:                   7
    Total number of evaluations:  98
} End step Main
