All variables are granular. MAX_EVAL is set to 218700 to prevent algorithm from circling around best solution indefinitely
BBE ( SOL ) OBJ CONS_H FRAME_SIZE MESH_SIZE
1	(   4   8   4   8   4   8   0 )	14150   0  
2	(   0  10   6   8   2  10   2 )	    0 inf   5   5   5   5   5   5   5   1   1   1   1   1   1   1
3	(   2   7   9   8   5   7   0 )	    0 inf   5   5   5   5   5   5   5   1   1   1   1   1   1   1
4	(   3  10   3   8   5   7   0 )	    0 inf   5   5   5   5   5   5   5   1   1   1   1   1   1   1
5	(   4   8   4  10   4   8   0 )	    0 inf   5   5   5   5   5   5   5   1   1   1   1   1   1   1
6	(   5   3   5   8   3   9   1 )	    0 inf   5   5   5   5   5   5   5   1   1   1   1   1   1   1
7	(   6   9   0   8   3   9   2 )	    0 inf   5   5   5   5   5   5   5   1   1   1   1   1   1   1
8	(   8   6   2   8   6   4   0 )	    0 inf   5   5   5   5   5   5   5   1   1   1   1   1   1   1
9	(   4  10   3   6   4  10   0 )	    0 inf   5   5   5   5   5   5   5   1   1   1   1   1   1   1
10	(   4   8   2   8   3   7   0 )	    0 inf   2   2   2   2   2   2   2   1   1   1   1   1   1   1
11	(   4   8   4   6   4   8   0 )	14650   0   2   2   2   2   2   2   2   1   1   1   1   1   1   1
12	(   4   8   5   8   6   7   0 )	14500   0   2   2   2   2   2   2   2   1   1   1   1   1   1   1
13	(   4   8   6   8   5   9   2 )	14900   0   2   2   2   2   2   2   2   1   1   1   1   1   1   1
14	(   4   9   6   8   2   7   0 )	    0 inf   2   2   2   2   2   2   2   1   1   1   1   1   1   1
15	(   4  10   4   8   4   8   0 )	    0 inf   2   2   2   2   2   2   2   1   1   1   1   1   1   1
16	(   6   8   4   8   4   8   0 )	15550   0   2   2   2   2   2   2   2   1   1   1   1   1   1   1
17	(   2   5   1  10   4  10   0 )	    0 inf   2   2   2   2   2   2   2   1   1   1   1   1   1   1
18	(   3   7   5   8   5   7   1 )	    0 inf   1   1   1   1   1   1   1   1   1   1   1   1   1   1
19	(   3   8   4   8   5   8   0 )	    0 inf   1   1   1   1   1   1   1   1   1   1   1   1   1   1
20	(   3   8   5   8   4   9   0 )	    0 inf   1   1   1   1   1   1   1   1   1   1   1   1   1   1
21	(   4   8   4   9   4   8   0 )	    0 inf   1   1   1   1   1   1   1   1   1   1   1   1   1   1
22	(   4   9   4   8   4   8   0 )	    0 inf   1   1   1   1   1   1   1   1   1   1   1   1   1   1
23	(   5   8   5   8   5   9   1 )	16300   0   1   1   1   1   1   1   1   1   1   1   1   1   1   1
24	(   5   9   3   8   3   9   0 )	    0 inf   1   1   1   1   1   1   1   1   1   1   1   1   1   1
25	(   5   7   2   7   2   6   0 )	    0 inf   1   1   1   1   1   1   1   1   1   1   1   1   1   1
26	(   4   8   4   8   4   8   1 )	13140   0   1   1   1   1   1   1   1   1   1   1   1   1   1   1
27	(   4   8   4   9   5   9   0 )	    0 inf   1   1   1   1   1   1   1   1   1   1   1   1   1   1
28	(   4   8   5   8   4   8   0 )	13950   0   1   1   1   1   1   1   1   1   1   1   1   1   1   1
29	(   4   9   4   7   3   9   0 )	    0 inf   1   1   1   1   1   1   1   1   1   1   1   1   1   1
30	(   4   9   4   8   5   8   0 )	    0 inf   1   1   1   1   1   1   1   1   1   1   1   1   1   1
31	(   4   9   4   9   4   7   0 )	    0 inf   1   1   1   1   1   1   1   1   1   1   1   1   1   1
32	(   5   8   4   8   4   8   0 )	14750   0   1   1   1   1   1   1   1   1   1   1   1   1   1   1
33	(   3   7   3   8   5   6   1 )	    0 inf   2   2   2   2   2   2   2   1   1   1   1   1   1   1
34	(   4   6   4   8   4  10   1 )	    0 inf   2   2   2   2   2   2   2   1   1   1   1   1   1   1
35	(   4   8   4   8   4   8   2 )	12410   0   2   2   2   2   2   2   2   1   1   1   1   1   1   1
36	(   4   8   4  10   4   8   1 )	    0 inf   2   2   2   2   2   2   2   1   1   1   1   1   1   1
37	(   4   8   6   8   4   8   1 )	12900   0   2   2   2   2   2   2   2   1   1   1   1   1   1   1
38	(   4   9   4   8   6   8   1 )	    0 inf   2   2   2   2   2   2   2   1   1   1   1   1   1   1
39	(   6   7   4   8   4   8   1 )	14080   0   2   2   2   2   2   2   2   1   1   1   1   1   1   1
40	(   0   5   4  10   0   7   2 )	    0 inf   5   5   5   5   5   5   5   1   1   1   1   1   1   1

BBE ( SOL ) OBJ CONS_H FRAME_SIZE MESH_SIZE
41	(   1   3   4   4   9  10   2 )	    0 inf   5   5   5   5   5   5   5   1   1   1   1   1   1   1
42	(   1  10   4  10   9  10   2 )	    0 inf   5   5   5   5   5   5   5   1   1   1   1   1   1   1
43	(   4   8   9   8   4   8   2 )	    0 inf   5   5   5   5   5   5   5   1   1   1   1   1   1   1
44	(   7  10   4  10   0   6   2 )	    0 inf   5   5   5   5   5   5   5   1   1   1   1   1   1   1
45	(   9  10   4   5   8   9   2 )	26695   0   5   5   5   5   5   5   5   1   1   1   1   1   1   1
46	(   4   6   4   8   4   8   2 )	11820   0   2   2   2   2   2   2   2   1   1   1   1   1   1   1
47	(   4   8   4   8   4  10   2 )	    0 inf   2   2   2   2   2   2   2   1   1   1   1   1   1   1
48	(   4   8   4   8   6   8   2 )	14540   0   2   2   2   2   2   2   2   1   1   1   1   1   1   1
49	(   4   8   4  10   4   8   2 )	    0 inf   2   2   2   2   2   2   2   1   1   1   1   1   1   1
50	(   4   8   6   8   4   8   2 )	12140   0   2   2   2   2   2   2   2   1   1   1   1   1   1   1
51	(   5   6   4   7   5   8   1 )	14240   0   2   2   2   2   2   2   2   1   1   1   1   1   1   1
52	(   6   8   4   8   4   8   2 )	13740   0   2   2   2   2   2   2   2   1   1   1   1   1   1   1
53	(   0   5   0   8   6   3   2 )	    0 inf   5   5   5   5   5   5   5   1   1   1   1   1   1   1
54	(   3   1   5   8   4   9   1 )	    0 inf   5   5   5   5   5   5   5   1   1   1   1   1   1   1
55	(   4   6   4  10   4   8   2 )	    0 inf   5   5   5   5   5   5   5   1   1   1   1   1   1   1
56	(   6   5   2   8   5   5   0 )	    0 inf   5   5   5   5   5   5   5   1   1   1   1   1   1   1
57	(   6   5   3   8   0   6   2 )	    0 inf   5   5   5   5   5   5   5   1   1   1   1   1   1   1
58	(   7   5   9   8   6   4   2 )	    0 inf   5   5   5   5   5   5   5   1   1   1   1   1   1   1
59	(   9   4   0   8   7  10   2 )	    0 inf   5   5   5   5   5   5   5   1   1   1   1   1   1   1
60	(   0  10   9   6   0  10   2 )	    0 inf   5   5   5   5   5   5   5   1   1   1   1   1   1   1
61	(   4   4   3   8   6   8   2 )	    0 inf   2   2   2   2   2   2   2   1   1   1   1   1   1   1
62	(   4   4   5   8   2   8   2 )	    0 inf   2   2   2   2   2   2   2   1   1   1   1   1   1   1
63	(   4   6   4   6   4   8   2 )	12430   0   2   2   2   2   2   2   2   1   1   1   1   1   1   1
64	(   4   6   4   8   3   8   0 )	    0 inf   2   2   2   2   2   2   2   1   1   1   1   1   1   1
65	(   4   6   4   8   4  10   2 )	    0 inf   2   2   2   2   2   2   2   1   1   1   1   1   1   1
66	(   4   6   6   8   5   8   2 )	12515   0   2   2   2   2   2   2   2   1   1   1   1   1   1   1
67	(   6   6   4   8   4   8   2 )	13150   0   2   2   2   2   2   2   2   1   1   1   1   1   1   1
68	(   2  10   2  10   4   6   2 )	    0 inf   2   2   2   2   2   2   2   1   1   1   1   1   1   1
69	(   4   5   4   7   3   8   2 )	    0 inf   1   1   1   1   1   1   1   1   1   1   1   1   1   1
70	(   4   5   4   7   5   8   2 )	12995   0   1   1   1   1   1   1   1   1   1   1   1   1   1   1
71	(   4   5   4   9   4   8   2 )	    0 inf   1   1   1   1   1   1   1   1   1   1   1   1   1   1
72	(   4   6   4   8   4   8   1 )	12500   0   1   1   1   1   1   1   1   1   1   1   1   1   1   1
73	(   4   6   4   8   4   9   2 )	    0 inf   1   1   1   1   1   1   1   1   1   1   1   1   1   1
74	(   4   6   5   8   4   8   2 )	11585   0   1   1   1   1   1   1   1   1   1   1   1   1   1   1
75	(   5   6   4   8   4   8   2 )	12385   0   1   1   1   1   1   1   1   1   1   1   1   1   1   1
76	(   2   5   6   8   5   7   1 )	    0 inf   2   2   2   2   2   2   2   1   1   1   1   1   1   1
77	(   3   7   7   8   3   8   2 )	    0 inf   2   2   2   2   2   2   2   1   1   1   1   1   1   1
78	(   4   5   5   8   4  10   1 )	    0 inf   2   2   2   2   2   2   2   1   1   1   1   1   1   1
79	(   4   6   5  10   4   8   2 )	11775   0   2   2   2   2   2   2   2   1   1   1   1   1   1   1
80	(   5   4   6   8   5   7   2 )	    0 inf   2   2   2   2   2   2   2   1   1   1   1   1   1   1

BBE ( SOL ) OBJ CONS_H FRAME_SIZE MESH_SIZE
81	(   5   5   6   8   2   8   1 )	    0 inf   2   2   2   2   2   2   2   1   1   1   1   1   1   1
82	(   6   7   7   8   5   7   0 )	14450   0   2   2   2   2   2   2   2   1   1   1   1   1   1   1
83	(   3   9   0   6   4   9   2 )	    0 inf   2   2   2   2   2   2   2   1   1   1   1   1   1   1
84	(   4   5   6   9   5   8   2 )	12515   0   1   1   1   1   1   1   1   1   1   1   1   1   1   1
85	(   4   6   5   7   5   8   2 )	12755   0   1   1   1   1   1   1   1   1   1   1   1   1   1   1
86	(   4   6   5   8   4   9   2 )	    0 inf   1   1   1   1   1   1   1   1   1   1   1   1   1   1
87	(   4   6   5   9   5   8   1 )	13280   0   1   1   1   1   1   1   1   1   1   1   1   1   1   1
88	(   4   6   6   8   4   8   2 )	11550   0   1   1   1   1   1   1   1   1   1   1   1   1   1   1
89	(   4   7   5   8   4   8   2 )	11780   0   1   1   1   1   1   1   1   1   1   1   1   1   1   1
90	(   5   6   5   8   4   8   2 )	12150   0   1   1   1   1   1   1   1   1   1   1   1   1   1   1
91	(   2   7   8   6   2   8   2 )	    0 inf   2   2   2   2   2   2   2   1   1   1   1   1   1   1
92	(   3   7   8   9   6   8   2 )	    0 inf   2   2   2   2   2   2   2   1   1   1   1   1   1   1
93	(   4   4   6   8   4   8   2 )	11760   0   2   2   2   2   2   2   2   1   1   1   1   1   1   1
94	(   4   6   6   8   4   8   0 )	13250   0   2   2   2   2   2   2   2   1   1   1   1   1   1   1
95	(   4   6   6   8   4  10   2 )	    0 inf   2   2   2   2   2   2   2   1   1   1   1   1   1   1
96	(   6   5   8   6   6   8   2 )	    0 inf   2   2   2   2   2   2   2   1   1   1   1   1   1   1
97	(   6   7   8  10   3   8   2 )	    0 inf   2   2   2   2   2   2   2   1   1   1   1   1   1   1
98	(   3   6   0   9   3   6   2 )	    0 inf   2   2   2   2   2   2   2   1   1   1   1   1   1   1
99	(   3   5   6   7   4   8   1 )	12040   0   1   1   1   1   1   1   1   1   1   1   1   1   1   1
100	(   3   6   7   8   4   8   2 )	11350   0   1   1   1   1   1   1   1   1   1   1   1   1   1   1
101	(   4   6   6   8   3   8   2 )	    0 inf   1   1   1   1   1   1   1   1   1   1   1   1   1   1
102	(   4   6   6   8   4   9   2 )	    0 inf   1   1   1   1   1   1   1   1   1   1   1   1   1   1
103	(   4   7   7   8   4   8   2 )	11910   0   1   1   1   1   1   1   1   1   1   1   1   1   1   1
104	(   5   6   7   8   4   8   1 )	13020   0   1   1   1   1   1   1   1   1   1   1   1   1   1   1
105	(   5   7   6   9   4   8   2 )	12305   0   1   1   1   1   1   1   1   1   1   1   1   1   1   1
106	(   1   6   7   8   4   8   2 )	    0 inf   2   2   2   2   2   2   2   1   1   1   1   1   1   1
107	(   3   5   8   7   2   7   2 )	    0 inf   2   2   2   2   2   2   2   1   1   1   1   1   1   1
108	(   3   6   7   8   4   8   0 )	13050   0   2   2   2   2   2   2   2   1   1   1   1   1   1   1
109	(   3   7   9   9   3  10   2 )	    0 inf   2   2   2   2   2   2   2   1   1   1   1   1   1   1
110	(   3   8   8   7   5   7   2 )	    0 inf   2   2   2   2   2   2   2   1   1   1   1   1   1   1
111	(   4   5   9   6   5   9   2 )	    0 inf   2   2   2   2   2   2   2   1   1   1   1   1   1   1
112	(   4   5   9  10   5   6   2 )	10815   0   2   2   2   2   2   2   2   1   1   1   1   1   1   1
113	(   3   5   6  10  10   1   0 )	    0 inf   5   5   5   5   5   5   5   1   1   1   1   1   1   1
114	(   4   0   9  10   5   6   2 )	    0 inf   5   5   5   5   5   5   5   1   1   1   1   1   1   1
115	(   4   5   8   7   7   4   2 )	    0 inf   5   5   5   5   5   5   5   1   1   1   1   1   1   1
116	(   4   5  10   8   6   5   1 )	    0 inf   5   5   5   5   5   5   5   1   1   1   1   1   1   1
117	(   5   5  10  10   2   1   2 )	    0 inf   5   5   5   5   5   5   5   1   1   1   1   1   1   1
118	(   5   5  10  10  10   9   2 )	    0 inf   5   5   5   5   5   5   5   1   1   1   1   1   1   1
119	(   9   5   9   9   5   6   2 )	    0 inf   5   5   5   5   5   5   5   1   1   1   1   1   1   1
120	(   0  10  10  10   0  10   2 )	    0 inf   5   5   5   5   5   5   5   1   1   1   1   1   1   1

BBE ( SOL ) OBJ CONS_H FRAME_SIZE MESH_SIZE
121	(   2   4  10   8   5   6   2 )	    0 inf   2   2   2   2   2   2   2   1   1   1   1   1   1   1
122	(   4   3   9  10   5   6   2 )	    0 inf   2   2   2   2   2   2   2   1   1   1   1   1   1   1
123	(   4   5   9  10   5   4   2 )	    0 inf   2   2   2   2   2   2   2   1   1   1   1   1   1   1
124	(   4   5   9  10   5   6   0 )	12600   0   2   2   2   2   2   2   2   1   1   1   1   1   1   1
125	(   4   5   9  10   7   6   2 )	    0 inf   2   2   2   2   2   2   2   1   1   1   1   1   1   1
126	(   4   5  10  10   5   6   2 )	11580   0   2   2   2   2   2   2   2   1   1   1   1   1   1   1
127	(   6   5   9   9   5   6   2 )	    0 inf   2   2   2   2   2   2   2   1   1   1   1   1   1   1
128	(   4   8   7  10   3   8   2 )	    0 inf   2   2   2   2   2   2   2   1   1   1   1   1   1   1
129	(   4   4  10   9   5   6   2 )	    0 inf   1   1   1   1   1   1   1   1   1   1   1   1   1   1
130	(   4   5   9  10   5   5   2 )	 9620   0   1   1   1   1   1   1   1   1   1   1   1   1   1   1
131	(   4   5   9  10   5   6   1 )	11560   0   1   1   1   1   1   1   1   1   1   1   1   1   1   1
132	(   4   5   9  10   6   6   2 )	11980   0   1   1   1   1   1   1   1   1   1   1   1   1   1   1
133	(   4   6   8  10   5   6   2 )	10245   0   1   1   1   1   1   1   1   1   1   1   1   1   1   1
134	(   4   6  10  10   5   5   2 )	10380   0   1   1   1   1   1   1   1   1   1   1   1   1   1   1
135	(   5   5   9  10   5   6   2 )	11380   0   1   1   1   1   1   1   1   1   1   1   1   1   1   1
136	(   4   3   7  10   5   4   2 )	    0 inf   2   2   2   2   2   2   2   1   1   1   1   1   1   1
137	(   4   4  10  10   5   3   2 )	    0 inf   2   2   2   2   2   2   2   1   1   1   1   1   1   1
138	(   4   5   9   8   5   5   2 )	    0 inf   2   2   2   2   2   2   2   1   1   1   1   1   1   1
139	(   4   5   9  10   5   5   0 )	11350   0   2   2   2   2   2   2   2   1   1   1   1   1   1   1
140	(   4   5   9  10   7   5   2 )	    0 inf   2   2   2   2   2   2   2   1   1   1   1   1   1   1
141	(   4   7   8   9   5   3   2 )	    0 inf   2   2   2   2   2   2   2   1   1   1   1   1   1   1
142	(   6   5   9  10   5   5   2 )	    0 inf   2   2   2   2   2   2   2   1   1   1   1   1   1   1
143	(   2   6  10  10   3  10   2 )	    0 inf   2   2   2   2   2   2   2   1   1   1   1   1   1   1
144	(   4   4   8  10   4   5   2 )	 8295   0   1   1   1   1   1   1   1   1   1   1   1   1   1   1
145	(   4   5   9   9   5   5   2 )	 9425   0   1   1   1   1   1   1   1   1   1   1   1   1   1   1
146	(   4   5   9  10   5   5   1 )	10340   0   1   1   1   1   1   1   1   1   1   1   1   1   1   1
147	(   4   5   9  10   6   5   2 )	    0 inf   1   1   1   1   1   1   1   1   1   1   1   1   1   1
148	(   4   5  10  10   5   4   2 )	    0 inf   1   1   1   1   1   1   1   1   1   1   1   1   1   1
149	(   4   6   9  10   5   4   2 )	    0 inf   1   1   1   1   1   1   1   1   1   1   1   1   1   1
150	(   5   5   9  10   5   5   2 )	10185   0   1   1   1   1   1   1   1   1   1   1   1   1   1   1
151	(   3   4   6  10   4   5   2 )	 7400   0   2   2   2   2   2   2   2   1   1   1   1   1   1   1
152	(   3   4   7  10   3   5   0 )	 8300   0   2   2   2   2   2   2   2   1   1   1   1   1   1   1
153	(   3   4  10  10   2   5   2 )	    0 inf   2   2   2   2   2   2   2   1   1   1   1   1   1   1
154	(   4   2   8  10   4   5   2 )	    0 inf   2   2   2   2   2   2   2   1   1   1   1   1   1   1
155	(   4   4   7   8   3   5   2 )	 6975   0   2   2   2   2   2   2   2   1   1   1   1   1   1   1
156	(   4   4   8  10   4   7   2 )	10885   0   2   2   2   2   2   2   2   1   1   1   1   1   1   1
157	(   6   4   7  10   3   5   2 )	    0 inf   2   2   2   2   2   2   2   1   1   1   1   1   1   1
158	(   0   6   5   3   5   4   2 )	    0 inf   5   5   5   5   5   5   5   1   1   1   1   1   1   1
159	(   1   5   5  10   0   4   2 )	    0 inf   5   5   5   5   5   5   5   1   1   1   1   1   1   1
160	(   4   1  10   3   0   7   2 )	    0 inf   5   5   5   5   5   5   5   1   1   1   1   1   1   1

BBE ( SOL ) OBJ CONS_H FRAME_SIZE MESH_SIZE
161	(   4   4   7   8   3   5   0 )	 8400   0   5   5   5   5   5   5   5   1   1   1   1   1   1   1
162	(   5   4   7   7   3   0   2 )	    0 inf   5   5   5   5   5   5   5   1   1   1   1   1   1   1
163	(   6   9   8   7   2   5   2 )	    0 inf   5   5   5   5   5   5   5   1   1   1   1   1   1   1
164	(   7   3   2   6   1   6   2 )	    0 inf   5   5   5   5   5   5   5   1   1   1   1   1   1   1
165	(   5   0  10  10  10   9   2 )	    0 inf   5   5   5   5   5   5   5   1   1   1   1   1   1   1
166	(   3   3   7   8   1   5   2 )	    0 inf   2   2   2   2   2   2   2   1   1   1   1   1   1   1
167	(   4   2   6   8   4   4   1 )	    0 inf   2   2   2   2   2   2   2   1   1   1   1   1   1   1
168	(   4   4   5   8   3   5   2 )	 6845   0   2   2   2   2   2   2   2   1   1   1   1   1   1   1
169	(   4   4   7   6   3   5   2 )	    0 inf   2   2   2   2   2   2   2   1   1   1   1   1   1   1
170	(   4   4   7   8   3   7   2 )	    0 inf   2   2   2   2   2   2   2   1   1   1   1   1   1   1
171	(   4   6   8   8   2   6   2 )	    0 inf   2   2   2   2   2   2   2   1   1   1   1   1   1   1
172	(   6   3   7   8   2   5   2 )	    0 inf   2   2   2   2   2   2   2   1   1   1   1   1   1   1
173	(   0   0   3  10   4   8   2 )	    0 inf   5   5   5   5   5   5   5   1   1   1   1   1   1   1
174	(   1   9   4   4   4   7   2 )	    0 inf   5   5   5   5   5   5   5   1   1   1   1   1   1   1
175	(   2   2   4   6   3   6   0 )	10450   0   5   5   5   5   5   5   5   1   1   1   1   1   1   1
176	(   2   3   4   6   3   0   2 )	    0 inf   5   5   5   5   5   5   5   1   1   1   1   1   1   1
177	(   5   5   0   9   3   4   1 )	    0 inf   5   5   5   5   5   5   5   1   1   1   1   1   1   1
178	(   5   5   5   9   8   5   2 )	    0 inf   5   5   5   5   5   5   5   1   1   1   1   1   1   1
179	(   8   1   3   3   4   7   2 )	    0 inf   5   5   5   5   5   5   5   1   1   1   1   1   1   1
180	(   9   7  10  10   0   3   2 )	    0 inf   5   5   5   5   5   5   5   1   1   1   1   1   1   1
181	(   3   2   4   7   3   6   1 )	    0 inf   2   2   2   2   2   2   2   1   1   1   1   1   1   1
182	(   3   5   4   7   3   3   1 )	 5400   0   2   2   2   2   2   2   2   1   1   1   1   1   1   1
183	(   3   5   4   7   3   6   2 )	 7910   0   2   2   2   2   2   2   2   1   1   1   1   1   1   1
184	(   3   5   4  10   3   6   1 )	    0 inf   2   2   2   2   2   2   2   1   1   1   1   1   1   1
185	(   4   4   5   8   5   5   2 )	 8575   0   2   2   2   2   2   2   2   1   1   1   1   1   1   1
186	(   5   3   3   9   3   4   2 )	    0 inf   2   2   2   2   2   2   2   1   1   1   1   1   1   1
187	(   6   6   3   6   3   6   0 )	11850   0   2   2   2   2   2   2   2   1   1   1   1   1   1   1
188	(   0   5   4   7   3   3   1 )	    0 inf   5   5   5   5   5   5   5   1   1   1   1   1   1   1
189	(   3   5   0   9   2   4   0 )	    0 inf   5   5   5   5   5   5   5   1   1   1   1   1   1   1
190	(   3   6   3   7   3   0   1 )	    0 inf   5   5   5   5   5   5   5   1   1   1   1   1   1   1
191	(   3   6   3   7   3   3   2 )	    0 inf   5   5   5   5   5   5   5   1   1   1   1   1   1   1
192	(   3   6   3   7   8   3   1 )	    0 inf   5   5   5   5   5   5   5   1   1   1   1   1   1   1
193	(   3   7   2   2   3   3   1 )	    0 inf   5   5   5   5   5   5   5   1   1   1   1   1   1   1
194	(   3  10   5   9   2   4   0 )	    0 inf   5   5   5   5   5   5   5   1   1   1   1   1   1   1
195	(   6   0  10   8   0   4   2 )	    0 inf   5   5   5   5   5   5   5   1   1   1   1   1   1   1
196	(   1   5   4   7   3   3   1 )	    0 inf   2   2   2   2   2   2   2   1   1   1   1   1   1   1
197	(   3   4   3   7   3   2   0 )	    0 inf   2   2   2   2   2   2   2   1   1   1   1   1   1   1
198	(   3   4   5   7   3   1   2 )	    0 inf   2   2   2   2   2   2   2   1   1   1   1   1   1   1
199	(   3   5   4   5   3   3   1 )	 6360   0   2   2   2   2   2   2   2   1   1   1   1   1   1   1
200	(   3   5   4   7   5   3   1 )	    0 inf   2   2   2   2   2   2   2   1   1   1   1   1   1   1

BBE ( SOL ) OBJ CONS_H FRAME_SIZE MESH_SIZE
201	(   3   6   6   7   3   2   0 )	    0 inf   2   2   2   2   2   2   2   1   1   1   1   1   1   1
202	(   3   7   3   7   3   2   1 )	    0 inf   2   2   2   2   2   2   2   1   1   1   1   1   1   1
203	(   5   4   3   9   1   8   2 )	    0 inf   2   2   2   2   2   2   2   1   1   1   1   1   1   1
204	(   2   4   4   6   4   2   1 )	    0 inf   1   1   1   1   1   1   1   1   1   1   1   1   1   1
205	(   2   6   4   6   4   4   1 )	    0 inf   1   1   1   1   1   1   1   1   1   1   1   1   1   1
206	(   2   6   4   8   3   2   1 )	    0 inf   1   1   1   1   1   1   1   1   1   1   1   1   1   1
207	(   3   5   3   7   3   3   1 )	    0 inf   1   1   1   1   1   1   1   1   1   1   1   1   1   1
208	(   3   5   4   7   3   3   0 )	 6100   0   1   1   1   1   1   1   1   1   1   1   1   1   1   1
209	(   3   5   4   7   4   3   1 )	    0 inf   1   1   1   1   1   1   1   1   1   1   1   1   1   1
210	(   3   6   4   6   3   3   1 )	 5800   0   1   1   1   1   1   1   1   1   1   1   1   1   1   1
211	(   6   3   5   9   0   4   2 )	    0 inf   1   1   1   1   1   1   1   1   1   1   1   1   1   1
212	(   2   5   4   7   3   3   1 )	    0 inf   1   1   1   1   1   1   1   1   1   1   1   1   1   1
213	(   2   6   5   7   2   3   0 )	    0 inf   1   1   1   1   1   1   1   1   1   1   1   1   1   1
214	(   3   5   3   6   3   3   1 )	 6200   0   1   1   1   1   1   1   1   1   1   1   1   1   1   1
215	(   3   5   4   6   3   3   2 )	 5330   0   1   1   1   1   1   1   1   1   1   1   1   1   1   1
216	(   3   5   4   7   2   3   1 )	 4820   0   1   1   1   1   1   1   1   1   1   1   1   1   1   1
217	(   3   5   4   7   3   2   1 )	    0 inf   1   1   1   1   1   1   1   1   1   1   1   1   1   1
218	(   3   6   4   8   3   3   1 )	 5240   0   1   1   1   1   1   1   1   1   1   1   1   1   1   1
219	(   3   3   4   7   1   3   0 )	    0 inf   2   2   2   2   2   2   2   1   1   1   1   1   1   1
220	(   3   4   4   7   1   3   2 )	    0 inf   2   2   2   2   2   2   2   1   1   1   1   1   1   1
221	(   3   5   4   7   2   5   1 )	    0 inf   2   2   2   2   2   2   2   1   1   1   1   1   1   1
222	(   3   5   4   9   2   3   1 )	    0 inf   2   2   2   2   2   2   2   1   1   1   1   1   1   1
223	(   3   5   6   7   2   3   1 )	 4580   0   2   2   2   2   2   2   2   1   1   1   1   1   1   1
224	(   3   6   4   7   0   3   1 )	    0 inf   2   2   2   2   2   2   2   1   1   1   1   1   1   1
225	(   5   5   4   7   2   3   1 )	 5780   0   2   2   2   2   2   2   2   1   1   1   1   1   1   1
226	(   1   8  10   6   3   7   0 )	    0 inf   5   5   5   5   5   5   5   1   1   1   1   1   1   1
227	(   2   8   7   7   2   0   0 )	    0 inf   5   5   5   5   5   5   5   1   1   1   1   1   1   1
228	(   3   4   6   2   2   3   1 )	    0 inf   5   5   5   5   5   5   5   1   1   1   1   1   1   1
229	(   3   6   6  10   2   3   1 )	 4660   0   5   5   5   5   5   5   5   1   1   1   1   1   1   1
230	(   3   6   7   7   2   3   2 )	 4250   0   5   5   5   5   5   5   5   1   1   1   1   1   1   1
231	(   4   0  10   8   1   1   2 )	    0 inf   5   5   5   5   5   5   5   1   1   1   1   1   1   1
232	(   8   7   7   7   2   4   1 )	    0 inf   5   5   5   5   5   5   5   1   1   1   1   1   1   1
233	(   0   4   9  10   0   6   2 )	    0 inf  10  10  10  10  10  10  10   1   1   1   1   1   1   1
234	(   0  10   3   0   7  10   0 )	    0 inf  10  10  10  10  10  10  10   1   1   1   1   1   1   1
235	(   1   8   5   3   5   0   2 )	    0 inf  10  10  10  10  10  10  10   1   1   1   1   1   1   1
236	(   1   8  10   3   4   0   0 )	    0 inf  10  10  10  10  10  10  10   1   1   1   1   1   1   1
237	(   5  10   9  10   0   6   2 )	    0 inf  10  10  10  10  10  10  10   1   1   1   1   1   1   1
238	(   6   3  10  10  10   7   2 )	    0 inf  10  10  10  10  10  10  10   1   1   1   1   1   1   1
239	(   7   2  10  10   0   0   2 )	    0 inf  10  10  10  10  10  10  10   1   1   1   1   1   1   1
240	(   4   3   0  10   0   0   2 )	    0 inf  10  10  10  10  10  10  10   1   1   1   1   1   1   1

BBE ( SOL ) OBJ CONS_H FRAME_SIZE MESH_SIZE
241	(   0   5   8   6   1   2   2 )	    0 inf   5   5   5   5   5   5   5   1   1   1   1   1   1   1
242	(   1   9   4   5   7   6   2 )	    0 inf   5   5   5   5   5   5   5   1   1   1   1   1   1   1
243	(   2   7   6   9   4   0   2 )	    0 inf   5   5   5   5   5   5   5   1   1   1   1   1   1   1
244	(   2   7  10   9   4   4   2 )	    0 inf   5   5   5   5   5   5   5   1   1   1   1   1   1   1
245	(   2   9   5  10   0   5   2 )	    0 inf   5   5   5   5   5   5   5   1   1   1   1   1   1   1
246	(   4  10   8   4   0   2   1 )	    0 inf   5   5   5   5   5   5   5   1   1   1   1   1   1   1
247	(   8   7   6   8   3   4   2 )	    0 inf   5   5   5   5   5   5   5   1   1   1   1   1   1   1
248	(   5   0   9   5   0   1   2 )	    0 inf   5   5   5   5   5   5   5   1   1   1   1   1   1   1
249	(   1   6   7   7   3   3   2 )	    0 inf   2   2   2   2   2   2   2   1   1   1   1   1   1   1
250	(   2   6   7   6   0   2   2 )	    0 inf   2   2   2   2   2   2   2   1   1   1   1   1   1   1
251	(   3   6   7   9   2   3   2 )	 4040   0   2   2   2   2   2   2   2   1   1   1   1   1   1   1
252	(   3   6   9   7   2   3   2 )	    0 inf   2   2   2   2   2   2   2   1   1   1   1   1   1   1
253	(   3   8   7   7   2   3   2 )	    0 inf   2   2   2   2   2   2   2   1   1   1   1   1   1   1
254	(   4   6   7   8   1   4   2 )	    0 inf   2   2   2   2   2   2   2   1   1   1   1   1   1   1
255	(   4   6   7   8   4   4   1 )	 7160   0   2   2   2   2   2   2   2   1   1   1   1   1   1   1
256	(   0   6   6   9   2   3   2 )	    0 inf   5   5   5   5   5   5   5   1   1   1   1   1   1   1
257	(   3   1   5  10   2   4   2 )	    0 inf   5   5   5   5   5   5   5   1   1   1   1   1   1   1
258	(   3   5  10  10   2   2   2 )	 5340   0   5   5   5   5   5   5   5   1   1   1   1   1   1   1
259	(   3   6   7   9   2   3   0 )	 5450   0   5   5   5   5   5   5   5   1   1   1   1   1   1   1
260	(   3   7   4  10   2   0   2 )	    0 inf   5   5   5   5   5   5   5   1   1   1   1   1   1   1
261	(   4   9   4  10   1   7   2 )	    0 inf   5   5   5   5   5   5   5   1   1   1   1   1   1   1
262	(   8   6   8   9   2   3   2 )	    0 inf   5   5   5   5   5   5   5   1   1   1   1   1   1   1
263	(   0   8  10   5   3   2   2 )	    0 inf   5   5   5   5   5   5   5   1   1   1   1   1   1   1
264	(   2   6   7   9   0   3   1 )	    0 inf   2   2   2   2   2   2   2   1   1   1   1   1   1   1
265	(   2   6   7  10   1   4   2 )	    0 inf   2   2   2   2   2   2   2   1   1   1   1   1   1   1
266	(   2   6   7  10   2   3   1 )	    0 inf   2   2   2   2   2   2   2   1   1   1   1   1   1   1
267	(   3   6   9   9   2   3   2 )	 4970   0   2   2   2   2   2   2   2   1   1   1   1   1   1   1
268	(   3   8   7   9   2   3   2 )	    0 inf   2   2   2   2   2   2   2   1   1   1   1   1   1   1
269	(   4   6   7   9   4   3   2 )	    0 inf   2   2   2   2   2   2   2   1   1   1   1   1   1   1
270	(   5   7   7  10   1   4   1 )	    0 inf   2   2   2   2   2   2   2   1   1   1   1   1   1   1
271	(   3   3   5   6   4   1   2 )	    0 inf   2   2   2   2   2   2   2   1   1   1   1   1   1   1
272	(   3   5   6   9   2   3   2 )	 3880   0   1   1   1   1   1   1   1   1   1   1   1   1   1   1
273	(   3   5   8   9   2   3   2 )	 4410   0   1   1   1   1   1   1   1   1   1   1   1   1   1   1
274	(   3   6   7   9   2   4   2 )	 4835   0   1   1   1   1   1   1   1   1   1   1   1   1   1   1
275	(   3   6   7   9   3   3   2 )	 4605   0   1   1   1   1   1   1   1   1   1   1   1   1   1   1
276	(   3   6   7  10   2   3   2 )	 4235   0   1   1   1   1   1   1   1   1   1   1   1   1   1   1
277	(   3   7   6   9   2   3   1 )	    0 inf   1   1   1   1   1   1   1   1   1   1   1   1   1   1
278	(   4   6   7   9   2   3   2 )	 4405   0   1   1   1   1   1   1   1   1   1   1   1   1   1   1
279	(   3   3   6  10   2   3   2 )	 4685   0   2   2   2   2   2   2   2   1   1   1   1   1   1   1
280	(   3   4   6   7   0   4   1 )	    0 inf   2   2   2   2   2   2   2   1   1   1   1   1   1   1

BBE ( SOL ) OBJ CONS_H FRAME_SIZE MESH_SIZE
281	(   3   4   6   9   4   5   1 )	 7800   0   2   2   2   2   2   2   2   1   1   1   1   1   1   1
282	(   3   5   4   9   2   3   2 )	    0 inf   2   2   2   2   2   2   2   1   1   1   1   1   1   1
283	(   3   5   6   8   2   3   2 )	 3885   0   2   2   2   2   2   2   2   1   1   1   1   1   1   1
284	(   3   5   6  10   1   5   2 )	    0 inf   2   2   2   2   2   2   2   1   1   1   1   1   1   1
285	(   5   5   6   9   2   3   2 )	 4810   0   2   2   2   2   2   2   2   1   1   1   1   1   1   1
286	(   1   9   8  10   3   0   2 )	    0 inf   2   2   2   2   2   2   2   1   1   1   1   1   1   1
287	(   2   4   6   9   1   2   2 )	 2960   0   1   1   1   1   1   1   1   1   1   1   1   1   1   1
288	(   2   4   6   9   3   4   2 )	 5280   0   1   1   1   1   1   1   1   1   1   1   1   1   1   1
289	(   3   5   5   9   2   3   2 )	 3915   0   1   1   1   1   1   1   1   1   1   1   1   1   1   1
290	(   3   5   6   9   3   3   2 )	 4445   0   1   1   1   1   1   1   1   1   1   1   1   1   1   1
291	(   3   5   6  10   2   3   2 )	 4075   0   1   1   1   1   1   1   1   1   1   1   1   1   1   1
292	(   4   4   6   9   1   4   2 )	    0 inf   1   1   1   1   1   1   1   1   1   1   1   1   1   1
293	(   4   4   6   9   3   2   1 )	    0 inf   1   1   1   1   1   1   1   1   1   1   1   1   1   1
294	(   0   3   6   8   1   2   2 )	    0 inf   2   2   2   2   2   2   2   1   1   1   1   1   1   1
295	(   2   4   6   9   0   2   2 )	    0 inf   2   2   2   2   2   2   2   1   1   1   1   1   1   1
296	(   2   4   6   9   1   0   2 )	    0 inf   2   2   2   2   2   2   2   1   1   1   1   1   1   1
297	(   2   4   6   9   1   2   0 )	 4100   0   2   2   2   2   2   2   2   1   1   1   1   1   1   1
298	(   2   4   8   9   1   2   2 )	 3490   0   2   2   2   2   2   2   2   1   1   1   1   1   1   1
299	(   3   2   6  10   1   2   2 )	    0 inf   2   2   2   2   2   2   2   1   1   1   1   1   1   1
300	(   3   3   6   7   1   2   2 )	 3740   0   2   2   2   2   2   2   2   1   1   1   1   1   1   1
301	(   2   8   4  10   2   4   2 )	    0 inf   2   2   2   2   2   2   2   1   1   1   1   1   1   1
302	(   1   4   6   8   1   1   1 )	    0 inf   1   1   1   1   1   1   1   1   1   1   1   1   1   1
303	(   1   4   6   9   0   2   2 )	    0 inf   1   1   1   1   1   1   1   1   1   1   1   1   1   1
304	(   1   4   6   9   1   2   2 )	    0 inf   1   1   1   1   1   1   1   1   1   1   1   1   1   1
305	(   2   3   6   9   1   2   2 )	 3365   0   1   1   1   1   1   1   1   1   1   1   1   1   1   1
306	(   2   4   6   8   0   3   2 )	    0 inf   1   1   1   1   1   1   1   1   1   1   1   1   1   1
307	(   2   4   6  10   2   1   1 )	    0 inf   1   1   1   1   1   1   1   1   1   1   1   1   1   1
308	(   2   4   7   9   1   2   2 )	 3125   0   1   1   1   1   1   1   1   1   1   1   1   1   1   1
309	(   5   5   5  10   2   3   2 )	 5040   0   1   1   1   1   1   1   1   1   1   1   1   1   1   1
310	(   1   4   5   8   1   3   2 )	    0 inf   1   1   1   1   1   1   1   1   1   1   1   1   1   1
311	(   1   4   5  10   1   1   2 )	    0 inf   1   1   1   1   1   1   1   1   1   1   1   1   1   1
312	(   1   4   7   8   1   1   2 )	    0 inf   1   1   1   1   1   1   1   1   1   1   1   1   1   1
313	(   2   4   6   9   1   2   1 )	 3420   0   1   1   1   1   1   1   1   1   1   1   1   1   1   1
314	(   2   4   6   9   2   2   2 )	 3325   0   1   1   1   1   1   1   1   1   1   1   1   1   1   1
315	(   2   5   6   9   1   2   2 )	    0 inf   1   1   1   1   1   1   1   1   1   1   1   1   1   1
316	(   3   4   5   8   1   1   2 )	 2770   0   1   1   1   1   1   1   1   1   1   1   1   1   1   1
317	(   3   2   4   8   1   1   1 )	    0 inf   2   2   2   2   2   2   2   1   1   1   1   1   1   1
318	(   3   4   5   6   1   1   2 )	 3380   0   2   2   2   2   2   2   2   1   1   1   1   1   1   1
319	(   3   4   5   8   1   0   2 )	    0 inf   2   2   2   2   2   2   2   1   1   1   1   1   1   1
320	(   3   4   5   8   3   1   2 )	    0 inf   2   2   2   2   2   2   2   1   1   1   1   1   1   1

BBE ( SOL ) OBJ CONS_H FRAME_SIZE MESH_SIZE
321	(   3   5   3   8   1   1   2 )	    0 inf   2   2   2   2   2   2   2   1   1   1   1   1   1   1
322	(   3   5   5   8   1   1   0 )	 3650   0   2   2   2   2   2   2   2   1   1   1   1   1   1   1
323	(   5   4   5   8   1   1   2 )	    0 inf   2   2   2   2   2   2   2   1   1   1   1   1   1   1
324	(   1   4   8  10   0   2   2 )	    0 inf   2   2   2   2   2   2   2   1   1   1   1   1   1   1
325	(   2   4   4   8   1   0   2 )	    0 inf   1   1   1   1   1   1   1   1   1   1   1   1   1   1
326	(   3   3   4   8   1   1   2 )	 3410   0   1   1   1   1   1   1   1   1   1   1   1   1   1   1
327	(   3   3   5   8   1   0   2 )	    0 inf   1   1   1   1   1   1   1   1   1   1   1   1   1   1
328	(   3   4   5   7   1   1   2 )	 2975   0   1   1   1   1   1   1   1   1   1   1   1   1   1   1
329	(   3   4   5   8   2   1   2 )	    0 inf   1   1   1   1   1   1   1   1   1   1   1   1   1   1
330	(   3   5   5   8   1   0   1 )	    0 inf   1   1   1   1   1   1   1   1   1   1   1   1   1   1
331	(   4   4   5   8   1   1   2 )	 3135   0   1   1   1   1   1   1   1   1   1   1   1   1   1   1
332	(   3   5   7   9   0   4   2 )	    0 inf   1   1   1   1   1   1   1   1   1   1   1   1   1   1
333	(   3   3   6   7   1   0   2 )	    0 inf   1   1   1   1   1   1   1   1   1   1   1   1   1   1
334	(   3   4   5   8   0   1   2 )	    0 inf   1   1   1   1   1   1   1   1   1   1   1   1   1   1
335	(   3   4   5   8   1   1   1 )	 3180   0   1   1   1   1   1   1   1   1   1   1   1   1   1   1
336	(   3   4   5   9   1   1   2 )	 2765   0   1   1   1   1   1   1   1   1   1   1   1   1   1   1
337	(   4   4   4   8   1   0   2 )	    0 inf   1   1   1   1   1   1   1   1   1   1   1   1   1   1
338	(   4   4   6   8   1   2   2 )	 3495   0   1   1   1   1   1   1   1   1   1   1   1   1   1   1
339	(   4   5   5   8   1   1   2 )	 2930   0   1   1   1   1   1   1   1   1   1   1   1   1   1   1
340	(   3   3   3  10   0   1   2 )	    0 inf   2   2   2   2   2   2   2   1   1   1   1   1   1   1
341	(   3   4   4   9   1   1   0 )	    0 inf   2   2   2   2   2   2   2   1   1   1   1   1   1   1
342	(   3   4   4   9   3   1   2 )	    0 inf   2   2   2   2   2   2   2   1   1   1   1   1   1   1
343	(   3   4   5   9   1   3   2 )	    0 inf   2   2   2   2   2   2   2   1   1   1   1   1   1   1
344	(   3   4   5  10   1   1   2 )	 2960   0   2   2   2   2   2   2   2   1   1   1   1   1   1   1
345	(   3   6   4   9   1   1   2 )	    0 inf   2   2   2   2   2   2   2   1   1   1   1   1   1   1
346	(   5   4   5   9   1   1   2 )	    0 inf   2   2   2   2   2   2   2   1   1   1   1   1   1   1
347	(   1   3  10   7   0   0   2 )	    0 inf   2   2   2   2   2   2   2   1   1   1   1   1   1   1
348	(   3   3   5   9   0   1   2 )	    0 inf   1   1   1   1   1   1   1   1   1   1   1   1   1   1
349	(   3   3   5   9   1   0   2 )	    0 inf   1   1   1   1   1   1   1   1   1   1   1   1   1   1
350	(   3   4   5   9   1   1   1 )	 3200   0   1   1   1   1   1   1   1   1   1   1   1   1   1   1
351	(   3   4   6   9   1   1   2 )	 2730   0   1   1   1   1   1   1   1   1   1   1   1   1   1   1
352	(   3   5   5   9   0   0   2 )	 2200   0   1   1   1   1   1   1   1   1   1   1   1   1   1   1
353	(   4   4   5   9   1   1   2 )	 3130   0   1   1   1   1   1   1   1   1   1   1   1   1   1   1
354	(   1   5   4   9   0   0   2 )	    0 inf   2   2   2   2   2   2   2   1   1   1   1   1   1   1
355	(   3   5   5   9   0   0   0 )	 3250   0   2   2   2   2   2   2   2   1   1   1   1   1   1   1
356	(   3   5   5   9   2   0   2 )	    0 inf   2   2   2   2   2   2   2   1   1   1   1   1   1   1
357	(   3   5   5  10   0   0   2 )	 2395   0   2   2   2   2   2   2   2   1   1   1   1   1   1   1
358	(   3   7   5   9   0   0   2 )	    0 inf   2   2   2   2   2   2   2   1   1   1   1   1   1   1
359	(   4   5   6   9   0   0   2 )	 2530   0   2   2   2   2   2   2   2   1   1   1   1   1   1   1
360	(   5   5   6   9   0   1   2 )	    0 inf   2   2   2   2   2   2   2   1   1   1   1   1   1   1

BBE ( SOL ) OBJ CONS_H FRAME_SIZE MESH_SIZE
361	(   2   3   4   8   0   0   2 )	 2885   0   2   2   2   2   2   2   2   1   1   1   1   1   1   1
362	(   3   5   5   8   0   0   2 )	 2205   0   1   1   1   1   1   1   1   1   1   1   1   1   1   1
363	(   3   5   5   9   0   0   1 )	 2620   0   1   1   1   1   1   1   1   1   1   1   1   1   1   1
364	(   3   5   5   9   1   0   2 )	    0 inf   1   1   1   1   1   1   1   1   1   1   1   1   1   1
365	(   3   5   6   9   0   0   2 )	 2165   0   1   1   1   1   1   1   1   1   1   1   1   1   1   1
366	(   3   6   5   9   1   1   1 )	 3040   0   1   1   1   1   1   1   1   1   1   1   1   1   1   1
367	(   3   6   6   9   0   0   2 )	 2160   0   1   1   1   1   1   1   1   1   1   1   1   1   1   1
368	(   4   5   5   9   0   0   2 )	 2565   0   1   1   1   1   1   1   1   1   1   1   1   1   1   1
369	(   2   7   6   7   0   1   2 )	    0 inf   2   2   2   2   2   2   2   1   1   1   1   1   1   1
370	(   2   7   6   9   0   0   2 )	    0 inf   2   2   2   2   2   2   2   1   1   1   1   1   1   1
371	(   3   6   6   9   2   0   2 )	    0 inf   2   2   2   2   2   2   2   1   1   1   1   1   1   1
372	(   3   6   8   9   0   0   2 )	 2690   0   2   2   2   2   2   2   2   1   1   1   1   1   1   1
373	(   3   7   6   7   0   0   0 )	    0 inf   2   2   2   2   2   2   2   1   1   1   1   1   1   1
374	(   3   8   6  10   0   1   2 )	    0 inf   2   2   2   2   2   2   2   1   1   1   1   1   1   1
375	(   5   6   6   8   0   0   2 )	 3095   0   2   2   2   2   2   2   2   1   1   1   1   1   1   1
376	(   3   1   4  10   0   0   2 )	    0 inf   2   2   2   2   2   2   2   1   1   1   1   1   1   1
377	(   2   6   6   9   0   1   1 )	    0 inf   1   1   1   1   1   1   1   1   1   1   1   1   1   1
378	(   2   6   7   9   0   0   2 )	    0 inf   1   1   1   1   1   1   1   1   1   1   1   1   1   1
379	(   3   6   6   9   0   1   2 )	    0 inf   1   1   1   1   1   1   1   1   1   1   1   1   1   1
380	(   3   6   6  10   0   0   2 )	 2355   0   1   1   1   1   1   1   1   1   1   1   1   1   1   1
381	(   3   6   7   9   1   0   2 )	    0 inf   1   1   1   1   1   1   1   1   1   1   1   1   1   1
382	(   3   7   6   9   0   0   2 )	    0 inf   1   1   1   1   1   1   1   1   1   1   1   1   1   1
383	(   4   6   7   9   0   0   1 )	 3180   0   1   1   1   1   1   1   1   1   1   1   1   1   1   1
384	(   4   5   3   8   0   0   2 )	    0 inf   1   1   1   1   1   1   1   1   1   1   1   1   1   1
385	(   3   6   6   8   0   0   2 )	 2165   0   1   1   1   1   1   1   1   1   1   1   1   1   1   1
386	(   3   6   6   9   0   1   1 )	    0 inf   1   1   1   1   1   1   1   1   1   1   1   1   1   1
387	(   3   6   6   9   1   0   2 )	    0 inf   1   1   1   1   1   1   1   1   1   1   1   1   1   1
388	(   3   6   7   9   0   0   2 )	 2325   0   1   1   1   1   1   1   1   1   1   1   1   1   1   1
389	(   3   7   6   9   1   0   1 )	    0 inf   1   1   1   1   1   1   1   1   1   1   1   1   1   1
390	(   3   7   6   9   1   1   2 )	    0 inf   1   1   1   1   1   1   1   1   1   1   1   1   1   1
391	(   4   6   6   9   0   0   2 )	 2525   0   1   1   1   1   1   1   1   1   1   1   1   1   1   1
392	(   2   4   5  10   0   0   2 )	 2435   0   1   1   1   1   1   1   1   1   1   1   1   1   1   1
393	(   2   6   6   9   0   0   2 )	    0 inf   1   1   1   1   1   1   1   1   1   1   1   1   1   1
394	(   3   6   5   9   0   0   2 )	 2195   0   1   1   1   1   1   1   1   1   1   1   1   1   1   1
395	(   3   6   6   8   0   1   2 )	    0 inf   1   1   1   1   1   1   1   1   1   1   1   1   1   1
396	(   3   6   6  10   0   0   1 )	 2840   0   1   1   1   1   1   1   1   1   1   1   1   1   1   1
397	(   3   7   6   9   0   0   1 )	    0 inf   1   1   1   1   1   1   1   1   1   1   1   1   1   1
398	(   3   7   6  10   0   1   2 )	    0 inf   1   1   1   1   1   1   1   1   1   1   1   1   1   1
399	(   2   7   6  10   0   0   2 )	    0 inf   1   1   1   1   1   1   1   1   1   1   1   1   1   1
400	(   3   5   6   9   1   0   2 )	    0 inf   1   1   1   1   1   1   1   1   1   1   1   1   1   1

BBE ( SOL ) OBJ CONS_H FRAME_SIZE MESH_SIZE
401	(   3   6   6   8   1   0   2 )	    0 inf   1   1   1   1   1   1   1   1   1   1   1   1   1   1
402	(   3   6   6   9   0   0   1 )	 2620   0   1   1   1   1   1   1   1   1   1   1   1   1   1   1
403	(   4   5   6   8   0   0   1 )	 2960   0   1   1   1   1   1   1   1   1   1   1   1   1   1   1
404	(   4   7   7  10   0   0   2 )	 3080   0   1   1   1   1   1   1   1   1   1   1   1   1   1   1
405	(   3   6   5   8   1   0   2 )	    0 inf   1   1   1   1   1   1   1   1   1   1   1   1   1   1
406	(   3   6   5   9   0   0   1 )	 2640   0   1   1   1   1   1   1   1   1   1   1   1   1   1   1
407	(   3   6   7   9   0   0   1 )	 2800   0   1   1   1   1   1   1   1   1   1   1   1   1   1   1
408	(   3   6   7  10   0   0   2 )	 2520   0   1   1   1   1   1   1   1   1   1   1   1   1   1   1
409	(   4   7   7   9   0   0   2 )	 2885   0   1   1   1   1   1   1   1   1   1   1   1   1   1   1
410	(   5   7   7  10   0   0   2 )	 3645   0   1   1   1   1   1   1   1   1   1   1   1   1   1   1
411	(   3   6   5   8   0   0   2 )	 2200   0   1   1   1   1   1   1   1   1   1   1   1   1   1   1
412	(   3   6   5  10   1   0   2 )	    0 inf   1   1   1   1   1   1   1   1   1   1   1   1   1   1
413	(   3   6   7   8   0   0   1 )	 2780   0   1   1   1   1   1   1   1   1   1   1   1   1   1   1
414	(   3   6   7  10   0   0   1 )	 3020   0   1   1   1   1   1   1   1   1   1   1   1   1   1   1
415	(   4   7   8  10   0   0   2 )	 3445   0   1   1   1   1   1   1   1   1   1   1   1   1   1   1
416	(   2   5   6   9   0   0   2 )	    0 inf   1   1   1   1   1   1   1   1   1   1   1   1   1   1
417	(   2   6   6  10   0   0   2 )	    0 inf   1   1   1   1   1   1   1   1   1   1   1   1   1   1
418	(   2   7   6   8   0   0   2 )	    0 inf   1   1   1   1   1   1   1   1   1   1   1   1   1   1
419	(   4   5   6  10   0   0   2 )	 2725   0   1   1   1   1   1   1   1   1   1   1   1   1   1   1
420	(   4   6   6   8   0   0   2 )	 2530   0   1   1   1   1   1   1   1   1   1   1   1   1   1   1
421	(   4   7   6   9   0   0   2 )	 2720   0   1   1   1   1   1   1   1   1   1   1   1   1   1   1
422	(   3   5   7   9   0   0   2 )	 2330   0   1   1   1   1   1   1   1   1   1   1   1   1   1   1
423	(   4   6   5   9   0   0   1 )	 3020   0   1   1   1   1   1   1   1   1   1   1   1   1   1   1
424	(   4   9   5  10   0   0   2 )	    0 inf   1   1   1   1   1   1   1   1   1   1   1   1   1   1
425	(   3   6   6   9   1   1   2 )	 2520   0   1   1   1   1   1   1   1   1   1   1   1   1   1   1
426	(   3   6   7  10   0   1   2 )	    0 inf   1   1   1   1   1   1   1   1   1   1   1   1   1   1
427	(   4   8   7  10   0   0   2 )	 3475   0   1   1   1   1   1   1   1   1   1   1   1   1   1   1
428	(   3   6   6   8   0   0   1 )	 2600   0   1   1   1   1   1   1   1   1   1   1   1   1   1   1
429	(   3   7   7   8   1   1   2 )	    0 inf   1   1   1   1   1   1   1   1   1   1   1   1   1   1
430	(   3   5   5  10   1   0   2 )	    0 inf   1   1   1   1   1   1   1   1   1   1   1   1   1   1
431	(   3   5   6   8   1   0   2 )	    0 inf   1   1   1   1   1   1   1   1   1   1   1   1   1   1
432	(   3   5   7  10   0   0   2 )	 2525   0   1   1   1   1   1   1   1   1   1   1   1   1   1   1
433	(   3   7   5   8   1   0   2 )	    0 inf   1   1   1   1   1   1   1   1   1   1   1   1   1   1
434	(   3   7   6  10   0   0   2 )	    0 inf   1   1   1   1   1   1   1   1   1   1   1   1   1   1
435	(   3   7   7   8   0   0   2 )	    0 inf   1   1   1   1   1   1   1   1   1   1   1   1   1   1
436	(   2   5   6   8   0   0   2 )	    0 inf   1   1   1   1   1   1   1   1   1   1   1   1   1   1
437	(   2   5   6  10   0   1   2 )	    0 inf   1   1   1   1   1   1   1   1   1   1   1   1   1   1
438	(   2   7   6   8   0   1   1 )	    0 inf   1   1   1   1   1   1   1   1   1   1   1   1   1   1
439	(   4   5   6   8   0   1   2 )	    0 inf   1   1   1   1   1   1   1   1   1   1   1   1   1   1
440	(   4   7   6   8   0   0   2 )	 2725   0   1   1   1   1   1   1   1   1   1   1   1   1   1   1

BBE ( SOL ) OBJ CONS_H FRAME_SIZE MESH_SIZE
441	(   4   7   6  10   0   1   1 )	    0 inf   1   1   1   1   1   1   1   1   1   1   1   1   1   1
442	(   2   6   5   8   1   0   2 )	    0 inf   1   1   1   1   1   1   1   1   1   1   1   1   1   1
443	(   3   6   6   9   1   0   1 )	    0 inf   1   1   1   1   1   1   1   1   1   1   1   1   1   1
444	(   4   6   6   9   1   0   2 )	    0 inf   1   1   1   1   1   1   1   1   1   1   1   1   1   1
445	(   4   6   7  10   0   0   1 )	 3400   0   1   1   1   1   1   1   1   1   1   1   1   1   1   1
446	(   3   7   7   9   0   0   2 )	    0 inf   1   1   1   1   1   1   1   1   1   1   1   1   1   1
447	(   2   6   5   9   0   0   1 )	    0 inf   1   1   1   1   1   1   1   1   1   1   1   1   1   1
448	(   3   5   7   9   1   1   1 )	 3180   0   1   1   1   1   1   1   1   1   1   1   1   1   1   1
449	(   4   6   7   9   0   0   2 )	 2690   0   1   1   1   1   1   1   1   1   1   1   1   1   1   1
450	(   4   8   4  10   0   0   2 )	    0 inf   1   1   1   1   1   1   1   1   1   1   1   1   1   1
451	(   2   6   7   8   0   0   2 )	    0 inf   1   1   1   1   1   1   1   1   1   1   1   1   1   1
452	(   3   5   6   9   0   1   2 )	    0 inf   1   1   1   1   1   1   1   1   1   1   1   1   1   1
453	(   3   5   6  10   0   0   2 )	 2360   0   1   1   1   1   1   1   1   1   1   1   1   1   1   1
454	(   3   7   6   8   0   0   2 )	    0 inf   1   1   1   1   1   1   1   1   1   1   1   1   1   1
455	(   4   6   5  10   0   1   2 )	    0 inf   1   1   1   1   1   1   1   1   1   1   1   1   1   1
456	(   3   5   6   9   0   0   1 )	 2600   0   1   1   1   1   1   1   1   1   1   1   1   1   1   1
457	(   2   7   6   9   0   0   1 )	    0 inf   1   1   1   1   1   1   1   1   1   1   1   1   1   1
458	(   3   7   6   9   0   1   2 )	    0 inf   1   1   1   1   1   1   1   1   1   1   1   1   1   1
459	(   4   7   6   9   0   0   1 )	 3220   0   1   1   1   1   1   1   1   1   1   1   1   1   1   1
460	(   4   5   7  10   0   0   2 )	 2890   0   1   1   1   1   1   1   1   1   1   1   1   1   1   1
461	(   3   6   5  10   0   0   1 )	 2860   0   1   1   1   1   1   1   1   1   1   1   1   1   1   1
462	(   3   6   7   8   0   0   2 )	 2330   0   1   1   1   1   1   1   1   1   1   1   1   1   1   1
463	(   4   6   6   8   0   0   1 )	 2980   0   1   1   1   1   1   1   1   1   1   1   1   1   1   1
464	(   2   6   5  10   0   0   2 )	    0 inf   1   1   1   1   1   1   1   1   1   1   1   1   1   1
465	(   2   6   6   8   0   0   2 )	    0 inf   1   1   1   1   1   1   1   1   1   1   1   1   1   1
466	(   4   6   6  10   0   0   1 )	 3220   0   1   1   1   1   1   1   1   1   1   1   1   1   1   1
467	(   4   6   7   8   0   0   2 )	 2695   0   1   1   1   1   1   1   1   1   1   1   1   1   1   1
468	(   3   7   7  10   0   0   2 )	    0 inf   1   1   1   1   1   1   1   1   1   1   1   1   1   1
469	(   3   6   5   9   1   1   2 )	 2555   0   1   1   1   1   1   1   1   1   1   1   1   1   1   1
470	(   3   6   7   9   1   0   1 )	    0 inf   1   1   1   1   1   1   1   1   1   1   1   1   1   1
471	(   2   6   6   9   0   0   1 )	    0 inf   1   1   1   1   1   1   1   1   1   1   1   1   1   1
472	(   2   7   6   9   0   1   1 )	    0 inf   1   1   1   1   1   1   1   1   1   1   1   1   1   1
473	(   4   5   6   9   0   0   1 )	 2980   0   1   1   1   1   1   1   1   1   1   1   1   1   1   1
474	(   4   6   6   9   0   1   2 )	    0 inf   1   1   1   1   1   1   1   1   1   1   1   1   1   1
475	(   2   6   6   9   0   1   2 )	    0 inf   1   1   1   1   1   1   1   1   1   1   1   1   1   1
476	(   3   6   6  10   0   1   2 )	    0 inf   1   1   1   1   1   1   1   1   1   1   1   1   1   1
477	(   4   6   6   9   0   0   1 )	 3000   0   1   1   1   1   1   1   1   1   1   1   1   1   1   1
478	(   4   7   7   8   0   0   2 )	 2890   0   1   1   1   1   1   1   1   1   1   1   1   1   1   1
479	(   2   6   5   9   0   0   2 )	    0 inf   1   1   1   1   1   1   1   1   1   1   1   1   1   1
480	(   4   6   5   9   0   1   1 )	    0 inf   1   1   1   1   1   1   1   1   1   1   1   1   1   1

BBE ( SOL ) OBJ CONS_H FRAME_SIZE MESH_SIZE
481	(   3   6   5   8   0   0   1 )	 2620   0   1   1   1   1   1   1   1   1   1   1   1   1   1   1
482	(   3   6   7   9   0   1   2 )	    0 inf   1   1   1   1   1   1   1   1   1   1   1   1   1   1
483	(   2   5   6   8   0   0   1 )	    0 inf   1   1   1   1   1   1   1   1   1   1   1   1   1   1
484	(   2   6   6   9   1   0   2 )	    0 inf   1   1   1   1   1   1   1   1   1   1   1   1   1   1
485	(   3   5   6  10   1   0   2 )	    0 inf   1   1   1   1   1   1   1   1   1   1   1   1   1   1
486	(   3   7   6   8   1   0   2 )	    0 inf   1   1   1   1   1   1   1   1   1   1   1   1   1   1
487	(   4   7   6  10   0   0   2 )	 2915   0   1   1   1   1   1   1   1   1   1   1   1   1   1   1
488	(   2   6   6   8   0   0   1 )	    0 inf   1   1   1   1   1   1   1   1   1   1   1   1   1   1
489	(   2   6   6   8   1   1   2 )	    0 inf   1   1   1   1   1   1   1   1   1   1   1   1   1   1
490	(   2   6   6  10   0   1   1 )	    0 inf   1   1   1   1   1   1   1   1   1   1   1   1   1   1
491	(   4   6   6   8   0   1   1 )	    0 inf   1   1   1   1   1   1   1   1   1   1   1   1   1   1
492	(   4   6   6  10   1   1   2 )	 3080   0   1   1   1   1   1   1   1   1   1   1   1   1   1   1
493	(   5   7   6   9   0   0   2 )	 3285   0   1   1   1   1   1   1   1   1   1   1   1   1   1   1
494	(   3   6   5   9   0   1   1 )	    0 inf   1   1   1   1   1   1   1   1   1   1   1   1   1   1
495	(   3   6   7   9   0   1   1 )	    0 inf   1   1   1   1   1   1   1   1   1   1   1   1   1   1
496	(   3   5   7   8   1   0   2 )	    0 inf   1   1   1   1   1   1   1   1   1   1   1   1   1   1
497	(   3   7   5  10   0   0   2 )	    0 inf   1   1   1   1   1   1   1   1   1   1   1   1   1   1
498	(   2   6   7   8   1   0   2 )	    0 inf   1   1   1   1   1   1   1   1   1   1   1   1   1   1
499	(   3   6   5   9   1   0   2 )	    0 inf   1   1   1   1   1   1   1   1   1   1   1   1   1   1
500	(   4   6   5  10   0   0   2 )	 2755   0   1   1   1   1   1   1   1   1   1   1   1   1   1   1
501	(   2   5   5   9   0   0   2 )	    0 inf   1   1   1   1   1   1   1   1   1   1   1   1   1   1
502	(   4   6   5   9   0   0   2 )	 2560   0   1   1   1   1   1   1   1   1   1   1   1   1   1   1
503	(   4   8   6  10   0   0   2 )	 3310   0   1   1   1   1   1   1   1   1   1   1   1   1   1   1
504	(   3   5   5   8   0   1   2 )	    0 inf   1   1   1   1   1   1   1   1   1   1   1   1   1   1
505	(   3   7   7  10   0   0   1 )	    0 inf   1   1   1   1   1   1   1   1   1   1   1   1   1   1
506	(   3   5   6   8   1   1   2 )	 2530   0   1   1   1   1   1   1   1   1   1   1   1   1   1   1
507	(   3   7   6  10   0   0   1 )	    0 inf   1   1   1   1   1   1   1   1   1   1   1   1   1   1
508	(   4   8   7   9   0   0   2 )	 3280   0   1   1   1   1   1   1   1   1   1   1   1   1   1   1
509	(   3   6   5   9   0   1   2 )	    0 inf   1   1   1   1   1   1   1   1   1   1   1   1   1   1
510	(   5   7   7   9   0   0   2 )	 3450   0   1   1   1   1   1   1   1   1   1   1   1   1   1   1
511	(   2   6   6   8   0   1   2 )	    0 inf   1   1   1   1   1   1   1   1   1   1   1   1   1   1
512	(   2   6   6   8   1   0   2 )	    0 inf   1   1   1   1   1   1   1   1   1   1   1   1   1   1
513	(   2   6   6  10   1   1   2 )	    0 inf   1   1   1   1   1   1   1   1   1   1   1   1   1   1
514	(   4   6   6  10   0   0   2 )	 2720   0   1   1   1   1   1   1   1   1   1   1   1   1   1   1
515	(   4   6   6  10   1   0   1 )	    0 inf   1   1   1   1   1   1   1   1   1   1   1   1   1   1
516	(   2   5   6   8   0   1   2 )	    0 inf   1   1   1   1   1   1   1   1   1   1   1   1   1   1
517	(   2   6   6  10   0   1   2 )	    0 inf   1   1   1   1   1   1   1   1   1   1   1   1   1   1
518	(   4   7   6   9   0   1   2 )	    0 inf   1   1   1   1   1   1   1   1   1   1   1   1   1   1
519	(   5   8   7   9   0   0   2 )	 3845   0   1   1   1   1   1   1   1   1   1   1   1   1   1   1
520	(   3   7   6   9   1   0   2 )	    0 inf   1   1   1   1   1   1   1   1   1   1   1   1   1   1

BBE ( SOL ) OBJ CONS_H FRAME_SIZE MESH_SIZE
521	(   4   6   7  10   0   0   2 )	 2885   0   1   1   1   1   1   1   1   1   1   1   1   1   1   1
522	(   2   6   5   8   0   0   2 )	    0 inf   1   1   1   1   1   1   1   1   1   1   1   1   1   1
523	(   3   6   5  10   0   0   2 )	 2390   0   1   1   1   1   1   1   1   1   1   1   1   1   1   1
524	(   4   6   5   9   0   1   2 )	    0 inf   1   1   1   1   1   1   1   1   1   1   1   1   1   1
525	(   4   6   7  10   0   1   2 )	    0 inf   1   1   1   1   1   1   1   1   1   1   1   1   1   1
526	(   4   7   7   7   0   0   2 )	 3095   0   1   1   1   1   1   1   1   1   1   1   1   1   1   1
527	(   2   6   6   9   1   1   2 )	    0 inf   1   1   1   1   1   1   1   1   1   1   1   1   1   1
528	(   4   6   6   9   1   1   2 )	 2885   0   1   1   1   1   1   1   1   1   1   1   1   1   1   1
529	(   2   5   7   8   0   0   1 )	    0 inf   1   1   1   1   1   1   1   1   1   1   1   1   1   1
530	(   2   7   6  10   0   0   1 )	    0 inf   1   1   1   1   1   1   1   1   1   1   1   1   1   1
531	(   2   7   7   8   0   0   2 )	    0 inf   1   1   1   1   1   1   1   1   1   1   1   1   1   1
532	(   4   5   5  10   0   0   1 )	 3220   0   1   1   1   1   1   1   1   1   1   1   1   1   1   1
533	(   4   5   6   8   0   0   2 )	 2535   0   1   1   1   1   1   1   1   1   1   1   1   1   1   1
534	(   4   7   5  10   0   0   2 )	 2950   0   1   1   1   1   1   1   1   1   1   1   1   1   1   1
535	(   2   6   5  10   0   1   2 )	    0 inf   1   1   1   1   1   1   1   1   1   1   1   1   1   1
536	(   2   6   7   8   0   1   2 )	    0 inf   1   1   1   1   1   1   1   1   1   1   1   1   1   1
537	(   3   6   5   8   1   1   2 )	 2560   0   1   1   1   1   1   1   1   1   1   1   1   1   1   1
538	(   3   6   7  10   1   1   2 )	 2880   0   1   1   1   1   1   1   1   1   1   1   1   1   1   1
539	(   4   6   5  10   1   0   2 )	    0 inf   1   1   1   1   1   1   1   1   1   1   1   1   1   1
540	(   4   6   7   8   1   0   2 )	    0 inf   1   1   1   1   1   1   1   1   1   1   1   1   1   1
541	(   6   7   7  10   0   0   2 )	 4410   0   1   1   1   1   1   1   1   1   1   1   1   1   1   1
542	(   2   5   7   9   0   0   1 )	    0 inf   1   1   1   1   1   1   1   1   1   1   1   1   1   1
543	(   3   6   5   9   1   0   1 )	    0 inf   1   1   1   1   1   1   1   1   1   1   1   1   1   1
544	(   4   7   5   9   1   1   2 )	 3115   0   1   1   1   1   1   1   1   1   1   1   1   1   1   1
545	(   4   7   7   9   1   1   1 )	 3800   0   1   1   1   1   1   1   1   1   1   1   1   1   1   1
546	(   3   5   7  10   0   1   2 )	    0 inf   1   1   1   1   1   1   1   1   1   1   1   1   1   1
547	(   3   7   5   8   0   0   1 )	    0 inf   1   1   1   1   1   1   1   1   1   1   1   1   1   1
548	(   3   6   6  10   1   0   2 )	    0 inf   1   1   1   1   1   1   1   1   1   1   1   1   1   1
549	(   3   7   7   8   0   1   1 )	    0 inf   1   1   1   1   1   1   1   1   1   1   1   1   1   1
550	(   2   5   6  10   0   1   1 )	    0 inf   1   1   1   1   1   1   1   1   1   1   1   1   1   1
551	(   4   6   6  10   0   1   2 )	    0 inf   1   1   1   1   1   1   1   1   1   1   1   1   1   1
552	(   4   7   6   8   1   0   2 )	    0 inf   1   1   1   1   1   1   1   1   1   1   1   1   1   1
553	(   4   6   7  10   1   1   1 )	 3800   0   1   1   1   1   1   1   1   1   1   1   1   1   1   1
554	(   3   6   5  10   0   1   2 )	    0 inf   1   1   1   1   1   1   1   1   1   1   1   1   1   1
555	(   4   7   9   9   0   0   2 )	 3815   0   1   1   1   1   1   1   1   1   1   1   1   1   1   1
556	(   5   7   6  10   0   0   2 )	 3480   0   1   1   1   1   1   1   1   1   1   1   1   1   1   1
557	(   3   6   6  10   1   1   2 )	 2715   0   1   1   1   1   1   1   1   1   1   1   1   1   1   1
558	(   3   5   6   8   0   0   2 )	 2170   0   1   1   1   1   1   1   1   1   1   1   1   1   1   1
559	(   4   9   6   9   0   0   2 )	    0 inf   1   1   1   1   1   1   1   1   1   1   1   1   1   1
560	(   2   7   7   9   0   0   2 )	    0 inf   1   1   1   1   1   1   1   1   1   1   1   1   1   1

BBE ( SOL ) OBJ CONS_H FRAME_SIZE MESH_SIZE
561	(   5   7   5   9   0   0   2 )	 3320   0   1   1   1   1   1   1   1   1   1   1   1   1   1   1
562	(   6   7   6  10   0   0   2 )	 4245   0   1   1   1   1   1   1   1   1   1   1   1   1   1   1
563	(   3   6   7   9   1   1   2 )	 2685   0   1   1   1   1   1   1   1   1   1   1   1   1   1   1
564	(   3   7   5   9   1   0   2 )	    0 inf   1   1   1   1   1   1   1   1   1   1   1   1   1   1
565	(   5   7   8   8   0   0   2 )	 3820   0   1   1   1   1   1   1   1   1   1   1   1   1   1   1
566	(   4   9   7   9   0   0   2 )	    0 inf   1   1   1   1   1   1   1   1   1   1   1   1   1   1
567	(   2   6   5  10   1   0   2 )	    0 inf   1   1   1   1   1   1   1   1   1   1   1   1   1   1
568	(   2   6   7  10   0   0   2 )	    0 inf   1   1   1   1   1   1   1   1   1   1   1   1   1   1
569	(   4   6   5   8   1   0   1 )	    0 inf   1   1   1   1   1   1   1   1   1   1   1   1   1   1
570	(   4   6   7  10   1   0   2 )	    0 inf   1   1   1   1   1   1   1   1   1   1   1   1   1   1
571	(   3   5   6   8   0   0   1 )	 2580   0   1   1   1   1   1   1   1   1   1   1   1   1   1   1
572	(   4   7   9  10   0   0   2 )	 4010   0   1   1   1   1   1   1   1   1   1   1   1   1   1   1
573	(   2   6   6   9   1   0   1 )	    0 inf   1   1   1   1   1   1   1   1   1   1   1   1   1   1
574	(   4   6   6   8   1   0   2 )	    0 inf   1   1   1   1   1   1   1   1   1   1   1   1   1   1
575	(   4   8   6   9   0   0   2 )	 3115   0   1   1   1   1   1   1   1   1   1   1   1   1   1   1
576	(   3   6   7   8   0   1   2 )	    0 inf   1   1   1   1   1   1   1   1   1   1   1   1   1   1
577	(   4   6   5   8   0   0   2 )	 2565   0   1   1   1   1   1   1   1   1   1   1   1   1   1   1
578	(   5   7   8  10   0   0   2 )	 4010   0   1   1   1   1   1   1   1   1   1   1   1   1   1   1
579	(   3   5   6   9   0   1   1 )	    0 inf   1   1   1   1   1   1   1   1   1   1   1   1   1   1
580	(   2   7   7   8   0   1   2 )	    0 inf   1   1   1   1   1   1   1   1   1   1   1   1   1   1
581	(   4   6   5   8   0   1   2 )	    0 inf   1   1   1   1   1   1   1   1   1   1   1   1   1   1
582	(   5   6   6  10   0   0   2 )	 3285   0   1   1   1   1   1   1   1   1   1   1   1   1   1   1
583	(   2   7   6   8   0   0   1 )	    0 inf   1   1   1   1   1   1   1   1   1   1   1   1   1   1
584	(   4   5   6   8   1   0   1 )	    0 inf   1   1   1   1   1   1   1   1   1   1   1   1   1   1
585	(   2   6   7   9   0   1   2 )	    0 inf   1   1   1   1   1   1   1   1   1   1   1   1   1   1
586	(   2   6   7   9   1   0   2 )	    0 inf   1   1   1   1   1   1   1   1   1   1   1   1   1   1
587	(   4   6   5   9   1   0   2 )	    0 inf   1   1   1   1   1   1   1   1   1   1   1   1   1   1
588	(   2   5   7   9   1   0   2 )	    0 inf   1   1   1   1   1   1   1   1   1   1   1   1   1   1
589	(   2   7   6   9   1   1   2 )	    0 inf   1   1   1   1   1   1   1   1   1   1   1   1   1   1
590	(   4   5   6   9   1   0   2 )	    0 inf   1   1   1   1   1   1   1   1   1   1   1   1   1   1
591	(   4   7   5   9   0   1   2 )	    0 inf   1   1   1   1   1   1   1   1   1   1   1   1   1   1
592	(   2   5   5   9   0   1   2 )	    0 inf   1   1   1   1   1   1   1   1   1   1   1   1   1   1
593	(   4   7   7   9   1   0   2 )	    0 inf   1   1   1   1   1   1   1   1   1   1   1   1   1   1
594	(   3   6   5   8   1   0   1 )	    0 inf   1   1   1   1   1   1   1   1   1   1   1   1   1   1
595	(   2   6   6  10   1   0   2 )	    0 inf   1   1   1   1   1   1   1   1   1   1   1   1   1   1
596	(   4   6   6   8   0   1   2 )	    0 inf   1   1   1   1   1   1   1   1   1   1   1   1   1   1
597	(   3   5   7   8   0   0   2 )	 2335   0   1   1   1   1   1   1   1   1   1   1   1   1   1   1
598	(   3   7   5   8   0   0   2 )	    0 inf   1   1   1   1   1   1   1   1   1   1   1   1   1   1
599	(   3   5   6   9   1   1   2 )	 2525   0   1   1   1   1   1   1   1   1   1   1   1   1   1   1
600	(   4   9   7  10   0   0   2 )	    0 inf   1   1   1   1   1   1   1   1   1   1   1   1   1   1

BBE ( SOL ) OBJ CONS_H FRAME_SIZE MESH_SIZE
601	(   2   7   5   9   0   0   2 )	    0 inf   1   1   1   1   1   1   1   1   1   1   1   1   1   1
602	(   2   7   7  10   0   1   2 )	    0 inf   1   1   1   1   1   1   1   1   1   1   1   1   1   1
603	(   4   5   5   8   0   0   2 )	 2570   0   1   1   1   1   1   1   1   1   1   1   1   1   1   1
604	(   4   5   7   9   0   1   2 )	    0 inf   1   1   1   1   1   1   1   1   1   1   1   1   1   1
605	(   2   6   5   9   1   0   2 )	    0 inf   1   1   1   1   1   1   1   1   1   1   1   1   1   1
606	(   2   6   6  10   0   0   1 )	    0 inf   1   1   1   1   1   1   1   1   1   1   1   1   1   1
607	(   4   6   6  10   0   1   1 )	    0 inf   1   1   1   1   1   1   1   1   1   1   1   1   1   1
608	(   3   6   5  10   1   0   1 )	    0 inf   1   1   1   1   1   1   1   1   1   1   1   1   1   1
609	(   3   6   7  10   1   0   2 )	    0 inf   1   1   1   1   1   1   1   1   1   1   1   1   1   1
610	(   4   6   5   8   0   0   1 )	 3000   0   1   1   1   1   1   1   1   1   1   1   1   1   1   1
611	(   5   7   8   7   0   0   2 )	    0 inf   1   1   1   1   1   1   1   1   1   1   1   1   1   1
612	(   3   5   7   9   0   0   1 )	 2780   0   1   1   1   1   1   1   1   1   1   1   1   1   1   1
613	(   3   7   6   9   0   1   1 )	    0 inf   1   1   1   1   1   1   1   1   1   1   1   1   1   1
614	(   2   7   6   9   0   1   2 )	    0 inf   1   1   1   1   1   1   1   1   1   1   1   1   1   1
615	(   3   5   5   9   0   1   2 )	    0 inf   1   1   1   1   1   1   1   1   1   1   1   1   1   1
616	(   6   5   7  10   0   0   2 )	    0 inf   1   1   1   1   1   1   1   1   1   1   1   1   1   1
617	(   2   6   5   9   1   1   2 )	    0 inf   1   1   1   1   1   1   1   1   1   1   1   1   1   1
618	(   2   6   7   9   0   0   1 )	    0 inf   1   1   1   1   1   1   1   1   1   1   1   1   1   1
619	(   4   6   7   9   1   1   2 )	 3050   0   1   1   1   1   1   1   1   1   1   1   1   1   1   1
620	(   4   5   6   8   1   1   2 )	 2895   0   1   1   1   1   1   1   1   1   1   1   1   1   1   1
621	(   3   5   7   9   1   0   2 )	    0 inf   1   1   1   1   1   1   1   1   1   1   1   1   1   1
622	(   6   7   6   9   0   0   2 )	 4050   0   1   1   1   1   1   1   1   1   1   1   1   1   1   1
623	(   3   7   7   9   0   0   1 )	    0 inf   1   1   1   1   1   1   1   1   1   1   1   1   1   1
624	(   2   6   5   9   0   1   2 )	    0 inf   1   1   1   1   1   1   1   1   1   1   1   1   1   1
625	(   6   7   7   9   0   0   2 )	 4215   0   1   1   1   1   1   1   1   1   1   1   1   1   1   1
626	(   3   6   7  10   1   1   1 )	 3420   0   1   1   1   1   1   1   1   1   1   1   1   1   1   1
627	(   2   5   5  10   0   0   2 )	    0 inf   1   1   1   1   1   1   1   1   1   1   1   1   1   1
628	(   3   5   5   8   1   0   2 )	    0 inf   1   1   1   1   1   1   1   1   1   1   1   1   1   1
629	(   4   8   9  10   0   0   2 )	 4405   0   1   1   1   1   1   1   1   1   1   1   1   1   1   1
630	(   3   5   6  10   0   0   1 )	 2820   0   1   1   1   1   1   1   1   1   1   1   1   1   1   1
631	(   4   8   8   7   0   0   2 )	    0 inf   1   1   1   1   1   1   1   1   1   1   1   1   1   1
632	(   2   6   7   9   1   1   2 )	    0 inf   1   1   1   1   1   1   1   1   1   1   1   1   1   1
633	(   4   6   5   9   1   1   2 )	 2920   0   1   1   1   1   1   1   1   1   1   1   1   1   1   1
634	(   4   6   7   9   0   1   2 )	    0 inf   1   1   1   1   1   1   1   1   1   1   1   1   1   1
635	(   4   6   7   9   1   0   2 )	    0 inf   1   1   1   1   1   1   1   1   1   1   1   1   1   1
636	(   2   6   7  10   1   1   2 )	    0 inf   1   1   1   1   1   1   1   1   1   1   1   1   1   1
637	(   6   7   5   9   0   0   2 )	 4085   0   1   1   1   1   1   1   1   1   1   1   1   1   1   1
638	(   2   7   6   8   0   1   2 )	    0 inf   1   1   1   1   1   1   1   1   1   1   1   1   1   1
639	(   4   5   6   8   0   1   1 )	    0 inf   1   1   1   1   1   1   1   1   1   1   1   1   1   1
640	(   4   5   6  10   0   0   1 )	 3200   0   1   1   1   1   1   1   1   1   1   1   1   1   1   1

BBE ( SOL ) OBJ CONS_H FRAME_SIZE MESH_SIZE
641	(   3   7   7   9   0   1   1 )	    0 inf   1   1   1   1   1   1   1   1   1   1   1   1   1   1
642	(   3   7   7   9   1   0   1 )	    0 inf   1   1   1   1   1   1   1   1   1   1   1   1   1   1
643	(   5   9   7  10   0   0   2 )	 4635   0   1   1   1   1   1   1   1   1   1   1   1   1   1   1
644	(   2   5   6   9   0   1   2 )	    0 inf   1   1   1   1   1   1   1   1   1   1   1   1   1   1
645	(   2   5   6   9   1   0   2 )	    0 inf   1   1   1   1   1   1   1   1   1   1   1   1   1   1
646	(   4   7   6   9   1   0   2 )	    0 inf   1   1   1   1   1   1   1   1   1   1   1   1   1   1
647	(   2   5   7   9   0   0   2 )	    0 inf   1   1   1   1   1   1   1   1   1   1   1   1   1   1
648	(   4   7   5   9   0   0   2 )	 2755   0   1   1   1   1   1   1   1   1   1   1   1   1   1   1
649	(   5   4   7  10   0   0   2 )	    0 inf   1   1   1   1   1   1   1   1   1   1   1   1   1   1
650	(   4   7   8   9   0   0   2 )	 3250   0   1   1   1   1   1   1   1   1   1   1   1   1   1   1
651	(   6   8   8  10   0   0   2 )	 5170   0   1   1   1   1   1   1   1   1   1   1   1   1   1   1
652	(   3   5   6   8   0   1   2 )	    0 inf   1   1   1   1   1   1   1   1   1   1   1   1   1   1
653	(   3   7   6  10   1   0   2 )	    0 inf   1   1   1   1   1   1   1   1   1   1   1   1   1   1
654	(   6   7   8  10   0   0   2 )	 4775   0   1   1   1   1   1   1   1   1   1   1   1   1   1   1
655	(   3   5   6  10   0   1   1 )	    0 inf   1   1   1   1   1   1   1   1   1   1   1   1   1   1
656	(   6   8   7   8   0   0   2 )	 4615   0   1   1   1   1   1   1   1   1   1   1   1   1   1   1
657	(   2   5   6  10   0   0   2 )	    0 inf   1   1   1   1   1   1   1   1   1   1   1   1   1   1
658	(   2   6   7  10   0   0   1 )	    0 inf   1   1   1   1   1   1   1   1   1   1   1   1   1   1
659	(   4   6   5   8   1   0   2 )	    0 inf   1   1   1   1   1   1   1   1   1   1   1   1   1   1
660	(   7   7   6   9   0   0   2 )	 5015   0   1   1   1   1   1   1   1   1   1   1   1   1   1   1
661	(   2   5   7   9   1   1   2 )	    0 inf   1   1   1   1   1   1   1   1   1   1   1   1   1   1
662	(   4   6   7   8   0   1   2 )	    0 inf   1   1   1   1   1   1   1   1   1   1   1   1   1   1
663	(   3   6   6   9   1   1   1 )	 3020   0   1   1   1   1   1   1   1   1   1   1   1   1   1   1
664	(   6   6   7   9   0   0   2 )	 4020   0   1   1   1   1   1   1   1   1   1   1   1   1   1   1
665	(   2   7   7  10   0   0   2 )	    0 inf   1   1   1   1   1   1   1   1   1   1   1   1   1   1
666	(   4   5   5   8   1   0   1 )	    0 inf   1   1   1   1   1   1   1   1   1   1   1   1   1   1
667	(   5   8   8  10   0   0   2 )	 4405   0   1   1   1   1   1   1   1   1   1   1   1   1   1   1
668	(   2   6   6  10   1   0   1 )	    0 inf   1   1   1   1   1   1   1   1   1   1   1   1   1   1
669	(   6   7   7   8   0   0   2 )	 4220   0   1   1   1   1   1   1   1   1   1   1   1   1   1   1
670	(   3   5   6   8   0   1   1 )	    0 inf   1   1   1   1   1   1   1   1   1   1   1   1   1   1
671	(   3   5   6  10   0   1   2 )	    0 inf   1   1   1   1   1   1   1   1   1   1   1   1   1   1
672	(   3   7   6   8   1   0   1 )	    0 inf   1   1   1   1   1   1   1   1   1   1   1   1   1   1
673	(   3   7   6   8   1   1   2 )	    0 inf   1   1   1   1   1   1   1   1   1   1   1   1   1   1
674	(   3   6   6   8   0   1   1 )	    0 inf   1   1   1   1   1   1   1   1   1   1   1   1   1   1
675	(   3   6   6   8   1   1   2 )	 2525   0   1   1   1   1   1   1   1   1   1   1   1   1   1   1
676	(   3   6   6  10   1   0   1 )	    0 inf   1   1   1   1   1   1   1   1   1   1   1   1   1   1
677	(   3   7   5   9   0   1   1 )	    0 inf   1   1   1   1   1   1   1   1   1   1   1   1   1   1
678	(   3   7   7  10   0   1   2 )	    0 inf   1   1   1   1   1   1   1   1   1   1   1   1   1   1
679	(   3   5   5   9   1   1   2 )	 2560   0   1   1   1   1   1   1   1   1   1   1   1   1   1   1
680	(   3   7   7   9   1   1   2 )	    0 inf   1   1   1   1   1   1   1   1   1   1   1   1   1   1

BBE ( SOL ) OBJ CONS_H FRAME_SIZE MESH_SIZE
681	(   4   8   8   9   0   0   2 )	 3645   0   1   1   1   1   1   1   1   1   1   1   1   1   1   1
682	(   2   5   5  10   0   0   1 )	    0 inf   1   1   1   1   1   1   1   1   1   1   1   1   1   1
683	(   4   7   7   8   1   0   2 )	    0 inf   1   1   1   1   1   1   1   1   1   1   1   1   1   1
684	(   3   7   7  10   1   0   2 )	    0 inf   1   1   1   1   1   1   1   1   1   1   1   1   1   1
685	(   4   8   8  10   0   0   2 )	 3840   0   1   1   1   1   1   1   1   1   1   1   1   1   1   1
686	(   2   6   7   8   0   0   1 )	    0 inf   1   1   1   1   1   1   1   1   1   1   1   1   1   1
687	(   4   6   5  10   1   0   1 )	    0 inf   1   1   1   1   1   1   1   1   1   1   1   1   1   1
688	(   4   6   5  10   1   1   2 )	 3115   0   1   1   1   1   1   1   1   1   1   1   1   1   1   1
689	(   5  10   8  10   0   0   2 )	 5795   0   1   1   1   1   1   1   1   1   1   1   1   1   1   1
690	(   2   7   7   8   0   0   1 )	    0 inf   1   1   1   1   1   1   1   1   1   1   1   1   1   1
691	(   4   5   5  10   1   1   2 )	 3120   0   1   1   1   1   1   1   1   1   1   1   1   1   1   1
692	(   5   6   7   9   0   0   2 )	 3255   0   1   1   1   1   1   1   1   1   1   1   1   1   1   1
693	(   4   7   6  10   1   1   2 )	 3275   0   1   1   1   1   1   1   1   1   1   1   1   1   1   1
694	(   5   6   7  10   0   0   2 )	 3450   0   1   1   1   1   1   1   1   1   1   1   1   1   1   1
695	(   2   7   7   9   1   0   2 )	    0 inf   1   1   1   1   1   1   1   1   1   1   1   1   1   1
696	(   3   5   6   9   1   0   1 )	    0 inf   1   1   1   1   1   1   1   1   1   1   1   1   1   1
697	(   4   5   6   9   0   1   2 )	    0 inf   1   1   1   1   1   1   1   1   1   1   1   1   1   1
698	(   2   5   5   9   0   0   1 )	    0 inf   1   1   1   1   1   1   1   1   1   1   1   1   1   1
699	(   2   7   7   9   0   0   1 )	    0 inf   1   1   1   1   1   1   1   1   1   1   1   1   1   1
700	(   4   7   5   9   0   0   1 )	 3240   0   1   1   1   1   1   1   1   1   1   1   1   1   1   1
701	(   5   7   5  10   0   0   2 )	 3515   0   1   1   1   1   1   1   1   1   1   1   1   1   1   1
702	(   2   5   7   9   0   1   2 )	    0 inf   1   1   1   1   1   1   1   1   1   1   1   1   1   1
703	(   4   7   7   9   0   1   1 )	    0 inf   1   1   1   1   1   1   1   1   1   1   1   1   1   1
704	(   5   8   6  10   0   0   2 )	 3875   0   1   1   1   1   1   1   1   1   1   1   1   1   1   1
705	(   5   8   7  10   0   0   2 )	 4040   0   1   1   1   1   1   1   1   1   1   1   1   1   1   1
706	(   2   5   7  10   0   0   1 )	    0 inf   1   1   1   1   1   1   1   1   1   1   1   1   1   1
707	(   4   6   6  10   1   0   2 )	    0 inf   1   1   1   1   1   1   1   1   1   1   1   1   1   1
708	(   4   7   5   8   1   0   2 )	    0 inf   1   1   1   1   1   1   1   1   1   1   1   1   1   1
709	(   2   5   6   8   1   0   2 )	    0 inf   1   1   1   1   1   1   1   1   1   1   1   1   1   1
710	(   4   7   6  10   0   0   1 )	 3440   0   1   1   1   1   1   1   1   1   1   1   1   1   1   1
711	(   3   5   5  10   0   1   2 )	    0 inf   1   1   1   1   1   1   1   1   1   1   1   1   1   1
712	(   4   8   9   9   0   0   2 )	 4210   0   1   1   1   1   1   1   1   1   1   1   1   1   1   1
713	(   5   7   9  10   0   0   2 )	 4575   0   1   1   1   1   1   1   1   1   1   1   1   1   1   1
714	(   4   5   7   9   0   0   1 )	 3160   0   1   1   1   1   1   1   1   1   1   1   1   1   1   1
715	(   3   7   6   8   0   0   1 )	    0 inf   1   1   1   1   1   1   1   1   1   1   1   1   1   1
716	(   2   5   5   9   1   0   1 )	    0 inf   1   1   1   1   1   1   1   1   1   1   1   1   1   1
717	(   4   7   7   9   1   0   1 )	    0 inf   1   1   1   1   1   1   1   1   1   1   1   1   1   1
718	(   3   7   5  10   0   1   1 )	    0 inf   1   1   1   1   1   1   1   1   1   1   1   1   1   1
719	(   3   7   7   9   0   1   2 )	    0 inf   1   1   1   1   1   1   1   1   1   1   1   1   1   1
720	(   6   7   9  10   0   0   2 )	 5340   0   1   1   1   1   1   1   1   1   1   1   1   1   1   1

BBE ( SOL ) OBJ CONS_H FRAME_SIZE MESH_SIZE
721	(   3   6   6   8   1   0   1 )	    0 inf   1   1   1   1   1   1   1   1   1   1   1   1   1   1
722	(   3   6   6  10   1   1   1 )	 3240   0   1   1   1   1   1   1   1   1   1   1   1   1   1   1
723	(   7   7   6  10   0   0   2 )	 5210   0   1   1   1   1   1   1   1   1   1   1   1   1   1   1
724	(   3   5   7   9   0   1   2 )	    0 inf   1   1   1   1   1   1   1   1   1   1   1   1   1   1
725	(   3   7   5   9   0   0   1 )	    0 inf   1   1   1   1   1   1   1   1   1   1   1   1   1   1
726	(   3   7   5   9   0   1   2 )	    0 inf   1   1   1   1   1   1   1   1   1   1   1   1   1   1
727	(   2   7   5   9   0   0   1 )	    0 inf   1   1   1   1   1   1   1   1   1   1   1   1   1   1
728	(   4   5   7   9   1   1   2 )	 3055   0   1   1   1   1   1   1   1   1   1   1   1   1   1   1
729	(   6   6   6  10   0   0   2 )	 4050   0   1   1   1   1   1   1   1   1   1   1   1   1   1   1
730	(   4   5   6   9   0   1   1 )	    0 inf   1   1   1   1   1   1   1   1   1   1   1   1   1   1
731	(   5   9   6  10   0   0   2 )	 4470   0   1   1   1   1   1   1   1   1   1   1   1   1   1   1
732	(   2   7   6   9   1   0   2 )	    0 inf   1   1   1   1   1   1   1   1   1   1   1   1   1   1
733	(   6   7   5  10   0   0   2 )	 4280   0   1   1   1   1   1   1   1   1   1   1   1   1   1   1
734	(   6   7   4  10   0   0   2 )	    0 inf   1   1   1   1   1   1   1   1   1   1   1   1   1   1
735	(   2   5   6   9   0   0   1 )	    0 inf   1   1   1   1   1   1   1   1   1   1   1   1   1   1
736	(   2   5   5   8   0   0   1 )	    0 inf   1   1   1   1   1   1   1   1   1   1   1   1   1   1
737	(   4   5   5   8   0   1   1 )	    0 inf   1   1   1   1   1   1   1   1   1   1   1   1   1   1
738	(   4   7   7  10   0   1   2 )	    0 inf   1   1   1   1   1   1   1   1   1   1   1   1   1   1
739	(   5   6   8  10   0   0   2 )	 3815   0   1   1   1   1   1   1   1   1   1   1   1   1   1   1
740	(   6   6   7  10   0   0   2 )	 4215   0   1   1   1   1   1   1   1   1   1   1   1   1   1   1
741	(   3   6   7   8   1   0   2 )	    0 inf   1   1   1   1   1   1   1   1   1   1   1   1   1   1
742	(   3   6   5  10   1   1   2 )	 2750   0   1   1   1   1   1   1   1   1   1   1   1   1   1   1
743	(   3   7   5   9   1   1   2 )	    0 inf   1   1   1   1   1   1   1   1   1   1   1   1   1   1
744	(   2   7   5   9   0   1   2 )	    0 inf   1   1   1   1   1   1   1   1   1   1   1   1   1   1
745	(   4   5   5   9   0   1   2 )	    0 inf   1   1   1   1   1   1   1   1   1   1   1   1   1   1
746	(   4   5   7   9   0   0   2 )	 2695   0   1   1   1   1   1   1   1   1   1   1   1   1   1   1
747	(   2   6   6   8   1   0   1 )	    0 inf   1   1   1   1   1   1   1   1   1   1   1   1   1   1
748	(   2   6   6   9   1   1   1 )	    0 inf   1   1   1   1   1   1   1   1   1   1   1   1   1   1
749	(   3   7   6   8   0   1   2 )	    0 inf   1   1   1   1   1   1   1   1   1   1   1   1   1   1
750	(   3   7   6  10   0   1   1 )	    0 inf   1   1   1   1   1   1   1   1   1   1   1   1   1   1
751	(   3   7   6   8   1   1   1 )	    0 inf   1   1   1   1   1   1   1   1   1   1   1   1   1   1
752	(   3   7   5  10   0   0   1 )	    0 inf   1   1   1   1   1   1   1   1   1   1   1   1   1   1
753	(   3   5   6  10   1   1   2 )	 2720   0   1   1   1   1   1   1   1   1   1   1   1   1   1   1
754	(   2   5   6  10   0   0   1 )	    0 inf   1   1   1   1   1   1   1   1   1   1   1   1   1   1
755	(   3   6   6   8   1   1   1 )	 3000   0   1   1   1   1   1   1   1   1   1   1   1   1   1   1
756	(   3   6   6  10   0   1   1 )	    0 inf   1   1   1   1   1   1   1   1   1   1   1   1   1   1
757	(   6   8   7  10   0   0   2 )	 4805   0   1   1   1   1   1   1   1   1   1   1   1   1   1   1
758	(   2   6   7  10   1   0   2 )	    0 inf   1   1   1   1   1   1   1   1   1   1   1   1   1   1
759	(   6   8   8   8   0   0   2 )	 4980   0   1   1   1   1   1   1   1   1   1   1   1   1   1   1
760	(   3   6   7   8   0   1   1 )	    0 inf   1   1   1   1   1   1   1   1   1   1   1   1   1   1

BBE ( SOL ) OBJ CONS_H FRAME_SIZE MESH_SIZE
761	(   5   6   7   7   0   0   2 )	 3465   0   1   1   1   1   1   1   1   1   1   1   1   1   1   1
762	(   3   5   7   9   1   1   2 )	 2690   0   1   1   1   1   1   1   1   1   1   1   1   1   1   1
763	(   3   7   5   9   1   1   1 )	    0 inf   1   1   1   1   1   1   1   1   1   1   1   1   1   1
764	(   3   7   5  10   1   0   2 )	    0 inf   1   1   1   1   1   1   1   1   1   1   1   1   1   1
765	(   4   6   5  10   0   0   1 )	 3240   0   1   1   1   1   1   1   1   1   1   1   1   1   1   1
766	(   2   5   7   8   0   0   2 )	    0 inf   1   1   1   1   1   1   1   1   1   1   1   1   1   1
767	(   4   7   5  10   1   0   2 )	    0 inf   1   1   1   1   1   1   1   1   1   1   1   1   1   1
768	(   3   7   5   8   1   1   2 )	    0 inf   1   1   1   1   1   1   1   1   1   1   1   1   1   1
769	(   6   7   5   8   0   0   2 )	 4090   0   1   1   1   1   1   1   1   1   1   1   1   1   1   1
770	(   2   5   5   8   0   0   2 )	    0 inf   1   1   1   1   1   1   1   1   1   1   1   1   1   1
771	(   2   7   5  10   1   0   2 )	    0 inf   1   1   1   1   1   1   1   1   1   1   1   1   1   1
772	(   4   5   7   8   0   0   2 )	 2700   0   1   1   1   1   1   1   1   1   1   1   1   1   1   1
773	(   4   7   7  10   1   0   2 )	    0 inf   1   1   1   1   1   1   1   1   1   1   1   1   1   1
774	(   2   5   7   9   1   0   1 )	    0 inf   1   1   1   1   1   1   1   1   1   1   1   1   1   1
775	(   3   7   7   9   1   0   2 )	    0 inf   1   1   1   1   1   1   1   1   1   1   1   1   1   1
776	(   2   7   5   8   0   0   2 )	    0 inf   1   1   1   1   1   1   1   1   1   1   1   1   1   1
777	(   6   5   8   8   0   0   2 )	    0 inf   1   1   1   1   1   1   1   1   1   1   1   1   1   1
778	(   2   6   5   8   0   1   2 )	    0 inf   1   1   1   1   1   1   1   1   1   1   1   1   1   1
779	(   2   6   7  10   0   1   2 )	    0 inf   1   1   1   1   1   1   1   1   1   1   1   1   1   1
780	(   4   7   8   8   0   0   2 )	 3255   0   1   1   1   1   1   1   1   1   1   1   1   1   1   1
781	(   4   9   7   8   0   0   2 )	    0 inf   1   1   1   1   1   1   1   1   1   1   1   1   1   1
782	(   2   7   6   8   1   0   2 )	    0 inf   1   1   1   1   1   1   1   1   1   1   1   1   1   1
783	(   2   5   5  10   1   0   2 )	    0 inf   1   1   1   1   1   1   1   1   1   1   1   1   1   1
784	(   2   5   7  10   0   0   2 )	    0 inf   1   1   1   1   1   1   1   1   1   1   1   1   1   1
785	(   4   7   5   8   1   0   1 )	    0 inf   1   1   1   1   1   1   1   1   1   1   1   1   1   1
786	(   4   7   7   8   0   0   1 )	 3380   0   1   1   1   1   1   1   1   1   1   1   1   1   1   1
787	(   2   5   6   9   1   0   1 )	    0 inf   1   1   1   1   1   1   1   1   1   1   1   1   1   1
788	(   5  10   7   7   0   0   2 )	 5445   0   1   1   1   1   1   1   1   1   1   1   1   1   1   1
789	(   3   5   5  10   0   0   1 )	 2840   0   1   1   1   1   1   1   1   1   1   1   1   1   1   1
790	(   3   5   7   8   0   0   1 )	 2760   0   1   1   1   1   1   1   1   1   1   1   1   1   1   1
791	(   3   7   7  10   0   1   1 )	    0 inf   1   1   1   1   1   1   1   1   1   1   1   1   1   1
792	(   2   6   7   9   0   1   1 )	    0 inf   1   1   1   1   1   1   1   1   1   1   1   1   1   1
793	(   4   6   6   9   0   1   1 )	    0 inf   1   1   1   1   1   1   1   1   1   1   1   1   1   1
794	(   2   6   7   8   0   1   1 )	    0 inf   1   1   1   1   1   1   1   1   1   1   1   1   1   1
795	(   3   6   5  10   1   1   1 )	 3260   0   1   1   1   1   1   1   1   1   1   1   1   1   1   1
796	(   3   5   7  10   1   0   2 )	    0 inf   1   1   1   1   1   1   1   1   1   1   1   1   1   1
797	(   3   7   7   8   1   0   2 )	    0 inf   1   1   1   1   1   1   1   1   1   1   1   1   1   1
798	(   4   9   6  10   0   0   2 )	    0 inf   1   1   1   1   1   1   1   1   1   1   1   1   1   1
799	(   4  10   6  10   0   0   2 )	    0 inf   1   1   1   1   1   1   1   1   1   1   1   1   1   1
800	(   2   5   5  10   0   1   1 )	    0 inf   1   1   1   1   1   1   1   1   1   1   1   1   1   1

BBE ( SOL ) OBJ CONS_H FRAME_SIZE MESH_SIZE
801	(   2   7   7   9   0   1   1 )	    0 inf   1   1   1   1   1   1   1   1   1   1   1   1   1   1
802	(   4   5   5   9   1   0   2 )	    0 inf   1   1   1   1   1   1   1   1   1   1   1   1   1   1
803	(   3   6   5   8   0   1   2 )	    0 inf   1   1   1   1   1   1   1   1   1   1   1   1   1   1
804	(   5   7   7   8   0   0   2 )	 3455   0   1   1   1   1   1   1   1   1   1   1   1   1   1   1
805	(   3   6   7  10   0   1   1 )	    0 inf   1   1   1   1   1   1   1   1   1   1   1   1   1   1
806	(   3   7   6  10   1   1   2 )	    0 inf   1   1   1   1   1   1   1   1   1   1   1   1   1   1
807	(   4   8   7   7   0   0   2 )	 3490   0   1   1   1   1   1   1   1   1   1   1   1   1   1   1
808	(   3   5   7   9   1   0   1 )	    0 inf   1   1   1   1   1   1   1   1   1   1   1   1   1   1
809	(   3   7   5   9   1   0   1 )	    0 inf   1   1   1   1   1   1   1   1   1   1   1   1   1   1
810	(   2   6   6   8   0   1   1 )	    0 inf   1   1   1   1   1   1   1   1   1   1   1   1   1   1
811	(   7   7   7   9   0   0   2 )	 5180   0   1   1   1   1   1   1   1   1   1   1   1   1   1   1
812	(   5  10   5  10   0   0   2 )	 5300   0   1   1   1   1   1   1   1   1   1   1   1   1   1   1
813	(   2   5   7   8   1   0   2 )	    0 inf   1   1   1   1   1   1   1   1   1   1   1   1   1   1
814	(   6   8   6   9   0   0   2 )	 4445   0   1   1   1   1   1   1   1   1   1   1   1   1   1   1
815	(   5   8   6   8   0   0   2 )	 3685   0   1   1   1   1   1   1   1   1   1   1   1   1   1   1
816	(   4   8  10  10   0   0   2 )	 5170   0   1   1   1   1   1   1   1   1   1   1   1   1   1   1
817	(   5   8   9  10   0   0   2 )	 4970   0   1   1   1   1   1   1   1   1   1   1   1   1   1   1
818	(   2   6   6   8   1   1   1 )	    0 inf   1   1   1   1   1   1   1   1   1   1   1   1   1   1
819	(   4   9   5   9   0   0   2 )	    0 inf   1   1   1   1   1   1   1   1   1   1   1   1   1   1
820	(   3   5   7  10   0   0   1 )	 3000   0   1   1   1   1   1   1   1   1   1   1   1   1   1   1
821	(   3   7   5   8   0   1   2 )	    0 inf   1   1   1   1   1   1   1   1   1   1   1   1   1   1
822	(   4  10   6   9   0   0   2 )	    0 inf   1   1   1   1   1   1   1   1   1   1   1   1   1   1
823	(   4   7   6   8   0   1   1 )	    0 inf   1   1   1   1   1   1   1   1   1   1   1   1   1   1
824	(   3   7   6   8   0   1   1 )	    0 inf   1   1   1   1   1   1   1   1   1   1   1   1   1   1
825	(   4   5   6  10   1   1   1 )	 3600   0   1   1   1   1   1   1   1   1   1   1   1   1   1   1
826	(   3   7   7  10   1   1   2 )	    0 inf   1   1   1   1   1   1   1   1   1   1   1   1   1   1
827	(   6   6   6   8   0   0   2 )	 3860   0   1   1   1   1   1   1   1   1   1   1   1   1   1   1
828	(   7   7   7  10   0   0   2 )	 5375   0   1   1   1   1   1   1   1   1   1   1   1   1   1   1
829	(   6   9   5  10   0   0   2 )	 5270   0   1   1   1   1   1   1   1   1   1   1   1   1   1   1
830	(   4   7   9   8   0   0   2 )	    0 inf   1   1   1   1   1   1   1   1   1   1   1   1   1   1
831	(   4   6   7   9   1   0   1 )	    0 inf   1   1   1   1   1   1   1   1   1   1   1   1   1   1
832	(   4   7   6   8   0   1   2 )	    0 inf   1   1   1   1   1   1   1   1   1   1   1   1   1   1
833	(   3   7   7   9   1   1   1 )	    0 inf   1   1   1   1   1   1   1   1   1   1   1   1   1   1
834	(   3   6   7   8   1   1   1 )	 3180   0   1   1   1   1   1   1   1   1   1   1   1   1   1   1
835	(   2   6   5  10   1   0   1 )	    0 inf   1   1   1   1   1   1   1   1   1   1   1   1   1   1
836	(   6   7   8   7   0   0   2 )	    0 inf   1   1   1   1   1   1   1   1   1   1   1   1   1   1
837	(   3   5   5   9   1   0   1 )	    0 inf   1   1   1   1   1   1   1   1   1   1   1   1   1   1
838	(   4   9   8  10   0   0   2 )	    0 inf   1   1   1   1   1   1   1   1   1   1   1   1   1   1
839	(   2   5   6   9   1   1   2 )	    0 inf   1   1   1   1   1   1   1   1   1   1   1   1   1   1
840	(   7   6   7  10   0   0   2 )	    0 inf   1   1   1   1   1   1   1   1   1   1   1   1   1   1

BBE ( SOL ) OBJ CONS_H FRAME_SIZE MESH_SIZE
841	(   3   5   6   8   1   0   1 )	    0 inf   1   1   1   1   1   1   1   1   1   1   1   1   1   1
842	(   4   6   5   9   1   1   1 )	 3420   0   1   1   1   1   1   1   1   1   1   1   1   1   1   1
843	(   4   6   7   9   0   1   1 )	    0 inf   1   1   1   1   1   1   1   1   1   1   1   1   1   1
844	(   4   7   7   9   0   0   1 )	 3400   0   1   1   1   1   1   1   1   1   1   1   1   1   1   1
845	(   2   5   7  10   1   0   1 )	    0 inf   1   1   1   1   1   1   1   1   1   1   1   1   1   1
846	(   4   7   5   8   0   0   2 )	 2760   0   1   1   1   1   1   1   1   1   1   1   1   1   1   1
847	(   3   5   7   8   1   0   1 )	    0 inf   1   1   1   1   1   1   1   1   1   1   1   1   1   1
848	(   3   7   5  10   0   1   2 )	    0 inf   1   1   1   1   1   1   1   1   1   1   1   1   1   1
849	(   4   6   6   9   1   1   1 )	 3400   0   1   1   1   1   1   1   1   1   1   1   1   1   1   1
850	(   2   7   7   9   0   1   2 )	    0 inf   1   1   1   1   1   1   1   1   1   1   1   1   1   1
851	(   4   5   5   9   0   0   1 )	 3000   0   1   1   1   1   1   1   1   1   1   1   1   1   1   1
852	(   4   5   7   9   0   1   1 )	    0 inf   1   1   1   1   1   1   1   1   1   1   1   1   1   1
853	(   3   5   5   8   0   0   1 )	 2600   0   1   1   1   1   1   1   1   1   1   1   1   1   1   1
854	(   3   7   5  10   1   1   1 )	    0 inf   1   1   1   1   1   1   1   1   1   1   1   1   1   1
855	(   3   5   6   9   1   1   1 )	 3000   0   1   1   1   1   1   1   1   1   1   1   1   1   1   1
856	(   7   6   7   9   0   0   2 )	    0 inf   1   1   1   1   1   1   1   1   1   1   1   1   1   1
857	(   2   7   6  10   1   0   2 )	    0 inf   1   1   1   1   1   1   1   1   1   1   1   1   1   1
858	(   2   7   5  10   0   1   2 )	    0 inf   1   1   1   1   1   1   1   1   1   1   1   1   1   1
859	(   4   5   7   8   0   0   1 )	 3140   0   1   1   1   1   1   1   1   1   1   1   1   1   1   1
860	(   2   7   6  10   0   1   2 )	    0 inf   1   1   1   1   1   1   1   1   1   1   1   1   1   1
861	(   6   8   7   7   0   0   2 )	 4820   0   1   1   1   1   1   1   1   1   1   1   1   1   1   1
862	(   4   5   5   9   1   1   2 )	 2925   0   1   1   1   1   1   1   1   1   1   1   1   1   1   1
863	(   4   7   7   9   1   1   2 )	 3245   0   1   1   1   1   1   1   1   1   1   1   1   1   1   1
864	(   2   6   5  10   0   1   1 )	    0 inf   1   1   1   1   1   1   1   1   1   1   1   1   1   1
865	(   3   5   5  10   1   0   1 )	    0 inf   1   1   1   1   1   1   1   1   1   1   1   1   1   1
866	(   6   7   8   9   0   0   2 )	 4580   0   1   1   1   1   1   1   1   1   1   1   1   1   1   1
867	(   4   5   7   9   1   0   2 )	    0 inf   1   1   1   1   1   1   1   1   1   1   1   1   1   1
868	(   2   5   5  10   0   1   2 )	    0 inf   1   1   1   1   1   1   1   1   1   1   1   1   1   1
869	(   6   5   8   9   0   0   2 )	    0 inf   1   1   1   1   1   1   1   1   1   1   1   1   1   1
870	(   2   6   5  10   0   0   1 )	    0 inf   1   1   1   1   1   1   1   1   1   1   1   1   1   1
871	(   7   6   6  10   0   0   2 )	    0 inf   1   1   1   1   1   1   1   1   1   1   1   1   1   1
872	(   3   7   7   8   0   0   1 )	    0 inf   1   1   1   1   1   1   1   1   1   1   1   1   1   1
873	(   3   6   7  10   1   0   1 )	    0 inf   1   1   1   1   1   1   1   1   1   1   1   1   1   1
874	(   4   5   6   8   1   0   2 )	    0 inf   1   1   1   1   1   1   1   1   1   1   1   1   1   1
875	(   4   5   6  10   1   1   2 )	 3085   0   1   1   1   1   1   1   1   1   1   1   1   1   1   1
876	(   3   5   7   8   1   1   1 )	 3160   0   1   1   1   1   1   1   1   1   1   1   1   1   1   1
877	(   3   7   6  10   1   0   1 )	    0 inf   1   1   1   1   1   1   1   1   1   1   1   1   1   1
878	(   4   7   6   9   1   0   1 )	    0 inf   1   1   1   1   1   1   1   1   1   1   1   1   1   1
879	(   2   7   5  10   0   0   1 )	    0 inf   1   1   1   1   1   1   1   1   1   1   1   1   1   1
880	(   4   5   7   8   1   0   2 )	    0 inf   1   1   1   1   1   1   1   1   1   1   1   1   1   1

BBE ( SOL ) OBJ CONS_H FRAME_SIZE MESH_SIZE
881	(   4   5   7  10   1   0   1 )	    0 inf   1   1   1   1   1   1   1   1   1   1   1   1   1   1
882	(   3   6   5   8   1   1   1 )	 3020   0   1   1   1   1   1   1   1   1   1   1   1   1   1   1
883	(   3   6   7   8   1   0   1 )	    0 inf   1   1   1   1   1   1   1   1   1   1   1   1   1   1
884	(   4   6   6   8   1   1   2 )	 2890   0   1   1   1   1   1   1   1   1   1   1   1   1   1   1
885	(   4   7   6  10   1   0   2 )	    0 inf   1   1   1   1   1   1   1   1   1   1   1   1   1   1
886	(   3   5   6   8   1   1   1 )	 2980   0   1   1   1   1   1   1   1   1   1   1   1   1   1   1
887	(   4  10   7  10   0   0   2 )	    0 inf   1   1   1   1   1   1   1   1   1   1   1   1   1   1
888	(   4   5   7   9   1   0   1 )	    0 inf   1   1   1   1   1   1   1   1   1   1   1   1   1   1
889	(   7   7   4  10   0   0   2 )	    0 inf   1   1   1   1   1   1   1   1   1   1   1   1   1   1
890	(   3   6   5  10   0   1   1 )	    0 inf   1   1   1   1   1   1   1   1   1   1   1   1   1   1
891	(   2   6   5   8   0   0   1 )	    0 inf   1   1   1   1   1   1   1   1   1   1   1   1   1   1
892	(   4   6   5  10   0   1   1 )	    0 inf   1   1   1   1   1   1   1   1   1   1   1   1   1   1
893	(   2   6   5   8   0   1   1 )	    0 inf   1   1   1   1   1   1   1   1   1   1   1   1   1   1
894	(   4   6   5   9   1   0   1 )	    0 inf   1   1   1   1   1   1   1   1   1   1   1   1   1   1
895	(   4  10   7   9   0   0   2 )	    0 inf   1   1   1   1   1   1   1   1   1   1   1   1   1   1
896	(   2   6   7  10   1   0   1 )	    0 inf   1   1   1   1   1   1   1   1   1   1   1   1   1   1
897	(   7   7   5   9   0   0   2 )	 5050   0   1   1   1   1   1   1   1   1   1   1   1   1   1   1
898	(   3   5   7   8   0   1   2 )	    0 inf   1   1   1   1   1   1   1   1   1   1   1   1   1   1
899	(   4   9   5   8   0   0   2 )	    0 inf   1   1   1   1   1   1   1   1   1   1   1   1   1   1
900	(   5   6   8   8   0   0   2 )	 3625   0   1   1   1   1   1   1   1   1   1   1   1   1   1   1
901	(   4   5   5   9   1   0   1 )	    0 inf   1   1   1   1   1   1   1   1   1   1   1   1   1   1
902	(   3   6   7   9   1   1   1 )	 3200   0   1   1   1   1   1   1   1   1   1   1   1   1   1   1
903	(   4   7   6   9   0   1   1 )	    0 inf   1   1   1   1   1   1   1   1   1   1   1   1   1   1
904	(   3   7   6   9   1   1   1 )	    0 inf   1   1   1   1   1   1   1   1   1   1   1   1   1   1
905	(   4   6   8  10   0   0   2 )	 3250   0   1   1   1   1   1   1   1   1   1   1   1   1   1   1
906	(   5   7   5   6   0   0   2 )	 3935   0   1   1   1   1   1   1   1   1   1   1   1   1   1   1
907	(   2   7   6   8   1   1   2 )	    0 inf   1   1   1   1   1   1   1   1   1   1   1   1   1   1
908	(   7   5   7   9   0   0   2 )	    0 inf   1   1   1   1   1   1   1   1   1   1   1   1   1   1
909	(   2   5   7  10   0   1   2 )	    0 inf   1   1   1   1   1   1   1   1   1   1   1   1   1   1
910	(   4   6   6   9   1   0   1 )	    0 inf   1   1   1   1   1   1   1   1   1   1   1   1   1   1
911	(   4   7   5  10   0   1   2 )	    0 inf   1   1   1   1   1   1   1   1   1   1   1   1   1   1
912	(   6   6   6   9   0   0   2 )	 3855   0   1   1   1   1   1   1   1   1   1   1   1   1   1   1
913	(   2   7   6   9   1   0   1 )	    0 inf   1   1   1   1   1   1   1   1   1   1   1   1   1   1
914	(   2   6   5   9   0   1   1 )	    0 inf   1   1   1   1   1   1   1   1   1   1   1   1   1   1
915	(   2   7   6   9   1   1   1 )	    0 inf   1   1   1   1   1   1   1   1   1   1   1   1   1   1
916	(   4   7  10   8   0   0   2 )	    0 inf   1   1   1   1   1   1   1   1   1   1   1   1   1   1
917	(   2   6   5   8   1   1   2 )	    0 inf   1   1   1   1   1   1   1   1   1   1   1   1   1   1
918	(   4   7   5  10   0   0   1 )	 3460   0   1   1   1   1   1   1   1   1   1   1   1   1   1   1
919	(   5  10   7   8   0   0   2 )	 5240   0   1   1   1   1   1   1   1   1   1   1   1   1   1   1
920	(   4   7   6   9   1   1   2 )	 3080   0   1   1   1   1   1   1   1   1   1   1   1   1   1   1

BBE ( SOL ) OBJ CONS_H FRAME_SIZE MESH_SIZE
921	(   5   7   9   8   0   0   2 )	    0 inf   1   1   1   1   1   1   1   1   1   1   1   1   1   1
922	(   4   6   7   8   0   0   1 )	 3160   0   1   1   1   1   1   1   1   1   1   1   1   1   1   1
923	(   5   8   6   9   0   0   2 )	 3680   0   1   1   1   1   1   1   1   1   1   1   1   1   1   1
924	(   5   8   9   8   0   0   2 )	    0 inf   1   1   1   1   1   1   1   1   1   1   1   1   1   1
925	(   4   7  10   9   0   0   2 )	    0 inf   1   1   1   1   1   1   1   1   1   1   1   1   1   1
926	(   3   5   6  10   1   1   1 )	 3220   0   1   1   1   1   1   1   1   1   1   1   1   1   1   1
927	(   6   5   6  10   0   0   2 )	    0 inf   1   1   1   1   1   1   1   1   1   1   1   1   1   1
928	(   5   8   5  10   0   0   2 )	 3910   0   1   1   1   1   1   1   1   1   1   1   1   1   1   1
929	(   3   5   6  10   1   0   1 )	    0 inf   1   1   1   1   1   1   1   1   1   1   1   1   1   1
930	(   3   6   7   8   1   1   2 )	 2690   0   1   1   1   1   1   1   1   1   1   1   1   1   1   1
931	(   2   6   7   9   1   1   1 )	    0 inf   1   1   1   1   1   1   1   1   1   1   1   1   1   1
932	(   6   7   8   8   0   0   2 )	 4585   0   1   1   1   1   1   1   1   1   1   1   1   1   1   1
933	(   2   7   7   9   1   1   2 )	    0 inf   1   1   1   1   1   1   1   1   1   1   1   1   1   1
934	(   7   8   5   9   0   0   2 )	 5445   0   1   1   1   1   1   1   1   1   1   1   1   1   1   1
935	(   3   7   5   8   0   1   1 )	    0 inf   1   1   1   1   1   1   1   1   1   1   1   1   1   1
936	(   4   7   7   9   0   1   2 )	    0 inf   1   1   1   1   1   1   1   1   1   1   1   1   1   1
937	(   6   7   9   9   0   0   2 )	 5145   0   1   1   1   1   1   1   1   1   1   1   1   1   1   1
938	(   4   8   7   8   0   0   2 )	 3285   0   1   1   1   1   1   1   1   1   1   1   1   1   1   1
939	(   4   6   7  10   0   1   1 )	    0 inf   1   1   1   1   1   1   1   1   1   1   1   1   1   1
940	(   6   5   5  10   0   0   2 )	    0 inf   1   1   1   1   1   1   1   1   1   1   1   1   1   1
941	(   4   6   7   8   1   1   2 )	 3055   0   1   1   1   1   1   1   1   1   1   1   1   1   1   1
942	(   5   7   8   9   0   0   2 )	 3815   0   1   1   1   1   1   1   1   1   1   1   1   1   1   1
943	(   2   5   6   8   1   1   2 )	    0 inf   1   1   1   1   1   1   1   1   1   1   1   1   1   1
944	(   4   5   6  10   1   0   2 )	    0 inf   1   1   1   1   1   1   1   1   1   1   1   1   1   1
945	(   4   7   6  10   1   1   1 )	 3840   0   1   1   1   1   1   1   1   1   1   1   1   1   1   1
946	(   4   7   6   8   0   0   1 )	 3200   0   1   1   1   1   1   1   1   1   1   1   1   1   1   1
947	(   2   5   5   9   0   1   1 )	    0 inf   1   1   1   1   1   1   1   1   1   1   1   1   1   1
948	(   5   8   8   8   0   0   2 )	 4215   0   1   1   1   1   1   1   1   1   1   1   1   1   1   1
949	(   4   5   6   9   1   1   2 )	 2890   0   1   1   1   1   1   1   1   1   1   1   1   1   1   1
950	(   4   5   5  10   1   0   2 )	    0 inf   1   1   1   1   1   1   1   1   1   1   1   1   1   1
951	(   7   5   5  10   0   0   2 )	    0 inf   1   1   1   1   1   1   1   1   1   1   1   1   1   1
952	(   3   5   5   9   0   1   1 )	    0 inf   1   1   1   1   1   1   1   1   1   1   1   1   1   1
953	(   4   7  10  10   0   0   2 )	 4775   0   1   1   1   1   1   1   1   1   1   1   1   1   1   1
954	(   4   7   5  10   1   1   2 )	 3310   0   1   1   1   1   1   1   1   1   1   1   1   1   1   1
955	(   4  10   5  10   0   0   2 )	    0 inf   1   1   1   1   1   1   1   1   1   1   1   1   1   1
956	(   7   5   6  10   0   0   2 )	    0 inf   1   1   1   1   1   1   1   1   1   1   1   1   1   1
957	(   2   7   7   8   1   0   2 )	    0 inf   1   1   1   1   1   1   1   1   1   1   1   1   1   1
958	(   4   5   5  10   0   0   2 )	 2760   0   1   1   1   1   1   1   1   1   1   1   1   1   1   1
959	(   2   7   5   9   1   0   2 )	    0 inf   1   1   1   1   1   1   1   1   1   1   1   1   1   1
960	(   3   5   5   8   1   1   2 )	 2565   0   1   1   1   1   1   1   1   1   1   1   1   1   1   1

BBE ( SOL ) OBJ CONS_H FRAME_SIZE MESH_SIZE
961	(   4   9   9   8   0   0   2 )	    0 inf   1   1   1   1   1   1   1   1   1   1   1   1   1   1
962	(   2   5   6   8   1   0   1 )	    0 inf   1   1   1   1   1   1   1   1   1   1   1   1   1   1
963	(   4   5   6  10   1   0   1 )	    0 inf   1   1   1   1   1   1   1   1   1   1   1   1   1   1
964	(   6   8   7   9   0   0   2 )	 4610   0   1   1   1   1   1   1   1   1   1   1   1   1   1   1
965	(   6   7   6   8   0   0   2 )	 4055   0   1   1   1   1   1   1   1   1   1   1   1   1   1   1
966	(   8   5   7   8   0   0   2 )	    0 inf   1   1   1   1   1   1   1   1   1   1   1   1   1   1
967	(   4   7   6   8   1   1   1 )	 3600   0   1   1   1   1   1   1   1   1   1   1   1   1   1   1
968	(   2   7   5  10   0   0   2 )	    0 inf   1   1   1   1   1   1   1   1   1   1   1   1   1   1
969	(   4   5   7   8   1   1   2 )	 3060   0   1   1   1   1   1   1   1   1   1   1   1   1   1   1
970	(   4   8   5  10   0   0   2 )	 3345   0   1   1   1   1   1   1   1   1   1   1   1   1   1   1
971	(   4   5   7  10   0   0   1 )	 3380   0   1   1   1   1   1   1   1   1   1   1   1   1   1   1
972	(   2   7   7  10   1   0   2 )	    0 inf   1   1   1   1   1   1   1   1   1   1   1   1   1   1
973	(   4   5   5   8   0   1   2 )	    0 inf   1   1   1   1   1   1   1   1   1   1   1   1   1   1
974	(   2   5   6  10   1   0   2 )	    0 inf   1   1   1   1   1   1   1   1   1   1   1   1   1   1
975	(   4   7   7   8   1   0   1 )	    0 inf   1   1   1   1   1   1   1   1   1   1   1   1   1   1
976	(   2   7   7  10   0   0   1 )	    0 inf   1   1   1   1   1   1   1   1   1   1   1   1   1   1
977	(   7   4   5   8   0   0   2 )	    0 inf   1   1   1   1   1   1   1   1   1   1   1   1   1   1
978	(   2   7   6  10   1   1   2 )	    0 inf   1   1   1   1   1   1   1   1   1   1   1   1   1   1
979	(   4   5   5   8   1   0   2 )	    0 inf   1   1   1   1   1   1   1   1   1   1   1   1   1   1
980	(   2   5   5   9   1   0   2 )	    0 inf   1   1   1   1   1   1   1   1   1   1   1   1   1   1
981	(   7   7   5  10   0   0   2 )	 5245   0   1   1   1   1   1   1   1   1   1   1   1   1   1   1
982	(   2   7   7  10   0   1   1 )	    0 inf   1   1   1   1   1   1   1   1   1   1   1   1   1   1
983	(   4   7   5   8   0   1   2 )	    0 inf   1   1   1   1   1   1   1   1   1   1   1   1   1   1
984	(   4   5   6  10   0   1   2 )	    0 inf   1   1   1   1   1   1   1   1   1   1   1   1   1   1
985	(   6   5   7   9   0   0   2 )	    0 inf   1   1   1   1   1   1   1   1   1   1   1   1   1   1
986	(   2   6   7   9   1   0   1 )	    0 inf   1   1   1   1   1   1   1   1   1   1   1   1   1   1
987	(   7   7   6   8   0   0   2 )	 5020   0   1   1   1   1   1   1   1   1   1   1   1   1   1   1
988	(   2   5   7  10   0   1   1 )	    0 inf   1   1   1   1   1   1   1   1   1   1   1   1   1   1
989	(   3   7   7   8   0   1   2 )	    0 inf   1   1   1   1   1   1   1   1   1   1   1   1   1   1
990	(   6   6   5  10   0   0   2 )	 4085   0   1   1   1   1   1   1   1   1   1   1   1   1   1   1
991	(   5   9   7   9   0   0   2 )	 4440   0   1   1   1   1   1   1   1   1   1   1   1   1   1   1
992	(   4   9   7   6   0   0   2 )	    0 inf   1   1   1   1   1   1   1   1   1   1   1   1   1   1
993	(   2   5   5   8   0   1   2 )	    0 inf   1   1   1   1   1   1   1   1   1   1   1   1   1   1
994	(   4   8   8   8   0   0   2 )	 3650   0   1   1   1   1   1   1   1   1   1   1   1   1   1   1
995	(   5   8   5   9   0   0   2 )	 3715   0   1   1   1   1   1   1   1   1   1   1   1   1   1   1
996	(   4   5   5  10   1   0   1 )	    0 inf   1   1   1   1   1   1   1   1   1   1   1   1   1   1
997	(   4   5   7  10   0   1   2 )	    0 inf   1   1   1   1   1   1   1   1   1   1   1   1   1   1
998	(   6   8   6   8   0   0   2 )	 4450   0   1   1   1   1   1   1   1   1   1   1   1   1   1   1
999	(   2   7   5   8   1   0   2 )	    0 inf   1   1   1   1   1   1   1   1   1   1   1   1   1   1
1000	(   4   5   7  10   0   1   1 )	    0 inf   1   1   1   1   1   1   1   1   1   1   1   1   1   1

BBE ( SOL ) OBJ CONS_H FRAME_SIZE MESH_SIZE
1001	(   7   6   6   9   0   0   2 )	    0 inf   1   1   1   1   1   1   1   1   1   1   1   1   1   1
1002	(   6   8   8   7   0   0   2 )	    0 inf   1   1   1   1   1   1   1   1   1   1   1   1   1   1
1003	(   6   9   7   6   0   0   2 )	    0 inf   1   1   1   1   1   1   1   1   1   1   1   1   1   1
1004	(   3   7   7   8   1   0   1 )	    0 inf   1   1   1   1   1   1   1   1   1   1   1   1   1   1
1005	(   3   5   7   9   0   1   1 )	    0 inf   1   1   1   1   1   1   1   1   1   1   1   1   1   1
1006	(   2   5   6   9   0   1   1 )	    0 inf   1   1   1   1   1   1   1   1   1   1   1   1   1   1
1007	(   3   5   7  10   0   1   1 )	    0 inf   1   1   1   1   1   1   1   1   1   1   1   1   1   1
1008	(   4  10   5   8   0   0   2 )	    0 inf   1   1   1   1   1   1   1   1   1   1   1   1   1   1
1009	(   4   7   7  10   1   1   2 )	 3440   0   1   1   1   1   1   1   1   1   1   1   1   1   1   1
1010	(   6   9   7  10   0   0   2 )	 5400   0   1   1   1   1   1   1   1   1   1   1   1   1   1   1
1011	(   6   8   6  10   0   0   2 )	 4640   0   1   1   1   1   1   1   1   1   1   1   1   1   1   1
1012	(   2   7   5   8   0   0   1 )	    0 inf   1   1   1   1   1   1   1   1   1   1   1   1   1   1
1013	(   8   6   7   9   0   0   2 )	    0 inf   1   1   1   1   1   1   1   1   1   1   1   1   1   1
1014	(   4  10  10   9   0   0   2 )	    0 inf   1   1   1   1   1   1   1   1   1   1   1   1   1   1
1015	(   7   8   8   8   0   0   2 )	 5945   0   1   1   1   1   1   1   1   1   1   1   1   1   1   1
1016	(   4   6   7  10   1   0   1 )	    0 inf   1   1   1   1   1   1   1   1   1   1   1   1   1   1
1017	(   5   9   4   9   0   0   2 )	    0 inf   1   1   1   1   1   1   1   1   1   1   1   1   1   1
1018	(   2   5   6  10   1   0   1 )	    0 inf   1   1   1   1   1   1   1   1   1   1   1   1   1   1
1019	(   8   8   4  10   0   0   2 )	    0 inf   1   1   1   1   1   1   1   1   1   1   1   1   1   1
1020	(   6   8   6   7   0   0   2 )	 4655   0   1   1   1   1   1   1   1   1   1   1   1   1   1   1
1021	(   5   6   5  10   0   0   2 )	 3320   0   1   1   1   1   1   1   1   1   1   1   1   1   1   1
1022	(   6   6   8  10   0   0   2 )	 4580   0   1   1   1   1   1   1   1   1   1   1   1   1   1   1
1023	(   4   9   6   8   0   0   2 )	    0 inf   1   1   1   1   1   1   1   1   1   1   1   1   1   1
1024	(   7   7   8   7   0   0   2 )	    0 inf   1   1   1   1   1   1   1   1   1   1   1   1   1   1
1025	(   3   5   7   8   1   1   2 )	 2695   0   1   1   1   1   1   1   1   1   1   1   1   1   1   1
1026	(   2   6   5  10   1   1   2 )	    0 inf   1   1   1   1   1   1   1   1   1   1   1   1   1   1
1027	(   3   7   6  10   1   1   1 )	    0 inf   1   1   1   1   1   1   1   1   1   1   1   1   1   1
1028	(   4   5   7   8   0   1   1 )	    0 inf   1   1   1   1   1   1   1   1   1   1   1   1   1   1
1029	(   4   7   6  10   1   0   1 )	    0 inf   1   1   1   1   1   1   1   1   1   1   1   1   1   1
1030	(   4   5   7   8   0   1   2 )	    0 inf   1   1   1   1   1   1   1   1   1   1   1   1   1   1
1031	(   6   7   5   6   0   0   2 )	 4700   0   1   1   1   1   1   1   1   1   1   1   1   1   1   1
1032	(   2   5   6   9   1   1   1 )	    0 inf   1   1   1   1   1   1   1   1   1   1   1   1   1   1
1033	(   4   5   6   9   1   0   1 )	    0 inf   1   1   1   1   1   1   1   1   1   1   1   1   1   1
1034	(   7   5   7  10   0   0   2 )	    0 inf   1   1   1   1   1   1   1   1   1   1   1   1   1   1
1035	(   6   5   8  10   0   0   2 )	    0 inf   1   1   1   1   1   1   1   1   1   1   1   1   1   1
1036	(   5   7   3   9   0   0   2 )	    0 inf   1   1   1   1   1   1   1   1   1   1   1   1   1   1
1037	(   7   6   8   9   0   0   2 )	    0 inf   1   1   1   1   1   1   1   1   1   1   1   1   1   1
1038	(   3   5   5  10   0   1   1 )	    0 inf   1   1   1   1   1   1   1   1   1   1   1   1   1   1
1039	(   4   9   8   9   0   0   2 )	    0 inf   1   1   1   1   1   1   1   1   1   1   1   1   1   1
1040	(   6   7   7   7   0   0   2 )	 4425   0   1   1   1   1   1   1   1   1   1   1   1   1   1   1

BBE ( SOL ) OBJ CONS_H FRAME_SIZE MESH_SIZE
1041	(   2   5   7   8   0   1   2 )	    0 inf   1   1   1   1   1   1   1   1   1   1   1   1   1   1
1042	(   4   7   7   8   0   1   2 )	    0 inf   1   1   1   1   1   1   1   1   1   1   1   1   1   1
1043	(   5   6   6   9   0   0   2 )	 3090   0   1   1   1   1   1   1   1   1   1   1   1   1   1   1
1044	(   5   9   8  10   0   0   2 )	 5000   0   1   1   1   1   1   1   1   1   1   1   1   1   1   1
1045	(   4   9   8   8   0   0   2 )	    0 inf   1   1   1   1   1   1   1   1   1   1   1   1   1   1
1046	(   2   6   6  10   1   1   1 )	    0 inf   1   1   1   1   1   1   1   1   1   1   1   1   1   1
1047	(   7   6   5  10   0   0   2 )	    0 inf   1   1   1   1   1   1   1   1   1   1   1   1   1   1
1048	(   5   9   6   8   0   0   2 )	 4280   0   1   1   1   1   1   1   1   1   1   1   1   1   1   1
1049	(   2   7   5   8   0   1   1 )	    0 inf   1   1   1   1   1   1   1   1   1   1   1   1   1   1
1050	(   5   7   9   9   0   0   2 )	 4380   0   1   1   1   1   1   1   1   1   1   1   1   1   1   1
1051	(   5   8   4  10   0   0   2 )	    0 inf   1   1   1   1   1   1   1   1   1   1   1   1   1   1
1052	(   4   9   9  10   0   0   2 )	    0 inf   1   1   1   1   1   1   1   1   1   1   1   1   1   1
1053	(   5   8   9   7   0   0   2 )	    0 inf   1   1   1   1   1   1   1   1   1   1   1   1   1   1
1054	(   4   5   5  10   0   1   2 )	    0 inf   1   1   1   1   1   1   1   1   1   1   1   1   1   1
1055	(   5   6   8   9   0   0   2 )	 3620   0   1   1   1   1   1   1   1   1   1   1   1   1   1   1
1056	(   5   8  10  10   0   0   2 )	 5735   0   1   1   1   1   1   1   1   1   1   1   1   1   1   1
1057	(   6   7   9   8   0   0   2 )	    0 inf   1   1   1   1   1   1   1   1   1   1   1   1   1   1
1058	(   6   9   9   6   0   0   2 )	    0 inf   1   1   1   1   1   1   1   1   1   1   1   1   1   1
1059	(   3   5   5   9   1   1   1 )	 3020   0   1   1   1   1   1   1   1   1   1   1   1   1   1   1
1060	(   4   5   5   8   0   0   1 )	 2980   0   1   1   1   1   1   1   1   1   1   1   1   1   1   1
1061	(   4   7   7   8   1   1   2 )	 3250   0   1   1   1   1   1   1   1   1   1   1   1   1   1   1
1062	(   4   5   7  10   1   0   2 )	    0 inf   1   1   1   1   1   1   1   1   1   1   1   1   1   1
1063	(   5   6   6   7   0   0   2 )	 3300   0   1   1   1   1   1   1   1   1   1   1   1   1   1   1
1064	(   2   6   5   9   1   0   1 )	    0 inf   1   1   1   1   1   1   1   1   1   1   1   1   1   1
1065	(   5   7   9   7   0   0   2 )	    0 inf   1   1   1   1   1   1   1   1   1   1   1   1   1   1
1066	(   2   7   5   9   1   0   1 )	    0 inf   1   1   1   1   1   1   1   1   1   1   1   1   1   1
1067	(   4   7   5   9   1   0   2 )	    0 inf   1   1   1   1   1   1   1   1   1   1   1   1   1   1
1068	(   2   7   7   9   1   0   1 )	    0 inf   1   1   1   1   1   1   1   1   1   1   1   1   1   1
1069	(   3   5   7  10   1   1   2 )	 2885   0   1   1   1   1   1   1   1   1   1   1   1   1   1   1
1070	(   4  10   8   8   0   0   2 )	    0 inf   1   1   1   1   1   1   1   1   1   1   1   1   1   1
1071	(   4   6   7   8   0   1   1 )	    0 inf   1   1   1   1   1   1   1   1   1   1   1   1   1   1
1072	(   2   7   6  10   0   1   1 )	    0 inf   1   1   1   1   1   1   1   1   1   1   1   1   1   1
1073	(   6   5   7   8   0   0   2 )	    0 inf   1   1   1   1   1   1   1   1   1   1   1   1   1   1
1074	(   5   8   7   8   0   0   2 )	 3850   0   1   1   1   1   1   1   1   1   1   1   1   1   1   1
1075	(   4   7   6  10   0   1   2 )	    0 inf   1   1   1   1   1   1   1   1   1   1   1   1   1   1
1076	(   8   7   6   9   0   0   2 )	    0 inf   1   1   1   1   1   1   1   1   1   1   1   1   1   1
1077	(   6   9   7   8   0   0   2 )	 5210   0   1   1   1   1   1   1   1   1   1   1   1   1   1   1
1078	(   7   6   8   8   0   0   2 )	    0 inf   1   1   1   1   1   1   1   1   1   1   1   1   1   1
1079	(   2   6   5   8   1   0   1 )	    0 inf   1   1   1   1   1   1   1   1   1   1   1   1   1   1
1080	(   5   7  10   9   0   0   2 )	    0 inf   1   1   1   1   1   1   1   1   1   1   1   1   1   1

BBE ( SOL ) OBJ CONS_H FRAME_SIZE MESH_SIZE
1081	(   8   6   7  10   0   0   2 )	    0 inf   1   1   1   1   1   1   1   1   1   1   1   1   1   1
1082	(   7   6   9   8   0   0   2 )	    0 inf   1   1   1   1   1   1   1   1   1   1   1   1   1   1
1083	(   8   6   7   7   0   0   2 )	    0 inf   1   1   1   1   1   1   1   1   1   1   1   1   1   1
1084	(   2   6   5   9   1   1   1 )	    0 inf   1   1   1   1   1   1   1   1   1   1   1   1   1   1
1085	(   4   5   7   8   1   0   1 )	    0 inf   1   1   1   1   1   1   1   1   1   1   1   1   1   1
1086	(   4   6   7   9   1   1   1 )	 3580   0   1   1   1   1   1   1   1   1   1   1   1   1   1   1
1087	(   2   5   6   8   0   1   1 )	    0 inf   1   1   1   1   1   1   1   1   1   1   1   1   1   1
1088	(   4   5   6  10   0   1   1 )	    0 inf   1   1   1   1   1   1   1   1   1   1   1   1   1   1
1089	(   4   7   7   8   0   1   1 )	    0 inf   1   1   1   1   1   1   1   1   1   1   1   1   1   1
1090	(   4   6   6   8   1   0   1 )	    0 inf   1   1   1   1   1   1   1   1   1   1   1   1   1   1
1091	(   6   6   7   7   0   0   2 )	 4230   0   1   1   1   1   1   1   1   1   1   1   1   1   1   1
1092	(   2   6   7  10   0   1   1 )	    0 inf   1   1   1   1   1   1   1   1   1   1   1   1   1   1
1093	(   3   7   5   8   1   0   1 )	    0 inf   1   1   1   1   1   1   1   1   1   1   1   1   1   1
1094	(   4   9   8   7   0   0   2 )	    0 inf   1   1   1   1   1   1   1   1   1   1   1   1   1   1
1095	(   4   7   6   8   1   0   1 )	    0 inf   1   1   1   1   1   1   1   1   1   1   1   1   1   1
1096	(   4   5   5   9   0   1   1 )	    0 inf   1   1   1   1   1   1   1   1   1   1   1   1   1   1
1097	(   2   6   7   8   1   0   1 )	    0 inf   1   1   1   1   1   1   1   1   1   1   1   1   1   1
1098	(   5   9   4  10   0   0   2 )	    0 inf   1   1   1   1   1   1   1   1   1   1   1   1   1   1
1099	(   2   5   5   8   1   0   2 )	    0 inf   1   1   1   1   1   1   1   1   1   1   1   1   1   1
1100	(   5   8   8   9   0   0   2 )	 4210   0   1   1   1   1   1   1   1   1   1   1   1   1   1   1
1101	(   8   8   7  10   0   0   2 )	 6935   0   1   1   1   1   1   1   1   1   1   1   1   1   1   1
1102	(   4   6   7   8   1   1   1 )	 3560   0   1   1   1   1   1   1   1   1   1   1   1   1   1   1
1103	(   4   6   7  10   1   1   2 )	 3245   0   1   1   1   1   1   1   1   1   1   1   1   1   1   1
1104	(   7   6   5   9   0   0   2 )	    0 inf   1   1   1   1   1   1   1   1   1   1   1   1   1   1
1105	(   3   7   5   8   1   1   1 )	    0 inf   1   1   1   1   1   1   1   1   1   1   1   1   1   1
1106	(   3   7   5  10   1   1   2 )	    0 inf   1   1   1   1   1   1   1   1   1   1   1   1   1   1
1107	(   6   6   7   8   0   0   2 )	 4025   0   1   1   1   1   1   1   1   1   1   1   1   1   1   1
1108	(   2   5   6  10   1   1   2 )	    0 inf   1   1   1   1   1   1   1   1   1   1   1   1   1   1
1109	(   5   9   5   9   0   0   2 )	 4310   0   1   1   1   1   1   1   1   1   1   1   1   1   1   1
1110	(   2   6   7   8   1   1   2 )	    0 inf   1   1   1   1   1   1   1   1   1   1   1   1   1   1
1111	(   4   5   5   9   1   1   1 )	 3400   0   1   1   1   1   1   1   1   1   1   1   1   1   1   1
1112	(   2   5   7  10   1   0   2 )	    0 inf   1   1   1   1   1   1   1   1   1   1   1   1   1   1
1113	(   4   7   5   8   0   1   1 )	    0 inf   1   1   1   1   1   1   1   1   1   1   1   1   1   1
1114	(   2   5   7   9   0   1   1 )	    0 inf   1   1   1   1   1   1   1   1   1   1   1   1   1   1
1115	(   5   8   8   7   0   0   2 )	    0 inf   1   1   1   1   1   1   1   1   1   1   1   1   1   1
1116	(   6   8   4  10   0   0   2 )	    0 inf   1   1   1   1   1   1   1   1   1   1   1   1   1   1
1117	(   5   9   7   6   0   0   2 )	    0 inf   1   1   1   1   1   1   1   1   1   1   1   1   1   1
1118	(   5  10   6   9   0   0   2 )	 5070   0   1   1   1   1   1   1   1   1   1   1   1   1   1   1
1119	(   5   8   7   7   0   0   2 )	 4055   0   1   1   1   1   1   1   1   1   1   1   1   1   1   1
1120	(   6   6   8   9   0   0   2 )	 4385   0   1   1   1   1   1   1   1   1   1   1   1   1   1   1

BBE ( SOL ) OBJ CONS_H FRAME_SIZE MESH_SIZE
1121	(   4   9   9   9   0   0   2 )	    0 inf   1   1   1   1   1   1   1   1   1   1   1   1   1   1
1122	(   5   6   9  10   0   0   2 )	 4380   0   1   1   1   1   1   1   1   1   1   1   1   1   1   1
1123	(   5   6   9   9   0   0   2 )	 4185   0   1   1   1   1   1   1   1   1   1   1   1   1   1   1
1124	(   4   7   7  10   0   1   1 )	    0 inf   1   1   1   1   1   1   1   1   1   1   1   1   1   1
1125	(   6   8   5   8   0   0   2 )	 4485   0   1   1   1   1   1   1   1   1   1   1   1   1   1   1
1126	(   2   7   7   8   1   1   2 )	    0 inf   1   1   1   1   1   1   1   1   1   1   1   1   1   1
1127	(   4   8   6   8   0   0   2 )	 3120   0   1   1   1   1   1   1   1   1   1   1   1   1   1   1
1128	(   2   6   7  10   1   1   1 )	    0 inf   1   1   1   1   1   1   1   1   1   1   1   1   1   1
1129	(   5   7   3  10   0   0   2 )	    0 inf   1   1   1   1   1   1   1   1   1   1   1   1   1   1
1130	(   5   6   8   7   0   0   2 )	    0 inf   1   1   1   1   1   1   1   1   1   1   1   1   1   1
1131	(   6   6   8   6   0   0   2 )	    0 inf   1   1   1   1   1   1   1   1   1   1   1   1   1   1
1132	(   2   5   5   8   1   1   2 )	    0 inf   1   1   1   1   1   1   1   1   1   1   1   1   1   1
1133	(   7   8   8  10   0   0   2 )	 6135   0   1   1   1   1   1   1   1   1   1   1   1   1   1   1
1134	(   5   8   9   9   0   0   2 )	 4775   0   1   1   1   1   1   1   1   1   1   1   1   1   1   1
1135	(   5   9   5  10   0   0   2 )	 4505   0   1   1   1   1   1   1   1   1   1   1   1   1   1   1
1136	(   7   8   7   7   0   0   2 )	 5785   0   1   1   1   1   1   1   1   1   1   1   1   1   1   1
1137	(   6   5   9  10   0   0   2 )	    0 inf   1   1   1   1   1   1   1   1   1   1   1   1   1   1
1138	(   4  10   7   8   0   0   2 )	    0 inf   1   1   1   1   1   1   1   1   1   1   1   1   1   1
1139	(   7   8   6   9   0   0   2 )	 5410   0   1   1   1   1   1   1   1   1   1   1   1   1   1   1
1140	(   4   9   7   7   0   0   2 )	    0 inf   1   1   1   1   1   1   1   1   1   1   1   1   1   1
1141	(   2   7   5   8   1   1   2 )	    0 inf   1   1   1   1   1   1   1   1   1   1   1   1   1   1
1142	(   5   6   9   8   0   0   2 )	    0 inf   1   1   1   1   1   1   1   1   1   1   1   1   1   1
1143	(   7   8   7  10   0   0   2 )	 5770   0   1   1   1   1   1   1   1   1   1   1   1   1   1   1
1144	(   5   6   7   8   0   0   2 )	 3260   0   1   1   1   1   1   1   1   1   1   1   1   1   1   1
1145	(   6   7   5   7   0   0   2 )	 4295   0   1   1   1   1   1   1   1   1   1   1   1   1   1   1
1146	(   4   7   5   9   0   1   1 )	    0 inf   1   1   1   1   1   1   1   1   1   1   1   1   1   1
1147	(   4   7   7  10   1   1   1 )	 4020   0   1   1   1   1   1   1   1   1   1   1   1   1   1   1
1148	(   6   8   5  10   0   0   2 )	 4675   0   1   1   1   1   1   1   1   1   1   1   1   1   1   1
1149	(   3   5   7  10   1   0   1 )	    0 inf   1   1   1   1   1   1   1   1   1   1   1   1   1   1
1150	(   7   8   7   9   0   0   2 )	 5575   0   1   1   1   1   1   1   1   1   1   1   1   1   1   1
1151	(   4   8   9   8   0   0   2 )	    0 inf   1   1   1   1   1   1   1   1   1   1   1   1   1   1
1152	(   7   6   7   8   0   0   2 )	    0 inf   1   1   1   1   1   1   1   1   1   1   1   1   1   1
1153	(   6   9   6  10   0   0   2 )	 5235   0   1   1   1   1   1   1   1   1   1   1   1   1   1   1
1154	(   2   7   7   8   0   1   1 )	    0 inf   1   1   1   1   1   1   1   1   1   1   1   1   1   1
1155	(   4   8   7   6   0   0   2 )	    0 inf   1   1   1   1   1   1   1   1   1   1   1   1   1   1
1156	(   3   6   5   8   0   1   1 )	    0 inf   1   1   1   1   1   1   1   1   1   1   1   1   1   1
1157	(   2   7   7   8   1   0   1 )	    0 inf   1   1   1   1   1   1   1   1   1   1   1   1   1   1
1158	(   2   7   7  10   1   1   2 )	    0 inf   1   1   1   1   1   1   1   1   1   1   1   1   1   1
1159	(   2   5   7  10   1   1   1 )	    0 inf   1   1   1   1   1   1   1   1   1   1   1   1   1   1
1160	(   4   6   5   8   1   1   1 )	 3400   0   1   1   1   1   1   1   1   1   1   1   1   1   1   1

BBE ( SOL ) OBJ CONS_H FRAME_SIZE MESH_SIZE
1161	(   2   7   6  10   1   1   1 )	    0 inf   1   1   1   1   1   1   1   1   1   1   1   1   1   1
1162	(   6   7   3  10   0   0   2 )	    0 inf   1   1   1   1   1   1   1   1   1   1   1   1   1   1
1163	(   4   6   5   8   0   1   1 )	    0 inf   1   1   1   1   1   1   1   1   1   1   1   1   1   1
1164	(   2   7   6   8   1   0   1 )	    0 inf   1   1   1   1   1   1   1   1   1   1   1   1   1   1
1165	(   4   5   5  10   0   1   1 )	    0 inf   1   1   1   1   1   1   1   1   1   1   1   1   1   1
1166	(   4   6   6   8   1   1   1 )	 3380   0   1   1   1   1   1   1   1   1   1   1   1   1   1   1
1167	(   6   9   8   7   0   0   2 )	    0 inf   1   1   1   1   1   1   1   1   1   1   1   1   1   1
1168	(   6   6   5   9   0   0   2 )	 3890   0   1   1   1   1   1   1   1   1   1   1   1   1   1   1
1169	(   2   5   7  10   1   1   2 )	    0 inf   1   1   1   1   1   1   1   1   1   1   1   1   1   1
1170	(   4   7   5   8   0   0   1 )	 3220   0   1   1   1   1   1   1   1   1   1   1   1   1   1   1
1171	(   6   8   5   9   0   0   2 )	 4480   0   1   1   1   1   1   1   1   1   1   1   1   1   1   1
1172	(   2   7   5   9   0   1   1 )	    0 inf   1   1   1   1   1   1   1   1   1   1   1   1   1   1
1173	(   4   7   5   9   1   0   1 )	    0 inf   1   1   1   1   1   1   1   1   1   1   1   1   1   1
1174	(   5   9   6   9   0   0   2 )	 4275   0   1   1   1   1   1   1   1   1   1   1   1   1   1   1
1175	(   4   5   6   9   1   1   1 )	 3380   0   1   1   1   1   1   1   1   1   1   1   1   1   1   1
1176	(   3   7   7  10   1   0   1 )	    0 inf   1   1   1   1   1   1   1   1   1   1   1   1   1   1
1177	(   7   8   6   8   0   0   2 )	 5415   0   1   1   1   1   1   1   1   1   1   1   1   1   1   1
1178	(   6   6   3   9   0   0   2 )	    0 inf   1   1   1   1   1   1   1   1   1   1   1   1   1   1
1179	(   5   7   6   8   0   0   2 )	 3290   0   1   1   1   1   1   1   1   1   1   1   1   1   1   1
1180	(   4   6   5   8   1   1   2 )	 2925   0   1   1   1   1   1   1   1   1   1   1   1   1   1   1
1181	(   7   7   7   8   0   0   2 )	 5185   0   1   1   1   1   1   1   1   1   1   1   1   1   1   1
1182	(   2   5   5   8   1   1   1 )	    0 inf   1   1   1   1   1   1   1   1   1   1   1   1   1   1
1183	(   2   5   7   8   1   0   1 )	    0 inf   1   1   1   1   1   1   1   1   1   1   1   1   1   1
1184	(   7   9   6  10   0   0   2 )	 6200   0   1   1   1   1   1   1   1   1   1   1   1   1   1   1
1185	(   5   9   7   8   0   0   2 )	 4445   0   1   1   1   1   1   1   1   1   1   1   1   1   1   1
1186	(   8   5   5  10   0   0   2 )	    0 inf   1   1   1   1   1   1   1   1   1   1   1   1   1   1
1187	(   5   5   8  10   0   0   2 )	 3820   0   1   1   1   1   1   1   1   1   1   1   1   1   1   1
1188	(   2   6   5  10   1   1   1 )	    0 inf   1   1   1   1   1   1   1   1   1   1   1   1   1   1
1189	(   4   7   6   8   1   1   2 )	 3085   0   1   1   1   1   1   1   1   1   1   1   1   1   1   1
1190	(   7   4   7  10   0   0   2 )	    0 inf   1   1   1   1   1   1   1   1   1   1   1   1   1   1
1191	(   5   8   6   7   0   0   2 )	 3890   0   1   1   1   1   1   1   1   1   1   1   1   1   1   1
1192	(   7   5   5   8   0   0   2 )	    0 inf   1   1   1   1   1   1   1   1   1   1   1   1   1   1
1193	(   4   7   5  10   1   0   1 )	    0 inf   1   1   1   1   1   1   1   1   1   1   1   1   1   1
1194	(   3   5   5   8   0   1   1 )	    0 inf   1   1   1   1   1   1   1   1   1   1   1   1   1   1
1195	(   7   8   6  10   0   0   2 )	 5605   0   1   1   1   1   1   1   1   1   1   1   1   1   1   1
1196	(   8   6   6   9   0   0   2 )	    0 inf   1   1   1   1   1   1   1   1   1   1   1   1   1   1
1197	(   3   7   5  10   1   0   1 )	    0 inf   1   1   1   1   1   1   1   1   1   1   1   1   1   1
1198	(   2   6   5   8   1   1   1 )	    0 inf   1   1   1   1   1   1   1   1   1   1   1   1   1   1
1199	(   5   7  10  10   0   0   2 )	 5340   0   1   1   1   1   1   1   1   1   1   1   1   1   1   1
1200	(   5   7   6   6   0   0   2 )	 3900   0   1   1   1   1   1   1   1   1   1   1   1   1   1   1

BBE ( SOL ) OBJ CONS_H FRAME_SIZE MESH_SIZE
1201	(   7   7   8   8   0   0   2 )	 5550   0   1   1   1   1   1   1   1   1   1   1   1   1   1   1
1202	(   7   7   7   7   0   0   2 )	 5390   0   1   1   1   1   1   1   1   1   1   1   1   1   1   1
1203	(   6   5   6   8   0   0   2 )	    0 inf   1   1   1   1   1   1   1   1   1   1   1   1   1   1
1204	(   2   5   5   8   0   1   1 )	    0 inf   1   1   1   1   1   1   1   1   1   1   1   1   1   1
1205	(   7   7  10  10   0   0   2 )	 7070   0   1   1   1   1   1   1   1   1   1   1   1   1   1   1
1206	(   6   9   9  10   0   0   2 )	 6330   0   1   1   1   1   1   1   1   1   1   1   1   1   1   1
1207	(   6   8   8   6   0   0   2 )	    0 inf   1   1   1   1   1   1   1   1   1   1   1   1   1   1
1208	(   5   9   7   7   0   0   2 )	 4650   0   1   1   1   1   1   1   1   1   1   1   1   1   1   1
1209	(   2   7   7  10   1   1   1 )	    0 inf   1   1   1   1   1   1   1   1   1   1   1   1   1   1
1210	(   5   6   5   9   0   0   2 )	 3125   0   1   1   1   1   1   1   1   1   1   1   1   1   1   1
1211	(   4   7   5   8   1   1   2 )	 3120   0   1   1   1   1   1   1   1   1   1   1   1   1   1   1
1212	(   6   9   7   9   0   0   2 )	 5205   0   1   1   1   1   1   1   1   1   1   1   1   1   1   1
1213	(   2   7   6  10   1   0   1 )	    0 inf   1   1   1   1   1   1   1   1   1   1   1   1   1   1
1214	(   5   5   7  10   0   0   2 )	 3455   0   1   1   1   1   1   1   1   1   1   1   1   1   1   1
1215	(   7   5   6   9   0   0   2 )	    0 inf   1   1   1   1   1   1   1   1   1   1   1   1   1   1
1216	(   5   6   7   6   0   0   2 )	    0 inf   1   1   1   1   1   1   1   1   1   1   1   1   1   1
1217	(   3   5   5  10   1   1   2 )	 2755   0   1   1   1   1   1   1   1   1   1   1   1   1   1   1
1218	(   5  10   7   9   0   0   2 )	 5235   0   1   1   1   1   1   1   1   1   1   1   1   1   1   1
1219	(   8   7   5   9   0   0   2 )	    0 inf   1   1   1   1   1   1   1   1   1   1   1   1   1   1
1220	(   6   6   8   8   0   0   2 )	 4390   0   1   1   1   1   1   1   1   1   1   1   1   1   1   1
1221	(   6   9   5   9   0   0   2 )	 5075   0   1   1   1   1   1   1   1   1   1   1   1   1   1   1
1222	(   2   7   5   8   0   1   2 )	    0 inf   1   1   1   1   1   1   1   1   1   1   1   1   1   1
1223	(   4   8   5   9   0   0   2 )	 3150   0   1   1   1   1   1   1   1   1   1   1   1   1   1   1
1224	(   3   5   7  10   1   1   1 )	 3400   0   1   1   1   1   1   1   1   1   1   1   1   1   1   1
1225	(   5   7   7   7   0   0   2 )	 3660   0   1   1   1   1   1   1   1   1   1   1   1   1   1   1
1226	(   6   9   6   8   0   0   2 )	 5045   0   1   1   1   1   1   1   1   1   1   1   1   1   1   1
1227	(   5   6   4  10   0   0   2 )	    0 inf   1   1   1   1   1   1   1   1   1   1   1   1   1   1
1228	(   4   7   5  10   0   1   1 )	    0 inf   1   1   1   1   1   1   1   1   1   1   1   1   1   1
1229	(   4   6   6  10   1   1   1 )	 3620   0   1   1   1   1   1   1   1   1   1   1   1   1   1   1
1230	(   3   5   7   8   0   1   1 )	    0 inf   1   1   1   1   1   1   1   1   1   1   1   1   1   1
1231	(   5   5   6  10   0   0   2 )	 3290   0   1   1   1   1   1   1   1   1   1   1   1   1   1   1
1232	(   5   7   9   6   0   0   2 )	    0 inf   1   1   1   1   1   1   1   1   1   1   1   1   1   1
1233	(   2   7   5  10   0   1   1 )	    0 inf   1   1   1   1   1   1   1   1   1   1   1   1   1   1
1234	(   7   8   4  10   0   0   2 )	    0 inf   1   1   1   1   1   1   1   1   1   1   1   1   1   1
1235	(   5   7   7   6   0   0   2 )	    0 inf   1   1   1   1   1   1   1   1   1   1   1   1   1   1
1236	(   4   7   8   7   0   0   2 )	    0 inf   1   1   1   1   1   1   1   1   1   1   1   1   1   1
1237	(   5   9   8   9   0   0   2 )	 4805   0   1   1   1   1   1   1   1   1   1   1   1   1   1   1
1238	(   6   7   7   6   0   0   2 )	    0 inf   1   1   1   1   1   1   1   1   1   1   1   1   1   1
1239	(   5   8  10   7   0   0   2 )	    0 inf   1   1   1   1   1   1   1   1   1   1   1   1   1   1
1240	(   6   8   9  10   0   0   2 )	 5735   0   1   1   1   1   1   1   1   1   1   1   1   1   1   1

BBE ( SOL ) OBJ CONS_H FRAME_SIZE MESH_SIZE
1241	(   4   7   5  10   1   1   1 )	 3860   0   1   1   1   1   1   1   1   1   1   1   1   1   1   1
1242	(   7   5   5   7   0   0   2 )	    0 inf   1   1   1   1   1   1   1   1   1   1   1   1   1   1
1243	(   7   5   8   8   0   0   2 )	    0 inf   1   1   1   1   1   1   1   1   1   1   1   1   1   1
1244	(   4  10   5   9   0   0   2 )	    0 inf   1   1   1   1   1   1   1   1   1   1   1   1   1   1
1245	(   6   6   5   8   0   0   2 )	 3895   0   1   1   1   1   1   1   1   1   1   1   1   1   1   1
1246	(   8   7   7   8   0   0   2 )	    0 inf   1   1   1   1   1   1   1   1   1   1   1   1   1   1
1247	(   5  10   6  10   0   0   2 )	 5265   0   1   1   1   1   1   1   1   1   1   1   1   1   1   1
1248	(   2   5   5  10   1   1   2 )	    0 inf   1   1   1   1   1   1   1   1   1   1   1   1   1   1
1249	(   7   8   7   8   0   0   2 )	 5580   0   1   1   1   1   1   1   1   1   1   1   1   1   1   1
1250	(   2   7   5  10   1   0   1 )	    0 inf   1   1   1   1   1   1   1   1   1   1   1   1   1   1
1251	(   6   6   9   8   0   0   2 )	    0 inf   1   1   1   1   1   1   1   1   1   1   1   1   1   1
1252	(   8   6   8  10   0   0   2 )	    0 inf   1   1   1   1   1   1   1   1   1   1   1   1   1   1
1253	(   7   6   7   7   0   0   2 )	    0 inf   1   1   1   1   1   1   1   1   1   1   1   1   1   1
1254	(   7   7   8   9   0   0   2 )	 5545   0   1   1   1   1   1   1   1   1   1   1   1   1   1   1
1255	(   8   7   7  10   0   0   2 )	    0 inf   1   1   1   1   1   1   1   1   1   1   1   1   1   1
1256	(   4   6   7   8   1   0   1 )	    0 inf   1   1   1   1   1   1   1   1   1   1   1   1   1   1
1257	(   3   5   5  10   1   1   1 )	 3240   0   1   1   1   1   1   1   1   1   1   1   1   1   1   1
1258	(   6   5   6   9   0   0   2 )	    0 inf   1   1   1   1   1   1   1   1   1   1   1   1   1   1
1259	(   6   9   8  10   0   0   2 )	 5765   0   1   1   1   1   1   1   1   1   1   1   1   1   1   1
1260	(   7   6   8  10   0   0   2 )	    0 inf   1   1   1   1   1   1   1   1   1   1   1   1   1   1
1261	(   6   9   9   7   0   0   2 )	    0 inf   1   1   1   1   1   1   1   1   1   1   1   1   1   1
1262	(   6   7   9   7   0   0   2 )	    0 inf   1   1   1   1   1   1   1   1   1   1   1   1   1   1
1263	(   2   5   5   9   1   1   2 )	    0 inf   1   1   1   1   1   1   1   1   1   1   1   1   1   1
1264	(   2   5   7   8   0   1   1 )	    0 inf   1   1   1   1   1   1   1   1   1   1   1   1   1   1
1265	(   6   8   8   9   0   0   2 )	 4975   0   1   1   1   1   1   1   1   1   1   1   1   1   1   1
1266	(   4   7   5   9   1   1   1 )	 3640   0   1   1   1   1   1   1   1   1   1   1   1   1   1   1
1267	(   7   6   9  10   0   0   2 )	    0 inf   1   1   1   1   1   1   1   1   1   1   1   1   1   1
1268	(   2   5   6  10   1   1   1 )	    0 inf   1   1   1   1   1   1   1   1   1   1   1   1   1   1
1269	(   2   5   7   9   1   1   1 )	    0 inf   1   1   1   1   1   1   1   1   1   1   1   1   1   1
1270	(   5   6  10   9   0   0   2 )	    0 inf   1   1   1   1   1   1   1   1   1   1   1   1   1   1
1271	(   4   7   7   8   1   1   1 )	 3780   0   1   1   1   1   1   1   1   1   1   1   1   1   1   1
1272	(   6   5   5   8   0   0   2 )	    0 inf   1   1   1   1   1   1   1   1   1   1   1   1   1   1
1273	(   2   7   5   9   1   1   2 )	    0 inf   1   1   1   1   1   1   1   1   1   1   1   1   1   1
1274	(   7   5   7   8   0   0   2 )	    0 inf   1   1   1   1   1   1   1   1   1   1   1   1   1   1
1275	(   4   8   6   7   0   0   2 )	 3325   0   1   1   1   1   1   1   1   1   1   1   1   1   1   1
1276	(   2   5   5   8   1   0   1 )	    0 inf   1   1   1   1   1   1   1   1   1   1   1   1   1   1
1277	(   5   8   4   9   0   0   2 )	    0 inf   1   1   1   1   1   1   1   1   1   1   1   1   1   1
1278	(   4   5   7   9   1   1   1 )	 3560   0   1   1   1   1   1   1   1   1   1   1   1   1   1   1
1279	(   8   8   7   8   0   0   2 )	 6745   0   1   1   1   1   1   1   1   1   1   1   1   1   1   1
1280	(   7   4   8  10   0   0   2 )	    0 inf   1   1   1   1   1   1   1   1   1   1   1   1   1   1

BBE ( SOL ) OBJ CONS_H FRAME_SIZE MESH_SIZE
1281	(   6   5   5   9   0   0   2 )	    0 inf   1   1   1   1   1   1   1   1   1   1   1   1   1   1
1282	(   2   7   7   9   1   1   1 )	    0 inf   1   1   1   1   1   1   1   1   1   1   1   1   1   1
1283	(   7   4   5  10   0   0   2 )	    0 inf   1   1   1   1   1   1   1   1   1   1   1   1   1   1
1284	(   8   7   4   8   0   0   2 )	    0 inf   1   1   1   1   1   1   1   1   1   1   1   1   1   1
1285	(   6   7   4   8   0   0   2 )	 4325   0   1   1   1   1   1   1   1   1   1   1   1   1   1   1
1286	(   6   5   9   8   0   0   2 )	    0 inf   1   1   1   1   1   1   1   1   1   1   1   1   1   1
1287	(   3   7   7   8   1   1   1 )	    0 inf   1   1   1   1   1   1   1   1   1   1   1   1   1   1
1288	(   5  10   7  10   0   0   2 )	 5430   0   1   1   1   1   1   1   1   1   1   1   1   1   1   1
1289	(   5   9   5   8   0   0   2 )	 4315   0   1   1   1   1   1   1   1   1   1   1   1   1   1   1
1290	(   2   7   5  10   1   1   2 )	    0 inf   1   1   1   1   1   1   1   1   1   1   1   1   1   1
1291	(   5   9   4   7   0   0   2 )	 4755   0   1   1   1   1   1   1   1   1   1   1   1   1   1   1
1292	(   2   5   6   8   1   1   1 )	    0 inf   1   1   1   1   1   1   1   1   1   1   1   1   1   1
1293	(   4  10   5   7   0   0   2 )	    0 inf   1   1   1   1   1   1   1   1   1   1   1   1   1   1
1294	(   4  10   8   9   0   0   2 )	    0 inf   1   1   1   1   1   1   1   1   1   1   1   1   1   1
1295	(   4   7   7  10   1   0   1 )	    0 inf   1   1   1   1   1   1   1   1   1   1   1   1   1   1
1296	(   7   6   5   8   0   0   2 )	    0 inf   1   1   1   1   1   1   1   1   1   1   1   1   1   1
1297	(   7   9   5   9   0   0   2 )	 6040   0   1   1   1   1   1   1   1   1   1   1   1   1   1   1
1298	(   5   9   8   8   0   0   2 )	 4810   0   1   1   1   1   1   1   1   1   1   1   1   1   1   1
1299	(   5   9   8   7   0   0   2 )	    0 inf   1   1   1   1   1   1   1   1   1   1   1   1   1   1
1300	(   7   6   9   9   0   0   2 )	    0 inf   1   1   1   1   1   1   1   1   1   1   1   1   1   1
1301	(   4   9   5   7   0   0   2 )	    0 inf   1   1   1   1   1   1   1   1   1   1   1   1   1   1
1302	(   6   8   9   8   0   0   2 )	    0 inf   1   1   1   1   1   1   1   1   1   1   1   1   1   1
1303	(   8   5   7  10   0   0   2 )	    0 inf   1   1   1   1   1   1   1   1   1   1   1   1   1   1
1304	(   4  10   8  10   0   0   2 )	    0 inf   1   1   1   1   1   1   1   1   1   1   1   1   1   1
1305	(   6   6   6   6   0   0   2 )	 4470   0   1   1   1   1   1   1   1   1   1   1   1   1   1   1
1306	(   4   8  10   9   0   0   2 )	    0 inf   1   1   1   1   1   1   1   1   1   1   1   1   1   1
1307	(   2   7   6   8   1   1   1 )	    0 inf   1   1   1   1   1   1   1   1   1   1   1   1   1   1
1308	(   4   7   7  10   0   0   1 )	 3620   0   1   1   1   1   1   1   1   1   1   1   1   1   1   1
1309	(   5  10   8   7   0   0   2 )	    0 inf   1   1   1   1   1   1   1   1   1   1   1   1   1   1
1310	(   5  10   8   9   0   0   2 )	 5600   0   1   1   1   1   1   1   1   1   1   1   1   1   1   1
1311	(   2   7   5   9   1   1   1 )	    0 inf   1   1   1   1   1   1   1   1   1   1   1   1   1   1
1312	(   6   6   9  10   0   0   2 )	 5145   0   1   1   1   1   1   1   1   1   1   1   1   1   1   1
1313	(   5   7   4  10   0   0   2 )	    0 inf   1   1   1   1   1   1   1   1   1   1   1   1   1   1
1314	(   2   5   5  10   1   0   1 )	    0 inf   1   1   1   1   1   1   1   1   1   1   1   1   1   1
1315	(   8   4   4  10   0   0   2 )	    0 inf   1   1   1   1   1   1   1   1   1   1   1   1   1   1
1316	(   7   9   7  10   0   0   2 )	 6365   0   1   1   1   1   1   1   1   1   1   1   1   1   1   1
1317	(   2   7   7   8   1   1   1 )	    0 inf   1   1   1   1   1   1   1   1   1   1   1   1   1   1
1318	(   4   5   7  10   1   1   2 )	 3250   0   1   1   1   1   1   1   1   1   1   1   1   1   1   1
1319	(   2   6   7   8   1   1   1 )	    0 inf   1   1   1   1   1   1   1   1   1   1   1   1   1   1
1320	(   7   4   4  10   0   0   2 )	    0 inf   1   1   1   1   1   1   1   1   1   1   1   1   1   1

BBE ( SOL ) OBJ CONS_H FRAME_SIZE MESH_SIZE
1321	(   3   7   7  10   1   1   1 )	    0 inf   1   1   1   1   1   1   1   1   1   1   1   1   1   1
1322	(   7   8   5   8   0   0   2 )	 5450   0   1   1   1   1   1   1   1   1   1   1   1   1   1   1
1323	(   5   7   4   9   0   0   2 )	    0 inf   1   1   1   1   1   1   1   1   1   1   1   1   1   1
1324	(   6   5   9   7   0   0   2 )	    0 inf   1   1   1   1   1   1   1   1   1   1   1   1   1   1
1325	(   8   7   5   8   0   0   2 )	    0 inf   1   1   1   1   1   1   1   1   1   1   1   1   1   1
1326	(   7   5   8   9   0   0   2 )	    0 inf   1   1   1   1   1   1   1   1   1   1   1   1   1   1
1327	(   7   5   9  10   0   0   2 )	    0 inf   1   1   1   1   1   1   1   1   1   1   1   1   1   1
A termination criterion is reached: Maximum number of total evaluations (Eval Global) 218716

Best feasible solution:     #692 ( 3 6 6 9 0 0 2 )	Evaluation OK	 f = 2160                     	 h =   0                      (L2)

Best infeasible solution:   Undefined.

Blackbox evaluations:         1327
Cache hits:                   217389
Total number of evaluations:  218716
