[INFO] Scenario random seed: 2026
[INFO] Reading MARKET DATA from file(s)...
[INFO] 	 - Generating market scenarios...
[INFO] 	 - Plotting market scenarios...
[INFO] Reading DISTRIBUTION NETWORK DATA from file(s)...
[INFO]	 - Generating load stochastic scenarios...
[INFO]	 - Generating RES generation stochastic scenarios...
[INFO]	 - Generating flexibility stochastic scenarios...
[INFO]	 - Plotting flexibility profiles...
[INFO]	 - Plotting load scenarios...
[INFO]	 - Plotting RES generation scenarios...
[INFO] Reading DISTRIBUTION NETWORK DATA from file(s)...
[INFO]	 - Generating load stochastic scenarios...
[INFO]	 - Generating RES generation stochastic scenarios...
[INFO]	 - Generating flexibility stochastic scenarios...
[INFO]	 - Plotting flexibility profiles...
[INFO]	 - Plotting load scenarios...
[INFO]	 - Plotting RES generation scenarios...
[INFO] Reading DISTRIBUTION NETWORK DATA from file(s)...
[INFO]	 - Generating load stochastic scenarios...
[INFO]	 - Generating RES generation stochastic scenarios...
[INFO]	 - Generating flexibility stochastic scenarios...
[INFO]	 - Plotting flexibility profiles...
[INFO]	 - Plotting load scenarios...
[INFO]	 - Plotting RES generation scenarios...
[INFO] Reading TRANSMISSION NETWORK DATA from file(s)...
[INFO]	 - Generating load stochastic scenarios...
[INFO]	 - Generating RES generation stochastic scenarios...
[INFO]	 - Generating flexibility stochastic scenarios...
[INFO]	 - Plotting flexibility profiles...
[INFO]	 - Plotting load scenarios...
[INFO]	 - Plotting RES generation scenarios...
[INFO] Scenario checksum: 5a02b77ccbbbbbb869de92958a3851d095624711abc2dbfc0157466064410358
[INFO] Reading SHARED ESS DATA from file(s)...
[INFO] Reading PLANNING PARAMETERS from file...
[INFO] Running PLANNING PROBLEM...
[INFO] 		 - Running Shared ESS optimization (master problem)...
=============================================== ITERATION #1 ==============================================
[INFO] Candidate solution:
		   	Capacity  	2025	2030	2035	
		  5	S, [MVA]  	0.000	0.000	0.000	
		  5	E, [MVAh] 	0.000	0.000	0.000	
		  7	S, [MVA]  	0.000	0.000	0.000	
		  7	E, [MVAh] 	0.000	0.000	0.000	
		  9	S, [MVA]  	0.000	0.000	0.000	
		  9	E, [MVAh] 	0.000	0.000	0.000	
[INFO] Running OPERATIONAL PLANNING (DISTRIBUTED)...
[INFO]	 - Initializing...
[INFO] 		 - Distribution Network node 5...
[INFO] 			 - Running SMOPF, Network case33_1, 2025, Spring...
[INFO] 			 - Running SMOPF, Network case33_1, 2025, Summer...
[INFO] 			 - Running SMOPF, Network case33_1, 2025, Autumn...
[INFO] 			 - Running SMOPF, Network case33_1, 2025, Winter...
[INFO] 			 - Running SMOPF, Network case33_1, 2030, Spring...
[INFO] 			 - Running SMOPF, Network case33_1, 2030, Summer...
[INFO] 			 - Running SMOPF, Network case33_1, 2030, Autumn...
[INFO] 			 - Running SMOPF, Network case33_1, 2030, Winter...
[INFO] 			 - Running SMOPF, Network case33_1, 2035, Spring...
[INFO] 			 - Running SMOPF, Network case33_1, 2035, Summer...
[INFO] 			 - Running SMOPF, Network case33_1, 2035, Autumn...
[INFO] 			 - Running SMOPF, Network case33_1, 2035, Winter...
[INFO] 		 - Distribution Network node 7...
[INFO] 			 - Running SMOPF, Network case33_2, 2025, Spring...
[INFO] 			 - Running SMOPF, Network case33_2, 2025, Summer...
[INFO] 			 - Running SMOPF, Network case33_2, 2025, Autumn...
[INFO] 			 - Running SMOPF, Network case33_2, 2025, Winter...
[INFO] 			 - Running SMOPF, Network case33_2, 2030, Spring...
[INFO] 			 - Running SMOPF, Network case33_2, 2030, Summer...
[INFO] 			 - Running SMOPF, Network case33_2, 2030, Autumn...
[INFO] 			 - Running SMOPF, Network case33_2, 2030, Winter...
[INFO] 			 - Running SMOPF, Network case33_2, 2035, Spring...
[INFO] 			 - Running SMOPF, Network case33_2, 2035, Summer...
[INFO] 			 - Running SMOPF, Network case33_2, 2035, Autumn...
[INFO] 			 - Running SMOPF, Network case33_2, 2035, Winter...
[INFO] 		 - Distribution Network node 9...
[INFO] 			 - Running SMOPF, Network case33_3, 2025, Spring...
[INFO] 			 - Running SMOPF, Network case33_3, 2025, Summer...
[INFO] 			 - Running SMOPF, Network case33_3, 2025, Autumn...
[INFO] 			 - Running SMOPF, Network case33_3, 2025, Winter...
[INFO] 			 - Running SMOPF, Network case33_3, 2030, Spring...
[INFO] 			 - Running SMOPF, Network case33_3, 2030, Summer...
[INFO] 			 - Running SMOPF, Network case33_3, 2030, Autumn...
[INFO] 			 - Running SMOPF, Network case33_3, 2030, Winter...
[INFO] 			 - Running SMOPF, Network case33_3, 2035, Spring...
[INFO] 			 - Running SMOPF, Network case33_3, 2035, Summer...
[INFO] 			 - Running SMOPF, Network case33_3, 2035, Autumn...
[INFO] 			 - Running SMOPF, Network case33_3, 2035, Winter...
[INFO] 		 - Transmission Network...
[INFO] 			 - Running SMOPF, Network case9, 2025, Spring...
[INFO] 			 - Running SMOPF, Network case9, 2025, Summer...
[INFO] 			 - Running SMOPF, Network case9, 2025, Autumn...
[INFO] 			 - Running SMOPF, Network case9, 2025, Winter...
[INFO] 			 - Running SMOPF, Network case9, 2030, Spring...
[INFO] 			 - Running SMOPF, Network case9, 2030, Summer...
[INFO] 			 - Running SMOPF, Network case9, 2030, Autumn...
[INFO] 			 - Running SMOPF, Network case9, 2030, Winter...
[INFO] 			 - Running SMOPF, Network case9, 2035, Spring...
[INFO] 			 - Running SMOPF, Network case9, 2035, Summer...
[INFO] 			 - Running SMOPF, Network case9, 2035, Autumn...
[INFO] 			 - Running SMOPF, Network case9, 2035, Winter...
[INFO] 		 - Running Shared ESS optimization (subproblem)...
[INFO] 			 - Node 5...
[INFO] 			 - Node 7...
[INFO] 			 - Node 9...
[ADMM OF SCALE] n=48 | min=3.013025e+02 | median=3.532397e+02 | max=4.330841e+07 | selected=4.330841e+07
[ADMM OF SCALE] Largest weighted objectives:
  TSO node=None year=2025 day=Summer | base=4.330841e+07 | scenario=4.243528e-22 | total=4.330841e+07
  TSO node=None year=2025 day=Spring | base=4.113411e+07 | scenario=5.508090e-22 | total=4.113411e+07
  TSO node=None year=2035 day=Summer | base=4.096119e+07 | scenario=9.874574e-22 | total=4.096119e+07
  TSO node=None year=2025 day=Autumn | base=4.029010e+07 | scenario=5.142117e-22 | total=4.029010e+07
  TSO node=None year=2030 day=Summer | base=3.462011e+07 | scenario=4.550672e-22 | total=3.462011e+07
  TSO node=None year=2035 day=Spring | base=3.394445e+07 | scenario=6.632497e-22 | total=3.394445e+07
  TSO node=None year=2030 day=Spring | base=3.278235e+07 | scenario=7.288510e-22 | total=3.278235e+07
  TSO node=None year=2025 day=Winter | base=2.645786e+07 | scenario=7.098015e-22 | total=2.645786e+07
  TSO node=None year=2035 day=Autumn | base=2.404536e+07 | scenario=3.881896e-22 | total=2.404536e+07
  TSO node=None year=2030 day=Autumn | base=1.422664e+07 | scenario=5.000248e-22 | total=1.422664e+07
[INFO] 	 - ADMM Iteration 1
[INFO] 		 - Updating distribution networks:
[INFO] 			 - Running SMOPF, Network case33_1, 2025, Spring...
[INFO] 			 - Running SMOPF, Network case33_1, 2025, Summer...
[INFO] 			 - Running SMOPF, Network case33_1, 2025, Autumn...
[INFO] 			 - Running SMOPF, Network case33_1, 2025, Winter...
[INFO] 			 - Running SMOPF, Network case33_1, 2030, Spring...
[INFO] 			 - Running SMOPF, Network case33_1, 2030, Summer...
[INFO] 			 - Running SMOPF, Network case33_1, 2030, Autumn...
[INFO] 			 - Running SMOPF, Network case33_1, 2030, Winter...
[INFO] 			 - Running SMOPF, Network case33_1, 2035, Spring...
[INFO] 			 - Running SMOPF, Network case33_1, 2035, Summer...
[INFO] 			 - Running SMOPF, Network case33_1, 2035, Autumn...
[INFO] 			 - Running SMOPF, Network case33_1, 2035, Winter...
[INFO] 			 - Running SMOPF, Network case33_2, 2025, Spring...
[INFO] 			 - Running SMOPF, Network case33_2, 2025, Summer...
[INFO] 			 - Running SMOPF, Network case33_2, 2025, Autumn...
[INFO] 			 - Running SMOPF, Network case33_2, 2025, Winter...
[INFO] 			 - Running SMOPF, Network case33_2, 2030, Spring...
[INFO] 			 - Running SMOPF, Network case33_2, 2030, Summer...
[INFO] 			 - Running SMOPF, Network case33_2, 2030, Autumn...
[INFO] 			 - Running SMOPF, Network case33_2, 2030, Winter...
[INFO] 			 - Running SMOPF, Network case33_2, 2035, Spring...
[INFO] 			 - Running SMOPF, Network case33_2, 2035, Summer...
[INFO] 			 - Running SMOPF, Network case33_2, 2035, Autumn...
[INFO] 			 - Running SMOPF, Network case33_2, 2035, Winter...
[INFO] 			 - Running SMOPF, Network case33_3, 2025, Spring...
[INFO] 			 - Running SMOPF, Network case33_3, 2025, Summer...
[INFO] 			 - Running SMOPF, Network case33_3, 2025, Autumn...
[INFO] 			 - Running SMOPF, Network case33_3, 2025, Winter...
[INFO] 			 - Running SMOPF, Network case33_3, 2030, Spring...
[INFO] 			 - Running SMOPF, Network case33_3, 2030, Summer...
[INFO] 			 - Running SMOPF, Network case33_3, 2030, Autumn...
[INFO] 			 - Running SMOPF, Network case33_3, 2030, Winter...
[INFO] 			 - Running SMOPF, Network case33_3, 2035, Spring...
[INFO] 			 - Running SMOPF, Network case33_3, 2035, Summer...
[INFO] 			 - Running SMOPF, Network case33_3, 2035, Autumn...
[INFO] 			 - Running SMOPF, Network case33_3, 2035, Winter...
[INFO] 		 - Updating transmission network...
[INFO] 			 - Running SMOPF, Network case9, 2025, Spring...
[INFO] 			 - Running SMOPF, Network case9, 2025, Summer...
[INFO] 			 - Running SMOPF, Network case9, 2025, Autumn...
[INFO] 			 - Running SMOPF, Network case9, 2025, Winter...
[INFO] 			 - Running SMOPF, Network case9, 2030, Spring...
[INFO] 			 - Running SMOPF, Network case9, 2030, Summer...
[INFO] 			 - Running SMOPF, Network case9, 2030, Autumn...
[INFO] 			 - Running SMOPF, Network case9, 2030, Winter...
[INFO] 			 - Running SMOPF, Network case9, 2035, Spring...
[INFO] 			 - Running SMOPF, Network case9, 2035, Summer...
[INFO] 			 - Running SMOPF, Network case9, 2035, Autumn...
[INFO] 			 - Running SMOPF, Network case9, 2035, Winter...
[TSO PROX] cycle=1 | updated_blocks=12 | held_failed_blocks=0 | V max=0.051916 | PF max=0.329117 | ESS max=0.000000
[TSO PROX][V MAX] node=9, year=2030, day=Spring, period=2 | dV=17.910872 kV | normalized=0.051916
[TSO PROX][PF MAX] node=7, year=2030, day=Autumn, period=4, type=Q | delta=32.911747 MVAr | normalized=0.329117
[TSO PROX][ESS MAX] node=5, year=2025, day=Spring, period=0, type=P | delta=0.000000 MW | normalized=0.000000
[INFO] 		 - Updating SharedESS...
[INFO] 		 - Running Shared ESS optimization (subproblem)...
[INFO] 			 - Node 5...
[INFO] 			 - Node 7...
[INFO] 			 - Node 9...
[DIAG][V MAX] node=9, year=2035, day=Winter, period=2 | TSO=360.267105 kV, DSO=379.489469 kV, diff=19.222364 kV, base=345.000000 kV, normalized=0.055717, rho(TSO/DSO)=1.000000/1.000000
[DIAG][PF MAX] node=9, year=2035, day=Summer, period=10, type=P | TSO=16.582024 MW, DSO=75.354073 MW, diff=58.772049 MW, rating=150.000000 MVA, normalized=0.391814, rho(TSO/DSO)=1.000000/1.000000
[INFO]		 - interface Vmag max primal residual failed. 0.055717 > 0.010000
[INFO]		 - interface Vmag mean primal residual failed. 0.042557 > 0.001000
[INFO]		 - interface PF max primal residual failed. 0.391814 > 0.010000
[INFO]		 - interface PF mean primal residual failed. 0.082449 > 0.001000
[INFO]		 - interface Vmag mean dual residual failed. 0.060291 > 0.010000
[INFO]		 - interface PF mean dual residual failed. 0.133274 > 0.010000
[INFO]		 - Recourse stationarity requires one previous successful cycle.
[ADMM RHO] V | primal max ratio=5.572 | primal mean ratio=42.557 | primal selected=42.557 | dual mean ratio=6.029 | increase threshold=5.0 | decrease threshold=5.0 | action=increased
[ADMM RHO] PF | primal max ratio=39.181 | primal mean ratio=82.449 | primal selected=82.449 | dual mean ratio=13.327 | increase threshold=5.0 | decrease threshold=3.0 | action=increased
[ADMM RHO] ESS | primal max ratio=0.000 | primal mean ratio=0.000 | primal selected=0.000 | dual mean ratio=0.000 | increase threshold=5.0 | decrease threshold=5.0 | action=held
[INFO]		 - ADMM cycle 1 | Primal (V max/mean | PF max/mean | ESS max/mean) = 0.055717/0.042557 | 0.391814/0.082449 | 0.000000/0.000000 | Dual (V max/mean | PF max/mean | ESS max/mean) = 0.099972/0.060291 | 0.727379/0.133274 | 0.000000/0.000000 | Recourse change = N/A (tol. N/A) | Stable cycles = 0/1 | Penalty actions (V/PF/ESS) = increased/increased/held
[INFO] 	 - Iteration 1: 25.78 s
[INFO] 	 - ADMM Iteration 2
[INFO] 		 - Updating distribution networks:
[INFO] 			 - Running SMOPF, Network case33_1, 2025, Spring...
[INFO] 			 - Running SMOPF, Network case33_1, 2025, Summer...
[INFO] 			 - Running SMOPF, Network case33_1, 2025, Autumn...
[INFO] 			 - Running SMOPF, Network case33_1, 2025, Winter...
[INFO] 			 - Running SMOPF, Network case33_1, 2030, Spring...
[INFO] 			 - Running SMOPF, Network case33_1, 2030, Summer...
[INFO] 			 - Running SMOPF, Network case33_1, 2030, Autumn...
[INFO] 			 - Running SMOPF, Network case33_1, 2030, Winter...
[INFO] 			 - Running SMOPF, Network case33_1, 2035, Spring...
[INFO] 			 - Running SMOPF, Network case33_1, 2035, Summer...
[INFO] 			 - Running SMOPF, Network case33_1, 2035, Autumn...
[INFO] 			 - Running SMOPF, Network case33_1, 2035, Winter...
[INFO] 			 - Running SMOPF, Network case33_2, 2025, Spring...
[INFO] 			 - Running SMOPF, Network case33_2, 2025, Summer...
[INFO] 			 - Running SMOPF, Network case33_2, 2025, Autumn...
[INFO] 			 - Running SMOPF, Network case33_2, 2025, Winter...
[INFO] 			 - Running SMOPF, Network case33_2, 2030, Spring...
[INFO] 			 - Running SMOPF, Network case33_2, 2030, Summer...
[INFO] 			 - Running SMOPF, Network case33_2, 2030, Autumn...
[INFO] 			 - Running SMOPF, Network case33_2, 2030, Winter...
[INFO] 			 - Running SMOPF, Network case33_2, 2035, Spring...
[INFO] 			 - Running SMOPF, Network case33_2, 2035, Summer...
[INFO] 			 - Running SMOPF, Network case33_2, 2035, Autumn...
[INFO] 			 - Running SMOPF, Network case33_2, 2035, Winter...
[INFO] 			 - Running SMOPF, Network case33_3, 2025, Spring...
[INFO] 			 - Running SMOPF, Network case33_3, 2025, Summer...
[INFO] 			 - Running SMOPF, Network case33_3, 2025, Autumn...
[INFO] 			 - Running SMOPF, Network case33_3, 2025, Winter...
[INFO] 			 - Running SMOPF, Network case33_3, 2030, Spring...
[INFO] 			 - Running SMOPF, Network case33_3, 2030, Summer...
[INFO] 			 - Running SMOPF, Network case33_3, 2030, Autumn...
[INFO] 			 - Running SMOPF, Network case33_3, 2030, Winter...
[INFO] 			 - Running SMOPF, Network case33_3, 2035, Spring...
[INFO] 			 - Running SMOPF, Network case33_3, 2035, Summer...
[INFO] 			 - Running SMOPF, Network case33_3, 2035, Autumn...
[INFO] 			 - Running SMOPF, Network case33_3, 2035, Winter...
[INFO] 		 - Updating transmission network...
[INFO] 			 - Running SMOPF, Network case9, 2025, Spring...
[INFO] 			 - Running SMOPF, Network case9, 2025, Summer...
[INFO] 			 - Running SMOPF, Network case9, 2025, Autumn...
[INFO] 			 - Running SMOPF, Network case9, 2025, Winter...
[INFO] 			 - Running SMOPF, Network case9, 2030, Spring...
[INFO] 			 - Running SMOPF, Network case9, 2030, Summer...
[INFO] 			 - Running SMOPF, Network case9, 2030, Autumn...
[INFO] 			 - Running SMOPF, Network case9, 2030, Winter...
[INFO] 			 - Running SMOPF, Network case9, 2035, Spring...
[INFO] 			 - Running SMOPF, Network case9, 2035, Summer...
[INFO] 			 - Running SMOPF, Network case9, 2035, Autumn...
[INFO] 			 - Running SMOPF, Network case9, 2035, Winter...
[TSO PROX] cycle=2 | updated_blocks=12 | held_failed_blocks=0 | V max=0.002876 | PF max=0.117937 | ESS max=0.000000
[TSO PROX][V MAX] node=5, year=2035, day=Winter, period=4 | dV=0.992302 kV | normalized=0.002876
[TSO PROX][PF MAX] node=9, year=2025, day=Autumn, period=17, type=P | delta=17.690577 MW | normalized=0.117937
[TSO PROX][ESS MAX] node=5, year=2025, day=Spring, period=0, type=P | delta=0.000000 MW | normalized=0.000000
[INFO] 		 - Updating SharedESS...
[INFO] 		 - Running Shared ESS optimization (subproblem)...
[INFO] 			 - Node 5...
[INFO] 			 - Node 7...
[INFO] 			 - Node 9...
[DIAG][V MAX] node=5, year=2030, day=Spring, period=23 | TSO=363.833622 kV, DSO=375.508033 kV, diff=11.674410 kV, base=345.000000 kV, normalized=0.033839, rho(TSO/DSO)=1.500000/1.500000
[DIAG][PF MAX] node=7, year=2030, day=Autumn, period=4, type=Q | TSO=-1.659878 MVAr, DSO=16.574961 MVAr, diff=18.234839 MVAr, rating=100.000000 MVA, normalized=0.182348, rho(TSO/DSO)=1.500000/1.500000
[INFO]		 - interface Vmag max primal residual failed. 0.033839 > 0.010000
[INFO]		 - interface Vmag mean primal residual failed. 0.023474 > 0.001000
[INFO]		 - interface PF max primal residual failed. 0.182348 > 0.010000
[INFO]		 - interface PF mean primal residual failed. 0.042877 > 0.001000
[INFO]		 - interface Vmag mean dual residual failed. 0.015127 > 0.010000
[INFO]		 - interface PF mean dual residual failed. 0.077617 > 0.010000
[RECOURSE JUMP] cycle=2 | abs_change=1.405771e+08 | tol=9.611461e+05 | signed_change=+1.405771e+08
[RECOURSE JUMP] Reconciliation | previous=8.205690e+08 | current=9.611461e+08 | block_delta=+1.405771e+08 | mismatch=+2.384186e-07
[RECOURSE JUMP] Aggregate signed changes:
  TSO | delta=+2.240164e+08
  DSO node=9 | delta=-3.941561e+07
  DSO node=5 | delta=-2.392256e+07
  DSO node=7 | delta=-2.010108e+07
  SALVAGE | delta=+0.000000e+00
[RECOURSE JUMP] Largest 10 block changes:
  TSO node=None year=2025 day=Winter | previous=6.583303e+07 | current=9.698510e+07 | delta=+3.115208e+07 | abs_delta=3.115208e+07
    [RECOURSE JUMP][TSO PROX] year=2025 day=Winter | V max=0.002423 | PF max=0.115240 | ESS max=0.000000
    [RECOURSE COMPONENTS] gen=+3.684039e+07 | flex=-5.688311e+06 | load_curt=+0.000000e+00 | res_curt=+0.000000e+00 | ess_usage=+0.000000e+00 | slacks=-7.229691e-03 | ess_comp=+0.000000e+00
    [SLACK COMPONENTS] voltage=-7.229691e-03 | node_P=+0.000000e+00 | node_Q=+0.000000e+00 | branch_ij=+0.000000e+00 | branch_ji=+0.000000e+00 | flex_P=+0.000000e+00 | flex_Q=+0.000000e+00
    [SLACK COMPONENT CHECK] classified_delta=-7.229691e-03 | objective_slack_delta=-7.229691e-03 | mismatch=+0.000000e+00
    [RECOURSE COMPONENT CHECK] classified_delta=+3.115208e+07 | block_delta=+3.115208e+07 | mismatch=-3.725290e-09
  TSO node=None year=2025 day=Summer | previous=8.030885e+07 | current=1.052802e+08 | delta=+2.497135e+07 | abs_delta=2.497135e+07
    [RECOURSE JUMP][TSO PROX] year=2025 day=Summer | V max=0.002585 | PF max=0.112096 | ESS max=0.000000
    [RECOURSE COMPONENTS] gen=+3.516315e+07 | flex=-1.019180e+07 | load_curt=+0.000000e+00 | res_curt=+0.000000e+00 | ess_usage=+0.000000e+00 | slacks=-5.037229e-03 | ess_comp=+0.000000e+00
    [SLACK COMPONENTS] voltage=-5.037229e-03 | node_P=+0.000000e+00 | node_Q=+0.000000e+00 | branch_ij=+0.000000e+00 | branch_ji=+0.000000e+00 | flex_P=+0.000000e+00 | flex_Q=+0.000000e+00
    [SLACK COMPONENT CHECK] classified_delta=-5.037229e-03 | objective_slack_delta=-5.037229e-03 | mismatch=+0.000000e+00
    [RECOURSE COMPONENT CHECK] classified_delta=+2.497135e+07 | block_delta=+2.497135e+07 | mismatch=+0.000000e+00
  TSO node=None year=2035 day=Spring | previous=5.355590e+07 | current=7.650752e+07 | delta=+2.295162e+07 | abs_delta=2.295162e+07
    [RECOURSE JUMP][TSO PROX] year=2035 day=Spring | V max=0.002217 | PF max=0.088731 | ESS max=0.000000
    [RECOURSE COMPONENTS] gen=+2.987067e+07 | flex=-6.919052e+06 | load_curt=+0.000000e+00 | res_curt=+0.000000e+00 | ess_usage=+0.000000e+00 | slacks=+1.878120e-03 | ess_comp=+0.000000e+00
    [SLACK COMPONENTS] voltage=+1.878120e-03 | node_P=+0.000000e+00 | node_Q=+0.000000e+00 | branch_ij=+0.000000e+00 | branch_ji=+0.000000e+00 | flex_P=+0.000000e+00 | flex_Q=+0.000000e+00
    [SLACK COMPONENT CHECK] classified_delta=+1.878120e-03 | objective_slack_delta=+1.878120e-03 | mismatch=+0.000000e+00
    [RECOURSE COMPONENT CHECK] classified_delta=+2.295162e+07 | block_delta=+2.295162e+07 | mismatch=+7.450581e-09
  TSO node=None year=2025 day=Spring | previous=7.690791e+07 | current=9.982572e+07 | delta=+2.291780e+07 | abs_delta=2.291780e+07
    [RECOURSE JUMP][TSO PROX] year=2025 day=Spring | V max=0.002182 | PF max=0.107986 | ESS max=0.000000
    [RECOURSE COMPONENTS] gen=+3.158723e+07 | flex=-8.669427e+06 | load_curt=+0.000000e+00 | res_curt=+0.000000e+00 | ess_usage=+0.000000e+00 | slacks=-5.433246e-03 | ess_comp=+0.000000e+00
    [SLACK COMPONENTS] voltage=-5.433246e-03 | node_P=+0.000000e+00 | node_Q=+0.000000e+00 | branch_ij=+0.000000e+00 | branch_ji=+0.000000e+00 | flex_P=+0.000000e+00 | flex_Q=+0.000000e+00
    [SLACK COMPONENT CHECK] classified_delta=-5.433246e-03 | objective_slack_delta=-5.433246e-03 | mismatch=+0.000000e+00
    [RECOURSE COMPONENT CHECK] classified_delta=+2.291780e+07 | block_delta=+2.291780e+07 | mismatch=+3.725290e-09
  TSO node=None year=2030 day=Summer | previous=5.719377e+07 | current=7.799791e+07 | delta=+2.080415e+07 | abs_delta=2.080415e+07
    [RECOURSE JUMP][TSO PROX] year=2030 day=Summer | V max=0.002383 | PF max=0.088217 | ESS max=0.000000
    [RECOURSE COMPONENTS] gen=+2.982886e+07 | flex=-9.024714e+06 | load_curt=+0.000000e+00 | res_curt=+0.000000e+00 | ess_usage=+0.000000e+00 | slacks=-2.713400e-03 | ess_comp=+0.000000e+00
    [SLACK COMPONENTS] voltage=-2.713400e-03 | node_P=+0.000000e+00 | node_Q=+0.000000e+00 | branch_ij=+0.000000e+00 | branch_ji=+0.000000e+00 | flex_P=+0.000000e+00 | flex_Q=+0.000000e+00
    [SLACK COMPONENT CHECK] classified_delta=-2.713400e-03 | objective_slack_delta=-2.713400e-03 | mismatch=+0.000000e+00
    [RECOURSE COMPONENT CHECK] classified_delta=+2.080415e+07 | block_delta=+2.080415e+07 | mismatch=+1.117587e-08
  TSO node=None year=2030 day=Spring | previous=5.904451e+07 | current=7.743695e+07 | delta=+1.839244e+07 | abs_delta=1.839244e+07
    [RECOURSE JUMP][TSO PROX] year=2030 day=Spring | V max=0.002280 | PF max=0.092532 | ESS max=0.000000
    [RECOURSE COMPONENTS] gen=+2.606909e+07 | flex=-7.676652e+06 | load_curt=+0.000000e+00 | res_curt=+0.000000e+00 | ess_usage=+0.000000e+00 | slacks=-4.813060e-03 | ess_comp=+0.000000e+00
    [SLACK COMPONENTS] voltage=-4.813060e-03 | node_P=+0.000000e+00 | node_Q=+0.000000e+00 | branch_ij=+0.000000e+00 | branch_ji=+0.000000e+00 | flex_P=+0.000000e+00 | flex_Q=+0.000000e+00
    [SLACK COMPONENT CHECK] classified_delta=-4.813060e-03 | objective_slack_delta=-4.813060e-03 | mismatch=+0.000000e+00
    [RECOURSE COMPONENT CHECK] classified_delta=+1.839244e+07 | block_delta=+1.839244e+07 | mismatch=-1.490116e-08
  TSO node=None year=2025 day=Autumn | previous=6.837627e+07 | current=8.647500e+07 | delta=+1.809874e+07 | abs_delta=1.809874e+07
    [RECOURSE JUMP][TSO PROX] year=2025 day=Autumn | V max=0.002095 | PF max=0.117937 | ESS max=0.000000
    [RECOURSE COMPONENTS] gen=+2.735387e+07 | flex=-9.245405e+06 | load_curt=+0.000000e+00 | res_curt=+0.000000e+00 | ess_usage=+0.000000e+00 | slacks=-9.726741e+03 | ess_comp=+0.000000e+00
    [SLACK COMPONENTS] voltage=-9.726741e+03 | node_P=+0.000000e+00 | node_Q=+0.000000e+00 | branch_ij=+0.000000e+00 | branch_ji=+0.000000e+00 | flex_P=+0.000000e+00 | flex_Q=+0.000000e+00
    [SLACK COMPONENT CHECK] classified_delta=-9.726741e+03 | objective_slack_delta=-9.726741e+03 | mismatch=+0.000000e+00
    [RECOURSE COMPONENT CHECK] classified_delta=+1.809874e+07 | block_delta=+1.809874e+07 | mismatch=+3.725290e-09
  TSO node=None year=2030 day=Winter | previous=2.291474e+07 | current=4.051352e+07 | delta=+1.759878e+07 | abs_delta=1.759878e+07
    [RECOURSE JUMP][TSO PROX] year=2030 day=Winter | V max=0.002834 | PF max=0.082351 | ESS max=0.000000
    [RECOURSE COMPONENTS] gen=+2.221388e+07 | flex=-4.605376e+06 | load_curt=+0.000000e+00 | res_curt=+0.000000e+00 | ess_usage=+0.000000e+00 | slacks=-9.726718e+03 | ess_comp=+0.000000e+00
    [SLACK COMPONENTS] voltage=-9.726718e+03 | node_P=+0.000000e+00 | node_Q=+0.000000e+00 | branch_ij=+0.000000e+00 | branch_ji=+0.000000e+00 | flex_P=+0.000000e+00 | flex_Q=+0.000000e+00
    [SLACK COMPONENT CHECK] classified_delta=-9.726718e+03 | objective_slack_delta=-9.726718e+03 | mismatch=+0.000000e+00
    [RECOURSE COMPONENT CHECK] classified_delta=+1.759878e+07 | block_delta=+1.759878e+07 | mismatch=+0.000000e+00
  TSO node=None year=2035 day=Winter | previous=1.770832e+07 | current=3.446081e+07 | delta=+1.675249e+07 | abs_delta=1.675249e+07
    [RECOURSE JUMP][TSO PROX] year=2035 day=Winter | V max=0.002876 | PF max=0.081441 | ESS max=0.000000
    [RECOURSE COMPONENTS] gen=+2.144838e+07 | flex=-4.695891e+06 | load_curt=+0.000000e+00 | res_curt=+0.000000e+00 | ess_usage=+0.000000e+00 | slacks=-3.821692e-03 | ess_comp=+0.000000e+00
    [SLACK COMPONENTS] voltage=-3.821692e-03 | node_P=+0.000000e+00 | node_Q=+0.000000e+00 | branch_ij=+0.000000e+00 | branch_ji=+0.000000e+00 | flex_P=+0.000000e+00 | flex_Q=+0.000000e+00
    [SLACK COMPONENT CHECK] classified_delta=-3.821692e-03 | objective_slack_delta=-3.821692e-03 | mismatch=+0.000000e+00
    [RECOURSE COMPONENT CHECK] classified_delta=+1.675249e+07 | block_delta=+1.675249e+07 | mismatch=-3.725290e-09
  TSO node=None year=2035 day=Summer | previous=6.254875e+07 | current=7.637399e+07 | delta=+1.382524e+07 | abs_delta=1.382524e+07
    [RECOURSE JUMP][TSO PROX] year=2035 day=Summer | V max=0.002163 | PF max=0.068834 | ESS max=0.000000
    [RECOURSE COMPONENTS] gen=+2.046767e+07 | flex=-6.642433e+06 | load_curt=+0.000000e+00 | res_curt=+0.000000e+00 | ess_usage=+0.000000e+00 | slacks=-4.560640e-03 | ess_comp=+0.000000e+00
    [SLACK COMPONENTS] voltage=-4.560640e-03 | node_P=+0.000000e+00 | node_Q=+0.000000e+00 | branch_ij=+0.000000e+00 | branch_ji=+0.000000e+00 | flex_P=+0.000000e+00 | flex_Q=+0.000000e+00
    [SLACK COMPONENT CHECK] classified_delta=-4.560640e-03 | objective_slack_delta=-4.560640e-03 | mismatch=+0.000000e+00
    [RECOURSE COMPONENT CHECK] classified_delta=+1.382524e+07 | block_delta=+1.382524e+07 | mismatch=-1.862645e-09
[INFO]		 - Recourse stationarity failed. 140577120.169142 > 961146.086928
[ADMM RHO] V | primal max ratio=3.384 | primal mean ratio=23.474 | primal selected=23.474 | dual mean ratio=1.513 | increase threshold=5.0 | decrease threshold=5.0 | action=increased
[ADMM RHO] PF | primal max ratio=18.235 | primal mean ratio=42.877 | primal selected=42.877 | dual mean ratio=7.762 | increase threshold=5.0 | decrease threshold=3.0 | action=increased
[ADMM RHO] ESS | primal max ratio=0.000 | primal mean ratio=0.000 | primal selected=0.000 | dual mean ratio=0.000 | increase threshold=5.0 | decrease threshold=5.0 | action=held
[INFO]		 - ADMM cycle 2 | Primal (V max/mean | PF max/mean | ESS max/mean) = 0.033839/0.023474 | 0.182348/0.042877 | 0.000000/0.000000 | Dual (V max/mean | PF max/mean | ESS max/mean) = 0.072827/0.015127 | 0.531537/0.077617 | 0.000000/0.000000 | Recourse change = 140577120.169142 (tol. 961146.086928) | Stable cycles = 0/1 | Penalty actions (V/PF/ESS) = increased/increased/held
[INFO] 	 - Iteration 2: 22.67 s
[INFO] 	 - ADMM Iteration 3
[INFO] 		 - Updating distribution networks:
[INFO] 			 - Running SMOPF, Network case33_1, 2025, Spring...
[INFO] 			 - Running SMOPF, Network case33_1, 2025, Summer...
[INFO] 			 - Running SMOPF, Network case33_1, 2025, Autumn...
[INFO] 			 - Running SMOPF, Network case33_1, 2025, Winter...
[INFO] 			 - Running SMOPF, Network case33_1, 2030, Spring...
[INFO] 			 - Running SMOPF, Network case33_1, 2030, Summer...
[INFO] 			 - Running SMOPF, Network case33_1, 2030, Autumn...
[INFO] 			 - Running SMOPF, Network case33_1, 2030, Winter...
[INFO] 			 - Running SMOPF, Network case33_1, 2035, Spring...
[INFO] 			 - Running SMOPF, Network case33_1, 2035, Summer...
[INFO] 			 - Running SMOPF, Network case33_1, 2035, Autumn...
[INFO] 			 - Running SMOPF, Network case33_1, 2035, Winter...
[INFO] 			 - Running SMOPF, Network case33_2, 2025, Spring...
[INFO] 			 - Running SMOPF, Network case33_2, 2025, Summer...
[INFO] 			 - Running SMOPF, Network case33_2, 2025, Autumn...
[INFO] 			 - Running SMOPF, Network case33_2, 2025, Winter...
[INFO] 			 - Running SMOPF, Network case33_2, 2030, Spring...
[INFO] 			 - Running SMOPF, Network case33_2, 2030, Summer...
[INFO] 			 - Running SMOPF, Network case33_2, 2030, Autumn...
[INFO] 			 - Running SMOPF, Network case33_2, 2030, Winter...
[INFO] 			 - Running SMOPF, Network case33_2, 2035, Spring...
[INFO] 			 - Running SMOPF, Network case33_2, 2035, Summer...
[INFO] 			 - Running SMOPF, Network case33_2, 2035, Autumn...
[INFO] 			 - Running SMOPF, Network case33_2, 2035, Winter...
[INFO] 			 - Running SMOPF, Network case33_3, 2025, Spring...
[INFO] 			 - Running SMOPF, Network case33_3, 2025, Summer...
[INFO] 			 - Running SMOPF, Network case33_3, 2025, Autumn...
[INFO] 			 - Running SMOPF, Network case33_3, 2025, Winter...
[INFO] 			 - Running SMOPF, Network case33_3, 2030, Spring...
[INFO] 			 - Running SMOPF, Network case33_3, 2030, Summer...
[INFO] 			 - Running SMOPF, Network case33_3, 2030, Autumn...
[INFO] 			 - Running SMOPF, Network case33_3, 2030, Winter...
[INFO] 			 - Running SMOPF, Network case33_3, 2035, Spring...
[INFO] 			 - Running SMOPF, Network case33_3, 2035, Summer...
[INFO] 			 - Running SMOPF, Network case33_3, 2035, Autumn...
[INFO] 			 - Running SMOPF, Network case33_3, 2035, Winter...
[INFO] 		 - Updating transmission network...
[INFO] 			 - Running SMOPF, Network case9, 2025, Spring...
[INFO] 			 - Running SMOPF, Network case9, 2025, Summer...
[INFO] 			 - Running SMOPF, Network case9, 2025, Autumn...
[INFO] 			 - Running SMOPF, Network case9, 2025, Winter...
[INFO] 			 - Running SMOPF, Network case9, 2030, Spring...
[INFO] 			 - Running SMOPF, Network case9, 2030, Summer...
[INFO] 			 - Running SMOPF, Network case9, 2030, Autumn...
[INFO] 			 - Running SMOPF, Network case9, 2030, Winter...
[INFO] 			 - Running SMOPF, Network case9, 2035, Spring...
[INFO] 			 - Running SMOPF, Network case9, 2035, Summer...
[INFO] 			 - Running SMOPF, Network case9, 2035, Autumn...
[INFO] 			 - Running SMOPF, Network case9, 2035, Winter...
[TSO PROX] cycle=3 | updated_blocks=12 | held_failed_blocks=0 | V max=0.001201 | PF max=0.055390 | ESS max=0.000000
[TSO PROX][V MAX] node=5, year=2035, day=Summer, period=15 | dV=0.414408 kV | normalized=0.001201
[TSO PROX][PF MAX] node=5, year=2035, day=Winter, period=22, type=P | delta=11.078068 MW | normalized=0.055390
[TSO PROX][ESS MAX] node=5, year=2025, day=Spring, period=0, type=P | delta=0.000000 MW | normalized=0.000000
[INFO] 		 - Updating SharedESS...
[INFO] 		 - Running Shared ESS optimization (subproblem)...
[INFO] 			 - Node 5...
[INFO] 			 - Node 7...
[INFO] 			 - Node 9...
[DIAG][PF MAX] node=9, year=2025, day=Summer, period=18, type=P | TSO=48.617267 MW, DSO=39.781207 MW, diff=8.836060 MW, rating=150.000000 MVA, normalized=0.058907, rho(TSO/DSO)=2.250000/2.250000
[INFO]		 - interface PF max primal residual failed. 0.058907 > 0.010000
[INFO]		 - interface PF mean primal residual failed. 0.018617 > 0.001000
[INFO]		 - interface Vmag mean dual residual failed. 0.026866 > 0.010000
[INFO]		 - interface PF mean dual residual failed. 0.045777 > 0.010000
[RECOURSE JUMP] cycle=3 | abs_change=3.943708e+06 | tol=9.650898e+05 | signed_change=+3.943708e+06
[RECOURSE JUMP] Reconciliation | previous=9.611461e+08 | current=9.650898e+08 | block_delta=+3.943708e+06 | mismatch=-1.192093e-07
[RECOURSE JUMP] Aggregate signed changes:
  TSO | delta=+1.282071e+07
  DSO node=5 | delta=-5.996448e+06
  DSO node=9 | delta=-2.666118e+06
  DSO node=7 | delta=-2.144359e+05
  SALVAGE | delta=+0.000000e+00
[RECOURSE JUMP] Largest 10 block changes:
  TSO node=None year=2035 day=Winter | previous=3.446081e+07 | current=4.118095e+07 | delta=+6.720146e+06 | abs_delta=6.720146e+06
    [RECOURSE JUMP][TSO PROX] year=2035 day=Winter | V max=0.001076 | PF max=0.055390 | ESS max=0.000000
    [RECOURSE COMPONENTS] gen=+9.222985e+06 | flex=-2.502839e+06 | load_curt=+0.000000e+00 | res_curt=+0.000000e+00 | ess_usage=+0.000000e+00 | slacks=-1.396432e-03 | ess_comp=+0.000000e+00
    [SLACK COMPONENTS] voltage=-1.396432e-03 | node_P=+0.000000e+00 | node_Q=+0.000000e+00 | branch_ij=+0.000000e+00 | branch_ji=+0.000000e+00 | flex_P=+0.000000e+00 | flex_Q=+0.000000e+00
    [SLACK COMPONENT CHECK] classified_delta=-1.396432e-03 | objective_slack_delta=-1.396432e-03 | mismatch=+0.000000e+00
    [RECOURSE COMPONENT CHECK] classified_delta=+6.720146e+06 | block_delta=+6.720146e+06 | mismatch=+1.024455e-08
  TSO node=None year=2030 day=Winter | previous=4.051352e+07 | current=4.574338e+07 | delta=+5.229864e+06 | abs_delta=5.229864e+06
    [RECOURSE JUMP][TSO PROX] year=2030 day=Winter | V max=0.001051 | PF max=0.039018 | ESS max=0.000000
    [RECOURSE COMPONENTS] gen=+6.807532e+06 | flex=-1.587395e+06 | load_curt=+0.000000e+00 | res_curt=+0.000000e+00 | ess_usage=+0.000000e+00 | slacks=+9.726709e+03 | ess_comp=+0.000000e+00
    [SLACK COMPONENTS] voltage=+9.726709e+03 | node_P=+0.000000e+00 | node_Q=+0.000000e+00 | branch_ij=+0.000000e+00 | branch_ji=+0.000000e+00 | flex_P=+0.000000e+00 | flex_Q=+0.000000e+00
    [SLACK COMPONENT CHECK] classified_delta=+9.726709e+03 | objective_slack_delta=+9.726709e+03 | mismatch=+0.000000e+00
    [RECOURSE COMPONENT CHECK] classified_delta=+5.229864e+06 | block_delta=+5.229864e+06 | mismatch=+1.862645e-09
  TSO node=None year=2035 day=Spring | previous=7.650752e+07 | current=8.025417e+07 | delta=+3.746644e+06 | abs_delta=3.746644e+06
    [RECOURSE JUMP][TSO PROX] year=2035 day=Spring | V max=0.000884 | PF max=0.054907 | ESS max=0.000000
    [RECOURSE COMPONENTS] gen=+5.183493e+06 | flex=-1.427122e+06 | load_curt=+0.000000e+00 | res_curt=+0.000000e+00 | ess_usage=+0.000000e+00 | slacks=-9.726665e+03 | ess_comp=+0.000000e+00
    [SLACK COMPONENTS] voltage=-9.726665e+03 | node_P=+0.000000e+00 | node_Q=+0.000000e+00 | branch_ij=+0.000000e+00 | branch_ji=+0.000000e+00 | flex_P=+0.000000e+00 | flex_Q=+0.000000e+00
    [SLACK COMPONENT CHECK] classified_delta=-9.726665e+03 | objective_slack_delta=-9.726665e+03 | mismatch=+0.000000e+00
    [RECOURSE COMPONENT CHECK] classified_delta=+3.746644e+06 | block_delta=+3.746644e+06 | mismatch=+6.984919e-09
  TSO node=None year=2025 day=Spring | previous=9.982572e+07 | current=9.698742e+07 | delta=-2.838292e+06 | abs_delta=2.838292e+06
    [RECOURSE JUMP][TSO PROX] year=2025 day=Spring | V max=0.001022 | PF max=0.028544 | ESS max=0.000000
    [RECOURSE COMPONENTS] gen=-2.132491e+06 | flex=-7.058016e+05 | load_curt=+0.000000e+00 | res_curt=+0.000000e+00 | ess_usage=+0.000000e+00 | slacks=-1.043429e-03 | ess_comp=+0.000000e+00
    [SLACK COMPONENTS] voltage=-1.043429e-03 | node_P=+0.000000e+00 | node_Q=+0.000000e+00 | branch_ij=+0.000000e+00 | branch_ji=+0.000000e+00 | flex_P=+0.000000e+00 | flex_Q=+0.000000e+00
    [SLACK COMPONENT CHECK] classified_delta=-1.043429e-03 | objective_slack_delta=-1.043429e-03 | mismatch=+0.000000e+00
    [RECOURSE COMPONENT CHECK] classified_delta=-2.838292e+06 | block_delta=-2.838292e+06 | mismatch=-8.847564e-09
  TSO node=None year=2030 day=Autumn | previous=2.695815e+07 | current=2.945867e+07 | delta=+2.500527e+06 | abs_delta=2.500527e+06
    [RECOURSE JUMP][TSO PROX] year=2030 day=Autumn | V max=0.000942 | PF max=0.046955 | ESS max=0.000000
    [RECOURSE COMPONENTS] gen=+5.541811e+06 | flex=-3.041284e+06 | load_curt=+0.000000e+00 | res_curt=+0.000000e+00 | ess_usage=+0.000000e+00 | slacks=-1.657439e-03 | ess_comp=+0.000000e+00
    [SLACK COMPONENTS] voltage=-1.657439e-03 | node_P=+0.000000e+00 | node_Q=+0.000000e+00 | branch_ij=+0.000000e+00 | branch_ji=+0.000000e+00 | flex_P=+0.000000e+00 | flex_Q=+0.000000e+00
    [SLACK COMPONENT CHECK] classified_delta=-1.657439e-03 | objective_slack_delta=-1.657439e-03 | mismatch=+0.000000e+00
    [RECOURSE COMPONENT CHECK] classified_delta=+2.500527e+06 | block_delta=+2.500527e+06 | mismatch=-5.587935e-09
  DSO node=5 year=2035 day=Summer | previous=9.297778e+06 | current=7.266835e+06 | delta=-2.030943e+06 | abs_delta=2.030943e+06
    [RECOURSE COMPONENTS] gen=+0.000000e+00 | flex=-2.015221e+06 | load_curt=+0.000000e+00 | res_curt=-1.572198e+04 | ess_usage=+0.000000e+00 | slacks=-4.761888e-01 | ess_comp=+0.000000e+00
    [SLACK COMPONENTS] voltage=-4.761888e-01 | node_P=+0.000000e+00 | node_Q=+0.000000e+00 | branch_ij=+0.000000e+00 | branch_ji=+0.000000e+00 | flex_P=+0.000000e+00 | flex_Q=+0.000000e+00
    [SLACK COMPONENT CHECK] classified_delta=-4.761888e-01 | objective_slack_delta=-4.761888e-01 | mismatch=+0.000000e+00
    [RECOURSE COMPONENT CHECK] classified_delta=-2.030943e+06 | block_delta=-2.030943e+06 | mismatch=+4.656613e-10
  TSO node=None year=2025 day=Summer | previous=1.052802e+08 | current=1.033381e+08 | delta=-1.942065e+06 | abs_delta=1.942065e+06
    [RECOURSE JUMP][TSO PROX] year=2025 day=Summer | V max=0.001101 | PF max=0.033258 | ESS max=0.000000
    [RECOURSE COMPONENTS] gen=-1.403491e+05 | flex=-1.801715e+06 | load_curt=+0.000000e+00 | res_curt=+0.000000e+00 | ess_usage=+0.000000e+00 | slacks=-1.399564e-03 | ess_comp=+0.000000e+00
    [SLACK COMPONENTS] voltage=-1.399564e-03 | node_P=+0.000000e+00 | node_Q=+0.000000e+00 | branch_ij=+0.000000e+00 | branch_ji=+0.000000e+00 | flex_P=+0.000000e+00 | flex_Q=+0.000000e+00
    [SLACK COMPONENT CHECK] classified_delta=-1.399564e-03 | objective_slack_delta=-1.399564e-03 | mismatch=+0.000000e+00
    [RECOURSE COMPONENT CHECK] classified_delta=-1.942065e+06 | block_delta=-1.942065e+06 | mismatch=-5.587935e-09
  TSO node=None year=2030 day=Spring | previous=7.743695e+07 | current=7.591132e+07 | delta=-1.525638e+06 | abs_delta=1.525638e+06
    [RECOURSE JUMP][TSO PROX] year=2030 day=Spring | V max=0.000988 | PF max=0.029151 | ESS max=0.000000
    [RECOURSE COMPONENTS] gen=-1.058714e+06 | flex=-4.669240e+05 | load_curt=+0.000000e+00 | res_curt=+0.000000e+00 | ess_usage=+0.000000e+00 | slacks=-1.823432e-03 | ess_comp=+0.000000e+00
    [SLACK COMPONENTS] voltage=-1.823432e-03 | node_P=+0.000000e+00 | node_Q=+0.000000e+00 | branch_ij=+0.000000e+00 | branch_ji=+0.000000e+00 | flex_P=+0.000000e+00 | flex_Q=+0.000000e+00
    [SLACK COMPONENT CHECK] classified_delta=-1.823432e-03 | objective_slack_delta=-1.823432e-03 | mismatch=+0.000000e+00
    [RECOURSE COMPONENT CHECK] classified_delta=-1.525638e+06 | block_delta=-1.525638e+06 | mismatch=+1.373701e-08
  TSO node=None year=2025 day=Winter | previous=9.698510e+07 | current=9.839246e+07 | delta=+1.407362e+06 | abs_delta=1.407362e+06
    [RECOURSE JUMP][TSO PROX] year=2025 day=Winter | V max=0.000814 | PF max=0.033609 | ESS max=0.000000
    [RECOURSE COMPONENTS] gen=+2.817931e+06 | flex=-1.410569e+06 | load_curt=+0.000000e+00 | res_curt=+0.000000e+00 | ess_usage=+0.000000e+00 | slacks=-1.109617e-03 | ess_comp=+0.000000e+00
    [SLACK COMPONENTS] voltage=-1.109617e-03 | node_P=+0.000000e+00 | node_Q=+0.000000e+00 | branch_ij=+0.000000e+00 | branch_ji=+0.000000e+00 | flex_P=+0.000000e+00 | flex_Q=+0.000000e+00
    [SLACK COMPONENT CHECK] classified_delta=-1.109617e-03 | objective_slack_delta=-1.109617e-03 | mismatch=+0.000000e+00
    [RECOURSE COMPONENT CHECK] classified_delta=+1.407362e+06 | block_delta=+1.407362e+06 | mismatch=+4.423782e-09
  TSO node=None year=2035 day=Autumn | previous=4.138848e+07 | current=4.007967e+07 | delta=-1.308811e+06 | abs_delta=1.308811e+06
    [RECOURSE JUMP][TSO PROX] year=2035 day=Autumn | V max=0.000857 | PF max=0.036908 | ESS max=0.000000
    [RECOURSE COMPONENTS] gen=-4.143369e+05 | flex=-8.944745e+05 | load_curt=+0.000000e+00 | res_curt=+0.000000e+00 | ess_usage=+0.000000e+00 | slacks=-1.638080e-03 | ess_comp=+0.000000e+00
    [SLACK COMPONENTS] voltage=-1.638080e-03 | node_P=+0.000000e+00 | node_Q=+0.000000e+00 | branch_ij=+0.000000e+00 | branch_ji=+0.000000e+00 | flex_P=+0.000000e+00 | flex_Q=+0.000000e+00
    [SLACK COMPONENT CHECK] classified_delta=-1.638080e-03 | objective_slack_delta=-1.638080e-03 | mismatch=+0.000000e+00
    [RECOURSE COMPONENT CHECK] classified_delta=-1.308811e+06 | block_delta=-1.308811e+06 | mismatch=+1.350418e-08
[INFO]		 - Recourse stationarity failed. 3943708.392882 > 965089.795321
[ADMM RHO] V | primal max ratio=0.140 | primal mean ratio=0.305 | primal selected=0.305 | dual mean ratio=2.687 | increase threshold=5.0 | decrease threshold=5.0 | action=decreased
[ADMM RHO] PF | primal max ratio=5.891 | primal mean ratio=18.617 | primal selected=18.617 | dual mean ratio=4.578 | increase threshold=5.0 | decrease threshold=3.0 | action=held
[ADMM RHO] ESS | primal max ratio=0.000 | primal mean ratio=0.000 | primal selected=0.000 | dual mean ratio=0.000 | increase threshold=5.0 | decrease threshold=5.0 | action=held
[INFO]		 - ADMM cycle 3 | Primal (V max/mean | PF max/mean | ESS max/mean) = 0.001404/0.000305 | 0.058907/0.018617 | 0.000000/0.000000 | Dual (V max/mean | PF max/mean | ESS max/mean) = 0.076284/0.026866 | 0.374132/0.045777 | 0.000000/0.000000 | Recourse change = 3943708.392882 (tol. 965089.795321) | Stable cycles = 0/1 | Penalty actions (V/PF/ESS) = decreased/held/held
[INFO] 	 - Iteration 3: 22.90 s
[INFO] 	 - ADMM Iteration 4
[INFO] 		 - Updating distribution networks:
[INFO] 			 - Running SMOPF, Network case33_1, 2025, Spring...
[INFO] 			 - Running SMOPF, Network case33_1, 2025, Summer...
[INFO] 			 - Running SMOPF, Network case33_1, 2025, Autumn...
[INFO] 			 - Running SMOPF, Network case33_1, 2025, Winter...
[INFO] 			 - Running SMOPF, Network case33_1, 2030, Spring...
[INFO] 			 - Running SMOPF, Network case33_1, 2030, Summer...
[INFO] 			 - Running SMOPF, Network case33_1, 2030, Autumn...
[INFO] 			 - Running SMOPF, Network case33_1, 2030, Winter...
[INFO] 			 - Running SMOPF, Network case33_1, 2035, Spring...
[INFO] 			 - Running SMOPF, Network case33_1, 2035, Summer...
[INFO] 			 - Running SMOPF, Network case33_1, 2035, Autumn...
[INFO] 			 - Running SMOPF, Network case33_1, 2035, Winter...
[INFO] 			 - Running SMOPF, Network case33_2, 2025, Spring...
[INFO] 			 - Running SMOPF, Network case33_2, 2025, Summer...
[INFO] 			 - Running SMOPF, Network case33_2, 2025, Autumn...
[INFO] 			 - Running SMOPF, Network case33_2, 2025, Winter...
[INFO] 			 - Running SMOPF, Network case33_2, 2030, Spring...
[INFO] 			 - Running SMOPF, Network case33_2, 2030, Summer...
[INFO] 			 - Running SMOPF, Network case33_2, 2030, Autumn...
[INFO] 			 - Running SMOPF, Network case33_2, 2030, Winter...
[INFO] 			 - Running SMOPF, Network case33_2, 2035, Spring...
[INFO] 			 - Running SMOPF, Network case33_2, 2035, Summer...
[INFO] 			 - Running SMOPF, Network case33_2, 2035, Autumn...
[INFO] 			 - Running SMOPF, Network case33_2, 2035, Winter...
[INFO] 			 - Running SMOPF, Network case33_3, 2025, Spring...
[INFO] 			 - Running SMOPF, Network case33_3, 2025, Summer...
[INFO] 			 - Running SMOPF, Network case33_3, 2025, Autumn...
[INFO] 			 - Running SMOPF, Network case33_3, 2025, Winter...
[INFO] 			 - Running SMOPF, Network case33_3, 2030, Spring...
[INFO] 			 - Running SMOPF, Network case33_3, 2030, Summer...
[INFO] 			 - Running SMOPF, Network case33_3, 2030, Autumn...
[INFO] 			 - Running SMOPF, Network case33_3, 2030, Winter...
[INFO] 			 - Running SMOPF, Network case33_3, 2035, Spring...
[INFO] 			 - Running SMOPF, Network case33_3, 2035, Summer...
[INFO] 			 - Running SMOPF, Network case33_3, 2035, Autumn...
[INFO] 			 - Running SMOPF, Network case33_3, 2035, Winter...
[INFO] 		 - Updating transmission network...
[INFO] 			 - Running SMOPF, Network case9, 2025, Spring...
[INFO] 			 - Running SMOPF, Network case9, 2025, Summer...
[INFO] 			 - Running SMOPF, Network case9, 2025, Autumn...
[INFO] 			 - Running SMOPF, Network case9, 2025, Winter...
[INFO] 			 - Running SMOPF, Network case9, 2030, Spring...
[INFO] 			 - Running SMOPF, Network case9, 2030, Summer...
[INFO] 			 - Running SMOPF, Network case9, 2030, Autumn...
[INFO] 			 - Running SMOPF, Network case9, 2030, Winter...
[INFO] 			 - Running SMOPF, Network case9, 2035, Spring...
[INFO] 			 - Running SMOPF, Network case9, 2035, Summer...
[INFO] 			 - Running SMOPF, Network case9, 2035, Autumn...
[INFO] 			 - Running SMOPF, Network case9, 2035, Winter...
[TSO PROX] cycle=4 | updated_blocks=12 | held_failed_blocks=0 | V max=0.001136 | PF max=0.043100 | ESS max=0.000000
[TSO PROX][V MAX] node=5, year=2035, day=Summer, period=15 | dV=0.391939 kV | normalized=0.001136
[TSO PROX][PF MAX] node=9, year=2025, day=Winter, period=10, type=P | delta=6.464989 MW | normalized=0.043100
[TSO PROX][ESS MAX] node=5, year=2025, day=Spring, period=0, type=P | delta=0.000000 MW | normalized=0.000000
[INFO] 		 - Updating SharedESS...
[INFO] 		 - Running Shared ESS optimization (subproblem)...
[INFO] 			 - Node 5...
[INFO] 			 - Node 7...
[INFO] 			 - Node 9...
[DIAG][PF MAX] node=5, year=2030, day=Spring, period=18, type=P | TSO=42.794069 MW, DSO=36.464018 MW, diff=6.330051 MW, rating=200.000000 MVA, normalized=0.031650, rho(TSO/DSO)=2.250000/2.250000
[INFO]		 - interface PF max primal residual failed. 0.031650 > 0.010000
[INFO]		 - interface PF mean primal residual failed. 0.005552 > 0.001000
[INFO]		 - interface PF mean dual residual failed. 0.020157 > 0.010000
[RECOURSE JUMP] cycle=4 | abs_change=5.626991e+07 | tol=9.650898e+05 | signed_change=-5.626991e+07
[RECOURSE JUMP] Reconciliation | previous=9.650898e+08 | current=9.088199e+08 | block_delta=-5.626991e+07 | mismatch=-2.384186e-07
[RECOURSE JUMP] Aggregate signed changes:
  TSO | delta=-4.378203e+07
  DSO node=9 | delta=-6.458896e+06
  DSO node=7 | delta=-3.952776e+06
  DSO node=5 | delta=-2.076203e+06
  SALVAGE | delta=+0.000000e+00
[RECOURSE JUMP] Largest 10 block changes:
  TSO node=None year=2025 day=Winter | previous=9.839246e+07 | current=9.089901e+07 | delta=-7.493451e+06 | abs_delta=7.493451e+06
    [RECOURSE JUMP][TSO PROX] year=2025 day=Winter | V max=0.000618 | PF max=0.043100 | ESS max=0.000000
    [RECOURSE COMPONENTS] gen=-6.886592e+06 | flex=-6.068596e+05 | load_curt=+0.000000e+00 | res_curt=+0.000000e+00 | ess_usage=+0.000000e+00 | slacks=-4.120550e-04 | ess_comp=+0.000000e+00
    [SLACK COMPONENTS] voltage=-4.120550e-04 | node_P=+0.000000e+00 | node_Q=+0.000000e+00 | branch_ij=+0.000000e+00 | branch_ji=+0.000000e+00 | flex_P=+0.000000e+00 | flex_Q=+0.000000e+00
    [SLACK COMPONENT CHECK] classified_delta=-4.120550e-04 | objective_slack_delta=-4.120550e-04 | mismatch=+0.000000e+00
    [RECOURSE COMPONENT CHECK] classified_delta=-7.493451e+06 | block_delta=-7.493451e+06 | mismatch=-8.381903e-09
  TSO node=None year=2035 day=Spring | previous=8.025417e+07 | current=7.489204e+07 | delta=-5.362130e+06 | abs_delta=5.362130e+06
    [RECOURSE JUMP][TSO PROX] year=2035 day=Spring | V max=0.000681 | PF max=0.030978 | ESS max=0.000000
    [RECOURSE COMPONENTS] gen=-6.997993e+06 | flex=+1.626136e+06 | load_curt=+0.000000e+00 | res_curt=+0.000000e+00 | ess_usage=+0.000000e+00 | slacks=+9.726664e+03 | ess_comp=+0.000000e+00
    [SLACK COMPONENTS] voltage=+9.726664e+03 | node_P=+0.000000e+00 | node_Q=+0.000000e+00 | branch_ij=+0.000000e+00 | branch_ji=+0.000000e+00 | flex_P=+0.000000e+00 | flex_Q=+0.000000e+00
    [SLACK COMPONENT CHECK] classified_delta=+9.726664e+03 | objective_slack_delta=+9.726664e+03 | mismatch=+0.000000e+00
    [RECOURSE COMPONENT CHECK] classified_delta=-5.362130e+06 | block_delta=-5.362130e+06 | mismatch=-1.676381e-08
  TSO node=None year=2025 day=Spring | previous=9.698742e+07 | current=9.163497e+07 | delta=-5.352454e+06 | abs_delta=5.352454e+06
    [RECOURSE JUMP][TSO PROX] year=2025 day=Spring | V max=0.000753 | PF max=0.035981 | ESS max=0.000000
    [RECOURSE COMPONENTS] gen=-6.428650e+06 | flex=+1.076196e+06 | load_curt=+0.000000e+00 | res_curt=+0.000000e+00 | ess_usage=+0.000000e+00 | slacks=-1.054960e-03 | ess_comp=+0.000000e+00
    [SLACK COMPONENTS] voltage=-1.054960e-03 | node_P=+0.000000e+00 | node_Q=+0.000000e+00 | branch_ij=+0.000000e+00 | branch_ji=+0.000000e+00 | flex_P=+0.000000e+00 | flex_Q=+0.000000e+00
    [SLACK COMPONENT CHECK] classified_delta=-1.054960e-03 | objective_slack_delta=-1.054960e-03 | mismatch=+0.000000e+00
    [RECOURSE COMPONENT CHECK] classified_delta=-5.352454e+06 | block_delta=-5.352454e+06 | mismatch=-4.656613e-09
  TSO node=None year=2025 day=Summer | previous=1.033381e+08 | current=9.855241e+07 | delta=-4.785727e+06 | abs_delta=4.785727e+06
    [RECOURSE JUMP][TSO PROX] year=2025 day=Summer | V max=0.000743 | PF max=0.038919 | ESS max=0.000000
    [RECOURSE COMPONENTS] gen=-4.691801e+06 | flex=-9.392610e+04 | load_curt=+0.000000e+00 | res_curt=+0.000000e+00 | ess_usage=+0.000000e+00 | slacks=-7.437295e-04 | ess_comp=+0.000000e+00
    [SLACK COMPONENTS] voltage=-7.437295e-04 | node_P=+0.000000e+00 | node_Q=+0.000000e+00 | branch_ij=+0.000000e+00 | branch_ji=+0.000000e+00 | flex_P=+0.000000e+00 | flex_Q=+0.000000e+00
    [SLACK COMPONENT CHECK] classified_delta=-7.437295e-04 | objective_slack_delta=-7.437295e-04 | mismatch=+0.000000e+00
    [RECOURSE COMPONENT CHECK] classified_delta=-4.785727e+06 | block_delta=-4.785727e+06 | mismatch=-9.313226e-10
  TSO node=None year=2030 day=Spring | previous=7.591132e+07 | current=7.131516e+07 | delta=-4.596160e+06 | abs_delta=4.596160e+06
    [RECOURSE JUMP][TSO PROX] year=2030 day=Spring | V max=0.000712 | PF max=0.033710 | ESS max=0.000000
    [RECOURSE COMPONENTS] gen=-6.208751e+06 | flex=+1.612591e+06 | load_curt=+0.000000e+00 | res_curt=+0.000000e+00 | ess_usage=+0.000000e+00 | slacks=-1.619459e-03 | ess_comp=+0.000000e+00
    [SLACK COMPONENTS] voltage=-1.619459e-03 | node_P=+0.000000e+00 | node_Q=+0.000000e+00 | branch_ij=+0.000000e+00 | branch_ji=+0.000000e+00 | flex_P=+0.000000e+00 | flex_Q=+0.000000e+00
    [SLACK COMPONENT CHECK] classified_delta=-1.619459e-03 | objective_slack_delta=-1.619459e-03 | mismatch=+0.000000e+00
    [RECOURSE COMPONENT CHECK] classified_delta=-4.596160e+06 | block_delta=-4.596160e+06 | mismatch=+2.793968e-09
  TSO node=None year=2030 day=Summer | previous=7.912287e+07 | current=7.476274e+07 | delta=-4.360136e+06 | abs_delta=4.360136e+06
    [RECOURSE JUMP][TSO PROX] year=2030 day=Summer | V max=0.000791 | PF max=0.040305 | ESS max=0.000000
    [RECOURSE COMPONENTS] gen=-5.035999e+06 | flex=+6.758627e+05 | load_curt=+0.000000e+00 | res_curt=+0.000000e+00 | ess_usage=+0.000000e+00 | slacks=-1.419729e-04 | ess_comp=+0.000000e+00
    [SLACK COMPONENTS] voltage=-1.419729e-04 | node_P=+0.000000e+00 | node_Q=+0.000000e+00 | branch_ij=+0.000000e+00 | branch_ji=+0.000000e+00 | flex_P=+0.000000e+00 | flex_Q=+0.000000e+00
    [SLACK COMPONENT CHECK] classified_delta=-1.419729e-04 | objective_slack_delta=-1.419729e-04 | mismatch=+0.000000e+00
    [RECOURSE COMPONENT CHECK] classified_delta=-4.360136e+06 | block_delta=-4.360136e+06 | mismatch=+5.587935e-09
  TSO node=None year=2025 day=Autumn | previous=8.605768e+07 | current=8.177819e+07 | delta=-4.279490e+06 | abs_delta=4.279490e+06
    [RECOURSE JUMP][TSO PROX] year=2025 day=Autumn | V max=0.000590 | PF max=0.037251 | ESS max=0.000000
    [RECOURSE COMPONENTS] gen=-4.043247e+06 | flex=-2.362435e+05 | load_curt=+0.000000e+00 | res_curt=+0.000000e+00 | ess_usage=+0.000000e+00 | slacks=-1.105281e-03 | ess_comp=+0.000000e+00
    [SLACK COMPONENTS] voltage=-1.105281e-03 | node_P=+0.000000e+00 | node_Q=+0.000000e+00 | branch_ij=+0.000000e+00 | branch_ji=+0.000000e+00 | flex_P=+0.000000e+00 | flex_Q=+0.000000e+00
    [SLACK COMPONENT CHECK] classified_delta=-1.105281e-03 | objective_slack_delta=-1.105281e-03 | mismatch=+0.000000e+00
    [RECOURSE COMPONENT CHECK] classified_delta=-4.279490e+06 | block_delta=-4.279490e+06 | mismatch=+1.862645e-09
  TSO node=None year=2035 day=Summer | previous=7.649733e+07 | current=7.370990e+07 | delta=-2.787425e+06 | abs_delta=2.787425e+06
    [RECOURSE JUMP][TSO PROX] year=2035 day=Summer | V max=0.001136 | PF max=0.037911 | ESS max=0.000000
    [RECOURSE COMPONENTS] gen=-3.043694e+06 | flex=+2.562691e+05 | load_curt=+0.000000e+00 | res_curt=+0.000000e+00 | ess_usage=+0.000000e+00 | slacks=-3.544007e-04 | ess_comp=+0.000000e+00
    [SLACK COMPONENTS] voltage=-3.544007e-04 | node_P=+0.000000e+00 | node_Q=+0.000000e+00 | branch_ij=+0.000000e+00 | branch_ji=+0.000000e+00 | flex_P=+0.000000e+00 | flex_Q=+0.000000e+00
    [SLACK COMPONENT CHECK] classified_delta=-3.544007e-04 | objective_slack_delta=-3.544007e-04 | mismatch=+0.000000e+00
    [RECOURSE COMPONENT CHECK] classified_delta=-2.787425e+06 | block_delta=-2.787425e+06 | mismatch=+1.210719e-08
  TSO node=None year=2035 day=Autumn | previous=4.007967e+07 | current=3.767555e+07 | delta=-2.404118e+06 | abs_delta=2.404118e+06
    [RECOURSE JUMP][TSO PROX] year=2035 day=Autumn | V max=0.000858 | PF max=0.031748 | ESS max=0.000000
    [RECOURSE COMPONENTS] gen=-2.244750e+06 | flex=-1.593679e+05 | load_curt=+0.000000e+00 | res_curt=+0.000000e+00 | ess_usage=+0.000000e+00 | slacks=-8.484439e-04 | ess_comp=+0.000000e+00
    [SLACK COMPONENTS] voltage=-8.484439e-04 | node_P=+0.000000e+00 | node_Q=+0.000000e+00 | branch_ij=+0.000000e+00 | branch_ji=+0.000000e+00 | flex_P=+0.000000e+00 | flex_Q=+0.000000e+00
    [SLACK COMPONENT CHECK] classified_delta=-8.484439e-04 | objective_slack_delta=-8.484439e-04 | mismatch=+0.000000e+00
    [RECOURSE COMPONENT CHECK] classified_delta=-2.404118e+06 | block_delta=-2.404118e+06 | mismatch=-5.122274e-09
  DSO node=9 year=2025 day=Summer | previous=5.252915e+06 | current=3.518984e+06 | delta=-1.733931e+06 | abs_delta=1.733931e+06
    [RECOURSE COMPONENTS] gen=+0.000000e+00 | flex=-1.712492e+06 | load_curt=+0.000000e+00 | res_curt=+4.081145e+04 | ess_usage=+0.000000e+00 | slacks=-6.225090e+04 | ess_comp=+0.000000e+00
    [SLACK COMPONENTS] voltage=-6.225090e+04 | node_P=+0.000000e+00 | node_Q=+0.000000e+00 | branch_ij=+0.000000e+00 | branch_ji=+0.000000e+00 | flex_P=+0.000000e+00 | flex_Q=+0.000000e+00
    [SLACK COMPONENT CHECK] classified_delta=-6.225090e+04 | objective_slack_delta=-6.225090e+04 | mismatch=+0.000000e+00
    [RECOURSE COMPONENT CHECK] classified_delta=-1.733931e+06 | block_delta=-1.733931e+06 | mismatch=-2.328306e-10
[INFO]		 - Recourse stationarity failed. 56269910.048742 > 965089.795321
[ADMM RHO] V | primal max ratio=0.130 | primal mean ratio=0.322 | primal selected=0.322 | dual mean ratio=0.060 | increase threshold=5.0 | decrease threshold=5.0 | action=held
[ADMM RHO] PF | primal max ratio=3.165 | primal mean ratio=5.552 | primal selected=5.552 | dual mean ratio=2.016 | increase threshold=5.0 | decrease threshold=3.0 | action=held
[ADMM RHO] ESS | primal max ratio=0.000 | primal mean ratio=0.000 | primal selected=0.000 | dual mean ratio=0.000 | increase threshold=5.0 | decrease threshold=5.0 | action=held
[INFO]		 - ADMM cycle 4 | Primal (V max/mean | PF max/mean | ESS max/mean) = 0.001297/0.000322 | 0.031650/0.005552 | 0.000000/0.000000 | Dual (V max/mean | PF max/mean | ESS max/mean) = 0.002671/0.000601 | 0.112778/0.020157 | 0.000000/0.000000 | Recourse change = 56269910.048742 (tol. 965089.795321) | Stable cycles = 0/1 | Penalty actions (V/PF/ESS) = held/held/held
[INFO] 	 - Iteration 4: 24.13 s
[INFO] 	 - ADMM Iteration 5
[INFO] 		 - Updating distribution networks:
[INFO] 			 - Running SMOPF, Network case33_1, 2025, Spring...
[INFO] 			 - Running SMOPF, Network case33_1, 2025, Summer...
[INFO] 			 - Running SMOPF, Network case33_1, 2025, Autumn...
[INFO] 			 - Running SMOPF, Network case33_1, 2025, Winter...
[INFO] 			 - Running SMOPF, Network case33_1, 2030, Spring...
[INFO] 			 - Running SMOPF, Network case33_1, 2030, Summer...
[INFO] 			 - Running SMOPF, Network case33_1, 2030, Autumn...
[INFO] 			 - Running SMOPF, Network case33_1, 2030, Winter...
[INFO] 			 - Running SMOPF, Network case33_1, 2035, Spring...
[INFO] 			 - Running SMOPF, Network case33_1, 2035, Summer...
[INFO] 			 - Running SMOPF, Network case33_1, 2035, Autumn...
[INFO] 			 - Running SMOPF, Network case33_1, 2035, Winter...
[INFO] 			 - Running SMOPF, Network case33_2, 2025, Spring...
[INFO] 			 - Running SMOPF, Network case33_2, 2025, Summer...
[INFO] 			 - Running SMOPF, Network case33_2, 2025, Autumn...
[INFO] 			 - Running SMOPF, Network case33_2, 2025, Winter...
[INFO] 			 - Running SMOPF, Network case33_2, 2030, Spring...
[INFO] 			 - Running SMOPF, Network case33_2, 2030, Summer...
[INFO] 			 - Running SMOPF, Network case33_2, 2030, Autumn...
[INFO] 			 - Running SMOPF, Network case33_2, 2030, Winter...
[INFO] 			 - Running SMOPF, Network case33_2, 2035, Spring...
[INFO] 			 - Running SMOPF, Network case33_2, 2035, Summer...
[INFO] 			 - Running SMOPF, Network case33_2, 2035, Autumn...
[INFO] 			 - Running SMOPF, Network case33_2, 2035, Winter...
[INFO] 			 - Running SMOPF, Network case33_3, 2025, Spring...
[INFO] 			 - Running SMOPF, Network case33_3, 2025, Summer...
[INFO] 			 - Running SMOPF, Network case33_3, 2025, Autumn...
[INFO] 			 - Running SMOPF, Network case33_3, 2025, Winter...
[INFO] 			 - Running SMOPF, Network case33_3, 2030, Spring...
[INFO] 			 - Running SMOPF, Network case33_3, 2030, Summer...
[INFO] 			 - Running SMOPF, Network case33_3, 2030, Autumn...
[INFO] 			 - Running SMOPF, Network case33_3, 2030, Winter...
[INFO] 			 - Running SMOPF, Network case33_3, 2035, Spring...
[INFO] 			 - Running SMOPF, Network case33_3, 2035, Summer...
[INFO] 			 - Running SMOPF, Network case33_3, 2035, Autumn...
[INFO] 			 - Running SMOPF, Network case33_3, 2035, Winter...
[INFO] 		 - Updating transmission network...
[INFO] 			 - Running SMOPF, Network case9, 2025, Spring...
[INFO] 			 - Running SMOPF, Network case9, 2025, Summer...
[INFO] 			 - Running SMOPF, Network case9, 2025, Autumn...
[INFO] 			 - Running SMOPF, Network case9, 2025, Winter...
[INFO] 			 - Running SMOPF, Network case9, 2030, Spring...
[INFO] 			 - Running SMOPF, Network case9, 2030, Summer...
[INFO] 			 - Running SMOPF, Network case9, 2030, Autumn...
[INFO] 			 - Running SMOPF, Network case9, 2030, Winter...
[INFO] 			 - Running SMOPF, Network case9, 2035, Spring...
[INFO] 			 - Running SMOPF, Network case9, 2035, Summer...
[INFO] 			 - Running SMOPF, Network case9, 2035, Autumn...
[INFO] 			 - Running SMOPF, Network case9, 2035, Winter...
[TSO PROX] cycle=5 | updated_blocks=12 | held_failed_blocks=0 | V max=0.000738 | PF max=0.038597 | ESS max=0.000000
[TSO PROX][V MAX] node=5, year=2035, day=Summer, period=13 | dV=0.254600 kV | normalized=0.000738
[TSO PROX][PF MAX] node=9, year=2025, day=Summer, period=8, type=P | delta=5.789597 MW | normalized=0.038597
[TSO PROX][ESS MAX] node=5, year=2025, day=Spring, period=0, type=P | delta=0.000000 MW | normalized=0.000000
[INFO] 		 - Updating SharedESS...
[INFO] 		 - Running Shared ESS optimization (subproblem)...
[INFO] 			 - Node 5...
[INFO] 			 - Node 7...
[INFO] 			 - Node 9...
[DIAG][PF MAX] node=5, year=2035, day=Winter, period=10, type=P | TSO=33.268213 MW, DSO=28.376360 MW, diff=4.891853 MW, rating=200.000000 MVA, normalized=0.024459, rho(TSO/DSO)=2.250000/2.250000
[INFO]		 - interface PF max primal residual failed. 0.024459 > 0.010000
[INFO]		 - interface PF mean primal residual failed. 0.002419 > 0.001000
[INFO]		 - interface PF mean dual residual failed. 0.012042 > 0.010000
[RECOURSE JUMP] cycle=5 | abs_change=3.526095e+07 | tol=9.088199e+05 | signed_change=-3.526095e+07
[RECOURSE JUMP] Reconciliation | previous=9.088199e+08 | current=8.735589e+08 | block_delta=-3.526095e+07 | mismatch=+1.192093e-07
[RECOURSE JUMP] Aggregate signed changes:
  TSO | delta=-3.545005e+07
  DSO node=5 | delta=-1.272410e+06
  DSO node=7 | delta=+1.182866e+06
  DSO node=9 | delta=+2.786423e+05
  SALVAGE | delta=+0.000000e+00
[RECOURSE JUMP] Largest 10 block changes:
  TSO node=None year=2035 day=Spring | previous=7.489204e+07 | current=6.903762e+07 | delta=-5.854422e+06 | abs_delta=5.854422e+06
    [RECOURSE JUMP][TSO PROX] year=2035 day=Spring | V max=0.000559 | PF max=0.026266 | ESS max=0.000000
    [RECOURSE COMPONENTS] gen=-7.880401e+06 | flex=+2.035706e+06 | load_curt=+0.000000e+00 | res_curt=+0.000000e+00 | ess_usage=+0.000000e+00 | slacks=-9.726664e+03 | ess_comp=+0.000000e+00
    [SLACK COMPONENTS] voltage=-9.726664e+03 | node_P=+0.000000e+00 | node_Q=+0.000000e+00 | branch_ij=+0.000000e+00 | branch_ji=+0.000000e+00 | flex_P=+0.000000e+00 | flex_Q=+0.000000e+00
    [SLACK COMPONENT CHECK] classified_delta=-9.726664e+03 | objective_slack_delta=-9.726664e+03 | mismatch=+0.000000e+00
    [RECOURSE COMPONENT CHECK] classified_delta=-5.854422e+06 | block_delta=-5.854422e+06 | mismatch=+2.793968e-09
  TSO node=None year=2025 day=Winter | previous=9.089901e+07 | current=8.617336e+07 | delta=-4.725652e+06 | abs_delta=4.725652e+06
    [RECOURSE JUMP][TSO PROX] year=2025 day=Winter | V max=0.000459 | PF max=0.030889 | ESS max=0.000000
    [RECOURSE COMPONENTS] gen=-4.912616e+06 | flex=+1.869647e+05 | load_curt=+0.000000e+00 | res_curt=+0.000000e+00 | ess_usage=+0.000000e+00 | slacks=-5.607603e-04 | ess_comp=+0.000000e+00
    [SLACK COMPONENTS] voltage=-5.607603e-04 | node_P=+0.000000e+00 | node_Q=+0.000000e+00 | branch_ij=+0.000000e+00 | branch_ji=+0.000000e+00 | flex_P=+0.000000e+00 | flex_Q=+0.000000e+00
    [SLACK COMPONENT CHECK] classified_delta=-5.607603e-04 | objective_slack_delta=-5.607603e-04 | mismatch=+0.000000e+00
    [RECOURSE COMPONENT CHECK] classified_delta=-4.725652e+06 | block_delta=-4.725652e+06 | mismatch=+1.862645e-09
  TSO node=None year=2030 day=Spring | previous=7.131516e+07 | current=6.726194e+07 | delta=-4.053219e+06 | abs_delta=4.053219e+06
    [RECOURSE JUMP][TSO PROX] year=2030 day=Spring | V max=0.000543 | PF max=0.033519 | ESS max=0.000000
    [RECOURSE COMPONENTS] gen=-6.001593e+06 | flex=+1.948374e+06 | load_curt=+0.000000e+00 | res_curt=+0.000000e+00 | ess_usage=+0.000000e+00 | slacks=-1.215406e-03 | ess_comp=+0.000000e+00
    [SLACK COMPONENTS] voltage=-1.215406e-03 | node_P=+0.000000e+00 | node_Q=+0.000000e+00 | branch_ij=+0.000000e+00 | branch_ji=+0.000000e+00 | flex_P=+0.000000e+00 | flex_Q=+0.000000e+00
    [SLACK COMPONENT CHECK] classified_delta=-1.215406e-03 | objective_slack_delta=-1.215406e-03 | mismatch=+0.000000e+00
    [RECOURSE COMPONENT CHECK] classified_delta=-4.053219e+06 | block_delta=-4.053219e+06 | mismatch=+5.587935e-09
  TSO node=None year=2025 day=Spring | previous=9.163497e+07 | current=8.765782e+07 | delta=-3.977152e+06 | abs_delta=3.977152e+06
    [RECOURSE JUMP][TSO PROX] year=2025 day=Spring | V max=0.000538 | PF max=0.030657 | ESS max=0.000000
    [RECOURSE COMPONENTS] gen=-5.903089e+06 | flex=+1.925937e+06 | load_curt=+0.000000e+00 | res_curt=+0.000000e+00 | ess_usage=+0.000000e+00 | slacks=-1.025623e-03 | ess_comp=+0.000000e+00
    [SLACK COMPONENTS] voltage=-1.025623e-03 | node_P=+0.000000e+00 | node_Q=+0.000000e+00 | branch_ij=+0.000000e+00 | branch_ji=+0.000000e+00 | flex_P=+0.000000e+00 | flex_Q=+0.000000e+00
    [SLACK COMPONENT CHECK] classified_delta=-1.025623e-03 | objective_slack_delta=-1.025623e-03 | mismatch=+0.000000e+00
    [RECOURSE COMPONENT CHECK] classified_delta=-3.977152e+06 | block_delta=-3.977152e+06 | mismatch=-7.916242e-09
  TSO node=None year=2030 day=Summer | previous=7.476274e+07 | current=7.094268e+07 | delta=-3.820060e+06 | abs_delta=3.820060e+06
    [RECOURSE JUMP][TSO PROX] year=2030 day=Summer | V max=0.000642 | PF max=0.031571 | ESS max=0.000000
    [RECOURSE COMPONENTS] gen=-4.875781e+06 | flex=+1.055721e+06 | load_curt=+0.000000e+00 | res_curt=+0.000000e+00 | ess_usage=+0.000000e+00 | slacks=-8.793056e-05 | ess_comp=+0.000000e+00
    [SLACK COMPONENTS] voltage=-8.793056e-05 | node_P=+0.000000e+00 | node_Q=+0.000000e+00 | branch_ij=+0.000000e+00 | branch_ji=+0.000000e+00 | flex_P=+0.000000e+00 | flex_Q=+0.000000e+00
    [SLACK COMPONENT CHECK] classified_delta=-8.793056e-05 | objective_slack_delta=-8.793056e-05 | mismatch=+0.000000e+00
    [RECOURSE COMPONENT CHECK] classified_delta=-3.820060e+06 | block_delta=-3.820060e+06 | mismatch=-1.164153e-08
  TSO node=None year=2025 day=Summer | previous=9.855241e+07 | current=9.519453e+07 | delta=-3.357879e+06 | abs_delta=3.357879e+06
    [RECOURSE JUMP][TSO PROX] year=2025 day=Summer | V max=0.000550 | PF max=0.038597 | ESS max=0.000000
    [RECOURSE COMPONENTS] gen=-4.354444e+06 | flex=+9.965650e+05 | load_curt=+0.000000e+00 | res_curt=+0.000000e+00 | ess_usage=+0.000000e+00 | slacks=-6.404353e-04 | ess_comp=+0.000000e+00
    [SLACK COMPONENTS] voltage=-6.404353e-04 | node_P=+0.000000e+00 | node_Q=+0.000000e+00 | branch_ij=+0.000000e+00 | branch_ji=+0.000000e+00 | flex_P=+0.000000e+00 | flex_Q=+0.000000e+00
    [SLACK COMPONENT CHECK] classified_delta=-6.404353e-04 | objective_slack_delta=-6.404353e-04 | mismatch=+0.000000e+00
    [RECOURSE COMPONENT CHECK] classified_delta=-3.357879e+06 | block_delta=-3.357879e+06 | mismatch=-4.656613e-09
  TSO node=None year=2025 day=Autumn | previous=8.177819e+07 | current=7.925134e+07 | delta=-2.526852e+06 | abs_delta=2.526852e+06
    [RECOURSE JUMP][TSO PROX] year=2025 day=Autumn | V max=0.000373 | PF max=0.034570 | ESS max=0.000000
    [RECOURSE COMPONENTS] gen=-2.485315e+06 | flex=-4.153611e+04 | load_curt=+0.000000e+00 | res_curt=+0.000000e+00 | ess_usage=+0.000000e+00 | slacks=-8.012737e-04 | ess_comp=+0.000000e+00
    [SLACK COMPONENTS] voltage=-8.012737e-04 | node_P=+0.000000e+00 | node_Q=+0.000000e+00 | branch_ij=+0.000000e+00 | branch_ji=+0.000000e+00 | flex_P=+0.000000e+00 | flex_Q=+0.000000e+00
    [SLACK COMPONENT CHECK] classified_delta=-8.012737e-04 | objective_slack_delta=-8.012737e-04 | mismatch=+0.000000e+00
    [RECOURSE COMPONENT CHECK] classified_delta=-2.526852e+06 | block_delta=-2.526852e+06 | mismatch=+9.778887e-09
  TSO node=None year=2030 day=Winter | previous=4.443091e+07 | current=4.233730e+07 | delta=-2.093608e+06 | abs_delta=2.093608e+06
    [RECOURSE JUMP][TSO PROX] year=2030 day=Winter | V max=0.000559 | PF max=0.018688 | ESS max=0.000000
    [RECOURSE COMPONENTS] gen=-2.064704e+06 | flex=-2.890387e+04 | load_curt=+0.000000e+00 | res_curt=+0.000000e+00 | ess_usage=+0.000000e+00 | slacks=-7.895968e-04 | ess_comp=+0.000000e+00
    [SLACK COMPONENTS] voltage=-7.895968e-04 | node_P=+0.000000e+00 | node_Q=+0.000000e+00 | branch_ij=+0.000000e+00 | branch_ji=+0.000000e+00 | flex_P=+0.000000e+00 | flex_Q=+0.000000e+00
    [SLACK COMPONENT CHECK] classified_delta=-7.895968e-04 | objective_slack_delta=-7.895968e-04 | mismatch=+0.000000e+00
    [RECOURSE COMPONENT CHECK] classified_delta=-2.093608e+06 | block_delta=-2.093608e+06 | mismatch=+1.862645e-09
  TSO node=None year=2035 day=Summer | previous=7.370990e+07 | current=7.162715e+07 | delta=-2.082750e+06 | abs_delta=2.082750e+06
    [RECOURSE JUMP][TSO PROX] year=2035 day=Summer | V max=0.000738 | PF max=0.023568 | ESS max=0.000000
    [RECOURSE COMPONENTS] gen=-2.783941e+06 | flex=+7.011903e+05 | load_curt=+0.000000e+00 | res_curt=+0.000000e+00 | ess_usage=+0.000000e+00 | slacks=-2.804167e-04 | ess_comp=+0.000000e+00
    [SLACK COMPONENTS] voltage=-2.804167e-04 | node_P=+0.000000e+00 | node_Q=+0.000000e+00 | branch_ij=+0.000000e+00 | branch_ji=+0.000000e+00 | flex_P=+0.000000e+00 | flex_Q=+0.000000e+00
    [SLACK COMPONENT CHECK] classified_delta=-2.804167e-04 | objective_slack_delta=-2.804167e-04 | mismatch=+0.000000e+00
    [RECOURSE COMPONENT CHECK] classified_delta=-2.082750e+06 | block_delta=-2.082750e+06 | mismatch=-2.514571e-08
  TSO node=None year=2035 day=Winter | previous=4.030537e+07 | current=3.855139e+07 | delta=-1.753983e+06 | abs_delta=1.753983e+06
    [RECOURSE JUMP][TSO PROX] year=2035 day=Winter | V max=0.000543 | PF max=0.019165 | ESS max=0.000000
    [RECOURSE COMPONENTS] gen=-1.512383e+06 | flex=-2.415999e+05 | load_curt=+0.000000e+00 | res_curt=+0.000000e+00 | ess_usage=+0.000000e+00 | slacks=-4.537699e-05 | ess_comp=+0.000000e+00
    [SLACK COMPONENTS] voltage=-4.537699e-05 | node_P=+0.000000e+00 | node_Q=+0.000000e+00 | branch_ij=+0.000000e+00 | branch_ji=+0.000000e+00 | flex_P=+0.000000e+00 | flex_Q=+0.000000e+00
    [SLACK COMPONENT CHECK] classified_delta=-4.537699e-05 | objective_slack_delta=-4.537699e-05 | mismatch=+0.000000e+00
    [RECOURSE COMPONENT CHECK] classified_delta=-1.753983e+06 | block_delta=-1.753983e+06 | mismatch=-2.095476e-09
[INFO]		 - Recourse stationarity failed. 35260952.356604 > 908819.885272
[ADMM RHO] V | primal max ratio=0.070 | primal mean ratio=0.134 | primal selected=0.134 | dual mean ratio=0.033 | increase threshold=5.0 | decrease threshold=5.0 | action=held
[ADMM RHO] PF | primal max ratio=2.446 | primal mean ratio=2.419 | primal selected=2.446 | dual mean ratio=1.204 | increase threshold=5.0 | decrease threshold=3.0 | action=held
[ADMM RHO] ESS | primal max ratio=0.000 | primal mean ratio=0.000 | primal selected=0.000 | dual mean ratio=0.000 | increase threshold=5.0 | decrease threshold=5.0 | action=held
[INFO]		 - ADMM cycle 5 | Primal (V max/mean | PF max/mean | ESS max/mean) = 0.000696/0.000134 | 0.024459/0.002419 | 0.000000/0.000000 | Dual (V max/mean | PF max/mean | ESS max/mean) = 0.002662/0.000329 | 0.086844/0.012042 | 0.000000/0.000000 | Recourse change = 35260952.356604 (tol. 908819.885272) | Stable cycles = 0/1 | Penalty actions (V/PF/ESS) = held/held/held
[INFO] 	 - Iteration 5: 22.97 s
[INFO] 	 - ADMM Iteration 6
[INFO] 		 - Updating distribution networks:
[INFO] 			 - Running SMOPF, Network case33_1, 2025, Spring...
[INFO] 			 - Running SMOPF, Network case33_1, 2025, Summer...
[INFO] 			 - Running SMOPF, Network case33_1, 2025, Autumn...
[INFO] 			 - Running SMOPF, Network case33_1, 2025, Winter...
[INFO] 			 - Running SMOPF, Network case33_1, 2030, Spring...
[INFO] 			 - Running SMOPF, Network case33_1, 2030, Summer...
[INFO] 			 - Running SMOPF, Network case33_1, 2030, Autumn...
[INFO] 			 - Running SMOPF, Network case33_1, 2030, Winter...
[INFO] 			 - Running SMOPF, Network case33_1, 2035, Spring...
[INFO] 			 - Running SMOPF, Network case33_1, 2035, Summer...
[INFO] 			 - Running SMOPF, Network case33_1, 2035, Autumn...
[INFO] 			 - Running SMOPF, Network case33_1, 2035, Winter...
[INFO] 			 - Running SMOPF, Network case33_2, 2025, Spring...
[INFO] 			 - Running SMOPF, Network case33_2, 2025, Summer...
[INFO] 			 - Running SMOPF, Network case33_2, 2025, Autumn...
[INFO] 			 - Running SMOPF, Network case33_2, 2025, Winter...
[INFO] 			 - Running SMOPF, Network case33_2, 2030, Spring...
[INFO] 			 - Running SMOPF, Network case33_2, 2030, Summer...
[INFO] 			 - Running SMOPF, Network case33_2, 2030, Autumn...
[INFO] 			 - Running SMOPF, Network case33_2, 2030, Winter...
[INFO] 			 - Running SMOPF, Network case33_2, 2035, Spring...
[INFO] 			 - Running SMOPF, Network case33_2, 2035, Summer...
[INFO] 			 - Running SMOPF, Network case33_2, 2035, Autumn...
[INFO] 			 - Running SMOPF, Network case33_2, 2035, Winter...
[INFO] 			 - Running SMOPF, Network case33_3, 2025, Spring...
[INFO] 			 - Running SMOPF, Network case33_3, 2025, Summer...
[INFO] 			 - Running SMOPF, Network case33_3, 2025, Autumn...
[INFO] 			 - Running SMOPF, Network case33_3, 2025, Winter...
[INFO] 			 - Running SMOPF, Network case33_3, 2030, Spring...
[INFO] 			 - Running SMOPF, Network case33_3, 2030, Summer...
[INFO] 			 - Running SMOPF, Network case33_3, 2030, Autumn...
[INFO] 			 - Running SMOPF, Network case33_3, 2030, Winter...
[INFO] 			 - Running SMOPF, Network case33_3, 2035, Spring...
[INFO] 			 - Running SMOPF, Network case33_3, 2035, Summer...
[INFO] 			 - Running SMOPF, Network case33_3, 2035, Autumn...
[INFO] 			 - Running SMOPF, Network case33_3, 2035, Winter...
[INFO] 		 - Updating transmission network...
[INFO] 			 - Running SMOPF, Network case9, 2025, Spring...
[INFO] 			 - Running SMOPF, Network case9, 2025, Summer...
[INFO] 			 - Running SMOPF, Network case9, 2025, Autumn...
[INFO] 			 - Running SMOPF, Network case9, 2025, Winter...
[INFO] 			 - Running SMOPF, Network case9, 2030, Spring...
[INFO] 			 - Running SMOPF, Network case9, 2030, Summer...
[INFO] 			 - Running SMOPF, Network case9, 2030, Autumn...
[INFO] 			 - Running SMOPF, Network case9, 2030, Winter...
[INFO] 			 - Running SMOPF, Network case9, 2035, Spring...
[INFO] 			 - Running SMOPF, Network case9, 2035, Summer...
[INFO] 			 - Running SMOPF, Network case9, 2035, Autumn...
[INFO] 			 - Running SMOPF, Network case9, 2035, Winter...
[TSO PROX] cycle=6 | updated_blocks=12 | held_failed_blocks=0 | V max=0.000597 | PF max=0.037295 | ESS max=0.000000
[TSO PROX][V MAX] node=5, year=2035, day=Summer, period=13 | dV=0.206112 kV | normalized=0.000597
[TSO PROX][PF MAX] node=9, year=2025, day=Summer, period=8, type=P | delta=5.594214 MW | normalized=0.037295
[TSO PROX][ESS MAX] node=5, year=2025, day=Spring, period=0, type=P | delta=0.000000 MW | normalized=0.000000
[INFO] 		 - Updating SharedESS...
[INFO] 		 - Running Shared ESS optimization (subproblem)...
[INFO] 			 - Node 5...
[INFO] 			 - Node 7...
[INFO] 			 - Node 9...
[DIAG][PF MAX] node=5, year=2035, day=Summer, period=9, type=P | TSO=27.556661 MW, DSO=22.385881 MW, diff=5.170780 MW, rating=200.000000 MVA, normalized=0.025854, rho(TSO/DSO)=2.250000/2.250000
[INFO]		 - interface PF max primal residual failed. 0.025854 > 0.010000
[INFO]		 - interface PF mean primal residual failed. 0.001642 > 0.001000
[INFO]		 - Dual residuals ok!
[RECOURSE JUMP] cycle=6 | abs_change=1.727472e+07 | tol=8.735589e+05 | signed_change=-1.727472e+07
[RECOURSE JUMP] Reconciliation | previous=8.735589e+08 | current=8.562842e+08 | block_delta=-1.727472e+07 | mismatch=-2.384186e-07
[RECOURSE JUMP] Aggregate signed changes:
  TSO | delta=-1.852797e+07
  DSO node=9 | delta=+9.063939e+05
  DSO node=7 | delta=+8.808569e+05
  DSO node=5 | delta=-5.340055e+05
  SALVAGE | delta=+0.000000e+00
[RECOURSE JUMP] Largest 10 block changes:
  TSO node=None year=2035 day=Spring | previous=6.903762e+07 | current=6.598043e+07 | delta=-3.057189e+06 | abs_delta=3.057189e+06
    [RECOURSE JUMP][TSO PROX] year=2035 day=Spring | V max=0.000507 | PF max=0.018988 | ESS max=0.000000
    [RECOURSE COMPONENTS] gen=-4.253985e+06 | flex=+1.187069e+06 | load_curt=+0.000000e+00 | res_curt=+0.000000e+00 | ess_usage=+0.000000e+00 | slacks=+9.726665e+03 | ess_comp=+0.000000e+00
    [SLACK COMPONENTS] voltage=+9.726665e+03 | node_P=+0.000000e+00 | node_Q=+0.000000e+00 | branch_ij=+0.000000e+00 | branch_ji=+0.000000e+00 | flex_P=+0.000000e+00 | flex_Q=+0.000000e+00
    [SLACK COMPONENT CHECK] classified_delta=+9.726665e+03 | objective_slack_delta=+9.726665e+03 | mismatch=+0.000000e+00
    [RECOURSE COMPONENT CHECK] classified_delta=-3.057189e+06 | block_delta=-3.057189e+06 | mismatch=+1.117587e-08
  TSO node=None year=2030 day=Spring | previous=6.726194e+07 | current=6.439871e+07 | delta=-2.863232e+06 | abs_delta=2.863232e+06
    [RECOURSE JUMP][TSO PROX] year=2030 day=Spring | V max=0.000442 | PF max=0.030458 | ESS max=0.000000
    [RECOURSE COMPONENTS] gen=-4.249442e+06 | flex=+1.386210e+06 | load_curt=+0.000000e+00 | res_curt=+0.000000e+00 | ess_usage=+0.000000e+00 | slacks=-8.498420e-04 | ess_comp=+0.000000e+00
    [SLACK COMPONENTS] voltage=-8.498420e-04 | node_P=+0.000000e+00 | node_Q=+0.000000e+00 | branch_ij=+0.000000e+00 | branch_ji=+0.000000e+00 | flex_P=+0.000000e+00 | flex_Q=+0.000000e+00
    [SLACK COMPONENT CHECK] classified_delta=-8.498420e-04 | objective_slack_delta=-8.498420e-04 | mismatch=+0.000000e+00
    [RECOURSE COMPONENT CHECK] classified_delta=-2.863232e+06 | block_delta=-2.863232e+06 | mismatch=-2.328306e-08
  TSO node=None year=2025 day=Spring | previous=8.765782e+07 | current=8.501328e+07 | delta=-2.644536e+06 | abs_delta=2.644536e+06
    [RECOURSE JUMP][TSO PROX] year=2025 day=Spring | V max=0.000450 | PF max=0.021969 | ESS max=0.000000
    [RECOURSE COMPONENTS] gen=-3.990617e+06 | flex=+1.346081e+06 | load_curt=+0.000000e+00 | res_curt=+0.000000e+00 | ess_usage=+0.000000e+00 | slacks=-6.671578e-04 | ess_comp=+0.000000e+00
    [SLACK COMPONENTS] voltage=-6.671578e-04 | node_P=+0.000000e+00 | node_Q=+0.000000e+00 | branch_ij=+0.000000e+00 | branch_ji=+0.000000e+00 | flex_P=+0.000000e+00 | flex_Q=+0.000000e+00
    [SLACK COMPONENT CHECK] classified_delta=-6.671578e-04 | objective_slack_delta=-6.671578e-04 | mismatch=+0.000000e+00
    [RECOURSE COMPONENT CHECK] classified_delta=-2.644536e+06 | block_delta=-2.644536e+06 | mismatch=+6.519258e-09
  TSO node=None year=2025 day=Summer | previous=9.519453e+07 | current=9.272649e+07 | delta=-2.468046e+06 | abs_delta=2.468046e+06
    [RECOURSE JUMP][TSO PROX] year=2025 day=Summer | V max=0.000446 | PF max=0.037295 | ESS max=0.000000
    [RECOURSE COMPONENTS] gen=-3.165413e+06 | flex=+6.973670e+05 | load_curt=+0.000000e+00 | res_curt=+0.000000e+00 | ess_usage=+0.000000e+00 | slacks=-4.152768e-04 | ess_comp=+0.000000e+00
    [SLACK COMPONENTS] voltage=-4.152768e-04 | node_P=+0.000000e+00 | node_Q=+0.000000e+00 | branch_ij=+0.000000e+00 | branch_ji=+0.000000e+00 | flex_P=+0.000000e+00 | flex_Q=+0.000000e+00
    [SLACK COMPONENT CHECK] classified_delta=-4.152768e-04 | objective_slack_delta=-4.152768e-04 | mismatch=+0.000000e+00
    [RECOURSE COMPONENT CHECK] classified_delta=-2.468046e+06 | block_delta=-2.468046e+06 | mismatch=+8.381903e-09
  TSO node=None year=2030 day=Summer | previous=7.094268e+07 | current=6.935519e+07 | delta=-1.587491e+06 | abs_delta=1.587491e+06
    [RECOURSE JUMP][TSO PROX] year=2030 day=Summer | V max=0.000491 | PF max=0.020197 | ESS max=0.000000
    [RECOURSE COMPONENTS] gen=-1.815272e+06 | flex=+2.375076e+05 | load_curt=+0.000000e+00 | res_curt=+0.000000e+00 | ess_usage=+0.000000e+00 | slacks=-9.726704e+03 | ess_comp=+0.000000e+00
    [SLACK COMPONENTS] voltage=-9.726704e+03 | node_P=+0.000000e+00 | node_Q=+0.000000e+00 | branch_ij=+0.000000e+00 | branch_ji=+0.000000e+00 | flex_P=+0.000000e+00 | flex_Q=+0.000000e+00
    [SLACK COMPONENT CHECK] classified_delta=-9.726704e+03 | objective_slack_delta=-9.726704e+03 | mismatch=+0.000000e+00
    [RECOURSE COMPONENT CHECK] classified_delta=-1.587491e+06 | block_delta=-1.587491e+06 | mismatch=+8.614734e-09
  TSO node=None year=2025 day=Winter | previous=8.617336e+07 | current=8.480480e+07 | delta=-1.368560e+06 | abs_delta=1.368560e+06
    [RECOURSE JUMP][TSO PROX] year=2025 day=Winter | V max=0.000238 | PF max=0.013863 | ESS max=0.000000
    [RECOURSE COMPONENTS] gen=-1.316423e+06 | flex=-5.213663e+04 | load_curt=+0.000000e+00 | res_curt=+0.000000e+00 | ess_usage=+0.000000e+00 | slacks=-4.119782e-04 | ess_comp=+0.000000e+00
    [SLACK COMPONENTS] voltage=-4.119782e-04 | node_P=+0.000000e+00 | node_Q=+0.000000e+00 | branch_ij=+0.000000e+00 | branch_ji=+0.000000e+00 | flex_P=+0.000000e+00 | flex_Q=+0.000000e+00
    [SLACK COMPONENT CHECK] classified_delta=-4.119782e-04 | objective_slack_delta=-4.119782e-04 | mismatch=+0.000000e+00
    [RECOURSE COMPONENT CHECK] classified_delta=-1.368560e+06 | block_delta=-1.368560e+06 | mismatch=-1.466833e-08
  TSO node=None year=2035 day=Summer | previous=7.162715e+07 | current=7.046985e+07 | delta=-1.157300e+06 | abs_delta=1.157300e+06
    [RECOURSE JUMP][TSO PROX] year=2035 day=Summer | V max=0.000597 | PF max=0.013355 | ESS max=0.000000
    [RECOURSE COMPONENTS] gen=-1.736947e+06 | flex=+5.796470e+05 | load_curt=+0.000000e+00 | res_curt=+0.000000e+00 | ess_usage=+0.000000e+00 | slacks=-2.294433e-04 | ess_comp=+0.000000e+00
    [SLACK COMPONENTS] voltage=-2.294433e-04 | node_P=+0.000000e+00 | node_Q=+0.000000e+00 | branch_ij=+0.000000e+00 | branch_ji=+0.000000e+00 | flex_P=+0.000000e+00 | flex_Q=+0.000000e+00
    [SLACK COMPONENT CHECK] classified_delta=-2.294433e-04 | objective_slack_delta=-2.294433e-04 | mismatch=+0.000000e+00
    [RECOURSE COMPONENT CHECK] classified_delta=-1.157300e+06 | block_delta=-1.157300e+06 | mismatch=+1.583248e-08
  TSO node=None year=2030 day=Winter | previous=4.233730e+07 | current=4.118649e+07 | delta=-1.150810e+06 | abs_delta=1.150810e+06
    [RECOURSE JUMP][TSO PROX] year=2030 day=Winter | V max=0.000304 | PF max=0.010759 | ESS max=0.000000
    [RECOURSE COMPONENTS] gen=-1.100516e+06 | flex=-5.029336e+04 | load_curt=+0.000000e+00 | res_curt=+0.000000e+00 | ess_usage=+0.000000e+00 | slacks=-6.018030e-04 | ess_comp=+0.000000e+00
    [SLACK COMPONENTS] voltage=-6.018030e-04 | node_P=+0.000000e+00 | node_Q=+0.000000e+00 | branch_ij=+0.000000e+00 | branch_ji=+0.000000e+00 | flex_P=+0.000000e+00 | flex_Q=+0.000000e+00
    [SLACK COMPONENT CHECK] classified_delta=-6.018030e-04 | objective_slack_delta=-6.018030e-04 | mismatch=+0.000000e+00
    [RECOURSE COMPONENT CHECK] classified_delta=-1.150810e+06 | block_delta=-1.150810e+06 | mismatch=-6.984919e-10
  TSO node=None year=2035 day=Winter | previous=3.855139e+07 | current=3.753540e+07 | delta=-1.015986e+06 | abs_delta=1.015986e+06
    [RECOURSE JUMP][TSO PROX] year=2035 day=Winter | V max=0.000421 | PF max=0.013149 | ESS max=0.000000
    [RECOURSE COMPONENTS] gen=-8.169176e+05 | flex=-1.990681e+05 | load_curt=+0.000000e+00 | res_curt=+0.000000e+00 | ess_usage=+0.000000e+00 | slacks=+3.332025e-08 | ess_comp=+0.000000e+00
    [SLACK COMPONENTS] voltage=+3.332025e-08 | node_P=+0.000000e+00 | node_Q=+0.000000e+00 | branch_ij=+0.000000e+00 | branch_ji=+0.000000e+00 | flex_P=+0.000000e+00 | flex_Q=+0.000000e+00
    [SLACK COMPONENT CHECK] classified_delta=+3.332025e-08 | objective_slack_delta=+3.332025e-08 | mismatch=+0.000000e+00
    [RECOURSE COMPONENT CHECK] classified_delta=-1.015986e+06 | block_delta=-1.015986e+06 | mismatch=+2.561137e-09
  TSO node=None year=2025 day=Autumn | previous=7.925134e+07 | current=7.849904e+07 | delta=-7.523023e+05 | abs_delta=7.523023e+05
    [RECOURSE JUMP][TSO PROX] year=2025 day=Autumn | V max=0.000259 | PF max=0.023539 | ESS max=0.000000
    [RECOURSE COMPONENTS] gen=-7.396210e+05 | flex=-1.268128e+04 | load_curt=+0.000000e+00 | res_curt=+0.000000e+00 | ess_usage=+0.000000e+00 | slacks=-5.864510e-04 | ess_comp=+0.000000e+00
    [SLACK COMPONENTS] voltage=-5.864510e-04 | node_P=+0.000000e+00 | node_Q=+0.000000e+00 | branch_ij=+0.000000e+00 | branch_ji=+0.000000e+00 | flex_P=+0.000000e+00 | flex_Q=+0.000000e+00
    [SLACK COMPONENT CHECK] classified_delta=-5.864510e-04 | objective_slack_delta=-5.864510e-04 | mismatch=+0.000000e+00
    [RECOURSE COMPONENT CHECK] classified_delta=-7.523023e+05 | block_delta=-7.523023e+05 | mismatch=+0.000000e+00
[INFO]		 - Recourse stationarity failed. 17274722.403425 > 873558.932916
[ADMM RHO] V | primal max ratio=0.045 | primal mean ratio=0.075 | primal selected=0.075 | dual mean ratio=0.018 | increase threshold=5.0 | decrease threshold=5.0 | action=held
[ADMM RHO] PF | primal max ratio=2.585 | primal mean ratio=1.642 | primal selected=2.585 | dual mean ratio=0.860 | increase threshold=5.0 | decrease threshold=3.0 | action=held
[ADMM RHO] ESS | primal max ratio=0.000 | primal mean ratio=0.000 | primal selected=0.000 | dual mean ratio=0.000 | increase threshold=5.0 | decrease threshold=5.0 | action=held
[INFO]		 - ADMM cycle 6 | Primal (V max/mean | PF max/mean | ESS max/mean) = 0.000446/0.000075 | 0.025854/0.001642 | 0.000000/0.000000 | Dual (V max/mean | PF max/mean | ESS max/mean) = 0.000993/0.000178 | 0.083913/0.008601 | 0.000000/0.000000 | Recourse change = 17274722.403425 (tol. 873558.932916) | Stable cycles = 0/1 | Penalty actions (V/PF/ESS) = held/held/held
[INFO] 	 - Iteration 6: 24.46 s
[INFO] 	 - ADMM Iteration 7
[INFO] 		 - Updating distribution networks:
[INFO] 			 - Running SMOPF, Network case33_1, 2025, Spring...
[INFO] 			 - Running SMOPF, Network case33_1, 2025, Summer...
[INFO] 			 - Running SMOPF, Network case33_1, 2025, Autumn...
[INFO] 			 - Running SMOPF, Network case33_1, 2025, Winter...
[INFO] 			 - Running SMOPF, Network case33_1, 2030, Spring...
[INFO] 			 - Running SMOPF, Network case33_1, 2030, Summer...
[INFO] 			 - Running SMOPF, Network case33_1, 2030, Autumn...
[INFO] 			 - Running SMOPF, Network case33_1, 2030, Winter...
[INFO] 			 - Running SMOPF, Network case33_1, 2035, Spring...
[INFO] 			 - Running SMOPF, Network case33_1, 2035, Summer...
[INFO] 			 - Running SMOPF, Network case33_1, 2035, Autumn...
[INFO] 			 - Running SMOPF, Network case33_1, 2035, Winter...
[INFO] 			 - Running SMOPF, Network case33_2, 2025, Spring...
[INFO] 			 - Running SMOPF, Network case33_2, 2025, Summer...
[INFO] 			 - Running SMOPF, Network case33_2, 2025, Autumn...
[DEBUG][FROZEN SMOPF] Saved matched_success pre-solve block to data/SRP1/Results/FrozenSMOPF/matched_success_DSO_node7_case33_2_2025_Autumn_cycle7.pkl
[INFO] 			 - Running SMOPF, Network case33_2, 2025, Winter...
[INFO] 			 - Running SMOPF, Network case33_2, 2030, Spring...
[INFO] 			 - Running SMOPF, Network case33_2, 2030, Summer...
[INFO] 			 - Running SMOPF, Network case33_2, 2030, Autumn...
[INFO] 			 - Running SMOPF, Network case33_2, 2030, Winter...
[INFO] 			 - Running SMOPF, Network case33_2, 2035, Spring...
[INFO] 			 - Running SMOPF, Network case33_2, 2035, Summer...
[INFO] 			 - Running SMOPF, Network case33_2, 2035, Autumn...
[INFO] 			 - Running SMOPF, Network case33_2, 2035, Winter...
[INFO] 			 - Running SMOPF, Network case33_3, 2025, Spring...
[INFO] 			 - Running SMOPF, Network case33_3, 2025, Summer...
[INFO] 			 - Running SMOPF, Network case33_3, 2025, Autumn...
[INFO] 			 - Running SMOPF, Network case33_3, 2025, Winter...
[INFO] 			 - Running SMOPF, Network case33_3, 2030, Spring...
[INFO] 			 - Running SMOPF, Network case33_3, 2030, Summer...
[INFO] 			 - Running SMOPF, Network case33_3, 2030, Autumn...
[INFO] 			 - Running SMOPF, Network case33_3, 2030, Winter...
[INFO] 			 - Running SMOPF, Network case33_3, 2035, Spring...
[INFO] 			 - Running SMOPF, Network case33_3, 2035, Summer...
[INFO] 			 - Running SMOPF, Network case33_3, 2035, Autumn...
[INFO] 			 - Running SMOPF, Network case33_3, 2035, Winter...
[INFO] 		 - Updating transmission network...
[INFO] 			 - Running SMOPF, Network case9, 2025, Spring...
[INFO] 			 - Running SMOPF, Network case9, 2025, Summer...
[DEBUG][FROZEN SMOPF] Saved matched_success pre-solve block to data/SRP1/Results/FrozenSMOPF/matched_success_TSO_case9_2025_Summer_cycle7.pkl
[INFO] 			 - Running SMOPF, Network case9, 2025, Autumn...
[INFO] 			 - Running SMOPF, Network case9, 2025, Winter...
[INFO] 			 - Running SMOPF, Network case9, 2030, Spring...
[INFO] 			 - Running SMOPF, Network case9, 2030, Summer...
[INFO] 			 - Running SMOPF, Network case9, 2030, Autumn...
[INFO] 			 - Running SMOPF, Network case9, 2030, Winter...
[INFO] 			 - Running SMOPF, Network case9, 2035, Spring...
[INFO] 			 - Running SMOPF, Network case9, 2035, Summer...
[INFO] 			 - Running SMOPF, Network case9, 2035, Autumn...
[INFO] 			 - Running SMOPF, Network case9, 2035, Winter...
[TSO PROX] cycle=7 | updated_blocks=12 | held_failed_blocks=0 | V max=0.000438 | PF max=0.022418 | ESS max=0.000000
[TSO PROX][V MAX] node=5, year=2035, day=Spring, period=15 | dV=0.151017 kV | normalized=0.000438
[TSO PROX][PF MAX] node=9, year=2025, day=Summer, period=9, type=P | delta=3.362706 MW | normalized=0.022418
[TSO PROX][ESS MAX] node=5, year=2025, day=Spring, period=0, type=P | delta=0.000000 MW | normalized=0.000000
[INFO] 		 - Updating SharedESS...
[INFO] 		 - Running Shared ESS optimization (subproblem)...
[INFO] 			 - Node 5...
[INFO] 			 - Node 7...
[INFO] 			 - Node 9...
[DIAG][PF MAX] node=5, year=2035, day=Summer, period=8, type=P | TSO=28.133500 MW, DSO=25.221455 MW, diff=2.912045 MW, rating=200.000000 MVA, normalized=0.014560, rho(TSO/DSO)=2.250000/2.250000
[INFO]		 - interface PF max primal residual failed. 0.014560 > 0.010000
[INFO]		 - interface PF mean primal residual failed. 0.001184 > 0.001000
[INFO]		 - Dual residuals ok!
[RECOURSE JUMP] cycle=7 | abs_change=6.142096e+06 | tol=8.562842e+05 | signed_change=-6.142096e+06
[RECOURSE JUMP] Reconciliation | previous=8.562842e+08 | current=8.501421e+08 | block_delta=-6.142096e+06 | mismatch=+3.576279e-07
[RECOURSE JUMP] Aggregate signed changes:
  TSO | delta=-6.883941e+06
  DSO node=7 | delta=+8.869438e+05
  DSO node=5 | delta=-3.049071e+05
  DSO node=9 | delta=+1.598086e+05
  SALVAGE | delta=+0.000000e+00
[RECOURSE JUMP] Largest 10 block changes:
  TSO node=None year=2025 day=Spring | previous=8.501328e+07 | current=8.340806e+07 | delta=-1.605226e+06 | abs_delta=1.605226e+06
    [RECOURSE JUMP][TSO PROX] year=2025 day=Spring | V max=0.000392 | PF max=0.021826 | ESS max=0.000000
    [RECOURSE COMPONENTS] gen=-2.449181e+06 | flex=+8.439546e+05 | load_curt=+0.000000e+00 | res_curt=+0.000000e+00 | ess_usage=+0.000000e+00 | slacks=-4.687622e-04 | ess_comp=+0.000000e+00
    [SLACK COMPONENTS] voltage=-4.687622e-04 | node_P=+0.000000e+00 | node_Q=+0.000000e+00 | branch_ij=+0.000000e+00 | branch_ji=+0.000000e+00 | flex_P=+0.000000e+00 | flex_Q=+0.000000e+00
    [SLACK COMPONENT CHECK] classified_delta=-4.687622e-04 | objective_slack_delta=-4.687622e-04 | mismatch=+0.000000e+00
    [RECOURSE COMPONENT CHECK] classified_delta=-1.605226e+06 | block_delta=-1.605226e+06 | mismatch=-1.396984e-09
  TSO node=None year=2030 day=Spring | previous=6.439871e+07 | current=6.317181e+07 | delta=-1.226896e+06 | abs_delta=1.226896e+06
    [RECOURSE JUMP][TSO PROX] year=2030 day=Spring | V max=0.000386 | PF max=0.020793 | ESS max=0.000000
    [RECOURSE COMPONENTS] gen=-1.801787e+06 | flex=+5.748915e+05 | load_curt=+0.000000e+00 | res_curt=+0.000000e+00 | ess_usage=+0.000000e+00 | slacks=-6.107639e-04 | ess_comp=+0.000000e+00
    [SLACK COMPONENTS] voltage=-6.107639e-04 | node_P=+0.000000e+00 | node_Q=+0.000000e+00 | branch_ij=+0.000000e+00 | branch_ji=+0.000000e+00 | flex_P=+0.000000e+00 | flex_Q=+0.000000e+00
    [SLACK COMPONENT CHECK] classified_delta=-6.107639e-04 | objective_slack_delta=-6.107639e-04 | mismatch=+0.000000e+00
    [RECOURSE COMPONENT CHECK] classified_delta=-1.226896e+06 | block_delta=-1.226896e+06 | mismatch=+1.234002e-08
  TSO node=None year=2025 day=Summer | previous=9.272649e+07 | current=9.167180e+07 | delta=-1.054688e+06 | abs_delta=1.054688e+06
    [RECOURSE JUMP][TSO PROX] year=2025 day=Summer | V max=0.000338 | PF max=0.022418 | ESS max=0.000000
    [RECOURSE COMPONENTS] gen=-1.153782e+06 | flex=+9.909422e+04 | load_curt=+0.000000e+00 | res_curt=+0.000000e+00 | ess_usage=+0.000000e+00 | slacks=-2.943777e-04 | ess_comp=+0.000000e+00
    [SLACK COMPONENTS] voltage=-2.943777e-04 | node_P=+0.000000e+00 | node_Q=+0.000000e+00 | branch_ij=+0.000000e+00 | branch_ji=+0.000000e+00 | flex_P=+0.000000e+00 | flex_Q=+0.000000e+00
    [SLACK COMPONENT CHECK] classified_delta=-2.943777e-04 | objective_slack_delta=-2.943777e-04 | mismatch=+0.000000e+00
    [RECOURSE COMPONENT CHECK] classified_delta=-1.054688e+06 | block_delta=-1.054688e+06 | mismatch=+3.259629e-09
  TSO node=None year=2035 day=Spring | previous=6.598043e+07 | current=6.511126e+07 | delta=-8.691631e+05 | abs_delta=8.691631e+05
    [RECOURSE JUMP][TSO PROX] year=2035 day=Spring | V max=0.000438 | PF max=0.018133 | ESS max=0.000000
    [RECOURSE COMPONENTS] gen=-1.298334e+06 | flex=+4.291714e+05 | load_curt=+0.000000e+00 | res_curt=+0.000000e+00 | ess_usage=+0.000000e+00 | slacks=+3.238355e-04 | ess_comp=+0.000000e+00
    [SLACK COMPONENTS] voltage=+3.238355e-04 | node_P=+0.000000e+00 | node_Q=+0.000000e+00 | branch_ij=+0.000000e+00 | branch_ji=+0.000000e+00 | flex_P=+0.000000e+00 | flex_Q=+0.000000e+00
    [SLACK COMPONENT CHECK] classified_delta=+3.238355e-04 | objective_slack_delta=+3.238355e-04 | mismatch=+0.000000e+00
    [RECOURSE COMPONENT CHECK] classified_delta=-8.691631e+05 | block_delta=-8.691631e+05 | mismatch=-2.328306e-10
  TSO node=None year=2035 day=Summer | previous=7.046985e+07 | current=6.962632e+07 | delta=-8.435301e+05 | abs_delta=8.435301e+05
    [RECOURSE JUMP][TSO PROX] year=2035 day=Summer | V max=0.000396 | PF max=0.011239 | ESS max=0.000000
    [RECOURSE COMPONENTS] gen=-1.307755e+06 | flex=+4.642244e+05 | load_curt=+0.000000e+00 | res_curt=+0.000000e+00 | ess_usage=+0.000000e+00 | slacks=-1.434648e-04 | ess_comp=+0.000000e+00
    [SLACK COMPONENTS] voltage=-1.434648e-04 | node_P=+0.000000e+00 | node_Q=+0.000000e+00 | branch_ij=+0.000000e+00 | branch_ji=+0.000000e+00 | flex_P=+0.000000e+00 | flex_Q=+0.000000e+00
    [SLACK COMPONENT CHECK] classified_delta=-1.434648e-04 | objective_slack_delta=-1.434648e-04 | mismatch=+0.000000e+00
    [RECOURSE COMPONENT CHECK] classified_delta=-8.435301e+05 | block_delta=-8.435301e+05 | mismatch=-3.841706e-09
  TSO node=None year=2035 day=Winter | previous=3.753540e+07 | current=3.710162e+07 | delta=-4.337846e+05 | abs_delta=4.337846e+05
    [RECOURSE JUMP][TSO PROX] year=2035 day=Winter | V max=0.000364 | PF max=0.012245 | ESS max=0.000000
    [RECOURSE COMPONENTS] gen=-2.799689e+05 | flex=-1.538157e+05 | load_curt=+0.000000e+00 | res_curt=+0.000000e+00 | ess_usage=+0.000000e+00 | slacks=+2.982741e-05 | ess_comp=+0.000000e+00
    [SLACK COMPONENTS] voltage=+2.982741e-05 | node_P=+0.000000e+00 | node_Q=+0.000000e+00 | branch_ij=+0.000000e+00 | branch_ji=+0.000000e+00 | flex_P=+0.000000e+00 | flex_Q=+0.000000e+00
    [SLACK COMPONENT CHECK] classified_delta=+2.982741e-05 | objective_slack_delta=+2.982741e-05 | mismatch=+0.000000e+00
    [RECOURSE COMPONENT CHECK] classified_delta=-4.337846e+05 | block_delta=-4.337846e+05 | mismatch=-5.646143e-09
  DSO node=9 year=2025 day=Spring | previous=5.377073e+06 | current=5.791365e+06 | delta=+4.142919e+05 | abs_delta=4.142919e+05
    [RECOURSE COMPONENTS] gen=+0.000000e+00 | flex=+4.275938e+05 | load_curt=+0.000000e+00 | res_curt=-1.330190e+04 | ess_usage=+0.000000e+00 | slacks=-2.839772e-03 | ess_comp=+0.000000e+00
    [SLACK COMPONENTS] voltage=-2.839772e-03 | node_P=+0.000000e+00 | node_Q=+0.000000e+00 | branch_ij=+0.000000e+00 | branch_ji=+0.000000e+00 | flex_P=+0.000000e+00 | flex_Q=+0.000000e+00
    [SLACK COMPONENT CHECK] classified_delta=-2.839772e-03 | objective_slack_delta=-2.839772e-03 | mismatch=+0.000000e+00
    [RECOURSE COMPONENT CHECK] classified_delta=+4.142919e+05 | block_delta=+4.142919e+05 | mismatch=-9.313226e-10
  TSO node=None year=2030 day=Winter | previous=4.118649e+07 | current=4.080504e+07 | delta=-3.814454e+05 | abs_delta=3.814454e+05
    [RECOURSE JUMP][TSO PROX] year=2030 day=Winter | V max=0.000211 | PF max=0.010733 | ESS max=0.000000
    [RECOURSE COMPONENTS] gen=-2.841947e+05 | flex=-8.752395e+04 | load_curt=+0.000000e+00 | res_curt=+0.000000e+00 | ess_usage=+0.000000e+00 | slacks=-9.726708e+03 | ess_comp=+0.000000e+00
    [SLACK COMPONENTS] voltage=-9.726708e+03 | node_P=+0.000000e+00 | node_Q=+0.000000e+00 | branch_ij=+0.000000e+00 | branch_ji=+0.000000e+00 | flex_P=+0.000000e+00 | flex_Q=+0.000000e+00
    [SLACK COMPONENT CHECK] classified_delta=-9.726708e+03 | objective_slack_delta=-9.726708e+03 | mismatch=+0.000000e+00
    [RECOURSE COMPONENT CHECK] classified_delta=-3.814454e+05 | block_delta=-3.814454e+05 | mismatch=-1.164153e-10
  DSO node=7 year=2025 day=Spring | previous=1.877689e+06 | current=2.197023e+06 | delta=+3.193335e+05 | abs_delta=3.193335e+05
    [RECOURSE COMPONENTS] gen=+0.000000e+00 | flex=+3.288151e+05 | load_curt=+0.000000e+00 | res_curt=-9.481557e+03 | ess_usage=+0.000000e+00 | slacks=-5.126338e-03 | ess_comp=+0.000000e+00
    [SLACK COMPONENTS] voltage=-5.126338e-03 | node_P=+0.000000e+00 | node_Q=+0.000000e+00 | branch_ij=+0.000000e+00 | branch_ji=+0.000000e+00 | flex_P=+0.000000e+00 | flex_Q=+0.000000e+00
    [SLACK COMPONENT CHECK] classified_delta=-5.126338e-03 | objective_slack_delta=-5.126338e-03 | mismatch=+0.000000e+00
    [RECOURSE COMPONENT CHECK] classified_delta=+3.193335e+05 | block_delta=+3.193335e+05 | mismatch=-1.746230e-10
  DSO node=7 year=2025 day=Summer | previous=1.688019e+06 | current=2.001650e+06 | delta=+3.136310e+05 | abs_delta=3.136310e+05
    [RECOURSE COMPONENTS] gen=+0.000000e+00 | flex=+2.601202e+05 | load_curt=+0.000000e+00 | res_curt=-8.740131e+03 | ess_usage=+0.000000e+00 | slacks=+6.225092e+04 | ess_comp=+0.000000e+00
    [SLACK COMPONENTS] voltage=+6.225092e+04 | node_P=+0.000000e+00 | node_Q=+0.000000e+00 | branch_ij=+0.000000e+00 | branch_ji=+0.000000e+00 | flex_P=+0.000000e+00 | flex_Q=+0.000000e+00
    [SLACK COMPONENT CHECK] classified_delta=+6.225092e+04 | objective_slack_delta=+6.225092e+04 | mismatch=+0.000000e+00
    [RECOURSE COMPONENT CHECK] classified_delta=+3.136310e+05 | block_delta=+3.136310e+05 | mismatch=-5.820766e-11
[INFO]		 - Recourse stationarity failed. 6142095.917606 > 856284.210512
[ADMM RHO] V | primal max ratio=0.023 | primal mean ratio=0.043 | primal selected=0.043 | dual mean ratio=0.014 | increase threshold=5.0 | decrease threshold=5.0 | action=held
[ADMM RHO] PF | primal max ratio=1.456 | primal mean ratio=1.184 | primal selected=1.456 | dual mean ratio=0.624 | increase threshold=5.0 | decrease threshold=3.0 | action=held
[ADMM RHO] ESS | primal max ratio=0.000 | primal mean ratio=0.000 | primal selected=0.000 | dual mean ratio=0.000 | increase threshold=5.0 | decrease threshold=5.0 | action=held
[INFO]		 - ADMM cycle 7 | Primal (V max/mean | PF max/mean | ESS max/mean) = 0.000228/0.000043 | 0.014560/0.001184 | 0.000000/0.000000 | Dual (V max/mean | PF max/mean | ESS max/mean) = 0.000687/0.000144 | 0.057490/0.006240 | 0.000000/0.000000 | Recourse change = 6142095.917606 (tol. 856284.210512) | Stable cycles = 0/1 | Penalty actions (V/PF/ESS) = held/held/held
[INFO] 	 - Iteration 7: 22.79 s
[INFO] 	 - ADMM Iteration 8
[INFO] 		 - Updating distribution networks:
[INFO] 			 - Running SMOPF, Network case33_1, 2025, Spring...
[INFO] 			 - Running SMOPF, Network case33_1, 2025, Summer...
[INFO] 			 - Running SMOPF, Network case33_1, 2025, Autumn...
[INFO] 			 - Running SMOPF, Network case33_1, 2025, Winter...
[INFO] 			 - Running SMOPF, Network case33_1, 2030, Spring...
[INFO] 			 - Running SMOPF, Network case33_1, 2030, Summer...
[INFO] 			 - Running SMOPF, Network case33_1, 2030, Autumn...
[INFO] 			 - Running SMOPF, Network case33_1, 2030, Winter...
[INFO] 			 - Running SMOPF, Network case33_1, 2035, Spring...
[INFO] 			 - Running SMOPF, Network case33_1, 2035, Summer...
[INFO] 			 - Running SMOPF, Network case33_1, 2035, Autumn...
[INFO] 			 - Running SMOPF, Network case33_1, 2035, Winter...
[INFO] 			 - Running SMOPF, Network case33_2, 2025, Spring...
[INFO] 			 - Running SMOPF, Network case33_2, 2025, Summer...
[INFO] 			 - Running SMOPF, Network case33_2, 2025, Autumn...
[INFO] 			 - Running SMOPF, Network case33_2, 2025, Winter...
[INFO] 			 - Running SMOPF, Network case33_2, 2030, Spring...
[INFO] 			 - Running SMOPF, Network case33_2, 2030, Summer...
[INFO] 			 - Running SMOPF, Network case33_2, 2030, Autumn...
[INFO] 			 - Running SMOPF, Network case33_2, 2030, Winter...
[INFO] 			 - Running SMOPF, Network case33_2, 2035, Spring...
[INFO] 			 - Running SMOPF, Network case33_2, 2035, Summer...
[INFO] 			 - Running SMOPF, Network case33_2, 2035, Autumn...
[INFO] 			 - Running SMOPF, Network case33_2, 2035, Winter...
[INFO] 			 - Running SMOPF, Network case33_3, 2025, Spring...
[INFO] 			 - Running SMOPF, Network case33_3, 2025, Summer...
[INFO] 			 - Running SMOPF, Network case33_3, 2025, Autumn...
[INFO] 			 - Running SMOPF, Network case33_3, 2025, Winter...
[INFO] 			 - Running SMOPF, Network case33_3, 2030, Spring...
[INFO] 			 - Running SMOPF, Network case33_3, 2030, Summer...
[INFO] 			 - Running SMOPF, Network case33_3, 2030, Autumn...
[INFO] 			 - Running SMOPF, Network case33_3, 2030, Winter...
[INFO] 			 - Running SMOPF, Network case33_3, 2035, Spring...
[INFO] 			 - Running SMOPF, Network case33_3, 2035, Summer...
[INFO] 			 - Running SMOPF, Network case33_3, 2035, Autumn...
[INFO] 			 - Running SMOPF, Network case33_3, 2035, Winter...
[INFO] 		 - Updating transmission network...
[INFO] 			 - Running SMOPF, Network case9, 2025, Spring...
[INFO] 			 - Running SMOPF, Network case9, 2025, Summer...
[INFO] 			 - Running SMOPF, Network case9, 2025, Autumn...
[INFO] 			 - Running SMOPF, Network case9, 2025, Winter...
[INFO] 			 - Running SMOPF, Network case9, 2030, Spring...
[INFO] 			 - Running SMOPF, Network case9, 2030, Summer...
[INFO] 			 - Running SMOPF, Network case9, 2030, Autumn...
[INFO] 			 - Running SMOPF, Network case9, 2030, Winter...
[INFO] 			 - Running SMOPF, Network case9, 2035, Spring...
[INFO] 			 - Running SMOPF, Network case9, 2035, Summer...
[INFO] 			 - Running SMOPF, Network case9, 2035, Autumn...
[INFO] 			 - Running SMOPF, Network case9, 2035, Winter...
[TSO PROX] cycle=8 | updated_blocks=12 | held_failed_blocks=0 | V max=0.000444 | PF max=0.021688 | ESS max=0.000000
[TSO PROX][V MAX] node=9, year=2035, day=Spring, period=12 | dV=0.153011 kV | normalized=0.000444
[TSO PROX][PF MAX] node=7, year=2025, day=Spring, period=23, type=P | delta=2.168773 MW | normalized=0.021688
[TSO PROX][ESS MAX] node=5, year=2025, day=Spring, period=0, type=P | delta=0.000000 MW | normalized=0.000000
[INFO] 		 - Updating SharedESS...
[INFO] 		 - Running Shared ESS optimization (subproblem)...
[INFO] 			 - Node 5...
[INFO] 			 - Node 7...
[INFO] 			 - Node 9...
[DIAG][PF MAX] node=5, year=2035, day=Autumn, period=12, type=P | TSO=26.650712 MW, DSO=24.461224 MW, diff=2.189488 MW, rating=200.000000 MVA, normalized=0.010947, rho(TSO/DSO)=2.250000/2.250000
[INFO]		 - interface PF max primal residual failed. 0.010947 > 0.010000
[INFO]		 - Dual residuals ok!
[RECOURSE JUMP] cycle=8 | abs_change=1.019972e+06 | tol=8.501421e+05 | signed_change=-1.019972e+06
[RECOURSE JUMP] Reconciliation | previous=8.501421e+08 | current=8.491221e+08 | block_delta=-1.019972e+06 | mismatch=-2.384186e-07
[RECOURSE JUMP] Aggregate signed changes:
  TSO | delta=-1.737227e+06
  DSO node=7 | delta=+4.964949e+05
  DSO node=5 | delta=+1.943289e+05
  DSO node=9 | delta=+2.643148e+04
  SALVAGE | delta=+0.000000e+00
[RECOURSE JUMP] Largest 10 block changes:
  TSO node=None year=2025 day=Spring | previous=8.340806e+07 | current=8.253976e+07 | delta=-8.682933e+05 | abs_delta=8.682933e+05
    [RECOURSE JUMP][TSO PROX] year=2025 day=Spring | V max=0.000350 | PF max=0.021688 | ESS max=0.000000
    [RECOURSE COMPONENTS] gen=-1.323176e+06 | flex=+4.548826e+05 | load_curt=+0.000000e+00 | res_curt=+0.000000e+00 | ess_usage=+0.000000e+00 | slacks=-3.801268e-04 | ess_comp=+0.000000e+00
    [SLACK COMPONENTS] voltage=-3.801268e-04 | node_P=+0.000000e+00 | node_Q=+0.000000e+00 | branch_ij=+0.000000e+00 | branch_ji=+0.000000e+00 | flex_P=+0.000000e+00 | flex_Q=+0.000000e+00
    [SLACK COMPONENT CHECK] classified_delta=-3.801268e-04 | objective_slack_delta=-3.801268e-04 | mismatch=+0.000000e+00
    [RECOURSE COMPONENT CHECK] classified_delta=-8.682933e+05 | block_delta=-8.682933e+05 | mismatch=+1.862645e-08
  TSO node=None year=2035 day=Summer | previous=6.962632e+07 | current=6.911211e+07 | delta=-5.142123e+05 | abs_delta=5.142123e+05
    [RECOURSE JUMP][TSO PROX] year=2035 day=Summer | V max=0.000377 | PF max=0.009218 | ESS max=0.000000
    [RECOURSE COMPONENTS] gen=-8.050386e+05 | flex=+2.908263e+05 | load_curt=+0.000000e+00 | res_curt=+0.000000e+00 | ess_usage=+0.000000e+00 | slacks=-7.767178e-05 | ess_comp=+0.000000e+00
    [SLACK COMPONENTS] voltage=-7.767178e-05 | node_P=+0.000000e+00 | node_Q=+0.000000e+00 | branch_ij=+0.000000e+00 | branch_ji=+0.000000e+00 | flex_P=+0.000000e+00 | flex_Q=+0.000000e+00
    [SLACK COMPONENT CHECK] classified_delta=-7.767178e-05 | objective_slack_delta=-7.767178e-05 | mismatch=+0.000000e+00
    [RECOURSE COMPONENT CHECK] classified_delta=-5.142123e+05 | block_delta=-5.142123e+05 | mismatch=-3.201421e-09
  TSO node=None year=2030 day=Summer | previous=6.944524e+07 | current=6.995862e+07 | delta=+5.133722e+05 | abs_delta=5.133722e+05
    [RECOURSE JUMP][TSO PROX] year=2030 day=Summer | V max=0.000320 | PF max=0.013127 | ESS max=0.000000
    [RECOURSE COMPONENTS] gen=+1.052598e+06 | flex=-5.392258e+05 | load_curt=+0.000000e+00 | res_curt=+0.000000e+00 | ess_usage=+0.000000e+00 | slacks=+1.973761e-04 | ess_comp=+0.000000e+00
    [SLACK COMPONENTS] voltage=+1.973761e-04 | node_P=+0.000000e+00 | node_Q=+0.000000e+00 | branch_ij=+0.000000e+00 | branch_ji=+0.000000e+00 | flex_P=+0.000000e+00 | flex_Q=+0.000000e+00
    [SLACK COMPONENT CHECK] classified_delta=+1.973761e-04 | objective_slack_delta=+1.973761e-04 | mismatch=+0.000000e+00
    [RECOURSE COMPONENT CHECK] classified_delta=+5.133722e+05 | block_delta=+5.133722e+05 | mismatch=-9.895302e-10
  TSO node=None year=2035 day=Spring | previous=6.511126e+07 | current=6.481934e+07 | delta=-2.919200e+05 | abs_delta=2.919200e+05
    [RECOURSE JUMP][TSO PROX] year=2035 day=Spring | V max=0.000444 | PF max=0.018275 | ESS max=0.000000
    [RECOURSE COMPONENTS] gen=-5.173601e+05 | flex=+2.254400e+05 | load_curt=+0.000000e+00 | res_curt=+0.000000e+00 | ess_usage=+0.000000e+00 | slacks=+3.183766e-04 | ess_comp=+0.000000e+00
    [SLACK COMPONENTS] voltage=+3.183766e-04 | node_P=+0.000000e+00 | node_Q=+0.000000e+00 | branch_ij=+0.000000e+00 | branch_ji=+0.000000e+00 | flex_P=+0.000000e+00 | flex_Q=+0.000000e+00
    [SLACK COMPONENT CHECK] classified_delta=+3.183766e-04 | objective_slack_delta=+3.183766e-04 | mismatch=+0.000000e+00
    [RECOURSE COMPONENT CHECK] classified_delta=-2.919200e+05 | block_delta=-2.919200e+05 | mismatch=+5.820766e-09
  DSO node=7 year=2025 day=Spring | previous=2.197023e+06 | current=2.488112e+06 | delta=+2.910898e+05 | abs_delta=2.910898e+05
    [RECOURSE COMPONENTS] gen=+0.000000e+00 | flex=+2.996551e+05 | load_curt=+0.000000e+00 | res_curt=-8.565277e+03 | ess_usage=+0.000000e+00 | slacks=-5.802153e-03 | ess_comp=+0.000000e+00
    [SLACK COMPONENTS] voltage=-5.802153e-03 | node_P=+0.000000e+00 | node_Q=+0.000000e+00 | branch_ij=+0.000000e+00 | branch_ji=+0.000000e+00 | flex_P=+0.000000e+00 | flex_Q=+0.000000e+00
    [SLACK COMPONENT CHECK] classified_delta=-5.802153e-03 | objective_slack_delta=-5.802153e-03 | mismatch=+0.000000e+00
    [RECOURSE COMPONENT CHECK] classified_delta=+2.910898e+05 | block_delta=+2.910898e+05 | mismatch=+0.000000e+00
  TSO node=None year=2030 day=Spring | previous=6.317181e+07 | current=6.290262e+07 | delta=-2.691949e+05 | abs_delta=2.691949e+05
    [RECOURSE JUMP][TSO PROX] year=2030 day=Spring | V max=0.000346 | PF max=0.015231 | ESS max=0.000000
    [RECOURSE COMPONENTS] gen=-3.800450e+05 | flex=+1.108501e+05 | load_curt=+0.000000e+00 | res_curt=+0.000000e+00 | ess_usage=+0.000000e+00 | slacks=-4.655116e-04 | ess_comp=+0.000000e+00
    [SLACK COMPONENTS] voltage=-4.655116e-04 | node_P=+0.000000e+00 | node_Q=+0.000000e+00 | branch_ij=+0.000000e+00 | branch_ji=+0.000000e+00 | flex_P=+0.000000e+00 | flex_Q=+0.000000e+00
    [SLACK COMPONENT CHECK] classified_delta=-4.655116e-04 | objective_slack_delta=-4.655116e-04 | mismatch=+0.000000e+00
    [RECOURSE COMPONENT CHECK] classified_delta=-2.691949e+05 | block_delta=-2.691949e+05 | mismatch=-4.947651e-09
  DSO node=5 year=2035 day=Summer | previous=6.705519e+06 | current=6.936899e+06 | delta=+2.313801e+05 | abs_delta=2.313801e+05
    [RECOURSE COMPONENTS] gen=+0.000000e+00 | flex=+1.693437e+05 | load_curt=+0.000000e+00 | res_curt=-2.141744e+02 | ess_usage=+0.000000e+00 | slacks=+6.225061e+04 | ess_comp=+0.000000e+00
    [SLACK COMPONENTS] voltage=+6.225061e+04 | node_P=+0.000000e+00 | node_Q=+0.000000e+00 | branch_ij=+0.000000e+00 | branch_ji=+0.000000e+00 | flex_P=+0.000000e+00 | flex_Q=+0.000000e+00
    [SLACK COMPONENT CHECK] classified_delta=+6.225061e+04 | objective_slack_delta=+6.225061e+04 | mismatch=+0.000000e+00
    [RECOURSE COMPONENT CHECK] classified_delta=+2.313801e+05 | block_delta=+2.313801e+05 | mismatch=-5.238689e-10
  DSO node=9 year=2035 day=Spring | previous=8.711303e+06 | current=8.899520e+06 | delta=+1.882170e+05 | abs_delta=1.882170e+05
    [RECOURSE COMPONENTS] gen=+0.000000e+00 | flex=+1.887026e+05 | load_curt=+0.000000e+00 | res_curt=-4.855591e+02 | ess_usage=+0.000000e+00 | slacks=+4.031814e-03 | ess_comp=+0.000000e+00
    [SLACK COMPONENTS] voltage=+4.031814e-03 | node_P=+0.000000e+00 | node_Q=+0.000000e+00 | branch_ij=+0.000000e+00 | branch_ji=+0.000000e+00 | flex_P=+0.000000e+00 | flex_Q=+0.000000e+00
    [SLACK COMPONENT CHECK] classified_delta=+4.031814e-03 | objective_slack_delta=+4.031814e-03 | mismatch=+0.000000e+00
    [RECOURSE COMPONENT CHECK] classified_delta=+1.882170e+05 | block_delta=+1.882170e+05 | mismatch=+0.000000e+00
  DSO node=9 year=2025 day=Summer | previous=4.146017e+06 | current=3.960801e+06 | delta=-1.852154e+05 | abs_delta=1.852154e+05
    [RECOURSE COMPONENTS] gen=+0.000000e+00 | flex=-1.847050e+05 | load_curt=+0.000000e+00 | res_curt=-5.105098e+02 | ess_usage=+0.000000e+00 | slacks=+1.324096e-01 | ess_comp=+0.000000e+00
    [SLACK COMPONENTS] voltage=+1.324096e-01 | node_P=+0.000000e+00 | node_Q=+0.000000e+00 | branch_ij=+0.000000e+00 | branch_ji=+0.000000e+00 | flex_P=+0.000000e+00 | flex_Q=+0.000000e+00
    [SLACK COMPONENT CHECK] classified_delta=+1.324096e-01 | objective_slack_delta=+1.324096e-01 | mismatch=+0.000000e+00
    [RECOURSE COMPONENT CHECK] classified_delta=-1.852154e+05 | block_delta=-1.852154e+05 | mismatch=+6.402843e-10
  DSO node=5 year=2030 day=Summer | previous=3.969350e+06 | current=3.795642e+06 | delta=-1.737072e+05 | abs_delta=1.737072e+05
    [RECOURSE COMPONENTS] gen=+0.000000e+00 | flex=-1.735745e+05 | load_curt=+0.000000e+00 | res_curt=-1.326657e+02 | ess_usage=+0.000000e+00 | slacks=+3.488293e-02 | ess_comp=+0.000000e+00
    [SLACK COMPONENTS] voltage=+3.488293e-02 | node_P=+0.000000e+00 | node_Q=+0.000000e+00 | branch_ij=+0.000000e+00 | branch_ji=+0.000000e+00 | flex_P=+0.000000e+00 | flex_Q=+0.000000e+00
    [SLACK COMPONENT CHECK] classified_delta=+3.488293e-02 | objective_slack_delta=+3.488293e-02 | mismatch=+0.000000e+00
    [RECOURSE COMPONENT CHECK] classified_delta=-1.737072e+05 | block_delta=-1.737072e+05 | mismatch=+1.164153e-10
[INFO]		 - Recourse stationarity failed. 1019971.641460 > 850142.114595
[ADMM RHO] V | primal max ratio=0.017 | primal mean ratio=0.027 | primal selected=0.027 | dual mean ratio=0.013 | increase threshold=5.0 | decrease threshold=5.0 | action=held
[ADMM RHO] PF | primal max ratio=1.095 | primal mean ratio=0.772 | primal selected=1.095 | dual mean ratio=0.488 | increase threshold=5.0 | decrease threshold=3.0 | action=held
[ADMM RHO] ESS | primal max ratio=0.000 | primal mean ratio=0.000 | primal selected=0.000 | dual mean ratio=0.000 | increase threshold=5.0 | decrease threshold=5.0 | action=held
[INFO]		 - ADMM cycle 8 | Primal (V max/mean | PF max/mean | ESS max/mean) = 0.000166/0.000027 | 0.010947/0.000772 | 0.000000/0.000000 | Dual (V max/mean | PF max/mean | ESS max/mean) = 0.000683/0.000132 | 0.048802/0.004884 | 0.000000/0.000000 | Recourse change = 1019971.641460 (tol. 850142.114595) | Stable cycles = 0/1 | Penalty actions (V/PF/ESS) = held/held/held
[INFO] 	 - Iteration 8: 22.27 s
[INFO] 	 - ADMM Iteration 9
[INFO] 		 - Updating distribution networks:
[INFO] 			 - Running SMOPF, Network case33_1, 2025, Spring...
[INFO] 			 - Running SMOPF, Network case33_1, 2025, Summer...
[INFO] 			 - Running SMOPF, Network case33_1, 2025, Autumn...
[INFO] 			 - Running SMOPF, Network case33_1, 2025, Winter...
[INFO] 			 - Running SMOPF, Network case33_1, 2030, Spring...
[INFO] 			 - Running SMOPF, Network case33_1, 2030, Summer...
[INFO] 			 - Running SMOPF, Network case33_1, 2030, Autumn...
[INFO] 			 - Running SMOPF, Network case33_1, 2030, Winter...
[INFO] 			 - Running SMOPF, Network case33_1, 2035, Spring...
[INFO] 			 - Running SMOPF, Network case33_1, 2035, Summer...
[INFO] 			 - Running SMOPF, Network case33_1, 2035, Autumn...
[INFO] 			 - Running SMOPF, Network case33_1, 2035, Winter...
[INFO] 			 - Running SMOPF, Network case33_2, 2025, Spring...
[INFO] 			 - Running SMOPF, Network case33_2, 2025, Summer...
[INFO] 			 - Running SMOPF, Network case33_2, 2025, Autumn...
[INFO] 			 - Running SMOPF, Network case33_2, 2025, Winter...
[INFO] 			 - Running SMOPF, Network case33_2, 2030, Spring...
[INFO] 			 - Running SMOPF, Network case33_2, 2030, Summer...
[INFO] 			 - Running SMOPF, Network case33_2, 2030, Autumn...
[INFO] 			 - Running SMOPF, Network case33_2, 2030, Winter...
[INFO] 			 - Running SMOPF, Network case33_2, 2035, Spring...
[INFO] 			 - Running SMOPF, Network case33_2, 2035, Summer...
[INFO] 			 - Running SMOPF, Network case33_2, 2035, Autumn...
[INFO] 			 - Running SMOPF, Network case33_2, 2035, Winter...
[INFO] 			 - Running SMOPF, Network case33_3, 2025, Spring...
[INFO] 			 - Running SMOPF, Network case33_3, 2025, Summer...
[INFO] 			 - Running SMOPF, Network case33_3, 2025, Autumn...
[INFO] 			 - Running SMOPF, Network case33_3, 2025, Winter...
[INFO] 			 - Running SMOPF, Network case33_3, 2030, Spring...
[INFO] 			 - Running SMOPF, Network case33_3, 2030, Summer...
[INFO] 			 - Running SMOPF, Network case33_3, 2030, Autumn...
[INFO] 			 - Running SMOPF, Network case33_3, 2030, Winter...
[INFO] 			 - Running SMOPF, Network case33_3, 2035, Spring...
[INFO] 			 - Running SMOPF, Network case33_3, 2035, Summer...
[INFO] 			 - Running SMOPF, Network case33_3, 2035, Autumn...
[INFO] 			 - Running SMOPF, Network case33_3, 2035, Winter...
[INFO] 		 - Updating transmission network...
[INFO] 			 - Running SMOPF, Network case9, 2025, Spring...
[INFO] 			 - Running SMOPF, Network case9, 2025, Summer...
[INFO] 			 - Running SMOPF, Network case9, 2025, Autumn...
[INFO] 			 - Running SMOPF, Network case9, 2025, Winter...
[INFO] 			 - Running SMOPF, Network case9, 2030, Spring...
[INFO] 			 - Running SMOPF, Network case9, 2030, Summer...
[INFO] 			 - Running SMOPF, Network case9, 2030, Autumn...
[INFO] 			 - Running SMOPF, Network case9, 2030, Winter...
[INFO] 			 - Running SMOPF, Network case9, 2035, Spring...
[INFO] 			 - Running SMOPF, Network case9, 2035, Summer...
[INFO] 			 - Running SMOPF, Network case9, 2035, Autumn...
[INFO] 			 - Running SMOPF, Network case9, 2035, Winter...
[TSO PROX] cycle=9 | updated_blocks=12 | held_failed_blocks=0 | V max=0.000462 | PF max=0.021475 | ESS max=0.000000
[TSO PROX][V MAX] node=9, year=2035, day=Spring, period=12 | dV=0.159238 kV | normalized=0.000462
[TSO PROX][PF MAX] node=7, year=2025, day=Spring, period=23, type=P | delta=2.147488 MW | normalized=0.021475
[TSO PROX][ESS MAX] node=5, year=2025, day=Spring, period=0, type=P | delta=0.000000 MW | normalized=0.000000
[INFO] 		 - Updating SharedESS...
[INFO] 		 - Running Shared ESS optimization (subproblem)...
[INFO] 			 - Node 5...
[INFO] 			 - Node 7...
[INFO] 			 - Node 9...
[INFO]		 - Primal residuals ok!
[INFO]		 - Dual residuals ok!
[INFO]		 - Recourse stationarity ok!
[ADMM RHO] V | primal max ratio=0.013 | primal mean ratio=0.019 | primal selected=0.019 | dual mean ratio=0.012 | increase threshold=5.0 | decrease threshold=5.0 | action=held
[ADMM RHO] PF | primal max ratio=0.945 | primal mean ratio=0.588 | primal selected=0.945 | dual mean ratio=0.421 | increase threshold=5.0 | decrease threshold=3.0 | action=held
[ADMM RHO] ESS | primal max ratio=0.000 | primal mean ratio=0.000 | primal selected=0.000 | dual mean ratio=0.000 | increase threshold=5.0 | decrease threshold=5.0 | action=held
[INFO]		 - ADMM cycle 9 | Primal (V max/mean | PF max/mean | ESS max/mean) = 0.000134/0.000019 | 0.009455/0.000588 | 0.000000/0.000000 | Dual (V max/mean | PF max/mean | ESS max/mean) = 0.000719/0.000124 | 0.048318/0.004213 | 0.000000/0.000000 | Recourse change = 670251.695401 (tol. 849122.142953) | Stable cycles = 1/1 | Penalty actions (V/PF/ESS) = held/held/held
[INFO] 	 - Iteration 9: 23.88 s
[INFO] 	 - ADMM converged in 9 iteration(s).
[INFO] 	 - Execution time: 232.00 s
[INFO] Operational Planning Results written to data/SRP1/Results/SRP1_operational_planning_results_distributed_without ESS.xlsx.
[INFO] Iteration #1 | Source = master_solution | Master = -1000000000.00 | Alpha = -1000000000.00 | Investment = 0.00 | Gross recourse = 848451891.26 | Salvage = -0.00 | Net recourse = 848451891.26 | Candidate = 848451891.26 | UB = 848451891.26 | Gap = 217.86% | ESSO violation = -0.000031
[INFO] Sensitivities at the zero-capacity plan are incomplete. Evaluating a positive bootstrap plan at iteration 2 before resolving the master problem.
=============================================== ITERATION #2 ==============================================
[INFO] Candidate solution:
		   	Capacity  	2025	2030	2035	
		  5	S, [MVA]  	0.011	0.021	0.032	
		  5	E, [MVAh] 	0.021	0.043	0.064	
		  7	S, [MVA]  	0.011	0.021	0.032	
		  7	E, [MVAh] 	0.021	0.043	0.064	
		  9	S, [MVA]  	0.011	0.021	0.032	
		  9	E, [MVAh] 	0.021	0.043	0.064	
[INFO] Running OPERATIONAL PLANNING (DISTRIBUTED)...
[INFO]	 - Initializing...
[INFO] 		 - Distribution Network node 5...
[INFO] 			 - Running SMOPF, Network case33_1, 2025, Spring...
[INFO] 			 - Running SMOPF, Network case33_1, 2025, Summer...
[INFO] 			 - Running SMOPF, Network case33_1, 2025, Autumn...
[INFO] 			 - Running SMOPF, Network case33_1, 2025, Winter...
[INFO] 			 - Running SMOPF, Network case33_1, 2030, Spring...
[INFO] 			 - Running SMOPF, Network case33_1, 2030, Summer...
[INFO] 			 - Running SMOPF, Network case33_1, 2030, Autumn...
[INFO] 			 - Running SMOPF, Network case33_1, 2030, Winter...
[WARNING] Network solver did not converge for case33_1, year=2030, day=Winter: status=warning, termination=maxIterations, message=Ipopt 3.14.18\x3a Maximum Number of Iterations Exceeded. | warm_start=False
[WARNING] IPOPT solver log for case33_1, year=2030, day=Winter: data/SRP1/Results/Logs/optim_log_case33_1_2030_Winter.log
[INFO] 			 - Running SMOPF, Network case33_1, 2035, Spring...
[INFO] 			 - Running SMOPF, Network case33_1, 2035, Summer...
[INFO] 			 - Running SMOPF, Network case33_1, 2035, Autumn...
[INFO] 			 - Running SMOPF, Network case33_1, 2035, Winter...
[WARNING] Network solver did not converge for case33_1, year=2035, day=Winter: status=warning, termination=maxIterations, message=Ipopt 3.14.18\x3a Maximum Number of Iterations Exceeded. | warm_start=False
[WARNING] IPOPT solver log for case33_1, year=2035, day=Winter: data/SRP1/Results/Logs/optim_log_case33_1_2035_Winter.log
[INFO] 		 - Distribution Network node 7...
[INFO] 			 - Running SMOPF, Network case33_2, 2025, Spring...
[INFO] 			 - Running SMOPF, Network case33_2, 2025, Summer...
[INFO] 			 - Running SMOPF, Network case33_2, 2025, Autumn...
[INFO] 			 - Running SMOPF, Network case33_2, 2025, Winter...
[INFO] 			 - Running SMOPF, Network case33_2, 2030, Spring...
[INFO] 			 - Running SMOPF, Network case33_2, 2030, Summer...
[INFO] 			 - Running SMOPF, Network case33_2, 2030, Autumn...
[INFO] 			 - Running SMOPF, Network case33_2, 2030, Winter...
[INFO] 			 - Running SMOPF, Network case33_2, 2035, Spring...
[INFO] 			 - Running SMOPF, Network case33_2, 2035, Summer...
[INFO] 			 - Running SMOPF, Network case33_2, 2035, Autumn...
[INFO] 			 - Running SMOPF, Network case33_2, 2035, Winter...
[INFO] 		 - Distribution Network node 9...
[INFO] 			 - Running SMOPF, Network case33_3, 2025, Spring...
[INFO] 			 - Running SMOPF, Network case33_3, 2025, Summer...
[WARNING] Network solver did not converge for case33_3, year=2025, day=Summer: status=warning, termination=maxIterations, message=Ipopt 3.14.18\x3a Maximum Number of Iterations Exceeded. | warm_start=False
[WARNING] IPOPT solver log for case33_3, year=2025, day=Summer: data/SRP1/Results/Logs/optim_log_case33_3_2025_Summer.log
[INFO] 			 - Running SMOPF, Network case33_3, 2025, Autumn...
[INFO] 			 - Running SMOPF, Network case33_3, 2025, Winter...
[INFO] 			 - Running SMOPF, Network case33_3, 2030, Spring...
[INFO] 			 - Running SMOPF, Network case33_3, 2030, Summer...
[INFO] 			 - Running SMOPF, Network case33_3, 2030, Autumn...
[INFO] 			 - Running SMOPF, Network case33_3, 2030, Winter...
[INFO] 			 - Running SMOPF, Network case33_3, 2035, Spring...
[INFO] 			 - Running SMOPF, Network case33_3, 2035, Summer...
[INFO] 			 - Running SMOPF, Network case33_3, 2035, Autumn...
[INFO] 			 - Running SMOPF, Network case33_3, 2035, Winter...
[INFO] 		 - Transmission Network...
[INFO] 			 - Running SMOPF, Network case9, 2025, Spring...
[INFO] 			 - Running SMOPF, Network case9, 2025, Summer...
[INFO] 			 - Running SMOPF, Network case9, 2025, Autumn...
[INFO] 			 - Running SMOPF, Network case9, 2025, Winter...
[INFO] 			 - Running SMOPF, Network case9, 2030, Spring...
[INFO] 			 - Running SMOPF, Network case9, 2030, Summer...
[INFO] 			 - Running SMOPF, Network case9, 2030, Autumn...
[INFO] 			 - Running SMOPF, Network case9, 2030, Winter...
[INFO] 			 - Running SMOPF, Network case9, 2035, Spring...
[INFO] 			 - Running SMOPF, Network case9, 2035, Summer...
[INFO] 			 - Running SMOPF, Network case9, 2035, Autumn...
[INFO] 			 - Running SMOPF, Network case9, 2035, Winter...
[INFO] 		 - Running Shared ESS optimization (subproblem)...
[INFO] 			 - Node 5...
[INFO] 			 - Node 7...
[INFO] 			 - Node 9...
[WARNING] Operational initialization failed because at least one local problem did not solve successfully. ADMM will not be started.
[INFO] 	 - Execution time: 266.96 s
[INFO] Iteration #2 | Source = positive_bootstrap | Master = N/A | Alpha = N/A | Investment = 50000.00 | Gross recourse = N/A | Salvage = N/A | Net recourse = N/A | Candidate = N/A | UB = 848451891.26 | Gap = N/A | ESSO violation = N/A
[WARNING] Operational initialization failed. No ADMM cycle or formal Benders feasibility cut is available; stopping the outer loop.
[WARNING] Convergence not obtained!
[INFO] Planning termination reason: operational_initialization_failure.
[INFO] Execution time: 562.26 s
