[P5.15 G1 re-run, new baseline] production defaults: EPS_ESSO_THROUGHPUT=1e-05, ESSO overrides={'tol': 1e-10, 'acceptable_tol': 1e-09}; recovery policy production default (all enabled, tier 2 on)
[INFO] Running OPERATIONAL PLANNING (DISTRIBUTED)...
[INFO]	 - Initializing...
[INFO] 		 - Distribution Network node 5...
[INFO] 			 - Running SMOPF, Network case33_1, 2025, Spring...
[INFO] 			 - Running SMOPF, Network case33_1, 2025, Summer...
[INFO] 			 - Running SMOPF, Network case33_1, 2025, Autumn...
[INFO] 			 - Running SMOPF, Network case33_1, 2025, Winter...
[INFO] 			 - Running SMOPF, Network case33_1, 2030, Spring...
[INFO] 			 - Running SMOPF, Network case33_1, 2030, Summer...
[INFO] 			 - Running SMOPF, Network case33_1, 2030, Autumn...
[INFO] 			 - Running SMOPF, Network case33_1, 2030, Winter...
[INFO] 			 - Running SMOPF, Network case33_1, 2035, Spring...
[INFO] 			 - Running SMOPF, Network case33_1, 2035, Summer...
[INFO] 			 - Running SMOPF, Network case33_1, 2035, Autumn...
[INFO] 			 - Running SMOPF, Network case33_1, 2035, Winter...
[INFO] 		 - Distribution Network node 7...
[INFO] 			 - Running SMOPF, Network case33_2, 2025, Spring...
[INFO] 			 - Running SMOPF, Network case33_2, 2025, Summer...
[INFO] 			 - Running SMOPF, Network case33_2, 2025, Autumn...
[INFO] 			 - Running SMOPF, Network case33_2, 2025, Winter...
[INFO] 			 - Running SMOPF, Network case33_2, 2030, Spring...
[INFO] 			 - Running SMOPF, Network case33_2, 2030, Summer...
[INFO] 			 - Running SMOPF, Network case33_2, 2030, Autumn...
[INFO] 			 - Running SMOPF, Network case33_2, 2030, Winter...
[INFO] 			 - Running SMOPF, Network case33_2, 2035, Spring...
[INFO] 			 - Running SMOPF, Network case33_2, 2035, Summer...
[INFO] 			 - Running SMOPF, Network case33_2, 2035, Autumn...
[INFO] 			 - Running SMOPF, Network case33_2, 2035, Winter...
[INFO] 		 - Distribution Network node 9...
[INFO] 			 - Running SMOPF, Network case33_3, 2025, Spring...
[INFO] 			 - Running SMOPF, Network case33_3, 2025, Summer...
[INFO] 			 - Running SMOPF, Network case33_3, 2025, Autumn...
[INFO] 			 - Running SMOPF, Network case33_3, 2025, Winter...
[INFO] 			 - Running SMOPF, Network case33_3, 2030, Spring...
[INFO] 			 - Running SMOPF, Network case33_3, 2030, Summer...
[INFO] 			 - Running SMOPF, Network case33_3, 2030, Autumn...
[INFO] 			 - Running SMOPF, Network case33_3, 2030, Winter...
[INFO] 			 - Running SMOPF, Network case33_3, 2035, Spring...
[INFO] 			 - Running SMOPF, Network case33_3, 2035, Summer...
[INFO] 			 - Running SMOPF, Network case33_3, 2035, Autumn...
[INFO] 			 - Running SMOPF, Network case33_3, 2035, Winter...
[INFO] 		 - Transmission Network...
[INFO] 			 - Running SMOPF, Network case9, 2025, Spring...
[INFO] 			 - Running SMOPF, Network case9, 2025, Summer...
[INFO] 			 - Running SMOPF, Network case9, 2025, Autumn...
[INFO] 			 - Running SMOPF, Network case9, 2025, Winter...
[INFO] 			 - Running SMOPF, Network case9, 2030, Spring...
[INFO] 			 - Running SMOPF, Network case9, 2030, Summer...
[INFO] 			 - Running SMOPF, Network case9, 2030, Autumn...
[INFO] 			 - Running SMOPF, Network case9, 2030, Winter...
[INFO] 			 - Running SMOPF, Network case9, 2035, Spring...
[INFO] 			 - Running SMOPF, Network case9, 2035, Summer...
[INFO] 			 - Running SMOPF, Network case9, 2035, Autumn...
[INFO] 			 - Running SMOPF, Network case9, 2035, Winter...
[INFO] 		 - Running Shared ESS optimization (subproblem)...
[INFO] 			 - Node 5...
[INFO] Shared ESS complementarity diagnostics for ESS node=5: ratio_max=9.178102e-06 n_periods=288 mu_final=1.119743e-11 s_obj=1.000000e-01 eps=1.000000e-05 bound=3.224860e-03 measured=2.727792e-03
[INFO] 			 - Node 7...
[INFO] Shared ESS complementarity diagnostics for ESS node=7: ratio_max=9.356071e-06 n_periods=288 mu_final=1.122361e-11 s_obj=1.000000e-01 eps=1.000000e-05 bound=3.232400e-03 measured=2.730933e-03
[INFO] 			 - Node 9...
[INFO] Shared ESS complementarity diagnostics for ESS node=9: ratio_max=9.177966e-06 n_periods=288 mu_final=1.116416e-11 s_obj=1.000000e-01 eps=1.000000e-05 bound=3.215278e-03 measured=2.731432e-03
[ADMM OF SCALE] n=48 | min=3.467801e+02 | median=4.060637e+02 | max=4.311165e+07 | selected=4.311165e+07
[ADMM OF SCALE] Largest weighted objectives:
  TSO node=None year=2025 day=Summer | base=4.311165e+07 | scenario=0.000000e+00 | total=4.311165e+07
  TSO node=None year=2025 day=Spring | base=4.093292e+07 | scenario=0.000000e+00 | total=4.093292e+07
  TSO node=None year=2035 day=Summer | base=4.070938e+07 | scenario=0.000000e+00 | total=4.070938e+07
  TSO node=None year=2025 day=Autumn | base=4.014921e+07 | scenario=0.000000e+00 | total=4.014921e+07
  TSO node=None year=2030 day=Summer | base=3.436840e+07 | scenario=0.000000e+00 | total=3.436840e+07
  TSO node=None year=2035 day=Spring | base=3.371213e+07 | scenario=0.000000e+00 | total=3.371213e+07
  TSO node=None year=2030 day=Spring | base=3.256124e+07 | scenario=0.000000e+00 | total=3.256124e+07
  TSO node=None year=2025 day=Winter | base=2.637352e+07 | scenario=0.000000e+00 | total=2.637352e+07
  TSO node=None year=2035 day=Autumn | base=2.371081e+07 | scenario=0.000000e+00 | total=2.371081e+07
  TSO node=None year=2030 day=Autumn | base=1.372060e+07 | scenario=0.000000e+00 | total=1.372060e+07
[INFO] 	 - ADMM Iteration 1
[INFO] 		 - Updating distribution networks:
[INFO] 			 - Running SMOPF, Network case33_1, 2025, Spring...
[INFO] 			 - Running SMOPF, Network case33_1, 2025, Summer...
[INFO] 			 - Running SMOPF, Network case33_1, 2025, Autumn...
[INFO] 			 - Running SMOPF, Network case33_1, 2025, Winter...
[INFO] 			 - Running SMOPF, Network case33_1, 2030, Spring...
[INFO] 			 - Running SMOPF, Network case33_1, 2030, Summer...
[INFO] 			 - Running SMOPF, Network case33_1, 2030, Autumn...
[INFO] 			 - Running SMOPF, Network case33_1, 2030, Winter...
[INFO] 			 - Running SMOPF, Network case33_1, 2035, Spring...
[INFO] 			 - Running SMOPF, Network case33_1, 2035, Summer...
[INFO] 			 - Running SMOPF, Network case33_1, 2035, Autumn...
[INFO] 			 - Running SMOPF, Network case33_1, 2035, Winter...
[INFO] 			 - Running SMOPF, Network case33_2, 2025, Spring...
[INFO] 			 - Running SMOPF, Network case33_2, 2025, Summer...
[INFO] 			 - Running SMOPF, Network case33_2, 2025, Autumn...
[INFO] 			 - Running SMOPF, Network case33_2, 2025, Winter...
[INFO] 			 - Running SMOPF, Network case33_2, 2030, Spring...
[INFO] 			 - Running SMOPF, Network case33_2, 2030, Summer...
[INFO] 			 - Running SMOPF, Network case33_2, 2030, Autumn...
[INFO] 			 - Running SMOPF, Network case33_2, 2030, Winter...
[INFO] 			 - Running SMOPF, Network case33_2, 2035, Spring...
[INFO] 			 - Running SMOPF, Network case33_2, 2035, Summer...
[INFO] 			 - Running SMOPF, Network case33_2, 2035, Autumn...
[INFO] 			 - Running SMOPF, Network case33_2, 2035, Winter...
[INFO] 			 - Running SMOPF, Network case33_3, 2025, Spring...
[INFO] 			 - Running SMOPF, Network case33_3, 2025, Summer...
[INFO] 			 - Running SMOPF, Network case33_3, 2025, Autumn...
[INFO] 			 - Running SMOPF, Network case33_3, 2025, Winter...
[INFO] 			 - Running SMOPF, Network case33_3, 2030, Spring...
[INFO] 			 - Running SMOPF, Network case33_3, 2030, Summer...
[INFO] 			 - Running SMOPF, Network case33_3, 2030, Autumn...
[INFO] 			 - Running SMOPF, Network case33_3, 2030, Winter...
[INFO] 			 - Running SMOPF, Network case33_3, 2035, Spring...
[INFO] 			 - Running SMOPF, Network case33_3, 2035, Summer...
[INFO] 			 - Running SMOPF, Network case33_3, 2035, Autumn...
[INFO] 			 - Running SMOPF, Network case33_3, 2035, Winter...
[INFO] 		 - Updating transmission network...
[INFO] 			 - Running SMOPF, Network case9, 2025, Spring...
[INFO] 			 - Running SMOPF, Network case9, 2025, Summer...
[INFO] 			 - Running SMOPF, Network case9, 2025, Autumn...
[INFO] 			 - Running SMOPF, Network case9, 2025, Winter...
[INFO] 			 - Running SMOPF, Network case9, 2030, Spring...
[INFO] 			 - Running SMOPF, Network case9, 2030, Summer...
[INFO] 			 - Running SMOPF, Network case9, 2030, Autumn...
[INFO] 			 - Running SMOPF, Network case9, 2030, Winter...
[INFO] 			 - Running SMOPF, Network case9, 2035, Spring...
[INFO] 			 - Running SMOPF, Network case9, 2035, Summer...
[INFO] 			 - Running SMOPF, Network case9, 2035, Autumn...
[INFO] 			 - Running SMOPF, Network case9, 2035, Winter...
[TSO PROX] cycle=1 | updated_blocks=12 | held_failed_blocks=0 | V max=0.065165 | PF max=0.629491 | ESS max=0.240264
[TSO PROX][V MAX] node=9, year=2035, day=Spring, period=2 | dV=22.482018 kV | normalized=0.065165
[TSO PROX][PF MAX] node=7, year=2030, day=Autumn, period=4, type=Q | delta=62.949058 MVAr | normalized=0.629491
[TSO PROX][ESS MAX] node=9, year=2035, day=Summer, period=19, type=P | delta=0.465512 MW | normalized=0.240264
[INFO] 		 - Updating SharedESS...
[INFO] 		 - Running Shared ESS optimization (subproblem)...
[INFO] 			 - Node 5...
[INFO] Shared ESS complementarity diagnostics for ESS node=5: ratio_max=9.321677e-06 n_periods=288 mu_final=9.916999e-12 s_obj=1.000000e-01 eps=1.000000e-05 bound=2.856096e-03 measured=3.010927e-03
[INFO] 			 - Node 7...
[INFO] Shared ESS complementarity diagnostics for ESS node=7: ratio_max=9.336728e-06 n_periods=288 mu_final=9.622555e-12 s_obj=1.000000e-01 eps=1.000000e-05 bound=2.771296e-03 measured=2.978635e-03
[INFO] 			 - Node 9...
[INFO] Shared ESS complementarity diagnostics for ESS node=9: ratio_max=9.289875e-06 n_periods=288 mu_final=9.898445e-12 s_obj=1.000000e-01 eps=1.000000e-05 bound=2.850752e-03 measured=2.973929e-03
[DIAG][V MAX] node=9, year=2035, day=Winter, period=2 | TSO=356.105548 kV, DSO=379.500001 kV, diff=23.394453 kV, base=345.000000 kV, normalized=0.067810, rho(TSO/DSO)=1.500000/1.500000
[DIAG][PF MAX] node=7, year=2030, day=Autumn, period=5, type=Q | TSO=-25.336304 MVAr, DSO=19.824339 MVAr, diff=45.160643 MVAr, rating=100.000000 MVA, normalized=0.451606, rho(TSO/DSO)=300.000000/300.000000
[DIAG][ESS MAX] agent=TSO, node=9, year=2035, day=Summer, period=3, type=P | x=0.868718 MW, z=0.648392 MW, diff=0.220326 MW, norm_rating=0.968750 MVA, normalized=0.113717, rho=1.000000, rho(TSO/DSO/ESSO)=1.000000/1.000000/1.000000
[DIAG][ESS COMP] TSO | Sch=0.868721 MVA, Sdch=0.000003 MVA, net=0.868718 MVA, product=2.289114e-06 MVA^2, simultaneous=0.000003 MVA, base=100.000000 MVA
[DIAG][ESS COMP] DSO | Sch=0.675813 MVA, Sdch=0.000000 MVA, net=0.675813 MVA, product=1.308746e-07 MVA^2, simultaneous=0.000000 MVA, base=100.000000 MVA
[DIAG][ESS COMP] ESSO | Sch=0.645756 MVA, Sdch=0.000005 MVA, net=0.645752 MVA, product=2.928765e-06 MVA^2, simultaneous=0.000005 MVA
[INFO]		 - interface Vmag max primal residual failed. 0.067810 > 0.010000
[INFO]		 - interface Vmag mean primal residual failed. 0.051846 > 0.001000
[INFO]		 - interface PF max primal residual failed. 0.451606 > 0.010000
[INFO]		 - interface PF mean primal residual failed. 0.178049 > 0.001000
[INFO]		 - shared ESS max primal residual failed. 0.113717 > 0.100000
[INFO]		 - interface Vmag mean dual residual failed. 0.101737 > 0.010000
[INFO]		 - interface PF mean dual residual failed. 65.428028 > 0.010000
[INFO]		 - Recourse stationarity requires one previous successful cycle.
[ADMM RHO] V | primal max ratio=6.781 | primal mean ratio=51.846 | primal selected=51.846 | dual mean ratio=10.174 | increase threshold=5.0 | decrease threshold=5.0 | action=increased
[ADMM RHO] PF | primal max ratio=45.161 | primal mean ratio=178.049 | primal selected=178.049 | dual mean ratio=6542.803 | increase threshold=5.0 | decrease threshold=3.0 | action=decreased
[ADMM RHO] ESS | primal max ratio=1.137 | primal mean ratio=0.815 | primal selected=1.137 | dual mean ratio=0.263 | increase threshold=5.0 | decrease threshold=5.0 | action=held
[INFO]		 - ADMM cycle 1 | Primal (V max/mean | PF max/mean | ESS max/mean) = 0.067810/0.051846 | 0.451606/0.178049 | 0.113717/0.008148 | Dual (V max/mean | PF max/mean | ESS max/mean) = 0.150000/0.101737 | 218.209264/65.428028 | 0.029402/0.002634 | Recourse change = N/A (tol. N/A) | Stable cycles = 0/1 | Penalty actions (V/PF/ESS) = increased/decreased/held
[INFO] 	 - Iteration 1: 45.27 s
[INFO] 	 - ADMM Iteration 2
[INFO] 		 - Updating distribution networks:
[INFO] 			 - Running SMOPF, Network case33_1, 2025, Spring...
[INFO] 			 - Running SMOPF, Network case33_1, 2025, Summer...
[INFO] 			 - Running SMOPF, Network case33_1, 2025, Autumn...
[INFO] 			 - Running SMOPF, Network case33_1, 2025, Winter...
[INFO] 			 - Running SMOPF, Network case33_1, 2030, Spring...
[INFO] 			 - Running SMOPF, Network case33_1, 2030, Summer...
[INFO] 			 - Running SMOPF, Network case33_1, 2030, Autumn...
[WARNING] Network primary solve did not converge for case33_1, year=2030, day=Autumn: status=warning, termination=maxIterations, message=Ipopt 3.14.18\x3a Maximum Number of Iterations Exceeded. | warm_start=True
[WARNING] ADMM penalties for case33_1, year=2030, day=Autumn: rho_v=2.25, rho_pf=200, rho_ess=1
[WARNING] IPOPT primary solve log for case33_1, year=2030, day=Autumn: /Users/micaelsimoes/Projects/share-resource-planning-no_esso-degradation/data/SRP1/Results/P56A/evals/p515g1b_baseline/logs/optim_log_case33_1_2030_Autumn.log
[INFO] Retrying network solve once for case33_1, year=2030, day=Autumn, cold start, with warm_start_init_point=no.
[INFO] Network recovery solve succeeded for case33_1, year=2030, day=Autumn.
[INFO] 			 - Running SMOPF, Network case33_1, 2030, Winter...
[INFO] 			 - Running SMOPF, Network case33_1, 2035, Spring...
[INFO] 			 - Running SMOPF, Network case33_1, 2035, Summer...
[INFO] 			 - Running SMOPF, Network case33_1, 2035, Autumn...
[INFO] 			 - Running SMOPF, Network case33_1, 2035, Winter...
[INFO] 			 - Running SMOPF, Network case33_2, 2025, Spring...
[INFO] 			 - Running SMOPF, Network case33_2, 2025, Summer...
[INFO] 			 - Running SMOPF, Network case33_2, 2025, Autumn...
[INFO] 			 - Running SMOPF, Network case33_2, 2025, Winter...
[INFO] 			 - Running SMOPF, Network case33_2, 2030, Spring...
[INFO] 			 - Running SMOPF, Network case33_2, 2030, Summer...
[INFO] 			 - Running SMOPF, Network case33_2, 2030, Autumn...
[INFO] 			 - Running SMOPF, Network case33_2, 2030, Winter...
[INFO] 			 - Running SMOPF, Network case33_2, 2035, Spring...
[INFO] 			 - Running SMOPF, Network case33_2, 2035, Summer...
[INFO] 			 - Running SMOPF, Network case33_2, 2035, Autumn...
[INFO] 			 - Running SMOPF, Network case33_2, 2035, Winter...
[INFO] 			 - Running SMOPF, Network case33_3, 2025, Spring...
[INFO] 			 - Running SMOPF, Network case33_3, 2025, Summer...
[INFO] 			 - Running SMOPF, Network case33_3, 2025, Autumn...
[INFO] 			 - Running SMOPF, Network case33_3, 2025, Winter...
[INFO] 			 - Running SMOPF, Network case33_3, 2030, Spring...
[INFO] 			 - Running SMOPF, Network case33_3, 2030, Summer...
[WARNING] Network primary solve did not converge for case33_3, year=2030, day=Summer: status=warning, termination=maxIterations, message=Ipopt 3.14.18\x3a Maximum Number of Iterations Exceeded. | warm_start=True
[WARNING] ADMM penalties for case33_3, year=2030, day=Summer: rho_v=2.25, rho_pf=200, rho_ess=1
[WARNING] IPOPT primary solve log for case33_3, year=2030, day=Summer: /Users/micaelsimoes/Projects/share-resource-planning-no_esso-degradation/data/SRP1/Results/P56A/evals/p515g1b_baseline/logs/optim_log_case33_3_2030_Summer.log
[INFO] Retrying network solve once for case33_3, year=2030, day=Summer, cold start, with warm_start_init_point=no.
[INFO] Network recovery solve succeeded for case33_3, year=2030, day=Summer.
[INFO] 			 - Running SMOPF, Network case33_3, 2030, Autumn...
[INFO] 			 - Running SMOPF, Network case33_3, 2030, Winter...
[INFO] 			 - Running SMOPF, Network case33_3, 2035, Spring...
[INFO] 			 - Running SMOPF, Network case33_3, 2035, Summer...
[INFO] 			 - Running SMOPF, Network case33_3, 2035, Autumn...
[INFO] 			 - Running SMOPF, Network case33_3, 2035, Winter...
[INFO] 		 - Updating transmission network...
[INFO] 			 - Running SMOPF, Network case9, 2025, Spring...
[INFO] 			 - Running SMOPF, Network case9, 2025, Summer...
[INFO] 			 - Running SMOPF, Network case9, 2025, Autumn...
[INFO] 			 - Running SMOPF, Network case9, 2025, Winter...
[INFO] 			 - Running SMOPF, Network case9, 2030, Spring...
[INFO] 			 - Running SMOPF, Network case9, 2030, Summer...
[INFO] 			 - Running SMOPF, Network case9, 2030, Autumn...
[INFO] 			 - Running SMOPF, Network case9, 2030, Winter...
[INFO] 			 - Running SMOPF, Network case9, 2035, Spring...
[INFO] 			 - Running SMOPF, Network case9, 2035, Summer...
[INFO] 			 - Running SMOPF, Network case9, 2035, Autumn...
[INFO] 			 - Running SMOPF, Network case9, 2035, Winter...
[TSO PROX] cycle=2 | updated_blocks=12 | held_failed_blocks=0 | V max=0.003737 | PF max=0.188776 | ESS max=0.111083
[TSO PROX][V MAX] node=9, year=2030, day=Winter, period=8 | dV=1.289237 kV | normalized=0.003737
[TSO PROX][PF MAX] node=9, year=2025, day=Summer, period=20, type=Q | delta=28.316433 MVAr | normalized=0.188776
[TSO PROX][ESS MAX] node=9, year=2035, day=Summer, period=3, type=P | delta=0.215224 MW | normalized=0.111083
[INFO] 		 - Updating SharedESS...
[INFO] 		 - Running Shared ESS optimization (subproblem)...
[INFO] 			 - Node 5...
[INFO] Shared ESS complementarity diagnostics for ESS node=5: ratio_max=9.086536e-06 n_periods=288 mu_final=9.914989e-12 s_obj=1.000000e-01 eps=1.000000e-05 bound=2.855517e-03 measured=2.838768e-03
[INFO] 			 - Node 7...
[INFO] Shared ESS complementarity diagnostics for ESS node=7: ratio_max=9.296040e-06 n_periods=288 mu_final=9.982358e-12 s_obj=1.000000e-01 eps=1.000000e-05 bound=2.874919e-03 measured=2.840676e-03
[INFO] 			 - Node 9...
[INFO] Shared ESS complementarity diagnostics for ESS node=9: ratio_max=9.353329e-06 n_periods=288 mu_final=9.899340e-12 s_obj=1.000000e-01 eps=1.000000e-05 bound=2.851010e-03 measured=2.839248e-03
[DIAG][V MAX] node=5, year=2035, day=Spring, period=2 | TSO=361.408508 kV, DSO=373.352769 kV, diff=11.944261 kV, base=345.000000 kV, normalized=0.034621, rho(TSO/DSO)=2.250000/2.250000
[INFO]		 - interface Vmag max primal residual failed. 0.034621 > 0.010000
[INFO]		 - interface Vmag mean primal residual failed. 0.021279 > 0.001000
[INFO]		 - interface PF mean primal residual failed. 0.001554 > 0.001000
[INFO]		 - interface Vmag mean dual residual failed. 0.035613 > 0.010000
[INFO]		 - interface PF mean dual residual failed. 17.923815 > 0.010000
[RECOURSE JUMP] cycle=2 | abs_change=9.768394e+08 | tol=2.808929e+05 | signed_change=-9.768394e+08
[RECOURSE JUMP] Reconciliation | previous=2.808929e+09 | current=1.832089e+09 | block_delta=-9.768394e+08 | mismatch=-4.768372e-07
[RECOURSE JUMP] Aggregate signed changes:
  DSO node=7 | delta=-4.030810e+08
  TSO | delta=-2.855716e+08
  DSO node=9 | delta=-1.778443e+08
  DSO node=5 | delta=-1.103424e+08
  SALVAGE | delta=+2.248501e-52
[RECOURSE JUMP] Largest 10 block changes:
  DSO node=7 year=2035 day=Autumn | previous=6.446601e+07 | current=2.234634e+05 | delta=-6.424254e+07 | abs_delta=6.424254e+07
    [RECOURSE COMPONENTS] gen=+0.000000e+00 | flex=-1.891246e+07 | load_curt=+0.000000e+00 | res_curt=-3.067604e+03 | ess_usage=+0.000000e+00 | slacks=-4.527681e+07 | ess_comp=-5.020438e+04
    [SLACK COMPONENTS] voltage=-3.333251e+07 | node_P=+0.000000e+00 | node_Q=+0.000000e+00 | branch_ij=+0.000000e+00 | branch_ji=+0.000000e+00 | flex_P=-1.194429e+07 | flex_Q=+0.000000e+00
    [SLACK COMPONENT CHECK] classified_delta=-4.527681e+07 | objective_slack_delta=-4.527681e+07 | mismatch=+8.940697e-08
    [RECOURSE COMPONENT CHECK] classified_delta=-6.424254e+07 | block_delta=-6.424254e+07 | mismatch=+7.450581e-09
  TSO node=None year=2025 day=Autumn | previous=1.862596e+08 | current=1.298031e+08 | delta=-5.645646e+07 | abs_delta=5.645646e+07
    [RECOURSE JUMP][TSO PROX] year=2025 day=Autumn | V max=0.001221 | PF max=0.149632 | ESS max=0.058862
    [RECOURSE COMPONENTS] gen=-3.302560e+07 | flex=-2.341049e+07 | load_curt=+0.000000e+00 | res_curt=-0.000000e+00 | ess_usage=+0.000000e+00 | slacks=-2.237679e+01 | ess_comp=-2.034569e+04
    [SLACK COMPONENTS] voltage=-2.131123e+01 | node_P=+0.000000e+00 | node_Q=+0.000000e+00 | branch_ij=+0.000000e+00 | branch_ji=+0.000000e+00 | flex_P=-5.327806e-01 | flex_Q=-5.327806e-01
    [SLACK COMPONENT CHECK] classified_delta=-2.237679e+01 | objective_slack_delta=-2.237679e+01 | mismatch=-1.421085e-14
    [RECOURSE COMPONENT CHECK] classified_delta=-5.645646e+07 | block_delta=-5.645646e+07 | mismatch=+2.980232e-08
  TSO node=None year=2025 day=Winter | previous=1.944330e+08 | current=1.421534e+08 | delta=-5.227958e+07 | abs_delta=5.227958e+07
    [RECOURSE JUMP][TSO PROX] year=2025 day=Winter | V max=0.001671 | PF max=0.176579 | ESS max=0.053102
    [RECOURSE COMPONENTS] gen=-3.621487e+07 | flex=-1.606468e+07 | load_curt=+0.000000e+00 | res_curt=-0.000000e+00 | ess_usage=+0.000000e+00 | slacks=-2.561774e+01 | ess_comp=-1.778344e+00
    [SLACK COMPONENTS] voltage=-2.439785e+01 | node_P=+0.000000e+00 | node_Q=+0.000000e+00 | branch_ij=+0.000000e+00 | branch_ji=+0.000000e+00 | flex_P=-6.099461e-01 | flex_Q=-6.099461e-01
    [SLACK COMPONENT CHECK] classified_delta=-2.561774e+01 | objective_slack_delta=-2.561774e+01 | mismatch=-3.552714e-15
    [RECOURSE COMPONENT CHECK] classified_delta=-5.227958e+07 | block_delta=-5.227958e+07 | mismatch=+0.000000e+00
  DSO node=7 year=2030 day=Summer | previous=5.290916e+07 | current=3.188638e+06 | delta=-4.972052e+07 | abs_delta=4.972052e+07
    [RECOURSE COMPONENTS] gen=+0.000000e+00 | flex=-1.098710e+07 | load_curt=+0.000000e+00 | res_curt=+5.761169e+04 | ess_usage=+0.000000e+00 | slacks=-3.879104e+07 | ess_comp=-2.592258e-01
    [SLACK COMPONENTS] voltage=-2.560357e+07 | node_P=+0.000000e+00 | node_Q=+0.000000e+00 | branch_ij=+0.000000e+00 | branch_ji=+0.000000e+00 | flex_P=-1.318747e+07 | flex_Q=+1.464649e-09
    [SLACK COMPONENT CHECK] classified_delta=-3.879104e+07 | objective_slack_delta=-3.879104e+07 | mismatch=+7.450581e-08
    [RECOURSE COMPONENT CHECK] classified_delta=-4.972052e+07 | block_delta=-4.972052e+07 | mismatch=+7.450581e-09
  DSO node=7 year=2035 day=Spring | previous=4.704696e+07 | current=2.274030e+06 | delta=-4.477293e+07 | abs_delta=4.477293e+07
    [RECOURSE COMPONENTS] gen=+0.000000e+00 | flex=-1.262515e+07 | load_curt=+0.000000e+00 | res_curt=+6.316033e+04 | ess_usage=+0.000000e+00 | slacks=-3.218662e+07 | ess_comp=-2.432600e+04
    [SLACK COMPONENTS] voltage=-2.011108e+07 | node_P=+0.000000e+00 | node_Q=+0.000000e+00 | branch_ij=+0.000000e+00 | branch_ji=+0.000000e+00 | flex_P=-1.207555e+07 | flex_Q=+5.723263e+00
    [SLACK COMPONENT CHECK] classified_delta=-3.218662e+07 | objective_slack_delta=-3.218662e+07 | mismatch=+3.725290e-08
    [RECOURSE COMPONENT CHECK] classified_delta=-4.477293e+07 | block_delta=-4.477293e+07 | mismatch=-7.450581e-09
  DSO node=7 year=2035 day=Winter | previous=4.338458e+07 | current=1.263611e+05 | delta=-4.325822e+07 | abs_delta=4.325822e+07
    [RECOURSE COMPONENTS] gen=+0.000000e+00 | flex=-1.181459e+07 | load_curt=+0.000000e+00 | res_curt=-6.705184e+03 | ess_usage=+0.000000e+00 | slacks=-3.142284e+07 | ess_comp=-1.409003e+04
    [SLACK COMPONENTS] voltage=-1.947854e+07 | node_P=+0.000000e+00 | node_Q=+0.000000e+00 | branch_ij=+0.000000e+00 | branch_ji=+0.000000e+00 | flex_P=-1.194429e+07 | flex_Q=-8.766321e-11
    [SLACK COMPONENT CHECK] classified_delta=-3.142284e+07 | objective_slack_delta=-3.142284e+07 | mismatch=+4.097819e-08
    [RECOURSE COMPONENT CHECK] classified_delta=-4.325822e+07 | block_delta=-4.325822e+07 | mismatch=+0.000000e+00
  DSO node=7 year=2030 day=Autumn | previous=4.331560e+07 | current=7.333322e+04 | delta=-4.324227e+07 | abs_delta=4.324227e+07
    [RECOURSE COMPONENTS] gen=+0.000000e+00 | flex=-1.640616e+07 | load_curt=+0.000000e+00 | res_curt=-1.225977e+04 | ess_usage=+0.000000e+00 | slacks=-2.682385e+07 | ess_comp=-1.037907e-01
    [SLACK COMPONENTS] voltage=-1.363638e+07 | node_P=+0.000000e+00 | node_Q=+0.000000e+00 | branch_ij=+0.000000e+00 | branch_ji=+0.000000e+00 | flex_P=-1.318747e+07 | flex_Q=+6.718636e-09
    [SLACK COMPONENT CHECK] classified_delta=-2.682385e+07 | objective_slack_delta=-2.682385e+07 | mismatch=-7.450581e-09
    [RECOURSE COMPONENT CHECK] classified_delta=-4.324227e+07 | block_delta=-4.324227e+07 | mismatch=+0.000000e+00
  TSO node=None year=2025 day=Spring | previous=1.830473e+08 | current=1.465285e+08 | delta=-3.651873e+07 | abs_delta=3.651873e+07
    [RECOURSE JUMP][TSO PROX] year=2025 day=Spring | V max=0.002494 | PF max=0.183629 | ESS max=0.058619
    [RECOURSE COMPONENTS] gen=-1.926397e+07 | flex=-1.725472e+07 | load_curt=+0.000000e+00 | res_curt=+0.000000e+00 | ess_usage=+0.000000e+00 | slacks=-3.117281e+01 | ess_comp=-3.303262e+00
    [SLACK COMPONENTS] voltage=-2.968839e+01 | node_P=+0.000000e+00 | node_Q=+0.000000e+00 | branch_ij=+0.000000e+00 | branch_ji=+0.000000e+00 | flex_P=-7.422096e-01 | flex_Q=-7.422096e-01
    [SLACK COMPONENT CHECK] classified_delta=-3.117281e+01 | objective_slack_delta=-3.117281e+01 | mismatch=+1.065814e-14
    [RECOURSE COMPONENT CHECK] classified_delta=-3.651873e+07 | block_delta=-3.651873e+07 | mismatch=-3.725290e-08
  DSO node=5 year=2035 day=Summer | previous=4.230147e+07 | current=6.007966e+06 | delta=-3.629351e+07 | abs_delta=3.629351e+07
    [RECOURSE COMPONENTS] gen=+0.000000e+00 | flex=-9.323045e+06 | load_curt=+0.000000e+00 | res_curt=+1.204418e+05 | ess_usage=+0.000000e+00 | slacks=-2.704097e+07 | ess_comp=-4.993185e+04
    [SLACK COMPONENTS] voltage=-1.509668e+07 | node_P=+0.000000e+00 | node_Q=+0.000000e+00 | branch_ij=+0.000000e+00 | branch_ji=+0.000000e+00 | flex_P=-1.194429e+07 | flex_Q=+1.823700e+00
    [SLACK COMPONENT CHECK] classified_delta=-2.704097e+07 | objective_slack_delta=-2.704097e+07 | mismatch=+7.450581e-09
    [RECOURSE COMPONENT CHECK] classified_delta=-3.629351e+07 | block_delta=-3.629351e+07 | mismatch=+0.000000e+00
  DSO node=9 year=2030 day=Autumn | previous=3.287843e+07 | current=1.782408e+06 | delta=-3.109602e+07 | abs_delta=3.109602e+07
    [RECOURSE COMPONENTS] gen=+0.000000e+00 | flex=-1.553513e+07 | load_curt=+0.000000e+00 | res_curt=+6.086190e+04 | ess_usage=+0.000000e+00 | slacks=-1.562175e+07 | ess_comp=-6.186557e-01
    [SLACK COMPONENTS] voltage=-2.434276e+06 | node_P=+0.000000e+00 | node_Q=+0.000000e+00 | branch_ij=+0.000000e+00 | branch_ji=+0.000000e+00 | flex_P=-1.318747e+07 | flex_Q=-9.394063e+00
    [SLACK COMPONENT CHECK] classified_delta=-1.562175e+07 | objective_slack_delta=-1.562175e+07 | mismatch=-1.490116e-08
    [RECOURSE COMPONENT CHECK] classified_delta=-3.109602e+07 | block_delta=-3.109602e+07 | mismatch=+3.725290e-09
[INFO]		 - Recourse stationarity failed. 976839409.227537 > 280892.872358
[ADMM RHO] V | primal max ratio=3.462 | primal mean ratio=21.279 | primal selected=21.279 | dual mean ratio=3.561 | increase threshold=5.0 | decrease threshold=5.0 | action=increased
[ADMM RHO] PF | primal max ratio=0.356 | primal mean ratio=1.554 | primal selected=1.554 | dual mean ratio=1792.382 | increase threshold=5.0 | decrease threshold=3.0 | action=decreased
[ADMM RHO] ESS | primal max ratio=0.234 | primal mean ratio=0.150 | primal selected=0.234 | dual mean ratio=0.197 | increase threshold=5.0 | decrease threshold=5.0 | action=held
[INFO]		 - ADMM cycle 2 | Primal (V max/mean | PF max/mean | ESS max/mean) = 0.034621/0.021279 | 0.003563/0.001554 | 0.023419/0.001503 | Dual (V max/mean | PF max/mean | ESS max/mean) = 0.112156/0.035613 | 89.648890/17.923815 | 0.019639/0.001973 | Recourse change = 976839409.227537 (tol. 280892.872358) | Stable cycles = 0/1 | Penalty actions (V/PF/ESS) = increased/decreased/held
[INFO] 	 - Iteration 2: 58.39 s
[INFO] 	 - ADMM Iteration 3
[INFO] 		 - Updating distribution networks:
[INFO] 			 - Running SMOPF, Network case33_1, 2025, Spring...
[INFO] 			 - Running SMOPF, Network case33_1, 2025, Summer...
[INFO] 			 - Running SMOPF, Network case33_1, 2025, Autumn...
[INFO] 			 - Running SMOPF, Network case33_1, 2025, Winter...
[INFO] 			 - Running SMOPF, Network case33_1, 2030, Spring...
[INFO] 			 - Running SMOPF, Network case33_1, 2030, Summer...
[INFO] 			 - Running SMOPF, Network case33_1, 2030, Autumn...
[INFO] 			 - Running SMOPF, Network case33_1, 2030, Winter...
[INFO] 			 - Running SMOPF, Network case33_1, 2035, Spring...
[INFO] 			 - Running SMOPF, Network case33_1, 2035, Summer...
[INFO] 			 - Running SMOPF, Network case33_1, 2035, Autumn...
[INFO] 			 - Running SMOPF, Network case33_1, 2035, Winter...
[INFO] 			 - Running SMOPF, Network case33_2, 2025, Spring...
[INFO] 			 - Running SMOPF, Network case33_2, 2025, Summer...
[INFO] 			 - Running SMOPF, Network case33_2, 2025, Autumn...
[INFO] 			 - Running SMOPF, Network case33_2, 2025, Winter...
[INFO] 			 - Running SMOPF, Network case33_2, 2030, Spring...
[INFO] 			 - Running SMOPF, Network case33_2, 2030, Summer...
[INFO] 			 - Running SMOPF, Network case33_2, 2030, Autumn...
[INFO] 			 - Running SMOPF, Network case33_2, 2030, Winter...
[INFO] 			 - Running SMOPF, Network case33_2, 2035, Spring...
[INFO] 			 - Running SMOPF, Network case33_2, 2035, Summer...
[INFO] 			 - Running SMOPF, Network case33_2, 2035, Autumn...
[INFO] 			 - Running SMOPF, Network case33_2, 2035, Winter...
[INFO] 			 - Running SMOPF, Network case33_3, 2025, Spring...
[INFO] 			 - Running SMOPF, Network case33_3, 2025, Summer...
[INFO] 			 - Running SMOPF, Network case33_3, 2025, Autumn...
[INFO] 			 - Running SMOPF, Network case33_3, 2025, Winter...
[INFO] 			 - Running SMOPF, Network case33_3, 2030, Spring...
[INFO] 			 - Running SMOPF, Network case33_3, 2030, Summer...
[INFO] 			 - Running SMOPF, Network case33_3, 2030, Autumn...
[INFO] 			 - Running SMOPF, Network case33_3, 2030, Winter...
[INFO] 			 - Running SMOPF, Network case33_3, 2035, Spring...
[INFO] 			 - Running SMOPF, Network case33_3, 2035, Summer...
[INFO] 			 - Running SMOPF, Network case33_3, 2035, Autumn...
[INFO] 			 - Running SMOPF, Network case33_3, 2035, Winter...
[INFO] 		 - Updating transmission network...
[INFO] 			 - Running SMOPF, Network case9, 2025, Spring...
[INFO] 			 - Running SMOPF, Network case9, 2025, Summer...
[INFO] 			 - Running SMOPF, Network case9, 2025, Autumn...
[WARNING] Network primary solve did not converge for case9, year=2025, day=Autumn: status=warning, termination=maxIterations, message=Ipopt 3.14.18\x3a Maximum Number of Iterations Exceeded. | warm_start=True
[WARNING] ADMM penalties for case9, year=2025, day=Autumn: rho_v=3.375, rho_pf=133.333, rho_ess=1
[WARNING] IPOPT primary solve log for case9, year=2025, day=Autumn: /Users/micaelsimoes/Projects/share-resource-planning-no_esso-degradation/data/SRP1/Results/P56A/evals/p515g1b_baseline/logs/optim_log_case9_2025_Autumn.log
[INFO] Retrying network solve once for case9, year=2025, day=Autumn, cold start, with acceptable_iter=1, acceptable_tol=0.0001, warm_start_init_point=no.
[INFO] Network recovery solve succeeded for case9, year=2025, day=Autumn.
[INFO] 			 - Running SMOPF, Network case9, 2025, Winter...
[INFO] 			 - Running SMOPF, Network case9, 2030, Spring...
[INFO] 			 - Running SMOPF, Network case9, 2030, Summer...
[INFO] 			 - Running SMOPF, Network case9, 2030, Autumn...
[INFO] 			 - Running SMOPF, Network case9, 2030, Winter...
[INFO] 			 - Running SMOPF, Network case9, 2035, Spring...
[INFO] 			 - Running SMOPF, Network case9, 2035, Summer...
[INFO] 			 - Running SMOPF, Network case9, 2035, Autumn...
[INFO] 			 - Running SMOPF, Network case9, 2035, Winter...
[TSO PROX] cycle=3 | updated_blocks=12 | held_failed_blocks=0 | V max=0.001489 | PF max=0.015496 | ESS max=0.054334
[TSO PROX][V MAX] node=9, year=2025, day=Summer, period=11 | dV=0.513680 kV | normalized=0.001489
[TSO PROX][PF MAX] node=9, year=2025, day=Winter, period=7, type=Q | delta=2.324466 MVAr | normalized=0.015496
[TSO PROX][ESS MAX] node=7, year=2030, day=Autumn, period=1, type=P | delta=0.105273 MW | normalized=0.054334
[INFO] 		 - Updating SharedESS...
[INFO] 		 - Running Shared ESS optimization (subproblem)...
[INFO] 			 - Node 5...
[INFO] Shared ESS complementarity diagnostics for ESS node=5: ratio_max=9.285203e-06 n_periods=288 mu_final=9.897500e-12 s_obj=1.000000e-01 eps=1.000000e-05 bound=2.850480e-03 measured=2.751140e-03
[INFO] 			 - Node 7...
[INFO] Shared ESS complementarity diagnostics for ESS node=7: ratio_max=9.040335e-06 n_periods=288 mu_final=9.944616e-12 s_obj=1.000000e-01 eps=1.000000e-05 bound=2.864050e-03 measured=2.754919e-03
[INFO] 			 - Node 9...
[INFO] Shared ESS complementarity diagnostics for ESS node=9: ratio_max=9.151026e-06 n_periods=288 mu_final=9.855895e-12 s_obj=1.000000e-01 eps=1.000000e-05 bound=2.838498e-03 measured=2.737928e-03
[INFO]		 - Primal residuals ok!
[INFO]		 - interface Vmag mean dual residual failed. 0.036518 > 0.010000
[INFO]		 - interface PF mean dual residual failed. 0.365347 > 0.010000
[RECOURSE JUMP] cycle=3 | abs_change=3.317723e+08 | tol=1.832089e+05 | signed_change=-3.317723e+08
[RECOURSE JUMP] Reconciliation | previous=1.832089e+09 | current=1.500317e+09 | block_delta=-3.317723e+08 | mismatch=-2.384186e-07
[RECOURSE JUMP] Aggregate signed changes:
  DSO node=5 | delta=-1.692869e+08
  DSO node=9 | delta=-1.150942e+08
  TSO | delta=-2.935876e+07
  DSO node=7 | delta=-1.803241e+07
  SALVAGE | delta=-2.248501e-52
[RECOURSE JUMP] Largest 10 block changes:
  DSO node=5 year=2025 day=Summer | previous=2.211975e+07 | current=1.638868e+06 | delta=-2.048088e+07 | abs_delta=2.048088e+07
    [RECOURSE COMPONENTS] gen=+0.000000e+00 | flex=-5.932305e+06 | load_curt=+0.000000e+00 | res_curt=+1.149297e+04 | ess_usage=+0.000000e+00 | slacks=-1.456006e+07 | ess_comp=-3.255695e-01
    [SLACK COMPONENTS] voltage=-3.463759e+01 | node_P=+0.000000e+00 | node_Q=+0.000000e+00 | branch_ij=+0.000000e+00 | branch_ji=+0.000000e+00 | flex_P=-1.456003e+07 | flex_Q=-1.439439e+00
    [SLACK COMPONENT CHECK] classified_delta=-1.456006e+07 | objective_slack_delta=-1.456006e+07 | mismatch=+9.313226e-09
    [RECOURSE COMPONENT CHECK] classified_delta=-2.048088e+07 | block_delta=-2.048088e+07 | mismatch=+3.725290e-09
  DSO node=5 year=2025 day=Spring | previous=2.153411e+07 | current=1.539546e+06 | delta=-1.999457e+07 | abs_delta=1.999457e+07
    [RECOURSE COMPONENTS] gen=+0.000000e+00 | flex=-5.285307e+06 | load_curt=+0.000000e+00 | res_curt=+1.080444e+04 | ess_usage=+0.000000e+00 | slacks=-1.472006e+07 | ess_comp=-1.945330e-01
    [SLACK COMPONENTS] voltage=-3.247020e+01 | node_P=+0.000000e+00 | node_Q=+0.000000e+00 | branch_ij=+0.000000e+00 | branch_ji=+0.000000e+00 | flex_P=-1.472003e+07 | flex_Q=-1.348887e+00
    [SLACK COMPONENT CHECK] classified_delta=-1.472006e+07 | objective_slack_delta=-1.472006e+07 | mismatch=+7.450581e-09
    [RECOURSE COMPONENT CHECK] classified_delta=-1.999457e+07 | block_delta=-1.999457e+07 | mismatch=+0.000000e+00
  DSO node=9 year=2025 day=Autumn | previous=2.221854e+07 | current=2.735338e+06 | delta=-1.948320e+07 | abs_delta=1.948320e+07
    [RECOURSE COMPONENTS] gen=+0.000000e+00 | flex=-4.931170e+06 | load_curt=+0.000000e+00 | res_curt=+7.996586e+03 | ess_usage=+0.000000e+00 | slacks=-1.456003e+07 | ess_comp=+9.404517e-02
    [SLACK COMPONENTS] voltage=-1.532220e-02 | node_P=+0.000000e+00 | node_Q=+0.000000e+00 | branch_ij=+0.000000e+00 | branch_ji=+0.000000e+00 | flex_P=-1.456003e+07 | flex_Q=+5.945324e-10
    [SLACK COMPONENT CHECK] classified_delta=-1.456003e+07 | objective_slack_delta=-1.456003e+07 | mismatch=-7.450581e-09
    [RECOURSE COMPONENT CHECK] classified_delta=-1.948320e+07 | block_delta=-1.948320e+07 | mismatch=+0.000000e+00
  DSO node=5 year=2025 day=Autumn | previous=2.273037e+07 | current=3.791323e+06 | delta=-1.893904e+07 | abs_delta=1.893904e+07
    [RECOURSE COMPONENTS] gen=+0.000000e+00 | flex=-4.388357e+06 | load_curt=+0.000000e+00 | res_curt=+9.375780e+03 | ess_usage=+0.000000e+00 | slacks=-1.456006e+07 | ess_comp=-1.871047e-01
    [SLACK COMPONENTS] voltage=-3.228436e+01 | node_P=+0.000000e+00 | node_Q=+0.000000e+00 | branch_ij=+0.000000e+00 | branch_ji=+0.000000e+00 | flex_P=-1.456003e+07 | flex_Q=-1.342880e+00
    [SLACK COMPONENT CHECK] classified_delta=-1.456006e+07 | objective_slack_delta=-1.456006e+07 | mismatch=+1.862645e-09
    [RECOURSE COMPONENT CHECK] classified_delta=-1.893904e+07 | block_delta=-1.893904e+07 | mismatch=+0.000000e+00
  DSO node=9 year=2025 day=Summer | previous=2.244316e+07 | current=3.594743e+06 | delta=-1.884842e+07 | abs_delta=1.884842e+07
    [RECOURSE COMPONENTS] gen=+0.000000e+00 | flex=-4.294040e+06 | load_curt=+0.000000e+00 | res_curt=+5.647420e+03 | ess_usage=+0.000000e+00 | slacks=-1.456003e+07 | ess_comp=+6.560703e-03
    [SLACK COMPONENTS] voltage=-2.211418e-02 | node_P=+0.000000e+00 | node_Q=+0.000000e+00 | branch_ij=+0.000000e+00 | branch_ji=+0.000000e+00 | flex_P=-1.456003e+07 | flex_Q=-6.497455e-09
    [SLACK COMPONENT CHECK] classified_delta=-1.456003e+07 | objective_slack_delta=-1.456003e+07 | mismatch=-5.587935e-09
    [RECOURSE COMPONENT CHECK] classified_delta=-1.884842e+07 | block_delta=-1.884842e+07 | mismatch=-3.725290e-09
  DSO node=9 year=2025 day=Spring | previous=2.122625e+07 | current=2.572041e+06 | delta=-1.865421e+07 | abs_delta=1.865421e+07
    [RECOURSE COMPONENTS] gen=+0.000000e+00 | flex=-3.940420e+06 | load_curt=+0.000000e+00 | res_curt=+6.235214e+03 | ess_usage=+0.000000e+00 | slacks=-1.472003e+07 | ess_comp=+1.528866e-02
    [SLACK COMPONENTS] voltage=-1.507127e-02 | node_P=+0.000000e+00 | node_Q=+0.000000e+00 | branch_ij=+0.000000e+00 | branch_ji=+0.000000e+00 | flex_P=-1.472003e+07 | flex_Q=+7.733746e-09
    [SLACK COMPONENT CHECK] classified_delta=-1.472003e+07 | objective_slack_delta=-1.472003e+07 | mismatch=-5.587935e-09
    [RECOURSE COMPONENT CHECK] classified_delta=-1.865421e+07 | block_delta=-1.865421e+07 | mismatch=+0.000000e+00
  DSO node=5 year=2030 day=Spring | previous=1.928655e+07 | current=1.773033e+06 | delta=-1.751352e+07 | abs_delta=1.751352e+07
    [RECOURSE COMPONENTS] gen=+0.000000e+00 | flex=-4.192040e+06 | load_curt=+0.000000e+00 | res_curt=+1.094395e+04 | ess_usage=+0.000000e+00 | slacks=-1.333242e+07 | ess_comp=-1.585443e-01
    [SLACK COMPONENTS] voltage=-3.702831e+01 | node_P=+0.000000e+00 | node_Q=+0.000000e+00 | branch_ij=+0.000000e+00 | branch_ji=+0.000000e+00 | flex_P=-1.333238e+07 | flex_Q=-1.540138e+00
    [SLACK COMPONENT CHECK] classified_delta=-1.333242e+07 | objective_slack_delta=-1.333242e+07 | mismatch=-9.313226e-09
    [RECOURSE COMPONENT CHECK] classified_delta=-1.751352e+07 | block_delta=-1.751352e+07 | mismatch=+0.000000e+00
  DSO node=9 year=2025 day=Winter | previous=2.177867e+07 | current=5.242043e+06 | delta=-1.653663e+07 | abs_delta=1.653663e+07
    [RECOURSE COMPONENTS] gen=+0.000000e+00 | flex=-3.360533e+06 | load_curt=+0.000000e+00 | res_curt=+3.004960e+03 | ess_usage=+0.000000e+00 | slacks=-1.317910e+07 | ess_comp=-1.195654e-02
    [SLACK COMPONENTS] voltage=-3.634283e-02 | node_P=+0.000000e+00 | node_Q=+0.000000e+00 | branch_ij=+0.000000e+00 | branch_ji=+0.000000e+00 | flex_P=-1.317910e+07 | flex_Q=-4.492517e-09
    [SLACK COMPONENT CHECK] classified_delta=-1.317910e+07 | objective_slack_delta=-1.317910e+07 | mismatch=-3.725290e-09
    [RECOURSE COMPONENT CHECK] classified_delta=-1.653663e+07 | block_delta=-1.653663e+07 | mismatch=-3.725290e-09
  DSO node=5 year=2025 day=Winter | previous=1.898858e+07 | current=2.850464e+06 | delta=-1.613812e+07 | abs_delta=1.613812e+07
    [RECOURSE COMPONENTS] gen=+0.000000e+00 | flex=-1.587979e+06 | load_curt=+0.000000e+00 | res_curt=+9.927988e+03 | ess_usage=+0.000000e+00 | slacks=-1.456007e+07 | ess_comp=-2.472555e-01
    [SLACK COMPONENTS] voltage=-3.565360e+01 | node_P=+0.000000e+00 | node_Q=+0.000000e+00 | branch_ij=+0.000000e+00 | branch_ji=+0.000000e+00 | flex_P=-1.456003e+07 | flex_Q=-1.483658e+00
    [SLACK COMPONENT CHECK] classified_delta=-1.456007e+07 | objective_slack_delta=-1.456007e+07 | mismatch=-1.303852e-08
    [RECOURSE COMPONENT CHECK] classified_delta=-1.613812e+07 | block_delta=-1.613812e+07 | mismatch=+0.000000e+00
  DSO node=9 year=2030 day=Spring | previous=1.667819e+07 | current=1.360484e+06 | delta=-1.531771e+07 | abs_delta=1.531771e+07
    [RECOURSE COMPONENTS] gen=+0.000000e+00 | flex=-1.992176e+06 | load_curt=+0.000000e+00 | res_curt=+6.848698e+03 | ess_usage=+0.000000e+00 | slacks=-1.333238e+07 | ess_comp=-9.764867e-03
    [SLACK COMPONENTS] voltage=-3.174821e-03 | node_P=+0.000000e+00 | node_Q=+0.000000e+00 | branch_ij=+0.000000e+00 | branch_ji=+0.000000e+00 | flex_P=-1.333238e+07 | flex_Q=-2.626688e-09
    [SLACK COMPONENT CHECK] classified_delta=-1.333238e+07 | objective_slack_delta=-1.333238e+07 | mismatch=-9.313226e-09
    [RECOURSE COMPONENT CHECK] classified_delta=-1.531771e+07 | block_delta=-1.531771e+07 | mismatch=+0.000000e+00
[INFO]		 - Recourse stationarity failed. 331772347.905712 > 183208.931435
[ADMM RHO] V | primal max ratio=0.114 | primal mean ratio=0.203 | primal selected=0.203 | dual mean ratio=3.652 | increase threshold=5.0 | decrease threshold=5.0 | action=decreased
[ADMM RHO] PF | primal max ratio=0.135 | primal mean ratio=0.218 | primal selected=0.218 | dual mean ratio=36.535 | increase threshold=5.0 | decrease threshold=3.0 | action=decreased
[ADMM RHO] ESS | primal max ratio=0.561 | primal mean ratio=0.337 | primal selected=0.561 | dual mean ratio=0.075 | increase threshold=5.0 | decrease threshold=5.0 | action=held
[INFO]		 - ADMM cycle 3 | Primal (V max/mean | PF max/mean | ESS max/mean) = 0.001136/0.000203 | 0.001352/0.000218 | 0.056117/0.003374 | Dual (V max/mean | PF max/mean | ESS max/mean) = 0.121848/0.036518 | 2.066192/0.365347 | 0.018954/0.000755 | Recourse change = 331772347.905712 (tol. 183208.931435) | Stable cycles = 0/1 | Penalty actions (V/PF/ESS) = decreased/decreased/held
[INFO] 	 - Iteration 3: 41.01 s
[INFO] 	 - ADMM Iteration 4
[INFO] 		 - Updating distribution networks:
[INFO] 			 - Running SMOPF, Network case33_1, 2025, Spring...
[INFO] 			 - Running SMOPF, Network case33_1, 2025, Summer...
[INFO] 			 - Running SMOPF, Network case33_1, 2025, Autumn...
[INFO] 			 - Running SMOPF, Network case33_1, 2025, Winter...
[INFO] 			 - Running SMOPF, Network case33_1, 2030, Spring...
[INFO] 			 - Running SMOPF, Network case33_1, 2030, Summer...
[INFO] 			 - Running SMOPF, Network case33_1, 2030, Autumn...
[INFO] 			 - Running SMOPF, Network case33_1, 2030, Winter...
[INFO] 			 - Running SMOPF, Network case33_1, 2035, Spring...
[INFO] 			 - Running SMOPF, Network case33_1, 2035, Summer...
[INFO] 			 - Running SMOPF, Network case33_1, 2035, Autumn...
[INFO] 			 - Running SMOPF, Network case33_1, 2035, Winter...
[INFO] 			 - Running SMOPF, Network case33_2, 2025, Spring...
[INFO] 			 - Running SMOPF, Network case33_2, 2025, Summer...
[INFO] 			 - Running SMOPF, Network case33_2, 2025, Autumn...
[INFO] 			 - Running SMOPF, Network case33_2, 2025, Winter...
[INFO] 			 - Running SMOPF, Network case33_2, 2030, Spring...
[INFO] 			 - Running SMOPF, Network case33_2, 2030, Summer...
[INFO] 			 - Running SMOPF, Network case33_2, 2030, Autumn...
[INFO] 			 - Running SMOPF, Network case33_2, 2030, Winter...
[INFO] 			 - Running SMOPF, Network case33_2, 2035, Spring...
[INFO] 			 - Running SMOPF, Network case33_2, 2035, Summer...
[INFO] 			 - Running SMOPF, Network case33_2, 2035, Autumn...
[INFO] 			 - Running SMOPF, Network case33_2, 2035, Winter...
[INFO] 			 - Running SMOPF, Network case33_3, 2025, Spring...
[INFO] 			 - Running SMOPF, Network case33_3, 2025, Summer...
[INFO] 			 - Running SMOPF, Network case33_3, 2025, Autumn...
[INFO] 			 - Running SMOPF, Network case33_3, 2025, Winter...
[INFO] 			 - Running SMOPF, Network case33_3, 2030, Spring...
[INFO] 			 - Running SMOPF, Network case33_3, 2030, Summer...
[INFO] 			 - Running SMOPF, Network case33_3, 2030, Autumn...
[INFO] 			 - Running SMOPF, Network case33_3, 2030, Winter...
[INFO] 			 - Running SMOPF, Network case33_3, 2035, Spring...
[INFO] 			 - Running SMOPF, Network case33_3, 2035, Summer...
[INFO] 			 - Running SMOPF, Network case33_3, 2035, Autumn...
[INFO] 			 - Running SMOPF, Network case33_3, 2035, Winter...
[INFO] 		 - Updating transmission network...
[INFO] 			 - Running SMOPF, Network case9, 2025, Spring...
[INFO] 			 - Running SMOPF, Network case9, 2025, Summer...
[INFO] 			 - Running SMOPF, Network case9, 2025, Autumn...
[INFO] 			 - Running SMOPF, Network case9, 2025, Winter...
[INFO] 			 - Running SMOPF, Network case9, 2030, Spring...
[INFO] 			 - Running SMOPF, Network case9, 2030, Summer...
[INFO] 			 - Running SMOPF, Network case9, 2030, Autumn...
[INFO] 			 - Running SMOPF, Network case9, 2030, Winter...
[INFO] 			 - Running SMOPF, Network case9, 2035, Spring...
[INFO] 			 - Running SMOPF, Network case9, 2035, Summer...
[INFO] 			 - Running SMOPF, Network case9, 2035, Autumn...
[INFO] 			 - Running SMOPF, Network case9, 2035, Winter...
[TSO PROX] cycle=4 | updated_blocks=12 | held_failed_blocks=0 | V max=0.001626 | PF max=0.004883 | ESS max=0.013102
[TSO PROX][V MAX] node=7, year=2030, day=Autumn, period=5 | dV=0.561055 kV | normalized=0.001626
[TSO PROX][PF MAX] node=5, year=2035, day=Spring, period=23, type=P | delta=0.976541 MW | normalized=0.004883
[TSO PROX][ESS MAX] node=5, year=2025, day=Autumn, period=1, type=P | delta=0.025385 MW | normalized=0.013102
[INFO] 		 - Updating SharedESS...
[INFO] 		 - Running Shared ESS optimization (subproblem)...
[INFO] 			 - Node 5...
[INFO] Shared ESS complementarity diagnostics for ESS node=5: ratio_max=8.835678e-06 n_periods=288 mu_final=9.959421e-12 s_obj=1.000000e-01 eps=1.000000e-05 bound=2.868313e-03 measured=2.698415e-03
[INFO] 			 - Node 7...
[INFO] Shared ESS complementarity diagnostics for ESS node=7: ratio_max=8.955654e-06 n_periods=288 mu_final=9.915881e-12 s_obj=1.000000e-01 eps=1.000000e-05 bound=2.855774e-03 measured=2.698042e-03
[INFO] 			 - Node 9...
[INFO] Shared ESS complementarity diagnostics for ESS node=9: ratio_max=8.854808e-06 n_periods=288 mu_final=9.961370e-12 s_obj=1.000000e-01 eps=1.000000e-05 bound=2.868875e-03 measured=2.698722e-03
[INFO]		 - Primal residuals ok!
[INFO]		 - interface PF mean dual residual failed. 0.141710 > 0.010000
[RECOURSE JUMP] cycle=4 | abs_change=3.254452e+07 | tol=1.500317e+05 | signed_change=-3.254452e+07
[RECOURSE JUMP] Reconciliation | previous=1.500317e+09 | current=1.467772e+09 | block_delta=-3.254452e+07 | mismatch=+1.192093e-06
[RECOURSE JUMP] Aggregate signed changes:
  TSO | delta=-1.610646e+07
  DSO node=9 | delta=-8.310513e+06
  DSO node=5 | delta=-7.714397e+06
  DSO node=7 | delta=-4.131507e+05
  SALVAGE | delta=+8.994004e-51
[RECOURSE JUMP] Largest 10 block changes:
  DSO node=9 year=2025 day=Winter | previous=5.242043e+06 | current=1.229659e+06 | delta=-4.012384e+06 | abs_delta=4.012384e+06
    [RECOURSE COMPONENTS] gen=+0.000000e+00 | flex=-2.628710e+06 | load_curt=+0.000000e+00 | res_curt=-2.745762e+03 | ess_usage=+0.000000e+00 | slacks=-1.380928e+06 | ess_comp=+6.745640e-03
    [SLACK COMPONENTS] voltage=-3.641454e-03 | node_P=+0.000000e+00 | node_Q=+0.000000e+00 | branch_ij=+0.000000e+00 | branch_ji=+0.000000e+00 | flex_P=-1.380928e+06 | flex_Q=+0.000000e+00
    [SLACK COMPONENT CHECK] classified_delta=-1.380928e+06 | objective_slack_delta=-1.380928e+06 | mismatch=+0.000000e+00
    [RECOURSE COMPONENT CHECK] classified_delta=-4.012384e+06 | block_delta=-4.012384e+06 | mismatch=+4.656613e-10
  TSO node=None year=2025 day=Winter | previous=1.383691e+08 | current=1.367939e+08 | delta=-1.575150e+06 | abs_delta=1.575150e+06
    [RECOURSE JUMP][TSO PROX] year=2025 day=Winter | V max=0.000534 | PF max=0.004458 | ESS max=0.011782
    [RECOURSE COMPONENTS] gen=-1.475391e+06 | flex=-9.975923e+04 | load_curt=+0.000000e+00 | res_curt=+0.000000e+00 | ess_usage=+0.000000e+00 | slacks=-2.429745e-08 | ess_comp=-5.451064e-03
    [SLACK COMPONENTS] voltage=-1.610361e-08 | node_P=+0.000000e+00 | node_Q=+0.000000e+00 | branch_ij=+0.000000e+00 | branch_ji=+0.000000e+00 | flex_P=-4.096921e-09 | flex_Q=-4.096921e-09
    [SLACK COMPONENT CHECK] classified_delta=-2.429745e-08 | objective_slack_delta=-2.429745e-08 | mismatch=-4.440892e-15
    [RECOURSE COMPONENT CHECK] classified_delta=-1.575150e+06 | block_delta=-1.575150e+06 | mismatch=+3.958121e-09
  DSO node=9 year=2025 day=Spring | previous=2.572041e+06 | current=1.069977e+06 | delta=-1.502064e+06 | abs_delta=1.502064e+06
    [RECOURSE COMPONENTS] gen=+0.000000e+00 | flex=-1.500242e+06 | load_curt=+0.000000e+00 | res_curt=-1.821398e+03 | ess_usage=+0.000000e+00 | slacks=-1.561978e-01 | ess_comp=-2.176926e-02
    [SLACK COMPONENTS] voltage=-1.538708e-03 | node_P=+0.000000e+00 | node_Q=+0.000000e+00 | branch_ij=+0.000000e+00 | branch_ji=+0.000000e+00 | flex_P=-1.546590e-01 | flex_Q=-1.105248e-08
    [SLACK COMPONENT CHECK] classified_delta=-1.561978e-01 | objective_slack_delta=-1.561978e-01 | mismatch=-7.815970e-14
    [RECOURSE COMPONENT CHECK] classified_delta=-1.502064e+06 | block_delta=-1.502064e+06 | mismatch=+4.656613e-10
  TSO node=None year=2025 day=Autumn | previous=1.257854e+08 | current=1.242856e+08 | delta=-1.499766e+06 | abs_delta=1.499766e+06
    [RECOURSE JUMP][TSO PROX] year=2025 day=Autumn | V max=0.000516 | PF max=0.004385 | ESS max=0.013102
    [RECOURSE COMPONENTS] gen=-1.279283e+06 | flex=-2.202701e+05 | load_curt=+0.000000e+00 | res_curt=-0.000000e+00 | ess_usage=+0.000000e+00 | slacks=-2.063260e+02 | ess_comp=-6.044192e+00
    [SLACK COMPONENTS] voltage=-1.965010e+02 | node_P=+0.000000e+00 | node_Q=+0.000000e+00 | branch_ij=+0.000000e+00 | branch_ji=+0.000000e+00 | flex_P=-4.912516e+00 | flex_Q=-4.912516e+00
    [SLACK COMPONENT CHECK] classified_delta=-2.063260e+02 | objective_slack_delta=-2.063260e+02 | mismatch=+0.000000e+00
    [RECOURSE COMPONENT CHECK] classified_delta=-1.499766e+06 | block_delta=-1.499766e+06 | mismatch=+7.450581e-09
  TSO node=None year=2025 day=Summer | previous=1.547257e+08 | current=1.532412e+08 | delta=-1.484431e+06 | abs_delta=1.484431e+06
    [RECOURSE JUMP][TSO PROX] year=2025 day=Summer | V max=0.001372 | PF max=0.004314 | ESS max=0.012415
    [RECOURSE COMPONENTS] gen=-1.168480e+06 | flex=-3.159506e+05 | load_curt=+0.000000e+00 | res_curt=+0.000000e+00 | ess_usage=+0.000000e+00 | slacks=+4.452731e-08 | ess_comp=+4.726725e-02
    [SLACK COMPONENTS] voltage=+2.923808e-08 | node_P=+0.000000e+00 | node_Q=+0.000000e+00 | branch_ij=+0.000000e+00 | branch_ji=+0.000000e+00 | flex_P=+7.644616e-09 | flex_Q=+7.644616e-09
    [SLACK COMPONENT CHECK] classified_delta=+4.452731e-08 | objective_slack_delta=+4.452731e-08 | mismatch=+1.776357e-15
    [RECOURSE COMPONENT CHECK] classified_delta=-1.484431e+06 | block_delta=-1.484431e+06 | mismatch=+4.586764e-08
  TSO node=None year=2030 day=Summer | previous=1.336256e+08 | current=1.321710e+08 | delta=-1.454618e+06 | abs_delta=1.454618e+06
    [RECOURSE JUMP][TSO PROX] year=2030 day=Summer | V max=0.001009 | PF max=0.004570 | ESS max=0.001173
    [RECOURSE COMPONENTS] gen=-1.177897e+06 | flex=-2.767203e+05 | load_curt=+0.000000e+00 | res_curt=+0.000000e+00 | ess_usage=+0.000000e+00 | slacks=+1.601080e-07 | ess_comp=-1.912098e-02
    [SLACK COMPONENTS] voltage=+1.043446e-07 | node_P=+0.000000e+00 | node_Q=+0.000000e+00 | branch_ij=+0.000000e+00 | branch_ji=+0.000000e+00 | flex_P=+2.788171e-08 | flex_Q=+2.788171e-08
    [SLACK COMPONENT CHECK] classified_delta=+1.601081e-07 | objective_slack_delta=+1.601080e-07 | mismatch=+1.154632e-14
    [RECOURSE COMPONENT CHECK] classified_delta=-1.454618e+06 | block_delta=-1.454618e+06 | mismatch=+1.466833e-08
  TSO node=None year=2025 day=Spring | previous=1.422138e+08 | current=1.408408e+08 | delta=-1.372950e+06 | abs_delta=1.372950e+06
    [RECOURSE JUMP][TSO PROX] year=2025 day=Spring | V max=0.000925 | PF max=0.004720 | ESS max=0.012850
    [RECOURSE COMPONENTS] gen=-1.146013e+06 | flex=-2.269367e+05 | load_curt=+0.000000e+00 | res_curt=+0.000000e+00 | ess_usage=+0.000000e+00 | slacks=+2.131264e-08 | ess_comp=+2.866798e-02
    [SLACK COMPONENTS] voltage=+1.406791e-08 | node_P=+0.000000e+00 | node_Q=+0.000000e+00 | branch_ij=+0.000000e+00 | branch_ji=+0.000000e+00 | flex_P=+3.622369e-09 | flex_Q=+3.622369e-09
    [SLACK COMPONENT CHECK] classified_delta=+2.131264e-08 | objective_slack_delta=+2.131264e-08 | mismatch=+7.993606e-15
    [RECOURSE COMPONENT CHECK] classified_delta=-1.372950e+06 | block_delta=-1.372950e+06 | mismatch=+1.466833e-08
  TSO node=None year=2030 day=Autumn | previous=7.542242e+07 | current=7.405050e+07 | delta=-1.371918e+06 | abs_delta=1.371918e+06
    [RECOURSE JUMP][TSO PROX] year=2030 day=Autumn | V max=0.001626 | PF max=0.004022 | ESS max=0.001288
    [RECOURSE COMPONENTS] gen=-1.073594e+06 | flex=-2.983237e+05 | load_curt=+0.000000e+00 | res_curt=+0.000000e+00 | ess_usage=+0.000000e+00 | slacks=-2.096243e-10 | ess_comp=+3.449609e-03
    [SLACK COMPONENTS] voltage=-2.088001e-10 | node_P=+0.000000e+00 | node_Q=+0.000000e+00 | branch_ij=+0.000000e+00 | branch_ji=+0.000000e+00 | flex_P=-3.961276e-13 | flex_Q=-3.961276e-13
    [SLACK COMPONENT CHECK] classified_delta=-2.095923e-10 | objective_slack_delta=-2.096243e-10 | mismatch=+3.197442e-14
    [RECOURSE COMPONENT CHECK] classified_delta=-1.371918e+06 | block_delta=-1.371918e+06 | mismatch=-1.164153e-08
  TSO node=None year=2035 day=Spring | previous=1.500422e+08 | current=1.486915e+08 | delta=-1.350774e+06 | abs_delta=1.350774e+06
    [RECOURSE JUMP][TSO PROX] year=2035 day=Spring | V max=0.000988 | PF max=0.004883 | ESS max=0.002189
    [RECOURSE COMPONENTS] gen=-1.248717e+06 | flex=-1.020561e+05 | load_curt=+0.000000e+00 | res_curt=+0.000000e+00 | ess_usage=+0.000000e+00 | slacks=+4.033538e-09 | ess_comp=-6.221661e-01
    [SLACK COMPONENTS] voltage=+2.603137e-09 | node_P=+0.000000e+00 | node_Q=+0.000000e+00 | branch_ij=+0.000000e+00 | branch_ji=+0.000000e+00 | flex_P=+7.152026e-10 | flex_Q=+7.152026e-10
    [SLACK COMPONENT CHECK] classified_delta=+4.033542e-09 | objective_slack_delta=+4.033538e-09 | mismatch=+4.440892e-15
    [RECOURSE COMPONENT CHECK] classified_delta=-1.350774e+06 | block_delta=-1.350774e+06 | mismatch=+2.956949e-08
  TSO node=None year=2035 day=Winter | previous=9.346757e+07 | current=9.211927e+07 | delta=-1.348296e+06 | abs_delta=1.348296e+06
    [RECOURSE JUMP][TSO PROX] year=2035 day=Winter | V max=0.000888 | PF max=0.003642 | ESS max=0.001099
    [RECOURSE COMPONENTS] gen=-1.234900e+06 | flex=-1.133957e+05 | load_curt=+0.000000e+00 | res_curt=+0.000000e+00 | ess_usage=+0.000000e+00 | slacks=-6.963319e-13 | ess_comp=+3.244250e-02
    [SLACK COMPONENTS] voltage=-6.679102e-13 | node_P=+0.000000e+00 | node_Q=+0.000000e+00 | branch_ij=+0.000000e+00 | branch_ji=+0.000000e+00 | flex_P=-1.332268e-15 | flex_Q=-1.332268e-15
    [SLACK COMPONENT CHECK] classified_delta=-6.705747e-13 | objective_slack_delta=-6.963319e-13 | mismatch=+2.575717e-14
    [RECOURSE COMPONENT CHECK] classified_delta=-1.348296e+06 | block_delta=-1.348296e+06 | mismatch=-3.958121e-09
[INFO]		 - Recourse stationarity failed. 32544524.686289 > 150031.696645
[ADMM RHO] V | primal max ratio=0.131 | primal mean ratio=0.300 | primal selected=0.300 | dual mean ratio=0.087 | increase threshold=5.0 | decrease threshold=5.0 | action=held
[ADMM RHO] PF | primal max ratio=0.127 | primal mean ratio=0.028 | primal selected=0.127 | dual mean ratio=14.171 | increase threshold=5.0 | decrease threshold=3.0 | action=decreased
[ADMM RHO] ESS | primal max ratio=0.548 | primal mean ratio=0.248 | primal selected=0.548 | dual mean ratio=0.080 | increase threshold=5.0 | decrease threshold=5.0 | action=held
[INFO]		 - ADMM cycle 4 | Primal (V max/mean | PF max/mean | ESS max/mean) = 0.001310/0.000300 | 0.001268/0.000028 | 0.054787/0.002483 | Dual (V max/mean | PF max/mean | ESS max/mean) = 0.004897/0.000869 | 0.468146/0.141710 | 0.020697/0.000805 | Recourse change = 32544524.686289 (tol. 150031.696645) | Stable cycles = 0/1 | Penalty actions (V/PF/ESS) = held/decreased/held
[INFO] 	 - Iteration 4: 37.33 s
[INFO] 	 - ADMM Iteration 5
[INFO] 		 - Updating distribution networks:
[INFO] 			 - Running SMOPF, Network case33_1, 2025, Spring...
[INFO] 			 - Running SMOPF, Network case33_1, 2025, Summer...
[INFO] 			 - Running SMOPF, Network case33_1, 2025, Autumn...
[INFO] 			 - Running SMOPF, Network case33_1, 2025, Winter...
[INFO] 			 - Running SMOPF, Network case33_1, 2030, Spring...
[INFO] 			 - Running SMOPF, Network case33_1, 2030, Summer...
[INFO] 			 - Running SMOPF, Network case33_1, 2030, Autumn...
[INFO] 			 - Running SMOPF, Network case33_1, 2030, Winter...
[INFO] 			 - Running SMOPF, Network case33_1, 2035, Spring...
[INFO] 			 - Running SMOPF, Network case33_1, 2035, Summer...
[INFO] 			 - Running SMOPF, Network case33_1, 2035, Autumn...
[INFO] 			 - Running SMOPF, Network case33_1, 2035, Winter...
[INFO] 			 - Running SMOPF, Network case33_2, 2025, Spring...
[INFO] 			 - Running SMOPF, Network case33_2, 2025, Summer...
[INFO] 			 - Running SMOPF, Network case33_2, 2025, Autumn...
[INFO] 			 - Running SMOPF, Network case33_2, 2025, Winter...
[INFO] 			 - Running SMOPF, Network case33_2, 2030, Spring...
[INFO] 			 - Running SMOPF, Network case33_2, 2030, Summer...
[INFO] 			 - Running SMOPF, Network case33_2, 2030, Autumn...
[INFO] 			 - Running SMOPF, Network case33_2, 2030, Winter...
[INFO] 			 - Running SMOPF, Network case33_2, 2035, Spring...
[INFO] 			 - Running SMOPF, Network case33_2, 2035, Summer...
[INFO] 			 - Running SMOPF, Network case33_2, 2035, Autumn...
[INFO] 			 - Running SMOPF, Network case33_2, 2035, Winter...
[INFO] 			 - Running SMOPF, Network case33_3, 2025, Spring...
[INFO] 			 - Running SMOPF, Network case33_3, 2025, Summer...
[INFO] 			 - Running SMOPF, Network case33_3, 2025, Autumn...
[INFO] 			 - Running SMOPF, Network case33_3, 2025, Winter...
[INFO] 			 - Running SMOPF, Network case33_3, 2030, Spring...
[INFO] 			 - Running SMOPF, Network case33_3, 2030, Summer...
[INFO] 			 - Running SMOPF, Network case33_3, 2030, Autumn...
[INFO] 			 - Running SMOPF, Network case33_3, 2030, Winter...
[INFO] 			 - Running SMOPF, Network case33_3, 2035, Spring...
[INFO] 			 - Running SMOPF, Network case33_3, 2035, Summer...
[INFO] 			 - Running SMOPF, Network case33_3, 2035, Autumn...
[INFO] 			 - Running SMOPF, Network case33_3, 2035, Winter...
[INFO] 		 - Updating transmission network...
[INFO] 			 - Running SMOPF, Network case9, 2025, Spring...
[INFO] 			 - Running SMOPF, Network case9, 2025, Summer...
[INFO] 			 - Running SMOPF, Network case9, 2025, Autumn...
[INFO] 			 - Running SMOPF, Network case9, 2025, Winter...
[INFO] 			 - Running SMOPF, Network case9, 2030, Spring...
[INFO] 			 - Running SMOPF, Network case9, 2030, Summer...
[INFO] 			 - Running SMOPF, Network case9, 2030, Autumn...
[INFO] 			 - Running SMOPF, Network case9, 2030, Winter...
[INFO] 			 - Running SMOPF, Network case9, 2035, Spring...
[INFO] 			 - Running SMOPF, Network case9, 2035, Summer...
[INFO] 			 - Running SMOPF, Network case9, 2035, Autumn...
[INFO] 			 - Running SMOPF, Network case9, 2035, Winter...
[TSO PROX] cycle=5 | updated_blocks=12 | held_failed_blocks=0 | V max=0.001351 | PF max=0.007068 | ESS max=0.028137
[TSO PROX][V MAX] node=7, year=2030, day=Autumn, period=5 | dV=0.466144 kV | normalized=0.001351
[TSO PROX][PF MAX] node=5, year=2035, day=Spring, period=23, type=P | delta=1.413527 MW | normalized=0.007068
[TSO PROX][ESS MAX] node=7, year=2030, day=Autumn, period=1, type=P | delta=0.054516 MW | normalized=0.028137
[INFO] 		 - Updating SharedESS...
[INFO] 		 - Running Shared ESS optimization (subproblem)...
[INFO] 			 - Node 5...
[INFO] Shared ESS complementarity diagnostics for ESS node=5: ratio_max=8.455940e-06 n_periods=288 mu_final=1.009791e-11 s_obj=1.000000e-01 eps=1.000000e-05 bound=2.908198e-03 measured=2.679699e-03
[INFO] 			 - Node 7...
[INFO] Shared ESS complementarity diagnostics for ESS node=7: ratio_max=8.215469e-06 n_periods=288 mu_final=1.007028e-11 s_obj=1.000000e-01 eps=1.000000e-05 bound=2.900241e-03 measured=2.679712e-03
[INFO] 			 - Node 9...
[INFO] Shared ESS complementarity diagnostics for ESS node=9: ratio_max=7.939605e-06 n_periods=288 mu_final=1.593836e-11 s_obj=1.000000e-01 eps=1.000000e-05 bound=4.590248e-03 measured=2.647328e-03
[INFO]		 - Primal residuals ok!
[INFO]		 - interface PF mean dual residual failed. 0.120263 > 0.010000
[RECOURSE JUMP] cycle=5 | abs_change=2.947478e+07 | tol=1.467772e+05 | signed_change=-2.947478e+07
[RECOURSE JUMP] Reconciliation | previous=1.467772e+09 | current=1.438298e+09 | block_delta=-2.947478e+07 | mismatch=-9.536743e-07
[RECOURSE JUMP] Aggregate signed changes:
  TSO | delta=-2.194941e+07
  DSO node=5 | delta=-5.351215e+06
  DSO node=9 | delta=-1.767306e+06
  DSO node=7 | delta=-4.068502e+05
  SALVAGE | delta=+2.130019e-37
[RECOURSE JUMP] Largest 10 block changes:
  TSO node=None year=2025 day=Autumn | previous=1.242856e+08 | current=1.222626e+08 | delta=-2.023029e+06 | abs_delta=2.023029e+06
    [RECOURSE JUMP][TSO PROX] year=2025 day=Autumn | V max=0.000388 | PF max=0.005934 | ESS max=0.011973
    [RECOURSE COMPONENTS] gen=-1.766471e+06 | flex=-2.565575e+05 | load_curt=+0.000000e+00 | res_curt=+0.000000e+00 | ess_usage=+0.000000e+00 | slacks=+1.156403e-08 | ess_comp=-7.094571e-03
    [SLACK COMPONENTS] voltage=+7.644765e-09 | node_P=+0.000000e+00 | node_Q=+0.000000e+00 | branch_ij=+0.000000e+00 | branch_ji=+0.000000e+00 | flex_P=+1.959640e-09 | flex_Q=+1.959640e-09
    [SLACK COMPONENT CHECK] classified_delta=+1.156404e-08 | objective_slack_delta=+1.156403e-08 | mismatch=+1.154632e-14
    [RECOURSE COMPONENT CHECK] classified_delta=-2.023029e+06 | block_delta=-2.023029e+06 | mismatch=+1.932494e-08
  TSO node=None year=2025 day=Summer | previous=1.532412e+08 | current=1.512723e+08 | delta=-1.968942e+06 | abs_delta=1.968942e+06
    [RECOURSE JUMP][TSO PROX] year=2025 day=Summer | V max=0.000977 | PF max=0.006098 | ESS max=0.011328
    [RECOURSE COMPONENTS] gen=-1.603223e+06 | flex=-3.657194e+05 | load_curt=+0.000000e+00 | res_curt=+0.000000e+00 | ess_usage=+0.000000e+00 | slacks=-2.430004e-08 | ess_comp=-8.680371e-03
    [SLACK COMPONENTS] voltage=-1.595106e-08 | node_P=+0.000000e+00 | node_Q=+0.000000e+00 | branch_ij=+0.000000e+00 | branch_ji=+0.000000e+00 | flex_P=-4.174495e-09 | flex_Q=-4.174495e-09
    [SLACK COMPONENT CHECK] classified_delta=-2.430005e-08 | objective_slack_delta=-2.430004e-08 | mismatch=-7.105427e-15
    [RECOURSE COMPONENT CHECK] classified_delta=-1.968942e+06 | block_delta=-1.968942e+06 | mismatch=-4.121102e-08
  TSO node=None year=2035 day=Winter | previous=9.211927e+07 | current=9.016160e+07 | delta=-1.957679e+06 | abs_delta=1.957679e+06
    [RECOURSE JUMP][TSO PROX] year=2035 day=Winter | V max=0.000595 | PF max=0.005369 | ESS max=0.020537
    [RECOURSE COMPONENTS] gen=-1.804460e+06 | flex=-1.532192e+05 | load_curt=+0.000000e+00 | res_curt=+0.000000e+00 | ess_usage=+0.000000e+00 | slacks=+6.110668e-13 | ess_comp=+3.103281e-01
    [SLACK COMPONENTS] voltage=+6.110668e-13 | node_P=+0.000000e+00 | node_Q=+0.000000e+00 | branch_ij=+0.000000e+00 | branch_ji=+0.000000e+00 | flex_P=+0.000000e+00 | flex_Q=+0.000000e+00
    [SLACK COMPONENT CHECK] classified_delta=+6.110668e-13 | objective_slack_delta=+6.110668e-13 | mismatch=+0.000000e+00
    [RECOURSE COMPONENT CHECK] classified_delta=-1.957679e+06 | block_delta=-1.957679e+06 | mismatch=+9.313226e-10
  TSO node=None year=2030 day=Summer | previous=1.321710e+08 | current=1.302252e+08 | delta=-1.945849e+06 | abs_delta=1.945849e+06
    [RECOURSE JUMP][TSO PROX] year=2030 day=Summer | V max=0.000533 | PF max=0.005912 | ESS max=0.025866
    [RECOURSE COMPONENTS] gen=-1.630880e+06 | flex=-3.149696e+05 | load_curt=+0.000000e+00 | res_curt=+0.000000e+00 | ess_usage=+0.000000e+00 | slacks=-1.601470e-07 | ess_comp=+1.213114e-02
    [SLACK COMPONENTS] voltage=-1.043831e-07 | node_P=+0.000000e+00 | node_Q=+0.000000e+00 | branch_ij=+0.000000e+00 | branch_ji=+0.000000e+00 | flex_P=-2.788194e-08 | flex_Q=-2.788194e-08
    [SLACK COMPONENT CHECK] classified_delta=-1.601470e-07 | objective_slack_delta=-1.601470e-07 | mismatch=+5.329071e-15
    [RECOURSE COMPONENT CHECK] classified_delta=-1.945849e+06 | block_delta=-1.945849e+06 | mismatch=+1.164153e-09
  TSO node=None year=2030 day=Autumn | previous=7.405050e+07 | current=7.210891e+07 | delta=-1.941596e+06 | abs_delta=1.941596e+06
    [RECOURSE JUMP][TSO PROX] year=2030 day=Autumn | V max=0.001351 | PF max=0.005452 | ESS max=0.028137
    [RECOURSE COMPONENTS] gen=-1.522490e+06 | flex=-4.191058e+05 | load_curt=+0.000000e+00 | res_curt=+0.000000e+00 | ess_usage=+0.000000e+00 | slacks=-1.046772e-10 | ess_comp=-2.687497e-03
    [SLACK COMPONENTS] voltage=-1.047127e-10 | node_P=+0.000000e+00 | node_Q=+0.000000e+00 | branch_ij=+0.000000e+00 | branch_ji=+0.000000e+00 | flex_P=+4.440892e-15 | flex_Q=+4.440892e-15
    [SLACK COMPONENT CHECK] classified_delta=-1.047038e-10 | objective_slack_delta=-1.046772e-10 | mismatch=-2.664535e-14
    [RECOURSE COMPONENT CHECK] classified_delta=-1.941596e+06 | block_delta=-1.941596e+06 | mismatch=+3.725290e-09
  TSO node=None year=2035 day=Spring | previous=1.486915e+08 | current=1.467967e+08 | delta=-1.894762e+06 | abs_delta=1.894762e+06
    [RECOURSE JUMP][TSO PROX] year=2035 day=Spring | V max=0.000807 | PF max=0.007068 | ESS max=0.021124
    [RECOURSE COMPONENTS] gen=-1.776664e+06 | flex=-1.180977e+05 | load_curt=+0.000000e+00 | res_curt=+0.000000e+00 | ess_usage=+0.000000e+00 | slacks=-4.152021e-09 | ess_comp=+5.232923e-02
    [SLACK COMPONENTS] voltage=-2.721585e-09 | node_P=+0.000000e+00 | node_Q=+0.000000e+00 | branch_ij=+0.000000e+00 | branch_ji=+0.000000e+00 | flex_P=-7.152039e-10 | flex_Q=-7.152039e-10
    [SLACK COMPONENT CHECK] classified_delta=-4.151993e-09 | objective_slack_delta=-4.152021e-09 | mismatch=+2.842171e-14
    [RECOURSE COMPONENT CHECK] classified_delta=-1.894762e+06 | block_delta=-1.894762e+06 | mismatch=-1.909211e-08
  TSO node=None year=2025 day=Spring | previous=1.408408e+08 | current=1.389570e+08 | delta=-1.883807e+06 | abs_delta=1.883807e+06
    [RECOURSE JUMP][TSO PROX] year=2025 day=Spring | V max=0.000784 | PF max=0.005847 | ESS max=0.011716
    [RECOURSE COMPONENTS] gen=-1.605602e+06 | flex=-2.782047e+05 | load_curt=+0.000000e+00 | res_curt=+0.000000e+00 | ess_usage=+0.000000e+00 | slacks=-7.136258e-09 | ess_comp=-5.920927e-03
    [SLACK COMPONENTS] voltage=-4.686761e-09 | node_P=+0.000000e+00 | node_Q=+0.000000e+00 | branch_ij=+0.000000e+00 | branch_ji=+0.000000e+00 | flex_P=-1.224747e-09 | flex_Q=-1.224747e-09
    [SLACK COMPONENT CHECK] classified_delta=-7.136255e-09 | objective_slack_delta=-7.136258e-09 | mismatch=+2.664535e-15
    [RECOURSE COMPONENT CHECK] classified_delta=-1.883807e+06 | block_delta=-1.883807e+06 | mismatch=-1.303852e-08
  TSO node=None year=2030 day=Winter | previous=9.014515e+07 | current=8.831112e+07 | delta=-1.834035e+06 | abs_delta=1.834035e+06
    [RECOURSE JUMP][TSO PROX] year=2030 day=Winter | V max=0.000551 | PF max=0.005348 | ESS max=0.026197
    [RECOURSE COMPONENTS] gen=-1.648337e+06 | flex=-1.856979e+05 | load_curt=+0.000000e+00 | res_curt=+0.000000e+00 | ess_usage=+0.000000e+00 | slacks=-4.135359e-12 | ess_comp=+1.133324e-02
    [SLACK COMPONENTS] voltage=-2.522427e-12 | node_P=+0.000000e+00 | node_Q=+0.000000e+00 | branch_ij=+0.000000e+00 | branch_ji=+0.000000e+00 | flex_P=-7.975842e-13 | flex_Q=-7.975842e-13
    [SLACK COMPONENT CHECK] classified_delta=-4.117595e-12 | objective_slack_delta=-4.135359e-12 | mismatch=+1.776357e-14
    [RECOURSE COMPONENT CHECK] classified_delta=-1.834035e+06 | block_delta=-1.834035e+06 | mismatch=+1.373701e-08
  TSO node=None year=2030 day=Spring | previous=1.231747e+08 | current=1.213418e+08 | delta=-1.832922e+06 | abs_delta=1.832922e+06
    [RECOURSE JUMP][TSO PROX] year=2030 day=Spring | V max=0.000789 | PF max=0.005835 | ESS max=0.017344
    [RECOURSE COMPONENTS] gen=-1.548550e+06 | flex=-2.843716e+05 | load_curt=+0.000000e+00 | res_curt=+0.000000e+00 | ess_usage=+0.000000e+00 | slacks=+4.334788e-07 | ess_comp=-3.803141e-02
    [SLACK COMPONENTS] voltage=+2.846286e-07 | node_P=+0.000000e+00 | node_Q=+0.000000e+00 | branch_ij=+0.000000e+00 | branch_ji=+0.000000e+00 | flex_P=+7.442511e-08 | flex_Q=+7.442511e-08
    [SLACK COMPONENT CHECK] classified_delta=+4.334788e-07 | objective_slack_delta=+4.334788e-07 | mismatch=+2.309264e-14
    [RECOURSE COMPONENT CHECK] classified_delta=-1.832922e+06 | block_delta=-1.832922e+06 | mismatch=-1.094304e-08
  TSO node=None year=2025 day=Winter | previous=1.367939e+08 | current=1.349627e+08 | delta=-1.831209e+06 | abs_delta=1.831209e+06
    [RECOURSE JUMP][TSO PROX] year=2025 day=Winter | V max=0.000405 | PF max=0.005063 | ESS max=0.010803
    [RECOURSE COMPONENTS] gen=-1.712705e+06 | flex=-1.185034e+05 | load_curt=+0.000000e+00 | res_curt=+0.000000e+00 | ess_usage=+0.000000e+00 | slacks=-4.015534e-08 | ess_comp=-5.642015e-03
    [SLACK COMPONENTS] voltage=-2.660502e-08 | node_P=+0.000000e+00 | node_Q=+0.000000e+00 | branch_ij=+0.000000e+00 | branch_ji=+0.000000e+00 | flex_P=-6.775173e-09 | flex_Q=-6.775173e-09
    [SLACK COMPONENT CHECK] classified_delta=-4.015537e-08 | objective_slack_delta=-4.015534e-08 | mismatch=-2.575717e-14
    [RECOURSE COMPONENT CHECK] classified_delta=-1.831209e+06 | block_delta=-1.831209e+06 | mismatch=+1.047738e-08
[INFO]		 - Recourse stationarity failed. 29474777.742659 > 146777.244176
[ADMM RHO] V | primal max ratio=0.051 | primal mean ratio=0.125 | primal selected=0.125 | dual mean ratio=0.046 | increase threshold=5.0 | decrease threshold=5.0 | action=held
[ADMM RHO] PF | primal max ratio=0.225 | primal mean ratio=0.018 | primal selected=0.225 | dual mean ratio=12.026 | increase threshold=5.0 | decrease threshold=3.0 | action=decreased
[ADMM RHO] ESS | primal max ratio=0.263 | primal mean ratio=0.098 | primal selected=0.263 | dual mean ratio=0.085 | increase threshold=5.0 | decrease threshold=5.0 | action=held
[INFO]		 - ADMM cycle 5 | Primal (V max/mean | PF max/mean | ESS max/mean) = 0.000508/0.000125 | 0.002252/0.000018 | 0.026335/0.000985 | Dual (V max/mean | PF max/mean | ESS max/mean) = 0.003040/0.000458 | 0.420117/0.120263 | 0.022646/0.000853 | Recourse change = 29474777.742659 (tol. 146777.244176) | Stable cycles = 0/1 | Penalty actions (V/PF/ESS) = held/decreased/held
[INFO] 	 - Iteration 5: 39.38 s
[INFO] 	 - ADMM Iteration 6
[INFO] 		 - Updating distribution networks:
[INFO] 			 - Running SMOPF, Network case33_1, 2025, Spring...
[INFO] 			 - Running SMOPF, Network case33_1, 2025, Summer...
[INFO] 			 - Running SMOPF, Network case33_1, 2025, Autumn...
[INFO] 			 - Running SMOPF, Network case33_1, 2025, Winter...
[INFO] 			 - Running SMOPF, Network case33_1, 2030, Spring...
[INFO] 			 - Running SMOPF, Network case33_1, 2030, Summer...
[INFO] 			 - Running SMOPF, Network case33_1, 2030, Autumn...
[INFO] 			 - Running SMOPF, Network case33_1, 2030, Winter...
[INFO] 			 - Running SMOPF, Network case33_1, 2035, Spring...
[INFO] 			 - Running SMOPF, Network case33_1, 2035, Summer...
[INFO] 			 - Running SMOPF, Network case33_1, 2035, Autumn...
[INFO] 			 - Running SMOPF, Network case33_1, 2035, Winter...
[INFO] 			 - Running SMOPF, Network case33_2, 2025, Spring...
[INFO] 			 - Running SMOPF, Network case33_2, 2025, Summer...
[INFO] 			 - Running SMOPF, Network case33_2, 2025, Autumn...
[INFO] 			 - Running SMOPF, Network case33_2, 2025, Winter...
[INFO] 			 - Running SMOPF, Network case33_2, 2030, Spring...
[INFO] 			 - Running SMOPF, Network case33_2, 2030, Summer...
[INFO] 			 - Running SMOPF, Network case33_2, 2030, Autumn...
[INFO] 			 - Running SMOPF, Network case33_2, 2030, Winter...
[INFO] 			 - Running SMOPF, Network case33_2, 2035, Spring...
[INFO] 			 - Running SMOPF, Network case33_2, 2035, Summer...
[INFO] 			 - Running SMOPF, Network case33_2, 2035, Autumn...
[INFO] 			 - Running SMOPF, Network case33_2, 2035, Winter...
[INFO] 			 - Running SMOPF, Network case33_3, 2025, Spring...
[INFO] 			 - Running SMOPF, Network case33_3, 2025, Summer...
[INFO] 			 - Running SMOPF, Network case33_3, 2025, Autumn...
[INFO] 			 - Running SMOPF, Network case33_3, 2025, Winter...
[INFO] 			 - Running SMOPF, Network case33_3, 2030, Spring...
[INFO] 			 - Running SMOPF, Network case33_3, 2030, Summer...
[INFO] 			 - Running SMOPF, Network case33_3, 2030, Autumn...
[INFO] 			 - Running SMOPF, Network case33_3, 2030, Winter...
[INFO] 			 - Running SMOPF, Network case33_3, 2035, Spring...
[INFO] 			 - Running SMOPF, Network case33_3, 2035, Summer...
[INFO] 			 - Running SMOPF, Network case33_3, 2035, Autumn...
[INFO] 			 - Running SMOPF, Network case33_3, 2035, Winter...
[INFO] 		 - Updating transmission network...
[INFO] 			 - Running SMOPF, Network case9, 2025, Spring...
[INFO] 			 - Running SMOPF, Network case9, 2025, Summer...
[INFO] 			 - Running SMOPF, Network case9, 2025, Autumn...
[INFO] 			 - Running SMOPF, Network case9, 2025, Winter...
[INFO] 			 - Running SMOPF, Network case9, 2030, Spring...
[INFO] 			 - Running SMOPF, Network case9, 2030, Summer...
[INFO] 			 - Running SMOPF, Network case9, 2030, Autumn...
[INFO] 			 - Running SMOPF, Network case9, 2030, Winter...
[INFO] 			 - Running SMOPF, Network case9, 2035, Spring...
[INFO] 			 - Running SMOPF, Network case9, 2035, Summer...
[INFO] 			 - Running SMOPF, Network case9, 2035, Autumn...
[INFO] 			 - Running SMOPF, Network case9, 2035, Winter...
[TSO PROX] cycle=6 | updated_blocks=12 | held_failed_blocks=0 | V max=0.001144 | PF max=0.009832 | ESS max=0.027246
[TSO PROX][V MAX] node=7, year=2030, day=Autumn, period=5 | dV=0.394810 kV | normalized=0.001144
[TSO PROX][PF MAX] node=5, year=2035, day=Summer, period=20, type=P | delta=1.966376 MW | normalized=0.009832
[TSO PROX][ESS MAX] node=7, year=2030, day=Autumn, period=1, type=P | delta=0.052788 MW | normalized=0.027246
[INFO] 		 - Updating SharedESS...
[INFO] 		 - Running Shared ESS optimization (subproblem)...
[INFO] 			 - Node 5...
[INFO] Shared ESS complementarity diagnostics for ESS node=5: ratio_max=8.710688e-06 n_periods=288 mu_final=1.008604e-11 s_obj=1.000000e-01 eps=1.000000e-05 bound=2.904779e-03 measured=2.679588e-03
[INFO] 			 - Node 7...
[INFO] Shared ESS complementarity diagnostics for ESS node=7: ratio_max=8.613489e-06 n_periods=288 mu_final=1.008726e-11 s_obj=1.000000e-01 eps=1.000000e-05 bound=2.905132e-03 measured=2.680323e-03
[INFO] 			 - Node 9...
[INFO] Shared ESS complementarity diagnostics for ESS node=9: ratio_max=7.776652e-06 n_periods=288 mu_final=1.007079e-11 s_obj=1.000000e-01 eps=1.000000e-05 bound=2.900386e-03 measured=2.676681e-03
[INFO]		 - Primal residuals ok!
[INFO]		 - interface PF mean dual residual failed. 0.110675 > 0.010000
[RECOURSE JUMP] cycle=6 | abs_change=3.760320e+07 | tol=1.438298e+05 | signed_change=-3.760320e+07
[RECOURSE JUMP] Reconciliation | previous=1.438298e+09 | current=1.400694e+09 | block_delta=-3.760320e+07 | mismatch=-2.384186e-07
[RECOURSE JUMP] Aggregate signed changes:
  TSO | delta=-3.054434e+07
  DSO node=5 | delta=-4.601068e+06
  DSO node=9 | delta=-1.972922e+06
  DSO node=7 | delta=-4.848737e+05
  SALVAGE | delta=-2.130019e-37
[RECOURSE JUMP] Largest 10 block changes:
  TSO node=None year=2025 day=Autumn | previous=1.222626e+08 | current=1.193832e+08 | delta=-2.879384e+06 | abs_delta=2.879384e+06
    [RECOURSE JUMP][TSO PROX] year=2025 day=Autumn | V max=0.000323 | PF max=0.008576 | ESS max=0.003566
    [RECOURSE COMPONENTS] gen=-2.544175e+06 | flex=-3.352094e+05 | load_curt=+0.000000e+00 | res_curt=+0.000000e+00 | ess_usage=+0.000000e+00 | slacks=-2.062449e-08 | ess_comp=-2.544717e-02
    [SLACK COMPONENTS] voltage=-1.363832e-08 | node_P=+0.000000e+00 | node_Q=+0.000000e+00 | branch_ij=+0.000000e+00 | branch_ji=+0.000000e+00 | flex_P=-3.493089e-09 | flex_Q=-3.493089e-09
    [SLACK COMPONENT CHECK] classified_delta=-2.062450e-08 | objective_slack_delta=-2.062449e-08 | mismatch=-7.993606e-15
    [RECOURSE COMPONENT CHECK] classified_delta=-2.879384e+06 | block_delta=-2.879384e+06 | mismatch=+4.190952e-09
  TSO node=None year=2030 day=Autumn | previous=7.210891e+07 | current=6.935812e+07 | delta=-2.750791e+06 | abs_delta=2.750791e+06
    [RECOURSE JUMP][TSO PROX] year=2030 day=Autumn | V max=0.001144 | PF max=0.007246 | ESS max=0.027246
    [RECOURSE COMPONENTS] gen=-2.138914e+06 | flex=-6.118773e+05 | load_curt=+0.000000e+00 | res_curt=+0.000000e+00 | ess_usage=+0.000000e+00 | slacks=-7.204193e-11 | ess_comp=+4.978225e-04
    [SLACK COMPONENTS] voltage=-7.204193e-11 | node_P=+0.000000e+00 | node_Q=+0.000000e+00 | branch_ij=+0.000000e+00 | branch_ji=+0.000000e+00 | flex_P=+1.199041e-14 | flex_Q=+1.199041e-14
    [SLACK COMPONENT CHECK] classified_delta=-7.201795e-11 | objective_slack_delta=-7.204193e-11 | mismatch=+2.398082e-14
    [RECOURSE COMPONENT CHECK] classified_delta=-2.750791e+06 | block_delta=-2.750791e+06 | mismatch=-9.313226e-10
  TSO node=None year=2035 day=Winter | previous=9.016160e+07 | current=8.744936e+07 | delta=-2.712240e+06 | abs_delta=2.712240e+06
    [RECOURSE JUMP][TSO PROX] year=2035 day=Winter | V max=0.000497 | PF max=0.007351 | ESS max=0.019902
    [RECOURSE COMPONENTS] gen=-2.528758e+06 | flex=-1.991535e+05 | load_curt=+0.000000e+00 | res_curt=+0.000000e+00 | ess_usage=+0.000000e+00 | slacks=-2.231104e-12 | ess_comp=+1.567121e+04
    [SLACK COMPONENTS] voltage=-2.231104e-12 | node_P=+0.000000e+00 | node_Q=+0.000000e+00 | branch_ij=+0.000000e+00 | branch_ji=+0.000000e+00 | flex_P=+0.000000e+00 | flex_Q=+0.000000e+00
    [SLACK COMPONENT CHECK] classified_delta=-2.231104e-12 | objective_slack_delta=-2.231104e-12 | mismatch=+0.000000e+00
    [RECOURSE COMPONENT CHECK] classified_delta=-2.712240e+06 | block_delta=-2.712240e+06 | mismatch=+1.396984e-08
  TSO node=None year=2025 day=Summer | previous=1.512723e+08 | current=1.486068e+08 | delta=-2.665502e+06 | abs_delta=2.665502e+06
    [RECOURSE JUMP][TSO PROX] year=2025 day=Summer | V max=0.000706 | PF max=0.007669 | ESS max=0.003515
    [RECOURSE COMPONENTS] gen=-2.240802e+06 | flex=-4.246990e+05 | load_curt=+0.000000e+00 | res_curt=+0.000000e+00 | ess_usage=+0.000000e+00 | slacks=-5.429339e-08 | ess_comp=-2.156525e-02
    [SLACK COMPONENTS] voltage=-3.566178e-08 | node_P=+0.000000e+00 | node_Q=+0.000000e+00 | branch_ij=+0.000000e+00 | branch_ji=+0.000000e+00 | flex_P=-9.315804e-09 | flex_Q=-9.315804e-09
    [SLACK COMPONENT CHECK] classified_delta=-5.429339e-08 | objective_slack_delta=-5.429339e-08 | mismatch=-4.440892e-15
    [RECOURSE COMPONENT CHECK] classified_delta=-2.665502e+06 | block_delta=-2.665502e+06 | mismatch=+6.519258e-09
  TSO node=None year=2025 day=Spring | previous=1.389570e+08 | current=1.363018e+08 | delta=-2.655202e+06 | abs_delta=2.655202e+06
    [RECOURSE JUMP][TSO PROX] year=2025 day=Spring | V max=0.000667 | PF max=0.008477 | ESS max=0.003494
    [RECOURSE COMPONENTS] gen=-2.296939e+06 | flex=-3.582632e+05 | load_curt=+0.000000e+00 | res_curt=+0.000000e+00 | ess_usage=+0.000000e+00 | slacks=-1.675634e-08 | ess_comp=-1.583644e-02
    [SLACK COMPONENTS] voltage=-1.104548e-08 | node_P=+0.000000e+00 | node_Q=+0.000000e+00 | branch_ij=+0.000000e+00 | branch_ji=+0.000000e+00 | flex_P=-2.855443e-09 | flex_Q=-2.855443e-09
    [SLACK COMPONENT CHECK] classified_delta=-1.675637e-08 | objective_slack_delta=-1.675634e-08 | mismatch=-2.664535e-14
    [RECOURSE COMPONENT CHECK] classified_delta=-2.655202e+06 | block_delta=-2.655202e+06 | mismatch=+4.190952e-09
  TSO node=None year=2030 day=Summer | previous=1.302252e+08 | current=1.275942e+08 | delta=-2.630955e+06 | abs_delta=2.630955e+06
    [RECOURSE JUMP][TSO PROX] year=2030 day=Summer | V max=0.000432 | PF max=0.008791 | ESS max=0.025029
    [RECOURSE COMPONENTS] gen=-2.199411e+06 | flex=-4.315439e+05 | load_curt=+0.000000e+00 | res_curt=+0.000000e+00 | ess_usage=+0.000000e+00 | slacks=-7.609913e-12 | ess_comp=-4.476940e-02
    [SLACK COMPONENTS] voltage=-7.609913e-12 | node_P=+0.000000e+00 | node_Q=+0.000000e+00 | branch_ij=+0.000000e+00 | branch_ji=+0.000000e+00 | flex_P=-1.243450e-14 | flex_Q=-1.243450e-14
    [SLACK COMPONENT CHECK] classified_delta=-7.634782e-12 | objective_slack_delta=-7.609913e-12 | mismatch=-2.486900e-14
    [RECOURSE COMPONENT CHECK] classified_delta=-2.630955e+06 | block_delta=-2.630955e+06 | mismatch=+4.656613e-10
  TSO node=None year=2025 day=Winter | previous=1.349627e+08 | current=1.323404e+08 | delta=-2.622373e+06 | abs_delta=2.622373e+06
    [RECOURSE JUMP][TSO PROX] year=2025 day=Winter | V max=0.000325 | PF max=0.007482 | ESS max=0.003353
    [RECOURSE COMPONENTS] gen=-2.471438e+06 | flex=-1.509354e+05 | load_curt=+0.000000e+00 | res_curt=+0.000000e+00 | ess_usage=+0.000000e+00 | slacks=-1.330247e-08 | ess_comp=-5.511028e-03
    [SLACK COMPONENTS] voltage=-8.808918e-09 | node_P=+0.000000e+00 | node_Q=+0.000000e+00 | branch_ij=+0.000000e+00 | branch_ji=+0.000000e+00 | flex_P=-2.246765e-09 | flex_Q=-2.246765e-09
    [SLACK COMPONENT CHECK] classified_delta=-1.330245e-08 | objective_slack_delta=-1.330247e-08 | mismatch=+2.042810e-14
    [RECOURSE COMPONENT CHECK] classified_delta=-2.622373e+06 | block_delta=-2.622373e+06 | mismatch=-3.259629e-08
  TSO node=None year=2030 day=Spring | previous=1.213418e+08 | current=1.187578e+08 | delta=-2.583936e+06 | abs_delta=2.583936e+06
    [RECOURSE JUMP][TSO PROX] year=2030 day=Spring | V max=0.000670 | PF max=0.008677 | ESS max=0.016924
    [RECOURSE COMPONENTS] gen=-2.218888e+06 | flex=-3.650479e+05 | load_curt=+0.000000e+00 | res_curt=+0.000000e+00 | ess_usage=+0.000000e+00 | slacks=-2.112195e-07 | ess_comp=-3.128166e-02
    [SLACK COMPONENTS] voltage=-1.383505e-07 | node_P=+0.000000e+00 | node_Q=+0.000000e+00 | branch_ij=+0.000000e+00 | branch_ji=+0.000000e+00 | flex_P=-3.643445e-08 | flex_Q=-3.643445e-08
    [SLACK COMPONENT CHECK] classified_delta=-2.112194e-07 | objective_slack_delta=-2.112195e-07 | mismatch=+2.664535e-15
    [RECOURSE COMPONENT CHECK] classified_delta=-2.583936e+06 | block_delta=-2.583936e+06 | mismatch=+3.725290e-09
  TSO node=None year=2035 day=Spring | previous=1.467967e+08 | current=1.442239e+08 | delta=-2.572750e+06 | abs_delta=2.572750e+06
    [RECOURSE JUMP][TSO PROX] year=2035 day=Spring | V max=0.000679 | PF max=0.009613 | ESS max=0.020465
    [RECOURSE COMPONENTS] gen=-2.444825e+06 | flex=-1.310731e+05 | load_curt=+0.000000e+00 | res_curt=+0.000000e+00 | ess_usage=+0.000000e+00 | slacks=-6.643575e-12 | ess_comp=+3.148250e+03
    [SLACK COMPONENTS] voltage=-1.600853e-11 | node_P=+0.000000e+00 | node_Q=+0.000000e+00 | branch_ij=+0.000000e+00 | branch_ji=+0.000000e+00 | flex_P=+4.680700e-12 | flex_Q=+4.680700e-12
    [SLACK COMPONENT CHECK] classified_delta=-6.647127e-12 | objective_slack_delta=-6.643575e-12 | mismatch=-3.552714e-15
    [RECOURSE COMPONENT CHECK] classified_delta=-2.572750e+06 | block_delta=-2.572750e+06 | mismatch=-4.656613e-10
  TSO node=None year=2030 day=Winter | previous=8.831112e+07 | current=8.574936e+07 | delta=-2.561754e+06 | abs_delta=2.561754e+06
    [RECOURSE JUMP][TSO PROX] year=2030 day=Winter | V max=0.000395 | PF max=0.007703 | ESS max=0.025446
    [RECOURSE COMPONENTS] gen=-2.328325e+06 | flex=-2.334297e+05 | load_curt=+0.000000e+00 | res_curt=+0.000000e+00 | ess_usage=+0.000000e+00 | slacks=+2.962963e-12 | ess_comp=-3.341306e-02
    [SLACK COMPONENTS] voltage=+2.991385e-12 | node_P=+0.000000e+00 | node_Q=+0.000000e+00 | branch_ij=+0.000000e+00 | branch_ji=+0.000000e+00 | flex_P=-1.021405e-14 | flex_Q=-1.021405e-14
    [SLACK COMPONENT CHECK] classified_delta=+2.970957e-12 | objective_slack_delta=+2.962963e-12 | mismatch=+7.993606e-15
    [RECOURSE COMPONENT CHECK] classified_delta=-2.561754e+06 | block_delta=-2.561754e+06 | mismatch=+2.048910e-08
[INFO]		 - Recourse stationarity failed. 37603201.134117 > 143829.766402
[ADMM RHO] V | primal max ratio=0.033 | primal mean ratio=0.075 | primal selected=0.075 | dual mean ratio=0.038 | increase threshold=5.0 | decrease threshold=5.0 | action=held
[ADMM RHO] PF | primal max ratio=0.328 | primal mean ratio=0.036 | primal selected=0.328 | dual mean ratio=11.067 | increase threshold=5.0 | decrease threshold=3.0 | action=decreased
[ADMM RHO] ESS | primal max ratio=0.132 | primal mean ratio=0.053 | primal selected=0.132 | dual mean ratio=0.068 | increase threshold=5.0 | decrease threshold=5.0 | action=held
[INFO]		 - ADMM cycle 6 | Primal (V max/mean | PF max/mean | ESS max/mean) = 0.000332/0.000075 | 0.003280/0.000036 | 0.013230/0.000534 | Dual (V max/mean | PF max/mean | ESS max/mean) = 0.002575/0.000384 | 0.390286/0.110675 | 0.023671/0.000677 | Recourse change = 37603201.134117 (tol. 143829.766402) | Stable cycles = 0/1 | Penalty actions (V/PF/ESS) = held/decreased/held
[INFO] 	 - Iteration 6: 41.80 s
[INFO] 	 - ADMM Iteration 7
[INFO] 		 - Updating distribution networks:
[INFO] 			 - Running SMOPF, Network case33_1, 2025, Spring...
[INFO] 			 - Running SMOPF, Network case33_1, 2025, Summer...
[INFO] 			 - Running SMOPF, Network case33_1, 2025, Autumn...
[INFO] 			 - Running SMOPF, Network case33_1, 2025, Winter...
[INFO] 			 - Running SMOPF, Network case33_1, 2030, Spring...
[INFO] 			 - Running SMOPF, Network case33_1, 2030, Summer...
[INFO] 			 - Running SMOPF, Network case33_1, 2030, Autumn...
[INFO] 			 - Running SMOPF, Network case33_1, 2030, Winter...
[INFO] 			 - Running SMOPF, Network case33_1, 2035, Spring...
[INFO] 			 - Running SMOPF, Network case33_1, 2035, Summer...
[INFO] 			 - Running SMOPF, Network case33_1, 2035, Autumn...
[INFO] 			 - Running SMOPF, Network case33_1, 2035, Winter...
[INFO] 			 - Running SMOPF, Network case33_2, 2025, Spring...
[INFO] 			 - Running SMOPF, Network case33_2, 2025, Summer...
[INFO] 			 - Running SMOPF, Network case33_2, 2025, Autumn...
[DEBUG][FROZEN SMOPF] Saved matched_success pre-solve block to /Users/micaelsimoes/Projects/share-resource-planning-no_esso-degradation/data/SRP1/Results/P515G1B/results/FrozenSMOPF/matched_success_DSO_node7_case33_2_2025_Autumn_cycle7.pkl
[INFO] 			 - Running SMOPF, Network case33_2, 2025, Winter...
[INFO] 			 - Running SMOPF, Network case33_2, 2030, Spring...
[INFO] 			 - Running SMOPF, Network case33_2, 2030, Summer...
[INFO] 			 - Running SMOPF, Network case33_2, 2030, Autumn...
[INFO] 			 - Running SMOPF, Network case33_2, 2030, Winter...
[INFO] 			 - Running SMOPF, Network case33_2, 2035, Spring...
[INFO] 			 - Running SMOPF, Network case33_2, 2035, Summer...
[INFO] 			 - Running SMOPF, Network case33_2, 2035, Autumn...
[INFO] 			 - Running SMOPF, Network case33_2, 2035, Winter...
[INFO] 			 - Running SMOPF, Network case33_3, 2025, Spring...
[INFO] 			 - Running SMOPF, Network case33_3, 2025, Summer...
[INFO] 			 - Running SMOPF, Network case33_3, 2025, Autumn...
[INFO] 			 - Running SMOPF, Network case33_3, 2025, Winter...
[INFO] 			 - Running SMOPF, Network case33_3, 2030, Spring...
[INFO] 			 - Running SMOPF, Network case33_3, 2030, Summer...
[INFO] 			 - Running SMOPF, Network case33_3, 2030, Autumn...
[INFO] 			 - Running SMOPF, Network case33_3, 2030, Winter...
[INFO] 			 - Running SMOPF, Network case33_3, 2035, Spring...
[INFO] 			 - Running SMOPF, Network case33_3, 2035, Summer...
[INFO] 			 - Running SMOPF, Network case33_3, 2035, Autumn...
[INFO] 			 - Running SMOPF, Network case33_3, 2035, Winter...
[INFO] 		 - Updating transmission network...
[INFO] 			 - Running SMOPF, Network case9, 2025, Spring...
[INFO] 			 - Running SMOPF, Network case9, 2025, Summer...
[DEBUG][FROZEN SMOPF] Saved matched_success pre-solve block to /Users/micaelsimoes/Projects/share-resource-planning-no_esso-degradation/data/SRP1/Results/P515G1B/results/FrozenSMOPF/matched_success_TSO_case9_2025_Summer_cycle7.pkl
[INFO] 			 - Running SMOPF, Network case9, 2025, Autumn...
[INFO] 			 - Running SMOPF, Network case9, 2025, Winter...
[INFO] 			 - Running SMOPF, Network case9, 2030, Spring...
[INFO] 			 - Running SMOPF, Network case9, 2030, Summer...
[INFO] 			 - Running SMOPF, Network case9, 2030, Autumn...
[INFO] 			 - Running SMOPF, Network case9, 2030, Winter...
[INFO] 			 - Running SMOPF, Network case9, 2035, Spring...
[INFO] 			 - Running SMOPF, Network case9, 2035, Summer...
[INFO] 			 - Running SMOPF, Network case9, 2035, Autumn...
[INFO] 			 - Running SMOPF, Network case9, 2035, Winter...
[TSO PROX] cycle=7 | updated_blocks=12 | held_failed_blocks=0 | V max=0.000961 | PF max=0.014237 | ESS max=0.013039
[TSO PROX][V MAX] node=7, year=2030, day=Autumn, period=5 | dV=0.331438 kV | normalized=0.000961
[TSO PROX][PF MAX] node=5, year=2035, day=Spring, period=7, type=P | delta=2.847336 MW | normalized=0.014237
[TSO PROX][ESS MAX] node=9, year=2030, day=Autumn, period=1, type=P | delta=0.025263 MW | normalized=0.013039
[INFO] 		 - Updating SharedESS...
[INFO] 		 - Running Shared ESS optimization (subproblem)...
[INFO] 			 - Node 5...
[INFO] Shared ESS complementarity diagnostics for ESS node=5: ratio_max=8.801830e-06 n_periods=288 mu_final=1.006044e-11 s_obj=1.000000e-01 eps=1.000000e-05 bound=2.897406e-03 measured=2.676768e-03
[INFO] 			 - Node 7...
[INFO] Shared ESS complementarity diagnostics for ESS node=7: ratio_max=8.686111e-06 n_periods=288 mu_final=1.002994e-11 s_obj=1.000000e-01 eps=1.000000e-05 bound=2.888622e-03 measured=2.678253e-03
[INFO] 			 - Node 9...
[INFO] Shared ESS complementarity diagnostics for ESS node=9: ratio_max=9.192671e-06 n_periods=288 mu_final=1.005065e-11 s_obj=1.000000e-01 eps=1.000000e-05 bound=2.894588e-03 measured=2.676660e-03
[INFO]		 - Primal residuals ok!
[INFO]		 - interface PF mean dual residual failed. 0.100042 > 0.010000
[RECOURSE JUMP] cycle=7 | abs_change=4.661620e+07 | tol=1.400694e+05 | signed_change=-4.661620e+07
[RECOURSE JUMP] Reconciliation | previous=1.400694e+09 | current=1.354078e+09 | block_delta=-4.661620e+07 | mismatch=+2.384186e-07
[RECOURSE JUMP] Aggregate signed changes:
  TSO | delta=-4.099399e+07
  DSO node=5 | delta=-2.914460e+06
  DSO node=9 | delta=-2.175259e+06
  DSO node=7 | delta=-5.324993e+05
  SALVAGE | delta=+2.623251e-52
[RECOURSE JUMP] Largest 10 block changes:
  TSO node=None year=2025 day=Autumn | previous=1.193832e+08 | current=1.152351e+08 | delta=-4.148109e+06 | abs_delta=4.148109e+06
    [RECOURSE JUMP][TSO PROX] year=2025 day=Autumn | V max=0.000455 | PF max=0.012700 | ESS max=0.001667
    [RECOURSE COMPONENTS] gen=-3.671616e+06 | flex=-4.764932e+05 | load_curt=+0.000000e+00 | res_curt=+0.000000e+00 | ess_usage=+0.000000e+00 | slacks=+4.203166e-09 | ess_comp=-1.085939e-03
    [SLACK COMPONENTS] voltage=+2.777391e-09 | node_P=+0.000000e+00 | node_Q=+0.000000e+00 | branch_ij=+0.000000e+00 | branch_ji=+0.000000e+00 | flex_P=+7.128800e-10 | flex_Q=+7.128800e-10
    [SLACK COMPONENT CHECK] classified_delta=+4.203151e-09 | objective_slack_delta=+4.203166e-09 | mismatch=-1.509903e-14
    [RECOURSE COMPONENT CHECK] classified_delta=-4.148109e+06 | block_delta=-4.148109e+06 | mismatch=-7.450581e-09
  TSO node=None year=2025 day=Summer | previous=1.486068e+08 | current=1.448442e+08 | delta=-3.762574e+06 | abs_delta=3.762574e+06
    [RECOURSE JUMP][TSO PROX] year=2025 day=Summer | V max=0.000511 | PF max=0.011357 | ESS max=0.001725
    [RECOURSE COMPONENTS] gen=-3.219956e+06 | flex=-5.426189e+05 | load_curt=+0.000000e+00 | res_curt=+0.000000e+00 | ess_usage=+0.000000e+00 | slacks=+6.949108e-12 | ess_comp=-9.405463e-04
    [SLACK COMPONENTS] voltage=+6.949108e-12 | node_P=+0.000000e+00 | node_Q=+0.000000e+00 | branch_ij=+0.000000e+00 | branch_ji=+0.000000e+00 | flex_P=-1.332268e-15 | flex_Q=-1.332268e-15
    [SLACK COMPONENT CHECK] classified_delta=+6.946443e-12 | objective_slack_delta=+6.949108e-12 | mismatch=-2.664535e-15
    [RECOURSE COMPONENT CHECK] classified_delta=-3.762574e+06 | block_delta=-3.762574e+06 | mismatch=-2.561137e-08
  TSO node=None year=2035 day=Winter | previous=8.744936e+07 | current=8.371320e+07 | delta=-3.736160e+06 | abs_delta=3.736160e+06
    [RECOURSE JUMP][TSO PROX] year=2035 day=Winter | V max=0.000456 | PF max=0.010121 | ESS max=0.009532
    [RECOURSE COMPONENTS] gen=-3.507871e+06 | flex=-2.545934e+05 | load_curt=+0.000000e+00 | res_curt=+0.000000e+00 | ess_usage=+0.000000e+00 | slacks=-2.906120e-12 | ess_comp=+2.630462e+04
    [SLACK COMPONENTS] voltage=-2.899014e-12 | node_P=+0.000000e+00 | node_Q=+0.000000e+00 | branch_ij=+0.000000e+00 | branch_ji=+0.000000e+00 | flex_P=+0.000000e+00 | flex_Q=+0.000000e+00
    [SLACK COMPONENT CHECK] classified_delta=-2.899014e-12 | objective_slack_delta=-2.906120e-12 | mismatch=+7.105427e-15
    [RECOURSE COMPONENT CHECK] classified_delta=-3.736160e+06 | block_delta=-3.736160e+06 | mismatch=-2.328306e-09
  TSO node=None year=2025 day=Winter | previous=1.323404e+08 | current=1.286309e+08 | delta=-3.709452e+06 | abs_delta=3.709452e+06
    [RECOURSE JUMP][TSO PROX] year=2025 day=Winter | V max=0.000305 | PF max=0.011082 | ESS max=0.001514
    [RECOURSE COMPONENTS] gen=-3.534255e+06 | flex=-1.751971e+05 | load_curt=+0.000000e+00 | res_curt=+0.000000e+00 | ess_usage=+0.000000e+00 | slacks=+9.336532e-12 | ess_comp=-5.099798e-04
    [SLACK COMPONENTS] voltage=+9.336532e-12 | node_P=+0.000000e+00 | node_Q=+0.000000e+00 | branch_ij=+0.000000e+00 | branch_ji=+0.000000e+00 | flex_P=+0.000000e+00 | flex_Q=+0.000000e+00
    [SLACK COMPONENT CHECK] classified_delta=+9.336532e-12 | objective_slack_delta=+9.336532e-12 | mismatch=+0.000000e+00
    [RECOURSE COMPONENT CHECK] classified_delta=-3.709452e+06 | block_delta=-3.709452e+06 | mismatch=+2.142042e-08
  TSO node=None year=2030 day=Winter | previous=8.574936e+07 | current=8.207457e+07 | delta=-3.674790e+06 | abs_delta=3.674790e+06
    [RECOURSE JUMP][TSO PROX] year=2030 day=Winter | V max=0.000305 | PF max=0.011408 | ESS max=0.012221
    [RECOURSE COMPONENTS] gen=-3.378954e+06 | flex=-2.958359e+05 | load_curt=+0.000000e+00 | res_curt=+0.000000e+00 | ess_usage=+0.000000e+00 | slacks=+7.840114e-08 | ess_comp=-2.815667e-01
    [SLACK COMPONENTS] voltage=+5.203260e-08 | node_P=+0.000000e+00 | node_Q=+0.000000e+00 | branch_ij=+0.000000e+00 | branch_ji=+0.000000e+00 | flex_P=+1.318427e-08 | flex_Q=+1.318427e-08
    [SLACK COMPONENT CHECK] classified_delta=+7.840113e-08 | objective_slack_delta=+7.840114e-08 | mismatch=-1.598721e-14
    [RECOURSE COMPONENT CHECK] classified_delta=-3.674790e+06 | block_delta=-3.674790e+06 | mismatch=-2.142042e-08
  TSO node=None year=2035 day=Spring | previous=1.442239e+08 | current=1.406137e+08 | delta=-3.610204e+06 | abs_delta=3.610204e+06
    [RECOURSE JUMP][TSO PROX] year=2035 day=Spring | V max=0.000571 | PF max=0.014237 | ESS max=0.009799
    [RECOURSE COMPONENTS] gen=-3.487099e+06 | flex=-1.536389e+05 | load_curt=+0.000000e+00 | res_curt=+0.000000e+00 | ess_usage=+0.000000e+00 | slacks=-1.526246e-11 | ess_comp=+3.053419e+04
    [SLACK COMPONENTS] voltage=-1.043077e-11 | node_P=+0.000000e+00 | node_Q=+0.000000e+00 | branch_ij=+0.000000e+00 | branch_ji=+0.000000e+00 | flex_P=-2.422507e-12 | flex_Q=-2.422507e-12
    [SLACK COMPONENT CHECK] classified_delta=-1.527578e-11 | objective_slack_delta=-1.526246e-11 | mismatch=-1.332268e-14
    [RECOURSE COMPONENT CHECK] classified_delta=-3.610204e+06 | block_delta=-3.610204e+06 | mismatch=-4.190952e-09
  TSO node=None year=2025 day=Spring | previous=1.363018e+08 | current=1.327423e+08 | delta=-3.559553e+06 | abs_delta=3.559553e+06
    [RECOURSE JUMP][TSO PROX] year=2025 day=Spring | V max=0.000567 | PF max=0.012553 | ESS max=0.001770
    [RECOURSE COMPONENTS] gen=-3.169308e+06 | flex=-3.902455e+05 | load_curt=+0.000000e+00 | res_curt=+0.000000e+00 | ess_usage=+0.000000e+00 | slacks=+2.044978e-09 | ess_comp=-6.067597e-04
    [SLACK COMPONENTS] voltage=+1.352532e-09 | node_P=+0.000000e+00 | node_Q=+0.000000e+00 | branch_ij=+0.000000e+00 | branch_ji=+0.000000e+00 | flex_P=+3.462217e-10 | flex_Q=+3.462217e-10
    [SLACK COMPONENT CHECK] classified_delta=+2.044976e-09 | objective_slack_delta=+2.044978e-09 | mismatch=-1.776357e-15
    [RECOURSE COMPONENT CHECK] classified_delta=-3.559553e+06 | block_delta=-3.559553e+06 | mismatch=-7.916242e-09
  TSO node=None year=2030 day=Summer | previous=1.275942e+08 | current=1.240771e+08 | delta=-3.517152e+06 | abs_delta=3.517152e+06
    [RECOURSE JUMP][TSO PROX] year=2030 day=Summer | V max=0.000442 | PF max=0.011779 | ESS max=0.011965
    [RECOURSE COMPONENTS] gen=-2.946605e+06 | flex=-5.705466e+05 | load_curt=+0.000000e+00 | res_curt=+0.000000e+00 | ess_usage=+0.000000e+00 | slacks=+5.113331e-07 | ess_comp=-3.680136e-01
    [SLACK COMPONENTS] voltage=+3.334512e-07 | node_P=+0.000000e+00 | node_Q=+0.000000e+00 | branch_ij=+0.000000e+00 | branch_ji=+0.000000e+00 | flex_P=+8.894096e-08 | flex_Q=+8.894096e-08
    [SLACK COMPONENT CHECK] classified_delta=+5.113331e-07 | objective_slack_delta=+5.113331e-07 | mismatch=+1.776357e-14
    [RECOURSE COMPONENT CHECK] classified_delta=-3.517152e+06 | block_delta=-3.517152e+06 | mismatch=+1.629815e-08
  TSO node=None year=2030 day=Spring | previous=1.187578e+08 | current=1.154049e+08 | delta=-3.352956e+06 | abs_delta=3.352956e+06
    [RECOURSE JUMP][TSO PROX] year=2030 day=Spring | V max=0.000569 | PF max=0.010950 | ESS max=0.008170
    [RECOURSE COMPONENTS] gen=-2.873885e+06 | flex=-4.790710e+05 | load_curt=+0.000000e+00 | res_curt=+0.000000e+00 | ess_usage=+0.000000e+00 | slacks=-3.966957e-07 | ess_comp=-6.588051e-02
    [SLACK COMPONENTS] voltage=-2.603564e-07 | node_P=+0.000000e+00 | node_Q=+0.000000e+00 | branch_ij=+0.000000e+00 | branch_ji=+0.000000e+00 | flex_P=-6.816966e-08 | flex_Q=-6.816966e-08
    [SLACK COMPONENT CHECK] classified_delta=-3.966957e-07 | objective_slack_delta=-3.966957e-07 | mismatch=-3.463896e-14
    [RECOURSE COMPONENT CHECK] classified_delta=-3.352956e+06 | block_delta=-3.352956e+06 | mismatch=-2.933666e-08
  TSO node=None year=2030 day=Autumn | previous=6.935812e+07 | current=6.603621e+07 | delta=-3.321906e+06 | abs_delta=3.321906e+06
    [RECOURSE JUMP][TSO PROX] year=2030 day=Autumn | V max=0.000961 | PF max=0.009478 | ESS max=0.013039
    [RECOURSE COMPONENTS] gen=-2.469709e+06 | flex=-8.521967e+05 | load_curt=+0.000000e+00 | res_curt=+0.000000e+00 | ess_usage=+0.000000e+00 | slacks=-5.242384e-11 | ess_comp=-1.374451e-03
    [SLACK COMPONENTS] voltage=-5.287148e-11 | node_P=+0.000000e+00 | node_Q=+0.000000e+00 | branch_ij=+0.000000e+00 | branch_ji=+0.000000e+00 | flex_P=+2.087219e-13 | flex_Q=+2.087219e-13
    [SLACK COMPONENT CHECK] classified_delta=-5.245404e-11 | objective_slack_delta=-5.242384e-11 | mismatch=-3.019807e-14
    [RECOURSE COMPONENT CHECK] classified_delta=-3.321906e+06 | block_delta=-3.321906e+06 | mismatch=+7.450581e-09
[INFO]		 - Recourse stationarity failed. 46616203.880648 > 140069.446288
[ADMM RHO] V | primal max ratio=0.040 | primal mean ratio=0.060 | primal selected=0.060 | dual mean ratio=0.035 | increase threshold=5.0 | decrease threshold=5.0 | action=held
[ADMM RHO] PF | primal max ratio=0.493 | primal mean ratio=0.108 | primal selected=0.493 | dual mean ratio=10.004 | increase threshold=5.0 | decrease threshold=3.0 | action=decreased
[ADMM RHO] ESS | primal max ratio=0.144 | primal mean ratio=0.061 | primal selected=0.144 | dual mean ratio=0.062 | increase threshold=5.0 | decrease threshold=5.0 | action=held
[INFO]		 - ADMM cycle 7 | Primal (V max/mean | PF max/mean | ESS max/mean) = 0.000400/0.000060 | 0.004934/0.000108 | 0.014440/0.000614 | Dual (V max/mean | PF max/mean | ESS max/mean) = 0.002162/0.000349 | 0.377615/0.100042 | 0.024000/0.000623 | Recourse change = 46616203.880648 (tol. 140069.446288) | Stable cycles = 0/1 | Penalty actions (V/PF/ESS) = held/decreased/held
[INFO] 	 - Iteration 7: 41.37 s
[INFO] 	 - ADMM Iteration 8
[INFO] 		 - Updating distribution networks:
[INFO] 			 - Running SMOPF, Network case33_1, 2025, Spring...
[INFO] 			 - Running SMOPF, Network case33_1, 2025, Summer...
[INFO] 			 - Running SMOPF, Network case33_1, 2025, Autumn...
[INFO] 			 - Running SMOPF, Network case33_1, 2025, Winter...
[INFO] 			 - Running SMOPF, Network case33_1, 2030, Spring...
[INFO] 			 - Running SMOPF, Network case33_1, 2030, Summer...
[INFO] 			 - Running SMOPF, Network case33_1, 2030, Autumn...
[INFO] 			 - Running SMOPF, Network case33_1, 2030, Winter...
[INFO] 			 - Running SMOPF, Network case33_1, 2035, Spring...
[INFO] 			 - Running SMOPF, Network case33_1, 2035, Summer...
[INFO] 			 - Running SMOPF, Network case33_1, 2035, Autumn...
[INFO] 			 - Running SMOPF, Network case33_1, 2035, Winter...
[INFO] 			 - Running SMOPF, Network case33_2, 2025, Spring...
[INFO] 			 - Running SMOPF, Network case33_2, 2025, Summer...
[INFO] 			 - Running SMOPF, Network case33_2, 2025, Autumn...
[INFO] 			 - Running SMOPF, Network case33_2, 2025, Winter...
[INFO] 			 - Running SMOPF, Network case33_2, 2030, Spring...
[INFO] 			 - Running SMOPF, Network case33_2, 2030, Summer...
[INFO] 			 - Running SMOPF, Network case33_2, 2030, Autumn...
[INFO] 			 - Running SMOPF, Network case33_2, 2030, Winter...
[INFO] 			 - Running SMOPF, Network case33_2, 2035, Spring...
[INFO] 			 - Running SMOPF, Network case33_2, 2035, Summer...
[INFO] 			 - Running SMOPF, Network case33_2, 2035, Autumn...
[INFO] 			 - Running SMOPF, Network case33_2, 2035, Winter...
[INFO] 			 - Running SMOPF, Network case33_3, 2025, Spring...
[INFO] 			 - Running SMOPF, Network case33_3, 2025, Summer...
[INFO] 			 - Running SMOPF, Network case33_3, 2025, Autumn...
[INFO] 			 - Running SMOPF, Network case33_3, 2025, Winter...
[INFO] 			 - Running SMOPF, Network case33_3, 2030, Spring...
[INFO] 			 - Running SMOPF, Network case33_3, 2030, Summer...
[INFO] 			 - Running SMOPF, Network case33_3, 2030, Autumn...
[INFO] 			 - Running SMOPF, Network case33_3, 2030, Winter...
[INFO] 			 - Running SMOPF, Network case33_3, 2035, Spring...
[INFO] 			 - Running SMOPF, Network case33_3, 2035, Summer...
[INFO] 			 - Running SMOPF, Network case33_3, 2035, Autumn...
[INFO] 			 - Running SMOPF, Network case33_3, 2035, Winter...
[INFO] 		 - Updating transmission network...
[INFO] 			 - Running SMOPF, Network case9, 2025, Spring...
[INFO] 			 - Running SMOPF, Network case9, 2025, Summer...
[INFO] 			 - Running SMOPF, Network case9, 2025, Autumn...
[INFO] 			 - Running SMOPF, Network case9, 2025, Winter...
[INFO] 			 - Running SMOPF, Network case9, 2030, Spring...
[INFO] 			 - Running SMOPF, Network case9, 2030, Summer...
[INFO] 			 - Running SMOPF, Network case9, 2030, Autumn...
[INFO] 			 - Running SMOPF, Network case9, 2030, Winter...
[INFO] 			 - Running SMOPF, Network case9, 2035, Spring...
[INFO] 			 - Running SMOPF, Network case9, 2035, Summer...
[INFO] 			 - Running SMOPF, Network case9, 2035, Autumn...
[INFO] 			 - Running SMOPF, Network case9, 2035, Winter...
[TSO PROX] cycle=8 | updated_blocks=12 | held_failed_blocks=0 | V max=0.000825 | PF max=0.020949 | ESS max=0.005442
[TSO PROX][V MAX] node=7, year=2030, day=Autumn, period=5 | dV=0.284598 kV | normalized=0.000825
[TSO PROX][PF MAX] node=5, year=2035, day=Spring, period=7, type=P | delta=4.189823 MW | normalized=0.020949
[TSO PROX][ESS MAX] node=5, year=2035, day=Autumn, period=22, type=P | delta=0.010544 MW | normalized=0.005442
[INFO] 		 - Updating SharedESS...
[INFO] 		 - Running Shared ESS optimization (subproblem)...
[INFO] 			 - Node 5...
[INFO] Shared ESS complementarity diagnostics for ESS node=5: ratio_max=7.424235e-06 n_periods=288 mu_final=1.007024e-11 s_obj=1.000000e-01 eps=1.000000e-05 bound=2.900228e-03 measured=2.671434e-03
[INFO] 			 - Node 7...
[INFO] Shared ESS complementarity diagnostics for ESS node=7: ratio_max=7.658799e-06 n_periods=288 mu_final=1.003923e-11 s_obj=1.000000e-01 eps=1.000000e-05 bound=2.891297e-03 measured=2.673407e-03
[INFO] 			 - Node 9...
[INFO] Shared ESS complementarity diagnostics for ESS node=9: ratio_max=8.002953e-06 n_periods=288 mu_final=1.006195e-11 s_obj=1.000000e-01 eps=1.000000e-05 bound=2.897841e-03 measured=2.672964e-03
[INFO]		 - Primal residuals ok!
[INFO]		 - interface PF mean dual residual failed. 0.088719 > 0.010000
[RECOURSE JUMP] cycle=8 | abs_change=5.584925e+07 | tol=1.354078e+05 | signed_change=-5.584925e+07
[RECOURSE JUMP] Reconciliation | previous=1.354078e+09 | current=1.298229e+09 | block_delta=-5.584925e+07 | mismatch=-2.384186e-07
[RECOURSE JUMP] Aggregate signed changes:
  TSO | delta=-5.307339e+07
  DSO node=9 | delta=-1.464349e+06
  DSO node=5 | delta=-7.515469e+05
  DSO node=7 | delta=-5.599643e+05
  SALVAGE | delta=-2.248501e-52
[RECOURSE JUMP] Largest 10 block changes:
  TSO node=None year=2025 day=Winter | previous=1.286309e+08 | current=1.233957e+08 | delta=-5.235191e+06 | abs_delta=5.235191e+06
    [RECOURSE JUMP][TSO PROX] year=2025 day=Winter | V max=0.000405 | PF max=0.016312 | ESS max=0.002129
    [RECOURSE COMPONENTS] gen=-5.046006e+06 | flex=-1.891843e+05 | load_curt=+0.000000e+00 | res_curt=+0.000000e+00 | ess_usage=+0.000000e+00 | slacks=+6.721734e-12 | ess_comp=-7.386677e-04
    [SLACK COMPONENTS] voltage=+6.721734e-12 | node_P=+0.000000e+00 | node_Q=+0.000000e+00 | branch_ij=+0.000000e+00 | branch_ji=+0.000000e+00 | flex_P=+0.000000e+00 | flex_Q=+0.000000e+00
    [SLACK COMPONENT CHECK] classified_delta=+6.721734e-12 | objective_slack_delta=+6.721734e-12 | mismatch=+0.000000e+00
    [RECOURSE COMPONENT CHECK] classified_delta=-5.235191e+06 | block_delta=-5.235191e+06 | mismatch=+2.793968e-09
  TSO node=None year=2030 day=Winter | previous=8.207457e+07 | current=7.686598e+07 | delta=-5.208590e+06 | abs_delta=5.208590e+06
    [RECOURSE JUMP][TSO PROX] year=2030 day=Winter | V max=0.000384 | PF max=0.014553 | ESS max=0.000563
    [RECOURSE COMPONENTS] gen=-4.828049e+06 | flex=-3.805395e+05 | load_curt=+0.000000e+00 | res_curt=+0.000000e+00 | ess_usage=+0.000000e+00 | slacks=-7.838451e-08 | ess_comp=-8.478621e-01
    [SLACK COMPONENTS] voltage=-5.201894e-08 | node_P=+0.000000e+00 | node_Q=+0.000000e+00 | branch_ij=+0.000000e+00 | branch_ji=+0.000000e+00 | flex_P=-1.318279e-08 | flex_Q=-1.318279e-08
    [SLACK COMPONENT CHECK] classified_delta=-7.838451e-08 | objective_slack_delta=-7.838451e-08 | mismatch=-5.329071e-15
    [RECOURSE COMPONENT CHECK] classified_delta=-5.208590e+06 | block_delta=-5.208590e+06 | mismatch=+1.676381e-08
  TSO node=None year=2035 day=Winter | previous=8.371320e+07 | current=7.866664e+07 | delta=-5.046552e+06 | abs_delta=5.046552e+06
    [RECOURSE JUMP][TSO PROX] year=2035 day=Winter | V max=0.000436 | PF max=0.014828 | ESS max=0.001890
    [RECOURSE COMPONENTS] gen=-4.712190e+06 | flex=-3.502838e+05 | load_curt=+0.000000e+00 | res_curt=+0.000000e+00 | ess_usage=+0.000000e+00 | slacks=-4.398260e-12 | ess_comp=+1.592236e+04
    [SLACK COMPONENTS] voltage=-4.405365e-12 | node_P=+0.000000e+00 | node_Q=+0.000000e+00 | branch_ij=+0.000000e+00 | branch_ji=+0.000000e+00 | flex_P=+0.000000e+00 | flex_Q=+0.000000e+00
    [SLACK COMPONENT CHECK] classified_delta=-4.405365e-12 | objective_slack_delta=-4.398260e-12 | mismatch=-7.105427e-15
    [RECOURSE COMPONENT CHECK] classified_delta=-5.046552e+06 | block_delta=-5.046552e+06 | mismatch=+1.862645e-09
  TSO node=None year=2025 day=Autumn | previous=1.152351e+08 | current=1.102744e+08 | delta=-4.960663e+06 | abs_delta=4.960663e+06
    [RECOURSE JUMP][TSO PROX] year=2025 day=Autumn | V max=0.000411 | PF max=0.015552 | ESS max=0.002352
    [RECOURSE COMPONENTS] gen=-4.650725e+06 | flex=-3.099379e+05 | load_curt=+0.000000e+00 | res_curt=+0.000000e+00 | ess_usage=+0.000000e+00 | slacks=-8.084683e-09 | ess_comp=-2.616018e-03
    [SLACK COMPONENTS] voltage=-5.343757e-09 | node_P=+0.000000e+00 | node_Q=+0.000000e+00 | branch_ij=+0.000000e+00 | branch_ji=+0.000000e+00 | flex_P=-1.370452e-09 | flex_Q=-1.370452e-09
    [SLACK COMPONENT CHECK] classified_delta=-8.084661e-09 | objective_slack_delta=-8.084683e-09 | mismatch=+2.220446e-14
    [RECOURSE COMPONENT CHECK] classified_delta=-4.960663e+06 | block_delta=-4.960663e+06 | mismatch=-2.793968e-09
  TSO node=None year=2030 day=Autumn | previous=6.603621e+07 | current=6.134056e+07 | delta=-4.695645e+06 | abs_delta=4.695645e+06
    [RECOURSE JUMP][TSO PROX] year=2030 day=Autumn | V max=0.000825 | PF max=0.013948 | ESS max=0.000624
    [RECOURSE COMPONENTS] gen=-3.473173e+06 | flex=-1.222471e+06 | load_curt=+0.000000e+00 | res_curt=+0.000000e+00 | ess_usage=+0.000000e+00 | slacks=-4.315837e-11 | ess_comp=+3.153415e-03
    [SLACK COMPONENTS] voltage=-4.271072e-11 | node_P=+0.000000e+00 | node_Q=+0.000000e+00 | branch_ij=+0.000000e+00 | branch_ji=+0.000000e+00 | flex_P=-2.162714e-13 | flex_Q=-2.162714e-13
    [SLACK COMPONENT CHECK] classified_delta=-4.314327e-11 | objective_slack_delta=-4.315837e-11 | mismatch=+1.509903e-14
    [RECOURSE COMPONENT CHECK] classified_delta=-4.695645e+06 | block_delta=-4.695645e+06 | mismatch=+0.000000e+00
  TSO node=None year=2035 day=Spring | previous=1.406137e+08 | current=1.359495e+08 | delta=-4.664186e+06 | abs_delta=4.664186e+06
    [RECOURSE JUMP][TSO PROX] year=2035 day=Spring | V max=0.000473 | PF max=0.020949 | ESS max=0.003149
    [RECOURSE COMPONENTS] gen=-4.483045e+06 | flex=-2.077744e+05 | load_curt=+0.000000e+00 | res_curt=+0.000000e+00 | ess_usage=+0.000000e+00 | slacks=-2.494005e-12 | ess_comp=+2.663405e+04
    [SLACK COMPONENTS] voltage=-1.264766e-12 | node_P=+0.000000e+00 | node_Q=+0.000000e+00 | branch_ij=+0.000000e+00 | branch_ji=+0.000000e+00 | flex_P=-6.212808e-13 | flex_Q=-6.212808e-13
    [SLACK COMPONENT CHECK] classified_delta=-2.507328e-12 | objective_slack_delta=-2.494005e-12 | mismatch=-1.332268e-14
    [RECOURSE COMPONENT CHECK] classified_delta=-4.664186e+06 | block_delta=-4.664186e+06 | mismatch=+2.793968e-09
  TSO node=None year=2025 day=Spring | previous=1.327423e+08 | current=1.282070e+08 | delta=-4.535299e+06 | abs_delta=4.535299e+06
    [RECOURSE JUMP][TSO PROX] year=2025 day=Spring | V max=0.000479 | PF max=0.015746 | ESS max=0.002442
    [RECOURSE COMPONENTS] gen=-4.207099e+06 | flex=-3.282002e+05 | load_curt=+0.000000e+00 | res_curt=+0.000000e+00 | ess_usage=+0.000000e+00 | slacks=-3.541842e-10 | ess_comp=-8.832580e-04
    [SLACK COMPONENTS] voltage=-2.314948e-10 | node_P=+0.000000e+00 | node_Q=+0.000000e+00 | branch_ij=+0.000000e+00 | branch_ji=+0.000000e+00 | flex_P=-6.133405e-11 | flex_Q=-6.133405e-11
    [SLACK COMPONENT CHECK] classified_delta=-3.541629e-10 | objective_slack_delta=-3.541842e-10 | mismatch=+2.131628e-14
    [RECOURSE COMPONENT CHECK] classified_delta=-4.535299e+06 | block_delta=-4.535299e+06 | mismatch=+2.142042e-08
  TSO node=None year=2025 day=Summer | previous=1.448442e+08 | current=1.403767e+08 | delta=-4.467460e+06 | abs_delta=4.467460e+06
    [RECOURSE JUMP][TSO PROX] year=2025 day=Summer | V max=0.000431 | PF max=0.015375 | ESS max=0.002374
    [RECOURSE COMPONENTS] gen=-4.005568e+06 | flex=-4.618926e+05 | load_curt=+0.000000e+00 | res_curt=+0.000000e+00 | ess_usage=+0.000000e+00 | slacks=+5.293543e-12 | ess_comp=-1.075017e-03
    [SLACK COMPONENTS] voltage=+5.293543e-12 | node_P=+0.000000e+00 | node_Q=+0.000000e+00 | branch_ij=+0.000000e+00 | branch_ji=+0.000000e+00 | flex_P=+4.440892e-16 | flex_Q=+4.440892e-16
    [SLACK COMPONENT CHECK] classified_delta=+5.294432e-12 | objective_slack_delta=+5.293543e-12 | mismatch=+8.881784e-16
    [RECOURSE COMPONENT CHECK] classified_delta=-4.467460e+06 | block_delta=-4.467460e+06 | mismatch=+9.313226e-10
  TSO node=None year=2030 day=Spring | previous=1.154049e+08 | current=1.112409e+08 | delta=-4.163993e+06 | abs_delta=4.163993e+06
    [RECOURSE JUMP][TSO PROX] year=2030 day=Spring | V max=0.000484 | PF max=0.015338 | ESS max=0.000341
    [RECOURSE COMPONENTS] gen=-3.670445e+06 | flex=-4.935475e+05 | load_curt=+0.000000e+00 | res_curt=+0.000000e+00 | ess_usage=+0.000000e+00 | slacks=-1.000244e-07 | ess_comp=-3.984911e-01
    [SLACK COMPONENTS] voltage=-6.567451e-08 | node_P=+0.000000e+00 | node_Q=+0.000000e+00 | branch_ij=+0.000000e+00 | branch_ji=+0.000000e+00 | flex_P=-1.717495e-08 | flex_Q=-1.717495e-08
    [SLACK COMPONENT CHECK] classified_delta=-1.000244e-07 | objective_slack_delta=-1.000244e-07 | mismatch=+7.105427e-15
    [RECOURSE COMPONENT CHECK] classified_delta=-4.163993e+06 | block_delta=-4.163993e+06 | mismatch=+3.026798e-08
  TSO node=None year=2030 day=Summer | previous=1.240771e+08 | current=1.199236e+08 | delta=-4.153482e+06 | abs_delta=4.153482e+06
    [RECOURSE JUMP][TSO PROX] year=2030 day=Summer | V max=0.000347 | PF max=0.017338 | ESS max=0.000597
    [RECOURSE COMPONENTS] gen=-3.438599e+06 | flex=-7.148822e+05 | load_curt=+0.000000e+00 | res_curt=+0.000000e+00 | ess_usage=+0.000000e+00 | slacks=-1.855722e-07 | ess_comp=-6.623157e-01
    [SLACK COMPONENTS] voltage=-1.209760e-07 | node_P=+0.000000e+00 | node_Q=+0.000000e+00 | branch_ij=+0.000000e+00 | branch_ji=+0.000000e+00 | flex_P=-3.229808e-08 | flex_Q=-3.229808e-08
    [SLACK COMPONENT CHECK] classified_delta=-1.855722e-07 | objective_slack_delta=-1.855722e-07 | mismatch=-1.509903e-14
    [RECOURSE COMPONENT CHECK] classified_delta=-4.153482e+06 | block_delta=-4.153482e+06 | mismatch=-4.284084e-08
[INFO]		 - Recourse stationarity failed. 55849247.526771 > 135407.825900
[ADMM RHO] V | primal max ratio=0.028 | primal mean ratio=0.056 | primal selected=0.056 | dual mean ratio=0.035 | increase threshold=5.0 | decrease threshold=5.0 | action=held
[ADMM RHO] PF | primal max ratio=0.628 | primal mean ratio=0.249 | primal selected=0.628 | dual mean ratio=8.872 | increase threshold=5.0 | decrease threshold=3.0 | action=decreased
[ADMM RHO] ESS | primal max ratio=0.138 | primal mean ratio=0.045 | primal selected=0.138 | dual mean ratio=0.061 | increase threshold=5.0 | decrease threshold=5.0 | action=held
[INFO]		 - ADMM cycle 8 | Primal (V max/mean | PF max/mean | ESS max/mean) = 0.000279/0.000056 | 0.006282/0.000249 | 0.013841/0.000450 | Dual (V max/mean | PF max/mean | ESS max/mean) = 0.001856/0.000351 | 0.371656/0.088719 | 0.023859/0.000613 | Recourse change = 55849247.526771 (tol. 135407.825900) | Stable cycles = 0/1 | Penalty actions (V/PF/ESS) = held/decreased/held
[INFO] 	 - Iteration 8: 39.73 s
[INFO] 	 - ADMM Iteration 9
[INFO] 		 - Updating distribution networks:
[INFO] 			 - Running SMOPF, Network case33_1, 2025, Spring...
[INFO] 			 - Running SMOPF, Network case33_1, 2025, Summer...
[INFO] 			 - Running SMOPF, Network case33_1, 2025, Autumn...
[INFO] 			 - Running SMOPF, Network case33_1, 2025, Winter...
[INFO] 			 - Running SMOPF, Network case33_1, 2030, Spring...
[INFO] 			 - Running SMOPF, Network case33_1, 2030, Summer...
[INFO] 			 - Running SMOPF, Network case33_1, 2030, Autumn...
[INFO] 			 - Running SMOPF, Network case33_1, 2030, Winter...
[INFO] 			 - Running SMOPF, Network case33_1, 2035, Spring...
[INFO] 			 - Running SMOPF, Network case33_1, 2035, Summer...
[INFO] 			 - Running SMOPF, Network case33_1, 2035, Autumn...
[INFO] 			 - Running SMOPF, Network case33_1, 2035, Winter...
[INFO] 			 - Running SMOPF, Network case33_2, 2025, Spring...
[INFO] 			 - Running SMOPF, Network case33_2, 2025, Summer...
[INFO] 			 - Running SMOPF, Network case33_2, 2025, Autumn...
[INFO] 			 - Running SMOPF, Network case33_2, 2025, Winter...
[INFO] 			 - Running SMOPF, Network case33_2, 2030, Spring...
[INFO] 			 - Running SMOPF, Network case33_2, 2030, Summer...
[INFO] 			 - Running SMOPF, Network case33_2, 2030, Autumn...
[INFO] 			 - Running SMOPF, Network case33_2, 2030, Winter...
[INFO] 			 - Running SMOPF, Network case33_2, 2035, Spring...
[INFO] 			 - Running SMOPF, Network case33_2, 2035, Summer...
[INFO] 			 - Running SMOPF, Network case33_2, 2035, Autumn...
[INFO] 			 - Running SMOPF, Network case33_2, 2035, Winter...
[INFO] 			 - Running SMOPF, Network case33_3, 2025, Spring...
[INFO] 			 - Running SMOPF, Network case33_3, 2025, Summer...
[INFO] 			 - Running SMOPF, Network case33_3, 2025, Autumn...
[INFO] 			 - Running SMOPF, Network case33_3, 2025, Winter...
[INFO] 			 - Running SMOPF, Network case33_3, 2030, Spring...
[INFO] 			 - Running SMOPF, Network case33_3, 2030, Summer...
[INFO] 			 - Running SMOPF, Network case33_3, 2030, Autumn...
[INFO] 			 - Running SMOPF, Network case33_3, 2030, Winter...
[INFO] 			 - Running SMOPF, Network case33_3, 2035, Spring...
[INFO] 			 - Running SMOPF, Network case33_3, 2035, Summer...
[INFO] 			 - Running SMOPF, Network case33_3, 2035, Autumn...
[INFO] 			 - Running SMOPF, Network case33_3, 2035, Winter...
[INFO] 		 - Updating transmission network...
[INFO] 			 - Running SMOPF, Network case9, 2025, Spring...
[INFO] 			 - Running SMOPF, Network case9, 2025, Summer...
[INFO] 			 - Running SMOPF, Network case9, 2025, Autumn...
[INFO] 			 - Running SMOPF, Network case9, 2025, Winter...
[INFO] 			 - Running SMOPF, Network case9, 2030, Spring...
[INFO] 			 - Running SMOPF, Network case9, 2030, Summer...
[INFO] 			 - Running SMOPF, Network case9, 2030, Autumn...
[INFO] 			 - Running SMOPF, Network case9, 2030, Winter...
[INFO] 			 - Running SMOPF, Network case9, 2035, Spring...
[INFO] 			 - Running SMOPF, Network case9, 2035, Summer...
[INFO] 			 - Running SMOPF, Network case9, 2035, Autumn...
[INFO] 			 - Running SMOPF, Network case9, 2035, Winter...
[TSO PROX] cycle=9 | updated_blocks=12 | held_failed_blocks=0 | V max=0.000743 | PF max=0.023302 | ESS max=0.007050
[TSO PROX][V MAX] node=7, year=2030, day=Autumn, period=5 | dV=0.256336 kV | normalized=0.000743
[TSO PROX][PF MAX] node=5, year=2035, day=Summer, period=22, type=P | delta=4.660436 MW | normalized=0.023302
[TSO PROX][ESS MAX] node=7, year=2030, day=Autumn, period=1, type=P | delta=0.013659 MW | normalized=0.007050
[INFO] 		 - Updating SharedESS...
[INFO] 		 - Running Shared ESS optimization (subproblem)...
[INFO] 			 - Node 5...
[INFO] Shared ESS complementarity diagnostics for ESS node=5: ratio_max=9.219334e-06 n_periods=288 mu_final=1.007872e-11 s_obj=1.000000e-01 eps=1.000000e-05 bound=2.902673e-03 measured=2.677062e-03
[INFO] 			 - Node 7...
[INFO] Shared ESS complementarity diagnostics for ESS node=7: ratio_max=7.769320e-06 n_periods=288 mu_final=1.005050e-11 s_obj=1.000000e-01 eps=1.000000e-05 bound=2.894545e-03 measured=2.676492e-03
[INFO] 			 - Node 9...
[INFO] Shared ESS complementarity diagnostics for ESS node=9: ratio_max=8.953513e-06 n_periods=288 mu_final=1.008028e-11 s_obj=1.000000e-01 eps=1.000000e-05 bound=2.903121e-03 measured=2.675653e-03
[DIAG][PF MAX] node=5, year=2025, day=Autumn, period=19, type=P | TSO=46.960333 MW, DSO=44.624708 MW, diff=2.335626 MW, rating=200.000000 MVA, normalized=0.011678, rho(TSO/DSO)=11.705533/11.705533
[INFO]		 - interface PF max primal residual failed. 0.011678 > 0.010000
[INFO]		 - interface PF mean dual residual failed. 0.077485 > 0.010000
[RECOURSE JUMP] cycle=9 | abs_change=6.508993e+07 | tol=1.298229e+05 | signed_change=-6.508993e+07
[RECOURSE JUMP] Reconciliation | previous=1.298229e+09 | current=1.233139e+09 | block_delta=-6.508993e+07 | mismatch=-7.152557e-07
[RECOURSE JUMP] Aggregate signed changes:
  TSO | delta=-6.568498e+07
  DSO node=5 | delta=+1.812476e+06
  DSO node=9 | delta=-6.360450e+05
  DSO node=7 | delta=-5.813789e+05
  SALVAGE | delta=+0.000000e+00
[RECOURSE JUMP] Largest 10 block changes:
  TSO node=None year=2035 day=Winter | previous=7.866664e+07 | current=7.163966e+07 | delta=-7.026979e+06 | abs_delta=7.026979e+06
    [RECOURSE JUMP][TSO PROX] year=2035 day=Winter | V max=0.000442 | PF max=0.021625 | ESS max=0.005127
    [RECOURSE COMPONENTS] gen=-6.587488e+06 | flex=-4.397204e+05 | load_curt=+0.000000e+00 | res_curt=+0.000000e+00 | ess_usage=+0.000000e+00 | slacks=-7.183587e-12 | ess_comp=+2.289628e+02
    [SLACK COMPONENTS] voltage=-7.183587e-12 | node_P=+0.000000e+00 | node_Q=+0.000000e+00 | branch_ij=+0.000000e+00 | branch_ji=+0.000000e+00 | flex_P=+0.000000e+00 | flex_Q=+0.000000e+00
    [SLACK COMPONENT CHECK] classified_delta=-7.183587e-12 | objective_slack_delta=-7.183587e-12 | mismatch=+0.000000e+00
    [RECOURSE COMPONENT CHECK] classified_delta=-7.026979e+06 | block_delta=-7.026979e+06 | mismatch=-1.955777e-08
  TSO node=None year=2025 day=Winter | previous=1.233957e+08 | current=1.164262e+08 | delta=-6.969474e+06 | abs_delta=6.969474e+06
    [RECOURSE JUMP][TSO PROX] year=2025 day=Winter | V max=0.000385 | PF max=0.021005 | ESS max=0.000975
    [RECOURSE COMPONENTS] gen=-6.841286e+06 | flex=-1.281883e+05 | load_curt=+0.000000e+00 | res_curt=+0.000000e+00 | ess_usage=+0.000000e+00 | slacks=+2.984279e-13 | ess_comp=-1.417058e-04
    [SLACK COMPONENTS] voltage=+2.984279e-13 | node_P=+0.000000e+00 | node_Q=+0.000000e+00 | branch_ij=+0.000000e+00 | branch_ji=+0.000000e+00 | flex_P=+0.000000e+00 | flex_Q=+0.000000e+00
    [SLACK COMPONENT CHECK] classified_delta=+2.984279e-13 | objective_slack_delta=+2.984279e-13 | mismatch=+0.000000e+00
    [RECOURSE COMPONENT CHECK] classified_delta=-6.969474e+06 | block_delta=-6.969474e+06 | mismatch=+1.862645e-09
  TSO node=None year=2030 day=Autumn | previous=6.134056e+07 | current=5.493966e+07 | delta=-6.400908e+06 | abs_delta=6.400908e+06
    [RECOURSE JUMP][TSO PROX] year=2030 day=Autumn | V max=0.000743 | PF max=0.020199 | ESS max=0.007050
    [RECOURSE COMPONENTS] gen=-4.698137e+06 | flex=-1.702771e+06 | load_curt=+0.000000e+00 | res_curt=+0.000000e+00 | ess_usage=+0.000000e+00 | slacks=-3.910827e-11 | ess_comp=+1.105009e-03
    [SLACK COMPONENTS] voltage=-3.910827e-11 | node_P=+0.000000e+00 | node_Q=+0.000000e+00 | branch_ij=+0.000000e+00 | branch_ji=+0.000000e+00 | flex_P=+6.217249e-15 | flex_Q=+6.217249e-15
    [SLACK COMPONENT CHECK] classified_delta=-3.909584e-11 | objective_slack_delta=-3.910827e-11 | mismatch=+1.243450e-14
    [RECOURSE COMPONENT CHECK] classified_delta=-6.400908e+06 | block_delta=-6.400908e+06 | mismatch=+2.793968e-09
  TSO node=None year=2030 day=Winter | previous=7.686598e+07 | current=7.066580e+07 | delta=-6.200179e+06 | abs_delta=6.200179e+06
    [RECOURSE JUMP][TSO PROX] year=2030 day=Winter | V max=0.000415 | PF max=0.019161 | ESS max=0.006662
    [RECOURSE COMPONENTS] gen=-5.797375e+06 | flex=-4.028032e+05 | load_curt=+0.000000e+00 | res_curt=+0.000000e+00 | ess_usage=+0.000000e+00 | slacks=+5.137224e-12 | ess_comp=-9.114955e-01
    [SLACK COMPONENTS] voltage=+8.121503e-12 | node_P=+0.000000e+00 | node_Q=+0.000000e+00 | branch_ij=+0.000000e+00 | branch_ji=+0.000000e+00 | flex_P=-1.478817e-12 | flex_Q=-1.478817e-12
    [SLACK COMPONENT CHECK] classified_delta=+5.163869e-12 | objective_slack_delta=+5.137224e-12 | mismatch=+2.664535e-14
    [RECOURSE COMPONENT CHECK] classified_delta=-6.200179e+06 | block_delta=-6.200179e+06 | mismatch=-1.024455e-08
  TSO node=None year=2035 day=Spring | previous=1.359495e+08 | current=1.299338e+08 | delta=-6.015772e+06 | abs_delta=6.015772e+06
    [RECOURSE JUMP][TSO PROX] year=2035 day=Spring | V max=0.000379 | PF max=0.022906 | ESS max=0.005274
    [RECOURSE COMPONENTS] gen=-5.963927e+06 | flex=-6.090680e+04 | load_curt=+0.000000e+00 | res_curt=+0.000000e+00 | ess_usage=+0.000000e+00 | slacks=+3.623768e-13 | ess_comp=+9.061596e+03
    [SLACK COMPONENTS] voltage=+4.263256e-13 | node_P=+0.000000e+00 | node_Q=+0.000000e+00 | branch_ij=+0.000000e+00 | branch_ji=+0.000000e+00 | flex_P=-2.753353e-14 | flex_Q=-2.753353e-14
    [SLACK COMPONENT CHECK] classified_delta=+3.712586e-13 | objective_slack_delta=+3.623768e-13 | mismatch=+8.881784e-15
    [RECOURSE COMPONENT CHECK] classified_delta=-6.015772e+06 | block_delta=-6.015772e+06 | mismatch=+1.303852e-08
  TSO node=None year=2025 day=Autumn | previous=1.102744e+08 | current=1.042859e+08 | delta=-5.988496e+06 | abs_delta=5.988496e+06
    [RECOURSE JUMP][TSO PROX] year=2025 day=Autumn | V max=0.000465 | PF max=0.019399 | ESS max=0.001066
    [RECOURSE COMPONENTS] gen=-5.864497e+06 | flex=-1.239987e+05 | load_curt=+0.000000e+00 | res_curt=+0.000000e+00 | ess_usage=+0.000000e+00 | slacks=-1.788349e-08 | ess_comp=-1.650824e-03
    [SLACK COMPONENTS] voltage=-1.181959e-08 | node_P=+0.000000e+00 | node_Q=+0.000000e+00 | branch_ij=+0.000000e+00 | branch_ji=+0.000000e+00 | flex_P=-3.031948e-09 | flex_Q=-3.031948e-09
    [SLACK COMPONENT CHECK] classified_delta=-1.788348e-08 | objective_slack_delta=-1.788349e-08 | mismatch=+4.440892e-15
    [RECOURSE COMPONENT CHECK] classified_delta=-5.988496e+06 | block_delta=-5.988496e+06 | mismatch=+1.583248e-08
  TSO node=None year=2030 day=Summer | previous=1.199236e+08 | current=1.146617e+08 | delta=-5.261896e+06 | abs_delta=5.261896e+06
    [RECOURSE JUMP][TSO PROX] year=2030 day=Summer | V max=0.000480 | PF max=0.019586 | ESS max=0.006541
    [RECOURSE COMPONENTS] gen=-4.368075e+06 | flex=-8.938201e+05 | load_curt=+0.000000e+00 | res_curt=+0.000000e+00 | ess_usage=+0.000000e+00 | slacks=-3.250181e-07 | ess_comp=-1.080267e+00
    [SLACK COMPONENTS] voltage=-2.120044e-07 | node_P=+0.000000e+00 | node_Q=+0.000000e+00 | branch_ij=+0.000000e+00 | branch_ji=+0.000000e+00 | flex_P=-5.650683e-08 | flex_Q=-5.650683e-08
    [SLACK COMPONENT CHECK] classified_delta=-3.250181e-07 | objective_slack_delta=-3.250181e-07 | mismatch=+1.776357e-14
    [RECOURSE COMPONENT CHECK] classified_delta=-5.261896e+06 | block_delta=-5.261896e+06 | mismatch=+2.235174e-08
  TSO node=None year=2025 day=Summer | previous=1.403767e+08 | current=1.355071e+08 | delta=-4.869651e+06 | abs_delta=4.869651e+06
    [RECOURSE JUMP][TSO PROX] year=2025 day=Summer | V max=0.000589 | PF max=0.022581 | ESS max=0.001142
    [RECOURSE COMPONENTS] gen=-4.601356e+06 | flex=-2.682954e+05 | load_curt=+0.000000e+00 | res_curt=+0.000000e+00 | ess_usage=+0.000000e+00 | slacks=+6.465939e-13 | ess_comp=-3.009296e-04
    [SLACK COMPONENTS] voltage=+6.465939e-13 | node_P=+0.000000e+00 | node_Q=+0.000000e+00 | branch_ij=+0.000000e+00 | branch_ji=+0.000000e+00 | flex_P=+8.881784e-16 | flex_Q=+8.881784e-16
    [SLACK COMPONENT CHECK] classified_delta=+6.483702e-13 | objective_slack_delta=+6.465939e-13 | mismatch=+1.776357e-15
    [RECOURSE COMPONENT CHECK] classified_delta=-4.869651e+06 | block_delta=-4.869651e+06 | mismatch=+5.587935e-09
  TSO node=None year=2025 day=Spring | previous=1.282070e+08 | current=1.233424e+08 | delta=-4.864578e+06 | abs_delta=4.864578e+06
    [RECOURSE JUMP][TSO PROX] year=2025 day=Spring | V max=0.000468 | PF max=0.021866 | ESS max=0.001168
    [RECOURSE COMPONENTS] gen=-4.695986e+06 | flex=-1.685918e+05 | load_curt=+0.000000e+00 | res_curt=+0.000000e+00 | ess_usage=+0.000000e+00 | slacks=+1.980467e-09 | ess_comp=-2.273998e-04
    [SLACK COMPONENTS] voltage=+1.308138e-09 | node_P=+0.000000e+00 | node_Q=+0.000000e+00 | branch_ij=+0.000000e+00 | branch_ji=+0.000000e+00 | flex_P=+3.361578e-10 | flex_Q=+3.361578e-10
    [SLACK COMPONENT CHECK] classified_delta=+1.980453e-09 | objective_slack_delta=+1.980467e-09 | mismatch=-1.421085e-14
    [RECOURSE COMPONENT CHECK] classified_delta=-4.864578e+06 | block_delta=-4.864578e+06 | mismatch=+3.725290e-09
  TSO node=None year=2030 day=Spring | previous=1.112409e+08 | current=1.067686e+08 | delta=-4.472254e+06 | abs_delta=4.472254e+06
    [RECOURSE JUMP][TSO PROX] year=2030 day=Spring | V max=0.000474 | PF max=0.020297 | ESS max=0.004117
    [RECOURSE COMPONENTS] gen=-3.974450e+06 | flex=-4.978021e+05 | load_curt=+0.000000e+00 | res_curt=+0.000000e+00 | ess_usage=+0.000000e+00 | slacks=-1.567759e-07 | ess_comp=-1.818509e+00
    [SLACK COMPONENTS] voltage=-1.029826e-07 | node_P=+0.000000e+00 | node_Q=+0.000000e+00 | branch_ij=+0.000000e+00 | branch_ji=+0.000000e+00 | flex_P=-2.689664e-08 | flex_Q=-2.689664e-08
    [SLACK COMPONENT CHECK] classified_delta=-1.567759e-07 | objective_slack_delta=-1.567759e-07 | mismatch=-7.105427e-15
    [RECOURSE COMPONENT CHECK] classified_delta=-4.472254e+06 | block_delta=-4.472254e+06 | mismatch=+3.725290e-09
[INFO]		 - Recourse stationarity failed. 65089931.564491 > 129822.901148
[ADMM RHO] V | primal max ratio=0.030 | primal mean ratio=0.055 | primal selected=0.055 | dual mean ratio=0.036 | increase threshold=5.0 | decrease threshold=5.0 | action=held
[ADMM RHO] PF | primal max ratio=1.168 | primal mean ratio=0.524 | primal selected=1.168 | dual mean ratio=7.749 | increase threshold=5.0 | decrease threshold=3.0 | action=decreased
[ADMM RHO] ESS | primal max ratio=0.070 | primal mean ratio=0.037 | primal selected=0.070 | dual mean ratio=0.057 | increase threshold=5.0 | decrease threshold=5.0 | action=held
[INFO]		 - ADMM cycle 9 | Primal (V max/mean | PF max/mean | ESS max/mean) = 0.000298/0.000055 | 0.011678/0.000524 | 0.007045/0.000372 | Dual (V max/mean | PF max/mean | ESS max/mean) = 0.001672/0.000361 | 0.276872/0.077485 | 0.023376/0.000571 | Recourse change = 65089931.564491 (tol. 129822.901148) | Stable cycles = 0/1 | Penalty actions (V/PF/ESS) = held/decreased/held
[INFO] 	 - Iteration 9: 42.89 s
[INFO] 	 - ADMM Iteration 10
[INFO] 		 - Updating distribution networks:
[INFO] 			 - Running SMOPF, Network case33_1, 2025, Spring...
[INFO] 			 - Running SMOPF, Network case33_1, 2025, Summer...
[INFO] 			 - Running SMOPF, Network case33_1, 2025, Autumn...
[INFO] 			 - Running SMOPF, Network case33_1, 2025, Winter...
[INFO] 			 - Running SMOPF, Network case33_1, 2030, Spring...
[INFO] 			 - Running SMOPF, Network case33_1, 2030, Summer...
[INFO] 			 - Running SMOPF, Network case33_1, 2030, Autumn...
[INFO] 			 - Running SMOPF, Network case33_1, 2030, Winter...
[INFO] 			 - Running SMOPF, Network case33_1, 2035, Spring...
[INFO] 			 - Running SMOPF, Network case33_1, 2035, Summer...
[INFO] 			 - Running SMOPF, Network case33_1, 2035, Autumn...
[INFO] 			 - Running SMOPF, Network case33_1, 2035, Winter...
[INFO] 			 - Running SMOPF, Network case33_2, 2025, Spring...
[INFO] 			 - Running SMOPF, Network case33_2, 2025, Summer...
[INFO] 			 - Running SMOPF, Network case33_2, 2025, Autumn...
[INFO] 			 - Running SMOPF, Network case33_2, 2025, Winter...
[INFO] 			 - Running SMOPF, Network case33_2, 2030, Spring...
[INFO] 			 - Running SMOPF, Network case33_2, 2030, Summer...
[INFO] 			 - Running SMOPF, Network case33_2, 2030, Autumn...
[INFO] 			 - Running SMOPF, Network case33_2, 2030, Winter...
[INFO] 			 - Running SMOPF, Network case33_2, 2035, Spring...
[INFO] 			 - Running SMOPF, Network case33_2, 2035, Summer...
[INFO] 			 - Running SMOPF, Network case33_2, 2035, Autumn...
[INFO] 			 - Running SMOPF, Network case33_2, 2035, Winter...
[INFO] 			 - Running SMOPF, Network case33_3, 2025, Spring...
[INFO] 			 - Running SMOPF, Network case33_3, 2025, Summer...
[INFO] 			 - Running SMOPF, Network case33_3, 2025, Autumn...
[INFO] 			 - Running SMOPF, Network case33_3, 2025, Winter...
[INFO] 			 - Running SMOPF, Network case33_3, 2030, Spring...
[INFO] 			 - Running SMOPF, Network case33_3, 2030, Summer...
[INFO] 			 - Running SMOPF, Network case33_3, 2030, Autumn...
[INFO] 			 - Running SMOPF, Network case33_3, 2030, Winter...
[INFO] 			 - Running SMOPF, Network case33_3, 2035, Spring...
[INFO] 			 - Running SMOPF, Network case33_3, 2035, Summer...
[INFO] 			 - Running SMOPF, Network case33_3, 2035, Autumn...
[INFO] 			 - Running SMOPF, Network case33_3, 2035, Winter...
[INFO] 		 - Updating transmission network...
[INFO] 			 - Running SMOPF, Network case9, 2025, Spring...
[INFO] 			 - Running SMOPF, Network case9, 2025, Summer...
[INFO] 			 - Running SMOPF, Network case9, 2025, Autumn...
[INFO] 			 - Running SMOPF, Network case9, 2025, Winter...
[INFO] 			 - Running SMOPF, Network case9, 2030, Spring...
[INFO] 			 - Running SMOPF, Network case9, 2030, Summer...
[INFO] 			 - Running SMOPF, Network case9, 2030, Autumn...
[INFO] 			 - Running SMOPF, Network case9, 2030, Winter...
[INFO] 			 - Running SMOPF, Network case9, 2035, Spring...
[INFO] 			 - Running SMOPF, Network case9, 2035, Summer...
[INFO] 			 - Running SMOPF, Network case9, 2035, Autumn...
[INFO] 			 - Running SMOPF, Network case9, 2035, Winter...
[TSO PROX] cycle=10 | updated_blocks=12 | held_failed_blocks=0 | V max=0.000789 | PF max=0.033035 | ESS max=0.006671
[TSO PROX][V MAX] node=5, year=2035, day=Summer, period=22 | dV=0.272124 kV | normalized=0.000789
[TSO PROX][PF MAX] node=9, year=2035, day=Spring, period=7, type=P | delta=4.955198 MW | normalized=0.033035
[TSO PROX][ESS MAX] node=7, year=2030, day=Autumn, period=1, type=P | delta=0.012924 MW | normalized=0.006671
[INFO] 		 - Updating SharedESS...
[INFO] 		 - Running Shared ESS optimization (subproblem)...
[INFO] 			 - Node 5...
[INFO] Shared ESS complementarity diagnostics for ESS node=5: ratio_max=8.557979e-06 n_periods=288 mu_final=1.008657e-11 s_obj=1.000000e-01 eps=1.000000e-05 bound=2.904932e-03 measured=2.679476e-03
[INFO] 			 - Node 7...
[INFO] Shared ESS complementarity diagnostics for ESS node=7: ratio_max=8.615251e-06 n_periods=288 mu_final=1.006183e-11 s_obj=1.000000e-01 eps=1.000000e-05 bound=2.897808e-03 measured=2.681716e-03
[INFO] 			 - Node 9...
[INFO] Shared ESS complementarity diagnostics for ESS node=9: ratio_max=7.709105e-06 n_periods=288 mu_final=1.007707e-11 s_obj=1.000000e-01 eps=1.000000e-05 bound=2.902197e-03 measured=2.672690e-03
[DIAG][PF MAX] node=5, year=2030, day=Autumn, period=8, type=P | TSO=38.237719 MW, DSO=35.530122 MW, diff=2.707596 MW, rating=200.000000 MVA, normalized=0.013538, rho(TSO/DSO)=7.803688/7.803688
[INFO]		 - interface PF max primal residual failed. 0.013538 > 0.010000
[INFO]		 - interface PF mean dual residual failed. 0.065530 > 0.010000
[RECOURSE JUMP] cycle=10 | abs_change=7.458671e+07 | tol=1.233139e+05 | signed_change=-7.458671e+07
[RECOURSE JUMP] Reconciliation | previous=1.233139e+09 | current=1.158552e+09 | block_delta=-7.458671e+07 | mismatch=+9.536743e-07
[RECOURSE JUMP] Aggregate signed changes:
  TSO | delta=-7.840067e+07
  DSO node=5 | delta=+3.667541e+06
  DSO node=9 | delta=+4.629407e+05
  DSO node=7 | delta=-3.165277e+05
  SALVAGE | delta=+3.747502e-53
[RECOURSE JUMP] Largest 10 block changes:
  TSO node=None year=2035 day=Winter | previous=7.163966e+07 | current=6.221177e+07 | delta=-9.427897e+06 | abs_delta=9.427897e+06
    [RECOURSE JUMP][TSO PROX] year=2035 day=Winter | V max=0.000496 | PF max=0.031133 | ESS max=0.004869
    [RECOURSE COMPONENTS] gen=-8.935354e+06 | flex=-4.826564e+05 | load_curt=+0.000000e+00 | res_curt=+0.000000e+00 | ess_usage=+0.000000e+00 | slacks=-9.556800e-12 | ess_comp=-9.887226e+03
    [SLACK COMPONENTS] voltage=-9.556800e-12 | node_P=+0.000000e+00 | node_Q=+0.000000e+00 | branch_ij=+0.000000e+00 | branch_ji=+0.000000e+00 | flex_P=+0.000000e+00 | flex_Q=+0.000000e+00
    [SLACK COMPONENT CHECK] classified_delta=-9.556800e-12 | objective_slack_delta=-9.556800e-12 | mismatch=+0.000000e+00
    [RECOURSE COMPONENT CHECK] classified_delta=-9.427897e+06 | block_delta=-9.427897e+06 | mismatch=+5.587935e-09
  TSO node=None year=2025 day=Winter | previous=1.164262e+08 | current=1.078392e+08 | delta=-8.587018e+06 | abs_delta=8.587018e+06
    [RECOURSE JUMP][TSO PROX] year=2025 day=Winter | V max=0.000413 | PF max=0.029208 | ESS max=0.000247
    [RECOURSE COMPONENTS] gen=-8.716137e+06 | flex=+1.291193e+05 | load_curt=+0.000000e+00 | res_curt=+0.000000e+00 | ess_usage=+0.000000e+00 | slacks=-5.243805e-12 | ess_comp=+2.635176e-04
    [SLACK COMPONENTS] voltage=-5.243805e-12 | node_P=+0.000000e+00 | node_Q=+0.000000e+00 | branch_ij=+0.000000e+00 | branch_ji=+0.000000e+00 | flex_P=+0.000000e+00 | flex_Q=+0.000000e+00
    [SLACK COMPONENT CHECK] classified_delta=-5.243805e-12 | objective_slack_delta=-5.243805e-12 | mismatch=+0.000000e+00
    [RECOURSE COMPONENT CHECK] classified_delta=-8.587018e+06 | block_delta=-8.587018e+06 | mismatch=-9.313226e-09
  TSO node=None year=2030 day=Winter | previous=7.066580e+07 | current=6.246066e+07 | delta=-8.205140e+06 | abs_delta=8.205140e+06
    [RECOURSE JUMP][TSO PROX] year=2030 day=Winter | V max=0.000419 | PF max=0.027554 | ESS max=0.006234
    [RECOURSE COMPONENTS] gen=-7.794207e+06 | flex=-4.109323e+05 | load_curt=+0.000000e+00 | res_curt=+0.000000e+00 | ess_usage=+0.000000e+00 | slacks=+1.324452e-11 | ess_comp=-4.214258e-01
    [SLACK COMPONENTS] voltage=+1.324452e-11 | node_P=+0.000000e+00 | node_Q=+0.000000e+00 | branch_ij=+0.000000e+00 | branch_ji=+0.000000e+00 | flex_P=+0.000000e+00 | flex_Q=+0.000000e+00
    [SLACK COMPONENT CHECK] classified_delta=+1.324452e-11 | objective_slack_delta=+1.324452e-11 | mismatch=+0.000000e+00
    [RECOURSE COMPONENT CHECK] classified_delta=-8.205140e+06 | block_delta=-8.205140e+06 | mismatch=+7.450581e-09
  TSO node=None year=2030 day=Autumn | previous=5.493966e+07 | current=4.697308e+07 | delta=-7.966576e+06 | abs_delta=7.966576e+06
    [RECOURSE JUMP][TSO PROX] year=2030 day=Autumn | V max=0.000714 | PF max=0.027921 | ESS max=0.006671
    [RECOURSE COMPONENTS] gen=-6.046921e+06 | flex=-1.919655e+06 | load_curt=+0.000000e+00 | res_curt=+0.000000e+00 | ess_usage=+0.000000e+00 | slacks=-4.610001e-11 | ess_comp=+1.668226e-03
    [SLACK COMPONENTS] voltage=-4.613554e-11 | node_P=+0.000000e+00 | node_Q=+0.000000e+00 | branch_ij=+0.000000e+00 | branch_ji=+0.000000e+00 | flex_P=+7.549517e-15 | flex_Q=+7.549517e-15
    [SLACK COMPONENT CHECK] classified_delta=-4.612044e-11 | objective_slack_delta=-4.610001e-11 | mismatch=-2.042810e-14
    [RECOURSE COMPONENT CHECK] classified_delta=-7.966576e+06 | block_delta=-7.966576e+06 | mismatch=-5.587935e-09
  TSO node=None year=2035 day=Spring | previous=1.299338e+08 | current=1.221363e+08 | delta=-7.797460e+06 | abs_delta=7.797460e+06
    [RECOURSE JUMP][TSO PROX] year=2035 day=Spring | V max=0.000459 | PF max=0.033035 | ESS max=0.005257
    [RECOURSE COMPONENTS] gen=-8.128902e+06 | flex=+3.375621e+05 | load_curt=+0.000000e+00 | res_curt=+0.000000e+00 | ess_usage=+0.000000e+00 | slacks=-2.764011e-12 | ess_comp=-6.119317e+03
    [SLACK COMPONENTS] voltage=-2.259526e-12 | node_P=+0.000000e+00 | node_Q=+0.000000e+00 | branch_ij=+0.000000e+00 | branch_ji=+0.000000e+00 | flex_P=-2.473577e-13 | flex_Q=-2.473577e-13
    [SLACK COMPONENT CHECK] classified_delta=-2.754241e-12 | objective_slack_delta=-2.764011e-12 | mismatch=+9.769963e-15
    [RECOURSE COMPONENT CHECK] classified_delta=-7.797460e+06 | block_delta=-7.797460e+06 | mismatch=+0.000000e+00
  TSO node=None year=2025 day=Autumn | previous=1.042859e+08 | current=9.769424e+07 | delta=-6.591664e+06 | abs_delta=6.591664e+06
    [RECOURSE JUMP][TSO PROX] year=2025 day=Autumn | V max=0.000535 | PF max=0.027963 | ESS max=0.000348
    [RECOURSE COMPONENTS] gen=-6.504282e+06 | flex=-8.738237e+04 | load_curt=+0.000000e+00 | res_curt=+0.000000e+00 | ess_usage=+0.000000e+00 | slacks=-1.694509e-08 | ess_comp=-3.322029e-04
    [SLACK COMPONENTS] voltage=-1.120129e-08 | node_P=+0.000000e+00 | node_Q=+0.000000e+00 | branch_ij=+0.000000e+00 | branch_ji=+0.000000e+00 | flex_P=-2.871899e-09 | flex_Q=-2.871899e-09
    [SLACK COMPONENT CHECK] classified_delta=-1.694509e-08 | objective_slack_delta=-1.694509e-08 | mismatch=+2.664535e-15
    [RECOURSE COMPONENT CHECK] classified_delta=-6.591664e+06 | block_delta=-6.591664e+06 | mismatch=-6.519258e-09
  TSO node=None year=2030 day=Summer | previous=1.146617e+08 | current=1.089865e+08 | delta=-5.675161e+06 | abs_delta=5.675161e+06
    [RECOURSE JUMP][TSO PROX] year=2030 day=Summer | V max=0.000655 | PF max=0.024078 | ESS max=0.006141
    [RECOURSE COMPONENTS] gen=-5.018232e+06 | flex=-6.569290e+05 | load_curt=+0.000000e+00 | res_curt=+0.000000e+00 | ess_usage=+0.000000e+00 | slacks=+1.390237e-08 | ess_comp=-2.197142e-01
    [SLACK COMPONENTS] voltage=+9.069872e-09 | node_P=+0.000000e+00 | node_Q=+0.000000e+00 | branch_ij=+0.000000e+00 | branch_ji=+0.000000e+00 | flex_P=+2.416249e-09 | flex_Q=+2.416249e-09
    [SLACK COMPONENT CHECK] classified_delta=+1.390237e-08 | objective_slack_delta=+1.390237e-08 | mismatch=+5.329071e-15
    [RECOURSE COMPONENT CHECK] classified_delta=-5.675161e+06 | block_delta=-5.675161e+06 | mismatch=-7.450581e-09
  TSO node=None year=2025 day=Summer | previous=1.355071e+08 | current=1.299581e+08 | delta=-5.549030e+06 | abs_delta=5.549030e+06
    [RECOURSE JUMP][TSO PROX] year=2025 day=Summer | V max=0.000747 | PF max=0.029125 | ESS max=0.000352
    [RECOURSE COMPONENTS] gen=-5.419221e+06 | flex=-1.298093e+05 | load_curt=+0.000000e+00 | res_curt=+0.000000e+00 | ess_usage=+0.000000e+00 | slacks=-4.121148e-12 | ess_comp=+2.169506e-04
    [SLACK COMPONENTS] voltage=-4.121148e-12 | node_P=+0.000000e+00 | node_Q=+0.000000e+00 | branch_ij=+0.000000e+00 | branch_ji=+0.000000e+00 | flex_P=+0.000000e+00 | flex_Q=+0.000000e+00
    [SLACK COMPONENT CHECK] classified_delta=-4.121148e-12 | objective_slack_delta=-4.121148e-12 | mismatch=+0.000000e+00
    [RECOURSE COMPONENT CHECK] classified_delta=-5.549030e+06 | block_delta=-5.549030e+06 | mismatch=+2.887100e-08
  TSO node=None year=2035 day=Autumn | previous=6.326156e+07 | current=5.847833e+07 | delta=-4.783232e+06 | abs_delta=4.783232e+06
    [RECOURSE JUMP][TSO PROX] year=2035 day=Autumn | V max=0.000542 | PF max=0.019697 | ESS max=0.003202
    [RECOURSE COMPONENTS] gen=-2.537796e+06 | flex=-2.236866e+06 | load_curt=+0.000000e+00 | res_curt=+0.000000e+00 | ess_usage=+0.000000e+00 | slacks=+7.181825e-09 | ess_comp=-8.570321e+03
    [SLACK COMPONENTS] voltage=+4.722246e-09 | node_P=+0.000000e+00 | node_Q=+0.000000e+00 | branch_ij=+0.000000e+00 | branch_ji=+0.000000e+00 | flex_P=+1.229781e-09 | flex_Q=+1.229781e-09
    [SLACK COMPONENT CHECK] classified_delta=+7.181807e-09 | objective_slack_delta=+7.181825e-09 | mismatch=-1.776357e-14
    [RECOURSE COMPONENT CHECK] classified_delta=-4.783232e+06 | block_delta=-4.783232e+06 | mismatch=-4.656613e-09
  TSO node=None year=2030 day=Spring | previous=1.067686e+08 | current=1.020797e+08 | delta=-4.688952e+06 | abs_delta=4.688952e+06
    [RECOURSE JUMP][TSO PROX] year=2030 day=Spring | V max=0.000495 | PF max=0.022246 | ESS max=0.004090
    [RECOURSE COMPONENTS] gen=-4.517726e+06 | flex=-1.712263e+05 | load_curt=+0.000000e+00 | res_curt=+0.000000e+00 | ess_usage=+0.000000e+00 | slacks=+6.406758e-09 | ess_comp=-2.303892e-01
    [SLACK COMPONENTS] voltage=+4.207607e-09 | node_P=+0.000000e+00 | node_Q=+0.000000e+00 | branch_ij=+0.000000e+00 | branch_ji=+0.000000e+00 | flex_P=+1.099581e-09 | flex_Q=+1.099581e-09
    [SLACK COMPONENT CHECK] classified_delta=+6.406768e-09 | objective_slack_delta=+6.406758e-09 | mismatch=+1.065814e-14
    [RECOURSE COMPONENT CHECK] classified_delta=-4.688952e+06 | block_delta=-4.688952e+06 | mismatch=+9.313226e-10
[INFO]		 - Recourse stationarity failed. 74586714.616586 > 123313.907991
[ADMM RHO] V | primal max ratio=0.055 | primal mean ratio=0.083 | primal selected=0.083 | dual mean ratio=0.039 | increase threshold=5.0 | decrease threshold=5.0 | action=held
[ADMM RHO] PF | primal max ratio=1.354 | primal mean ratio=0.985 | primal selected=1.354 | dual mean ratio=6.553 | increase threshold=5.0 | decrease threshold=3.0 | action=decreased
[ADMM RHO] ESS | primal max ratio=0.073 | primal mean ratio=0.032 | primal selected=0.073 | dual mean ratio=0.052 | increase threshold=5.0 | decrease threshold=5.0 | action=held
[INFO]		 - ADMM cycle 10 | Primal (V max/mean | PF max/mean | ESS max/mean) = 0.000550/0.000083 | 0.013538/0.000985 | 0.007295/0.000324 | Dual (V max/mean | PF max/mean | ESS max/mean) = 0.001794/0.000391 | 0.263212/0.065530 | 0.022310/0.000524 | Recourse change = 74586714.616586 (tol. 123313.907991) | Stable cycles = 0/1 | Penalty actions (V/PF/ESS) = held/decreased/held
[INFO] 	 - Iteration 10: 41.83 s
[INFO] 	 - ADMM Iteration 11
[INFO] 		 - Updating distribution networks:
[INFO] 			 - Running SMOPF, Network case33_1, 2025, Spring...
[INFO] 			 - Running SMOPF, Network case33_1, 2025, Summer...
[INFO] 			 - Running SMOPF, Network case33_1, 2025, Autumn...
[INFO] 			 - Running SMOPF, Network case33_1, 2025, Winter...
[INFO] 			 - Running SMOPF, Network case33_1, 2030, Spring...
[INFO] 			 - Running SMOPF, Network case33_1, 2030, Summer...
[INFO] 			 - Running SMOPF, Network case33_1, 2030, Autumn...
[INFO] 			 - Running SMOPF, Network case33_1, 2030, Winter...
[INFO] 			 - Running SMOPF, Network case33_1, 2035, Spring...
[INFO] 			 - Running SMOPF, Network case33_1, 2035, Summer...
[INFO] 			 - Running SMOPF, Network case33_1, 2035, Autumn...
[INFO] 			 - Running SMOPF, Network case33_1, 2035, Winter...
[INFO] 			 - Running SMOPF, Network case33_2, 2025, Spring...
[INFO] 			 - Running SMOPF, Network case33_2, 2025, Summer...
[INFO] 			 - Running SMOPF, Network case33_2, 2025, Autumn...
[INFO] 			 - Running SMOPF, Network case33_2, 2025, Winter...
[INFO] 			 - Running SMOPF, Network case33_2, 2030, Spring...
[INFO] 			 - Running SMOPF, Network case33_2, 2030, Summer...
[INFO] 			 - Running SMOPF, Network case33_2, 2030, Autumn...
[INFO] 			 - Running SMOPF, Network case33_2, 2030, Winter...
[INFO] 			 - Running SMOPF, Network case33_2, 2035, Spring...
[INFO] 			 - Running SMOPF, Network case33_2, 2035, Summer...
[INFO] 			 - Running SMOPF, Network case33_2, 2035, Autumn...
[INFO] 			 - Running SMOPF, Network case33_2, 2035, Winter...
[INFO] 			 - Running SMOPF, Network case33_3, 2025, Spring...
[INFO] 			 - Running SMOPF, Network case33_3, 2025, Summer...
[INFO] 			 - Running SMOPF, Network case33_3, 2025, Autumn...
[INFO] 			 - Running SMOPF, Network case33_3, 2025, Winter...
[INFO] 			 - Running SMOPF, Network case33_3, 2030, Spring...
[INFO] 			 - Running SMOPF, Network case33_3, 2030, Summer...
[INFO] 			 - Running SMOPF, Network case33_3, 2030, Autumn...
[INFO] 			 - Running SMOPF, Network case33_3, 2030, Winter...
[INFO] 			 - Running SMOPF, Network case33_3, 2035, Spring...
[INFO] 			 - Running SMOPF, Network case33_3, 2035, Summer...
[INFO] 			 - Running SMOPF, Network case33_3, 2035, Autumn...
[INFO] 			 - Running SMOPF, Network case33_3, 2035, Winter...
[INFO] 		 - Updating transmission network...
[INFO] 			 - Running SMOPF, Network case9, 2025, Spring...
[INFO] 			 - Running SMOPF, Network case9, 2025, Summer...
[INFO] 			 - Running SMOPF, Network case9, 2025, Autumn...
[INFO] 			 - Running SMOPF, Network case9, 2025, Winter...
[INFO] 			 - Running SMOPF, Network case9, 2030, Spring...
[INFO] 			 - Running SMOPF, Network case9, 2030, Summer...
[INFO] 			 - Running SMOPF, Network case9, 2030, Autumn...
[INFO] 			 - Running SMOPF, Network case9, 2030, Winter...
[INFO] 			 - Running SMOPF, Network case9, 2035, Spring...
[INFO] 			 - Running SMOPF, Network case9, 2035, Summer...
[INFO] 			 - Running SMOPF, Network case9, 2035, Autumn...
[INFO] 			 - Running SMOPF, Network case9, 2035, Winter...
[TSO PROX] cycle=11 | updated_blocks=12 | held_failed_blocks=0 | V max=0.000838 | PF max=0.046815 | ESS max=0.003403
[TSO PROX][V MAX] node=5, year=2035, day=Summer, period=20 | dV=0.289194 kV | normalized=0.000838
[TSO PROX][PF MAX] node=9, year=2035, day=Spring, period=7, type=P | delta=7.022251 MW | normalized=0.046815
[TSO PROX][ESS MAX] node=5, year=2035, day=Spring, period=3, type=P | delta=0.006593 MW | normalized=0.003403
[INFO] 		 - Updating SharedESS...
[INFO] 		 - Running Shared ESS optimization (subproblem)...
[INFO] 			 - Node 5...
[INFO] Shared ESS complementarity diagnostics for ESS node=5: ratio_max=7.559797e-06 n_periods=288 mu_final=1.009275e-11 s_obj=1.000000e-01 eps=1.000000e-05 bound=2.906711e-03 measured=2.683615e-03
[INFO] 			 - Node 7...
[INFO] Shared ESS complementarity diagnostics for ESS node=7: ratio_max=8.005293e-06 n_periods=288 mu_final=1.006787e-11 s_obj=1.000000e-01 eps=1.000000e-05 bound=2.899546e-03 measured=2.682898e-03
[INFO] 			 - Node 9...
[INFO] Shared ESS complementarity diagnostics for ESS node=9: ratio_max=7.831974e-06 n_periods=288 mu_final=1.008604e-11 s_obj=1.000000e-01 eps=1.000000e-05 bound=2.904780e-03 measured=2.680706e-03
[DIAG][PF MAX] node=5, year=2025, day=Summer, period=7, type=P | TSO=43.388062 MW, DSO=39.903936 MW, diff=3.484126 MW, rating=200.000000 MVA, normalized=0.017421, rho(TSO/DSO)=5.202459/5.202459
[INFO]		 - interface PF max primal residual failed. 0.017421 > 0.010000
[INFO]		 - interface PF mean primal residual failed. 0.001531 > 0.001000
[INFO]		 - interface PF mean dual residual failed. 0.051490 > 0.010000
[RECOURSE JUMP] cycle=11 | abs_change=7.885806e+07 | tol=1.158552e+05 | signed_change=-7.885806e+07
[RECOURSE JUMP] Reconciliation | previous=1.158552e+09 | current=1.079694e+09 | block_delta=-7.885806e+07 | mismatch=+2.384186e-07
[RECOURSE JUMP] Aggregate signed changes:
  TSO | delta=-8.434463e+07
  DSO node=5 | delta=+3.469212e+06
  DSO node=9 | delta=+1.765011e+06
  DSO node=7 | delta=+2.523472e+05
  SALVAGE | delta=+1.124250e-52
[RECOURSE JUMP] Largest 10 block changes:
  TSO node=None year=2035 day=Spring | previous=1.221363e+08 | current=1.121812e+08 | delta=-9.955091e+06 | abs_delta=9.955091e+06
    [RECOURSE JUMP][TSO PROX] year=2035 day=Spring | V max=0.000722 | PF max=0.046815 | ESS max=0.003403
    [RECOURSE COMPONENTS] gen=-1.114192e+07 | flex=+1.199025e+06 | load_curt=+0.000000e+00 | res_curt=+0.000000e+00 | ess_usage=+0.000000e+00 | slacks=-1.356426e-11 | ess_comp=-1.219478e+04
    [SLACK COMPONENTS] voltage=-1.193712e-11 | node_P=+0.000000e+00 | node_Q=+0.000000e+00 | branch_ij=+0.000000e+00 | branch_ji=+0.000000e+00 | flex_P=-8.215650e-13 | flex_Q=-8.215650e-13
    [SLACK COMPONENT CHECK] classified_delta=-1.358025e-11 | objective_slack_delta=-1.356426e-11 | mismatch=-1.598721e-14
    [RECOURSE COMPONENT CHECK] classified_delta=-9.955091e+06 | block_delta=-9.955091e+06 | mismatch=-1.862645e-09
  TSO node=None year=2035 day=Winter | previous=6.221177e+07 | current=5.280996e+07 | delta=-9.401808e+06 | abs_delta=9.401808e+06
    [RECOURSE JUMP][TSO PROX] year=2035 day=Winter | V max=0.000590 | PF max=0.033325 | ESS max=0.002351
    [RECOURSE COMPONENTS] gen=-8.113011e+06 | flex=-1.276916e+06 | load_curt=+0.000000e+00 | res_curt=+0.000000e+00 | ess_usage=+0.000000e+00 | slacks=-1.355716e-11 | ess_comp=-1.188058e+04
    [SLACK COMPONENTS] voltage=-1.355005e-11 | node_P=+0.000000e+00 | node_Q=+0.000000e+00 | branch_ij=+0.000000e+00 | branch_ji=+0.000000e+00 | flex_P=+0.000000e+00 | flex_Q=+0.000000e+00
    [SLACK COMPONENT CHECK] classified_delta=-1.355005e-11 | objective_slack_delta=-1.355716e-11 | mismatch=+7.105427e-15
    [RECOURSE COMPONENT CHECK] classified_delta=-9.401808e+06 | block_delta=-9.401808e+06 | mismatch=+3.725290e-09
  TSO node=None year=2030 day=Winter | previous=6.246066e+07 | current=5.421333e+07 | delta=-8.247335e+06 | abs_delta=8.247335e+06
    [RECOURSE JUMP][TSO PROX] year=2030 day=Winter | V max=0.000467 | PF max=0.029325 | ESS max=0.002929
    [RECOURSE COMPONENTS] gen=-7.592921e+06 | flex=-6.544136e+05 | load_curt=+0.000000e+00 | res_curt=+0.000000e+00 | ess_usage=+0.000000e+00 | slacks=+2.037126e-11 | ess_comp=-3.942444e-02
    [SLACK COMPONENTS] voltage=+2.037126e-11 | node_P=+0.000000e+00 | node_Q=+0.000000e+00 | branch_ij=+0.000000e+00 | branch_ji=+0.000000e+00 | flex_P=+0.000000e+00 | flex_Q=+0.000000e+00
    [SLACK COMPONENT CHECK] classified_delta=+2.037126e-11 | objective_slack_delta=+2.037126e-11 | mismatch=+0.000000e+00
    [RECOURSE COMPONENT CHECK] classified_delta=-8.247335e+06 | block_delta=-8.247335e+06 | mismatch=-1.024455e-08
  TSO node=None year=2025 day=Winter | previous=1.078392e+08 | current=9.961297e+07 | delta=-8.226252e+06 | abs_delta=8.226252e+06
    [RECOURSE JUMP][TSO PROX] year=2025 day=Winter | V max=0.000365 | PF max=0.031044 | ESS max=0.000506
    [RECOURSE COMPONENTS] gen=-8.768076e+06 | flex=+5.418239e+05 | load_curt=+0.000000e+00 | res_curt=+0.000000e+00 | ess_usage=+0.000000e+00 | slacks=-1.085709e-11 | ess_comp=+3.316381e-04
    [SLACK COMPONENTS] voltage=-1.085709e-11 | node_P=+0.000000e+00 | node_Q=+0.000000e+00 | branch_ij=+0.000000e+00 | branch_ji=+0.000000e+00 | flex_P=+0.000000e+00 | flex_Q=+0.000000e+00
    [SLACK COMPONENT CHECK] classified_delta=-1.085709e-11 | objective_slack_delta=-1.085709e-11 | mismatch=+0.000000e+00
    [RECOURSE COMPONENT CHECK] classified_delta=-8.226252e+06 | block_delta=-8.226252e+06 | mismatch=+1.117587e-08
  TSO node=None year=2030 day=Autumn | previous=4.697308e+07 | current=3.945623e+07 | delta=-7.516849e+06 | abs_delta=7.516849e+06
    [RECOURSE JUMP][TSO PROX] year=2030 day=Autumn | V max=0.000817 | PF max=0.031190 | ESS max=0.003131
    [RECOURSE COMPONENTS] gen=-5.127517e+06 | flex=-2.389332e+06 | load_curt=+0.000000e+00 | res_curt=+0.000000e+00 | ess_usage=+0.000000e+00 | slacks=+4.693852e-09 | ess_comp=+2.297301e-03
    [SLACK COMPONENTS] voltage=+3.036440e-09 | node_P=+0.000000e+00 | node_Q=+0.000000e+00 | branch_ij=+0.000000e+00 | branch_ji=+0.000000e+00 | flex_P=+8.287087e-10 | flex_Q=+8.287087e-10
    [SLACK COMPONENT CHECK] classified_delta=+4.693858e-09 | objective_slack_delta=+4.693852e-09 | mismatch=+5.329071e-15
    [RECOURSE COMPONENT CHECK] classified_delta=-7.516849e+06 | block_delta=-7.516849e+06 | mismatch=-2.793968e-09
  TSO node=None year=2025 day=Autumn | previous=9.769424e+07 | current=9.043078e+07 | delta=-7.263463e+06 | abs_delta=7.263463e+06
    [RECOURSE JUMP][TSO PROX] year=2025 day=Autumn | V max=0.000294 | PF max=0.033132 | ESS max=0.000582
    [RECOURSE COMPONENTS] gen=-7.314853e+06 | flex=+5.139051e+04 | load_curt=+0.000000e+00 | res_curt=+0.000000e+00 | ess_usage=+0.000000e+00 | slacks=-1.041656e-11 | ess_comp=+4.410700e-04
    [SLACK COMPONENTS] voltage=-1.041656e-11 | node_P=+0.000000e+00 | node_Q=+0.000000e+00 | branch_ij=+0.000000e+00 | branch_ji=+0.000000e+00 | flex_P=+4.440892e-16 | flex_Q=+4.440892e-16
    [SLACK COMPONENT CHECK] classified_delta=-1.041567e-11 | objective_slack_delta=-1.041656e-11 | mismatch=+8.881784e-16
    [RECOURSE COMPONENT CHECK] classified_delta=-7.263463e+06 | block_delta=-7.263463e+06 | mismatch=+3.725290e-09
  TSO node=None year=2030 day=Summer | previous=1.089865e+08 | current=1.023459e+08 | delta=-6.640601e+06 | abs_delta=6.640601e+06
    [RECOURSE JUMP][TSO PROX] year=2030 day=Summer | V max=0.000832 | PF max=0.031535 | ESS max=0.002875
    [RECOURSE COMPONENTS] gen=-6.228692e+06 | flex=-4.119094e+05 | load_curt=+0.000000e+00 | res_curt=+0.000000e+00 | ess_usage=+0.000000e+00 | slacks=-3.047170e-09 | ess_comp=-1.274600e-01
    [SLACK COMPONENTS] voltage=-1.991744e-09 | node_P=+0.000000e+00 | node_Q=+0.000000e+00 | branch_ij=+0.000000e+00 | branch_ji=+0.000000e+00 | flex_P=-5.277125e-10 | flex_Q=-5.277125e-10
    [SLACK COMPONENT CHECK] classified_delta=-3.047169e-09 | objective_slack_delta=-3.047170e-09 | mismatch=+8.881784e-16
    [RECOURSE COMPONENT CHECK] classified_delta=-6.640601e+06 | block_delta=-6.640601e+06 | mismatch=+9.313226e-10
  TSO node=None year=2025 day=Summer | previous=1.299581e+08 | current=1.241972e+08 | delta=-5.760843e+06 | abs_delta=5.760843e+06
    [RECOURSE JUMP][TSO PROX] year=2025 day=Summer | V max=0.000627 | PF max=0.033804 | ESS max=0.000592
    [RECOURSE COMPONENTS] gen=-5.846302e+06 | flex=+8.545936e+04 | load_curt=+0.000000e+00 | res_curt=+0.000000e+00 | ess_usage=+0.000000e+00 | slacks=-9.585222e-12 | ess_comp=+3.762993e-04
    [SLACK COMPONENTS] voltage=-9.585222e-12 | node_P=+0.000000e+00 | node_Q=+0.000000e+00 | branch_ij=+0.000000e+00 | branch_ji=+0.000000e+00 | flex_P=+0.000000e+00 | flex_Q=+0.000000e+00
    [SLACK COMPONENT CHECK] classified_delta=-9.585222e-12 | objective_slack_delta=-9.585222e-12 | mismatch=+0.000000e+00
    [RECOURSE COMPONENT CHECK] classified_delta=-5.760843e+06 | block_delta=-5.760843e+06 | mismatch=-2.235174e-08
  TSO node=None year=2030 day=Spring | previous=1.020797e+08 | current=9.636417e+07 | delta=-5.715511e+06 | abs_delta=5.715511e+06
    [RECOURSE JUMP][TSO PROX] year=2030 day=Spring | V max=0.000707 | PF max=0.031074 | ESS max=0.001935
    [RECOURSE COMPONENTS] gen=-5.887299e+06 | flex=+1.717884e+05 | load_curt=+0.000000e+00 | res_curt=+0.000000e+00 | ess_usage=+0.000000e+00 | slacks=+1.782695e-08 | ess_comp=-5.416844e-02
    [SLACK COMPONENTS] voltage=+1.171051e-08 | node_P=+0.000000e+00 | node_Q=+0.000000e+00 | branch_ij=+0.000000e+00 | branch_ji=+0.000000e+00 | flex_P=+3.058225e-09 | flex_Q=+3.058225e-09
    [SLACK COMPONENT CHECK] classified_delta=+1.782696e-08 | objective_slack_delta=+1.782695e-08 | mismatch=+1.243450e-14
    [RECOURSE COMPONENT CHECK] classified_delta=-5.715511e+06 | block_delta=-5.715511e+06 | mismatch=+1.210719e-08
  TSO node=None year=2035 day=Autumn | previous=5.847833e+07 | current=5.289231e+07 | delta=-5.586023e+06 | abs_delta=5.586023e+06
    [RECOURSE JUMP][TSO PROX] year=2035 day=Autumn | V max=0.000678 | PF max=0.027912 | ESS max=0.003026
    [RECOURSE COMPONENTS] gen=-3.506639e+06 | flex=-2.068048e+06 | load_curt=+0.000000e+00 | res_curt=+0.000000e+00 | ess_usage=+0.000000e+00 | slacks=-4.838569e-09 | ess_comp=-1.133671e+04
    [SLACK COMPONENTS] voltage=-3.182308e-09 | node_P=+0.000000e+00 | node_Q=+0.000000e+00 | branch_ij=+0.000000e+00 | branch_ji=+0.000000e+00 | flex_P=-8.281225e-10 | flex_Q=-8.281225e-10
    [SLACK COMPONENT CHECK] classified_delta=-4.838553e-09 | objective_slack_delta=-4.838569e-09 | mismatch=+1.598721e-14
    [RECOURSE COMPONENT CHECK] classified_delta=-5.586023e+06 | block_delta=-5.586023e+06 | mismatch=+4.656613e-09
[INFO]		 - Recourse stationarity failed. 78858058.219042 > 115855.236530
[ADMM RHO] V | primal max ratio=0.063 | primal mean ratio=0.116 | primal selected=0.116 | dual mean ratio=0.051 | increase threshold=5.0 | decrease threshold=5.0 | action=held
[ADMM RHO] PF | primal max ratio=1.742 | primal mean ratio=1.531 | primal selected=1.742 | dual mean ratio=5.149 | increase threshold=5.0 | decrease threshold=3.0 | action=held
[ADMM RHO] ESS | primal max ratio=0.090 | primal mean ratio=0.042 | primal selected=0.090 | dual mean ratio=0.048 | increase threshold=5.0 | decrease threshold=5.0 | action=held
[INFO]		 - ADMM cycle 11 | Primal (V max/mean | PF max/mean | ESS max/mean) = 0.000632/0.000116 | 0.017421/0.001531 | 0.009021/0.000416 | Dual (V max/mean | PF max/mean | ESS max/mean) = 0.002323/0.000507 | 0.250728/0.051490 | 0.020728/0.000482 | Recourse change = 78858058.219042 (tol. 115855.236530) | Stable cycles = 0/1 | Penalty actions (V/PF/ESS) = held/held/held
[INFO] 	 - Iteration 11: 37.91 s
[INFO] 	 - ADMM Iteration 12
[INFO] 		 - Updating distribution networks:
[INFO] 			 - Running SMOPF, Network case33_1, 2025, Spring...
[INFO] 			 - Running SMOPF, Network case33_1, 2025, Summer...
[INFO] 			 - Running SMOPF, Network case33_1, 2025, Autumn...
[INFO] 			 - Running SMOPF, Network case33_1, 2025, Winter...
[INFO] 			 - Running SMOPF, Network case33_1, 2030, Spring...
[INFO] 			 - Running SMOPF, Network case33_1, 2030, Summer...
[INFO] 			 - Running SMOPF, Network case33_1, 2030, Autumn...
[INFO] 			 - Running SMOPF, Network case33_1, 2030, Winter...
[INFO] 			 - Running SMOPF, Network case33_1, 2035, Spring...
[INFO] 			 - Running SMOPF, Network case33_1, 2035, Summer...
[INFO] 			 - Running SMOPF, Network case33_1, 2035, Autumn...
[INFO] 			 - Running SMOPF, Network case33_1, 2035, Winter...
[INFO] 			 - Running SMOPF, Network case33_2, 2025, Spring...
[INFO] 			 - Running SMOPF, Network case33_2, 2025, Summer...
[INFO] 			 - Running SMOPF, Network case33_2, 2025, Autumn...
[INFO] 			 - Running SMOPF, Network case33_2, 2025, Winter...
[INFO] 			 - Running SMOPF, Network case33_2, 2030, Spring...
[INFO] 			 - Running SMOPF, Network case33_2, 2030, Summer...
[INFO] 			 - Running SMOPF, Network case33_2, 2030, Autumn...
[INFO] 			 - Running SMOPF, Network case33_2, 2030, Winter...
[INFO] 			 - Running SMOPF, Network case33_2, 2035, Spring...
[INFO] 			 - Running SMOPF, Network case33_2, 2035, Summer...
[INFO] 			 - Running SMOPF, Network case33_2, 2035, Autumn...
[INFO] 			 - Running SMOPF, Network case33_2, 2035, Winter...
[INFO] 			 - Running SMOPF, Network case33_3, 2025, Spring...
[INFO] 			 - Running SMOPF, Network case33_3, 2025, Summer...
[INFO] 			 - Running SMOPF, Network case33_3, 2025, Autumn...
[INFO] 			 - Running SMOPF, Network case33_3, 2025, Winter...
[INFO] 			 - Running SMOPF, Network case33_3, 2030, Spring...
[INFO] 			 - Running SMOPF, Network case33_3, 2030, Summer...
[INFO] 			 - Running SMOPF, Network case33_3, 2030, Autumn...
[INFO] 			 - Running SMOPF, Network case33_3, 2030, Winter...
[INFO] 			 - Running SMOPF, Network case33_3, 2035, Spring...
[INFO] 			 - Running SMOPF, Network case33_3, 2035, Summer...
[INFO] 			 - Running SMOPF, Network case33_3, 2035, Autumn...
[INFO] 			 - Running SMOPF, Network case33_3, 2035, Winter...
[INFO] 		 - Updating transmission network...
[INFO] 			 - Running SMOPF, Network case9, 2025, Spring...
[INFO] 			 - Running SMOPF, Network case9, 2025, Summer...
[INFO] 			 - Running SMOPF, Network case9, 2025, Autumn...
[INFO] 			 - Running SMOPF, Network case9, 2025, Winter...
[INFO] 			 - Running SMOPF, Network case9, 2030, Spring...
[INFO] 			 - Running SMOPF, Network case9, 2030, Summer...
[INFO] 			 - Running SMOPF, Network case9, 2030, Autumn...
[INFO] 			 - Running SMOPF, Network case9, 2030, Winter...
[INFO] 			 - Running SMOPF, Network case9, 2035, Spring...
[INFO] 			 - Running SMOPF, Network case9, 2035, Summer...
[INFO] 			 - Running SMOPF, Network case9, 2035, Autumn...
[INFO] 			 - Running SMOPF, Network case9, 2035, Winter...
[TSO PROX] cycle=12 | updated_blocks=12 | held_failed_blocks=0 | V max=0.000857 | PF max=0.033496 | ESS max=0.002402
[TSO PROX][V MAX] node=9, year=2030, day=Summer, period=20 | dV=0.295506 kV | normalized=0.000857
[TSO PROX][PF MAX] node=9, year=2025, day=Summer, period=22, type=P | delta=5.024474 MW | normalized=0.033496
[TSO PROX][ESS MAX] node=9, year=2035, day=Spring, period=1, type=P | delta=0.004655 MW | normalized=0.002402
[INFO] 		 - Updating SharedESS...
[INFO] 		 - Running Shared ESS optimization (subproblem)...
[INFO] 			 - Node 5...
[INFO] Shared ESS complementarity diagnostics for ESS node=5: ratio_max=8.462719e-06 n_periods=288 mu_final=1.009532e-11 s_obj=1.000000e-01 eps=1.000000e-05 bound=2.907451e-03 measured=2.687619e-03
[INFO] 			 - Node 7...
[INFO] Shared ESS complementarity diagnostics for ESS node=7: ratio_max=8.152440e-06 n_periods=288 mu_final=1.006322e-11 s_obj=1.000000e-01 eps=1.000000e-05 bound=2.898206e-03 measured=2.677684e-03
[INFO] 			 - Node 9...
[INFO] Shared ESS complementarity diagnostics for ESS node=9: ratio_max=8.800403e-06 n_periods=288 mu_final=1.009543e-11 s_obj=1.000000e-01 eps=1.000000e-05 bound=2.907485e-03 measured=2.683442e-03
[DIAG][PF MAX] node=5, year=2035, day=Autumn, period=12, type=Q | TSO=13.676502 MVAr, DSO=16.533399 MVAr, diff=2.856898 MVAr, rating=200.000000 MVA, normalized=0.014284, rho(TSO/DSO)=5.202459/5.202459
[INFO]		 - interface PF max primal residual failed. 0.014284 > 0.010000
[INFO]		 - interface PF mean dual residual failed. 0.042112 > 0.010000
[RECOURSE JUMP] cycle=12 | abs_change=6.078738e+07 | tol=1.079694e+05 | signed_change=-6.078738e+07
[RECOURSE JUMP] Reconciliation | previous=1.079694e+09 | current=1.018907e+09 | block_delta=-6.078738e+07 | mismatch=-4.768372e-07
[RECOURSE JUMP] Aggregate signed changes:
  TSO | delta=-6.533933e+07
  DSO node=9 | delta=+2.180773e+06
  DSO node=5 | delta=+1.878906e+06
  DSO node=7 | delta=+4.922725e+05
  SALVAGE | delta=-3.747502e-52
[RECOURSE JUMP] Largest 10 block changes:
  TSO node=None year=2035 day=Spring | previous=1.121812e+08 | current=1.035006e+08 | delta=-8.680641e+06 | abs_delta=8.680641e+06
    [RECOURSE JUMP][TSO PROX] year=2035 day=Spring | V max=0.000748 | PF max=0.027394 | ESS max=0.002402
    [RECOURSE COMPONENTS] gen=-1.006972e+07 | flex=+1.399688e+06 | load_curt=+0.000000e+00 | res_curt=+0.000000e+00 | ess_usage=+0.000000e+00 | slacks=-1.428901e-11 | ess_comp=-1.060657e+04
    [SLACK COMPONENTS] voltage=-1.293188e-11 | node_P=+0.000000e+00 | node_Q=+0.000000e+00 | branch_ij=+0.000000e+00 | branch_ji=+0.000000e+00 | flex_P=-6.719070e-13 | flex_Q=-6.719070e-13
    [SLACK COMPONENT CHECK] classified_delta=-1.427569e-11 | objective_slack_delta=-1.428901e-11 | mismatch=+1.332268e-14
    [RECOURSE COMPONENT CHECK] classified_delta=-8.680641e+06 | block_delta=-8.680641e+06 | mismatch=-2.048910e-08
  TSO node=None year=2035 day=Winter | previous=5.280996e+07 | current=4.562567e+07 | delta=-7.184292e+06 | abs_delta=7.184292e+06
    [RECOURSE JUMP][TSO PROX] year=2035 day=Winter | V max=0.000617 | PF max=0.033287 | ESS max=0.000879
    [RECOURSE COMPONENTS] gen=-6.102876e+06 | flex=-1.072654e+06 | load_curt=+0.000000e+00 | res_curt=+0.000000e+00 | ess_usage=+0.000000e+00 | slacks=-1.819700e-11 | ess_comp=-8.761834e+03
    [SLACK COMPONENTS] voltage=-1.819700e-11 | node_P=+0.000000e+00 | node_Q=+0.000000e+00 | branch_ij=+0.000000e+00 | branch_ji=+0.000000e+00 | flex_P=+0.000000e+00 | flex_Q=+0.000000e+00
    [SLACK COMPONENT CHECK] classified_delta=-1.819700e-11 | objective_slack_delta=-1.819700e-11 | mismatch=+0.000000e+00
    [RECOURSE COMPONENT CHECK] classified_delta=-7.184292e+06 | block_delta=-7.184292e+06 | mismatch=-2.793968e-09
  TSO node=None year=2030 day=Summer | previous=1.023459e+08 | current=9.653784e+07 | delta=-5.808072e+06 | abs_delta=5.808072e+06
    [RECOURSE JUMP][TSO PROX] year=2030 day=Summer | V max=0.000857 | PF max=0.029193 | ESS max=0.000190
    [RECOURSE COMPONENTS] gen=-5.942587e+06 | flex=+1.345150e+05 | load_curt=+0.000000e+00 | res_curt=+0.000000e+00 | ess_usage=+0.000000e+00 | slacks=+1.786582e-09 | ess_comp=-3.015154e-02
    [SLACK COMPONENTS] voltage=+1.163556e-09 | node_P=+0.000000e+00 | node_Q=+0.000000e+00 | branch_ij=+0.000000e+00 | branch_ji=+0.000000e+00 | flex_P=+3.115033e-10 | flex_Q=+3.115033e-10
    [SLACK COMPONENT CHECK] classified_delta=+1.786563e-09 | objective_slack_delta=+1.786582e-09 | mismatch=-1.865175e-14
    [RECOURSE COMPONENT CHECK] classified_delta=-5.808072e+06 | block_delta=-5.808072e+06 | mismatch=+9.313226e-09
  TSO node=None year=2030 day=Winter | previous=5.421333e+07 | current=4.841228e+07 | delta=-5.801051e+06 | abs_delta=5.801051e+06
    [RECOURSE JUMP][TSO PROX] year=2030 day=Winter | V max=0.000512 | PF max=0.029299 | ESS max=0.000188
    [RECOURSE COMPONENTS] gen=-5.355648e+06 | flex=-4.454029e+05 | load_curt=+0.000000e+00 | res_curt=+0.000000e+00 | ess_usage=+0.000000e+00 | slacks=+1.448086e-11 | ess_comp=+5.020885e-02
    [SLACK COMPONENTS] voltage=+1.440981e-11 | node_P=+0.000000e+00 | node_Q=+0.000000e+00 | branch_ij=+0.000000e+00 | branch_ji=+0.000000e+00 | flex_P=+1.909584e-14 | flex_Q=+1.909584e-14
    [SLACK COMPONENT CHECK] classified_delta=+1.444800e-11 | objective_slack_delta=+1.448086e-11 | mismatch=-3.286260e-14
    [RECOURSE COMPONENT CHECK] classified_delta=-5.801051e+06 | block_delta=-5.801051e+06 | mismatch=+3.725290e-09
  TSO node=None year=2025 day=Winter | previous=9.961297e+07 | current=9.407491e+07 | delta=-5.538066e+06 | abs_delta=5.538066e+06
    [RECOURSE JUMP][TSO PROX] year=2025 day=Winter | V max=0.000276 | PF max=0.030773 | ESS max=0.000363
    [RECOURSE COMPONENTS] gen=-5.813800e+06 | flex=+2.757344e+05 | load_curt=+0.000000e+00 | res_curt=+0.000000e+00 | ess_usage=+0.000000e+00 | slacks=-5.208278e-12 | ess_comp=+2.116314e-04
    [SLACK COMPONENTS] voltage=-5.208278e-12 | node_P=+0.000000e+00 | node_Q=+0.000000e+00 | branch_ij=+0.000000e+00 | branch_ji=+0.000000e+00 | flex_P=-8.881784e-16 | flex_Q=-8.881784e-16
    [SLACK COMPONENT CHECK] classified_delta=-5.210055e-12 | objective_slack_delta=-5.208278e-12 | mismatch=-1.776357e-15
    [RECOURSE COMPONENT CHECK] classified_delta=-5.538066e+06 | block_delta=-5.538066e+06 | mismatch=-1.396984e-08
  TSO node=None year=2030 day=Autumn | previous=3.945623e+07 | current=3.414074e+07 | delta=-5.315492e+06 | abs_delta=5.315492e+06
    [RECOURSE JUMP][TSO PROX] year=2030 day=Autumn | V max=0.000803 | PF max=0.031162 | ESS max=0.000214
    [RECOURSE COMPONENTS] gen=-3.181165e+06 | flex=-2.134328e+06 | load_curt=+0.000000e+00 | res_curt=+0.000000e+00 | ess_usage=+0.000000e+00 | slacks=+7.497825e-09 | ess_comp=+3.025616e-03
    [SLACK COMPONENTS] voltage=+4.872746e-09 | node_P=+0.000000e+00 | node_Q=+0.000000e+00 | branch_ij=+0.000000e+00 | branch_ji=+0.000000e+00 | flex_P=+1.312543e-09 | flex_Q=+1.312543e-09
    [SLACK COMPONENT CHECK] classified_delta=+7.497831e-09 | objective_slack_delta=+7.497825e-09 | mismatch=+6.217249e-15
    [RECOURSE COMPONENT CHECK] classified_delta=-5.315492e+06 | block_delta=-5.315492e+06 | mismatch=+4.656613e-09
  TSO node=None year=2025 day=Autumn | previous=9.043078e+07 | current=8.539516e+07 | delta=-5.035622e+06 | abs_delta=5.035622e+06
    [RECOURSE JUMP][TSO PROX] year=2025 day=Autumn | V max=0.000231 | PF max=0.028685 | ESS max=0.000455
    [RECOURSE COMPONENTS] gen=-4.957506e+06 | flex=-7.811583e+04 | load_curt=+0.000000e+00 | res_curt=+0.000000e+00 | ess_usage=+0.000000e+00 | slacks=-6.430412e-12 | ess_comp=+3.658254e-04
    [SLACK COMPONENTS] voltage=-6.430412e-12 | node_P=+0.000000e+00 | node_Q=+0.000000e+00 | branch_ij=+0.000000e+00 | branch_ji=+0.000000e+00 | flex_P=+0.000000e+00 | flex_Q=+0.000000e+00
    [SLACK COMPONENT CHECK] classified_delta=-6.430412e-12 | objective_slack_delta=-6.430412e-12 | mismatch=+0.000000e+00
    [RECOURSE COMPONENT CHECK] classified_delta=-5.035622e+06 | block_delta=-5.035622e+06 | mismatch=-5.587935e-09
  TSO node=None year=2030 day=Spring | previous=9.636417e+07 | current=9.164463e+07 | delta=-4.719534e+06 | abs_delta=4.719534e+06
    [RECOURSE JUMP][TSO PROX] year=2030 day=Spring | V max=0.000774 | PF max=0.031045 | ESS max=0.000127
    [RECOURSE COMPONENTS] gen=-5.175041e+06 | flex=+4.555061e+05 | load_curt=+0.000000e+00 | res_curt=+0.000000e+00 | ess_usage=+0.000000e+00 | slacks=+1.334863e-08 | ess_comp=-1.623166e-02
    [SLACK COMPONENTS] voltage=+8.770542e-09 | node_P=+0.000000e+00 | node_Q=+0.000000e+00 | branch_ij=+0.000000e+00 | branch_ji=+0.000000e+00 | flex_P=+2.289035e-09 | flex_Q=+2.289035e-09
    [SLACK COMPONENT CHECK] classified_delta=+1.334861e-08 | objective_slack_delta=+1.334863e-08 | mismatch=-1.332268e-14
    [RECOURSE COMPONENT CHECK] classified_delta=-4.719534e+06 | block_delta=-4.719534e+06 | mismatch=-5.587935e-09
  TSO node=None year=2025 day=Summer | previous=1.241972e+08 | current=1.196372e+08 | delta=-4.560019e+06 | abs_delta=4.560019e+06
    [RECOURSE JUMP][TSO PROX] year=2025 day=Summer | V max=0.000559 | PF max=0.033496 | ESS max=0.000461
    [RECOURSE COMPONENTS] gen=-4.924598e+06 | flex=+3.645786e+05 | load_curt=+0.000000e+00 | res_curt=+0.000000e+00 | ess_usage=+0.000000e+00 | slacks=-1.127631e-11 | ess_comp=+2.200205e-04
    [SLACK COMPONENTS] voltage=-1.127631e-11 | node_P=+0.000000e+00 | node_Q=+0.000000e+00 | branch_ij=+0.000000e+00 | branch_ji=+0.000000e+00 | flex_P=+0.000000e+00 | flex_Q=+0.000000e+00
    [SLACK COMPONENT CHECK] classified_delta=-1.127631e-11 | objective_slack_delta=-1.127631e-11 | mismatch=+0.000000e+00
    [RECOURSE COMPONENT CHECK] classified_delta=-4.560019e+06 | block_delta=-4.560019e+06 | mismatch=+1.396984e-08
  TSO node=None year=2025 day=Spring | previous=1.138214e+08 | current=1.093149e+08 | delta=-4.506476e+06 | abs_delta=4.506476e+06
    [RECOURSE JUMP][TSO PROX] year=2025 day=Spring | V max=0.000532 | PF max=0.030343 | ESS max=0.000583
    [RECOURSE COMPONENTS] gen=-5.261966e+06 | flex=+7.554901e+05 | load_curt=+0.000000e+00 | res_curt=+0.000000e+00 | ess_usage=+0.000000e+00 | slacks=+8.412719e-09 | ess_comp=+7.356225e-04
    [SLACK COMPONENTS] voltage=+5.553616e-09 | node_P=+0.000000e+00 | node_Q=+0.000000e+00 | branch_ij=+0.000000e+00 | branch_ji=+0.000000e+00 | flex_P=+1.429566e-09 | flex_Q=+1.429566e-09
    [SLACK COMPONENT CHECK] classified_delta=+8.412749e-09 | objective_slack_delta=+8.412719e-09 | mismatch=+2.930989e-14
    [RECOURSE COMPONENT CHECK] classified_delta=-4.506476e+06 | block_delta=-4.506476e+06 | mismatch=+1.862645e-09
[INFO]		 - Recourse stationarity failed. 60787378.282824 > 107969.430708
[ADMM RHO] V | primal max ratio=0.046 | primal mean ratio=0.085 | primal selected=0.085 | dual mean ratio=0.060 | increase threshold=5.0 | decrease threshold=5.0 | action=held
[ADMM RHO] PF | primal max ratio=1.428 | primal mean ratio=0.927 | primal selected=1.428 | dual mean ratio=4.211 | increase threshold=5.0 | decrease threshold=3.0 | action=held
[ADMM RHO] ESS | primal max ratio=0.106 | primal mean ratio=0.048 | primal selected=0.106 | dual mean ratio=0.043 | increase threshold=5.0 | decrease threshold=5.0 | action=held
[INFO]		 - ADMM cycle 12 | Primal (V max/mean | PF max/mean | ESS max/mean) = 0.000461/0.000085 | 0.014284/0.000927 | 0.010584/0.000482 | Dual (V max/mean | PF max/mean | ESS max/mean) = 0.002840/0.000603 | 0.174264/0.042112 | 0.018721/0.000435 | Recourse change = 60787378.282824 (tol. 107969.430708) | Stable cycles = 0/1 | Penalty actions (V/PF/ESS) = held/held/held
[INFO] 	 - Iteration 12: 39.27 s
[INFO] 	 - ADMM Iteration 13
[INFO] 		 - Updating distribution networks:
[INFO] 			 - Running SMOPF, Network case33_1, 2025, Spring...
[INFO] 			 - Running SMOPF, Network case33_1, 2025, Summer...
[INFO] 			 - Running SMOPF, Network case33_1, 2025, Autumn...
[INFO] 			 - Running SMOPF, Network case33_1, 2025, Winter...
[INFO] 			 - Running SMOPF, Network case33_1, 2030, Spring...
[INFO] 			 - Running SMOPF, Network case33_1, 2030, Summer...
[INFO] 			 - Running SMOPF, Network case33_1, 2030, Autumn...
[INFO] 			 - Running SMOPF, Network case33_1, 2030, Winter...
[INFO] 			 - Running SMOPF, Network case33_1, 2035, Spring...
[INFO] 			 - Running SMOPF, Network case33_1, 2035, Summer...
[INFO] 			 - Running SMOPF, Network case33_1, 2035, Autumn...
[INFO] 			 - Running SMOPF, Network case33_1, 2035, Winter...
[INFO] 			 - Running SMOPF, Network case33_2, 2025, Spring...
[INFO] 			 - Running SMOPF, Network case33_2, 2025, Summer...
[INFO] 			 - Running SMOPF, Network case33_2, 2025, Autumn...
[INFO] 			 - Running SMOPF, Network case33_2, 2025, Winter...
[INFO] 			 - Running SMOPF, Network case33_2, 2030, Spring...
[INFO] 			 - Running SMOPF, Network case33_2, 2030, Summer...
[INFO] 			 - Running SMOPF, Network case33_2, 2030, Autumn...
[INFO] 			 - Running SMOPF, Network case33_2, 2030, Winter...
[INFO] 			 - Running SMOPF, Network case33_2, 2035, Spring...
[INFO] 			 - Running SMOPF, Network case33_2, 2035, Summer...
[INFO] 			 - Running SMOPF, Network case33_2, 2035, Autumn...
[INFO] 			 - Running SMOPF, Network case33_2, 2035, Winter...
[INFO] 			 - Running SMOPF, Network case33_3, 2025, Spring...
[INFO] 			 - Running SMOPF, Network case33_3, 2025, Summer...
[INFO] 			 - Running SMOPF, Network case33_3, 2025, Autumn...
[INFO] 			 - Running SMOPF, Network case33_3, 2025, Winter...
[INFO] 			 - Running SMOPF, Network case33_3, 2030, Spring...
[INFO] 			 - Running SMOPF, Network case33_3, 2030, Summer...
[INFO] 			 - Running SMOPF, Network case33_3, 2030, Autumn...
[INFO] 			 - Running SMOPF, Network case33_3, 2030, Winter...
[INFO] 			 - Running SMOPF, Network case33_3, 2035, Spring...
[INFO] 			 - Running SMOPF, Network case33_3, 2035, Summer...
[INFO] 			 - Running SMOPF, Network case33_3, 2035, Autumn...
[INFO] 			 - Running SMOPF, Network case33_3, 2035, Winter...
[INFO] 		 - Updating transmission network...
[INFO] 			 - Running SMOPF, Network case9, 2025, Spring...
[INFO] 			 - Running SMOPF, Network case9, 2025, Summer...
[INFO] 			 - Running SMOPF, Network case9, 2025, Autumn...
[INFO] 			 - Running SMOPF, Network case9, 2025, Winter...
[INFO] 			 - Running SMOPF, Network case9, 2030, Spring...
[INFO] 			 - Running SMOPF, Network case9, 2030, Summer...
[INFO] 			 - Running SMOPF, Network case9, 2030, Autumn...
[INFO] 			 - Running SMOPF, Network case9, 2030, Winter...
[INFO] 			 - Running SMOPF, Network case9, 2035, Spring...
[INFO] 			 - Running SMOPF, Network case9, 2035, Summer...
[INFO] 			 - Running SMOPF, Network case9, 2035, Autumn...
[INFO] 			 - Running SMOPF, Network case9, 2035, Winter...
[TSO PROX] cycle=13 | updated_blocks=12 | held_failed_blocks=0 | V max=0.000830 | PF max=0.032960 | ESS max=0.001979
[TSO PROX][V MAX] node=9, year=2030, day=Summer, period=21 | dV=0.286212 kV | normalized=0.000830
[TSO PROX][PF MAX] node=9, year=2035, day=Winter, period=9, type=P | delta=4.943953 MW | normalized=0.032960
[TSO PROX][ESS MAX] node=9, year=2035, day=Spring, period=6, type=P | delta=0.003835 MW | normalized=0.001979
[INFO] 		 - Updating SharedESS...
[INFO] 		 - Running Shared ESS optimization (subproblem)...
[INFO] 			 - Node 5...
[INFO] Shared ESS complementarity diagnostics for ESS node=5: ratio_max=8.723623e-06 n_periods=288 mu_final=1.009223e-11 s_obj=1.000000e-01 eps=1.000000e-05 bound=2.906562e-03 measured=2.676986e-03
[INFO] 			 - Node 7...
[INFO] Shared ESS complementarity diagnostics for ESS node=7: ratio_max=8.427929e-06 n_periods=288 mu_final=1.005526e-11 s_obj=1.000000e-01 eps=1.000000e-05 bound=2.895916e-03 measured=2.675630e-03
[INFO] 			 - Node 9...
[INFO] Shared ESS complementarity diagnostics for ESS node=9: ratio_max=8.974252e-06 n_periods=288 mu_final=1.009781e-11 s_obj=1.000000e-01 eps=1.000000e-05 bound=2.908169e-03 measured=2.675972e-03
[DIAG][PF MAX] node=5, year=2035, day=Summer, period=10, type=P | TSO=20.207851 MW, DSO=17.074968 MW, diff=3.132883 MW, rating=200.000000 MVA, normalized=0.015664, rho(TSO/DSO)=5.202459/5.202459
[INFO]		 - interface PF max primal residual failed. 0.015664 > 0.010000
[INFO]		 - interface PF mean dual residual failed. 0.035710 > 0.010000
[RECOURSE JUMP] cycle=13 | abs_change=4.413205e+07 | tol=1.018907e+05 | signed_change=-4.413205e+07
[RECOURSE JUMP] Reconciliation | previous=1.018907e+09 | current=9.747749e+08 | block_delta=-4.413205e+07 | mismatch=+1.192093e-07
[RECOURSE JUMP] Aggregate signed changes:
  TSO | delta=-4.988407e+07
  DSO node=9 | delta=+2.883730e+06
  DSO node=5 | delta=+2.188245e+06
  DSO node=7 | delta=+6.800462e+05
  SALVAGE | delta=+1.723851e-51
[RECOURSE JUMP] Largest 10 block changes:
  TSO node=None year=2035 day=Spring | previous=1.035006e+08 | current=9.779068e+07 | delta=-5.709908e+06 | abs_delta=5.709908e+06
    [RECOURSE JUMP][TSO PROX] year=2035 day=Spring | V max=0.000705 | PF max=0.026218 | ESS max=0.001979
    [RECOURSE COMPONENTS] gen=-6.655639e+06 | flex=+9.517627e+05 | load_curt=+0.000000e+00 | res_curt=+0.000000e+00 | ess_usage=+0.000000e+00 | slacks=-1.214318e-11 | ess_comp=-6.031620e+03
    [SLACK COMPONENTS] voltage=-1.267608e-11 | node_P=+0.000000e+00 | node_Q=+0.000000e+00 | branch_ij=+0.000000e+00 | branch_ji=+0.000000e+00 | flex_P=+2.589040e-13 | flex_Q=+2.589040e-13
    [SLACK COMPONENT CHECK] classified_delta=-1.215827e-11 | objective_slack_delta=-1.214318e-11 | mismatch=-1.509903e-14
    [RECOURSE COMPONENT CHECK] classified_delta=-5.709908e+06 | block_delta=-5.709908e+06 | mismatch=+2.793968e-09
  TSO node=None year=2035 day=Winter | previous=4.562567e+07 | current=4.008100e+07 | delta=-5.544664e+06 | abs_delta=5.544664e+06
    [RECOURSE JUMP][TSO PROX] year=2035 day=Winter | V max=0.000584 | PF max=0.032960 | ESS max=0.001351
    [RECOURSE COMPONENTS] gen=-4.951357e+06 | flex=-5.886116e+05 | load_curt=+0.000000e+00 | res_curt=+0.000000e+00 | ess_usage=+0.000000e+00 | slacks=-2.010125e-11 | ess_comp=-4.695675e+03
    [SLACK COMPONENTS] voltage=-2.020073e-11 | node_P=+0.000000e+00 | node_Q=+0.000000e+00 | branch_ij=+0.000000e+00 | branch_ji=+0.000000e+00 | flex_P=+3.241851e-14 | flex_Q=+3.241851e-14
    [SLACK COMPONENT CHECK] classified_delta=-2.013589e-11 | objective_slack_delta=-2.010125e-11 | mismatch=-3.463896e-14
    [RECOURSE COMPONENT CHECK] classified_delta=-5.544664e+06 | block_delta=-5.544664e+06 | mismatch=+0.000000e+00
  TSO node=None year=2030 day=Summer | previous=9.653784e+07 | current=9.143935e+07 | delta=-5.098489e+06 | abs_delta=5.098489e+06
    [RECOURSE JUMP][TSO PROX] year=2030 day=Summer | V max=0.000830 | PF max=0.025772 | ESS max=0.001614
    [RECOURSE COMPONENTS] gen=-5.458863e+06 | flex=+3.603740e+05 | load_curt=+0.000000e+00 | res_curt=+0.000000e+00 | ess_usage=+0.000000e+00 | slacks=-5.105960e-09 | ess_comp=-2.443229e-02
    [SLACK COMPONENTS] voltage=-3.336098e-09 | node_P=+0.000000e+00 | node_Q=+0.000000e+00 | branch_ij=+0.000000e+00 | branch_ji=+0.000000e+00 | flex_P=-8.849343e-10 | flex_Q=-8.849343e-10
    [SLACK COMPONENT CHECK] classified_delta=-5.105966e-09 | objective_slack_delta=-5.105960e-09 | mismatch=-6.217249e-15
    [RECOURSE COMPONENT CHECK] classified_delta=-5.098489e+06 | block_delta=-5.098489e+06 | mismatch=-9.313226e-09
  TSO node=None year=2030 day=Winter | previous=4.841228e+07 | current=4.369478e+07 | delta=-4.717501e+06 | abs_delta=4.717501e+06
    [RECOURSE JUMP][TSO PROX] year=2030 day=Winter | V max=0.000546 | PF max=0.029273 | ESS max=0.001647
    [RECOURSE COMPONENTS] gen=-4.393340e+06 | flex=-3.241609e+05 | load_curt=+0.000000e+00 | res_curt=+0.000000e+00 | ess_usage=+0.000000e+00 | slacks=+1.504930e-11 | ess_comp=-6.249773e-02
    [SLACK COMPONENTS] voltage=+1.511324e-11 | node_P=+0.000000e+00 | node_Q=+0.000000e+00 | branch_ij=+0.000000e+00 | branch_ji=+0.000000e+00 | flex_P=-1.820766e-14 | flex_Q=-1.820766e-14
    [SLACK COMPONENT CHECK] classified_delta=+1.507683e-11 | objective_slack_delta=+1.504930e-11 | mismatch=+2.753353e-14
    [RECOURSE COMPONENT CHECK] classified_delta=-4.717501e+06 | block_delta=-4.717501e+06 | mismatch=-5.587935e-09
  TSO node=None year=2025 day=Spring | previous=1.093149e+08 | current=1.050386e+08 | delta=-4.276312e+06 | abs_delta=4.276312e+06
    [RECOURSE JUMP][TSO PROX] year=2025 day=Spring | V max=0.000543 | PF max=0.030305 | ESS max=0.000425
    [RECOURSE COMPONENTS] gen=-5.034820e+06 | flex=+7.585075e+05 | load_curt=+0.000000e+00 | res_curt=+0.000000e+00 | ess_usage=+0.000000e+00 | slacks=-7.200555e-09 | ess_comp=-1.166077e-04
    [SLACK COMPONENTS] voltage=-4.752017e-09 | node_P=+0.000000e+00 | node_Q=+0.000000e+00 | branch_ij=+0.000000e+00 | branch_ji=+0.000000e+00 | flex_P=-1.224276e-09 | flex_Q=-1.224276e-09
    [SLACK COMPONENT CHECK] classified_delta=-7.200569e-09 | objective_slack_delta=-7.200555e-09 | mismatch=-1.421085e-14
    [RECOURSE COMPONENT CHECK] classified_delta=-4.276312e+06 | block_delta=-4.276312e+06 | mismatch=+1.955777e-08
  TSO node=None year=2030 day=Spring | previous=9.164463e+07 | current=8.745561e+07 | delta=-4.189024e+06 | abs_delta=4.189024e+06
    [RECOURSE JUMP][TSO PROX] year=2030 day=Spring | V max=0.000768 | PF max=0.025364 | ESS max=0.001080
    [RECOURSE COMPONENTS] gen=-4.791177e+06 | flex=+6.021535e+05 | load_curt=+0.000000e+00 | res_curt=+0.000000e+00 | ess_usage=+0.000000e+00 | slacks=+3.292733e-09 | ess_comp=-1.556450e-02
    [SLACK COMPONENTS] voltage=+2.164413e-09 | node_P=+0.000000e+00 | node_Q=+0.000000e+00 | branch_ij=+0.000000e+00 | branch_ji=+0.000000e+00 | flex_P=+5.641660e-10 | flex_Q=+5.641660e-10
    [SLACK COMPONENT CHECK] classified_delta=+3.292745e-09 | objective_slack_delta=+3.292733e-09 | mismatch=+1.154632e-14
    [RECOURSE COMPONENT CHECK] classified_delta=-4.189024e+06 | block_delta=-4.189024e+06 | mismatch=-6.984919e-09
  TSO node=None year=2025 day=Winter | previous=9.407491e+07 | current=8.992295e+07 | delta=-4.151960e+06 | abs_delta=4.151960e+06
    [RECOURSE JUMP][TSO PROX] year=2025 day=Winter | V max=0.000245 | PF max=0.026934 | ESS max=0.000183
    [RECOURSE COMPONENTS] gen=-4.332096e+06 | flex=+1.801365e+05 | load_curt=+0.000000e+00 | res_curt=+0.000000e+00 | ess_usage=+0.000000e+00 | slacks=-2.643219e-12 | ess_comp=+1.079838e-04
    [SLACK COMPONENTS] voltage=-2.643219e-12 | node_P=+0.000000e+00 | node_Q=+0.000000e+00 | branch_ij=+0.000000e+00 | branch_ji=+0.000000e+00 | flex_P=+0.000000e+00 | flex_Q=+0.000000e+00
    [SLACK COMPONENT CHECK] classified_delta=-2.643219e-12 | objective_slack_delta=-2.643219e-12 | mismatch=+0.000000e+00
    [RECOURSE COMPONENT CHECK] classified_delta=-4.151960e+06 | block_delta=-4.151960e+06 | mismatch=+4.656613e-09
  TSO node=None year=2025 day=Summer | previous=1.196372e+08 | current=1.160121e+08 | delta=-3.625131e+06 | abs_delta=3.625131e+06
    [RECOURSE JUMP][TSO PROX] year=2025 day=Summer | V max=0.000512 | PF max=0.027092 | ESS max=0.000294
    [RECOURSE COMPONENTS] gen=-4.065270e+06 | flex=+4.401390e+05 | load_curt=+0.000000e+00 | res_curt=+0.000000e+00 | ess_usage=+0.000000e+00 | slacks=-4.867218e-12 | ess_comp=+8.141873e-05
    [SLACK COMPONENTS] voltage=-4.867218e-12 | node_P=+0.000000e+00 | node_Q=+0.000000e+00 | branch_ij=+0.000000e+00 | branch_ji=+0.000000e+00 | flex_P=-8.881784e-16 | flex_Q=-8.881784e-16
    [SLACK COMPONENT CHECK] classified_delta=-4.868994e-12 | objective_slack_delta=-4.867218e-12 | mismatch=-1.776357e-15
    [RECOURSE COMPONENT CHECK] classified_delta=-3.625131e+06 | block_delta=-3.625131e+06 | mismatch=+5.587935e-09
  TSO node=None year=2035 day=Summer | previous=9.935826e+07 | current=9.581676e+07 | delta=-3.541508e+06 | abs_delta=3.541508e+06
    [RECOURSE JUMP][TSO PROX] year=2035 day=Summer | V max=0.000687 | PF max=0.028729 | ESS max=0.001549
    [RECOURSE COMPONENTS] gen=-3.976261e+06 | flex=+4.340432e+05 | load_curt=+0.000000e+00 | res_curt=+0.000000e+00 | ess_usage=+0.000000e+00 | slacks=-2.886935e-11 | ess_comp=+7.103528e+02
    [SLACK COMPONENTS] voltage=-2.715694e-11 | node_P=+0.000000e+00 | node_Q=+0.000000e+00 | branch_ij=+0.000000e+00 | branch_ji=+0.000000e+00 | flex_P=-8.459899e-13 | flex_Q=-8.459899e-13
    [SLACK COMPONENT CHECK] classified_delta=-2.884892e-11 | objective_slack_delta=-2.886935e-11 | mismatch=+2.042810e-14
    [RECOURSE COMPONENT CHECK] classified_delta=-3.541508e+06 | block_delta=-3.541508e+06 | mismatch=+8.847564e-09
  TSO node=None year=2030 day=Autumn | previous=3.414074e+07 | current=3.089274e+07 | delta=-3.248005e+06 | abs_delta=3.248005e+06
    [RECOURSE JUMP][TSO PROX] year=2030 day=Autumn | V max=0.000822 | PF max=0.023806 | ESS max=0.001785
    [RECOURSE COMPONENTS] gen=-1.982823e+06 | flex=-1.265182e+06 | load_curt=+0.000000e+00 | res_curt=+0.000000e+00 | ess_usage=+0.000000e+00 | slacks=+1.221030e-08 | ess_comp=+4.240452e-03
    [SLACK COMPONENTS] voltage=+7.955329e-09 | node_P=+0.000000e+00 | node_Q=+0.000000e+00 | branch_ij=+0.000000e+00 | branch_ji=+0.000000e+00 | flex_P=+2.127487e-09 | flex_Q=+2.127487e-09
    [SLACK COMPONENT CHECK] classified_delta=+1.221030e-08 | objective_slack_delta=+1.221030e-08 | mismatch=+2.664535e-15
    [RECOURSE COMPONENT CHECK] classified_delta=-3.248005e+06 | block_delta=-3.248005e+06 | mismatch=-2.328306e-09
[INFO]		 - Recourse stationarity failed. 44132049.994305 > 101890.692879
[ADMM RHO] V | primal max ratio=0.054 | primal mean ratio=0.084 | primal selected=0.084 | dual mean ratio=0.053 | increase threshold=5.0 | decrease threshold=5.0 | action=held
[ADMM RHO] PF | primal max ratio=1.566 | primal mean ratio=0.823 | primal selected=1.566 | dual mean ratio=3.571 | increase threshold=5.0 | decrease threshold=3.0 | action=held
[ADMM RHO] ESS | primal max ratio=0.119 | primal mean ratio=0.052 | primal selected=0.119 | dual mean ratio=0.039 | increase threshold=5.0 | decrease threshold=5.0 | action=held
[INFO]		 - ADMM cycle 13 | Primal (V max/mean | PF max/mean | ESS max/mean) = 0.000542/0.000084 | 0.015664/0.000823 | 0.011865/0.000524 | Dual (V max/mean | PF max/mean | ESS max/mean) = 0.002273/0.000525 | 0.171471/0.035710 | 0.016376/0.000387 | Recourse change = 44132049.994305 (tol. 101890.692879) | Stable cycles = 0/1 | Penalty actions (V/PF/ESS) = held/held/held
[INFO] 	 - Iteration 13: 36.73 s
[INFO] 	 - ADMM Iteration 14
[INFO] 		 - Updating distribution networks:
[INFO] 			 - Running SMOPF, Network case33_1, 2025, Spring...
[INFO] 			 - Running SMOPF, Network case33_1, 2025, Summer...
[INFO] 			 - Running SMOPF, Network case33_1, 2025, Autumn...
[INFO] 			 - Running SMOPF, Network case33_1, 2025, Winter...
[INFO] 			 - Running SMOPF, Network case33_1, 2030, Spring...
[INFO] 			 - Running SMOPF, Network case33_1, 2030, Summer...
[INFO] 			 - Running SMOPF, Network case33_1, 2030, Autumn...
[INFO] 			 - Running SMOPF, Network case33_1, 2030, Winter...
[INFO] 			 - Running SMOPF, Network case33_1, 2035, Spring...
[INFO] 			 - Running SMOPF, Network case33_1, 2035, Summer...
[INFO] 			 - Running SMOPF, Network case33_1, 2035, Autumn...
[INFO] 			 - Running SMOPF, Network case33_1, 2035, Winter...
[INFO] 			 - Running SMOPF, Network case33_2, 2025, Spring...
[INFO] 			 - Running SMOPF, Network case33_2, 2025, Summer...
[INFO] 			 - Running SMOPF, Network case33_2, 2025, Autumn...
[INFO] 			 - Running SMOPF, Network case33_2, 2025, Winter...
[INFO] 			 - Running SMOPF, Network case33_2, 2030, Spring...
[INFO] 			 - Running SMOPF, Network case33_2, 2030, Summer...
[INFO] 			 - Running SMOPF, Network case33_2, 2030, Autumn...
[INFO] 			 - Running SMOPF, Network case33_2, 2030, Winter...
[INFO] 			 - Running SMOPF, Network case33_2, 2035, Spring...
[INFO] 			 - Running SMOPF, Network case33_2, 2035, Summer...
[INFO] 			 - Running SMOPF, Network case33_2, 2035, Autumn...
[INFO] 			 - Running SMOPF, Network case33_2, 2035, Winter...
[INFO] 			 - Running SMOPF, Network case33_3, 2025, Spring...
[INFO] 			 - Running SMOPF, Network case33_3, 2025, Summer...
[INFO] 			 - Running SMOPF, Network case33_3, 2025, Autumn...
[INFO] 			 - Running SMOPF, Network case33_3, 2025, Winter...
[INFO] 			 - Running SMOPF, Network case33_3, 2030, Spring...
[INFO] 			 - Running SMOPF, Network case33_3, 2030, Summer...
[INFO] 			 - Running SMOPF, Network case33_3, 2030, Autumn...
[INFO] 			 - Running SMOPF, Network case33_3, 2030, Winter...
[INFO] 			 - Running SMOPF, Network case33_3, 2035, Spring...
[INFO] 			 - Running SMOPF, Network case33_3, 2035, Summer...
[INFO] 			 - Running SMOPF, Network case33_3, 2035, Autumn...
[INFO] 			 - Running SMOPF, Network case33_3, 2035, Winter...
[INFO] 		 - Updating transmission network...
[INFO] 			 - Running SMOPF, Network case9, 2025, Spring...
[INFO] 			 - Running SMOPF, Network case9, 2025, Summer...
[INFO] 			 - Running SMOPF, Network case9, 2025, Autumn...
[INFO] 			 - Running SMOPF, Network case9, 2025, Winter...
[INFO] 			 - Running SMOPF, Network case9, 2030, Spring...
[INFO] 			 - Running SMOPF, Network case9, 2030, Summer...
[INFO] 			 - Running SMOPF, Network case9, 2030, Autumn...
[INFO] 			 - Running SMOPF, Network case9, 2030, Winter...
[INFO] 			 - Running SMOPF, Network case9, 2035, Spring...
[INFO] 			 - Running SMOPF, Network case9, 2035, Summer...
[INFO] 			 - Running SMOPF, Network case9, 2035, Autumn...
[INFO] 			 - Running SMOPF, Network case9, 2035, Winter...
[TSO PROX] cycle=14 | updated_blocks=12 | held_failed_blocks=0 | V max=0.000788 | PF max=0.028647 | ESS max=0.001680
[TSO PROX][V MAX] node=9, year=2030, day=Summer, period=21 | dV=0.271838 kV | normalized=0.000788
[TSO PROX][PF MAX] node=9, year=2025, day=Autumn, period=9, type=P | delta=4.297105 MW | normalized=0.028647
[TSO PROX][ESS MAX] node=7, year=2030, day=Autumn, period=1, type=P | delta=0.003255 MW | normalized=0.001680
[INFO] 		 - Updating SharedESS...
[INFO] 		 - Running Shared ESS optimization (subproblem)...
[INFO] 			 - Node 5...
[INFO] Shared ESS complementarity diagnostics for ESS node=5: ratio_max=9.326018e-06 n_periods=288 mu_final=1.008688e-11 s_obj=1.000000e-01 eps=1.000000e-05 bound=2.905023e-03 measured=2.675906e-03
[INFO] 			 - Node 7...
[INFO] Shared ESS complementarity diagnostics for ESS node=7: ratio_max=9.231588e-06 n_periods=288 mu_final=1.008404e-11 s_obj=1.000000e-01 eps=1.000000e-05 bound=2.904202e-03 measured=2.676295e-03
[INFO] 			 - Node 9...
[INFO] Shared ESS complementarity diagnostics for ESS node=9: ratio_max=8.901663e-06 n_periods=288 mu_final=1.009065e-11 s_obj=1.000000e-01 eps=1.000000e-05 bound=2.906106e-03 measured=2.679536e-03
[DIAG][PF MAX] node=9, year=2030, day=Summer, period=20, type=Q | TSO=-5.580605 MVAr, DSO=-3.566214 MVAr, diff=2.014391 MVAr, rating=150.000000 MVA, normalized=0.013429, rho(TSO/DSO)=5.202459/5.202459
[INFO]		 - interface PF max primal residual failed. 0.013429 > 0.010000
[INFO]		 - interface PF mean dual residual failed. 0.027842 > 0.010000
[RECOURSE JUMP] cycle=14 | abs_change=3.093112e+07 | tol=9.747749e+04 | signed_change=-3.093112e+07
[RECOURSE JUMP] Reconciliation | previous=9.747749e+08 | current=9.438438e+08 | block_delta=-3.093112e+07 | mismatch=-3.576279e-07
[RECOURSE JUMP] Aggregate signed changes:
  TSO | delta=-3.577317e+07
  DSO node=5 | delta=+2.349507e+06
  DSO node=9 | delta=+1.955465e+06
  DSO node=7 | delta=+5.370824e+05
  SALVAGE | delta=-2.698201e-51
[RECOURSE JUMP] Largest 10 block changes:
  TSO node=None year=2035 day=Spring | previous=9.779068e+07 | current=9.334171e+07 | delta=-4.448967e+06 | abs_delta=4.448967e+06
    [RECOURSE JUMP][TSO PROX] year=2035 day=Spring | V max=0.000663 | PF max=0.026199 | ESS max=0.001340
    [RECOURSE COMPONENTS] gen=-5.194657e+06 | flex=+7.479951e+05 | load_curt=+0.000000e+00 | res_curt=+0.000000e+00 | ess_usage=+0.000000e+00 | slacks=+3.277787e-06 | ess_comp=-2.305269e+03
    [SLACK COMPONENTS] voltage=+2.142494e-06 | node_P=+0.000000e+00 | node_Q=+0.000000e+00 | branch_ij=+0.000000e+00 | branch_ji=+0.000000e+00 | flex_P=+5.676466e-07 | flex_Q=+5.676466e-07
    [SLACK COMPONENT CHECK] classified_delta=+3.277787e-06 | objective_slack_delta=+3.277787e-06 | mismatch=+0.000000e+00
    [RECOURSE COMPONENT CHECK] classified_delta=-4.448967e+06 | block_delta=-4.448967e+06 | mismatch=+1.396984e-08
  TSO node=None year=2030 day=Summer | previous=9.143935e+07 | current=8.732100e+07 | delta=-4.118352e+06 | abs_delta=4.118352e+06
    [RECOURSE JUMP][TSO PROX] year=2030 day=Summer | V max=0.000788 | PF max=0.023818 | ESS max=0.001499
    [RECOURSE COMPONENTS] gen=-4.697970e+06 | flex=+5.796175e+05 | load_curt=+0.000000e+00 | res_curt=+0.000000e+00 | ess_usage=+0.000000e+00 | slacks=+1.450721e-08 | ess_comp=-1.716839e-02
    [SLACK COMPONENTS] voltage=+9.472778e-09 | node_P=+0.000000e+00 | node_Q=+0.000000e+00 | branch_ij=+0.000000e+00 | branch_ji=+0.000000e+00 | flex_P=+2.517220e-09 | flex_Q=+2.517220e-09
    [SLACK COMPONENT CHECK] classified_delta=+1.450722e-08 | objective_slack_delta=+1.450721e-08 | mismatch=+2.664535e-15
    [RECOURSE COMPONENT CHECK] classified_delta=-4.118352e+06 | block_delta=-4.118352e+06 | mismatch=+2.421439e-08
  TSO node=None year=2030 day=Spring | previous=8.745561e+07 | current=8.376011e+07 | delta=-3.695505e+06 | abs_delta=3.695505e+06
    [RECOURSE JUMP][TSO PROX] year=2030 day=Spring | V max=0.000676 | PF max=0.023942 | ESS max=0.001010
    [RECOURSE COMPONENTS] gen=-4.549474e+06 | flex=+8.539693e+05 | load_curt=+0.000000e+00 | res_curt=+0.000000e+00 | ess_usage=+0.000000e+00 | slacks=+1.197789e-08 | ess_comp=-1.137455e-02
    [SLACK COMPONENTS] voltage=+7.873972e-09 | node_P=+0.000000e+00 | node_Q=+0.000000e+00 | branch_ij=+0.000000e+00 | branch_ji=+0.000000e+00 | flex_P=+2.051956e-09 | flex_Q=+2.051956e-09
    [SLACK COMPONENT CHECK] classified_delta=+1.197788e-08 | objective_slack_delta=+1.197789e-08 | mismatch=-5.329071e-15
    [RECOURSE COMPONENT CHECK] classified_delta=-3.695505e+06 | block_delta=-3.695505e+06 | mismatch=-9.313226e-10
  TSO node=None year=2025 day=Summer | previous=1.160121e+08 | current=1.124615e+08 | delta=-3.550544e+06 | abs_delta=3.550544e+06
    [RECOURSE JUMP][TSO PROX] year=2025 day=Summer | V max=0.000480 | PF max=0.027071 | ESS max=0.000304
    [RECOURSE COMPONENTS] gen=-3.982535e+06 | flex=+4.319911e+05 | load_curt=+0.000000e+00 | res_curt=+0.000000e+00 | ess_usage=+0.000000e+00 | slacks=-2.799538e-12 | ess_comp=-1.344295e-05
    [SLACK COMPONENTS] voltage=-2.799538e-12 | node_P=+0.000000e+00 | node_Q=+0.000000e+00 | branch_ij=+0.000000e+00 | branch_ji=+0.000000e+00 | flex_P=-4.440892e-16 | flex_Q=-4.440892e-16
    [SLACK COMPONENT CHECK] classified_delta=-2.800427e-12 | objective_slack_delta=-2.799538e-12 | mismatch=-8.881784e-16
    [RECOURSE COMPONENT CHECK] classified_delta=-3.550544e+06 | block_delta=-3.550544e+06 | mismatch=+6.519258e-09
  TSO node=None year=2025 day=Spring | previous=1.050386e+08 | current=1.015598e+08 | delta=-3.478819e+06 | abs_delta=3.478819e+06
    [RECOURSE JUMP][TSO PROX] year=2025 day=Spring | V max=0.000386 | PF max=0.023396 | ESS max=0.000366
    [RECOURSE COMPONENTS] gen=-4.377212e+06 | flex=+8.983925e+05 | load_curt=+0.000000e+00 | res_curt=+0.000000e+00 | ess_usage=+0.000000e+00 | slacks=+2.614861e-09 | ess_comp=+6.376604e-04
    [SLACK COMPONENTS] voltage=+1.727884e-09 | node_P=+0.000000e+00 | node_Q=+0.000000e+00 | branch_ij=+0.000000e+00 | branch_ji=+0.000000e+00 | flex_P=+4.434790e-10 | flex_Q=+4.434790e-10
    [SLACK COMPONENT CHECK] classified_delta=+2.614842e-09 | objective_slack_delta=+2.614861e-09 | mismatch=-1.953993e-14
    [RECOURSE COMPONENT CHECK] classified_delta=-3.478819e+06 | block_delta=-3.478819e+06 | mismatch=-5.122274e-09
  TSO node=None year=2035 day=Summer | previous=9.581676e+07 | current=9.270777e+07 | delta=-3.108982e+06 | abs_delta=3.108982e+06
    [RECOURSE JUMP][TSO PROX] year=2035 day=Summer | V max=0.000684 | PF max=0.028119 | ESS max=0.001431
    [RECOURSE COMPONENTS] gen=-3.678451e+06 | flex=+5.688438e+05 | load_curt=+0.000000e+00 | res_curt=+0.000000e+00 | ess_usage=+0.000000e+00 | slacks=-6.068035e-12 | ess_comp=+6.248978e+02
    [SLACK COMPONENTS] voltage=-5.577760e-12 | node_P=+0.000000e+00 | node_Q=+0.000000e+00 | branch_ij=+0.000000e+00 | branch_ji=+0.000000e+00 | flex_P=-2.473577e-13 | flex_Q=-2.473577e-13
    [SLACK COMPONENT CHECK] classified_delta=-6.072476e-12 | objective_slack_delta=-6.068035e-12 | mismatch=-4.440892e-15
    [RECOURSE COMPONENT CHECK] classified_delta=-3.108982e+06 | block_delta=-3.108982e+06 | mismatch=-8.381903e-09
  TSO node=None year=2035 day=Winter | previous=4.008100e+07 | current=3.728820e+07 | delta=-2.792803e+06 | abs_delta=2.792803e+06
    [RECOURSE JUMP][TSO PROX] year=2035 day=Winter | V max=0.000616 | PF max=0.023172 | ESS max=0.001190
    [RECOURSE COMPONENTS] gen=-2.073160e+06 | flex=-7.174156e+05 | load_curt=+0.000000e+00 | res_curt=+0.000000e+00 | ess_usage=+0.000000e+00 | slacks=-2.177103e-11 | ess_comp=-2.227810e+03
    [SLACK COMPONENTS] voltage=-2.173550e-11 | node_P=+0.000000e+00 | node_Q=+0.000000e+00 | branch_ij=+0.000000e+00 | branch_ji=+0.000000e+00 | flex_P=-1.332268e-14 | flex_Q=-1.332268e-14
    [SLACK COMPONENT CHECK] classified_delta=-2.176215e-11 | objective_slack_delta=-2.177103e-11 | mismatch=+8.881784e-15
    [RECOURSE COMPONENT CHECK] classified_delta=-2.792803e+06 | block_delta=-2.792803e+06 | mismatch=+4.656613e-09
  TSO node=None year=2030 day=Winter | previous=4.369478e+07 | current=4.117167e+07 | delta=-2.523105e+06 | abs_delta=2.523105e+06
    [RECOURSE JUMP][TSO PROX] year=2030 day=Winter | V max=0.000587 | PF max=0.023095 | ESS max=0.001535
    [RECOURSE COMPONENTS] gen=-2.117776e+06 | flex=-4.053293e+05 | load_curt=+0.000000e+00 | res_curt=+0.000000e+00 | ess_usage=+0.000000e+00 | slacks=+2.408150e-09 | ess_comp=-3.498407e-02
    [SLACK COMPONENTS] voltage=+1.601101e-09 | node_P=+0.000000e+00 | node_Q=+0.000000e+00 | branch_ij=+0.000000e+00 | branch_ji=+0.000000e+00 | flex_P=+4.035150e-10 | flex_Q=+4.035150e-10
    [SLACK COMPONENT CHECK] classified_delta=+2.408131e-09 | objective_slack_delta=+2.408150e-09 | mismatch=-1.865175e-14
    [RECOURSE COMPONENT CHECK] classified_delta=-2.523105e+06 | block_delta=-2.523105e+06 | mismatch=+6.519258e-09
  TSO node=None year=2025 day=Winter | previous=8.992295e+07 | current=8.764732e+07 | delta=-2.275630e+06 | abs_delta=2.275630e+06
    [RECOURSE JUMP][TSO PROX] year=2025 day=Winter | V max=0.000225 | PF max=0.024223 | ESS max=0.000147
    [RECOURSE COMPONENTS] gen=-2.121561e+06 | flex=-1.540685e+05 | load_curt=+0.000000e+00 | res_curt=+0.000000e+00 | ess_usage=+0.000000e+00 | slacks=+3.552714e-13 | ess_comp=+6.740443e-05
    [SLACK COMPONENTS] voltage=+3.552714e-13 | node_P=+0.000000e+00 | node_Q=+0.000000e+00 | branch_ij=+0.000000e+00 | branch_ji=+0.000000e+00 | flex_P=-1.332268e-15 | flex_Q=-1.332268e-15
    [SLACK COMPONENT CHECK] classified_delta=+3.526068e-13 | objective_slack_delta=+3.552714e-13 | mismatch=-2.664535e-15
    [RECOURSE COMPONENT CHECK] classified_delta=-2.275630e+06 | block_delta=-2.275630e+06 | mismatch=+8.381903e-09
  TSO node=None year=2025 day=Autumn | previous=8.225964e+07 | current=8.000876e+07 | delta=-2.250885e+06 | abs_delta=2.250885e+06
    [RECOURSE JUMP][TSO PROX] year=2025 day=Autumn | V max=0.000205 | PF max=0.028647 | ESS max=0.000225
    [RECOURSE COMPONENTS] gen=-2.291270e+06 | flex=+4.038575e+04 | load_curt=+0.000000e+00 | res_curt=+0.000000e+00 | ess_usage=+0.000000e+00 | slacks=-3.140599e-12 | ess_comp=+6.907483e-05
    [SLACK COMPONENTS] voltage=-3.140599e-12 | node_P=+0.000000e+00 | node_Q=+0.000000e+00 | branch_ij=+0.000000e+00 | branch_ji=+0.000000e+00 | flex_P=-4.440892e-16 | flex_Q=-4.440892e-16
    [SLACK COMPONENT CHECK] classified_delta=-3.141487e-12 | objective_slack_delta=-3.140599e-12 | mismatch=-8.881784e-16
    [RECOURSE COMPONENT CHECK] classified_delta=-2.250885e+06 | block_delta=-2.250885e+06 | mismatch=+1.164153e-08
[INFO]		 - Recourse stationarity failed. 30931115.340616 > 97477.487880
[ADMM RHO] V | primal max ratio=0.052 | primal mean ratio=0.065 | primal selected=0.065 | dual mean ratio=0.046 | increase threshold=5.0 | decrease threshold=5.0 | action=held
[ADMM RHO] PF | primal max ratio=1.343 | primal mean ratio=0.694 | primal selected=1.343 | dual mean ratio=2.784 | increase threshold=5.0 | decrease threshold=3.0 | action=held
[ADMM RHO] ESS | primal max ratio=0.128 | primal mean ratio=0.056 | primal selected=0.128 | dual mean ratio=0.033 | increase threshold=5.0 | decrease threshold=5.0 | action=held
[INFO]		 - ADMM cycle 14 | Primal (V max/mean | PF max/mean | ESS max/mean) = 0.000517/0.000065 | 0.013429/0.000694 | 0.012830/0.000557 | Dual (V max/mean | PF max/mean | ESS max/mean) = 0.001939/0.000464 | 0.149038/0.027842 | 0.013733/0.000334 | Recourse change = 30931115.340616 (tol. 97477.487880) | Stable cycles = 0/1 | Penalty actions (V/PF/ESS) = held/held/held
[INFO] 	 - Iteration 14: 36.47 s
[INFO] 	 - ADMM Iteration 15
[INFO] 		 - Updating distribution networks:
[INFO] 			 - Running SMOPF, Network case33_1, 2025, Spring...
[INFO] 			 - Running SMOPF, Network case33_1, 2025, Summer...
[INFO] 			 - Running SMOPF, Network case33_1, 2025, Autumn...
[INFO] 			 - Running SMOPF, Network case33_1, 2025, Winter...
[INFO] 			 - Running SMOPF, Network case33_1, 2030, Spring...
[INFO] 			 - Running SMOPF, Network case33_1, 2030, Summer...
[INFO] 			 - Running SMOPF, Network case33_1, 2030, Autumn...
[INFO] 			 - Running SMOPF, Network case33_1, 2030, Winter...
[INFO] 			 - Running SMOPF, Network case33_1, 2035, Spring...
[INFO] 			 - Running SMOPF, Network case33_1, 2035, Summer...
[INFO] 			 - Running SMOPF, Network case33_1, 2035, Autumn...
[INFO] 			 - Running SMOPF, Network case33_1, 2035, Winter...
[INFO] 			 - Running SMOPF, Network case33_2, 2025, Spring...
[INFO] 			 - Running SMOPF, Network case33_2, 2025, Summer...
[INFO] 			 - Running SMOPF, Network case33_2, 2025, Autumn...
[INFO] 			 - Running SMOPF, Network case33_2, 2025, Winter...
[INFO] 			 - Running SMOPF, Network case33_2, 2030, Spring...
[INFO] 			 - Running SMOPF, Network case33_2, 2030, Summer...
[INFO] 			 - Running SMOPF, Network case33_2, 2030, Autumn...
[INFO] 			 - Running SMOPF, Network case33_2, 2030, Winter...
[INFO] 			 - Running SMOPF, Network case33_2, 2035, Spring...
[INFO] 			 - Running SMOPF, Network case33_2, 2035, Summer...
[INFO] 			 - Running SMOPF, Network case33_2, 2035, Autumn...
[INFO] 			 - Running SMOPF, Network case33_2, 2035, Winter...
[INFO] 			 - Running SMOPF, Network case33_3, 2025, Spring...
[INFO] 			 - Running SMOPF, Network case33_3, 2025, Summer...
[INFO] 			 - Running SMOPF, Network case33_3, 2025, Autumn...
[INFO] 			 - Running SMOPF, Network case33_3, 2025, Winter...
[INFO] 			 - Running SMOPF, Network case33_3, 2030, Spring...
[INFO] 			 - Running SMOPF, Network case33_3, 2030, Summer...
[INFO] 			 - Running SMOPF, Network case33_3, 2030, Autumn...
[INFO] 			 - Running SMOPF, Network case33_3, 2030, Winter...
[INFO] 			 - Running SMOPF, Network case33_3, 2035, Spring...
[INFO] 			 - Running SMOPF, Network case33_3, 2035, Summer...
[INFO] 			 - Running SMOPF, Network case33_3, 2035, Autumn...
[INFO] 			 - Running SMOPF, Network case33_3, 2035, Winter...
[INFO] 		 - Updating transmission network...
[INFO] 			 - Running SMOPF, Network case9, 2025, Spring...
[INFO] 			 - Running SMOPF, Network case9, 2025, Summer...
[INFO] 			 - Running SMOPF, Network case9, 2025, Autumn...
[INFO] 			 - Running SMOPF, Network case9, 2025, Winter...
[INFO] 			 - Running SMOPF, Network case9, 2030, Spring...
[INFO] 			 - Running SMOPF, Network case9, 2030, Summer...
[INFO] 			 - Running SMOPF, Network case9, 2030, Autumn...
[INFO] 			 - Running SMOPF, Network case9, 2030, Winter...
[INFO] 			 - Running SMOPF, Network case9, 2035, Spring...
[INFO] 			 - Running SMOPF, Network case9, 2035, Summer...
[INFO] 			 - Running SMOPF, Network case9, 2035, Autumn...
[INFO] 			 - Running SMOPF, Network case9, 2035, Winter...
[TSO PROX] cycle=15 | updated_blocks=12 | held_failed_blocks=0 | V max=0.000668 | PF max=0.028381 | ESS max=0.000799
[TSO PROX][V MAX] node=9, year=2035, day=Spring, period=10 | dV=0.230499 kV | normalized=0.000668
[TSO PROX][PF MAX] node=9, year=2025, day=Autumn, period=9, type=P | delta=4.257145 MW | normalized=0.028381
[TSO PROX][ESS MAX] node=5, year=2035, day=Spring, period=3, type=P | delta=0.001548 MW | normalized=0.000799
[INFO] 		 - Updating SharedESS...
[INFO] 		 - Running Shared ESS optimization (subproblem)...
[INFO] 			 - Node 5...
[INFO] Shared ESS complementarity diagnostics for ESS node=5: ratio_max=9.139196e-06 n_periods=288 mu_final=1.008916e-11 s_obj=1.000000e-01 eps=1.000000e-05 bound=2.905678e-03 measured=2.681841e-03
[INFO] 			 - Node 7...
[INFO] Shared ESS complementarity diagnostics for ESS node=7: ratio_max=9.085287e-06 n_periods=288 mu_final=1.008375e-11 s_obj=1.000000e-01 eps=1.000000e-05 bound=2.904121e-03 measured=2.686247e-03
[INFO] 			 - Node 9...
[INFO] Shared ESS complementarity diagnostics for ESS node=9: ratio_max=8.669601e-06 n_periods=288 mu_final=1.009046e-11 s_obj=1.000000e-01 eps=1.000000e-05 bound=2.906053e-03 measured=2.681346e-03
[DIAG][PF MAX] node=9, year=2035, day=Autumn, period=7, type=Q | TSO=-9.573688 MVAr, DSO=-7.412841 MVAr, diff=2.160847 MVAr, rating=150.000000 MVA, normalized=0.014406, rho(TSO/DSO)=5.202459/5.202459
[INFO]		 - interface PF max primal residual failed. 0.014406 > 0.010000
[INFO]		 - interface PF mean dual residual failed. 0.022576 > 0.010000
[RECOURSE JUMP] cycle=15 | abs_change=2.181425e+07 | tol=9.438438e+04 | signed_change=-2.181425e+07
[RECOURSE JUMP] Reconciliation | previous=9.438438e+08 | current=9.220295e+08 | block_delta=-2.181425e+07 | mismatch=+2.384186e-07
[RECOURSE JUMP] Aggregate signed changes:
  TSO | delta=-2.611289e+07
  DSO node=5 | delta=+1.934440e+06
  DSO node=9 | delta=+1.612107e+06
  DSO node=7 | delta=+7.520881e+05
  SALVAGE | delta=+1.311626e-51
[RECOURSE JUMP] Largest 10 block changes:
  TSO node=None year=2035 day=Spring | previous=9.334171e+07 | current=8.898879e+07 | delta=-4.352919e+06 | abs_delta=4.352919e+06
    [RECOURSE JUMP][TSO PROX] year=2035 day=Spring | V max=0.000668 | PF max=0.026175 | ESS max=0.000799
    [RECOURSE COMPONENTS] gen=-5.169063e+06 | flex=+8.170009e+05 | load_curt=+0.000000e+00 | res_curt=+0.000000e+00 | ess_usage=+0.000000e+00 | slacks=-1.739288e-06 | ess_comp=-8.565501e+02
    [SLACK COMPONENTS] voltage=-1.136715e-06 | node_P=+0.000000e+00 | node_Q=+0.000000e+00 | branch_ij=+0.000000e+00 | branch_ji=+0.000000e+00 | flex_P=-3.012862e-07 | flex_Q=-3.012862e-07
    [SLACK COMPONENT CHECK] classified_delta=-1.739288e-06 | objective_slack_delta=-1.739288e-06 | mismatch=+2.753353e-14
    [RECOURSE COMPONENT CHECK] classified_delta=-4.352919e+06 | block_delta=-4.352919e+06 | mismatch=+6.519258e-09
  TSO node=None year=2030 day=Spring | previous=8.376011e+07 | current=8.026371e+07 | delta=-3.496392e+06 | abs_delta=3.496392e+06
    [RECOURSE JUMP][TSO PROX] year=2030 day=Spring | V max=0.000645 | PF max=0.023615 | ESS max=0.000477
    [RECOURSE COMPONENTS] gen=-4.463946e+06 | flex=+9.675549e+05 | load_curt=+0.000000e+00 | res_curt=+0.000000e+00 | ess_usage=+0.000000e+00 | slacks=+1.027374e-09 | ess_comp=-8.524850e-03
    [SLACK COMPONENTS] voltage=+6.778507e-10 | node_P=+0.000000e+00 | node_Q=+0.000000e+00 | branch_ij=+0.000000e+00 | branch_ji=+0.000000e+00 | flex_P=+1.747669e-10 | flex_Q=+1.747669e-10
    [SLACK COMPONENT CHECK] classified_delta=+1.027384e-09 | objective_slack_delta=+1.027374e-09 | mismatch=+1.065814e-14
    [RECOURSE COMPONENT CHECK] classified_delta=-3.496392e+06 | block_delta=-3.496392e+06 | mismatch=+1.955777e-08
  TSO node=None year=2025 day=Summer | previous=1.124615e+08 | current=1.090997e+08 | delta=-3.361872e+06 | abs_delta=3.361872e+06
    [RECOURSE JUMP][TSO PROX] year=2025 day=Summer | V max=0.000258 | PF max=0.027042 | ESS max=0.000302
    [RECOURSE COMPONENTS] gen=-3.837616e+06 | flex=+4.757440e+05 | load_curt=+0.000000e+00 | res_curt=+0.000000e+00 | ess_usage=+0.000000e+00 | slacks=-3.886669e-12 | ess_comp=+7.213225e-05
    [SLACK COMPONENTS] voltage=-3.886669e-12 | node_P=+0.000000e+00 | node_Q=+0.000000e+00 | branch_ij=+0.000000e+00 | branch_ji=+0.000000e+00 | flex_P=+0.000000e+00 | flex_Q=+0.000000e+00
    [SLACK COMPONENT CHECK] classified_delta=-3.886669e-12 | objective_slack_delta=-3.886669e-12 | mismatch=+0.000000e+00
    [RECOURSE COMPONENT CHECK] classified_delta=-3.361872e+06 | block_delta=-3.361872e+06 | mismatch=-1.257285e-08
  TSO node=None year=2025 day=Spring | previous=1.015598e+08 | current=9.853115e+07 | delta=-3.028620e+06 | abs_delta=3.028620e+06
    [RECOURSE JUMP][TSO PROX] year=2025 day=Spring | V max=0.000387 | PF max=0.023391 | ESS max=0.000368
    [RECOURSE COMPONENTS] gen=-3.968836e+06 | flex=+9.402169e+05 | load_curt=+0.000000e+00 | res_curt=+0.000000e+00 | ess_usage=+0.000000e+00 | slacks=-1.468159e-09 | ess_comp=+5.382189e-05
    [SLACK COMPONENTS] voltage=-9.673471e-10 | node_P=+0.000000e+00 | node_Q=+0.000000e+00 | branch_ij=+0.000000e+00 | branch_ji=+0.000000e+00 | flex_P=-2.503988e-10 | flex_Q=-2.503988e-10
    [SLACK COMPONENT CHECK] classified_delta=-1.468145e-09 | objective_slack_delta=-1.468159e-09 | mismatch=+1.421085e-14
    [RECOURSE COMPONENT CHECK] classified_delta=-3.028620e+06 | block_delta=-3.028620e+06 | mismatch=-1.816079e-08
  TSO node=None year=2035 day=Summer | previous=9.270777e+07 | current=8.992175e+07 | delta=-2.786019e+06 | abs_delta=2.786019e+06
    [RECOURSE JUMP][TSO PROX] year=2035 day=Summer | V max=0.000444 | PF max=0.027958 | ESS max=0.000642
    [RECOURSE COMPONENTS] gen=-3.488215e+06 | flex=+7.022354e+05 | load_curt=+0.000000e+00 | res_curt=+0.000000e+00 | ess_usage=+0.000000e+00 | slacks=-6.004086e-12 | ess_comp=-3.998830e+01
    [SLACK COMPONENTS] voltage=-5.719869e-12 | node_P=+0.000000e+00 | node_Q=+0.000000e+00 | branch_ij=+0.000000e+00 | branch_ji=+0.000000e+00 | flex_P=-1.434408e-13 | flex_Q=-1.434408e-13
    [SLACK COMPONENT CHECK] classified_delta=-6.006751e-12 | objective_slack_delta=-6.004086e-12 | mismatch=-2.664535e-15
    [RECOURSE COMPONENT CHECK] classified_delta=-2.786019e+06 | block_delta=-2.786019e+06 | mismatch=+9.313226e-09
  TSO node=None year=2030 day=Summer | previous=8.732100e+07 | current=8.477884e+07 | delta=-2.542162e+06 | abs_delta=2.542162e+06
    [RECOURSE JUMP][TSO PROX] year=2030 day=Summer | V max=0.000611 | PF max=0.023586 | ESS max=0.000680
    [RECOURSE COMPONENTS] gen=-2.725829e+06 | flex=+1.836673e+05 | load_curt=+0.000000e+00 | res_curt=+0.000000e+00 | ess_usage=+0.000000e+00 | slacks=+4.255490e-09 | ess_comp=-1.267474e-02
    [SLACK COMPONENTS] voltage=+2.779167e-09 | node_P=+0.000000e+00 | node_Q=+0.000000e+00 | branch_ij=+0.000000e+00 | branch_ji=+0.000000e+00 | flex_P=+7.381655e-10 | flex_Q=+7.381655e-10
    [SLACK COMPONENT CHECK] classified_delta=+4.255498e-09 | objective_slack_delta=+4.255490e-09 | mismatch=+7.993606e-15
    [RECOURSE COMPONENT CHECK] classified_delta=-2.542162e+06 | block_delta=-2.542162e+06 | mismatch=-1.164153e-08
  TSO node=None year=2035 day=Autumn | previous=4.391790e+07 | current=4.214697e+07 | delta=-1.770936e+06 | abs_delta=1.770936e+06
    [RECOURSE JUMP][TSO PROX] year=2035 day=Autumn | V max=0.000460 | PF max=0.020886 | ESS max=0.000368
    [RECOURSE COMPONENTS] gen=-1.639858e+06 | flex=-1.316243e+05 | load_curt=+0.000000e+00 | res_curt=+0.000000e+00 | ess_usage=+0.000000e+00 | slacks=-1.247596e-08 | ess_comp=+5.467331e+02
    [SLACK COMPONENTS] voltage=-8.208211e-09 | node_P=+0.000000e+00 | node_Q=+0.000000e+00 | branch_ij=+0.000000e+00 | branch_ji=+0.000000e+00 | flex_P=-2.133872e-09 | flex_Q=-2.133872e-09
    [SLACK COMPONENT CHECK] classified_delta=-1.247596e-08 | objective_slack_delta=-1.247596e-08 | mismatch=+2.664535e-15
    [RECOURSE COMPONENT CHECK] classified_delta=-1.770936e+06 | block_delta=-1.770936e+06 | mismatch=-2.561137e-09
  TSO node=None year=2025 day=Autumn | previous=8.000876e+07 | current=7.840062e+07 | delta=-1.608137e+06 | abs_delta=1.608137e+06
    [RECOURSE JUMP][TSO PROX] year=2025 day=Autumn | V max=0.000211 | PF max=0.028381 | ESS max=0.000236
    [RECOURSE COMPONENTS] gen=-1.691699e+06 | flex=+8.356199e+04 | load_curt=+0.000000e+00 | res_curt=+0.000000e+00 | ess_usage=+0.000000e+00 | slacks=-2.494005e-12 | ess_comp=+9.108611e-05
    [SLACK COMPONENTS] voltage=-2.494005e-12 | node_P=+0.000000e+00 | node_Q=+0.000000e+00 | branch_ij=+0.000000e+00 | branch_ji=+0.000000e+00 | flex_P=+0.000000e+00 | flex_Q=+0.000000e+00
    [SLACK COMPONENT CHECK] classified_delta=-2.494005e-12 | objective_slack_delta=-2.494005e-12 | mismatch=+0.000000e+00
    [RECOURSE COMPONENT CHECK] classified_delta=-1.608137e+06 | block_delta=-1.608137e+06 | mismatch=+4.190952e-09
  TSO node=None year=2025 day=Winter | previous=8.764732e+07 | current=8.629737e+07 | delta=-1.349943e+06 | abs_delta=1.349943e+06
    [RECOURSE JUMP][TSO PROX] year=2025 day=Winter | V max=0.000174 | PF max=0.021848 | ESS max=0.000135
    [RECOURSE COMPONENTS] gen=-1.105823e+06 | flex=-2.441201e+05 | load_curt=+0.000000e+00 | res_curt=+0.000000e+00 | ess_usage=+0.000000e+00 | slacks=+2.138734e-12 | ess_comp=+1.125889e-04
    [SLACK COMPONENTS] voltage=+2.138734e-12 | node_P=+0.000000e+00 | node_Q=+0.000000e+00 | branch_ij=+0.000000e+00 | branch_ji=+0.000000e+00 | flex_P=-4.440892e-16 | flex_Q=-4.440892e-16
    [SLACK COMPONENT CHECK] classified_delta=+2.137845e-12 | objective_slack_delta=+2.138734e-12 | mismatch=-8.881784e-16
    [RECOURSE COMPONENT CHECK] classified_delta=-1.349943e+06 | block_delta=-1.349943e+06 | mismatch=+9.778887e-09
  DSO node=9 year=2035 day=Spring | previous=4.235268e+06 | current=4.965792e+06 | delta=+7.305239e+05 | abs_delta=7.305239e+05
    [RECOURSE COMPONENTS] gen=+0.000000e+00 | flex=+7.512868e+05 | load_curt=+0.000000e+00 | res_curt=-1.972395e+04 | ess_usage=+0.000000e+00 | slacks=-2.733142e-06 | ess_comp=-1.038905e+03
    [SLACK COMPONENTS] voltage=-2.703830e-06 | node_P=+0.000000e+00 | node_Q=+0.000000e+00 | branch_ij=+0.000000e+00 | branch_ji=+0.000000e+00 | flex_P=-2.946701e-08 | flex_Q=+1.547598e-10
    [SLACK COMPONENT CHECK] classified_delta=-2.733143e-06 | objective_slack_delta=-2.733142e-06 | mismatch=-7.709389e-13
    [RECOURSE COMPONENT CHECK] classified_delta=+7.305239e+05 | block_delta=+7.305239e+05 | mismatch=+1.164153e-10
[INFO]		 - Recourse stationarity failed. 21814254.813349 > 94384.376346
[ADMM RHO] V | primal max ratio=0.045 | primal mean ratio=0.052 | primal selected=0.052 | dual mean ratio=0.040 | increase threshold=5.0 | decrease threshold=5.0 | action=held
[ADMM RHO] PF | primal max ratio=1.441 | primal mean ratio=0.556 | primal selected=1.441 | dual mean ratio=2.258 | increase threshold=5.0 | decrease threshold=3.0 | action=held
[ADMM RHO] ESS | primal max ratio=0.142 | primal mean ratio=0.060 | primal selected=0.142 | dual mean ratio=0.028 | increase threshold=5.0 | decrease threshold=5.0 | action=held
[INFO]		 - ADMM cycle 15 | Primal (V max/mean | PF max/mean | ESS max/mean) = 0.000451/0.000052 | 0.014406/0.000556 | 0.014171/0.000599 | Dual (V max/mean | PF max/mean | ESS max/mean) = 0.001765/0.000400 | 0.147651/0.022576 | 0.010843/0.000276 | Recourse change = 21814254.813349 (tol. 94384.376346) | Stable cycles = 0/1 | Penalty actions (V/PF/ESS) = held/held/held
[INFO] 	 - Iteration 15: 37.84 s
[INFO] 	 - ADMM Iteration 16
[INFO] 		 - Updating distribution networks:
[INFO] 			 - Running SMOPF, Network case33_1, 2025, Spring...
[INFO] 			 - Running SMOPF, Network case33_1, 2025, Summer...
[INFO] 			 - Running SMOPF, Network case33_1, 2025, Autumn...
[INFO] 			 - Running SMOPF, Network case33_1, 2025, Winter...
[INFO] 			 - Running SMOPF, Network case33_1, 2030, Spring...
[INFO] 			 - Running SMOPF, Network case33_1, 2030, Summer...
[INFO] 			 - Running SMOPF, Network case33_1, 2030, Autumn...
[INFO] 			 - Running SMOPF, Network case33_1, 2030, Winter...
[INFO] 			 - Running SMOPF, Network case33_1, 2035, Spring...
[INFO] 			 - Running SMOPF, Network case33_1, 2035, Summer...
[INFO] 			 - Running SMOPF, Network case33_1, 2035, Autumn...
[INFO] 			 - Running SMOPF, Network case33_1, 2035, Winter...
[INFO] 			 - Running SMOPF, Network case33_2, 2025, Spring...
[INFO] 			 - Running SMOPF, Network case33_2, 2025, Summer...
[INFO] 			 - Running SMOPF, Network case33_2, 2025, Autumn...
[INFO] 			 - Running SMOPF, Network case33_2, 2025, Winter...
[INFO] 			 - Running SMOPF, Network case33_2, 2030, Spring...
[INFO] 			 - Running SMOPF, Network case33_2, 2030, Summer...
[INFO] 			 - Running SMOPF, Network case33_2, 2030, Autumn...
[INFO] 			 - Running SMOPF, Network case33_2, 2030, Winter...
[INFO] 			 - Running SMOPF, Network case33_2, 2035, Spring...
[INFO] 			 - Running SMOPF, Network case33_2, 2035, Summer...
[INFO] 			 - Running SMOPF, Network case33_2, 2035, Autumn...
[INFO] 			 - Running SMOPF, Network case33_2, 2035, Winter...
[INFO] 			 - Running SMOPF, Network case33_3, 2025, Spring...
[INFO] 			 - Running SMOPF, Network case33_3, 2025, Summer...
[INFO] 			 - Running SMOPF, Network case33_3, 2025, Autumn...
[INFO] 			 - Running SMOPF, Network case33_3, 2025, Winter...
[INFO] 			 - Running SMOPF, Network case33_3, 2030, Spring...
[INFO] 			 - Running SMOPF, Network case33_3, 2030, Summer...
[INFO] 			 - Running SMOPF, Network case33_3, 2030, Autumn...
[INFO] 			 - Running SMOPF, Network case33_3, 2030, Winter...
[INFO] 			 - Running SMOPF, Network case33_3, 2035, Spring...
[INFO] 			 - Running SMOPF, Network case33_3, 2035, Summer...
[INFO] 			 - Running SMOPF, Network case33_3, 2035, Autumn...
[INFO] 			 - Running SMOPF, Network case33_3, 2035, Winter...
[INFO] 		 - Updating transmission network...
[INFO] 			 - Running SMOPF, Network case9, 2025, Spring...
[INFO] 			 - Running SMOPF, Network case9, 2025, Summer...
[INFO] 			 - Running SMOPF, Network case9, 2025, Autumn...
[INFO] 			 - Running SMOPF, Network case9, 2025, Winter...
[INFO] 			 - Running SMOPF, Network case9, 2030, Spring...
[INFO] 			 - Running SMOPF, Network case9, 2030, Summer...
[INFO] 			 - Running SMOPF, Network case9, 2030, Autumn...
[INFO] 			 - Running SMOPF, Network case9, 2030, Winter...
[INFO] 			 - Running SMOPF, Network case9, 2035, Spring...
[INFO] 			 - Running SMOPF, Network case9, 2035, Summer...
[INFO] 			 - Running SMOPF, Network case9, 2035, Autumn...
[INFO] 			 - Running SMOPF, Network case9, 2035, Winter...
[TSO PROX] cycle=16 | updated_blocks=12 | held_failed_blocks=0 | V max=0.000686 | PF max=0.026155 | ESS max=0.000614
[TSO PROX][V MAX] node=9, year=2035, day=Spring, period=16 | dV=0.236641 kV | normalized=0.000686
[TSO PROX][PF MAX] node=9, year=2035, day=Spring, period=8, type=P | delta=3.923306 MW | normalized=0.026155
[TSO PROX][ESS MAX] node=9, year=2035, day=Spring, period=1, type=P | delta=0.001190 MW | normalized=0.000614
[INFO] 		 - Updating SharedESS...
[INFO] 		 - Running Shared ESS optimization (subproblem)...
[INFO] 			 - Node 5...
[INFO] Shared ESS complementarity diagnostics for ESS node=5: ratio_max=8.960621e-06 n_periods=288 mu_final=1.009241e-11 s_obj=1.000000e-01 eps=1.000000e-05 bound=2.906615e-03 measured=2.688174e-03
[INFO] 			 - Node 7...
[INFO] Shared ESS complementarity diagnostics for ESS node=7: ratio_max=9.120204e-06 n_periods=288 mu_final=1.009340e-11 s_obj=1.000000e-01 eps=1.000000e-05 bound=2.906898e-03 measured=2.690721e-03
[INFO] 			 - Node 9...
[INFO] Shared ESS complementarity diagnostics for ESS node=9: ratio_max=8.906338e-06 n_periods=288 mu_final=1.008459e-11 s_obj=1.000000e-01 eps=1.000000e-05 bound=2.904361e-03 measured=2.692036e-03
[DIAG][PF MAX] node=9, year=2035, day=Spring, period=7, type=Q | TSO=-10.361047 MVAr, DSO=-8.722085 MVAr, diff=1.638962 MVAr, rating=150.000000 MVA, normalized=0.010926, rho(TSO/DSO)=5.202459/5.202459
[INFO]		 - interface PF max primal residual failed. 0.010926 > 0.010000
[INFO]		 - interface PF mean dual residual failed. 0.018748 > 0.010000
[RECOURSE JUMP] cycle=16 | abs_change=1.633043e+07 | tol=9.220295e+04 | signed_change=-1.633043e+07
[RECOURSE JUMP] Reconciliation | previous=9.220295e+08 | current=9.056991e+08 | block_delta=-1.633043e+07 | mismatch=+1.192093e-07
[RECOURSE JUMP] Aggregate signed changes:
  TSO | delta=-1.999650e+07
  DSO node=9 | delta=+1.829960e+06
  DSO node=5 | delta=+1.076019e+06
  DSO node=7 | delta=+7.600943e+05
  SALVAGE | delta=-2.285976e-51
[RECOURSE JUMP] Largest 10 block changes:
  TSO node=None year=2035 day=Spring | previous=8.898879e+07 | current=8.459571e+07 | delta=-4.393084e+06 | abs_delta=4.393084e+06
    [RECOURSE JUMP][TSO PROX] year=2035 day=Spring | V max=0.000686 | PF max=0.026155 | ESS max=0.000614
    [RECOURSE COMPONENTS] gen=-5.389055e+06 | flex=+9.971834e+05 | load_curt=+0.000000e+00 | res_curt=+0.000000e+00 | ess_usage=+0.000000e+00 | slacks=-1.037909e-06 | ess_comp=-1.212565e+03
    [SLACK COMPONENTS] voltage=-6.784576e-07 | node_P=+0.000000e+00 | node_Q=+0.000000e+00 | branch_ij=+0.000000e+00 | branch_ji=+0.000000e+00 | flex_P=-1.797258e-07 | flex_Q=-1.797258e-07
    [SLACK COMPONENT CHECK] classified_delta=-1.037909e-06 | objective_slack_delta=-1.037909e-06 | mismatch=-2.131628e-14
    [RECOURSE COMPONENT CHECK] classified_delta=-4.393084e+06 | block_delta=-4.393084e+06 | mismatch=-6.519258e-09
  TSO node=None year=2025 day=Summer | previous=1.090997e+08 | current=1.063922e+08 | delta=-2.707475e+06 | abs_delta=2.707475e+06
    [RECOURSE JUMP][TSO PROX] year=2025 day=Summer | V max=0.000262 | PF max=0.022659 | ESS max=0.000296
    [RECOURSE COMPONENTS] gen=-3.145744e+06 | flex=+4.382690e+05 | load_curt=+0.000000e+00 | res_curt=+0.000000e+00 | ess_usage=+0.000000e+00 | slacks=-3.986145e-12 | ess_comp=+7.509509e-05
    [SLACK COMPONENTS] voltage=-3.986145e-12 | node_P=+0.000000e+00 | node_Q=+0.000000e+00 | branch_ij=+0.000000e+00 | branch_ji=+0.000000e+00 | flex_P=+0.000000e+00 | flex_Q=+0.000000e+00
    [SLACK COMPONENT CHECK] classified_delta=-3.986145e-12 | objective_slack_delta=-3.986145e-12 | mismatch=+0.000000e+00
    [RECOURSE COMPONENT CHECK] classified_delta=-2.707475e+06 | block_delta=-2.707475e+06 | mismatch=-9.778887e-09
  TSO node=None year=2030 day=Spring | previous=8.026371e+07 | current=7.766537e+07 | delta=-2.598342e+06 | abs_delta=2.598342e+06
    [RECOURSE JUMP][TSO PROX] year=2030 day=Spring | V max=0.000601 | PF max=0.021545 | ESS max=0.000045
    [RECOURSE COMPONENTS] gen=-3.284533e+06 | flex=+6.861906e+05 | load_curt=+0.000000e+00 | res_curt=+0.000000e+00 | ess_usage=+0.000000e+00 | slacks=+7.007870e-10 | ess_comp=-6.600906e-03
    [SLACK COMPONENTS] voltage=+4.621796e-10 | node_P=+0.000000e+00 | node_Q=+0.000000e+00 | branch_ij=+0.000000e+00 | branch_ji=+0.000000e+00 | flex_P=+1.193010e-10 | flex_Q=+1.193010e-10
    [SLACK COMPONENT CHECK] classified_delta=+7.007817e-10 | objective_slack_delta=+7.007870e-10 | mismatch=-5.329071e-15
    [RECOURSE COMPONENT CHECK] classified_delta=-2.598342e+06 | block_delta=-2.598342e+06 | mismatch=-2.421439e-08
  TSO node=None year=2035 day=Summer | previous=8.992175e+07 | current=8.748390e+07 | delta=-2.437859e+06 | abs_delta=2.437859e+06
    [RECOURSE JUMP][TSO PROX] year=2035 day=Summer | V max=0.000424 | PF max=0.022083 | ESS max=0.000426
    [RECOURSE COMPONENTS] gen=-3.168871e+06 | flex=+7.316466e+05 | load_curt=+0.000000e+00 | res_curt=+0.000000e+00 | ess_usage=+0.000000e+00 | slacks=-3.176126e-12 | ess_comp=-6.343733e+02
    [SLACK COMPONENTS] voltage=-3.147704e-12 | node_P=+0.000000e+00 | node_Q=+0.000000e+00 | branch_ij=+0.000000e+00 | branch_ji=+0.000000e+00 | flex_P=-1.065814e-14 | flex_Q=-1.065814e-14
    [SLACK COMPONENT CHECK] classified_delta=-3.169021e-12 | objective_slack_delta=-3.176126e-12 | mismatch=+7.105427e-15
    [RECOURSE COMPONENT CHECK] classified_delta=-2.437859e+06 | block_delta=-2.437859e+06 | mismatch=+9.313226e-10
  TSO node=None year=2030 day=Summer | previous=8.477884e+07 | current=8.280366e+07 | delta=-1.975179e+06 | abs_delta=1.975179e+06
    [RECOURSE JUMP][TSO PROX] year=2030 day=Summer | V max=0.000374 | PF max=0.023574 | ESS max=0.000072
    [RECOURSE COMPONENTS] gen=-2.012977e+06 | flex=+3.779794e+04 | load_curt=+0.000000e+00 | res_curt=+0.000000e+00 | ess_usage=+0.000000e+00 | slacks=+9.412702e-10 | ess_comp=-9.877284e-03
    [SLACK COMPONENTS] voltage=+6.147616e-10 | node_P=+0.000000e+00 | node_Q=+0.000000e+00 | branch_ij=+0.000000e+00 | branch_ji=+0.000000e+00 | flex_P=+1.632570e-10 | flex_Q=+1.632570e-10
    [SLACK COMPONENT CHECK] classified_delta=+9.412755e-10 | objective_slack_delta=+9.412702e-10 | mismatch=+5.329071e-15
    [RECOURSE COMPONENT CHECK] classified_delta=-1.975179e+06 | block_delta=-1.975179e+06 | mismatch=-7.683411e-09
  TSO node=None year=2025 day=Spring | previous=9.853115e+07 | current=9.655697e+07 | delta=-1.974181e+06 | abs_delta=1.974181e+06
    [RECOURSE JUMP][TSO PROX] year=2025 day=Spring | V max=0.000348 | PF max=0.020441 | ESS max=0.000396
    [RECOURSE COMPONENTS] gen=-2.511972e+06 | flex=+5.377915e+05 | load_curt=+0.000000e+00 | res_curt=+0.000000e+00 | ess_usage=+0.000000e+00 | slacks=+6.880967e-10 | ess_comp=+1.336712e-04
    [SLACK COMPONENTS] voltage=+4.544489e-10 | node_P=+0.000000e+00 | node_Q=+0.000000e+00 | branch_ij=+0.000000e+00 | branch_ji=+0.000000e+00 | flex_P=+1.168274e-10 | flex_Q=+1.168274e-10
    [SLACK COMPONENT CHECK] classified_delta=+6.881038e-10 | objective_slack_delta=+6.880967e-10 | mismatch=+7.105427e-15
    [RECOURSE COMPONENT CHECK] classified_delta=-1.974181e+06 | block_delta=-1.974181e+06 | mismatch=+4.889444e-09
  TSO node=None year=2035 day=Autumn | previous=4.214697e+07 | current=4.053596e+07 | delta=-1.611006e+06 | abs_delta=1.611006e+06
    [RECOURSE JUMP][TSO PROX] year=2035 day=Autumn | V max=0.000351 | PF max=0.020875 | ESS max=0.000283
    [RECOURSE COMPONENTS] gen=-1.577391e+06 | flex=-3.335823e+04 | load_curt=+0.000000e+00 | res_curt=+0.000000e+00 | ess_usage=+0.000000e+00 | slacks=+6.197183e-09 | ess_comp=-2.571880e+02
    [SLACK COMPONENTS] voltage=+4.073897e-09 | node_P=+0.000000e+00 | node_Q=+0.000000e+00 | branch_ij=+0.000000e+00 | branch_ji=+0.000000e+00 | flex_P=+1.061642e-09 | flex_Q=+1.061642e-09
    [SLACK COMPONENT CHECK] classified_delta=+6.197181e-09 | objective_slack_delta=+6.197183e-09 | mismatch=-1.776357e-15
    [RECOURSE COMPONENT CHECK] classified_delta=-1.611006e+06 | block_delta=-1.611006e+06 | mismatch=+3.259629e-09
  TSO node=None year=2025 day=Winter | previous=8.629737e+07 | current=8.516281e+07 | delta=-1.134561e+06 | abs_delta=1.134561e+06
    [RECOURSE JUMP][TSO PROX] year=2025 day=Winter | V max=0.000155 | PF max=0.019758 | ESS max=0.000153
    [RECOURSE COMPONENTS] gen=-9.728649e+05 | flex=-1.616966e+05 | load_curt=+0.000000e+00 | res_curt=+0.000000e+00 | ess_usage=+0.000000e+00 | slacks=+3.289813e-12 | ess_comp=+1.071273e-04
    [SLACK COMPONENTS] voltage=+3.289813e-12 | node_P=+0.000000e+00 | node_Q=+0.000000e+00 | branch_ij=+0.000000e+00 | branch_ji=+0.000000e+00 | flex_P=+0.000000e+00 | flex_Q=+0.000000e+00
    [SLACK COMPONENT CHECK] classified_delta=+3.289813e-12 | objective_slack_delta=+3.289813e-12 | mismatch=+0.000000e+00
    [RECOURSE COMPONENT CHECK] classified_delta=-1.134561e+06 | block_delta=-1.134561e+06 | mismatch=-9.313226e-09
  DSO node=9 year=2035 day=Spring | previous=4.965792e+06 | current=5.726261e+06 | delta=+7.604698e+05 | abs_delta=7.604698e+05
    [RECOURSE COMPONENTS] gen=+0.000000e+00 | flex=+7.811496e+05 | load_curt=+0.000000e+00 | res_curt=-1.968048e+04 | ess_usage=+0.000000e+00 | slacks=-2.749208e-06 | ess_comp=-9.993486e+02
    [SLACK COMPONENTS] voltage=-2.726477e-06 | node_P=+0.000000e+00 | node_Q=+0.000000e+00 | branch_ij=+0.000000e+00 | branch_ji=+0.000000e+00 | flex_P=-2.433798e-08 | flex_Q=+1.605752e-09
    [SLACK COMPONENT CHECK] classified_delta=-2.749209e-06 | objective_slack_delta=-2.749208e-06 | mismatch=-4.831691e-13
    [RECOURSE COMPONENT CHECK] classified_delta=+7.604698e+05 | block_delta=+7.604698e+05 | mismatch=-1.280569e-09
  TSO node=None year=2025 day=Autumn | previous=7.840062e+07 | current=7.775309e+07 | delta=-6.475306e+05 | abs_delta=6.475306e+05
    [RECOURSE JUMP][TSO PROX] year=2025 day=Autumn | V max=0.000167 | PF max=0.022468 | ESS max=0.000264
    [RECOURSE COMPONENTS] gen=-6.163455e+05 | flex=-3.118506e+04 | load_curt=+0.000000e+00 | res_curt=+0.000000e+00 | ess_usage=+0.000000e+00 | slacks=-1.442402e-12 | ess_comp=+1.072911e-04
    [SLACK COMPONENTS] voltage=-1.442402e-12 | node_P=+0.000000e+00 | node_Q=+0.000000e+00 | branch_ij=+0.000000e+00 | branch_ji=+0.000000e+00 | flex_P=-4.440892e-16 | flex_Q=-4.440892e-16
    [SLACK COMPONENT CHECK] classified_delta=-1.443290e-12 | objective_slack_delta=-1.442402e-12 | mismatch=-8.881784e-16
    [RECOURSE COMPONENT CHECK] classified_delta=-6.475306e+05 | block_delta=-6.475306e+05 | mismatch=-4.889444e-09
[INFO]		 - Recourse stationarity failed. 16330427.000785 > 92202.950865
[ADMM RHO] V | primal max ratio=0.039 | primal mean ratio=0.041 | primal selected=0.041 | dual mean ratio=0.034 | increase threshold=5.0 | decrease threshold=5.0 | action=held
[ADMM RHO] PF | primal max ratio=1.093 | primal mean ratio=0.452 | primal selected=1.093 | dual mean ratio=1.875 | increase threshold=5.0 | decrease threshold=3.0 | action=held
[ADMM RHO] ESS | primal max ratio=0.150 | primal mean ratio=0.062 | primal selected=0.150 | dual mean ratio=0.021 | increase threshold=5.0 | decrease threshold=5.0 | action=held
[INFO]		 - ADMM cycle 16 | Primal (V max/mean | PF max/mean | ESS max/mean) = 0.000386/0.000041 | 0.010926/0.000452 | 0.014992/0.000624 | Dual (V max/mean | PF max/mean | ESS max/mean) = 0.001678/0.000339 | 0.136075/0.018748 | 0.007795/0.000215 | Recourse change = 16330427.000785 (tol. 92202.950865) | Stable cycles = 0/1 | Penalty actions (V/PF/ESS) = held/held/held
[INFO] 	 - Iteration 16: 34.82 s
[INFO] 	 - ADMM Iteration 17
[INFO] 		 - Updating distribution networks:
[INFO] 			 - Running SMOPF, Network case33_1, 2025, Spring...
[INFO] 			 - Running SMOPF, Network case33_1, 2025, Summer...
[INFO] 			 - Running SMOPF, Network case33_1, 2025, Autumn...
[INFO] 			 - Running SMOPF, Network case33_1, 2025, Winter...
[INFO] 			 - Running SMOPF, Network case33_1, 2030, Spring...
[INFO] 			 - Running SMOPF, Network case33_1, 2030, Summer...
[INFO] 			 - Running SMOPF, Network case33_1, 2030, Autumn...
[INFO] 			 - Running SMOPF, Network case33_1, 2030, Winter...
[INFO] 			 - Running SMOPF, Network case33_1, 2035, Spring...
[INFO] 			 - Running SMOPF, Network case33_1, 2035, Summer...
[INFO] 			 - Running SMOPF, Network case33_1, 2035, Autumn...
[WARNING] Network primary solve did not converge for case33_1, year=2035, day=Autumn: status=warning, termination=maxIterations, message=Ipopt 3.14.18\x3a Maximum Number of Iterations Exceeded. | warm_start=True
[WARNING] ADMM penalties for case33_1, year=2035, day=Autumn: rho_v=2.25, rho_pf=5.20246, rho_ess=1
[WARNING] IPOPT primary solve log for case33_1, year=2035, day=Autumn: /Users/micaelsimoes/Projects/share-resource-planning-no_esso-degradation/data/SRP1/Results/P56A/evals/p515g1b_baseline/logs/optim_log_case33_1_2035_Autumn.log
[INFO] Retrying network solve once for case33_1, year=2035, day=Autumn, cold start, with warm_start_init_point=no.
[INFO] Network recovery solve succeeded for case33_1, year=2035, day=Autumn.
[INFO] 			 - Running SMOPF, Network case33_1, 2035, Winter...
[INFO] 			 - Running SMOPF, Network case33_2, 2025, Spring...
[INFO] 			 - Running SMOPF, Network case33_2, 2025, Summer...
[INFO] 			 - Running SMOPF, Network case33_2, 2025, Autumn...
[INFO] 			 - Running SMOPF, Network case33_2, 2025, Winter...
[INFO] 			 - Running SMOPF, Network case33_2, 2030, Spring...
[INFO] 			 - Running SMOPF, Network case33_2, 2030, Summer...
[INFO] 			 - Running SMOPF, Network case33_2, 2030, Autumn...
[INFO] 			 - Running SMOPF, Network case33_2, 2030, Winter...
[INFO] 			 - Running SMOPF, Network case33_2, 2035, Spring...
[INFO] 			 - Running SMOPF, Network case33_2, 2035, Summer...
[INFO] 			 - Running SMOPF, Network case33_2, 2035, Autumn...
[INFO] 			 - Running SMOPF, Network case33_2, 2035, Winter...
[INFO] 			 - Running SMOPF, Network case33_3, 2025, Spring...
[INFO] 			 - Running SMOPF, Network case33_3, 2025, Summer...
[INFO] 			 - Running SMOPF, Network case33_3, 2025, Autumn...
[INFO] 			 - Running SMOPF, Network case33_3, 2025, Winter...
[INFO] 			 - Running SMOPF, Network case33_3, 2030, Spring...
[INFO] 			 - Running SMOPF, Network case33_3, 2030, Summer...
[INFO] 			 - Running SMOPF, Network case33_3, 2030, Autumn...
[INFO] 			 - Running SMOPF, Network case33_3, 2030, Winter...
[INFO] 			 - Running SMOPF, Network case33_3, 2035, Spring...
[INFO] 			 - Running SMOPF, Network case33_3, 2035, Summer...
[INFO] 			 - Running SMOPF, Network case33_3, 2035, Autumn...
[INFO] 			 - Running SMOPF, Network case33_3, 2035, Winter...
[INFO] 		 - Updating transmission network...
[INFO] 			 - Running SMOPF, Network case9, 2025, Spring...
[INFO] 			 - Running SMOPF, Network case9, 2025, Summer...
[INFO] 			 - Running SMOPF, Network case9, 2025, Autumn...
[INFO] 			 - Running SMOPF, Network case9, 2025, Winter...
[WARNING] Network primary solve did not converge for case9, year=2025, day=Winter: status=warning, termination=maxIterations, message=Ipopt 3.14.18\x3a Maximum Number of Iterations Exceeded. | warm_start=True
[WARNING] ADMM penalties for case9, year=2025, day=Winter: rho_v=2.25, rho_pf=5.20246, rho_ess=1
[WARNING] IPOPT primary solve log for case9, year=2025, day=Winter: /Users/micaelsimoes/Projects/share-resource-planning-no_esso-degradation/data/SRP1/Results/P56A/evals/p515g1b_baseline/logs/optim_log_case9_2025_Winter.log
[INFO] Retrying network solve once for case9, year=2025, day=Winter, cold start, with acceptable_iter=1, acceptable_tol=0.0001, warm_start_init_point=no.
[INFO] Network recovery solve succeeded for case9, year=2025, day=Winter.
[INFO] 			 - Running SMOPF, Network case9, 2030, Spring...
[INFO] 			 - Running SMOPF, Network case9, 2030, Summer...
[INFO] 			 - Running SMOPF, Network case9, 2030, Autumn...
[INFO] 			 - Running SMOPF, Network case9, 2030, Winter...
[INFO] 			 - Running SMOPF, Network case9, 2035, Spring...
[INFO] 			 - Running SMOPF, Network case9, 2035, Summer...
[INFO] 			 - Running SMOPF, Network case9, 2035, Autumn...
[INFO] 			 - Running SMOPF, Network case9, 2035, Winter...
[TSO PROX] cycle=17 | updated_blocks=12 | held_failed_blocks=0 | V max=0.000690 | PF max=0.026103 | ESS max=0.004102
[TSO PROX][V MAX] node=9, year=2035, day=Spring, period=16 | dV=0.238065 kV | normalized=0.000690
[TSO PROX][PF MAX] node=9, year=2035, day=Spring, period=8, type=P | delta=3.915452 MW | normalized=0.026103
[TSO PROX][ESS MAX] node=5, year=2035, day=Autumn, period=6, type=P | delta=0.007948 MW | normalized=0.004102
[INFO] 		 - Updating SharedESS...
[INFO] 		 - Running Shared ESS optimization (subproblem)...
[INFO] 			 - Node 5...
[INFO] Shared ESS complementarity diagnostics for ESS node=5: ratio_max=9.103983e-06 n_periods=288 mu_final=1.008926e-11 s_obj=1.000000e-01 eps=1.000000e-05 bound=2.905706e-03 measured=2.683520e-03
[INFO] 			 - Node 7...
[INFO] Shared ESS complementarity diagnostics for ESS node=7: ratio_max=9.345063e-06 n_periods=288 mu_final=1.008809e-11 s_obj=1.000000e-01 eps=1.000000e-05 bound=2.905370e-03 measured=2.683076e-03
[INFO] 			 - Node 9...
[INFO] Shared ESS complementarity diagnostics for ESS node=9: ratio_max=9.281233e-06 n_periods=288 mu_final=1.006846e-11 s_obj=1.000000e-01 eps=1.000000e-05 bound=2.899716e-03 measured=2.680378e-03
[DIAG][PF MAX] node=9, year=2030, day=Autumn, period=12, type=Q | TSO=-9.159877 MVAr, DSO=-7.339100 MVAr, diff=1.820777 MVAr, rating=150.000000 MVA, normalized=0.012139, rho(TSO/DSO)=5.202459/5.202459
[INFO]		 - interface PF max primal residual failed. 0.012139 > 0.010000
[INFO]		 - interface PF mean dual residual failed. 0.015750 > 0.010000
[RECOURSE JUMP] cycle=17 | abs_change=1.306362e+07 | tol=9.056991e+04 | signed_change=-1.306362e+07
[RECOURSE JUMP] Reconciliation | previous=9.056991e+08 | current=8.926355e+08 | block_delta=-1.306362e+07 | mismatch=+0.000000e+00
[RECOURSE JUMP] Aggregate signed changes:
  TSO | delta=-1.578380e+07
  DSO node=9 | delta=+1.707265e+06
  DSO node=7 | delta=+7.043470e+05
  DSO node=5 | delta=+3.085734e+05
  SALVAGE | delta=+2.211026e-51
[RECOURSE JUMP] Largest 10 block changes:
  TSO node=None year=2035 day=Spring | previous=8.459571e+07 | current=8.022441e+07 | delta=-4.371298e+06 | abs_delta=4.371298e+06
    [RECOURSE JUMP][TSO PROX] year=2035 day=Spring | V max=0.000690 | PF max=0.026103 | ESS max=0.000478
    [RECOURSE COMPONENTS] gen=-5.455954e+06 | flex=+1.086897e+06 | load_curt=+0.000000e+00 | res_curt=+0.000000e+00 | ess_usage=+0.000000e+00 | slacks=+1.335235e-07 | ess_comp=-2.240791e+03
    [SLACK COMPONENTS] voltage=+8.741867e-08 | node_P=+0.000000e+00 | node_Q=+0.000000e+00 | branch_ij=+0.000000e+00 | branch_ji=+0.000000e+00 | flex_P=+2.305240e-08 | flex_Q=+2.305240e-08
    [SLACK COMPONENT CHECK] classified_delta=+1.335235e-07 | objective_slack_delta=+1.335235e-07 | mismatch=-5.329071e-15
    [RECOURSE COMPONENT CHECK] classified_delta=-4.371298e+06 | block_delta=-4.371298e+06 | mismatch=-3.725290e-09
  TSO node=None year=2030 day=Summer | previous=8.280366e+07 | current=8.083203e+07 | delta=-1.971630e+06 | abs_delta=1.971630e+06
    [RECOURSE JUMP][TSO PROX] year=2030 day=Summer | V max=0.000308 | PF max=0.023562 | ESS max=0.000411
    [RECOURSE COMPONENTS] gen=-2.092662e+06 | flex=+1.210322e+05 | load_curt=+0.000000e+00 | res_curt=+0.000000e+00 | ess_usage=+0.000000e+00 | slacks=+6.840466e-10 | ess_comp=-7.344507e-03
    [SLACK COMPONENTS] voltage=+4.468603e-10 | node_P=+0.000000e+00 | node_Q=+0.000000e+00 | branch_ij=+0.000000e+00 | branch_ji=+0.000000e+00 | flex_P=+1.185914e-10 | flex_Q=+1.185914e-10
    [SLACK COMPONENT CHECK] classified_delta=+6.840430e-10 | objective_slack_delta=+6.840466e-10 | mismatch=-3.552714e-15
    [RECOURSE COMPONENT CHECK] classified_delta=-1.971630e+06 | block_delta=-1.971630e+06 | mismatch=+6.286427e-09
  TSO node=None year=2035 day=Summer | previous=8.748390e+07 | current=8.551423e+07 | delta=-1.969665e+06 | abs_delta=1.969665e+06
    [RECOURSE JUMP][TSO PROX] year=2035 day=Summer | V max=0.000392 | PF max=0.021692 | ESS max=0.000991
    [RECOURSE COMPONENTS] gen=-2.582323e+06 | flex=+6.133193e+05 | load_curt=+0.000000e+00 | res_curt=+0.000000e+00 | ess_usage=+0.000000e+00 | slacks=-5.037748e-12 | ess_comp=-6.608882e+02
    [SLACK COMPONENTS] voltage=-5.030643e-12 | node_P=+0.000000e+00 | node_Q=+0.000000e+00 | branch_ij=+0.000000e+00 | branch_ji=+0.000000e+00 | flex_P=+0.000000e+00 | flex_Q=+0.000000e+00
    [SLACK COMPONENT CHECK] classified_delta=-5.030643e-12 | objective_slack_delta=-5.037748e-12 | mismatch=+7.105427e-15
    [RECOURSE COMPONENT CHECK] classified_delta=-1.969665e+06 | block_delta=-1.969665e+06 | mismatch=+6.752089e-09
  TSO node=None year=2030 day=Spring | previous=7.766537e+07 | current=7.573086e+07 | delta=-1.934513e+06 | abs_delta=1.934513e+06
    [RECOURSE JUMP][TSO PROX] year=2030 day=Spring | V max=0.000308 | PF max=0.021532 | ESS max=0.000250
    [RECOURSE COMPONENTS] gen=-2.408154e+06 | flex=+4.736407e+05 | load_curt=+0.000000e+00 | res_curt=+0.000000e+00 | ess_usage=+0.000000e+00 | slacks=-1.270166e-10 | ess_comp=-4.885616e-03
    [SLACK COMPONENTS] voltage=-8.176926e-11 | node_P=+0.000000e+00 | node_Q=+0.000000e+00 | branch_ij=+0.000000e+00 | branch_ji=+0.000000e+00 | flex_P=-2.262990e-11 | flex_Q=-2.262990e-11
    [SLACK COMPONENT CHECK] classified_delta=-1.270291e-10 | objective_slack_delta=-1.270166e-10 | mismatch=-1.243450e-14
    [RECOURSE COMPONENT CHECK] classified_delta=-1.934513e+06 | block_delta=-1.934513e+06 | mismatch=+1.396984e-09
  TSO node=None year=2025 day=Summer | previous=1.063922e+08 | current=1.046586e+08 | delta=-1.733536e+06 | abs_delta=1.733536e+06
    [RECOURSE JUMP][TSO PROX] year=2025 day=Summer | V max=0.000235 | PF max=0.022655 | ESS max=0.000293
    [RECOURSE COMPONENTS] gen=-1.777068e+06 | flex=+4.353216e+04 | load_curt=+0.000000e+00 | res_curt=+0.000000e+00 | ess_usage=+0.000000e+00 | slacks=-1.470823e-12 | ess_comp=+5.186244e-05
    [SLACK COMPONENTS] voltage=-1.470823e-12 | node_P=+0.000000e+00 | node_Q=+0.000000e+00 | branch_ij=+0.000000e+00 | branch_ji=+0.000000e+00 | flex_P=+0.000000e+00 | flex_Q=+0.000000e+00
    [SLACK COMPONENT CHECK] classified_delta=-1.470823e-12 | objective_slack_delta=-1.470823e-12 | mismatch=+0.000000e+00
    [RECOURSE COMPONENT CHECK] classified_delta=-1.733536e+06 | block_delta=-1.733536e+06 | mismatch=+2.025627e-08
  TSO node=None year=2025 day=Spring | previous=9.655697e+07 | current=9.499218e+07 | delta=-1.564790e+06 | abs_delta=1.564790e+06
    [RECOURSE JUMP][TSO PROX] year=2025 day=Spring | V max=0.000326 | PF max=0.020426 | ESS max=0.000412
    [RECOURSE COMPONENTS] gen=-1.958131e+06 | flex=+3.933402e+05 | load_curt=+0.000000e+00 | res_curt=+0.000000e+00 | ess_usage=+0.000000e+00 | slacks=-2.726566e-10 | ess_comp=+1.099387e-04
    [SLACK COMPONENTS] voltage=-1.802718e-10 | node_P=+0.000000e+00 | node_Q=+0.000000e+00 | branch_ij=+0.000000e+00 | branch_ji=+0.000000e+00 | flex_P=-4.619460e-11 | flex_Q=-4.619460e-11
    [SLACK COMPONENT CHECK] classified_delta=-2.726610e-10 | objective_slack_delta=-2.726566e-10 | mismatch=-4.440892e-15
    [RECOURSE COMPONENT CHECK] classified_delta=-1.564790e+06 | block_delta=-1.564790e+06 | mismatch=+1.443550e-08
  TSO node=None year=2035 day=Autumn | previous=4.053596e+07 | current=3.924202e+07 | delta=-1.293944e+06 | abs_delta=1.293944e+06
    [RECOURSE JUMP][TSO PROX] year=2035 day=Autumn | V max=0.000281 | PF max=0.019885 | ESS max=0.004102
    [RECOURSE COMPONENTS] gen=-1.271003e+06 | flex=-2.161347e+04 | load_curt=+0.000000e+00 | res_curt=+0.000000e+00 | ess_usage=+0.000000e+00 | slacks=-6.207451e-09 | ess_comp=-1.328223e+03
    [SLACK COMPONENTS] voltage=-4.084221e-09 | node_P=+0.000000e+00 | node_Q=+0.000000e+00 | branch_ij=+0.000000e+00 | branch_ji=+0.000000e+00 | flex_P=-1.061614e-09 | flex_Q=-1.061614e-09
    [SLACK COMPONENT CHECK] classified_delta=-6.207450e-09 | objective_slack_delta=-6.207451e-09 | mismatch=+8.881784e-16
    [RECOURSE COMPONENT CHECK] classified_delta=-1.293944e+06 | block_delta=-1.293944e+06 | mismatch=-6.519258e-09
  DSO node=9 year=2035 day=Spring | previous=5.726261e+06 | current=6.487338e+06 | delta=+7.610762e+05 | abs_delta=7.610762e+05
    [RECOURSE COMPONENTS] gen=+0.000000e+00 | flex=+7.813864e+05 | load_curt=+0.000000e+00 | res_curt=-1.934229e+04 | ess_usage=+0.000000e+00 | slacks=-2.392219e-06 | ess_comp=-9.679711e+02
    [SLACK COMPONENTS] voltage=-2.338905e-06 | node_P=+0.000000e+00 | node_Q=+0.000000e+00 | branch_ij=+0.000000e+00 | branch_ji=+0.000000e+00 | flex_P=-5.276107e-08 | flex_Q=-5.526850e-10
    [SLACK COMPONENT CHECK] classified_delta=-2.392219e-06 | objective_slack_delta=-2.392219e-06 | mismatch=+9.379164e-13
    [RECOURSE COMPONENT CHECK] classified_delta=+7.610762e+05 | block_delta=+7.610762e+05 | mismatch=+2.095476e-09
  DSO node=9 year=2030 day=Spring | previous=2.543007e+06 | current=2.922361e+06 | delta=+3.793533e+05 | abs_delta=3.793533e+05
    [RECOURSE COMPONENTS] gen=+0.000000e+00 | flex=+3.928137e+05 | load_curt=+0.000000e+00 | res_curt=-1.346040e+04 | ess_usage=+0.000000e+00 | slacks=-1.902825e-06 | ess_comp=-4.740255e-05
    [SLACK COMPONENTS] voltage=-1.869739e-06 | node_P=+0.000000e+00 | node_Q=+0.000000e+00 | branch_ij=+0.000000e+00 | branch_ji=+0.000000e+00 | flex_P=-3.308622e-08 | flex_Q=+0.000000e+00
    [SLACK COMPONENT CHECK] classified_delta=-1.902825e-06 | objective_slack_delta=-1.902825e-06 | mismatch=+1.136868e-13
    [RECOURSE COMPONENT CHECK] classified_delta=+3.793533e+05 | block_delta=+3.793533e+05 | mismatch=-1.164153e-10
  DSO node=9 year=2025 day=Spring | previous=2.334982e+06 | current=2.687332e+06 | delta=+3.523497e+05 | abs_delta=3.523497e+05
    [RECOURSE COMPONENTS] gen=+0.000000e+00 | flex=+3.655815e+05 | load_curt=+0.000000e+00 | res_curt=-1.323186e+04 | ess_usage=+0.000000e+00 | slacks=-1.794393e-06 | ess_comp=+1.121879e-02
    [SLACK COMPONENTS] voltage=-1.777895e-06 | node_P=+0.000000e+00 | node_Q=+0.000000e+00 | branch_ij=+0.000000e+00 | branch_ji=+0.000000e+00 | flex_P=-2.005876e-08 | flex_Q=+3.560483e-09
    [SLACK COMPONENT CHECK] classified_delta=-1.794393e-06 | objective_slack_delta=-1.794393e-06 | mismatch=-3.801404e-13
    [RECOURSE COMPONENT CHECK] classified_delta=+3.523497e+05 | block_delta=+3.523497e+05 | mismatch=+5.820766e-11
[INFO]		 - Recourse stationarity failed. 13063618.834894 > 90569.908165
[ADMM RHO] V | primal max ratio=0.037 | primal mean ratio=0.034 | primal selected=0.037 | dual mean ratio=0.029 | increase threshold=5.0 | decrease threshold=5.0 | action=held
[ADMM RHO] PF | primal max ratio=1.214 | primal mean ratio=0.375 | primal selected=1.214 | dual mean ratio=1.575 | increase threshold=5.0 | decrease threshold=3.0 | action=held
[ADMM RHO] ESS | primal max ratio=0.154 | primal mean ratio=0.060 | primal selected=0.154 | dual mean ratio=0.015 | increase threshold=5.0 | decrease threshold=5.0 | action=held
[INFO]		 - ADMM cycle 17 | Primal (V max/mean | PF max/mean | ESS max/mean) = 0.000374/0.000034 | 0.012139/0.000375 | 0.015422/0.000601 | Dual (V max/mean | PF max/mean | ESS max/mean) = 0.001607/0.000287 | 0.135800/0.015750 | 0.004649/0.000154 | Recourse change = 13063618.834894 (tol. 90569.908165) | Stable cycles = 0/1 | Penalty actions (V/PF/ESS) = held/held/held
[INFO] 	 - Iteration 17: 38.23 s
[INFO] 	 - ADMM Iteration 18
[INFO] 		 - Updating distribution networks:
[INFO] 			 - Running SMOPF, Network case33_1, 2025, Spring...
[INFO] 			 - Running SMOPF, Network case33_1, 2025, Summer...
[INFO] 			 - Running SMOPF, Network case33_1, 2025, Autumn...
[INFO] 			 - Running SMOPF, Network case33_1, 2025, Winter...
[WARNING] Network primary solve did not converge for case33_1, year=2025, day=Winter: status=warning, termination=maxIterations, message=Ipopt 3.14.18\x3a Maximum Number of Iterations Exceeded. | warm_start=True
[WARNING] ADMM penalties for case33_1, year=2025, day=Winter: rho_v=2.25, rho_pf=5.20246, rho_ess=1
[WARNING] IPOPT primary solve log for case33_1, year=2025, day=Winter: /Users/micaelsimoes/Projects/share-resource-planning-no_esso-degradation/data/SRP1/Results/P56A/evals/p515g1b_baseline/logs/optim_log_case33_1_2025_Winter.log
[INFO] Retrying network solve once for case33_1, year=2025, day=Winter, cold start, with warm_start_init_point=no.
[INFO] Network recovery solve succeeded for case33_1, year=2025, day=Winter.
[INFO] 			 - Running SMOPF, Network case33_1, 2030, Spring...
[INFO] 			 - Running SMOPF, Network case33_1, 2030, Summer...
[INFO] 			 - Running SMOPF, Network case33_1, 2030, Autumn...
[INFO] 			 - Running SMOPF, Network case33_1, 2030, Winter...
[INFO] 			 - Running SMOPF, Network case33_1, 2035, Spring...
[INFO] 			 - Running SMOPF, Network case33_1, 2035, Summer...
[INFO] 			 - Running SMOPF, Network case33_1, 2035, Autumn...
[INFO] 			 - Running SMOPF, Network case33_1, 2035, Winter...
[INFO] 			 - Running SMOPF, Network case33_2, 2025, Spring...
[INFO] 			 - Running SMOPF, Network case33_2, 2025, Summer...
[INFO] 			 - Running SMOPF, Network case33_2, 2025, Autumn...
[INFO] 			 - Running SMOPF, Network case33_2, 2025, Winter...
[INFO] 			 - Running SMOPF, Network case33_2, 2030, Spring...
[INFO] 			 - Running SMOPF, Network case33_2, 2030, Summer...
[INFO] 			 - Running SMOPF, Network case33_2, 2030, Autumn...
[INFO] 			 - Running SMOPF, Network case33_2, 2030, Winter...
[INFO] 			 - Running SMOPF, Network case33_2, 2035, Spring...
[INFO] 			 - Running SMOPF, Network case33_2, 2035, Summer...
[INFO] 			 - Running SMOPF, Network case33_2, 2035, Autumn...
[INFO] 			 - Running SMOPF, Network case33_2, 2035, Winter...
[INFO] 			 - Running SMOPF, Network case33_3, 2025, Spring...
[INFO] 			 - Running SMOPF, Network case33_3, 2025, Summer...
[INFO] 			 - Running SMOPF, Network case33_3, 2025, Autumn...
[INFO] 			 - Running SMOPF, Network case33_3, 2025, Winter...
[INFO] 			 - Running SMOPF, Network case33_3, 2030, Spring...
[INFO] 			 - Running SMOPF, Network case33_3, 2030, Summer...
[INFO] 			 - Running SMOPF, Network case33_3, 2030, Autumn...
[INFO] 			 - Running SMOPF, Network case33_3, 2030, Winter...
[INFO] 			 - Running SMOPF, Network case33_3, 2035, Spring...
[INFO] 			 - Running SMOPF, Network case33_3, 2035, Summer...
[INFO] 			 - Running SMOPF, Network case33_3, 2035, Autumn...
[INFO] 			 - Running SMOPF, Network case33_3, 2035, Winter...
[INFO] 		 - Updating transmission network...
[INFO] 			 - Running SMOPF, Network case9, 2025, Spring...
[INFO] 			 - Running SMOPF, Network case9, 2025, Summer...
[INFO] 			 - Running SMOPF, Network case9, 2025, Autumn...
[INFO] 			 - Running SMOPF, Network case9, 2025, Winter...
[INFO] 			 - Running SMOPF, Network case9, 2030, Spring...
[INFO] 			 - Running SMOPF, Network case9, 2030, Summer...
[INFO] 			 - Running SMOPF, Network case9, 2030, Autumn...
[INFO] 			 - Running SMOPF, Network case9, 2030, Winter...
[INFO] 			 - Running SMOPF, Network case9, 2035, Spring...
[INFO] 			 - Running SMOPF, Network case9, 2035, Summer...
[INFO] 			 - Running SMOPF, Network case9, 2035, Autumn...
[INFO] 			 - Running SMOPF, Network case9, 2035, Winter...
[TSO PROX] cycle=18 | updated_blocks=12 | held_failed_blocks=0 | V max=0.000620 | PF max=0.023536 | ESS max=0.005205
[TSO PROX][V MAX] node=9, year=2035, day=Spring, period=16 | dV=0.213945 kV | normalized=0.000620
[TSO PROX][PF MAX] node=9, year=2030, day=Summer, period=8, type=P | delta=3.530421 MW | normalized=0.023536
[TSO PROX][ESS MAX] node=9, year=2035, day=Autumn, period=6, type=P | delta=0.010085 MW | normalized=0.005205
[INFO] 		 - Updating SharedESS...
[INFO] 		 - Running Shared ESS optimization (subproblem)...
[INFO] 			 - Node 5...
[INFO] Shared ESS complementarity diagnostics for ESS node=5: ratio_max=9.169854e-06 n_periods=288 mu_final=1.009430e-11 s_obj=1.000000e-01 eps=1.000000e-05 bound=2.907158e-03 measured=2.671045e-03
[INFO] 			 - Node 7...
[INFO] Shared ESS complementarity diagnostics for ESS node=7: ratio_max=9.275725e-06 n_periods=288 mu_final=1.009471e-11 s_obj=1.000000e-01 eps=1.000000e-05 bound=2.907277e-03 measured=2.670439e-03
[INFO] 			 - Node 9...
[INFO] Shared ESS complementarity diagnostics for ESS node=9: ratio_max=9.058977e-06 n_periods=288 mu_final=1.009404e-11 s_obj=1.000000e-01 eps=1.000000e-05 bound=2.907083e-03 measured=2.681359e-03
[DIAG][PF MAX] node=9, year=2030, day=Autumn, period=10, type=Q | TSO=-7.622839 MVAr, DSO=-5.785112 MVAr, diff=1.837727 MVAr, rating=150.000000 MVA, normalized=0.012252, rho(TSO/DSO)=5.202459/5.202459
[INFO]		 - interface PF max primal residual failed. 0.012252 > 0.010000
[INFO]		 - interface PF mean dual residual failed. 0.014164 > 0.010000
[RECOURSE JUMP] cycle=18 | abs_change=1.094605e+07 | tol=8.926355e+04 | signed_change=-1.094605e+07
[RECOURSE JUMP] Reconciliation | previous=8.926355e+08 | current=8.816894e+08 | block_delta=-1.094605e+07 | mismatch=+3.576279e-07
[RECOURSE JUMP] Aggregate signed changes:
  TSO | delta=-1.387812e+07
  DSO node=9 | delta=+1.926317e+06
  DSO node=7 | delta=+8.397368e+05
  DSO node=5 | delta=+1.660192e+05
  SALVAGE | delta=-2.623251e-52
[RECOURSE JUMP] Largest 10 block changes:
  TSO node=None year=2035 day=Spring | previous=8.022441e+07 | current=7.602541e+07 | delta=-4.199002e+06 | abs_delta=4.199002e+06
    [RECOURSE JUMP][TSO PROX] year=2035 day=Spring | V max=0.000620 | PF max=0.021770 | ESS max=0.000537
    [RECOURSE COMPONENTS] gen=-5.341476e+06 | flex=+1.145510e+06 | load_curt=+0.000000e+00 | res_curt=+0.000000e+00 | ess_usage=+0.000000e+00 | slacks=-6.341752e-07 | ess_comp=-3.036126e+03
    [SLACK COMPONENTS] voltage=-4.148010e-07 | node_P=+0.000000e+00 | node_Q=+0.000000e+00 | branch_ij=+0.000000e+00 | branch_ji=+0.000000e+00 | flex_P=-1.096871e-07 | flex_Q=-1.096871e-07
    [SLACK COMPONENT CHECK] classified_delta=-6.341752e-07 | objective_slack_delta=-6.341752e-07 | mismatch=+2.664535e-15
    [RECOURSE COMPONENT CHECK] classified_delta=-4.199002e+06 | block_delta=-4.199002e+06 | mismatch=-7.450581e-09
  TSO node=None year=2030 day=Summer | previous=8.083203e+07 | current=7.882623e+07 | delta=-2.005796e+06 | abs_delta=2.005796e+06
    [RECOURSE JUMP][TSO PROX] year=2030 day=Summer | V max=0.000276 | PF max=0.023536 | ESS max=0.000373
    [RECOURSE COMPONENTS] gen=-2.193587e+06 | flex=+1.877916e+05 | load_curt=+0.000000e+00 | res_curt=+0.000000e+00 | ess_usage=+0.000000e+00 | slacks=-7.546461e-10 | ess_comp=-5.073956e-03
    [SLACK COMPONENTS] voltage=-4.933085e-10 | node_P=+0.000000e+00 | node_Q=+0.000000e+00 | branch_ij=+0.000000e+00 | branch_ji=+0.000000e+00 | flex_P=-1.306786e-10 | flex_Q=-1.306786e-10
    [SLACK COMPONENT CHECK] classified_delta=-7.546657e-10 | objective_slack_delta=-7.546461e-10 | mismatch=-1.953993e-14
    [RECOURSE COMPONENT CHECK] classified_delta=-2.005796e+06 | block_delta=-2.005796e+06 | mismatch=+2.095476e-09
  TSO node=None year=2035 day=Summer | previous=8.551423e+07 | current=8.386720e+07 | delta=-1.647034e+06 | abs_delta=1.647034e+06
    [RECOURSE JUMP][TSO PROX] year=2035 day=Summer | V max=0.000336 | PF max=0.021675 | ESS max=0.004322
    [RECOURSE COMPONENTS] gen=-2.111807e+06 | flex=+4.647732e+05 | load_curt=+0.000000e+00 | res_curt=+0.000000e+00 | ess_usage=+0.000000e+00 | slacks=-5.393019e-12 | ess_comp=-2.260332e-01
    [SLACK COMPONENTS] voltage=-5.485390e-12 | node_P=+0.000000e+00 | node_Q=+0.000000e+00 | branch_ij=+0.000000e+00 | branch_ji=+0.000000e+00 | flex_P=+4.041212e-14 | flex_Q=+4.041212e-14
    [SLACK COMPONENT CHECK] classified_delta=-5.404566e-12 | objective_slack_delta=-5.393019e-12 | mismatch=-1.154632e-14
    [RECOURSE COMPONENT CHECK] classified_delta=-1.647034e+06 | block_delta=-1.647034e+06 | mismatch=-7.916242e-09
  TSO node=None year=2030 day=Spring | previous=7.573086e+07 | current=7.412050e+07 | delta=-1.610355e+06 | abs_delta=1.610355e+06
    [RECOURSE JUMP][TSO PROX] year=2030 day=Spring | V max=0.000286 | PF max=0.020300 | ESS max=0.000231
    [RECOURSE COMPONENTS] gen=-2.078538e+06 | flex=+4.681827e+05 | load_curt=+0.000000e+00 | res_curt=+0.000000e+00 | ess_usage=+0.000000e+00 | slacks=-5.203390e-09 | ess_comp=-2.809118e-03
    [SLACK COMPONENTS] voltage=-3.419778e-09 | node_P=+0.000000e+00 | node_Q=+0.000000e+00 | branch_ij=+0.000000e+00 | branch_ji=+0.000000e+00 | flex_P=-8.917982e-10 | flex_Q=-8.917982e-10
    [SLACK COMPONENT CHECK] classified_delta=-5.203375e-09 | objective_slack_delta=-5.203390e-09 | mismatch=+1.509903e-14
    [RECOURSE COMPONENT CHECK] classified_delta=-1.610355e+06 | block_delta=-1.610355e+06 | mismatch=+1.816079e-08
  TSO node=None year=2025 day=Spring | previous=9.499218e+07 | current=9.349747e+07 | delta=-1.494709e+06 | abs_delta=1.494709e+06
    [RECOURSE JUMP][TSO PROX] year=2025 day=Spring | V max=0.000299 | PF max=0.020412 | ESS max=0.000412
    [RECOURSE COMPONENTS] gen=-1.910148e+06 | flex=+4.154384e+05 | load_curt=+0.000000e+00 | res_curt=+0.000000e+00 | ess_usage=+0.000000e+00 | slacks=-1.016517e-09 | ess_comp=+5.078137e-05
    [SLACK COMPONENTS] voltage=-6.713634e-10 | node_P=+0.000000e+00 | node_Q=+0.000000e+00 | branch_ij=+0.000000e+00 | branch_ji=+0.000000e+00 | flex_P=-1.725797e-10 | flex_Q=-1.725797e-10
    [SLACK COMPONENT CHECK] classified_delta=-1.016523e-09 | objective_slack_delta=-1.016517e-09 | mismatch=-6.217249e-15
    [RECOURSE COMPONENT CHECK] classified_delta=-1.494709e+06 | block_delta=-1.494709e+06 | mismatch=-9.313226e-09
  TSO node=None year=2025 day=Summer | previous=1.046586e+08 | current=1.032895e+08 | delta=-1.369142e+06 | abs_delta=1.369142e+06
    [RECOURSE JUMP][TSO PROX] year=2025 day=Summer | V max=0.000271 | PF max=0.022129 | ESS max=0.000293
    [RECOURSE COMPONENTS] gen=-1.323825e+06 | flex=-4.531636e+04 | load_curt=+0.000000e+00 | res_curt=+0.000000e+00 | ess_usage=+0.000000e+00 | slacks=-6.110668e-13 | ess_comp=+2.643840e-05
    [SLACK COMPONENTS] voltage=-6.110668e-13 | node_P=+0.000000e+00 | node_Q=+0.000000e+00 | branch_ij=+0.000000e+00 | branch_ji=+0.000000e+00 | flex_P=-4.440892e-16 | flex_Q=-4.440892e-16
    [SLACK COMPONENT CHECK] classified_delta=-6.119549e-13 | objective_slack_delta=-6.110668e-13 | mismatch=-8.881784e-16
    [RECOURSE COMPONENT CHECK] classified_delta=-1.369142e+06 | block_delta=-1.369142e+06 | mismatch=+9.313226e-10
  TSO node=None year=2035 day=Autumn | previous=3.924202e+07 | current=3.816425e+07 | delta=-1.077762e+06 | abs_delta=1.077762e+06
    [RECOURSE JUMP][TSO PROX] year=2035 day=Autumn | V max=0.000242 | PF max=0.017246 | ESS max=0.005205
    [RECOURSE COMPONENTS] gen=-1.078321e+06 | flex=+2.503252e+03 | load_curt=+0.000000e+00 | res_curt=+0.000000e+00 | ess_usage=+0.000000e+00 | slacks=-3.055334e-13 | ess_comp=-1.944888e+03
    [SLACK COMPONENTS] voltage=-2.486900e-13 | node_P=+0.000000e+00 | node_Q=+0.000000e+00 | branch_ij=+0.000000e+00 | branch_ji=+0.000000e+00 | flex_P=-2.753353e-14 | flex_Q=-2.753353e-14
    [SLACK COMPONENT CHECK] classified_delta=-3.037570e-13 | objective_slack_delta=-3.055334e-13 | mismatch=+1.776357e-15
    [RECOURSE COMPONENT CHECK] classified_delta=-1.077762e+06 | block_delta=-1.077762e+06 | mismatch=+2.328306e-10
  DSO node=9 year=2035 day=Spring | previous=6.487338e+06 | current=7.251100e+06 | delta=+7.637625e+05 | abs_delta=7.637625e+05
    [RECOURSE COMPONENTS] gen=+0.000000e+00 | flex=+7.827602e+05 | load_curt=+0.000000e+00 | res_curt=-1.806170e+04 | ess_usage=+0.000000e+00 | slacks=-1.697831e-06 | ess_comp=-9.360480e+02
    [SLACK COMPONENTS] voltage=-1.642611e-06 | node_P=+0.000000e+00 | node_Q=+0.000000e+00 | branch_ij=+0.000000e+00 | branch_ji=+0.000000e+00 | flex_P=-5.401197e-08 | flex_Q=-1.207834e-09
    [SLACK COMPONENT CHECK] classified_delta=-1.697830e-06 | objective_slack_delta=-1.697831e-06 | mismatch=+2.273737e-13
    [RECOURSE COMPONENT CHECK] classified_delta=+7.637625e+05 | block_delta=+7.637625e+05 | mismatch=-1.746230e-09
  DSO node=9 year=2030 day=Spring | previous=2.922361e+06 | current=3.319565e+06 | delta=+3.972042e+05 | abs_delta=3.972042e+05
    [RECOURSE COMPONENTS] gen=+0.000000e+00 | flex=+4.090324e+05 | load_curt=+0.000000e+00 | res_curt=-1.182821e+04 | ess_usage=+0.000000e+00 | slacks=+1.572166e-06 | ess_comp=-1.397646e-04
    [SLACK COMPONENTS] voltage=+1.574012e-06 | node_P=+0.000000e+00 | node_Q=+0.000000e+00 | branch_ij=+0.000000e+00 | branch_ji=+0.000000e+00 | flex_P=-1.486102e-08 | flex_Q=+1.301507e-08
    [SLACK COMPONENT CHECK] classified_delta=+1.572166e-06 | objective_slack_delta=+1.572166e-06 | mismatch=-1.278977e-13
    [RECOURSE COMPONENT CHECK] classified_delta=+3.972042e+05 | block_delta=+3.972042e+05 | mismatch=+1.164153e-10
  DSO node=9 year=2025 day=Spring | previous=2.687332e+06 | current=3.039108e+06 | delta=+3.517758e+05 | abs_delta=3.517758e+05
    [RECOURSE COMPONENTS] gen=+0.000000e+00 | flex=+3.646762e+05 | load_curt=+0.000000e+00 | res_curt=-1.290038e+04 | ess_usage=+0.000000e+00 | slacks=-1.793371e-06 | ess_comp=-1.145312e-02
    [SLACK COMPONENTS] voltage=-1.764283e-06 | node_P=+0.000000e+00 | node_Q=+0.000000e+00 | branch_ij=+0.000000e+00 | branch_ji=+0.000000e+00 | flex_P=-2.552674e-08 | flex_Q=-3.560483e-09
    [SLACK COMPONENT CHECK] classified_delta=-1.793370e-06 | objective_slack_delta=-1.793371e-06 | mismatch=+4.618528e-13
    [RECOURSE COMPONENT CHECK] classified_delta=+3.517758e+05 | block_delta=+3.517758e+05 | mismatch=+0.000000e+00
[INFO]		 - Recourse stationarity failed. 10946051.690592 > 89263.546281
[ADMM RHO] V | primal max ratio=0.028 | primal mean ratio=0.025 | primal selected=0.028 | dual mean ratio=0.025 | increase threshold=5.0 | decrease threshold=5.0 | action=held
[ADMM RHO] PF | primal max ratio=1.225 | primal mean ratio=0.323 | primal selected=1.225 | dual mean ratio=1.416 | increase threshold=5.0 | decrease threshold=3.0 | action=held
[ADMM RHO] ESS | primal max ratio=0.155 | primal mean ratio=0.056 | primal selected=0.155 | dual mean ratio=0.010 | increase threshold=5.0 | decrease threshold=5.0 | action=held
[INFO]		 - ADMM cycle 18 | Primal (V max/mean | PF max/mean | ESS max/mean) = 0.000282/0.000025 | 0.012252/0.000323 | 0.015527/0.000561 | Dual (V max/mean | PF max/mean | ESS max/mean) = 0.001562/0.000246 | 0.122446/0.014164 | 0.003459/0.000102 | Recourse change = 10946051.690592 (tol. 89263.546281) | Stable cycles = 0/1 | Penalty actions (V/PF/ESS) = held/held/held
[INFO] 	 - Iteration 18: 36.06 s
[INFO] 	 - ADMM Iteration 19
[INFO] 		 - Updating distribution networks:
[INFO] 			 - Running SMOPF, Network case33_1, 2025, Spring...
[INFO] 			 - Running SMOPF, Network case33_1, 2025, Summer...
[INFO] 			 - Running SMOPF, Network case33_1, 2025, Autumn...
[INFO] 			 - Running SMOPF, Network case33_1, 2025, Winter...
[INFO] 			 - Running SMOPF, Network case33_1, 2030, Spring...
[INFO] 			 - Running SMOPF, Network case33_1, 2030, Summer...
[INFO] 			 - Running SMOPF, Network case33_1, 2030, Autumn...
[INFO] 			 - Running SMOPF, Network case33_1, 2030, Winter...
[INFO] 			 - Running SMOPF, Network case33_1, 2035, Spring...
[INFO] 			 - Running SMOPF, Network case33_1, 2035, Summer...
[INFO] 			 - Running SMOPF, Network case33_1, 2035, Autumn...
[INFO] 			 - Running SMOPF, Network case33_1, 2035, Winter...
[INFO] 			 - Running SMOPF, Network case33_2, 2025, Spring...
[INFO] 			 - Running SMOPF, Network case33_2, 2025, Summer...
[INFO] 			 - Running SMOPF, Network case33_2, 2025, Autumn...
[INFO] 			 - Running SMOPF, Network case33_2, 2025, Winter...
[INFO] 			 - Running SMOPF, Network case33_2, 2030, Spring...
[INFO] 			 - Running SMOPF, Network case33_2, 2030, Summer...
[INFO] 			 - Running SMOPF, Network case33_2, 2030, Autumn...
[INFO] 			 - Running SMOPF, Network case33_2, 2030, Winter...
[INFO] 			 - Running SMOPF, Network case33_2, 2035, Spring...
[INFO] 			 - Running SMOPF, Network case33_2, 2035, Summer...
[INFO] 			 - Running SMOPF, Network case33_2, 2035, Autumn...
[INFO] 			 - Running SMOPF, Network case33_2, 2035, Winter...
[INFO] 			 - Running SMOPF, Network case33_3, 2025, Spring...
[INFO] 			 - Running SMOPF, Network case33_3, 2025, Summer...
[INFO] 			 - Running SMOPF, Network case33_3, 2025, Autumn...
[INFO] 			 - Running SMOPF, Network case33_3, 2025, Winter...
[INFO] 			 - Running SMOPF, Network case33_3, 2030, Spring...
[INFO] 			 - Running SMOPF, Network case33_3, 2030, Summer...
[INFO] 			 - Running SMOPF, Network case33_3, 2030, Autumn...
[INFO] 			 - Running SMOPF, Network case33_3, 2030, Winter...
[INFO] 			 - Running SMOPF, Network case33_3, 2035, Spring...
[INFO] 			 - Running SMOPF, Network case33_3, 2035, Summer...
[INFO] 			 - Running SMOPF, Network case33_3, 2035, Autumn...
[INFO] 			 - Running SMOPF, Network case33_3, 2035, Winter...
[INFO] 		 - Updating transmission network...
[INFO] 			 - Running SMOPF, Network case9, 2025, Spring...
[INFO] 			 - Running SMOPF, Network case9, 2025, Summer...
[INFO] 			 - Running SMOPF, Network case9, 2025, Autumn...
[INFO] 			 - Running SMOPF, Network case9, 2025, Winter...
[INFO] 			 - Running SMOPF, Network case9, 2030, Spring...
[INFO] 			 - Running SMOPF, Network case9, 2030, Summer...
[INFO] 			 - Running SMOPF, Network case9, 2030, Autumn...
[INFO] 			 - Running SMOPF, Network case9, 2030, Winter...
[INFO] 			 - Running SMOPF, Network case9, 2035, Spring...
[INFO] 			 - Running SMOPF, Network case9, 2035, Summer...
[INFO] 			 - Running SMOPF, Network case9, 2035, Autumn...
[INFO] 			 - Running SMOPF, Network case9, 2035, Winter...
[TSO PROX] cycle=19 | updated_blocks=12 | held_failed_blocks=0 | V max=0.000517 | PF max=0.023510 | ESS max=0.007445
[TSO PROX][V MAX] node=9, year=2035, day=Winter, period=5 | dV=0.178480 kV | normalized=0.000517
[TSO PROX][PF MAX] node=9, year=2030, day=Summer, period=8, type=P | delta=3.526517 MW | normalized=0.023510
[TSO PROX][ESS MAX] node=9, year=2035, day=Summer, period=19, type=P | delta=0.014424 MW | normalized=0.007445
[INFO] 		 - Updating SharedESS...
[INFO] 		 - Running Shared ESS optimization (subproblem)...
[INFO] 			 - Node 5...
[INFO] Shared ESS complementarity diagnostics for ESS node=5: ratio_max=9.208149e-06 n_periods=288 mu_final=1.009888e-11 s_obj=1.000000e-01 eps=1.000000e-05 bound=2.908477e-03 measured=2.679218e-03
[INFO] 			 - Node 7...
[INFO] Shared ESS complementarity diagnostics for ESS node=7: ratio_max=9.340667e-06 n_periods=288 mu_final=1.009068e-11 s_obj=1.000000e-01 eps=1.000000e-05 bound=2.906115e-03 measured=2.674961e-03
[INFO] 			 - Node 9...
[INFO] Shared ESS complementarity diagnostics for ESS node=9: ratio_max=8.913546e-06 n_periods=288 mu_final=1.008235e-11 s_obj=1.000000e-01 eps=1.000000e-05 bound=2.903717e-03 measured=2.676171e-03
[INFO]		 - Primal residuals ok!
[INFO]		 - interface PF mean dual residual failed. 0.012197 > 0.010000
[RECOURSE JUMP] cycle=19 | abs_change=8.968083e+06 | tol=8.816894e+04 | signed_change=-8.968083e+06
[RECOURSE JUMP] Reconciliation | previous=8.816894e+08 | current=8.727213e+08 | block_delta=-8.968083e+06 | mismatch=-3.576279e-07
[RECOURSE JUMP] Aggregate signed changes:
  TSO | delta=-1.164137e+07
  DSO node=9 | delta=+1.627216e+06
  DSO node=7 | delta=+9.602404e+05
  DSO node=5 | delta=+8.582960e+04
  SALVAGE | delta=+2.248501e-52
[RECOURSE JUMP] Largest 10 block changes:
  TSO node=None year=2035 day=Spring | previous=7.602541e+07 | current=7.333268e+07 | delta=-2.692724e+06 | abs_delta=2.692724e+06
    [RECOURSE JUMP][TSO PROX] year=2035 day=Spring | V max=0.000499 | PF max=0.014135 | ESS max=0.001379
    [RECOURSE COMPONENTS] gen=-3.417584e+06 | flex=+7.281367e+05 | load_curt=+0.000000e+00 | res_curt=+0.000000e+00 | ess_usage=+0.000000e+00 | slacks=-1.907097e-11 | ess_comp=-3.276614e+03
    [SLACK COMPONENTS] voltage=-1.909939e-11 | node_P=+0.000000e+00 | node_Q=+0.000000e+00 | branch_ij=+0.000000e+00 | branch_ji=+0.000000e+00 | flex_P=+2.797762e-14 | flex_Q=+2.797762e-14
    [SLACK COMPONENT CHECK] classified_delta=-1.904343e-11 | objective_slack_delta=-1.907097e-11 | mismatch=+2.753353e-14
    [RECOURSE COMPONENT CHECK] classified_delta=-2.692724e+06 | block_delta=-2.692724e+06 | mismatch=+1.722947e-08
  TSO node=None year=2030 day=Summer | previous=7.882623e+07 | current=7.680256e+07 | delta=-2.023669e+06 | abs_delta=2.023669e+06
    [RECOURSE JUMP][TSO PROX] year=2030 day=Summer | V max=0.000275 | PF max=0.023510 | ESS max=0.000169
    [RECOURSE COMPONENTS] gen=-2.231242e+06 | flex=+2.075737e+05 | load_curt=+0.000000e+00 | res_curt=+0.000000e+00 | ess_usage=+0.000000e+00 | slacks=+7.049920e-09 | ess_comp=-3.208022e-03
    [SLACK COMPONENTS] voltage=+4.608317e-09 | node_P=+0.000000e+00 | node_Q=+0.000000e+00 | branch_ij=+0.000000e+00 | branch_ji=+0.000000e+00 | flex_P=+1.220808e-09 | flex_Q=+1.220808e-09
    [SLACK COMPONENT CHECK] classified_delta=+7.049934e-09 | objective_slack_delta=+7.049920e-09 | mismatch=+1.421085e-14
    [RECOURSE COMPONENT CHECK] classified_delta=-2.023669e+06 | block_delta=-2.023669e+06 | mismatch=-2.630986e-08
  TSO node=None year=2030 day=Spring | previous=7.412050e+07 | current=7.255375e+07 | delta=-1.566749e+06 | abs_delta=1.566749e+06
    [RECOURSE JUMP][TSO PROX] year=2030 day=Spring | V max=0.000280 | PF max=0.017772 | ESS max=0.000099
    [RECOURSE COMPONENTS] gen=-2.085065e+06 | flex=+5.183164e+05 | load_curt=+0.000000e+00 | res_curt=+0.000000e+00 | ess_usage=+0.000000e+00 | slacks=-2.359847e-09 | ess_comp=-1.103853e-03
    [SLACK COMPONENTS] voltage=-1.550561e-09 | node_P=+0.000000e+00 | node_Q=+0.000000e+00 | branch_ij=+0.000000e+00 | branch_ji=+0.000000e+00 | flex_P=-4.046439e-10 | flex_Q=-4.046439e-10
    [SLACK COMPONENT CHECK] classified_delta=-2.359848e-09 | objective_slack_delta=-2.359847e-09 | mismatch=-8.881784e-16
    [RECOURSE COMPONENT CHECK] classified_delta=-1.566749e+06 | block_delta=-1.566749e+06 | mismatch=-9.313226e-10
  TSO node=None year=2025 day=Spring | previous=9.349747e+07 | current=9.203012e+07 | delta=-1.467351e+06 | abs_delta=1.467351e+06
    [RECOURSE JUMP][TSO PROX] year=2025 day=Spring | V max=0.000280 | PF max=0.020394 | ESS max=0.000408
    [RECOURSE COMPONENTS] gen=-1.972956e+06 | flex=+5.056047e+05 | load_curt=+0.000000e+00 | res_curt=+0.000000e+00 | ess_usage=+0.000000e+00 | slacks=-9.601777e-10 | ess_comp=+5.399221e-05
    [SLACK COMPONENTS] voltage=-6.337260e-10 | node_P=+0.000000e+00 | node_Q=+0.000000e+00 | branch_ij=+0.000000e+00 | branch_ji=+0.000000e+00 | flex_P=-1.632121e-10 | flex_Q=-1.632121e-10
    [SLACK COMPONENT CHECK] classified_delta=-9.601502e-10 | objective_slack_delta=-9.601777e-10 | mismatch=+2.753353e-14
    [RECOURSE COMPONENT CHECK] classified_delta=-1.467351e+06 | block_delta=-1.467351e+06 | mismatch=+5.355105e-09
  TSO node=None year=2035 day=Summer | previous=8.386720e+07 | current=8.244513e+07 | delta=-1.422064e+06 | abs_delta=1.422064e+06
    [RECOURSE JUMP][TSO PROX] year=2035 day=Summer | V max=0.000299 | PF max=0.021662 | ESS max=0.007445
    [RECOURSE COMPONENTS] gen=-1.776653e+06 | flex=+3.545890e+05 | load_curt=+0.000000e+00 | res_curt=+0.000000e+00 | ess_usage=+0.000000e+00 | slacks=+4.239809e-11 | ess_comp=+8.902816e-02
    [SLACK COMPONENTS] voltage=+2.588507e-11 | node_P=+0.000000e+00 | node_Q=+0.000000e+00 | branch_ij=+0.000000e+00 | branch_ji=+0.000000e+00 | flex_P=+8.244072e-12 | flex_Q=+8.244072e-12
    [SLACK COMPONENT CHECK] classified_delta=+4.237322e-11 | objective_slack_delta=+4.239809e-11 | mismatch=-2.486900e-14
    [RECOURSE COMPONENT CHECK] classified_delta=-1.422064e+06 | block_delta=-1.422064e+06 | mismatch=-2.095476e-09
  TSO node=None year=2025 day=Summer | previous=1.032895e+08 | current=1.020832e+08 | delta=-1.206296e+06 | abs_delta=1.206296e+06
    [RECOURSE JUMP][TSO PROX] year=2025 day=Summer | V max=0.000283 | PF max=0.020815 | ESS max=0.000294
    [RECOURSE COMPONENTS] gen=-1.246534e+06 | flex=+4.023796e+04 | load_curt=+0.000000e+00 | res_curt=+0.000000e+00 | ess_usage=+0.000000e+00 | slacks=-1.733724e-12 | ess_comp=+7.985794e-06
    [SLACK COMPONENTS] voltage=-1.733724e-12 | node_P=+0.000000e+00 | node_Q=+0.000000e+00 | branch_ij=+0.000000e+00 | branch_ji=+0.000000e+00 | flex_P=-4.440892e-16 | flex_Q=-4.440892e-16
    [SLACK COMPONENT CHECK] classified_delta=-1.734612e-12 | objective_slack_delta=-1.733724e-12 | mismatch=-8.881784e-16
    [RECOURSE COMPONENT CHECK] classified_delta=-1.206296e+06 | block_delta=-1.206296e+06 | mismatch=-1.234002e-08
  TSO node=None year=2035 day=Autumn | previous=3.816425e+07 | current=3.752434e+07 | delta=-6.399182e+05 | abs_delta=6.399182e+05
    [RECOURSE JUMP][TSO PROX] year=2035 day=Autumn | V max=0.000206 | PF max=0.017234 | ESS max=0.004327
    [RECOURSE COMPONENTS] gen=-6.198037e+05 | flex=-1.812655e+04 | load_curt=+0.000000e+00 | res_curt=+0.000000e+00 | ess_usage=+0.000000e+00 | slacks=+3.206818e-08 | ess_comp=-1.987949e+03
    [SLACK COMPONENTS] voltage=+2.109685e-08 | node_P=+0.000000e+00 | node_Q=+0.000000e+00 | branch_ij=+0.000000e+00 | branch_ji=+0.000000e+00 | flex_P=+5.485664e-09 | flex_Q=+5.485664e-09
    [SLACK COMPONENT CHECK] classified_delta=+3.206817e-08 | objective_slack_delta=+3.206818e-08 | mismatch=-5.329071e-15
    [RECOURSE COMPONENT CHECK] classified_delta=-6.399182e+05 | block_delta=-6.399182e+05 | mismatch=-6.984919e-10
  DSO node=9 year=2030 day=Spring | previous=3.319565e+06 | current=3.705619e+06 | delta=+3.860536e+05 | abs_delta=3.860536e+05
    [RECOURSE COMPONENTS] gen=+0.000000e+00 | flex=+3.968341e+05 | load_curt=+0.000000e+00 | res_curt=-1.078046e+04 | ess_usage=+0.000000e+00 | slacks=-1.651728e-06 | ess_comp=+1.279809e-04
    [SLACK COMPONENTS] voltage=-1.605069e-06 | node_P=+0.000000e+00 | node_Q=+0.000000e+00 | branch_ij=+0.000000e+00 | branch_ji=+0.000000e+00 | flex_P=-3.364298e-08 | flex_Q=-1.301507e-08
    [SLACK COMPONENT CHECK] classified_delta=-1.651727e-06 | objective_slack_delta=-1.651728e-06 | mismatch=+2.167155e-13
    [RECOURSE COMPONENT CHECK] classified_delta=+3.860536e+05 | block_delta=+3.860536e+05 | mismatch=+5.238689e-10
  DSO node=9 year=2025 day=Spring | previous=3.039108e+06 | current=3.390228e+06 | delta=+3.511199e+05 | abs_delta=3.511199e+05
    [RECOURSE COMPONENTS] gen=+0.000000e+00 | flex=+3.636985e+05 | load_curt=+0.000000e+00 | res_curt=-1.257859e+04 | ess_usage=+0.000000e+00 | slacks=-1.714774e-06 | ess_comp=-5.418213e-05
    [SLACK COMPONENTS] voltage=-1.674756e-06 | node_P=+0.000000e+00 | node_Q=+0.000000e+00 | branch_ij=+0.000000e+00 | branch_ji=+0.000000e+00 | flex_P=-4.001724e-08 | flex_Q=+0.000000e+00
    [SLACK COMPONENT CHECK] classified_delta=-1.714774e-06 | objective_slack_delta=-1.714774e-06 | mismatch=+1.776357e-14
    [RECOURSE COMPONENT CHECK] classified_delta=+3.511199e+05 | block_delta=+3.511199e+05 | mismatch=-5.820766e-10
  DSO node=9 year=2030 day=Summer | previous=3.371597e+06 | current=3.720079e+06 | delta=+3.484820e+05 | abs_delta=3.484820e+05
    [RECOURSE COMPONENTS] gen=+0.000000e+00 | flex=+3.643875e+05 | load_curt=+0.000000e+00 | res_curt=-1.590547e+04 | ess_usage=+0.000000e+00 | slacks=-1.531472e-06 | ess_comp=-1.526613e-04
    [SLACK COMPONENTS] voltage=-1.501600e-06 | node_P=+0.000000e+00 | node_Q=+0.000000e+00 | branch_ij=+0.000000e+00 | branch_ji=+0.000000e+00 | flex_P=-2.987207e-08 | flex_Q=+0.000000e+00
    [SLACK COMPONENT CHECK] classified_delta=-1.531472e-06 | objective_slack_delta=-1.531472e-06 | mismatch=-1.172396e-13
    [RECOURSE COMPONENT CHECK] classified_delta=+3.484820e+05 | block_delta=+3.484820e+05 | mismatch=-4.656613e-10
[INFO]		 - Recourse stationarity failed. 8968083.003042 > 88168.941112
[ADMM RHO] V | primal max ratio=0.025 | primal mean ratio=0.020 | primal selected=0.025 | dual mean ratio=0.022 | increase threshold=5.0 | decrease threshold=5.0 | action=held
[ADMM RHO] PF | primal max ratio=0.990 | primal mean ratio=0.292 | primal selected=0.990 | dual mean ratio=1.220 | increase threshold=5.0 | decrease threshold=3.0 | action=held
[ADMM RHO] ESS | primal max ratio=0.119 | primal mean ratio=0.033 | primal selected=0.119 | dual mean ratio=0.009 | increase threshold=5.0 | decrease threshold=5.0 | action=held
[INFO]		 - ADMM cycle 19 | Primal (V max/mean | PF max/mean | ESS max/mean) = 0.000253/0.000020 | 0.009902/0.000292 | 0.011947/0.000329 | Dual (V max/mean | PF max/mean | ESS max/mean) = 0.001238/0.000216 | 0.122310/0.012197 | 0.003453/0.000091 | Recourse change = 8968083.003042 (tol. 88168.941112) | Stable cycles = 0/1 | Penalty actions (V/PF/ESS) = held/held/held
[INFO] 	 - Iteration 19: 31.70 s
[INFO] 	 - ADMM Iteration 20
[INFO] 		 - Updating distribution networks:
[INFO] 			 - Running SMOPF, Network case33_1, 2025, Spring...
[INFO] 			 - Running SMOPF, Network case33_1, 2025, Summer...
[INFO] 			 - Running SMOPF, Network case33_1, 2025, Autumn...
[INFO] 			 - Running SMOPF, Network case33_1, 2025, Winter...
[INFO] 			 - Running SMOPF, Network case33_1, 2030, Spring...
[INFO] 			 - Running SMOPF, Network case33_1, 2030, Summer...
[INFO] 			 - Running SMOPF, Network case33_1, 2030, Autumn...
[INFO] 			 - Running SMOPF, Network case33_1, 2030, Winter...
[INFO] 			 - Running SMOPF, Network case33_1, 2035, Spring...
[INFO] 			 - Running SMOPF, Network case33_1, 2035, Summer...
[INFO] 			 - Running SMOPF, Network case33_1, 2035, Autumn...
[INFO] 			 - Running SMOPF, Network case33_1, 2035, Winter...
[INFO] 			 - Running SMOPF, Network case33_2, 2025, Spring...
[INFO] 			 - Running SMOPF, Network case33_2, 2025, Summer...
[INFO] 			 - Running SMOPF, Network case33_2, 2025, Autumn...
[INFO] 			 - Running SMOPF, Network case33_2, 2025, Winter...
[INFO] 			 - Running SMOPF, Network case33_2, 2030, Spring...
[INFO] 			 - Running SMOPF, Network case33_2, 2030, Summer...
[INFO] 			 - Running SMOPF, Network case33_2, 2030, Autumn...
[INFO] 			 - Running SMOPF, Network case33_2, 2030, Winter...
[INFO] 			 - Running SMOPF, Network case33_2, 2035, Spring...
[INFO] 			 - Running SMOPF, Network case33_2, 2035, Summer...
[INFO] 			 - Running SMOPF, Network case33_2, 2035, Autumn...
[INFO] 			 - Running SMOPF, Network case33_2, 2035, Winter...
[INFO] 			 - Running SMOPF, Network case33_3, 2025, Spring...
[INFO] 			 - Running SMOPF, Network case33_3, 2025, Summer...
[INFO] 			 - Running SMOPF, Network case33_3, 2025, Autumn...
[INFO] 			 - Running SMOPF, Network case33_3, 2025, Winter...
[INFO] 			 - Running SMOPF, Network case33_3, 2030, Spring...
[INFO] 			 - Running SMOPF, Network case33_3, 2030, Summer...
[INFO] 			 - Running SMOPF, Network case33_3, 2030, Autumn...
[INFO] 			 - Running SMOPF, Network case33_3, 2030, Winter...
[INFO] 			 - Running SMOPF, Network case33_3, 2035, Spring...
[INFO] 			 - Running SMOPF, Network case33_3, 2035, Summer...
[INFO] 			 - Running SMOPF, Network case33_3, 2035, Autumn...
[INFO] 			 - Running SMOPF, Network case33_3, 2035, Winter...
[INFO] 		 - Updating transmission network...
[INFO] 			 - Running SMOPF, Network case9, 2025, Spring...
[INFO] 			 - Running SMOPF, Network case9, 2025, Summer...
[INFO] 			 - Running SMOPF, Network case9, 2025, Autumn...
[INFO] 			 - Running SMOPF, Network case9, 2025, Winter...
[INFO] 			 - Running SMOPF, Network case9, 2030, Spring...
[INFO] 			 - Running SMOPF, Network case9, 2030, Summer...
[INFO] 			 - Running SMOPF, Network case9, 2030, Autumn...
[INFO] 			 - Running SMOPF, Network case9, 2030, Winter...
[INFO] 			 - Running SMOPF, Network case9, 2035, Spring...
[INFO] 			 - Running SMOPF, Network case9, 2035, Summer...
[INFO] 			 - Running SMOPF, Network case9, 2035, Autumn...
[INFO] 			 - Running SMOPF, Network case9, 2035, Winter...
[TSO PROX] cycle=20 | updated_blocks=12 | held_failed_blocks=0 | V max=0.000444 | PF max=0.021821 | ESS max=0.006930
[TSO PROX][V MAX] node=9, year=2035, day=Spring, period=15 | dV=0.153169 kV | normalized=0.000444
[TSO PROX][PF MAX] node=9, year=2030, day=Summer, period=17, type=P | delta=3.273198 MW | normalized=0.021821
[TSO PROX][ESS MAX] node=9, year=2035, day=Winter, period=12, type=P | delta=0.013428 MW | normalized=0.006930
[INFO] 		 - Updating SharedESS...
[INFO] 		 - Running Shared ESS optimization (subproblem)...
[INFO] 			 - Node 5...
[INFO] Shared ESS complementarity diagnostics for ESS node=5: ratio_max=9.270829e-06 n_periods=288 mu_final=1.002457e-11 s_obj=1.000000e-01 eps=1.000000e-05 bound=2.887077e-03 measured=2.653985e-03
[INFO] 			 - Node 7...
[INFO] Shared ESS complementarity diagnostics for ESS node=7: ratio_max=9.364853e-06 n_periods=288 mu_final=1.005399e-11 s_obj=1.000000e-01 eps=1.000000e-05 bound=2.895550e-03 measured=2.650979e-03
[INFO] 			 - Node 9...
[INFO] Shared ESS complementarity diagnostics for ESS node=9: ratio_max=8.958164e-06 n_periods=288 mu_final=1.007863e-11 s_obj=1.000000e-01 eps=1.000000e-05 bound=2.902645e-03 measured=2.660248e-03
[INFO]		 - Primal residuals ok!
[INFO]		 - interface PF mean dual residual failed. 0.010888 > 0.010000
[RECOURSE JUMP] cycle=20 | abs_change=7.293151e+06 | tol=8.727213e+04 | signed_change=-7.293151e+06
[RECOURSE JUMP] Reconciliation | previous=8.727213e+08 | current=8.654282e+08 | block_delta=-7.293151e+06 | mismatch=+2.384186e-07
[RECOURSE JUMP] Aggregate signed changes:
  TSO | delta=-9.806895e+06
  DSO node=9 | delta=+1.506273e+06
  DSO node=7 | delta=+9.521359e+05
  DSO node=5 | delta=+5.533534e+04
  SALVAGE | delta=+0.000000e+00
[RECOURSE JUMP] Largest 10 block changes:
  TSO node=None year=2030 day=Summer | previous=7.680256e+07 | current=7.493614e+07 | delta=-1.866422e+06 | abs_delta=1.866422e+06
    [RECOURSE JUMP][TSO PROX] year=2030 day=Summer | V max=0.000274 | PF max=0.021821 | ESS max=0.000023
    [RECOURSE COMPONENTS] gen=-2.091233e+06 | flex=+2.248102e+05 | load_curt=+0.000000e+00 | res_curt=+0.000000e+00 | ess_usage=+0.000000e+00 | slacks=+3.319535e-09 | ess_comp=-1.239932e-03
    [SLACK COMPONENTS] voltage=+2.170850e-09 | node_P=+0.000000e+00 | node_Q=+0.000000e+00 | branch_ij=+0.000000e+00 | branch_ji=+0.000000e+00 | flex_P=+5.743441e-10 | flex_Q=+5.743441e-10
    [SLACK COMPONENT CHECK] classified_delta=+3.319538e-09 | objective_slack_delta=+3.319535e-09 | mismatch=+3.552714e-15
    [RECOURSE COMPONENT CHECK] classified_delta=-1.866422e+06 | block_delta=-1.866422e+06 | mismatch=+3.445894e-08
  TSO node=None year=2035 day=Spring | previous=7.333268e+07 | current=7.162582e+07 | delta=-1.706867e+06 | abs_delta=1.706867e+06
    [RECOURSE JUMP][TSO PROX] year=2035 day=Spring | V max=0.000444 | PF max=0.014109 | ESS max=0.003141
    [RECOURSE COMPONENTS] gen=-2.137099e+06 | flex=+4.333307e+05 | load_curt=+0.000000e+00 | res_curt=+0.000000e+00 | ess_usage=+0.000000e+00 | slacks=-1.622880e-11 | ess_comp=-3.097763e+03
    [SLACK COMPONENTS] voltage=-1.620748e-11 | node_P=+0.000000e+00 | node_Q=+0.000000e+00 | branch_ij=+0.000000e+00 | branch_ji=+0.000000e+00 | flex_P=-2.708944e-14 | flex_Q=-2.708944e-14
    [SLACK COMPONENT CHECK] classified_delta=-1.626166e-11 | objective_slack_delta=-1.622880e-11 | mismatch=-3.286260e-14
    [RECOURSE COMPONENT CHECK] classified_delta=-1.706867e+06 | block_delta=-1.706867e+06 | mismatch=-1.350418e-08
  TSO node=None year=2030 day=Spring | previous=7.255375e+07 | current=7.102496e+07 | delta=-1.528792e+06 | abs_delta=1.528792e+06
    [RECOURSE JUMP][TSO PROX] year=2030 day=Spring | V max=0.000274 | PF max=0.017731 | ESS max=0.000021
    [RECOURSE COMPONENTS] gen=-2.077505e+06 | flex=+5.487132e+05 | load_curt=+0.000000e+00 | res_curt=+0.000000e+00 | ess_usage=+0.000000e+00 | slacks=+3.343892e-09 | ess_comp=+5.279345e-04
    [SLACK COMPONENTS] voltage=+2.200622e-09 | node_P=+0.000000e+00 | node_Q=+0.000000e+00 | branch_ij=+0.000000e+00 | branch_ji=+0.000000e+00 | flex_P=+5.716294e-10 | flex_Q=+5.716294e-10
    [SLACK COMPONENT CHECK] classified_delta=+3.343881e-09 | objective_slack_delta=+3.343892e-09 | mismatch=-1.154632e-14
    [RECOURSE COMPONENT CHECK] classified_delta=-1.528792e+06 | block_delta=-1.528792e+06 | mismatch=-8.614734e-09
  TSO node=None year=2025 day=Spring | previous=9.203012e+07 | current=9.063916e+07 | delta=-1.390959e+06 | abs_delta=1.390959e+06
    [RECOURSE JUMP][TSO PROX] year=2025 day=Spring | V max=0.000250 | PF max=0.017075 | ESS max=0.000404
    [RECOURSE COMPONENTS] gen=-1.949290e+06 | flex=+5.583303e+05 | load_curt=+0.000000e+00 | res_curt=+0.000000e+00 | ess_usage=+0.000000e+00 | slacks=-1.092651e-09 | ess_comp=+6.155610e-05
    [SLACK COMPONENTS] voltage=-7.209664e-10 | node_P=+0.000000e+00 | node_Q=+0.000000e+00 | branch_ij=+0.000000e+00 | branch_ji=+0.000000e+00 | flex_P=-1.858549e-10 | flex_Q=-1.858549e-10
    [SLACK COMPONENT CHECK] classified_delta=-1.092676e-09 | objective_slack_delta=-1.092651e-09 | mismatch=-2.486900e-14
    [RECOURSE COMPONENT CHECK] classified_delta=-1.390959e+06 | block_delta=-1.390959e+06 | mismatch=-9.313226e-09
  TSO node=None year=2025 day=Summer | previous=1.020832e+08 | current=1.008679e+08 | delta=-1.215350e+06 | abs_delta=1.215350e+06
    [RECOURSE JUMP][TSO PROX] year=2025 day=Summer | V max=0.000282 | PF max=0.020802 | ESS max=0.000294
    [RECOURSE COMPONENTS] gen=-1.320983e+06 | flex=+1.056332e+05 | load_curt=+0.000000e+00 | res_curt=+0.000000e+00 | ess_usage=+0.000000e+00 | slacks=-2.685852e-12 | ess_comp=+2.182798e-04
    [SLACK COMPONENTS] voltage=-2.685852e-12 | node_P=+0.000000e+00 | node_Q=+0.000000e+00 | branch_ij=+0.000000e+00 | branch_ji=+0.000000e+00 | flex_P=+1.332268e-15 | flex_Q=+1.332268e-15
    [SLACK COMPONENT CHECK] classified_delta=-2.683187e-12 | objective_slack_delta=-2.685852e-12 | mismatch=+2.664535e-15
    [RECOURSE COMPONENT CHECK] classified_delta=-1.215350e+06 | block_delta=-1.215350e+06 | mismatch=+1.047738e-08
  TSO node=None year=2035 day=Summer | previous=8.244513e+07 | current=8.124002e+07 | delta=-1.205109e+06 | abs_delta=1.205109e+06
    [RECOURSE JUMP][TSO PROX] year=2035 day=Summer | V max=0.000267 | PF max=0.020934 | ESS max=0.005089
    [RECOURSE COMPONENTS] gen=-1.559445e+06 | flex=+3.543363e+05 | load_curt=+0.000000e+00 | res_curt=+0.000000e+00 | ess_usage=+0.000000e+00 | slacks=-5.406520e-11 | ess_comp=+5.505174e-01
    [SLACK COMPONENTS] voltage=-3.746692e-11 | node_P=+0.000000e+00 | node_Q=+0.000000e+00 | branch_ij=+0.000000e+00 | branch_ji=+0.000000e+00 | flex_P=-8.284484e-12 | flex_Q=-8.284484e-12
    [SLACK COMPONENT CHECK] classified_delta=-5.403589e-11 | objective_slack_delta=-5.406520e-11 | mismatch=+2.930989e-14
    [RECOURSE COMPONENT CHECK] classified_delta=-1.205109e+06 | block_delta=-1.205109e+06 | mismatch=-1.047738e-08
  DSO node=9 year=2030 day=Spring | previous=3.705619e+06 | current=4.081714e+06 | delta=+3.760957e+05 | abs_delta=3.760957e+05
    [RECOURSE COMPONENTS] gen=+0.000000e+00 | flex=+3.865630e+05 | load_curt=+0.000000e+00 | res_curt=-1.046734e+04 | ess_usage=+0.000000e+00 | slacks=-1.339002e-06 | ess_comp=-2.029200e-05
    [SLACK COMPONENTS] voltage=-1.321948e-06 | node_P=+0.000000e+00 | node_Q=+0.000000e+00 | branch_ij=+0.000000e+00 | branch_ji=+0.000000e+00 | flex_P=-1.705392e-08 | flex_Q=+0.000000e+00
    [SLACK COMPONENT CHECK] classified_delta=-1.339002e-06 | objective_slack_delta=-1.339002e-06 | mismatch=+7.460699e-14
    [RECOURSE COMPONENT CHECK] classified_delta=+3.760957e+05 | block_delta=+3.760957e+05 | mismatch=-1.222361e-09
  DSO node=9 year=2030 day=Summer | previous=3.720079e+06 | current=4.085543e+06 | delta=+3.654641e+05 | abs_delta=3.654641e+05
    [RECOURSE COMPONENTS] gen=+0.000000e+00 | flex=+3.798009e+05 | load_curt=+0.000000e+00 | res_curt=-1.433678e+04 | ess_usage=+0.000000e+00 | slacks=+1.280523e-06 | ess_comp=-4.419083e-05
    [SLACK COMPONENTS] voltage=+1.323174e-06 | node_P=+0.000000e+00 | node_Q=+0.000000e+00 | branch_ij=+0.000000e+00 | branch_ji=+0.000000e+00 | flex_P=-4.281538e-08 | flex_Q=+1.629665e-10
    [SLACK COMPONENT CHECK] classified_delta=+1.280522e-06 | objective_slack_delta=+1.280523e-06 | mismatch=-9.769963e-13
    [RECOURSE COMPONENT CHECK] classified_delta=+3.654641e+05 | block_delta=+3.654641e+05 | mismatch=+5.820766e-11
  TSO node=None year=2035 day=Autumn | previous=3.752434e+07 | current=3.716881e+07 | delta=-3.555282e+05 | abs_delta=3.555282e+05
    [RECOURSE JUMP][TSO PROX] year=2035 day=Autumn | V max=0.000186 | PF max=0.017228 | ESS max=0.006738
    [RECOURSE COMPONENTS] gen=-3.126943e+05 | flex=-4.113207e+04 | load_curt=+0.000000e+00 | res_curt=+0.000000e+00 | ess_usage=+0.000000e+00 | slacks=+2.839901e-07 | ess_comp=-1.701821e+03
    [SLACK COMPONENTS] voltage=+1.868102e-07 | node_P=+0.000000e+00 | node_Q=+0.000000e+00 | branch_ij=+0.000000e+00 | branch_ji=+0.000000e+00 | flex_P=+4.858995e-08 | flex_Q=+4.858995e-08
    [SLACK COMPONENT CHECK] classified_delta=+2.839901e-07 | objective_slack_delta=+2.839901e-07 | mismatch=+0.000000e+00
    [RECOURSE COMPONENT CHECK] classified_delta=-3.555282e+05 | block_delta=-3.555282e+05 | mismatch=+5.238689e-09
  DSO node=9 year=2025 day=Spring | previous=3.390228e+06 | current=3.741694e+06 | delta=+3.514668e+05 | abs_delta=3.514668e+05
    [RECOURSE COMPONENTS] gen=+0.000000e+00 | flex=+3.631135e+05 | load_curt=+0.000000e+00 | res_curt=-1.164666e+04 | ess_usage=+0.000000e+00 | slacks=-3.546813e-08 | ess_comp=-6.088965e-05
    [SLACK COMPONENTS] voltage=-1.261571e-08 | node_P=+0.000000e+00 | node_Q=+0.000000e+00 | branch_ij=+0.000000e+00 | branch_ji=+0.000000e+00 | flex_P=-2.285238e-08 | flex_Q=+0.000000e+00
    [SLACK COMPONENT CHECK] classified_delta=-3.546810e-08 | objective_slack_delta=-3.546813e-08 | mismatch=+3.552714e-14
    [RECOURSE COMPONENT CHECK] classified_delta=+3.514668e+05 | block_delta=+3.514668e+05 | mismatch=+0.000000e+00
[INFO]		 - Recourse stationarity failed. 7293150.955655 > 87272.132812
[ADMM RHO] V | primal max ratio=0.014 | primal mean ratio=0.016 | primal selected=0.016 | dual mean ratio=0.019 | increase threshold=5.0 | decrease threshold=5.0 | action=held
[ADMM RHO] PF | primal max ratio=0.861 | primal mean ratio=0.227 | primal selected=0.861 | dual mean ratio=1.089 | increase threshold=5.0 | decrease threshold=3.0 | action=held
[ADMM RHO] ESS | primal max ratio=0.049 | primal mean ratio=0.016 | primal selected=0.049 | dual mean ratio=0.010 | increase threshold=5.0 | decrease threshold=5.0 | action=held
[INFO]		 - ADMM cycle 20 | Primal (V max/mean | PF max/mean | ESS max/mean) = 0.000137/0.000016 | 0.008613/0.000227 | 0.004889/0.000164 | Dual (V max/mean | PF max/mean | ESS max/mean) = 0.001093/0.000191 | 0.113525/0.010888 | 0.003455/0.000104 | Recourse change = 7293150.955655 (tol. 87272.132812) | Stable cycles = 0/1 | Penalty actions (V/PF/ESS) = held/held/held
[INFO] 	 - Iteration 20: 33.50 s
[INFO] 	 - ADMM Iteration 21
[INFO] 		 - Updating distribution networks:
[INFO] 			 - Running SMOPF, Network case33_1, 2025, Spring...
[INFO] 			 - Running SMOPF, Network case33_1, 2025, Summer...
[INFO] 			 - Running SMOPF, Network case33_1, 2025, Autumn...
[INFO] 			 - Running SMOPF, Network case33_1, 2025, Winter...
[INFO] 			 - Running SMOPF, Network case33_1, 2030, Spring...
[INFO] 			 - Running SMOPF, Network case33_1, 2030, Summer...
[INFO] 			 - Running SMOPF, Network case33_1, 2030, Autumn...
[INFO] 			 - Running SMOPF, Network case33_1, 2030, Winter...
[INFO] 			 - Running SMOPF, Network case33_1, 2035, Spring...
[INFO] 			 - Running SMOPF, Network case33_1, 2035, Summer...
[INFO] 			 - Running SMOPF, Network case33_1, 2035, Autumn...
[INFO] 			 - Running SMOPF, Network case33_1, 2035, Winter...
[INFO] 			 - Running SMOPF, Network case33_2, 2025, Spring...
[INFO] 			 - Running SMOPF, Network case33_2, 2025, Summer...
[INFO] 			 - Running SMOPF, Network case33_2, 2025, Autumn...
[INFO] 			 - Running SMOPF, Network case33_2, 2025, Winter...
[INFO] 			 - Running SMOPF, Network case33_2, 2030, Spring...
[WARNING] Network primary solve did not converge for case33_2, year=2030, day=Spring: status=warning, termination=maxIterations, message=Ipopt 3.14.18\x3a Maximum Number of Iterations Exceeded. | warm_start=True
[WARNING] ADMM penalties for case33_2, year=2030, day=Spring: rho_v=2.25, rho_pf=5.20246, rho_ess=1
[WARNING] IPOPT primary solve log for case33_2, year=2030, day=Spring: /Users/micaelsimoes/Projects/share-resource-planning-no_esso-degradation/data/SRP1/Results/P56A/evals/p515g1b_baseline/logs/optim_log_case33_2_2030_Spring.log
[INFO] Retrying network solve once for case33_2, year=2030, day=Spring, cold start, with warm_start_init_point=no.
[INFO] Network recovery solve succeeded for case33_2, year=2030, day=Spring.
[INFO] 			 - Running SMOPF, Network case33_2, 2030, Summer...
[INFO] 			 - Running SMOPF, Network case33_2, 2030, Autumn...
[INFO] 			 - Running SMOPF, Network case33_2, 2030, Winter...
[INFO] 			 - Running SMOPF, Network case33_2, 2035, Spring...
[INFO] 			 - Running SMOPF, Network case33_2, 2035, Summer...
[INFO] 			 - Running SMOPF, Network case33_2, 2035, Autumn...
[INFO] 			 - Running SMOPF, Network case33_2, 2035, Winter...
[INFO] 			 - Running SMOPF, Network case33_3, 2025, Spring...
[INFO] 			 - Running SMOPF, Network case33_3, 2025, Summer...
[INFO] 			 - Running SMOPF, Network case33_3, 2025, Autumn...
[INFO] 			 - Running SMOPF, Network case33_3, 2025, Winter...
[INFO] 			 - Running SMOPF, Network case33_3, 2030, Spring...
[INFO] 			 - Running SMOPF, Network case33_3, 2030, Summer...
[INFO] 			 - Running SMOPF, Network case33_3, 2030, Autumn...
[INFO] 			 - Running SMOPF, Network case33_3, 2030, Winter...
[INFO] 			 - Running SMOPF, Network case33_3, 2035, Spring...
[INFO] 			 - Running SMOPF, Network case33_3, 2035, Summer...
[INFO] 			 - Running SMOPF, Network case33_3, 2035, Autumn...
[WARNING] Network primary solve did not converge for case33_3, year=2035, day=Autumn: status=warning, termination=maxIterations, message=Ipopt 3.14.18\x3a Maximum Number of Iterations Exceeded. | warm_start=True
[WARNING] ADMM penalties for case33_3, year=2035, day=Autumn: rho_v=2.25, rho_pf=5.20246, rho_ess=1
[WARNING] IPOPT primary solve log for case33_3, year=2035, day=Autumn: /Users/micaelsimoes/Projects/share-resource-planning-no_esso-degradation/data/SRP1/Results/P56A/evals/p515g1b_baseline/logs/optim_log_case33_3_2035_Autumn.log
[INFO] Retrying network solve once for case33_3, year=2035, day=Autumn, cold start, with warm_start_init_point=no.
[INFO] Network recovery solve succeeded for case33_3, year=2035, day=Autumn.
[INFO] 			 - Running SMOPF, Network case33_3, 2035, Winter...
[INFO] 		 - Updating transmission network...
[INFO] 			 - Running SMOPF, Network case9, 2025, Spring...
[INFO] 			 - Running SMOPF, Network case9, 2025, Summer...
[INFO] 			 - Running SMOPF, Network case9, 2025, Autumn...
[INFO] 			 - Running SMOPF, Network case9, 2025, Winter...
[INFO] 			 - Running SMOPF, Network case9, 2030, Spring...
[INFO] 			 - Running SMOPF, Network case9, 2030, Summer...
[INFO] 			 - Running SMOPF, Network case9, 2030, Autumn...
[INFO] 			 - Running SMOPF, Network case9, 2030, Winter...
[INFO] 			 - Running SMOPF, Network case9, 2035, Spring...
[INFO] 			 - Running SMOPF, Network case9, 2035, Summer...
[INFO] 			 - Running SMOPF, Network case9, 2035, Autumn...
[INFO] 			 - Running SMOPF, Network case9, 2035, Winter...
[TSO PROX] cycle=21 | updated_blocks=12 | held_failed_blocks=0 | V max=0.000397 | PF max=0.021774 | ESS max=0.005141
[TSO PROX][V MAX] node=9, year=2035, day=Spring, period=15 | dV=0.137128 kV | normalized=0.000397
[TSO PROX][PF MAX] node=9, year=2030, day=Summer, period=17, type=P | delta=3.266155 MW | normalized=0.021774
[TSO PROX][ESS MAX] node=9, year=2035, day=Winter, period=12, type=P | delta=0.009961 MW | normalized=0.005141
[INFO] 		 - Updating SharedESS...
[INFO] 		 - Running Shared ESS optimization (subproblem)...
[INFO] 			 - Node 5...
[INFO] Shared ESS complementarity diagnostics for ESS node=5: ratio_max=9.244309e-06 n_periods=288 mu_final=1.626631e-11 s_obj=1.000000e-01 eps=1.000000e-05 bound=4.684696e-03 measured=2.638864e-03
[INFO] 			 - Node 7...
[INFO] Shared ESS complementarity diagnostics for ESS node=7: ratio_max=9.243533e-06 n_periods=288 mu_final=1.635275e-11 s_obj=1.000000e-01 eps=1.000000e-05 bound=4.709591e-03 measured=2.643890e-03
[INFO] 			 - Node 9...
[INFO] Shared ESS complementarity diagnostics for ESS node=9: ratio_max=8.567190e-06 n_periods=288 mu_final=1.638508e-11 s_obj=1.000000e-01 eps=1.000000e-05 bound=4.718904e-03 measured=2.647142e-03
[DIAG][PF MAX] node=5, year=2035, day=Summer, period=9, type=P | TSO=22.053403 MW, DSO=19.413634 MW, diff=2.639770 MW, rating=200.000000 MVA, normalized=0.013199, rho(TSO/DSO)=5.202459/5.202459
[INFO]		 - interface PF max primal residual failed. 0.013199 > 0.010000
[INFO]		 - Dual residuals ok!
[RECOURSE JUMP] cycle=21 | abs_change=6.309751e+06 | tol=8.654282e+04 | signed_change=-6.309751e+06
[RECOURSE JUMP] Reconciliation | previous=8.654282e+08 | current=8.591184e+08 | block_delta=-6.309751e+06 | mismatch=+0.000000e+00
[RECOURSE JUMP] Aggregate signed changes:
  TSO | delta=-8.927013e+06
  DSO node=9 | delta=+1.544124e+06
  DSO node=7 | delta=+9.888715e+05
  DSO node=5 | delta=+8.426622e+04
  SALVAGE | delta=+1.894090e-35
[RECOURSE JUMP] Largest 10 block changes:
  TSO node=None year=2030 day=Summer | previous=7.493614e+07 | current=7.318501e+07 | delta=-1.751127e+06 | abs_delta=1.751127e+06
    [RECOURSE JUMP][TSO PROX] year=2030 day=Summer | V max=0.000262 | PF max=0.021774 | ESS max=0.000122
    [RECOURSE COMPONENTS] gen=-2.005074e+06 | flex=+2.539475e+05 | load_curt=+0.000000e+00 | res_curt=+0.000000e+00 | ess_usage=+0.000000e+00 | slacks=-1.718185e-09 | ess_comp=+1.106505e-03
    [SLACK COMPONENTS] voltage=-1.122523e-09 | node_P=+0.000000e+00 | node_Q=+0.000000e+00 | branch_ij=+0.000000e+00 | branch_ji=+0.000000e+00 | flex_P=-2.978373e-10 | flex_Q=-2.978373e-10
    [SLACK COMPONENT CHECK] classified_delta=-1.718197e-09 | objective_slack_delta=-1.718185e-09 | mismatch=-1.243450e-14
    [RECOURSE COMPONENT CHECK] classified_delta=-1.751127e+06 | block_delta=-1.751127e+06 | mismatch=-1.234002e-08
  TSO node=None year=2035 day=Spring | previous=7.162582e+07 | current=6.989537e+07 | delta=-1.730447e+06 | abs_delta=1.730447e+06
    [RECOURSE JUMP][TSO PROX] year=2035 day=Spring | V max=0.000397 | PF max=0.013934 | ESS max=0.002579
    [RECOURSE COMPONENTS] gen=-2.231561e+06 | flex=+5.039336e+05 | load_curt=+0.000000e+00 | res_curt=+0.000000e+00 | ess_usage=+0.000000e+00 | slacks=+4.749917e-07 | ess_comp=-2.819561e+03
    [SLACK COMPONENTS] voltage=+3.110930e-07 | node_P=+0.000000e+00 | node_Q=+0.000000e+00 | branch_ij=+0.000000e+00 | branch_ji=+0.000000e+00 | flex_P=+8.194938e-08 | flex_Q=+8.194938e-08
    [SLACK COMPONENT CHECK] classified_delta=+4.749917e-07 | objective_slack_delta=+4.749917e-07 | mismatch=+1.776357e-14
    [RECOURSE COMPONENT CHECK] classified_delta=-1.730447e+06 | block_delta=-1.730447e+06 | mismatch=+1.001172e-08
  TSO node=None year=2030 day=Spring | previous=7.102496e+07 | current=6.956780e+07 | delta=-1.457161e+06 | abs_delta=1.457161e+06
    [RECOURSE JUMP][TSO PROX] year=2030 day=Spring | V max=0.000227 | PF max=0.017689 | ESS max=0.000076
    [RECOURSE COMPONENTS] gen=-2.071542e+06 | flex=+6.143817e+05 | load_curt=+0.000000e+00 | res_curt=+0.000000e+00 | ess_usage=+0.000000e+00 | slacks=+6.006573e-10 | ess_comp=+2.211269e-03
    [SLACK COMPONENTS] voltage=+3.969092e-10 | node_P=+0.000000e+00 | node_Q=+0.000000e+00 | branch_ij=+0.000000e+00 | branch_ji=+0.000000e+00 | flex_P=+1.018829e-10 | flex_Q=+1.018829e-10
    [SLACK COMPONENT CHECK] classified_delta=+6.006751e-10 | objective_slack_delta=+6.006573e-10 | mismatch=+1.776357e-14
    [RECOURSE COMPONENT CHECK] classified_delta=-1.457161e+06 | block_delta=-1.457161e+06 | mismatch=-4.889444e-09
  TSO node=None year=2025 day=Spring | previous=9.063916e+07 | current=8.936391e+07 | delta=-1.275254e+06 | abs_delta=1.275254e+06
    [RECOURSE JUMP][TSO PROX] year=2025 day=Spring | V max=0.000194 | PF max=0.017031 | ESS max=0.000404
    [RECOURSE COMPONENTS] gen=-1.892943e+06 | flex=+6.176887e+05 | load_curt=+0.000000e+00 | res_curt=+0.000000e+00 | ess_usage=+0.000000e+00 | slacks=-1.007109e-09 | ess_comp=+6.993679e-05
    [SLACK COMPONENTS] voltage=-6.641798e-10 | node_P=+0.000000e+00 | node_Q=+0.000000e+00 | branch_ij=+0.000000e+00 | branch_ji=+0.000000e+00 | flex_P=-1.714695e-10 | flex_Q=-1.714695e-10
    [SLACK COMPONENT CHECK] classified_delta=-1.007119e-09 | objective_slack_delta=-1.007109e-09 | mismatch=-9.769963e-15
    [RECOURSE COMPONENT CHECK] classified_delta=-1.275254e+06 | block_delta=-1.275254e+06 | mismatch=-4.656613e-09
  TSO node=None year=2025 day=Summer | previous=1.008679e+08 | current=9.977502e+07 | delta=-1.092836e+06 | abs_delta=1.092836e+06
    [RECOURSE JUMP][TSO PROX] year=2025 day=Summer | V max=0.000273 | PF max=0.020525 | ESS max=0.000293
    [RECOURSE COMPONENTS] gen=-1.248992e+06 | flex=+1.561560e+05 | load_curt=+0.000000e+00 | res_curt=+0.000000e+00 | ess_usage=+0.000000e+00 | slacks=-3.623768e-12 | ess_comp=-2.072185e-04
    [SLACK COMPONENTS] voltage=-3.623768e-12 | node_P=+0.000000e+00 | node_Q=+0.000000e+00 | branch_ij=+0.000000e+00 | branch_ji=+0.000000e+00 | flex_P=-1.776357e-15 | flex_Q=-1.776357e-15
    [SLACK COMPONENT CHECK] classified_delta=-3.627321e-12 | objective_slack_delta=-3.623768e-12 | mismatch=-3.552714e-15
    [RECOURSE COMPONENT CHECK] classified_delta=-1.092836e+06 | block_delta=-1.092836e+06 | mismatch=-1.420267e-08
  TSO node=None year=2035 day=Summer | previous=8.124002e+07 | current=8.023164e+07 | delta=-1.008386e+06 | abs_delta=1.008386e+06
    [RECOURSE JUMP][TSO PROX] year=2035 day=Summer | V max=0.000229 | PF max=0.014436 | ESS max=0.001990
    [RECOURSE COMPONENTS] gen=-1.438464e+06 | flex=+4.300787e+05 | load_curt=+0.000000e+00 | res_curt=+0.000000e+00 | ess_usage=+0.000000e+00 | slacks=-7.425172e-12 | ess_comp=-2.806672e-02
    [SLACK COMPONENTS] voltage=-7.425172e-12 | node_P=+0.000000e+00 | node_Q=+0.000000e+00 | branch_ij=+0.000000e+00 | branch_ji=+0.000000e+00 | flex_P=+0.000000e+00 | flex_Q=+0.000000e+00
    [SLACK COMPONENT CHECK] classified_delta=-7.425172e-12 | objective_slack_delta=-7.425172e-12 | mismatch=+0.000000e+00
    [RECOURSE COMPONENT CHECK] classified_delta=-1.008386e+06 | block_delta=-1.008386e+06 | mismatch=+1.175795e-08
  DSO node=9 year=2030 day=Spring | previous=4.081714e+06 | current=4.473014e+06 | delta=+3.912999e+05 | abs_delta=3.912999e+05
    [RECOURSE COMPONENTS] gen=+0.000000e+00 | flex=+4.019477e+05 | load_curt=+0.000000e+00 | res_curt=-1.064779e+04 | ess_usage=+0.000000e+00 | slacks=-1.354096e-06 | ess_comp=+5.041944e-05
    [SLACK COMPONENTS] voltage=-1.341864e-06 | node_P=+0.000000e+00 | node_Q=+0.000000e+00 | branch_ij=+0.000000e+00 | branch_ji=+0.000000e+00 | flex_P=-1.223199e-08 | flex_Q=+0.000000e+00
    [SLACK COMPONENT CHECK] classified_delta=-1.354096e-06 | objective_slack_delta=-1.354096e-06 | mismatch=-1.350031e-13
    [RECOURSE COMPONENT CHECK] classified_delta=+3.912999e+05 | block_delta=+3.912999e+05 | mismatch=+5.238689e-10
  DSO node=9 year=2025 day=Spring | previous=3.741694e+06 | current=4.111062e+06 | delta=+3.693676e+05 | abs_delta=3.693676e+05
    [RECOURSE COMPONENTS] gen=+0.000000e+00 | flex=+3.809309e+05 | load_curt=+0.000000e+00 | res_curt=-1.156337e+04 | ess_usage=+0.000000e+00 | slacks=-1.208198e-06 | ess_comp=-6.113300e-05
    [SLACK COMPONENTS] voltage=-1.189735e-06 | node_P=+0.000000e+00 | node_Q=+0.000000e+00 | branch_ij=+0.000000e+00 | branch_ji=+0.000000e+00 | flex_P=-1.846387e-08 | flex_Q=+0.000000e+00
    [SLACK COMPONENT CHECK] classified_delta=-1.208199e-06 | objective_slack_delta=-1.208198e-06 | mismatch=-4.973799e-14
    [RECOURSE COMPONENT CHECK] classified_delta=+3.693676e+05 | block_delta=+3.693676e+05 | mismatch=+9.895302e-10
  DSO node=9 year=2030 day=Summer | previous=4.085543e+06 | current=4.423444e+06 | delta=+3.379009e+05 | abs_delta=3.379009e+05
    [RECOURSE COMPONENTS] gen=+0.000000e+00 | flex=+3.510510e+05 | load_curt=+0.000000e+00 | res_curt=-1.315010e+04 | ess_usage=+0.000000e+00 | slacks=-1.436267e-06 | ess_comp=+1.070283e-04
    [SLACK COMPONENTS] voltage=-1.388285e-06 | node_P=+0.000000e+00 | node_Q=+0.000000e+00 | branch_ij=+0.000000e+00 | branch_ji=+0.000000e+00 | flex_P=-4.781803e-08 | flex_Q=-1.629665e-10
    [SLACK COMPONENT CHECK] classified_delta=-1.436266e-06 | objective_slack_delta=-1.436267e-06 | mismatch=+9.841017e-13
    [RECOURSE COMPONENT CHECK] classified_delta=+3.379009e+05 | block_delta=+3.379009e+05 | mismatch=-5.820766e-11
  TSO node=None year=2035 day=Autumn | previous=3.716881e+07 | current=3.683164e+07 | delta=-3.371679e+05 | abs_delta=3.371679e+05
    [RECOURSE JUMP][TSO PROX] year=2035 day=Autumn | V max=0.000171 | PF max=0.017193 | ESS max=0.005012
    [RECOURSE COMPONENTS] gen=-3.330599e+05 | flex=-2.691743e+03 | load_curt=+0.000000e+00 | res_curt=+0.000000e+00 | ess_usage=+0.000000e+00 | slacks=+7.716444e-09 | ess_comp=-1.416269e+03
    [SLACK COMPONENTS] voltage=+5.061310e-09 | node_P=+0.000000e+00 | node_Q=+0.000000e+00 | branch_ij=+0.000000e+00 | branch_ji=+0.000000e+00 | flex_P=+1.327566e-09 | flex_Q=+1.327566e-09
    [SLACK COMPONENT CHECK] classified_delta=+7.716441e-09 | objective_slack_delta=+7.716444e-09 | mismatch=-3.552714e-15
    [RECOURSE COMPONENT CHECK] classified_delta=-3.371679e+05 | block_delta=-3.371679e+05 | mismatch=-2.619345e-09
[INFO]		 - Recourse stationarity failed. 6309751.225109 > 86542.817716
[ADMM RHO] V | primal max ratio=0.024 | primal mean ratio=0.014 | primal selected=0.024 | dual mean ratio=0.017 | increase threshold=5.0 | decrease threshold=5.0 | action=held
[ADMM RHO] PF | primal max ratio=1.320 | primal mean ratio=0.221 | primal selected=1.320 | dual mean ratio=0.991 | increase threshold=5.0 | decrease threshold=3.0 | action=held
[ADMM RHO] ESS | primal max ratio=0.039 | primal mean ratio=0.014 | primal selected=0.039 | dual mean ratio=0.011 | increase threshold=5.0 | decrease threshold=5.0 | action=held
[INFO]		 - ADMM cycle 21 | Primal (V max/mean | PF max/mean | ESS max/mean) = 0.000242/0.000014 | 0.013199/0.000221 | 0.003928/0.000141 | Dual (V max/mean | PF max/mean | ESS max/mean) = 0.000894/0.000170 | 0.113287/0.009906 | 0.003461/0.000114 | Recourse change = 6309751.225109 (tol. 86542.817716) | Stable cycles = 0/1 | Penalty actions (V/PF/ESS) = held/held/held
[INFO] 	 - Iteration 21: 38.79 s
[INFO] 	 - ADMM Iteration 22
[INFO] 		 - Updating distribution networks:
[INFO] 			 - Running SMOPF, Network case33_1, 2025, Spring...
[INFO] 			 - Running SMOPF, Network case33_1, 2025, Summer...
[INFO] 			 - Running SMOPF, Network case33_1, 2025, Autumn...
[INFO] 			 - Running SMOPF, Network case33_1, 2025, Winter...
[INFO] 			 - Running SMOPF, Network case33_1, 2030, Spring...
[INFO] 			 - Running SMOPF, Network case33_1, 2030, Summer...
[INFO] 			 - Running SMOPF, Network case33_1, 2030, Autumn...
[INFO] 			 - Running SMOPF, Network case33_1, 2030, Winter...
[INFO] 			 - Running SMOPF, Network case33_1, 2035, Spring...
[INFO] 			 - Running SMOPF, Network case33_1, 2035, Summer...
[INFO] 			 - Running SMOPF, Network case33_1, 2035, Autumn...
[INFO] 			 - Running SMOPF, Network case33_1, 2035, Winter...
[INFO] 			 - Running SMOPF, Network case33_2, 2025, Spring...
[INFO] 			 - Running SMOPF, Network case33_2, 2025, Summer...
[INFO] 			 - Running SMOPF, Network case33_2, 2025, Autumn...
[INFO] 			 - Running SMOPF, Network case33_2, 2025, Winter...
[INFO] 			 - Running SMOPF, Network case33_2, 2030, Spring...
[INFO] 			 - Running SMOPF, Network case33_2, 2030, Summer...
[INFO] 			 - Running SMOPF, Network case33_2, 2030, Autumn...
[INFO] 			 - Running SMOPF, Network case33_2, 2030, Winter...
[INFO] 			 - Running SMOPF, Network case33_2, 2035, Spring...
[INFO] 			 - Running SMOPF, Network case33_2, 2035, Summer...
[INFO] 			 - Running SMOPF, Network case33_2, 2035, Autumn...
[INFO] 			 - Running SMOPF, Network case33_2, 2035, Winter...
[INFO] 			 - Running SMOPF, Network case33_3, 2025, Spring...
[INFO] 			 - Running SMOPF, Network case33_3, 2025, Summer...
[INFO] 			 - Running SMOPF, Network case33_3, 2025, Autumn...
[INFO] 			 - Running SMOPF, Network case33_3, 2025, Winter...
[INFO] 			 - Running SMOPF, Network case33_3, 2030, Spring...
[INFO] 			 - Running SMOPF, Network case33_3, 2030, Summer...
[INFO] 			 - Running SMOPF, Network case33_3, 2030, Autumn...
[INFO] 			 - Running SMOPF, Network case33_3, 2030, Winter...
[INFO] 			 - Running SMOPF, Network case33_3, 2035, Spring...
[INFO] 			 - Running SMOPF, Network case33_3, 2035, Summer...
[INFO] 			 - Running SMOPF, Network case33_3, 2035, Autumn...
[INFO] 			 - Running SMOPF, Network case33_3, 2035, Winter...
[INFO] 		 - Updating transmission network...
[INFO] 			 - Running SMOPF, Network case9, 2025, Spring...
[INFO] 			 - Running SMOPF, Network case9, 2025, Summer...
[INFO] 			 - Running SMOPF, Network case9, 2025, Autumn...
[INFO] 			 - Running SMOPF, Network case9, 2025, Winter...
[INFO] 			 - Running SMOPF, Network case9, 2030, Spring...
[INFO] 			 - Running SMOPF, Network case9, 2030, Summer...
[INFO] 			 - Running SMOPF, Network case9, 2030, Autumn...
[INFO] 			 - Running SMOPF, Network case9, 2030, Winter...
[INFO] 			 - Running SMOPF, Network case9, 2035, Spring...
[INFO] 			 - Running SMOPF, Network case9, 2035, Summer...
[INFO] 			 - Running SMOPF, Network case9, 2035, Autumn...
[INFO] 			 - Running SMOPF, Network case9, 2035, Winter...
[TSO PROX] cycle=22 | updated_blocks=12 | held_failed_blocks=0 | V max=0.000362 | PF max=0.020515 | ESS max=0.001852
[TSO PROX][V MAX] node=9, year=2035, day=Spring, period=15 | dV=0.124744 kV | normalized=0.000362
[TSO PROX][PF MAX] node=9, year=2025, day=Summer, period=8, type=P | delta=3.077219 MW | normalized=0.020515
[TSO PROX][ESS MAX] node=5, year=2035, day=Summer, period=20, type=P | delta=0.003588 MW | normalized=0.001852
[INFO] 		 - Updating SharedESS...
[INFO] 		 - Running Shared ESS optimization (subproblem)...
[INFO] 			 - Node 5...
[INFO] Shared ESS complementarity diagnostics for ESS node=5: ratio_max=9.317237e-06 n_periods=288 mu_final=9.820056e-12 s_obj=1.000000e-01 eps=1.000000e-05 bound=2.828176e-03 measured=2.653978e-03
[INFO] 			 - Node 7...
[INFO] Shared ESS complementarity diagnostics for ESS node=7: ratio_max=9.279513e-06 n_periods=288 mu_final=1.007687e-11 s_obj=1.000000e-01 eps=1.000000e-05 bound=2.902137e-03 measured=2.656185e-03
[INFO] 			 - Node 9...
[INFO] Shared ESS complementarity diagnostics for ESS node=9: ratio_max=9.007079e-06 n_periods=288 mu_final=9.676414e-12 s_obj=1.000000e-01 eps=1.000000e-05 bound=2.786807e-03 measured=2.649885e-03
[INFO]		 - Primal residuals ok!
[INFO]		 - Dual residuals ok!
[RECOURSE JUMP] cycle=22 | abs_change=5.147283e+06 | tol=8.591184e+04 | signed_change=-5.147283e+06
[RECOURSE JUMP] Reconciliation | previous=8.591184e+08 | current=8.539711e+08 | block_delta=-5.147283e+06 | mismatch=+0.000000e+00
[RECOURSE JUMP] Aggregate signed changes:
  TSO | delta=-7.772591e+06
  DSO node=9 | delta=+1.517722e+06
  DSO node=7 | delta=+9.056829e+05
  DSO node=5 | delta=+2.019033e+05
  SALVAGE | delta=-1.894090e-35
[RECOURSE JUMP] Largest 10 block changes:
  TSO node=None year=2030 day=Summer | previous=7.318501e+07 | current=7.168837e+07 | delta=-1.496641e+06 | abs_delta=1.496641e+06
    [RECOURSE JUMP][TSO PROX] year=2030 day=Summer | V max=0.000240 | PF max=0.019080 | ESS max=0.000268
    [RECOURSE COMPONENTS] gen=-1.830683e+06 | flex=+3.340422e+05 | load_curt=+0.000000e+00 | res_curt=+0.000000e+00 | ess_usage=+0.000000e+00 | slacks=-4.006779e-09 | ess_comp=+3.603694e-03
    [SLACK COMPONENTS] voltage=-2.619629e-09 | node_P=+0.000000e+00 | node_Q=+0.000000e+00 | branch_ij=+0.000000e+00 | branch_ji=+0.000000e+00 | flex_P=-6.935674e-10 | flex_Q=-6.935674e-10
    [SLACK COMPONENT CHECK] classified_delta=-4.006764e-09 | objective_slack_delta=-4.006779e-09 | mismatch=+1.509903e-14
    [RECOURSE COMPONENT CHECK] classified_delta=-1.496641e+06 | block_delta=-1.496641e+06 | mismatch=-6.286427e-09
  TSO node=None year=2030 day=Spring | previous=6.956780e+07 | current=6.816743e+07 | delta=-1.400375e+06 | abs_delta=1.400375e+06
    [RECOURSE JUMP][TSO PROX] year=2030 day=Spring | V max=0.000174 | PF max=0.017652 | ESS max=0.000070
    [RECOURSE COMPONENTS] gen=-2.049250e+06 | flex=+6.488742e+05 | load_curt=+0.000000e+00 | res_curt=+0.000000e+00 | ess_usage=+0.000000e+00 | slacks=+5.218936e-11 | ess_comp=+3.836480e-03
    [SLACK COMPONENTS] voltage=+3.630163e-11 | node_P=+0.000000e+00 | node_Q=+0.000000e+00 | branch_ij=+0.000000e+00 | branch_ji=+0.000000e+00 | flex_P=+7.944312e-12 | flex_Q=+7.944312e-12
    [SLACK COMPONENT CHECK] classified_delta=+5.219025e-11 | objective_slack_delta=+5.218936e-11 | mismatch=+8.881784e-16
    [RECOURSE COMPONENT CHECK] classified_delta=-1.400375e+06 | block_delta=-1.400375e+06 | mismatch=-4.656613e-09
  TSO node=None year=2035 day=Spring | previous=6.989537e+07 | current=6.851013e+07 | delta=-1.385242e+06 | abs_delta=1.385242e+06
    [RECOURSE JUMP][TSO PROX] year=2035 day=Spring | V max=0.000362 | PF max=0.012556 | ESS max=0.000992
    [RECOURSE COMPONENTS] gen=-1.866763e+06 | flex=+4.841391e+05 | load_curt=+0.000000e+00 | res_curt=+0.000000e+00 | ess_usage=+0.000000e+00 | slacks=-1.828656e-08 | ess_comp=-2.618286e+03
    [SLACK COMPONENTS] voltage=-1.189720e-08 | node_P=+0.000000e+00 | node_Q=+0.000000e+00 | branch_ij=+0.000000e+00 | branch_ji=+0.000000e+00 | flex_P=-3.194674e-09 | flex_Q=-3.194674e-09
    [SLACK COMPONENT CHECK] classified_delta=-1.828655e-08 | objective_slack_delta=-1.828656e-08 | mismatch=+8.881784e-15
    [RECOURSE COMPONENT CHECK] classified_delta=-1.385242e+06 | block_delta=-1.385242e+06 | mismatch=-1.373701e-08
  TSO node=None year=2025 day=Spring | previous=8.936391e+07 | current=8.810057e+07 | delta=-1.263337e+06 | abs_delta=1.263337e+06
    [RECOURSE JUMP][TSO PROX] year=2025 day=Spring | V max=0.000163 | PF max=0.016995 | ESS max=0.000404
    [RECOURSE COMPONENTS] gen=-1.882494e+06 | flex=+6.191575e+05 | load_curt=+0.000000e+00 | res_curt=+0.000000e+00 | ess_usage=+0.000000e+00 | slacks=-1.065565e-09 | ess_comp=+8.250437e-05
    [SLACK COMPONENTS] voltage=-7.029186e-10 | node_P=+0.000000e+00 | node_Q=+0.000000e+00 | branch_ij=+0.000000e+00 | branch_ji=+0.000000e+00 | flex_P=-1.813145e-10 | flex_Q=-1.813145e-10
    [SLACK COMPONENT CHECK] classified_delta=-1.065548e-09 | objective_slack_delta=-1.065565e-09 | mismatch=+1.776357e-14
    [RECOURSE COMPONENT CHECK] classified_delta=-1.263337e+06 | block_delta=-1.263337e+06 | mismatch=-6.984919e-10
  TSO node=None year=2025 day=Summer | previous=9.977502e+07 | current=9.872813e+07 | delta=-1.046881e+06 | abs_delta=1.046881e+06
    [RECOURSE JUMP][TSO PROX] year=2025 day=Summer | V max=0.000235 | PF max=0.020515 | ESS max=0.000277
    [RECOURSE COMPONENTS] gen=-1.220566e+06 | flex=+1.736846e+05 | load_curt=+0.000000e+00 | res_curt=+0.000000e+00 | ess_usage=+0.000000e+00 | slacks=-3.616663e-12 | ess_comp=-2.516630e-04
    [SLACK COMPONENTS] voltage=-3.616663e-12 | node_P=+0.000000e+00 | node_Q=+0.000000e+00 | branch_ij=+0.000000e+00 | branch_ji=+0.000000e+00 | flex_P=-8.881784e-16 | flex_Q=-8.881784e-16
    [SLACK COMPONENT CHECK] classified_delta=-3.618439e-12 | objective_slack_delta=-3.616663e-12 | mismatch=-1.776357e-15
    [RECOURSE COMPONENT CHECK] classified_delta=-1.046881e+06 | block_delta=-1.046881e+06 | mismatch=+1.851004e-08
  TSO node=None year=2035 day=Summer | previous=8.023164e+07 | current=7.928060e+07 | delta=-9.510396e+05 | abs_delta=9.510396e+05
    [RECOURSE JUMP][TSO PROX] year=2035 day=Summer | V max=0.000217 | PF max=0.014428 | ESS max=0.001852
    [RECOURSE COMPONENTS] gen=-1.517874e+06 | flex=+5.668348e+05 | load_curt=+0.000000e+00 | res_curt=+0.000000e+00 | ess_usage=+0.000000e+00 | slacks=-5.236700e-12 | ess_comp=-1.892166e-02
    [SLACK COMPONENTS] voltage=-5.236700e-12 | node_P=+0.000000e+00 | node_Q=+0.000000e+00 | branch_ij=+0.000000e+00 | branch_ji=+0.000000e+00 | flex_P=+0.000000e+00 | flex_Q=+0.000000e+00
    [SLACK COMPONENT CHECK] classified_delta=-5.236700e-12 | objective_slack_delta=-5.236700e-12 | mismatch=+0.000000e+00
    [RECOURSE COMPONENT CHECK] classified_delta=-9.510396e+05 | block_delta=-9.510396e+05 | mismatch=+9.778887e-09
  DSO node=9 year=2030 day=Spring | previous=4.473014e+06 | current=4.863517e+06 | delta=+3.905025e+05 | abs_delta=3.905025e+05
    [RECOURSE COMPONENTS] gen=+0.000000e+00 | flex=+4.010444e+05 | load_curt=+0.000000e+00 | res_curt=-1.054190e+04 | ess_usage=+0.000000e+00 | slacks=-1.279126e-06 | ess_comp=+1.343202e-05
    [SLACK COMPONENTS] voltage=-1.263588e-06 | node_P=+0.000000e+00 | node_Q=+0.000000e+00 | branch_ij=+0.000000e+00 | branch_ji=+0.000000e+00 | flex_P=-1.553779e-08 | flex_Q=+0.000000e+00
    [SLACK COMPONENT CHECK] classified_delta=-1.279126e-06 | objective_slack_delta=-1.279126e-06 | mismatch=+1.421085e-14
    [RECOURSE COMPONENT CHECK] classified_delta=+3.905025e+05 | block_delta=+3.905025e+05 | mismatch=+9.313226e-10
  DSO node=9 year=2030 day=Summer | previous=4.423444e+06 | current=4.780056e+06 | delta=+3.566119e+05 | abs_delta=3.566119e+05
    [RECOURSE COMPONENTS] gen=+0.000000e+00 | flex=+3.683122e+05 | load_curt=+0.000000e+00 | res_curt=-1.170030e+04 | ess_usage=+0.000000e+00 | slacks=-8.980680e-08 | ess_comp=+5.968500e-05
    [SLACK COMPONENTS] voltage=-4.568824e-08 | node_P=+0.000000e+00 | node_Q=+0.000000e+00 | branch_ij=+0.000000e+00 | branch_ji=+0.000000e+00 | flex_P=-4.412733e-08 | flex_Q=+7.954526e-12
    [SLACK COMPONENT CHECK] classified_delta=-8.980762e-08 | objective_slack_delta=-8.980680e-08 | mismatch=-8.135714e-13
    [RECOURSE COMPONENT CHECK] classified_delta=+3.566119e+05 | block_delta=+3.566119e+05 | mismatch=-5.820766e-11
  DSO node=9 year=2025 day=Spring | previous=4.111062e+06 | current=4.449751e+06 | delta=+3.386889e+05 | abs_delta=3.386889e+05
    [RECOURSE COMPONENTS] gen=+0.000000e+00 | flex=+3.491341e+05 | load_curt=+0.000000e+00 | res_curt=-1.044515e+04 | ess_usage=+0.000000e+00 | slacks=-1.183329e-06 | ess_comp=-1.282768e-03
    [SLACK COMPONENTS] voltage=-1.166056e-06 | node_P=+0.000000e+00 | node_Q=+0.000000e+00 | branch_ij=+0.000000e+00 | branch_ji=+0.000000e+00 | flex_P=-1.727323e-08 | flex_Q=+0.000000e+00
    [SLACK COMPONENT CHECK] classified_delta=-1.183329e-06 | objective_slack_delta=-1.183329e-06 | mismatch=-2.202682e-13
    [RECOURSE COMPONENT CHECK] classified_delta=+3.386889e+05 | block_delta=+3.386889e+05 | mismatch=-2.328306e-10
  DSO node=9 year=2035 day=Summer | previous=4.386885e+06 | current=4.650525e+06 | delta=+2.636402e+05 | abs_delta=2.636402e+05
    [RECOURSE COMPONENTS] gen=+0.000000e+00 | flex=+2.686102e+05 | load_curt=+0.000000e+00 | res_curt=-4.969950e+03 | ess_usage=+0.000000e+00 | slacks=+8.287826e-07 | ess_comp=-2.633720e-03
    [SLACK COMPONENTS] voltage=+8.939672e-07 | node_P=+0.000000e+00 | node_Q=+0.000000e+00 | branch_ij=+0.000000e+00 | branch_ji=+0.000000e+00 | flex_P=-3.641007e-08 | flex_Q=-2.877432e-08
    [SLACK COMPONENT CHECK] classified_delta=+8.287829e-07 | objective_slack_delta=+8.287826e-07 | mismatch=+2.913225e-13
    [RECOURSE COMPONENT CHECK] classified_delta=+2.636402e+05 | block_delta=+2.636402e+05 | mismatch=+6.984919e-10
[INFO]		 - Recourse stationarity failed. 5147283.183106 > 85911.842594
[ADMM RHO] V | primal max ratio=0.015 | primal mean ratio=0.012 | primal selected=0.015 | dual mean ratio=0.015 | increase threshold=5.0 | decrease threshold=5.0 | action=held
[ADMM RHO] PF | primal max ratio=0.890 | primal mean ratio=0.211 | primal selected=0.890 | dual mean ratio=0.867 | increase threshold=5.0 | decrease threshold=3.0 | action=held
[ADMM RHO] ESS | primal max ratio=0.044 | primal mean ratio=0.014 | primal selected=0.044 | dual mean ratio=0.012 | increase threshold=5.0 | decrease threshold=5.0 | action=held
[INFO]		 - ADMM cycle 22 | Primal (V max/mean | PF max/mean | ESS max/mean) = 0.000153/0.000012 | 0.008904/0.000211 | 0.004445/0.000142 | Dual (V max/mean | PF max/mean | ESS max/mean) = 0.000814/0.000152 | 0.106727/0.008667 | 0.003465/0.000123 | Recourse change = 5147283.183106 (tol. 85911.842594) | Stable cycles = 0/1 | Penalty actions (V/PF/ESS) = held/held/held
[INFO] 	 - Iteration 22: 30.89 s
[INFO] 	 - ADMM Iteration 23
[INFO] 		 - Updating distribution networks:
[INFO] 			 - Running SMOPF, Network case33_1, 2025, Spring...
[INFO] 			 - Running SMOPF, Network case33_1, 2025, Summer...
[INFO] 			 - Running SMOPF, Network case33_1, 2025, Autumn...
[INFO] 			 - Running SMOPF, Network case33_1, 2025, Winter...
[INFO] 			 - Running SMOPF, Network case33_1, 2030, Spring...
[INFO] 			 - Running SMOPF, Network case33_1, 2030, Summer...
[INFO] 			 - Running SMOPF, Network case33_1, 2030, Autumn...
[INFO] 			 - Running SMOPF, Network case33_1, 2030, Winter...
[INFO] 			 - Running SMOPF, Network case33_1, 2035, Spring...
[INFO] 			 - Running SMOPF, Network case33_1, 2035, Summer...
[INFO] 			 - Running SMOPF, Network case33_1, 2035, Autumn...
[INFO] 			 - Running SMOPF, Network case33_1, 2035, Winter...
[INFO] 			 - Running SMOPF, Network case33_2, 2025, Spring...
[INFO] 			 - Running SMOPF, Network case33_2, 2025, Summer...
[INFO] 			 - Running SMOPF, Network case33_2, 2025, Autumn...
[INFO] 			 - Running SMOPF, Network case33_2, 2025, Winter...
[INFO] 			 - Running SMOPF, Network case33_2, 2030, Spring...
[INFO] 			 - Running SMOPF, Network case33_2, 2030, Summer...
[INFO] 			 - Running SMOPF, Network case33_2, 2030, Autumn...
[INFO] 			 - Running SMOPF, Network case33_2, 2030, Winter...
[INFO] 			 - Running SMOPF, Network case33_2, 2035, Spring...
[INFO] 			 - Running SMOPF, Network case33_2, 2035, Summer...
[INFO] 			 - Running SMOPF, Network case33_2, 2035, Autumn...
[INFO] 			 - Running SMOPF, Network case33_2, 2035, Winter...
[INFO] 			 - Running SMOPF, Network case33_3, 2025, Spring...
[INFO] 			 - Running SMOPF, Network case33_3, 2025, Summer...
[WARNING] Network primary solve did not converge for case33_3, year=2025, day=Summer: status=warning, termination=maxIterations, message=Ipopt 3.14.18\x3a Maximum Number of Iterations Exceeded. | warm_start=True
[WARNING] ADMM penalties for case33_3, year=2025, day=Summer: rho_v=2.25, rho_pf=5.20246, rho_ess=1
[WARNING] IPOPT primary solve log for case33_3, year=2025, day=Summer: /Users/micaelsimoes/Projects/share-resource-planning-no_esso-degradation/data/SRP1/Results/P56A/evals/p515g1b_baseline/logs/optim_log_case33_3_2025_Summer.log
[INFO] Retrying network solve once for case33_3, year=2025, day=Summer, cold start, with warm_start_init_point=no.
[INFO] Network recovery solve succeeded for case33_3, year=2025, day=Summer.
[INFO] 			 - Running SMOPF, Network case33_3, 2025, Autumn...
[INFO] 			 - Running SMOPF, Network case33_3, 2025, Winter...
[INFO] 			 - Running SMOPF, Network case33_3, 2030, Spring...
[INFO] 			 - Running SMOPF, Network case33_3, 2030, Summer...
[INFO] 			 - Running SMOPF, Network case33_3, 2030, Autumn...
[INFO] 			 - Running SMOPF, Network case33_3, 2030, Winter...
[INFO] 			 - Running SMOPF, Network case33_3, 2035, Spring...
[INFO] 			 - Running SMOPF, Network case33_3, 2035, Summer...
[INFO] 			 - Running SMOPF, Network case33_3, 2035, Autumn...
[INFO] 			 - Running SMOPF, Network case33_3, 2035, Winter...
[INFO] 		 - Updating transmission network...
[INFO] 			 - Running SMOPF, Network case9, 2025, Spring...
[INFO] 			 - Running SMOPF, Network case9, 2025, Summer...
[INFO] 			 - Running SMOPF, Network case9, 2025, Autumn...
[INFO] 			 - Running SMOPF, Network case9, 2025, Winter...
[INFO] 			 - Running SMOPF, Network case9, 2030, Spring...
[INFO] 			 - Running SMOPF, Network case9, 2030, Summer...
[INFO] 			 - Running SMOPF, Network case9, 2030, Autumn...
[INFO] 			 - Running SMOPF, Network case9, 2030, Winter...
[INFO] 			 - Running SMOPF, Network case9, 2035, Spring...
[INFO] 			 - Running SMOPF, Network case9, 2035, Summer...
[INFO] 			 - Running SMOPF, Network case9, 2035, Autumn...
[INFO] 			 - Running SMOPF, Network case9, 2035, Winter...
[TSO PROX] cycle=23 | updated_blocks=12 | held_failed_blocks=0 | V max=0.000333 | PF max=0.020501 | ESS max=0.002109
[TSO PROX][V MAX] node=9, year=2035, day=Spring, period=15 | dV=0.114796 kV | normalized=0.000333
[TSO PROX][PF MAX] node=9, year=2025, day=Summer, period=8, type=P | delta=3.075114 MW | normalized=0.020501
[TSO PROX][ESS MAX] node=9, year=2035, day=Summer, period=20, type=P | delta=0.004086 MW | normalized=0.002109
[INFO] 		 - Updating SharedESS...
[INFO] 		 - Running Shared ESS optimization (subproblem)...
[INFO] 			 - Node 5...
[INFO] Shared ESS complementarity diagnostics for ESS node=5: ratio_max=9.203477e-06 n_periods=288 mu_final=1.596287e-11 s_obj=1.000000e-01 eps=1.000000e-05 bound=4.597308e-03 measured=2.626296e-03
[INFO] 			 - Node 7...
[INFO] Shared ESS complementarity diagnostics for ESS node=7: ratio_max=9.198454e-06 n_periods=288 mu_final=1.585061e-11 s_obj=1.000000e-01 eps=1.000000e-05 bound=4.564974e-03 measured=2.630164e-03
[INFO] 			 - Node 9...
[INFO] Shared ESS complementarity diagnostics for ESS node=9: ratio_max=8.620421e-06 n_periods=288 mu_final=1.623109e-11 s_obj=1.000000e-01 eps=1.000000e-05 bound=4.674555e-03 measured=2.628671e-03
[INFO]		 - Primal residuals ok!
[INFO]		 - Dual residuals ok!
[RECOURSE JUMP] cycle=23 | abs_change=4.404339e+06 | tol=8.539711e+04 | signed_change=-4.404339e+06
[RECOURSE JUMP] Reconciliation | previous=8.539711e+08 | current=8.495668e+08 | block_delta=-4.404339e+06 | mismatch=-1.192093e-07
[RECOURSE JUMP] Aggregate signed changes:
  TSO | delta=-6.733364e+06
  DSO node=9 | delta=+1.400712e+06
  DSO node=7 | delta=+6.836890e+05
  DSO node=5 | delta=+2.446239e+05
  SALVAGE | delta=+1.595544e-35
[RECOURSE JUMP] Largest 10 block changes:
  TSO node=None year=2030 day=Spring | previous=6.816743e+07 | current=6.677298e+07 | delta=-1.394442e+06 | abs_delta=1.394442e+06
    [RECOURSE JUMP][TSO PROX] year=2030 day=Spring | V max=0.000157 | PF max=0.017605 | ESS max=0.000038
    [RECOURSE COMPONENTS] gen=-2.047890e+06 | flex=+6.534478e+05 | load_curt=+0.000000e+00 | res_curt=+0.000000e+00 | ess_usage=+0.000000e+00 | slacks=+3.871037e-11 | ess_comp=+5.488361e-03
    [SLACK COMPONENTS] voltage=+2.729905e-11 | node_P=+0.000000e+00 | node_Q=+0.000000e+00 | branch_ij=+0.000000e+00 | branch_ji=+0.000000e+00 | flex_P=+5.698553e-12 | flex_Q=+5.698553e-12
    [SLACK COMPONENT CHECK] classified_delta=+3.869616e-11 | objective_slack_delta=+3.871037e-11 | mismatch=-1.421085e-14
    [RECOURSE COMPONENT CHECK] classified_delta=-1.394442e+06 | block_delta=-1.394442e+06 | mismatch=+1.746230e-08
  TSO node=None year=2025 day=Spring | previous=8.810057e+07 | current=8.686131e+07 | delta=-1.239261e+06 | abs_delta=1.239261e+06
    [RECOURSE JUMP][TSO PROX] year=2025 day=Spring | V max=0.000144 | PF max=0.016928 | ESS max=0.000405
    [RECOURSE COMPONENTS] gen=-1.844356e+06 | flex=+6.050954e+05 | load_curt=+0.000000e+00 | res_curt=+0.000000e+00 | ess_usage=+0.000000e+00 | slacks=-1.104297e-09 | ess_comp=+7.693200e-05
    [SLACK COMPONENTS] voltage=-7.285053e-10 | node_P=+0.000000e+00 | node_Q=+0.000000e+00 | branch_ij=+0.000000e+00 | branch_ji=+0.000000e+00 | flex_P=-1.878866e-10 | flex_Q=-1.878866e-10
    [SLACK COMPONENT CHECK] classified_delta=-1.104278e-09 | objective_slack_delta=-1.104297e-09 | mismatch=+1.865175e-14
    [RECOURSE COMPONENT CHECK] classified_delta=-1.239261e+06 | block_delta=-1.239261e+06 | mismatch=-1.327135e-08
  TSO node=None year=2025 day=Summer | previous=9.872813e+07 | current=9.769379e+07 | delta=-1.034340e+06 | abs_delta=1.034340e+06
    [RECOURSE JUMP][TSO PROX] year=2025 day=Summer | V max=0.000212 | PF max=0.020501 | ESS max=0.000279
    [RECOURSE COMPONENTS] gen=-1.208881e+06 | flex=+1.745414e+05 | load_curt=+0.000000e+00 | res_curt=+0.000000e+00 | ess_usage=+0.000000e+00 | slacks=-3.026912e-12 | ess_comp=-6.048811e-04
    [SLACK COMPONENTS] voltage=-3.026912e-12 | node_P=+0.000000e+00 | node_Q=+0.000000e+00 | branch_ij=+0.000000e+00 | branch_ji=+0.000000e+00 | flex_P=+0.000000e+00 | flex_Q=+0.000000e+00
    [SLACK COMPONENT CHECK] classified_delta=-3.026912e-12 | objective_slack_delta=-3.026912e-12 | mismatch=+0.000000e+00
    [RECOURSE COMPONENT CHECK] classified_delta=-1.034340e+06 | block_delta=-1.034340e+06 | mismatch=-6.635673e-09
  TSO node=None year=2030 day=Summer | previous=7.168837e+07 | current=7.069032e+07 | delta=-9.980490e+05 | abs_delta=9.980490e+05
    [RECOURSE JUMP][TSO PROX] year=2030 day=Summer | V max=0.000205 | PF max=0.012885 | ESS max=0.000188
    [RECOURSE COMPONENTS] gen=-1.179597e+06 | flex=+1.815478e+05 | load_curt=+0.000000e+00 | res_curt=+0.000000e+00 | ess_usage=+0.000000e+00 | slacks=-5.059434e-09 | ess_comp=+5.015018e-03
    [SLACK COMPONENTS] voltage=-3.309346e-09 | node_P=+0.000000e+00 | node_Q=+0.000000e+00 | branch_ij=+0.000000e+00 | branch_ji=+0.000000e+00 | flex_P=-8.750543e-10 | flex_Q=-8.750543e-10
    [SLACK COMPONENT CHECK] classified_delta=-5.059454e-09 | objective_slack_delta=-5.059434e-09 | mismatch=-2.042810e-14
    [RECOURSE COMPONENT CHECK] classified_delta=-9.980490e+05 | block_delta=-9.980490e+05 | mismatch=+6.286427e-09
  TSO node=None year=2035 day=Summer | previous=7.928060e+07 | current=7.832948e+07 | delta=-9.511216e+05 | abs_delta=9.511216e+05
    [RECOURSE JUMP][TSO PROX] year=2035 day=Summer | V max=0.000213 | PF max=0.014416 | ESS max=0.002109
    [RECOURSE COMPONENTS] gen=-1.539967e+06 | flex=+5.888456e+05 | load_curt=+0.000000e+00 | res_curt=+0.000000e+00 | ess_usage=+0.000000e+00 | slacks=-4.725109e-12 | ess_comp=-1.313552e-02
    [SLACK COMPONENTS] voltage=-4.725109e-12 | node_P=+0.000000e+00 | node_Q=+0.000000e+00 | branch_ij=+0.000000e+00 | branch_ji=+0.000000e+00 | flex_P=+0.000000e+00 | flex_Q=+0.000000e+00
    [SLACK COMPONENT CHECK] classified_delta=-4.725109e-12 | objective_slack_delta=-4.725109e-12 | mismatch=+0.000000e+00
    [RECOURSE COMPONENT CHECK] classified_delta=-9.511216e+05 | block_delta=-9.511216e+05 | mismatch=-1.164153e-08
  TSO node=None year=2035 day=Spring | previous=6.851013e+07 | current=6.759882e+07 | delta=-9.113051e+05 | abs_delta=9.113051e+05
    [RECOURSE JUMP][TSO PROX] year=2035 day=Spring | V max=0.000333 | PF max=0.012692 | ESS max=0.000378
    [RECOURSE COMPONENTS] gen=-1.268038e+06 | flex=+3.592807e+05 | load_curt=+0.000000e+00 | res_curt=+0.000000e+00 | ess_usage=+0.000000e+00 | slacks=-2.125493e-08 | ess_comp=-2.548264e+03
    [SLACK COMPONENTS] voltage=-1.385117e-08 | node_P=+0.000000e+00 | node_Q=+0.000000e+00 | branch_ij=+0.000000e+00 | branch_ji=+0.000000e+00 | flex_P=-3.701882e-09 | flex_Q=-3.701882e-09
    [SLACK COMPONENT CHECK] classified_delta=-2.125493e-08 | objective_slack_delta=-2.125493e-08 | mismatch=-8.881784e-16
    [RECOURSE COMPONENT CHECK] classified_delta=-9.113051e+05 | block_delta=-9.113051e+05 | mismatch=-5.355105e-09
  DSO node=9 year=2030 day=Spring | previous=4.863517e+06 | current=5.253447e+06 | delta=+3.899303e+05 | abs_delta=3.899303e+05
    [RECOURSE COMPONENTS] gen=+0.000000e+00 | flex=+4.003178e+05 | load_curt=+0.000000e+00 | res_curt=-1.038750e+04 | ess_usage=+0.000000e+00 | slacks=-1.180469e-06 | ess_comp=+4.783258e-05
    [SLACK COMPONENTS] voltage=-1.161500e-06 | node_P=+0.000000e+00 | node_Q=+0.000000e+00 | branch_ij=+0.000000e+00 | branch_ji=+0.000000e+00 | flex_P=-1.998130e-08 | flex_Q=+1.011323e-09
    [SLACK COMPONENT CHECK] classified_delta=-1.180470e-06 | objective_slack_delta=-1.180469e-06 | mismatch=-1.104894e-12
    [RECOURSE COMPONENT CHECK] classified_delta=+3.899303e+05 | block_delta=+3.899303e+05 | mismatch=-8.149073e-10
  DSO node=9 year=2025 day=Spring | previous=4.449751e+06 | current=4.803929e+06 | delta=+3.541779e+05 | abs_delta=3.541779e+05
    [RECOURSE COMPONENTS] gen=+0.000000e+00 | flex=+3.649251e+05 | load_curt=+0.000000e+00 | res_curt=-1.074724e+04 | ess_usage=+0.000000e+00 | slacks=-1.171949e-06 | ess_comp=+1.148581e-03
    [SLACK COMPONENTS] voltage=-1.146066e-06 | node_P=+0.000000e+00 | node_Q=+0.000000e+00 | branch_ij=+0.000000e+00 | branch_ji=+0.000000e+00 | flex_P=-2.589646e-08 | flex_Q=+1.283595e-11
    [SLACK COMPONENT CHECK] classified_delta=-1.171949e-06 | objective_slack_delta=-1.171949e-06 | mismatch=-8.526513e-14
    [RECOURSE COMPONENT CHECK] classified_delta=+3.541779e+05 | block_delta=+3.541779e+05 | mismatch=+1.746230e-10
  DSO node=9 year=2035 day=Summer | previous=4.650525e+06 | current=4.927664e+06 | delta=+2.771382e+05 | abs_delta=2.771382e+05
    [RECOURSE COMPONENTS] gen=+0.000000e+00 | flex=+2.823536e+05 | load_curt=+0.000000e+00 | res_curt=-5.215417e+03 | ess_usage=+0.000000e+00 | slacks=-3.386644e-06 | ess_comp=-1.666219e-03
    [SLACK COMPONENTS] voltage=-3.372907e-06 | node_P=+0.000000e+00 | node_Q=+0.000000e+00 | branch_ij=+0.000000e+00 | branch_ji=+0.000000e+00 | flex_P=-1.334113e-08 | flex_Q=-3.960423e-10
    [SLACK COMPONENT CHECK] classified_delta=-3.386644e-06 | objective_slack_delta=-3.386644e-06 | mismatch=+5.151435e-13
    [RECOURSE COMPONENT CHECK] classified_delta=+2.771382e+05 | block_delta=+2.771382e+05 | mismatch=-1.222361e-09
  TSO node=None year=2035 day=Autumn | previous=3.659951e+07 | current=3.640294e+07 | delta=-1.965749e+05 | abs_delta=1.965749e+05
    [RECOURSE JUMP][TSO PROX] year=2035 day=Autumn | V max=0.000152 | PF max=0.013131 | ESS max=0.001204
    [RECOURSE COMPONENTS] gen=-2.043533e+05 | flex=+9.016306e+03 | load_curt=+0.000000e+00 | res_curt=+0.000000e+00 | ess_usage=+0.000000e+00 | slacks=+1.627759e-08 | ess_comp=-1.237897e+03
    [SLACK COMPONENTS] voltage=+1.068946e-08 | node_P=+0.000000e+00 | node_Q=+0.000000e+00 | branch_ij=+0.000000e+00 | branch_ji=+0.000000e+00 | flex_P=+2.794054e-09 | flex_Q=+2.794054e-09
    [SLACK COMPONENT CHECK] classified_delta=+1.627757e-08 | objective_slack_delta=+1.627759e-08 | mismatch=-1.953993e-14
    [RECOURSE COMPONENT CHECK] classified_delta=-1.965749e+05 | block_delta=-1.965749e+05 | mismatch=-3.288733e-09
[INFO]		 - Recourse stationarity failed. 4404339.267530 > 85397.114275
[ADMM RHO] V | primal max ratio=0.007 | primal mean ratio=0.010 | primal selected=0.010 | dual mean ratio=0.014 | increase threshold=5.0 | decrease threshold=5.0 | action=held
[ADMM RHO] PF | primal max ratio=0.746 | primal mean ratio=0.156 | primal selected=0.746 | dual mean ratio=0.749 | increase threshold=5.0 | decrease threshold=3.0 | action=held
[ADMM RHO] ESS | primal max ratio=0.034 | primal mean ratio=0.012 | primal selected=0.034 | dual mean ratio=0.013 | increase threshold=5.0 | decrease threshold=5.0 | action=held
[INFO]		 - ADMM cycle 23 | Primal (V max/mean | PF max/mean | ESS max/mean) = 0.000069/0.000010 | 0.007465/0.000156 | 0.003413/0.000122 | Dual (V max/mean | PF max/mean | ESS max/mean) = 0.000749/0.000139 | 0.106654/0.007491 | 0.003467/0.000131 | Recourse change = 4404339.267530 (tol. 85397.114275) | Stable cycles = 0/1 | Penalty actions (V/PF/ESS) = held/held/held
[INFO] 	 - Iteration 23: 36.99 s
[INFO] 	 - ADMM Iteration 24
[INFO] 		 - Updating distribution networks:
[INFO] 			 - Running SMOPF, Network case33_1, 2025, Spring...
[INFO] 			 - Running SMOPF, Network case33_1, 2025, Summer...
[INFO] 			 - Running SMOPF, Network case33_1, 2025, Autumn...
[INFO] 			 - Running SMOPF, Network case33_1, 2025, Winter...
[INFO] 			 - Running SMOPF, Network case33_1, 2030, Spring...
[INFO] 			 - Running SMOPF, Network case33_1, 2030, Summer...
[INFO] 			 - Running SMOPF, Network case33_1, 2030, Autumn...
[INFO] 			 - Running SMOPF, Network case33_1, 2030, Winter...
[INFO] 			 - Running SMOPF, Network case33_1, 2035, Spring...
[INFO] 			 - Running SMOPF, Network case33_1, 2035, Summer...
[INFO] 			 - Running SMOPF, Network case33_1, 2035, Autumn...
[INFO] 			 - Running SMOPF, Network case33_1, 2035, Winter...
[INFO] 			 - Running SMOPF, Network case33_2, 2025, Spring...
[INFO] 			 - Running SMOPF, Network case33_2, 2025, Summer...
[INFO] 			 - Running SMOPF, Network case33_2, 2025, Autumn...
[INFO] 			 - Running SMOPF, Network case33_2, 2025, Winter...
[INFO] 			 - Running SMOPF, Network case33_2, 2030, Spring...
[INFO] 			 - Running SMOPF, Network case33_2, 2030, Summer...
[INFO] 			 - Running SMOPF, Network case33_2, 2030, Autumn...
[INFO] 			 - Running SMOPF, Network case33_2, 2030, Winter...
[INFO] 			 - Running SMOPF, Network case33_2, 2035, Spring...
[INFO] 			 - Running SMOPF, Network case33_2, 2035, Summer...
[INFO] 			 - Running SMOPF, Network case33_2, 2035, Autumn...
[INFO] 			 - Running SMOPF, Network case33_2, 2035, Winter...
[INFO] 			 - Running SMOPF, Network case33_3, 2025, Spring...
[INFO] 			 - Running SMOPF, Network case33_3, 2025, Summer...
[INFO] 			 - Running SMOPF, Network case33_3, 2025, Autumn...
[INFO] 			 - Running SMOPF, Network case33_3, 2025, Winter...
[INFO] 			 - Running SMOPF, Network case33_3, 2030, Spring...
[INFO] 			 - Running SMOPF, Network case33_3, 2030, Summer...
[INFO] 			 - Running SMOPF, Network case33_3, 2030, Autumn...
[INFO] 			 - Running SMOPF, Network case33_3, 2030, Winter...
[INFO] 			 - Running SMOPF, Network case33_3, 2035, Spring...
[INFO] 			 - Running SMOPF, Network case33_3, 2035, Summer...
[INFO] 			 - Running SMOPF, Network case33_3, 2035, Autumn...
[INFO] 			 - Running SMOPF, Network case33_3, 2035, Winter...
[INFO] 		 - Updating transmission network...
[INFO] 			 - Running SMOPF, Network case9, 2025, Spring...
[INFO] 			 - Running SMOPF, Network case9, 2025, Summer...
[INFO] 			 - Running SMOPF, Network case9, 2025, Autumn...
[INFO] 			 - Running SMOPF, Network case9, 2025, Winter...
[INFO] 			 - Running SMOPF, Network case9, 2030, Spring...
[INFO] 			 - Running SMOPF, Network case9, 2030, Summer...
[INFO] 			 - Running SMOPF, Network case9, 2030, Autumn...
[INFO] 			 - Running SMOPF, Network case9, 2030, Winter...
[INFO] 			 - Running SMOPF, Network case9, 2035, Spring...
[INFO] 			 - Running SMOPF, Network case9, 2035, Summer...
[INFO] 			 - Running SMOPF, Network case9, 2035, Autumn...
[INFO] 			 - Running SMOPF, Network case9, 2035, Winter...
[TSO PROX] cycle=24 | updated_blocks=12 | held_failed_blocks=0 | V max=0.000308 | PF max=0.020483 | ESS max=0.001738
[TSO PROX][V MAX] node=9, year=2035, day=Spring, period=15 | dV=0.106303 kV | normalized=0.000308
[TSO PROX][PF MAX] node=9, year=2025, day=Summer, period=8, type=P | delta=3.072473 MW | normalized=0.020483
[TSO PROX][ESS MAX] node=9, year=2035, day=Autumn, period=12, type=P | delta=0.003367 MW | normalized=0.001738
[INFO] 		 - Updating SharedESS...
[INFO] 		 - Running Shared ESS optimization (subproblem)...
[INFO] 			 - Node 5...
[INFO] Shared ESS complementarity diagnostics for ESS node=5: ratio_max=9.124541e-06 n_periods=288 mu_final=1.608017e-11 s_obj=1.000000e-01 eps=1.000000e-05 bound=4.631088e-03 measured=2.631052e-03
[INFO] 			 - Node 7...
[INFO] Shared ESS complementarity diagnostics for ESS node=7: ratio_max=9.257660e-06 n_periods=288 mu_final=1.006063e-11 s_obj=1.000000e-01 eps=1.000000e-05 bound=2.897460e-03 measured=2.641517e-03
[INFO] 			 - Node 9...
[INFO] Shared ESS complementarity diagnostics for ESS node=9: ratio_max=8.612199e-06 n_periods=288 mu_final=1.628438e-11 s_obj=1.000000e-01 eps=1.000000e-05 bound=4.689901e-03 measured=2.628850e-03
[INFO]		 - Primal residuals ok!
[INFO]		 - Dual residuals ok!
[RECOURSE JUMP] cycle=24 | abs_change=3.720329e+06 | tol=8.495668e+04 | signed_change=-3.720329e+06
[RECOURSE JUMP] Reconciliation | previous=8.495668e+08 | current=8.458465e+08 | block_delta=-3.720329e+06 | mismatch=+1.192093e-07
[RECOURSE JUMP] Aggregate signed changes:
  TSO | delta=-5.836442e+06
  DSO node=9 | delta=+1.225800e+06
  DSO node=7 | delta=+5.867347e+05
  DSO node=5 | delta=+3.035778e+05
  SALVAGE | delta=-1.453304e-35
[RECOURSE JUMP] Largest 10 block changes:
  TSO node=None year=2030 day=Spring | previous=6.677298e+07 | current=6.537642e+07 | delta=-1.396560e+06 | abs_delta=1.396560e+06
    [RECOURSE JUMP][TSO PROX] year=2030 day=Spring | V max=0.000144 | PF max=0.017573 | ESS max=0.000019
    [RECOURSE COMPONENTS] gen=-2.051511e+06 | flex=+6.549505e+05 | load_curt=+0.000000e+00 | res_curt=+0.000000e+00 | ess_usage=+0.000000e+00 | slacks=-1.152493e-08 | ess_comp=+7.078830e-03
    [SLACK COMPONENTS] voltage=-7.582749e-09 | node_P=+0.000000e+00 | node_Q=+0.000000e+00 | branch_ij=+0.000000e+00 | branch_ji=+0.000000e+00 | flex_P=-1.971084e-09 | flex_Q=-1.971084e-09
    [SLACK COMPONENT CHECK] classified_delta=-1.152492e-08 | objective_slack_delta=-1.152493e-08 | mismatch=+8.881784e-15
    [RECOURSE COMPONENT CHECK] classified_delta=-1.396560e+06 | block_delta=-1.396560e+06 | mismatch=+1.396984e-09
  TSO node=None year=2025 day=Spring | previous=8.686131e+07 | current=8.567509e+07 | delta=-1.186218e+06 | abs_delta=1.186218e+06
    [RECOURSE JUMP][TSO PROX] year=2025 day=Spring | V max=0.000138 | PF max=0.014010 | ESS max=0.000405
    [RECOURSE COMPONENTS] gen=-1.766094e+06 | flex=+5.798762e+05 | load_curt=+0.000000e+00 | res_curt=+0.000000e+00 | ess_usage=+0.000000e+00 | slacks=-1.158355e-09 | ess_comp=+8.853549e-05
    [SLACK COMPONENTS] voltage=-7.642598e-10 | node_P=+0.000000e+00 | node_Q=+0.000000e+00 | branch_ij=+0.000000e+00 | branch_ji=+0.000000e+00 | flex_P=-1.970593e-10 | flex_Q=-1.970593e-10
    [SLACK COMPONENT CHECK] classified_delta=-1.158378e-09 | objective_slack_delta=-1.158355e-09 | mismatch=-2.309264e-14
    [RECOURSE COMPONENT CHECK] classified_delta=-1.186218e+06 | block_delta=-1.186218e+06 | mismatch=+2.142042e-08
  TSO node=None year=2025 day=Summer | previous=9.769379e+07 | current=9.667373e+07 | delta=-1.020066e+06 | abs_delta=1.020066e+06
    [RECOURSE JUMP][TSO PROX] year=2025 day=Summer | V max=0.000194 | PF max=0.020483 | ESS max=0.000279
    [RECOURSE COMPONENTS] gen=-1.225673e+06 | flex=+2.056064e+05 | load_curt=+0.000000e+00 | res_curt=+0.000000e+00 | ess_usage=+0.000000e+00 | slacks=-2.536638e-12 | ess_comp=+2.198665e-04
    [SLACK COMPONENTS] voltage=-2.536638e-12 | node_P=+0.000000e+00 | node_Q=+0.000000e+00 | branch_ij=+0.000000e+00 | branch_ji=+0.000000e+00 | flex_P=+2.220446e-15 | flex_Q=+2.220446e-15
    [SLACK COMPONENT CHECK] classified_delta=-2.532197e-12 | objective_slack_delta=-2.536638e-12 | mismatch=+4.440892e-15
    [RECOURSE COMPONENT CHECK] classified_delta=-1.020066e+06 | block_delta=-1.020066e+06 | mismatch=+8.149073e-10
  TSO node=None year=2035 day=Summer | previous=7.832948e+07 | current=7.739888e+07 | delta=-9.305962e+05 | abs_delta=9.305962e+05
    [RECOURSE JUMP][TSO PROX] year=2035 day=Summer | V max=0.000213 | PF max=0.014404 | ESS max=0.001214
    [RECOURSE COMPONENTS] gen=-1.506130e+06 | flex=+5.755340e+05 | load_curt=+0.000000e+00 | res_curt=+0.000000e+00 | ess_usage=+0.000000e+00 | slacks=-4.732215e-12 | ess_comp=-9.618636e-03
    [SLACK COMPONENTS] voltage=-4.732215e-12 | node_P=+0.000000e+00 | node_Q=+0.000000e+00 | branch_ij=+0.000000e+00 | branch_ji=+0.000000e+00 | flex_P=+0.000000e+00 | flex_Q=+0.000000e+00
    [SLACK COMPONENT CHECK] classified_delta=-4.732215e-12 | objective_slack_delta=-4.732215e-12 | mismatch=+0.000000e+00
    [RECOURSE COMPONENT CHECK] classified_delta=-9.305962e+05 | block_delta=-9.305962e+05 | mismatch=+2.444722e-09
  TSO node=None year=2035 day=Spring | previous=6.759882e+07 | current=6.686982e+07 | delta=-7.290000e+05 | abs_delta=7.290000e+05
    [RECOURSE JUMP][TSO PROX] year=2035 day=Spring | V max=0.000308 | PF max=0.012690 | ESS max=0.000799
    [RECOURSE COMPONENTS] gen=-1.025782e+06 | flex=+2.993559e+05 | load_curt=+0.000000e+00 | res_curt=+0.000000e+00 | ess_usage=+0.000000e+00 | slacks=-7.484665e-09 | ess_comp=-2.573686e+03
    [SLACK COMPONENTS] voltage=-4.837645e-09 | node_P=+0.000000e+00 | node_Q=+0.000000e+00 | branch_ij=+0.000000e+00 | branch_ji=+0.000000e+00 | flex_P=-1.323519e-09 | flex_Q=-1.323519e-09
    [SLACK COMPONENT CHECK] classified_delta=-7.484683e-09 | objective_slack_delta=-7.484665e-09 | mismatch=-1.776357e-14
    [RECOURSE COMPONENT CHECK] classified_delta=-7.290000e+05 | block_delta=-7.290000e+05 | mismatch=+7.217750e-09
  DSO node=9 year=2030 day=Spring | previous=5.253447e+06 | current=5.642937e+06 | delta=+3.894903e+05 | abs_delta=3.894903e+05
    [RECOURSE COMPONENTS] gen=+0.000000e+00 | flex=+3.996437e+05 | load_curt=+0.000000e+00 | res_curt=-1.015339e+04 | ess_usage=+0.000000e+00 | slacks=-1.088006e-06 | ess_comp=+2.258593e-05
    [SLACK COMPONENTS] voltage=-1.075113e-06 | node_P=+0.000000e+00 | node_Q=+0.000000e+00 | branch_ij=+0.000000e+00 | branch_ji=+0.000000e+00 | flex_P=-1.602401e-08 | flex_Q=+3.131031e-09
    [SLACK COMPONENT CHECK] classified_delta=-1.088006e-06 | objective_slack_delta=-1.088006e-06 | mismatch=+2.451372e-13
    [RECOURSE COMPONENT CHECK] classified_delta=+3.894903e+05 | block_delta=+3.894903e+05 | mismatch=+1.047738e-09
  DSO node=9 year=2025 day=Spring | previous=4.803929e+06 | current=5.140462e+06 | delta=+3.365333e+05 | abs_delta=3.365333e+05
    [RECOURSE COMPONENTS] gen=+0.000000e+00 | flex=+3.468097e+05 | load_curt=+0.000000e+00 | res_curt=-1.027645e+04 | ess_usage=+0.000000e+00 | slacks=-7.497596e-07 | ess_comp=-2.684714e-05
    [SLACK COMPONENTS] voltage=-7.290705e-07 | node_P=+0.000000e+00 | node_Q=+0.000000e+00 | branch_ij=+0.000000e+00 | branch_ji=+0.000000e+00 | flex_P=-2.067600e-08 | flex_Q=-1.283595e-11
    [SLACK COMPONENT CHECK] classified_delta=-7.497593e-07 | objective_slack_delta=-7.497596e-07 | mismatch=+2.877698e-13
    [RECOURSE COMPONENT CHECK] classified_delta=+3.365333e+05 | block_delta=+3.365333e+05 | mismatch=+4.074536e-10
  DSO node=9 year=2035 day=Summer | previous=4.927664e+06 | current=5.203675e+06 | delta=+2.760111e+05 | abs_delta=2.760111e+05
    [RECOURSE COMPONENTS] gen=+0.000000e+00 | flex=+2.813423e+05 | load_curt=+0.000000e+00 | res_curt=-5.331174e+03 | ess_usage=+0.000000e+00 | slacks=-2.390628e-06 | ess_comp=-1.061388e-03
    [SLACK COMPONENTS] voltage=-2.370850e-06 | node_P=+0.000000e+00 | node_Q=+0.000000e+00 | branch_ij=+0.000000e+00 | branch_ji=+0.000000e+00 | flex_P=-1.977725e-08 | flex_Q=+0.000000e+00
    [SLACK COMPONENT CHECK] classified_delta=-2.390628e-06 | objective_slack_delta=-2.390628e-06 | mismatch=-6.039613e-14
    [RECOURSE COMPONENT CHECK] classified_delta=+2.760111e+05 | block_delta=+2.760111e+05 | mismatch=+1.164153e-10
  TSO node=None year=2030 day=Summer | previous=7.069032e+07 | current=7.041439e+07 | delta=-2.759324e+05 | abs_delta=2.759324e+05
    [RECOURSE JUMP][TSO PROX] year=2030 day=Summer | V max=0.000212 | PF max=0.008216 | ESS max=0.000258
    [RECOURSE COMPONENTS] gen=-1.312519e+05 | flex=-1.446805e+05 | load_curt=+0.000000e+00 | res_curt=+0.000000e+00 | ess_usage=+0.000000e+00 | slacks=-7.690915e-11 | ess_comp=+6.169524e-03
    [SLACK COMPONENTS] voltage=-5.059064e-11 | node_P=+0.000000e+00 | node_Q=+0.000000e+00 | branch_ij=+0.000000e+00 | branch_ji=+0.000000e+00 | flex_P=-1.315614e-11 | flex_Q=-1.315614e-11
    [SLACK COMPONENT CHECK] classified_delta=-7.690293e-11 | objective_slack_delta=-7.690915e-11 | mismatch=+6.217249e-15
    [RECOURSE COMPONENT CHECK] classified_delta=-2.759324e+05 | block_delta=-2.759324e+05 | mismatch=-5.587935e-09
  TSO node=None year=2035 day=Autumn | previous=3.640294e+07 | current=3.619249e+07 | delta=-2.104421e+05 | abs_delta=2.104421e+05
    [RECOURSE JUMP][TSO PROX] year=2035 day=Autumn | V max=0.000146 | PF max=0.013120 | ESS max=0.001738
    [RECOURSE COMPONENTS] gen=-2.502705e+05 | flex=+4.111765e+04 | load_curt=+0.000000e+00 | res_curt=+0.000000e+00 | ess_usage=+0.000000e+00 | slacks=+1.641395e-08 | ess_comp=-1.289257e+03
    [SLACK COMPONENTS] voltage=+1.077871e-08 | node_P=+0.000000e+00 | node_Q=+0.000000e+00 | branch_ij=+0.000000e+00 | branch_ji=+0.000000e+00 | flex_P=+2.817626e-09 | flex_Q=+2.817626e-09
    [SLACK COMPONENT CHECK] classified_delta=+1.641396e-08 | objective_slack_delta=+1.641395e-08 | mismatch=+7.993606e-15
    [RECOURSE COMPONENT CHECK] classified_delta=-2.104421e+05 | block_delta=-2.104421e+05 | mismatch=+5.820766e-11
[INFO]		 - Recourse stationarity failed. 3720329.000089 > 84956.680349
[ADMM RHO] V | primal max ratio=0.006 | primal mean ratio=0.008 | primal selected=0.008 | dual mean ratio=0.013 | increase threshold=5.0 | decrease threshold=5.0 | action=held
[ADMM RHO] PF | primal max ratio=0.563 | primal mean ratio=0.120 | primal selected=0.563 | dual mean ratio=0.671 | increase threshold=5.0 | decrease threshold=3.0 | action=held
[ADMM RHO] ESS | primal max ratio=0.020 | primal mean ratio=0.010 | primal selected=0.020 | dual mean ratio=0.014 | increase threshold=5.0 | decrease threshold=5.0 | action=held
[INFO]		 - ADMM cycle 24 | Primal (V max/mean | PF max/mean | ESS max/mean) = 0.000057/0.000008 | 0.005628/0.000120 | 0.001963/0.000100 | Dual (V max/mean | PF max/mean | ESS max/mean) = 0.000693/0.000131 | 0.106563/0.006707 | 0.003466/0.000136 | Recourse change = 3720329.000089 (tol. 84956.680349) | Stable cycles = 0/1 | Penalty actions (V/PF/ESS) = held/held/held
[INFO] 	 - Iteration 24: 31.22 s
[INFO] 	 - ADMM Iteration 25
[INFO] 		 - Updating distribution networks:
[INFO] 			 - Running SMOPF, Network case33_1, 2025, Spring...
[INFO] 			 - Running SMOPF, Network case33_1, 2025, Summer...
[INFO] 			 - Running SMOPF, Network case33_1, 2025, Autumn...
[INFO] 			 - Running SMOPF, Network case33_1, 2025, Winter...
[INFO] 			 - Running SMOPF, Network case33_1, 2030, Spring...
[INFO] 			 - Running SMOPF, Network case33_1, 2030, Summer...
[INFO] 			 - Running SMOPF, Network case33_1, 2030, Autumn...
[INFO] 			 - Running SMOPF, Network case33_1, 2030, Winter...
[INFO] 			 - Running SMOPF, Network case33_1, 2035, Spring...
[INFO] 			 - Running SMOPF, Network case33_1, 2035, Summer...
[INFO] 			 - Running SMOPF, Network case33_1, 2035, Autumn...
[INFO] 			 - Running SMOPF, Network case33_1, 2035, Winter...
[INFO] 			 - Running SMOPF, Network case33_2, 2025, Spring...
[INFO] 			 - Running SMOPF, Network case33_2, 2025, Summer...
[INFO] 			 - Running SMOPF, Network case33_2, 2025, Autumn...
[INFO] 			 - Running SMOPF, Network case33_2, 2025, Winter...
[INFO] 			 - Running SMOPF, Network case33_2, 2030, Spring...
[INFO] 			 - Running SMOPF, Network case33_2, 2030, Summer...
[INFO] 			 - Running SMOPF, Network case33_2, 2030, Autumn...
[INFO] 			 - Running SMOPF, Network case33_2, 2030, Winter...
[INFO] 			 - Running SMOPF, Network case33_2, 2035, Spring...
[INFO] 			 - Running SMOPF, Network case33_2, 2035, Summer...
[INFO] 			 - Running SMOPF, Network case33_2, 2035, Autumn...
[INFO] 			 - Running SMOPF, Network case33_2, 2035, Winter...
[INFO] 			 - Running SMOPF, Network case33_3, 2025, Spring...
[INFO] 			 - Running SMOPF, Network case33_3, 2025, Summer...
[INFO] 			 - Running SMOPF, Network case33_3, 2025, Autumn...
[INFO] 			 - Running SMOPF, Network case33_3, 2025, Winter...
[INFO] 			 - Running SMOPF, Network case33_3, 2030, Spring...
[INFO] 			 - Running SMOPF, Network case33_3, 2030, Summer...
[INFO] 			 - Running SMOPF, Network case33_3, 2030, Autumn...
[INFO] 			 - Running SMOPF, Network case33_3, 2030, Winter...
[INFO] 			 - Running SMOPF, Network case33_3, 2035, Spring...
[INFO] 			 - Running SMOPF, Network case33_3, 2035, Summer...
[INFO] 			 - Running SMOPF, Network case33_3, 2035, Autumn...
[INFO] 			 - Running SMOPF, Network case33_3, 2035, Winter...
[INFO] 		 - Updating transmission network...
[INFO] 			 - Running SMOPF, Network case9, 2025, Spring...
[INFO] 			 - Running SMOPF, Network case9, 2025, Summer...
[INFO] 			 - Running SMOPF, Network case9, 2025, Autumn...
[INFO] 			 - Running SMOPF, Network case9, 2025, Winter...
[INFO] 			 - Running SMOPF, Network case9, 2030, Spring...
[INFO] 			 - Running SMOPF, Network case9, 2030, Summer...
[INFO] 			 - Running SMOPF, Network case9, 2030, Autumn...
[INFO] 			 - Running SMOPF, Network case9, 2030, Winter...
[INFO] 			 - Running SMOPF, Network case9, 2035, Spring...
[INFO] 			 - Running SMOPF, Network case9, 2035, Summer...
[INFO] 			 - Running SMOPF, Network case9, 2035, Autumn...
[INFO] 			 - Running SMOPF, Network case9, 2035, Winter...
[TSO PROX] cycle=25 | updated_blocks=12 | held_failed_blocks=0 | V max=0.000285 | PF max=0.020465 | ESS max=0.001403
[TSO PROX][V MAX] node=9, year=2035, day=Spring, period=15 | dV=0.098194 kV | normalized=0.000285
[TSO PROX][PF MAX] node=9, year=2025, day=Summer, period=8, type=P | delta=3.069771 MW | normalized=0.020465
[TSO PROX][ESS MAX] node=9, year=2035, day=Autumn, period=12, type=P | delta=0.002718 MW | normalized=0.001403
[INFO] 		 - Updating SharedESS...
[INFO] 		 - Running Shared ESS optimization (subproblem)...
[INFO] 			 - Node 5...
[INFO] Shared ESS complementarity diagnostics for ESS node=5: ratio_max=9.228435e-06 n_periods=288 mu_final=1.008286e-11 s_obj=1.000000e-01 eps=1.000000e-05 bound=2.903865e-03 measured=2.638703e-03
[INFO] 			 - Node 7...
[INFO] Shared ESS complementarity diagnostics for ESS node=7: ratio_max=9.306165e-06 n_periods=288 mu_final=9.667991e-12 s_obj=1.000000e-01 eps=1.000000e-05 bound=2.784382e-03 measured=2.642398e-03
[INFO] 			 - Node 9...
[INFO] Shared ESS complementarity diagnostics for ESS node=9: ratio_max=8.961162e-06 n_periods=288 mu_final=9.677699e-12 s_obj=1.000000e-01 eps=1.000000e-05 bound=2.787177e-03 measured=2.636309e-03
[INFO]		 - Primal residuals ok!
[INFO]		 - Dual residuals ok!
[RECOURSE JUMP] cycle=25 | abs_change=3.327091e+06 | tol=8.458465e+04 | signed_change=-3.327091e+06
[RECOURSE JUMP] Reconciliation | previous=8.458465e+08 | current=8.425194e+08 | block_delta=-3.327091e+06 | mismatch=+0.000000e+00
[RECOURSE JUMP] Aggregate signed changes:
  TSO | delta=-5.328868e+06
  DSO node=9 | delta=+1.140452e+06
  DSO node=7 | delta=+5.454982e+05
  DSO node=5 | delta=+3.158270e+05
  SALVAGE | delta=-1.422398e-36
[RECOURSE JUMP] Largest 10 block changes:
  TSO node=None year=2030 day=Spring | previous=6.537642e+07 | current=6.402354e+07 | delta=-1.352882e+06 | abs_delta=1.352882e+06
    [RECOURSE JUMP][TSO PROX] year=2030 day=Spring | V max=0.000135 | PF max=0.014098 | ESS max=0.000027
    [RECOURSE COMPONENTS] gen=-1.988326e+06 | flex=+6.354440e+05 | load_curt=+0.000000e+00 | res_curt=+0.000000e+00 | ess_usage=+0.000000e+00 | slacks=+2.216659e-09 | ess_comp=+8.832444e-03
    [SLACK COMPONENTS] voltage=+1.459725e-09 | node_P=+0.000000e+00 | node_Q=+0.000000e+00 | branch_ij=+0.000000e+00 | branch_ji=+0.000000e+00 | flex_P=+3.784613e-10 | flex_Q=+3.784613e-10
    [SLACK COMPONENT CHECK] classified_delta=+2.216647e-09 | objective_slack_delta=+2.216659e-09 | mismatch=-1.154632e-14
    [RECOURSE COMPONENT CHECK] classified_delta=-1.352882e+06 | block_delta=-1.352882e+06 | mismatch=-2.561137e-09
  TSO node=None year=2025 day=Spring | previous=8.567509e+07 | current=8.459376e+07 | delta=-1.081328e+06 | abs_delta=1.081328e+06
    [RECOURSE JUMP][TSO PROX] year=2025 day=Spring | V max=0.000134 | PF max=0.014004 | ESS max=0.000405
    [RECOURSE COMPONENTS] gen=-1.620550e+06 | flex=+5.392226e+05 | load_curt=+0.000000e+00 | res_curt=+0.000000e+00 | ess_usage=+0.000000e+00 | slacks=-1.190926e-09 | ess_comp=+8.841025e-05
    [SLACK COMPONENTS] voltage=-7.859171e-10 | node_P=+0.000000e+00 | node_Q=+0.000000e+00 | branch_ij=+0.000000e+00 | branch_ji=+0.000000e+00 | flex_P=-2.024958e-10 | flex_Q=-2.024958e-10
    [SLACK COMPONENT CHECK] classified_delta=-1.190909e-09 | objective_slack_delta=-1.190926e-09 | mismatch=+1.776357e-14
    [RECOURSE COMPONENT CHECK] classified_delta=-1.081328e+06 | block_delta=-1.081328e+06 | mismatch=-5.122274e-09
  TSO node=None year=2025 day=Summer | previous=9.667373e+07 | current=9.563195e+07 | delta=-1.041775e+06 | abs_delta=1.041775e+06
    [RECOURSE JUMP][TSO PROX] year=2025 day=Summer | V max=0.000181 | PF max=0.020465 | ESS max=0.000279
    [RECOURSE COMPONENTS] gen=-1.267813e+06 | flex=+2.260379e+05 | load_curt=+0.000000e+00 | res_curt=+0.000000e+00 | ess_usage=+0.000000e+00 | slacks=-2.295053e-12 | ess_comp=-9.512352e-05
    [SLACK COMPONENTS] voltage=-2.295053e-12 | node_P=+0.000000e+00 | node_Q=+0.000000e+00 | branch_ij=+0.000000e+00 | branch_ji=+0.000000e+00 | flex_P=-1.332268e-15 | flex_Q=-1.332268e-15
    [SLACK COMPONENT CHECK] classified_delta=-2.297718e-12 | objective_slack_delta=-2.295053e-12 | mismatch=-2.664535e-15
    [RECOURSE COMPONENT CHECK] classified_delta=-1.041775e+06 | block_delta=-1.041775e+06 | mismatch=-1.222361e-08
  TSO node=None year=2035 day=Summer | previous=7.739888e+07 | current=7.650575e+07 | delta=-8.931327e+05 | abs_delta=8.931327e+05
    [RECOURSE JUMP][TSO PROX] year=2035 day=Summer | V max=0.000212 | PF max=0.009093 | ESS max=0.000892
    [RECOURSE COMPONENTS] gen=-1.468737e+06 | flex=+5.756043e+05 | load_curt=+0.000000e+00 | res_curt=+0.000000e+00 | ess_usage=+0.000000e+00 | slacks=-4.519052e-12 | ess_comp=-6.723388e-03
    [SLACK COMPONENTS] voltage=-4.511946e-12 | node_P=+0.000000e+00 | node_Q=+0.000000e+00 | branch_ij=+0.000000e+00 | branch_ji=+0.000000e+00 | flex_P=+0.000000e+00 | flex_Q=+0.000000e+00
    [SLACK COMPONENT CHECK] classified_delta=-4.511946e-12 | objective_slack_delta=-4.519052e-12 | mismatch=+7.105427e-15
    [RECOURSE COMPONENT CHECK] classified_delta=-8.931327e+05 | block_delta=-8.931327e+05 | mismatch=-4.307367e-09
  TSO node=None year=2035 day=Spring | previous=6.686982e+07 | current=6.618530e+07 | delta=-6.845201e+05 | abs_delta=6.845201e+05
    [RECOURSE JUMP][TSO PROX] year=2035 day=Spring | V max=0.000285 | PF max=0.011379 | ESS max=0.000651
    [RECOURSE COMPONENTS] gen=-9.795042e+05 | flex=+2.976209e+05 | load_curt=+0.000000e+00 | res_curt=+0.000000e+00 | ess_usage=+0.000000e+00 | slacks=-1.293053e-08 | ess_comp=-2.636855e+03
    [SLACK COMPONENTS] voltage=-8.414055e-09 | node_P=+0.000000e+00 | node_Q=+0.000000e+00 | branch_ij=+0.000000e+00 | branch_ji=+0.000000e+00 | flex_P=-2.258234e-09 | flex_Q=-2.258234e-09
    [SLACK COMPONENT CHECK] classified_delta=-1.293052e-08 | objective_slack_delta=-1.293053e-08 | mismatch=+3.552714e-15
    [RECOURSE COMPONENT CHECK] classified_delta=-6.845201e+05 | block_delta=-6.845201e+05 | mismatch=-5.005859e-09
  DSO node=9 year=2030 day=Spring | previous=5.642937e+06 | current=6.018410e+06 | delta=+3.754725e+05 | abs_delta=3.754725e+05
    [RECOURSE COMPONENTS] gen=+0.000000e+00 | flex=+3.854991e+05 | load_curt=+0.000000e+00 | res_curt=-1.002660e+04 | ess_usage=+0.000000e+00 | slacks=-9.063068e-07 | ess_comp=+1.926838e-04
    [SLACK COMPONENTS] voltage=-8.743370e-07 | node_P=+0.000000e+00 | node_Q=+0.000000e+00 | branch_ij=+0.000000e+00 | branch_ji=+0.000000e+00 | flex_P=-2.859334e-08 | flex_Q=-3.376201e-09
    [SLACK COMPONENT CHECK] classified_delta=-9.063065e-07 | objective_slack_delta=-9.063068e-07 | mismatch=+2.735590e-13
    [RECOURSE COMPONENT CHECK] classified_delta=+3.754725e+05 | block_delta=+3.754725e+05 | mismatch=-5.238689e-10
  DSO node=9 year=2025 day=Spring | previous=5.140462e+06 | current=5.439971e+06 | delta=+2.995087e+05 | abs_delta=2.995087e+05
    [RECOURSE COMPONENTS] gen=+0.000000e+00 | flex=+3.090742e+05 | load_curt=+0.000000e+00 | res_curt=-9.565514e+03 | ess_usage=+0.000000e+00 | slacks=-1.935304e-07 | ess_comp=-4.751467e-05
    [SLACK COMPONENTS] voltage=-1.791697e-07 | node_P=+0.000000e+00 | node_Q=+0.000000e+00 | branch_ij=+0.000000e+00 | branch_ji=+0.000000e+00 | flex_P=-1.436094e-08 | flex_Q=+0.000000e+00
    [SLACK COMPONENT CHECK] classified_delta=-1.935306e-07 | objective_slack_delta=-1.935304e-07 | mismatch=-1.882938e-13
    [RECOURSE COMPONENT CHECK] classified_delta=+2.995087e+05 | block_delta=+2.995087e+05 | mismatch=-1.804437e-09
  DSO node=9 year=2035 day=Summer | previous=5.203675e+06 | current=5.479083e+06 | delta=+2.754088e+05 | abs_delta=2.754088e+05
    [RECOURSE COMPONENTS] gen=+0.000000e+00 | flex=+2.806804e+05 | load_curt=+0.000000e+00 | res_curt=-5.271629e+03 | ess_usage=+0.000000e+00 | slacks=-1.896875e-06 | ess_comp=-6.680338e-04
    [SLACK COMPONENTS] voltage=-1.884164e-06 | node_P=+0.000000e+00 | node_Q=+0.000000e+00 | branch_ij=+0.000000e+00 | branch_ji=+0.000000e+00 | flex_P=-1.271161e-08 | flex_Q=+0.000000e+00
    [SLACK COMPONENT CHECK] classified_delta=-1.896875e-06 | objective_slack_delta=-1.896875e-06 | mismatch=+5.329071e-14
    [RECOURSE COMPONENT CHECK] classified_delta=+2.754088e+05 | block_delta=+2.754088e+05 | mismatch=+2.910383e-10
  DSO node=9 year=2025 day=Summer | previous=2.927421e+06 | current=3.131732e+06 | delta=+2.043113e+05 | abs_delta=2.043113e+05
    [RECOURSE COMPONENTS] gen=+0.000000e+00 | flex=+2.162660e+05 | load_curt=+0.000000e+00 | res_curt=-1.195467e+04 | ess_usage=+0.000000e+00 | slacks=-1.244777e-06 | ess_comp=-4.797029e-03
    [SLACK COMPONENTS] voltage=-1.230886e-06 | node_P=+0.000000e+00 | node_Q=+0.000000e+00 | branch_ij=+0.000000e+00 | branch_ji=+0.000000e+00 | flex_P=-1.959873e-08 | flex_Q=+5.707587e-09
    [SLACK COMPONENT CHECK] classified_delta=-1.244777e-06 | objective_slack_delta=-1.244777e-06 | mismatch=-3.552714e-14
    [RECOURSE COMPONENT CHECK] classified_delta=+2.043113e+05 | block_delta=+2.043113e+05 | mismatch=-2.619345e-10
  DSO node=5 year=2035 day=Spring | previous=8.270828e+06 | current=8.454473e+06 | delta=+1.836452e+05 | abs_delta=1.836452e+05
    [RECOURSE COMPONENTS] gen=+0.000000e+00 | flex=+1.845341e+05 | load_curt=+0.000000e+00 | res_curt=+1.796121e+00 | ess_usage=+0.000000e+00 | slacks=-3.285631e-06 | ess_comp=-8.907196e+02
    [SLACK COMPONENTS] voltage=+1.168238e-07 | node_P=+0.000000e+00 | node_Q=+0.000000e+00 | branch_ij=+0.000000e+00 | branch_ji=+0.000000e+00 | flex_P=-3.402607e-06 | flex_Q=+1.528164e-10
    [SLACK COMPONENT CHECK] classified_delta=-3.285631e-06 | objective_slack_delta=-3.285631e-06 | mismatch=-5.684342e-14
    [RECOURSE COMPONENT CHECK] classified_delta=+1.836452e+05 | block_delta=+1.836452e+05 | mismatch=+0.000000e+00
[INFO]		 - Recourse stationarity failed. 3327090.899380 > 84584.647449
[ADMM RHO] V | primal max ratio=0.007 | primal mean ratio=0.006 | primal selected=0.007 | dual mean ratio=0.013 | increase threshold=5.0 | decrease threshold=5.0 | action=held
[ADMM RHO] PF | primal max ratio=0.676 | primal mean ratio=0.087 | primal selected=0.676 | dual mean ratio=0.635 | increase threshold=5.0 | decrease threshold=3.0 | action=held
[ADMM RHO] ESS | primal max ratio=0.020 | primal mean ratio=0.009 | primal selected=0.020 | dual mean ratio=0.014 | increase threshold=5.0 | decrease threshold=5.0 | action=held
[INFO]		 - ADMM cycle 25 | Primal (V max/mean | PF max/mean | ESS max/mean) = 0.000070/0.000006 | 0.006757/0.000087 | 0.002031/0.000092 | Dual (V max/mean | PF max/mean | ESS max/mean) = 0.000640/0.000126 | 0.106469/0.006349 | 0.003465/0.000139 | Recourse change = 3327090.899380 (tol. 84584.647449) | Stable cycles = 0/1 | Penalty actions (V/PF/ESS) = held/held/held
[INFO] 	 - Iteration 25: 32.66 s
[INFO] 	 - ADMM Iteration 26
[INFO] 		 - Updating distribution networks:
[INFO] 			 - Running SMOPF, Network case33_1, 2025, Spring...
[INFO] 			 - Running SMOPF, Network case33_1, 2025, Summer...
[INFO] 			 - Running SMOPF, Network case33_1, 2025, Autumn...
[INFO] 			 - Running SMOPF, Network case33_1, 2025, Winter...
[INFO] 			 - Running SMOPF, Network case33_1, 2030, Spring...
[INFO] 			 - Running SMOPF, Network case33_1, 2030, Summer...
[INFO] 			 - Running SMOPF, Network case33_1, 2030, Autumn...
[INFO] 			 - Running SMOPF, Network case33_1, 2030, Winter...
[INFO] 			 - Running SMOPF, Network case33_1, 2035, Spring...
[INFO] 			 - Running SMOPF, Network case33_1, 2035, Summer...
[INFO] 			 - Running SMOPF, Network case33_1, 2035, Autumn...
[INFO] 			 - Running SMOPF, Network case33_1, 2035, Winter...
[INFO] 			 - Running SMOPF, Network case33_2, 2025, Spring...
[INFO] 			 - Running SMOPF, Network case33_2, 2025, Summer...
[INFO] 			 - Running SMOPF, Network case33_2, 2025, Autumn...
[INFO] 			 - Running SMOPF, Network case33_2, 2025, Winter...
[INFO] 			 - Running SMOPF, Network case33_2, 2030, Spring...
[INFO] 			 - Running SMOPF, Network case33_2, 2030, Summer...
[INFO] 			 - Running SMOPF, Network case33_2, 2030, Autumn...
[INFO] 			 - Running SMOPF, Network case33_2, 2030, Winter...
[INFO] 			 - Running SMOPF, Network case33_2, 2035, Spring...
[INFO] 			 - Running SMOPF, Network case33_2, 2035, Summer...
[INFO] 			 - Running SMOPF, Network case33_2, 2035, Autumn...
[INFO] 			 - Running SMOPF, Network case33_2, 2035, Winter...
[INFO] 			 - Running SMOPF, Network case33_3, 2025, Spring...
[INFO] 			 - Running SMOPF, Network case33_3, 2025, Summer...
[INFO] 			 - Running SMOPF, Network case33_3, 2025, Autumn...
[INFO] 			 - Running SMOPF, Network case33_3, 2025, Winter...
[INFO] 			 - Running SMOPF, Network case33_3, 2030, Spring...
[INFO] 			 - Running SMOPF, Network case33_3, 2030, Summer...
[INFO] 			 - Running SMOPF, Network case33_3, 2030, Autumn...
[INFO] 			 - Running SMOPF, Network case33_3, 2030, Winter...
[INFO] 			 - Running SMOPF, Network case33_3, 2035, Spring...
[INFO] 			 - Running SMOPF, Network case33_3, 2035, Summer...
[INFO] 			 - Running SMOPF, Network case33_3, 2035, Autumn...
[INFO] 			 - Running SMOPF, Network case33_3, 2035, Winter...
[INFO] 		 - Updating transmission network...
[INFO] 			 - Running SMOPF, Network case9, 2025, Spring...
[INFO] 			 - Running SMOPF, Network case9, 2025, Summer...
[INFO] 			 - Running SMOPF, Network case9, 2025, Autumn...
[INFO] 			 - Running SMOPF, Network case9, 2025, Winter...
[INFO] 			 - Running SMOPF, Network case9, 2030, Spring...
[INFO] 			 - Running SMOPF, Network case9, 2030, Summer...
[INFO] 			 - Running SMOPF, Network case9, 2030, Autumn...
[INFO] 			 - Running SMOPF, Network case9, 2030, Winter...
[INFO] 			 - Running SMOPF, Network case9, 2035, Spring...
[INFO] 			 - Running SMOPF, Network case9, 2035, Summer...
[INFO] 			 - Running SMOPF, Network case9, 2035, Autumn...
[INFO] 			 - Running SMOPF, Network case9, 2035, Winter...
[TSO PROX] cycle=26 | updated_blocks=12 | held_failed_blocks=0 | V max=0.000247 | PF max=0.016099 | ESS max=0.000860
[TSO PROX][V MAX] node=9, year=2035, day=Spring, period=14 | dV=0.085171 kV | normalized=0.000247
[TSO PROX][PF MAX] node=9, year=2025, day=Summer, period=9, type=P | delta=2.414859 MW | normalized=0.016099
[TSO PROX][ESS MAX] node=7, year=2035, day=Summer, period=23, type=P | delta=0.001666 MW | normalized=0.000860
[INFO] 		 - Updating SharedESS...
[INFO] 		 - Running Shared ESS optimization (subproblem)...
[INFO] 			 - Node 5...
[INFO] Shared ESS complementarity diagnostics for ESS node=5: ratio_max=9.224902e-06 n_periods=288 mu_final=9.672618e-12 s_obj=1.000000e-01 eps=1.000000e-05 bound=2.785714e-03 measured=2.635778e-03
[INFO] 			 - Node 7...
[INFO] Shared ESS complementarity diagnostics for ESS node=7: ratio_max=9.187269e-06 n_periods=288 mu_final=1.621867e-11 s_obj=1.000000e-01 eps=1.000000e-05 bound=4.670977e-03 measured=2.619099e-03
[INFO] 			 - Node 9...
[INFO] Shared ESS complementarity diagnostics for ESS node=9: ratio_max=8.967772e-06 n_periods=288 mu_final=9.676187e-12 s_obj=1.000000e-01 eps=1.000000e-05 bound=2.786742e-03 measured=2.634253e-03
[INFO]		 - Primal residuals ok!
[INFO]		 - Dual residuals ok!
[RECOURSE JUMP] cycle=26 | abs_change=2.901182e+06 | tol=8.425194e+04 | signed_change=-2.901182e+06
[RECOURSE JUMP] Reconciliation | previous=8.425194e+08 | current=8.396182e+08 | block_delta=-2.901182e+06 | mismatch=+1.192093e-07
[RECOURSE JUMP] Aggregate signed changes:
  TSO | delta=-4.785340e+06
  DSO node=9 | delta=+1.087500e+06
  DSO node=7 | delta=+5.598545e+05
  DSO node=5 | delta=+2.368037e+05
  SALVAGE | delta=+2.113098e-37
[RECOURSE JUMP] Largest 10 block changes:
  TSO node=None year=2030 day=Spring | previous=6.402354e+07 | current=6.284662e+07 | delta=-1.176925e+06 | abs_delta=1.176925e+06
    [RECOURSE JUMP][TSO PROX] year=2030 day=Spring | V max=0.000134 | PF max=0.011825 | ESS max=0.000025
    [RECOURSE COMPONENTS] gen=-1.756340e+06 | flex=+5.794155e+05 | load_curt=+0.000000e+00 | res_curt=+0.000000e+00 | ess_usage=+0.000000e+00 | slacks=-1.457636e-09 | ess_comp=+1.090460e-02
    [SLACK COMPONENTS] voltage=-9.586003e-10 | node_P=+0.000000e+00 | node_Q=+0.000000e+00 | branch_ij=+0.000000e+00 | branch_ji=+0.000000e+00 | flex_P=-2.495240e-10 | flex_Q=-2.495240e-10
    [SLACK COMPONENT CHECK] classified_delta=-1.457648e-09 | objective_slack_delta=-1.457636e-09 | mismatch=-1.243450e-14
    [RECOURSE COMPONENT CHECK] classified_delta=-1.176925e+06 | block_delta=-1.176925e+06 | mismatch=+3.492460e-09
  TSO node=None year=2025 day=Spring | previous=8.459376e+07 | current=8.356655e+07 | delta=-1.027211e+06 | abs_delta=1.027211e+06
    [RECOURSE JUMP][TSO PROX] year=2025 day=Spring | V max=0.000131 | PF max=0.013995 | ESS max=0.000405
    [RECOURSE COMPONENTS] gen=-1.546992e+06 | flex=+5.197810e+05 | load_curt=+0.000000e+00 | res_curt=+0.000000e+00 | ess_usage=+0.000000e+00 | slacks=-1.223718e-09 | ess_comp=+8.770130e-05
    [SLACK COMPONENTS] voltage=-8.076739e-10 | node_P=+0.000000e+00 | node_Q=+0.000000e+00 | branch_ij=+0.000000e+00 | branch_ji=+0.000000e+00 | flex_P=-2.080278e-10 | flex_Q=-2.080278e-10
    [SLACK COMPONENT CHECK] classified_delta=-1.223730e-09 | objective_slack_delta=-1.223718e-09 | mismatch=-1.154632e-14
    [RECOURSE COMPONENT CHECK] classified_delta=-1.027211e+06 | block_delta=-1.027211e+06 | mismatch=+1.036096e-08
  TSO node=None year=2025 day=Summer | previous=9.563195e+07 | current=9.467830e+07 | delta=-9.536565e+05 | abs_delta=9.536565e+05
    [RECOURSE JUMP][TSO PROX] year=2025 day=Summer | V max=0.000184 | PF max=0.016099 | ESS max=0.000279
    [RECOURSE COMPONENTS] gen=-1.181095e+06 | flex=+2.274380e+05 | load_curt=+0.000000e+00 | res_curt=+0.000000e+00 | ess_usage=+0.000000e+00 | slacks=-1.811884e-12 | ess_comp=-2.289202e-04
    [SLACK COMPONENTS] voltage=-1.811884e-12 | node_P=+0.000000e+00 | node_Q=+0.000000e+00 | branch_ij=+0.000000e+00 | branch_ji=+0.000000e+00 | flex_P=-1.776357e-15 | flex_Q=-1.776357e-15
    [SLACK COMPONENT CHECK] classified_delta=-1.815437e-12 | objective_slack_delta=-1.811884e-12 | mismatch=-3.552714e-15
    [RECOURSE COMPONENT CHECK] classified_delta=-9.536565e+05 | block_delta=-9.536565e+05 | mismatch=+1.746230e-08
  TSO node=None year=2035 day=Summer | previous=7.650575e+07 | current=7.564226e+07 | delta=-8.634915e+05 | abs_delta=8.634915e+05
    [RECOURSE JUMP][TSO PROX] year=2035 day=Summer | V max=0.000209 | PF max=0.009060 | ESS max=0.000860
    [RECOURSE COMPONENTS] gen=-1.432929e+06 | flex=+5.694379e+05 | load_curt=+0.000000e+00 | res_curt=+0.000000e+00 | ess_usage=+0.000000e+00 | slacks=-4.241940e-12 | ess_comp=-7.796409e-03
    [SLACK COMPONENTS] voltage=-4.249046e-12 | node_P=+0.000000e+00 | node_Q=+0.000000e+00 | branch_ij=+0.000000e+00 | branch_ji=+0.000000e+00 | flex_P=+0.000000e+00 | flex_Q=+0.000000e+00
    [SLACK COMPONENT CHECK] classified_delta=-4.249046e-12 | objective_slack_delta=-4.241940e-12 | mismatch=-7.105427e-15
    [RECOURSE COMPONENT CHECK] classified_delta=-8.634915e+05 | block_delta=-8.634915e+05 | mismatch=+3.376044e-09
  TSO node=None year=2035 day=Spring | previous=6.618530e+07 | current=6.554619e+07 | delta=-6.391156e+05 | abs_delta=6.391156e+05
    [RECOURSE JUMP][TSO PROX] year=2035 day=Spring | V max=0.000247 | PF max=0.011774 | ESS max=0.000343
    [RECOURSE COMPONENTS] gen=-9.160288e+05 | flex=+2.795920e+05 | load_curt=+0.000000e+00 | res_curt=+0.000000e+00 | ess_usage=+0.000000e+00 | slacks=+2.160597e-09 | ess_comp=-2.678793e+03
    [SLACK COMPONENTS] voltage=+1.466361e-09 | node_P=+0.000000e+00 | node_Q=+0.000000e+00 | branch_ij=+0.000000e+00 | branch_ji=+0.000000e+00 | flex_P=+3.471214e-10 | flex_Q=+3.471214e-10
    [SLACK COMPONENT CHECK] classified_delta=+2.160604e-09 | objective_slack_delta=+2.160597e-09 | mismatch=+7.105427e-15
    [RECOURSE COMPONENT CHECK] classified_delta=-6.391156e+05 | block_delta=-6.391156e+05 | mismatch=+8.963980e-09
  DSO node=9 year=2030 day=Spring | previous=6.018410e+06 | current=6.350035e+06 | delta=+3.316250e+05 | abs_delta=3.316250e+05
    [RECOURSE COMPONENTS] gen=+0.000000e+00 | flex=+3.403405e+05 | load_curt=+0.000000e+00 | res_curt=-8.715503e+03 | ess_usage=+0.000000e+00 | slacks=-6.207828e-07 | ess_comp=+1.713257e-04
    [SLACK COMPONENTS] voltage=-5.847411e-07 | node_P=+0.000000e+00 | node_Q=+0.000000e+00 | branch_ij=+0.000000e+00 | branch_ji=+0.000000e+00 | flex_P=-3.527498e-08 | flex_Q=-7.659686e-10
    [SLACK COMPONENT CHECK] classified_delta=-6.207821e-07 | objective_slack_delta=-6.207828e-07 | mismatch=+7.354117e-13
    [RECOURSE COMPONENT CHECK] classified_delta=+3.316250e+05 | block_delta=+3.316250e+05 | mismatch=+8.149073e-10
  DSO node=9 year=2025 day=Spring | previous=5.439971e+06 | current=5.738403e+06 | delta=+2.984325e+05 | abs_delta=2.984325e+05
    [RECOURSE COMPONENTS] gen=+0.000000e+00 | flex=+3.070866e+05 | load_curt=+0.000000e+00 | res_curt=-8.654128e+03 | ess_usage=+0.000000e+00 | slacks=-2.367156e-07 | ess_comp=-4.285773e-06
    [SLACK COMPONENTS] voltage=-1.941591e-07 | node_P=+0.000000e+00 | node_Q=+0.000000e+00 | branch_ij=+0.000000e+00 | branch_ji=+0.000000e+00 | flex_P=-4.350913e-08 | flex_Q=+9.524292e-10
    [SLACK COMPONENT CHECK] classified_delta=-2.367158e-07 | objective_slack_delta=-2.367156e-07 | mismatch=-1.918465e-13
    [RECOURSE COMPONENT CHECK] classified_delta=+2.984325e+05 | block_delta=+2.984325e+05 | mismatch=+7.566996e-10
  DSO node=9 year=2035 day=Summer | previous=5.479083e+06 | current=5.754174e+06 | delta=+2.750905e+05 | abs_delta=2.750905e+05
    [RECOURSE COMPONENTS] gen=+0.000000e+00 | flex=+2.801372e+05 | load_curt=+0.000000e+00 | res_curt=-5.046708e+03 | ess_usage=+0.000000e+00 | slacks=-7.352772e-07 | ess_comp=-2.066976e-04
    [SLACK COMPONENTS] voltage=-7.339053e-07 | node_P=+0.000000e+00 | node_Q=+0.000000e+00 | branch_ij=+0.000000e+00 | branch_ji=+0.000000e+00 | flex_P=-1.598753e-09 | flex_Q=+2.269260e-10
    [SLACK COMPONENT CHECK] classified_delta=-7.352772e-07 | objective_slack_delta=-7.352772e-07 | mismatch=+8.881784e-14
    [RECOURSE COMPONENT CHECK] classified_delta=+2.750905e+05 | block_delta=+2.750905e+05 | mismatch=+1.746230e-10
  DSO node=9 year=2025 day=Summer | previous=3.131732e+06 | current=3.335953e+06 | delta=+2.042209e+05 | abs_delta=2.042209e+05
    [RECOURSE COMPONENTS] gen=+0.000000e+00 | flex=+2.150457e+05 | load_curt=+0.000000e+00 | res_curt=-1.082471e+04 | ess_usage=+0.000000e+00 | slacks=+1.677754e-07 | ess_comp=+1.021723e-02
    [SLACK COMPONENTS] voltage=+2.227782e-07 | node_P=+0.000000e+00 | node_Q=+0.000000e+00 | branch_ij=+0.000000e+00 | branch_ji=+0.000000e+00 | flex_P=-4.929502e-08 | flex_Q=-5.707587e-09
    [SLACK COMPONENT CHECK] classified_delta=+1.677756e-07 | objective_slack_delta=+1.677754e-07 | mismatch=+1.598721e-13
    [RECOURSE COMPONENT CHECK] classified_delta=+2.042209e+05 | block_delta=+2.042209e+05 | mismatch=+4.656613e-10
  DSO node=7 year=2030 day=Spring | previous=2.393585e+06 | current=2.574712e+06 | delta=+1.811262e+05 | abs_delta=1.811262e+05
    [RECOURSE COMPONENTS] gen=+0.000000e+00 | flex=+1.858665e+05 | load_curt=+0.000000e+00 | res_curt=-4.740292e+03 | ess_usage=+0.000000e+00 | slacks=+4.614565e-07 | ess_comp=+1.028706e-04
    [SLACK COMPONENTS] voltage=+5.098426e-07 | node_P=+0.000000e+00 | node_Q=+0.000000e+00 | branch_ij=+0.000000e+00 | branch_ji=+0.000000e+00 | flex_P=-4.892034e-08 | flex_Q=+5.338556e-10
    [SLACK COMPONENT CHECK] classified_delta=+4.614561e-07 | objective_slack_delta=+4.614565e-07 | mismatch=-4.014566e-13
    [RECOURSE COMPONENT CHECK] classified_delta=+1.811262e+05 | block_delta=+1.811262e+05 | mismatch=+9.022187e-10
[INFO]		 - Recourse stationarity failed. 2901182.003780 > 84251.938359
[ADMM RHO] V | primal max ratio=0.008 | primal mean ratio=0.005 | primal selected=0.008 | dual mean ratio=0.012 | increase threshold=5.0 | decrease threshold=5.0 | action=held
[ADMM RHO] PF | primal max ratio=0.543 | primal mean ratio=0.086 | primal selected=0.543 | dual mean ratio=0.590 | increase threshold=5.0 | decrease threshold=3.0 | action=held
[ADMM RHO] ESS | primal max ratio=0.016 | primal mean ratio=0.008 | primal selected=0.016 | dual mean ratio=0.014 | increase threshold=5.0 | decrease threshold=5.0 | action=held
[INFO]		 - ADMM cycle 26 | Primal (V max/mean | PF max/mean | ESS max/mean) = 0.000077/0.000005 | 0.005432/0.000086 | 0.001599/0.000084 | Dual (V max/mean | PF max/mean | ESS max/mean) = 0.000617/0.000122 | 0.083755/0.005898 | 0.003464/0.000140 | Recourse change = 2901182.003780 (tol. 84251.938359) | Stable cycles = 0/1 | Penalty actions (V/PF/ESS) = held/held/held
[INFO] 	 - Iteration 26: 32.47 s
[INFO] 	 - ADMM Iteration 27
[INFO] 		 - Updating distribution networks:
[INFO] 			 - Running SMOPF, Network case33_1, 2025, Spring...
[INFO] 			 - Running SMOPF, Network case33_1, 2025, Summer...
[INFO] 			 - Running SMOPF, Network case33_1, 2025, Autumn...
[INFO] 			 - Running SMOPF, Network case33_1, 2025, Winter...
[INFO] 			 - Running SMOPF, Network case33_1, 2030, Spring...
[INFO] 			 - Running SMOPF, Network case33_1, 2030, Summer...
[INFO] 			 - Running SMOPF, Network case33_1, 2030, Autumn...
[INFO] 			 - Running SMOPF, Network case33_1, 2030, Winter...
[INFO] 			 - Running SMOPF, Network case33_1, 2035, Spring...
[INFO] 			 - Running SMOPF, Network case33_1, 2035, Summer...
[INFO] 			 - Running SMOPF, Network case33_1, 2035, Autumn...
[INFO] 			 - Running SMOPF, Network case33_1, 2035, Winter...
[INFO] 			 - Running SMOPF, Network case33_2, 2025, Spring...
[INFO] 			 - Running SMOPF, Network case33_2, 2025, Summer...
[INFO] 			 - Running SMOPF, Network case33_2, 2025, Autumn...
[INFO] 			 - Running SMOPF, Network case33_2, 2025, Winter...
[INFO] 			 - Running SMOPF, Network case33_2, 2030, Spring...
[INFO] 			 - Running SMOPF, Network case33_2, 2030, Summer...
[INFO] 			 - Running SMOPF, Network case33_2, 2030, Autumn...
[INFO] 			 - Running SMOPF, Network case33_2, 2030, Winter...
[INFO] 			 - Running SMOPF, Network case33_2, 2035, Spring...
[INFO] 			 - Running SMOPF, Network case33_2, 2035, Summer...
[INFO] 			 - Running SMOPF, Network case33_2, 2035, Autumn...
[INFO] 			 - Running SMOPF, Network case33_2, 2035, Winter...
[INFO] 			 - Running SMOPF, Network case33_3, 2025, Spring...
[INFO] 			 - Running SMOPF, Network case33_3, 2025, Summer...
[INFO] 			 - Running SMOPF, Network case33_3, 2025, Autumn...
[INFO] 			 - Running SMOPF, Network case33_3, 2025, Winter...
[INFO] 			 - Running SMOPF, Network case33_3, 2030, Spring...
[INFO] 			 - Running SMOPF, Network case33_3, 2030, Summer...
[INFO] 			 - Running SMOPF, Network case33_3, 2030, Autumn...
[INFO] 			 - Running SMOPF, Network case33_3, 2030, Winter...
[INFO] 			 - Running SMOPF, Network case33_3, 2035, Spring...
[INFO] 			 - Running SMOPF, Network case33_3, 2035, Summer...
[INFO] 			 - Running SMOPF, Network case33_3, 2035, Autumn...
[INFO] 			 - Running SMOPF, Network case33_3, 2035, Winter...
[INFO] 		 - Updating transmission network...
[INFO] 			 - Running SMOPF, Network case9, 2025, Spring...
[INFO] 			 - Running SMOPF, Network case9, 2025, Summer...
[INFO] 			 - Running SMOPF, Network case9, 2025, Autumn...
[INFO] 			 - Running SMOPF, Network case9, 2025, Winter...
[INFO] 			 - Running SMOPF, Network case9, 2030, Spring...
[INFO] 			 - Running SMOPF, Network case9, 2030, Summer...
[INFO] 			 - Running SMOPF, Network case9, 2030, Autumn...
[INFO] 			 - Running SMOPF, Network case9, 2030, Winter...
[INFO] 			 - Running SMOPF, Network case9, 2035, Spring...
[INFO] 			 - Running SMOPF, Network case9, 2035, Summer...
[INFO] 			 - Running SMOPF, Network case9, 2035, Autumn...
[INFO] 			 - Running SMOPF, Network case9, 2035, Winter...
[TSO PROX] cycle=27 | updated_blocks=12 | held_failed_blocks=0 | V max=0.000240 | PF max=0.016050 | ESS max=0.000907
[TSO PROX][V MAX] node=9, year=2035, day=Spring, period=14 | dV=0.082829 kV | normalized=0.000240
[TSO PROX][PF MAX] node=9, year=2025, day=Summer, period=9, type=P | delta=2.407531 MW | normalized=0.016050
[TSO PROX][ESS MAX] node=9, year=2035, day=Summer, period=23, type=P | delta=0.001758 MW | normalized=0.000907
[INFO] 		 - Updating SharedESS...
[INFO] 		 - Running Shared ESS optimization (subproblem)...
[INFO] 			 - Node 5...
[INFO] Shared ESS complementarity diagnostics for ESS node=5: ratio_max=9.148340e-06 n_periods=288 mu_final=1.601938e-11 s_obj=1.000000e-01 eps=1.000000e-05 bound=4.613582e-03 measured=2.625867e-03
[INFO] 			 - Node 7...
[INFO] Shared ESS complementarity diagnostics for ESS node=7: ratio_max=9.170689e-06 n_periods=288 mu_final=1.602660e-11 s_obj=1.000000e-01 eps=1.000000e-05 bound=4.615660e-03 measured=2.621204e-03
[INFO] 			 - Node 9...
[INFO] Shared ESS complementarity diagnostics for ESS node=9: ratio_max=8.869658e-06 n_periods=288 mu_final=1.615971e-11 s_obj=1.000000e-01 eps=1.000000e-05 bound=4.653998e-03 measured=2.627163e-03
[INFO]		 - Primal residuals ok!
[INFO]		 - Dual residuals ok!
[RECOURSE JUMP] cycle=27 | abs_change=2.531350e+06 | tol=8.396182e+04 | signed_change=-2.531350e+06
[RECOURSE JUMP] Reconciliation | previous=8.396182e+08 | current=8.370869e+08 | block_delta=-2.531350e+06 | mismatch=-1.192093e-07
[RECOURSE JUMP] Aggregate signed changes:
  TSO | delta=-4.274251e+06
  DSO node=9 | delta=+9.699543e+05
  DSO node=7 | delta=+5.330181e+05
  DSO node=5 | delta=+2.399287e+05
  SALVAGE | delta=+2.341389e-35
[RECOURSE JUMP] Largest 10 block changes:
  TSO node=None year=2025 day=Spring | previous=8.356655e+07 | current=8.260766e+07 | delta=-9.588910e+05 | abs_delta=9.588910e+05
    [RECOURSE JUMP][TSO PROX] year=2025 day=Spring | V max=0.000130 | PF max=0.011360 | ESS max=0.000405
    [RECOURSE COMPONENTS] gen=-1.462569e+06 | flex=+5.036783e+05 | load_curt=+0.000000e+00 | res_curt=+0.000000e+00 | ess_usage=+0.000000e+00 | slacks=-1.235250e-09 | ess_comp=+8.738445e-05
    [SLACK COMPONENTS] voltage=-8.153762e-10 | node_P=+0.000000e+00 | node_Q=+0.000000e+00 | branch_ij=+0.000000e+00 | branch_ji=+0.000000e+00 | flex_P=-2.099361e-10 | flex_Q=-2.099361e-10
    [SLACK COMPONENT CHECK] classified_delta=-1.235248e-09 | objective_slack_delta=-1.235250e-09 | mismatch=+1.776357e-15
    [RECOURSE COMPONENT CHECK] classified_delta=-9.588910e+05 | block_delta=-9.588910e+05 | mismatch=-2.142042e-08
  TSO node=None year=2030 day=Spring | previous=6.284662e+07 | current=6.196212e+07 | delta=-8.844973e+05 | abs_delta=8.844973e+05
    [RECOURSE JUMP][TSO PROX] year=2030 day=Spring | V max=0.000135 | PF max=0.011782 | ESS max=0.000020
    [RECOURSE COMPONENTS] gen=-1.312525e+06 | flex=+4.280278e+05 | load_curt=+0.000000e+00 | res_curt=+0.000000e+00 | ess_usage=+0.000000e+00 | slacks=-4.778194e-09 | ess_comp=+1.255330e-02
    [SLACK COMPONENTS] voltage=-3.144862e-09 | node_P=+0.000000e+00 | node_Q=+0.000000e+00 | branch_ij=+0.000000e+00 | branch_ji=+0.000000e+00 | flex_P=-8.166583e-10 | flex_Q=-8.166583e-10
    [SLACK COMPONENT CHECK] classified_delta=-4.778179e-09 | objective_slack_delta=-4.778194e-09 | mismatch=+1.509903e-14
    [RECOURSE COMPONENT CHECK] classified_delta=-8.844973e+05 | block_delta=-8.844973e+05 | mismatch=-8.731149e-09
  TSO node=None year=2025 day=Summer | previous=9.467830e+07 | current=9.380534e+07 | delta=-8.729605e+05 | abs_delta=8.729605e+05
    [RECOURSE JUMP][TSO PROX] year=2025 day=Summer | V max=0.000187 | PF max=0.016050 | ESS max=0.000279
    [RECOURSE COMPONENTS] gen=-1.095629e+06 | flex=+2.226683e+05 | load_curt=+0.000000e+00 | res_curt=+0.000000e+00 | ess_usage=+0.000000e+00 | slacks=-1.456613e-12 | ess_comp=-1.041798e-05
    [SLACK COMPONENTS] voltage=-1.456613e-12 | node_P=+0.000000e+00 | node_Q=+0.000000e+00 | branch_ij=+0.000000e+00 | branch_ji=+0.000000e+00 | flex_P=-4.440892e-16 | flex_Q=-4.440892e-16
    [SLACK COMPONENT CHECK] classified_delta=-1.457501e-12 | objective_slack_delta=-1.456613e-12 | mismatch=-8.881784e-16
    [RECOURSE COMPONENT CHECK] classified_delta=-8.729605e+05 | block_delta=-8.729605e+05 | mismatch=-1.327135e-08
  TSO node=None year=2035 day=Summer | previous=7.564226e+07 | current=7.479250e+07 | delta=-8.497600e+05 | abs_delta=8.497600e+05
    [RECOURSE JUMP][TSO PROX] year=2035 day=Summer | V max=0.000196 | PF max=0.009032 | ESS max=0.000907
    [RECOURSE COMPONENTS] gen=-1.412548e+06 | flex=+5.627877e+05 | load_curt=+0.000000e+00 | res_curt=+0.000000e+00 | ess_usage=+0.000000e+00 | slacks=-4.369838e-12 | ess_comp=-1.164591e-02
    [SLACK COMPONENTS] voltage=-4.369838e-12 | node_P=+0.000000e+00 | node_Q=+0.000000e+00 | branch_ij=+0.000000e+00 | branch_ji=+0.000000e+00 | flex_P=+0.000000e+00 | flex_Q=+0.000000e+00
    [SLACK COMPONENT CHECK] classified_delta=-4.369838e-12 | objective_slack_delta=-4.369838e-12 | mismatch=+0.000000e+00
    [RECOURSE COMPONENT CHECK] classified_delta=-8.497600e+05 | block_delta=-8.497600e+05 | mismatch=+8.149073e-09
  TSO node=None year=2035 day=Spring | previous=6.554619e+07 | current=6.496612e+07 | delta=-5.800669e+05 | abs_delta=5.800669e+05
    [RECOURSE JUMP][TSO PROX] year=2035 day=Spring | V max=0.000240 | PF max=0.011868 | ESS max=0.000338
    [RECOURSE COMPONENTS] gen=-8.408658e+05 | flex=+2.628342e+05 | load_curt=+0.000000e+00 | res_curt=+0.000000e+00 | ess_usage=+0.000000e+00 | slacks=+6.154579e-10 | ess_comp=-2.035368e+03
    [SLACK COMPONENTS] voltage=+4.452829e-10 | node_P=+0.000000e+00 | node_Q=+0.000000e+00 | branch_ij=+0.000000e+00 | branch_ji=+0.000000e+00 | flex_P=+8.509149e-11 | flex_Q=+8.509149e-11
    [SLACK COMPONENT CHECK] classified_delta=+6.154659e-10 | objective_slack_delta=+6.154579e-10 | mismatch=+7.993606e-15
    [RECOURSE COMPONENT CHECK] classified_delta=-5.800669e+05 | block_delta=-5.800669e+05 | mismatch=+3.143214e-09
  DSO node=9 year=2025 day=Spring | previous=5.738403e+06 | current=6.030162e+06 | delta=+2.917589e+05 | abs_delta=2.917589e+05
    [RECOURSE COMPONENTS] gen=+0.000000e+00 | flex=+2.991753e+05 | load_curt=+0.000000e+00 | res_curt=-7.416407e+03 | ess_usage=+0.000000e+00 | slacks=-1.294628e-06 | ess_comp=-8.422625e-05
    [SLACK COMPONENTS] voltage=-1.170525e-06 | node_P=+0.000000e+00 | node_Q=+0.000000e+00 | branch_ij=+0.000000e+00 | branch_ji=+0.000000e+00 | flex_P=-1.231501e-07 | flex_Q=-9.524292e-10
    [SLACK COMPONENT CHECK] classified_delta=-1.294627e-06 | objective_slack_delta=-1.294628e-06 | mismatch=+3.659295e-13
    [RECOURSE COMPONENT CHECK] classified_delta=+2.917589e+05 | block_delta=+2.917589e+05 | mismatch=-5.820766e-11
  DSO node=9 year=2035 day=Summer | previous=5.754174e+06 | current=6.028285e+06 | delta=+2.741107e+05 | abs_delta=2.741107e+05
    [RECOURSE COMPONENTS] gen=+0.000000e+00 | flex=+2.792677e+05 | load_curt=+0.000000e+00 | res_curt=-5.156997e+03 | ess_usage=+0.000000e+00 | slacks=-1.222949e-06 | ess_comp=-2.799351e-04
    [SLACK COMPONENTS] voltage=-1.207743e-06 | node_P=+0.000000e+00 | node_Q=+0.000000e+00 | branch_ij=+0.000000e+00 | branch_ji=+0.000000e+00 | flex_P=-1.498012e-08 | flex_Q=-2.269260e-10
    [SLACK COMPONENT CHECK] classified_delta=-1.222950e-06 | objective_slack_delta=-1.222949e-06 | mismatch=-1.243450e-13
    [RECOURSE COMPONENT CHECK] classified_delta=+2.741107e+05 | block_delta=+2.741107e+05 | mismatch=-5.820766e-10
  DSO node=9 year=2025 day=Summer | previous=3.335953e+06 | current=3.550676e+06 | delta=+2.147234e+05 | abs_delta=2.147234e+05
    [RECOURSE COMPONENTS] gen=+0.000000e+00 | flex=+2.248594e+05 | load_curt=+0.000000e+00 | res_curt=-1.013593e+04 | ess_usage=+0.000000e+00 | slacks=-2.900475e-08 | ess_comp=-1.860710e-02
    [SLACK COMPONENTS] voltage=+2.628195e-08 | node_P=+0.000000e+00 | node_Q=+0.000000e+00 | branch_ij=+0.000000e+00 | branch_ji=+0.000000e+00 | flex_P=-5.545488e-08 | flex_Q=+1.680966e-10
    [SLACK COMPONENT CHECK] classified_delta=-2.900483e-08 | objective_slack_delta=-2.900475e-08 | mismatch=-8.171241e-14
    [RECOURSE COMPONENT CHECK] classified_delta=+2.147234e+05 | block_delta=+2.147234e+05 | mismatch=+5.820766e-11
  DSO node=9 year=2030 day=Spring | previous=6.350035e+06 | current=6.535225e+06 | delta=+1.851909e+05 | abs_delta=1.851909e+05
    [RECOURSE COMPONENTS] gen=+0.000000e+00 | flex=+1.863378e+05 | load_curt=+0.000000e+00 | res_curt=-1.146915e+03 | ess_usage=+0.000000e+00 | slacks=+4.987531e-05 | ess_comp=+2.010264e-04
    [SLACK COMPONENTS] voltage=+1.380097e-05 | node_P=+0.000000e+00 | node_Q=+0.000000e+00 | branch_ij=+0.000000e+00 | branch_ji=+0.000000e+00 | flex_P=+3.607434e-05 | flex_Q=-1.847411e-13
    [SLACK COMPONENT CHECK] classified_delta=+4.987531e-05 | objective_slack_delta=+4.987531e-05 | mismatch=-1.598721e-13
    [RECOURSE COMPONENT CHECK] classified_delta=+1.851909e+05 | block_delta=+1.851909e+05 | mismatch=-1.280569e-09
  DSO node=7 year=2030 day=Spring | previous=2.574712e+06 | current=2.738949e+06 | delta=+1.642376e+05 | abs_delta=1.642376e+05
    [RECOURSE COMPONENTS] gen=+0.000000e+00 | flex=+1.684751e+05 | load_curt=+0.000000e+00 | res_curt=-4.237489e+03 | ess_usage=+0.000000e+00 | slacks=-7.524837e-07 | ess_comp=+1.237221e-04
    [SLACK COMPONENTS] voltage=-6.948030e-07 | node_P=+0.000000e+00 | node_Q=+0.000000e+00 | branch_ij=+0.000000e+00 | branch_ji=+0.000000e+00 | flex_P=-6.195121e-08 | flex_Q=+4.270440e-09
    [SLACK COMPONENT CHECK] classified_delta=-7.524838e-07 | objective_slack_delta=-7.524837e-07 | mismatch=-4.263256e-14
    [RECOURSE COMPONENT CHECK] classified_delta=+1.642376e+05 | block_delta=+1.642376e+05 | mismatch=-5.820766e-10
[INFO]		 - Recourse stationarity failed. 2531350.364405 > 83961.820158
[ADMM RHO] V | primal max ratio=0.007 | primal mean ratio=0.004 | primal selected=0.007 | dual mean ratio=0.012 | increase threshold=5.0 | decrease threshold=5.0 | action=held
[ADMM RHO] PF | primal max ratio=0.530 | primal mean ratio=0.092 | primal selected=0.530 | dual mean ratio=0.540 | increase threshold=5.0 | decrease threshold=3.0 | action=held
[ADMM RHO] ESS | primal max ratio=0.017 | primal mean ratio=0.007 | primal selected=0.017 | dual mean ratio=0.014 | increase threshold=5.0 | decrease threshold=5.0 | action=held
[INFO]		 - ADMM cycle 27 | Primal (V max/mean | PF max/mean | ESS max/mean) = 0.000066/0.000004 | 0.005300/0.000092 | 0.001680/0.000071 | Dual (V max/mean | PF max/mean | ESS max/mean) = 0.000540/0.000119 | 0.083501/0.005403 | 0.003463/0.000139 | Recourse change = 2531350.364405 (tol. 83961.820158) | Stable cycles = 0/1 | Penalty actions (V/PF/ESS) = held/held/held
[INFO] 	 - Iteration 27: 30.32 s
[INFO] 	 - ADMM Iteration 28
[INFO] 		 - Updating distribution networks:
[INFO] 			 - Running SMOPF, Network case33_1, 2025, Spring...
[INFO] 			 - Running SMOPF, Network case33_1, 2025, Summer...
[INFO] 			 - Running SMOPF, Network case33_1, 2025, Autumn...
[INFO] 			 - Running SMOPF, Network case33_1, 2025, Winter...
[INFO] 			 - Running SMOPF, Network case33_1, 2030, Spring...
[INFO] 			 - Running SMOPF, Network case33_1, 2030, Summer...
[INFO] 			 - Running SMOPF, Network case33_1, 2030, Autumn...
[INFO] 			 - Running SMOPF, Network case33_1, 2030, Winter...
[INFO] 			 - Running SMOPF, Network case33_1, 2035, Spring...
[INFO] 			 - Running SMOPF, Network case33_1, 2035, Summer...
[INFO] 			 - Running SMOPF, Network case33_1, 2035, Autumn...
[INFO] 			 - Running SMOPF, Network case33_1, 2035, Winter...
[INFO] 			 - Running SMOPF, Network case33_2, 2025, Spring...
[INFO] 			 - Running SMOPF, Network case33_2, 2025, Summer...
[INFO] 			 - Running SMOPF, Network case33_2, 2025, Autumn...
[INFO] 			 - Running SMOPF, Network case33_2, 2025, Winter...
[INFO] 			 - Running SMOPF, Network case33_2, 2030, Spring...
[INFO] 			 - Running SMOPF, Network case33_2, 2030, Summer...
[INFO] 			 - Running SMOPF, Network case33_2, 2030, Autumn...
[INFO] 			 - Running SMOPF, Network case33_2, 2030, Winter...
[INFO] 			 - Running SMOPF, Network case33_2, 2035, Spring...
[INFO] 			 - Running SMOPF, Network case33_2, 2035, Summer...
[INFO] 			 - Running SMOPF, Network case33_2, 2035, Autumn...
[INFO] 			 - Running SMOPF, Network case33_2, 2035, Winter...
[INFO] 			 - Running SMOPF, Network case33_3, 2025, Spring...
[INFO] 			 - Running SMOPF, Network case33_3, 2025, Summer...
[INFO] 			 - Running SMOPF, Network case33_3, 2025, Autumn...
[INFO] 			 - Running SMOPF, Network case33_3, 2025, Winter...
[INFO] 			 - Running SMOPF, Network case33_3, 2030, Spring...
[INFO] 			 - Running SMOPF, Network case33_3, 2030, Summer...
[INFO] 			 - Running SMOPF, Network case33_3, 2030, Autumn...
[INFO] 			 - Running SMOPF, Network case33_3, 2030, Winter...
[INFO] 			 - Running SMOPF, Network case33_3, 2035, Spring...
[INFO] 			 - Running SMOPF, Network case33_3, 2035, Summer...
[INFO] 			 - Running SMOPF, Network case33_3, 2035, Autumn...
[INFO] 			 - Running SMOPF, Network case33_3, 2035, Winter...
[INFO] 		 - Updating transmission network...
[INFO] 			 - Running SMOPF, Network case9, 2025, Spring...
[INFO] 			 - Running SMOPF, Network case9, 2025, Summer...
[INFO] 			 - Running SMOPF, Network case9, 2025, Autumn...
[INFO] 			 - Running SMOPF, Network case9, 2025, Winter...
[INFO] 			 - Running SMOPF, Network case9, 2030, Spring...
[INFO] 			 - Running SMOPF, Network case9, 2030, Summer...
[INFO] 			 - Running SMOPF, Network case9, 2030, Autumn...
[INFO] 			 - Running SMOPF, Network case9, 2030, Winter...
[INFO] 			 - Running SMOPF, Network case9, 2035, Spring...
[INFO] 			 - Running SMOPF, Network case9, 2035, Summer...
[INFO] 			 - Running SMOPF, Network case9, 2035, Autumn...
[INFO] 			 - Running SMOPF, Network case9, 2035, Winter...
[TSO PROX] cycle=28 | updated_blocks=12 | held_failed_blocks=0 | V max=0.000227 | PF max=0.015986 | ESS max=0.000830
[TSO PROX][V MAX] node=9, year=2035, day=Spring, period=14 | dV=0.078288 kV | normalized=0.000227
[TSO PROX][PF MAX] node=9, year=2025, day=Summer, period=9, type=P | delta=2.397832 MW | normalized=0.015986
[TSO PROX][ESS MAX] node=5, year=2035, day=Winter, period=20, type=P | delta=0.001607 MW | normalized=0.000830
[INFO] 		 - Updating SharedESS...
[INFO] 		 - Running Shared ESS optimization (subproblem)...
[INFO] 			 - Node 5...
[INFO] Shared ESS complementarity diagnostics for ESS node=5: ratio_max=9.165905e-06 n_periods=288 mu_final=1.590113e-11 s_obj=1.000000e-01 eps=1.000000e-05 bound=4.579525e-03 measured=2.625517e-03
[INFO] 			 - Node 7...
[INFO] Shared ESS complementarity diagnostics for ESS node=7: ratio_max=9.144802e-06 n_periods=288 mu_final=1.594053e-11 s_obj=1.000000e-01 eps=1.000000e-05 bound=4.590873e-03 measured=2.621954e-03
[INFO] 			 - Node 9...
[INFO] Shared ESS complementarity diagnostics for ESS node=9: ratio_max=8.952929e-06 n_periods=288 mu_final=1.606830e-11 s_obj=1.000000e-01 eps=1.000000e-05 bound=4.627671e-03 measured=2.628316e-03
[INFO]		 - Primal residuals ok!
[INFO]		 - Dual residuals ok!
[RECOURSE JUMP] cycle=28 | abs_change=2.188263e+06 | tol=8.370869e+04 | signed_change=-2.188263e+06
[RECOURSE JUMP] Reconciliation | previous=8.370869e+08 | current=8.348986e+08 | block_delta=-2.188263e+06 | mismatch=+0.000000e+00
[RECOURSE JUMP] Aggregate signed changes:
  TSO | delta=-3.673165e+06
  DSO node=9 | delta=+6.760120e+05
  DSO node=7 | delta=+5.613082e+05
  DSO node=5 | delta=+2.475818e+05
  SALVAGE | delta=-9.087283e-35
[RECOURSE JUMP] Largest 10 block changes:
  TSO node=None year=2025 day=Summer | previous=9.380534e+07 | current=9.293547e+07 | delta=-8.698693e+05 | abs_delta=8.698693e+05
    [RECOURSE JUMP][TSO PROX] year=2025 day=Summer | V max=0.000189 | PF max=0.015986 | ESS max=0.000279
    [RECOURSE COMPONENTS] gen=-1.093899e+06 | flex=+2.240298e+05 | load_curt=+0.000000e+00 | res_curt=+0.000000e+00 | ess_usage=+0.000000e+00 | slacks=-1.229239e-12 | ess_comp=-3.557856e-05
    [SLACK COMPONENTS] voltage=-1.229239e-12 | node_P=+0.000000e+00 | node_Q=+0.000000e+00 | branch_ij=+0.000000e+00 | branch_ji=+0.000000e+00 | flex_P=-4.440892e-16 | flex_Q=-4.440892e-16
    [SLACK COMPONENT CHECK] classified_delta=-1.230127e-12 | objective_slack_delta=-1.229239e-12 | mismatch=-8.881784e-16
    [RECOURSE COMPONENT CHECK] classified_delta=-8.698693e+05 | block_delta=-8.698693e+05 | mismatch=+3.492460e-09
  TSO node=None year=2035 day=Summer | previous=7.479250e+07 | current=7.395041e+07 | delta=-8.420844e+05 | abs_delta=8.420844e+05
    [RECOURSE JUMP][TSO PROX] year=2035 day=Summer | V max=0.000188 | PF max=0.009006 | ESS max=0.000651
    [RECOURSE COMPONENTS] gen=-1.400715e+06 | flex=+5.586308e+05 | load_curt=+0.000000e+00 | res_curt=+0.000000e+00 | ess_usage=+0.000000e+00 | slacks=-4.369838e-12 | ess_comp=-2.312539e-02
    [SLACK COMPONENTS] voltage=-4.369838e-12 | node_P=+0.000000e+00 | node_Q=+0.000000e+00 | branch_ij=+0.000000e+00 | branch_ji=+0.000000e+00 | flex_P=+0.000000e+00 | flex_Q=+0.000000e+00
    [SLACK COMPONENT CHECK] classified_delta=-4.369838e-12 | objective_slack_delta=-4.369838e-12 | mismatch=+0.000000e+00
    [RECOURSE COMPONENT CHECK] classified_delta=-8.420844e+05 | block_delta=-8.420844e+05 | mismatch=-1.373701e-08
  TSO node=None year=2025 day=Spring | previous=8.260766e+07 | current=8.195934e+07 | delta=-6.483161e+05 | abs_delta=6.483161e+05
    [RECOURSE JUMP][TSO PROX] year=2025 day=Spring | V max=0.000113 | PF max=0.011349 | ESS max=0.000405
    [RECOURSE COMPONENTS] gen=-9.890967e+05 | flex=+3.407806e+05 | load_curt=+0.000000e+00 | res_curt=+0.000000e+00 | ess_usage=+0.000000e+00 | slacks=-1.259707e-09 | ess_comp=+8.151404e-05
    [SLACK COMPONENTS] voltage=-8.316690e-10 | node_P=+0.000000e+00 | node_Q=+0.000000e+00 | branch_ij=+0.000000e+00 | branch_ji=+0.000000e+00 | flex_P=-2.140106e-10 | flex_Q=-2.140106e-10
    [SLACK COMPONENT CHECK] classified_delta=-1.259690e-09 | objective_slack_delta=-1.259707e-09 | mismatch=+1.687539e-14
    [RECOURSE COMPONENT CHECK] classified_delta=-6.483161e+05 | block_delta=-6.483161e+05 | mismatch=+1.082662e-08
  TSO node=None year=2030 day=Spring | previous=6.196212e+07 | current=6.136223e+07 | delta=-5.998901e+05 | abs_delta=5.998901e+05
    [RECOURSE JUMP][TSO PROX] year=2030 day=Spring | V max=0.000132 | PF max=0.011746 | ESS max=0.000018
    [RECOURSE COMPONENTS] gen=-8.757910e+05 | flex=+2.759009e+05 | load_curt=+0.000000e+00 | res_curt=+0.000000e+00 | ess_usage=+0.000000e+00 | slacks=-1.104810e-08 | ess_comp=+1.440215e-02
    [SLACK COMPONENTS] voltage=-7.273620e-09 | node_P=+0.000000e+00 | node_Q=+0.000000e+00 | branch_ij=+0.000000e+00 | branch_ji=+0.000000e+00 | flex_P=-1.887239e-09 | flex_Q=-1.887239e-09
    [SLACK COMPONENT CHECK] classified_delta=-1.104810e-08 | objective_slack_delta=-1.104810e-08 | mismatch=+3.552714e-15
    [RECOURSE COMPONENT CHECK] classified_delta=-5.998901e+05 | block_delta=-5.998901e+05 | mismatch=-2.211891e-09
  TSO node=None year=2035 day=Spring | previous=6.496612e+07 | current=6.452377e+07 | delta=-4.423456e+05 | abs_delta=4.423456e+05
    [RECOURSE JUMP][TSO PROX] year=2035 day=Spring | V max=0.000227 | PF max=0.009549 | ESS max=0.000317
    [RECOURSE COMPONENTS] gen=-6.591393e+05 | flex=+2.172822e+05 | load_curt=+0.000000e+00 | res_curt=+0.000000e+00 | ess_usage=+0.000000e+00 | slacks=-4.442100e-09 | ess_comp=-4.885240e+02
    [SLACK COMPONENTS] voltage=-2.878913e-09 | node_P=+0.000000e+00 | node_Q=+0.000000e+00 | branch_ij=+0.000000e+00 | branch_ji=+0.000000e+00 | flex_P=-7.816072e-10 | flex_Q=-7.816072e-10
    [SLACK COMPONENT CHECK] classified_delta=-4.442128e-09 | objective_slack_delta=-4.442100e-09 | mismatch=-2.753353e-14
    [RECOURSE COMPONENT CHECK] classified_delta=-4.423456e+05 | block_delta=-4.423456e+05 | mismatch=-5.238689e-09
  DSO node=9 year=2035 day=Summer | previous=6.028285e+06 | current=6.301881e+06 | delta=+2.735959e+05 | abs_delta=2.735959e+05
    [RECOURSE COMPONENTS] gen=+0.000000e+00 | flex=+2.787996e+05 | load_curt=+0.000000e+00 | res_curt=-5.203693e+03 | ess_usage=+0.000000e+00 | slacks=-9.689605e-07 | ess_comp=-3.898093e-04
    [SLACK COMPONENTS] voltage=-9.594273e-07 | node_P=+0.000000e+00 | node_Q=+0.000000e+00 | branch_ij=+0.000000e+00 | branch_ji=+0.000000e+00 | flex_P=-9.533323e-09 | flex_Q=+0.000000e+00
    [SLACK COMPONENT CHECK] classified_delta=-9.689606e-07 | objective_slack_delta=-9.689605e-07 | mismatch=-1.705303e-13
    [RECOURSE COMPONENT CHECK] classified_delta=+2.735959e+05 | block_delta=+2.735959e+05 | mismatch=-5.820766e-11
  DSO node=9 year=2025 day=Summer | previous=3.550676e+06 | current=3.742084e+06 | delta=+1.914081e+05 | abs_delta=1.914081e+05
    [RECOURSE COMPONENTS] gen=+0.000000e+00 | flex=+2.006256e+05 | load_curt=+0.000000e+00 | res_curt=-9.217541e+03 | ess_usage=+0.000000e+00 | slacks=-1.366261e-06 | ess_comp=+4.703116e-03
    [SLACK COMPONENTS] voltage=-1.300880e-06 | node_P=+0.000000e+00 | node_Q=+0.000000e+00 | branch_ij=+0.000000e+00 | branch_ji=+0.000000e+00 | flex_P=-6.572190e-08 | flex_Q=+3.412737e-10
    [SLACK COMPONENT CHECK] classified_delta=-1.366261e-06 | objective_slack_delta=-1.366261e-06 | mismatch=+2.238210e-13
    [RECOURSE COMPONENT CHECK] classified_delta=+1.914081e+05 | block_delta=+1.914081e+05 | mismatch=-1.746230e-10
  DSO node=7 year=2030 day=Spring | previous=2.738949e+06 | current=2.911688e+06 | delta=+1.727389e+05 | abs_delta=1.727389e+05
    [RECOURSE COMPONENTS] gen=+0.000000e+00 | flex=+1.770579e+05 | load_curt=+0.000000e+00 | res_curt=-4.318925e+03 | ess_usage=+0.000000e+00 | slacks=-5.908800e-07 | ess_comp=+2.215943e-04
    [SLACK COMPONENTS] voltage=-5.712176e-07 | node_P=+0.000000e+00 | node_Q=+0.000000e+00 | branch_ij=+0.000000e+00 | branch_ji=+0.000000e+00 | flex_P=-2.738597e-08 | flex_Q=+7.724100e-09
    [SLACK COMPONENT CHECK] classified_delta=-5.908794e-07 | objective_slack_delta=-5.908800e-07 | mismatch=+5.577760e-13
    [RECOURSE COMPONENT CHECK] classified_delta=+1.727389e+05 | block_delta=+1.727389e+05 | mismatch=+2.619345e-10
  DSO node=7 year=2025 day=Spring | previous=2.125928e+06 | current=2.287242e+06 | delta=+1.613137e+05 | abs_delta=1.613137e+05
    [RECOURSE COMPONENTS] gen=+0.000000e+00 | flex=+1.661724e+05 | load_curt=+0.000000e+00 | res_curt=-4.858748e+03 | ess_usage=+0.000000e+00 | slacks=-8.542237e-07 | ess_comp=-4.690817e-05
    [SLACK COMPONENTS] voltage=-8.402484e-07 | node_P=+0.000000e+00 | node_Q=+0.000000e+00 | branch_ij=+0.000000e+00 | branch_ji=+0.000000e+00 | flex_P=-1.397535e-08 | flex_Q=+0.000000e+00
    [SLACK COMPONENT CHECK] classified_delta=-8.542237e-07 | objective_slack_delta=-8.542237e-07 | mismatch=+3.552714e-15
    [RECOURSE COMPONENT CHECK] classified_delta=+1.613137e+05 | block_delta=+1.613137e+05 | mismatch=-3.783498e-10
  DSO node=5 year=2035 day=Summer | previous=5.866086e+06 | current=6.009182e+06 | delta=+1.430956e+05 | abs_delta=1.430956e+05
    [RECOURSE COMPONENTS] gen=+0.000000e+00 | flex=+1.430934e+05 | load_curt=+0.000000e+00 | res_curt=+2.260712e+00 | ess_usage=+0.000000e+00 | slacks=+3.158612e-06 | ess_comp=-4.595187e-04
    [SLACK COMPONENTS] voltage=-1.290658e-07 | node_P=+0.000000e+00 | node_Q=+0.000000e+00 | branch_ij=+0.000000e+00 | branch_ji=+0.000000e+00 | flex_P=+3.287678e-06 | flex_Q=+0.000000e+00
    [SLACK COMPONENT CHECK] classified_delta=+3.158612e-06 | objective_slack_delta=+3.158612e-06 | mismatch=+1.776357e-14
    [RECOURSE COMPONENT CHECK] classified_delta=+1.430956e+05 | block_delta=+1.430956e+05 | mismatch=+1.047738e-09
[INFO]		 - Recourse stationarity failed. 2188263.029140 > 83708.685122
[ADMM RHO] V | primal max ratio=0.006 | primal mean ratio=0.004 | primal selected=0.006 | dual mean ratio=0.012 | increase threshold=5.0 | decrease threshold=5.0 | action=held
[ADMM RHO] PF | primal max ratio=0.583 | primal mean ratio=0.097 | primal selected=0.583 | dual mean ratio=0.491 | increase threshold=5.0 | decrease threshold=3.0 | action=held
[ADMM RHO] ESS | primal max ratio=0.012 | primal mean ratio=0.005 | primal selected=0.012 | dual mean ratio=0.014 | increase threshold=5.0 | decrease threshold=5.0 | action=held
[INFO]		 - ADMM cycle 28 | Primal (V max/mean | PF max/mean | ESS max/mean) = 0.000059/0.000004 | 0.005830/0.000097 | 0.001160/0.000054 | Dual (V max/mean | PF max/mean | ESS max/mean) = 0.000525/0.000116 | 0.083164/0.004913 | 0.003463/0.000135 | Recourse change = 2188263.029140 (tol. 83708.685122) | Stable cycles = 0/1 | Penalty actions (V/PF/ESS) = held/held/held
[INFO] 	 - Iteration 28: 32.27 s
[INFO] 	 - ADMM Iteration 29
[INFO] 		 - Updating distribution networks:
[INFO] 			 - Running SMOPF, Network case33_1, 2025, Spring...
[INFO] 			 - Running SMOPF, Network case33_1, 2025, Summer...
[INFO] 			 - Running SMOPF, Network case33_1, 2025, Autumn...
[INFO] 			 - Running SMOPF, Network case33_1, 2025, Winter...
[INFO] 			 - Running SMOPF, Network case33_1, 2030, Spring...
[INFO] 			 - Running SMOPF, Network case33_1, 2030, Summer...
[INFO] 			 - Running SMOPF, Network case33_1, 2030, Autumn...
[INFO] 			 - Running SMOPF, Network case33_1, 2030, Winter...
[INFO] 			 - Running SMOPF, Network case33_1, 2035, Spring...
[INFO] 			 - Running SMOPF, Network case33_1, 2035, Summer...
[INFO] 			 - Running SMOPF, Network case33_1, 2035, Autumn...
[INFO] 			 - Running SMOPF, Network case33_1, 2035, Winter...
[INFO] 			 - Running SMOPF, Network case33_2, 2025, Spring...
[INFO] 			 - Running SMOPF, Network case33_2, 2025, Summer...
[INFO] 			 - Running SMOPF, Network case33_2, 2025, Autumn...
[INFO] 			 - Running SMOPF, Network case33_2, 2025, Winter...
[INFO] 			 - Running SMOPF, Network case33_2, 2030, Spring...
[INFO] 			 - Running SMOPF, Network case33_2, 2030, Summer...
[INFO] 			 - Running SMOPF, Network case33_2, 2030, Autumn...
[INFO] 			 - Running SMOPF, Network case33_2, 2030, Winter...
[INFO] 			 - Running SMOPF, Network case33_2, 2035, Spring...
[INFO] 			 - Running SMOPF, Network case33_2, 2035, Summer...
[INFO] 			 - Running SMOPF, Network case33_2, 2035, Autumn...
[WARNING] Network primary solve did not converge for case33_2, year=2035, day=Autumn: status=warning, termination=maxIterations, message=Ipopt 3.14.18\x3a Maximum Number of Iterations Exceeded. | warm_start=True
[WARNING] ADMM penalties for case33_2, year=2035, day=Autumn: rho_v=2.25, rho_pf=5.20246, rho_ess=1
[WARNING] IPOPT primary solve log for case33_2, year=2035, day=Autumn: /Users/micaelsimoes/Projects/share-resource-planning-no_esso-degradation/data/SRP1/Results/P56A/evals/p515g1b_baseline/logs/optim_log_case33_2_2035_Autumn.log
[INFO] Retrying network solve once for case33_2, year=2035, day=Autumn, cold start, with warm_start_init_point=no.
[INFO] Network recovery solve succeeded for case33_2, year=2035, day=Autumn.
[INFO] 			 - Running SMOPF, Network case33_2, 2035, Winter...
[INFO] 			 - Running SMOPF, Network case33_3, 2025, Spring...
[INFO] 			 - Running SMOPF, Network case33_3, 2025, Summer...
[INFO] 			 - Running SMOPF, Network case33_3, 2025, Autumn...
[INFO] 			 - Running SMOPF, Network case33_3, 2025, Winter...
[INFO] 			 - Running SMOPF, Network case33_3, 2030, Spring...
[INFO] 			 - Running SMOPF, Network case33_3, 2030, Summer...
[INFO] 			 - Running SMOPF, Network case33_3, 2030, Autumn...
[WARNING] Network primary solve did not converge for case33_3, year=2030, day=Autumn: status=warning, termination=maxIterations, message=Ipopt 3.14.18\x3a Maximum Number of Iterations Exceeded. | warm_start=True
[WARNING] ADMM penalties for case33_3, year=2030, day=Autumn: rho_v=2.25, rho_pf=5.20246, rho_ess=1
[WARNING] IPOPT primary solve log for case33_3, year=2030, day=Autumn: /Users/micaelsimoes/Projects/share-resource-planning-no_esso-degradation/data/SRP1/Results/P56A/evals/p515g1b_baseline/logs/optim_log_case33_3_2030_Autumn.log
[INFO] Retrying network solve once for case33_3, year=2030, day=Autumn, cold start, with warm_start_init_point=no.
[INFO] Network recovery solve succeeded for case33_3, year=2030, day=Autumn.
[INFO] 			 - Running SMOPF, Network case33_3, 2030, Winter...
[INFO] 			 - Running SMOPF, Network case33_3, 2035, Spring...
[INFO] 			 - Running SMOPF, Network case33_3, 2035, Summer...
[INFO] 			 - Running SMOPF, Network case33_3, 2035, Autumn...
[INFO] 			 - Running SMOPF, Network case33_3, 2035, Winter...
[INFO] 		 - Updating transmission network...
[INFO] 			 - Running SMOPF, Network case9, 2025, Spring...
[INFO] 			 - Running SMOPF, Network case9, 2025, Summer...
[INFO] 			 - Running SMOPF, Network case9, 2025, Autumn...
[INFO] 			 - Running SMOPF, Network case9, 2025, Winter...
[INFO] 			 - Running SMOPF, Network case9, 2030, Spring...
[INFO] 			 - Running SMOPF, Network case9, 2030, Summer...
[INFO] 			 - Running SMOPF, Network case9, 2030, Autumn...
[INFO] 			 - Running SMOPF, Network case9, 2030, Winter...
[INFO] 			 - Running SMOPF, Network case9, 2035, Spring...
[INFO] 			 - Running SMOPF, Network case9, 2035, Summer...
[INFO] 			 - Running SMOPF, Network case9, 2035, Autumn...
[INFO] 			 - Running SMOPF, Network case9, 2035, Winter...
[TSO PROX] cycle=29 | updated_blocks=12 | held_failed_blocks=0 | V max=0.000235 | PF max=0.012897 | ESS max=0.000579
[TSO PROX][V MAX] node=7, year=2030, day=Summer, period=11 | dV=0.081237 kV | normalized=0.000235
[TSO PROX][PF MAX] node=9, year=2025, day=Summer, period=9, type=P | delta=1.934562 MW | normalized=0.012897
[TSO PROX][ESS MAX] node=9, year=2035, day=Winter, period=20, type=P | delta=0.001123 MW | normalized=0.000579
[INFO] 		 - Updating SharedESS...
[INFO] 		 - Running Shared ESS optimization (subproblem)...
[INFO] 			 - Node 5...
[INFO] Shared ESS complementarity diagnostics for ESS node=5: ratio_max=9.121601e-06 n_periods=288 mu_final=1.589965e-11 s_obj=1.000000e-01 eps=1.000000e-05 bound=4.579099e-03 measured=2.625584e-03
[INFO] 			 - Node 7...
[INFO] Shared ESS complementarity diagnostics for ESS node=7: ratio_max=9.110887e-06 n_periods=288 mu_final=1.594610e-11 s_obj=1.000000e-01 eps=1.000000e-05 bound=4.592475e-03 measured=2.619976e-03
[INFO] 			 - Node 9...
[INFO] Shared ESS complementarity diagnostics for ESS node=9: ratio_max=8.949443e-06 n_periods=288 mu_final=1.605103e-11 s_obj=1.000000e-01 eps=1.000000e-05 bound=4.622697e-03 measured=2.627634e-03
[INFO]		 - Primal residuals ok!
[INFO]		 - Dual residuals ok!
[RECOURSE JUMP] cycle=29 | abs_change=1.884605e+06 | tol=8.348986e+04 | signed_change=-1.884605e+06
[RECOURSE JUMP] Reconciliation | previous=8.348986e+08 | current=8.330140e+08 | block_delta=-1.884605e+06 | mismatch=+0.000000e+00
[RECOURSE JUMP] Aggregate signed changes:
  TSO | delta=-3.125531e+06
  DSO node=7 | delta=+5.537005e+05
  DSO node=9 | delta=+4.588342e+05
  DSO node=5 | delta=+2.283912e+05
  SALVAGE | delta=+3.547651e-35
[RECOURSE JUMP] Largest 10 block changes:
  TSO node=None year=2035 day=Summer | previous=7.395041e+07 | current=7.311058e+07 | delta=-8.398345e+05 | abs_delta=8.398345e+05
    [RECOURSE JUMP][TSO PROX] year=2035 day=Summer | V max=0.000185 | PF max=0.008978 | ESS max=0.000206
    [RECOURSE COMPONENTS] gen=-1.396921e+06 | flex=+5.570870e+05 | load_curt=+0.000000e+00 | res_curt=+0.000000e+00 | ess_usage=+0.000000e+00 | slacks=-4.312994e-12 | ess_comp=-7.897826e-02
    [SLACK COMPONENTS] voltage=-4.312994e-12 | node_P=+0.000000e+00 | node_Q=+0.000000e+00 | branch_ij=+0.000000e+00 | branch_ji=+0.000000e+00 | flex_P=+0.000000e+00 | flex_Q=+0.000000e+00
    [SLACK COMPONENT CHECK] classified_delta=-4.312994e-12 | objective_slack_delta=-4.312994e-12 | mismatch=+0.000000e+00
    [RECOURSE COMPONENT CHECK] classified_delta=-8.398345e+05 | block_delta=-8.398345e+05 | mismatch=-4.656613e-10
  TSO node=None year=2025 day=Summer | previous=9.293547e+07 | current=9.234959e+07 | delta=-5.858766e+05 | abs_delta=5.858766e+05
    [RECOURSE JUMP][TSO PROX] year=2025 day=Summer | V max=0.000189 | PF max=0.012897 | ESS max=0.000279
    [RECOURSE COMPONENTS] gen=-6.767936e+05 | flex=+9.091703e+04 | load_curt=+0.000000e+00 | res_curt=+0.000000e+00 | ess_usage=+0.000000e+00 | slacks=-2.131628e-13 | ess_comp=-5.999902e-05
    [SLACK COMPONENTS] voltage=-2.131628e-13 | node_P=+0.000000e+00 | node_Q=+0.000000e+00 | branch_ij=+0.000000e+00 | branch_ji=+0.000000e+00 | flex_P=-8.881784e-16 | flex_Q=-8.881784e-16
    [SLACK COMPONENT CHECK] classified_delta=-2.149392e-13 | objective_slack_delta=-2.131628e-13 | mismatch=-1.776357e-15
    [RECOURSE COMPONENT CHECK] classified_delta=-5.858766e+05 | block_delta=-5.858766e+05 | mismatch=-1.071021e-08
  TSO node=None year=2030 day=Spring | previous=6.136223e+07 | current=6.083820e+07 | delta=-5.240310e+05 | abs_delta=5.240310e+05
    [RECOURSE JUMP][TSO PROX] year=2030 day=Spring | V max=0.000128 | PF max=0.011706 | ESS max=0.000019
    [RECOURSE COMPONENTS] gen=-7.623816e+05 | flex=+2.383507e+05 | load_curt=+0.000000e+00 | res_curt=+0.000000e+00 | ess_usage=+0.000000e+00 | slacks=-1.106600e-08 | ess_comp=+2.811959e-02
    [SLACK COMPONENTS] voltage=-7.286729e-09 | node_P=+0.000000e+00 | node_Q=+0.000000e+00 | branch_ij=+0.000000e+00 | branch_ji=+0.000000e+00 | flex_P=-1.889633e-09 | flex_Q=-1.889633e-09
    [SLACK COMPONENT CHECK] classified_delta=-1.106600e-08 | objective_slack_delta=-1.106600e-08 | mismatch=+4.440892e-15
    [RECOURSE COMPONENT CHECK] classified_delta=-5.240310e+05 | block_delta=-5.240310e+05 | mismatch=+3.026798e-09
  TSO node=None year=2035 day=Spring | previous=6.452377e+07 | current=6.404558e+07 | delta=-4.781926e+05 | abs_delta=4.781926e+05
    [RECOURSE JUMP][TSO PROX] year=2035 day=Spring | V max=0.000189 | PF max=0.009201 | ESS max=0.000156
    [RECOURSE COMPONENTS] gen=-7.032799e+05 | flex=+2.250885e+05 | load_curt=+0.000000e+00 | res_curt=+0.000000e+00 | ess_usage=+0.000000e+00 | slacks=+9.952998e-10 | ess_comp=-1.151527e+00
    [SLACK COMPONENTS] voltage=+6.843877e-10 | node_P=+0.000000e+00 | node_Q=+0.000000e+00 | branch_ij=+0.000000e+00 | branch_ji=+0.000000e+00 | flex_P=+1.554699e-10 | flex_Q=+1.554699e-10
    [SLACK COMPONENT CHECK] classified_delta=+9.953274e-10 | objective_slack_delta=+9.952998e-10 | mismatch=+2.753353e-14
    [RECOURSE COMPONENT CHECK] classified_delta=-4.781926e+05 | block_delta=-4.781926e+05 | mismatch=-2.444722e-09
  TSO node=None year=2025 day=Spring | previous=8.195934e+07 | current=8.149747e+07 | delta=-4.618727e+05 | abs_delta=4.618727e+05
    [RECOURSE JUMP][TSO PROX] year=2025 day=Spring | V max=0.000101 | PF max=0.011337 | ESS max=0.000405
    [RECOURSE COMPONENTS] gen=-6.954569e+05 | flex=+2.335841e+05 | load_curt=+0.000000e+00 | res_curt=+0.000000e+00 | ess_usage=+0.000000e+00 | slacks=-1.291511e-09 | ess_comp=+8.104953e-05
    [SLACK COMPONENTS] voltage=-8.528360e-10 | node_P=+0.000000e+00 | node_Q=+0.000000e+00 | branch_ij=+0.000000e+00 | branch_ji=+0.000000e+00 | flex_P=-2.193583e-10 | flex_Q=-2.193583e-10
    [SLACK COMPONENT CHECK] classified_delta=-1.291553e-09 | objective_slack_delta=-1.291511e-09 | mismatch=-4.174439e-14
    [RECOURSE COMPONENT CHECK] classified_delta=-4.618727e+05 | block_delta=-4.618727e+05 | mismatch=+8.265488e-09
  DSO node=9 year=2035 day=Summer | previous=6.301881e+06 | current=6.575208e+06 | delta=+2.733279e+05 | abs_delta=2.733279e+05
    [RECOURSE COMPONENTS] gen=+0.000000e+00 | flex=+2.782952e+05 | load_curt=+0.000000e+00 | res_curt=-4.967313e+03 | ess_usage=+0.000000e+00 | slacks=-8.860507e-07 | ess_comp=-5.725652e-04
    [SLACK COMPONENTS] voltage=-8.820790e-07 | node_P=+0.000000e+00 | node_Q=+0.000000e+00 | branch_ij=+0.000000e+00 | branch_ji=+0.000000e+00 | flex_P=-3.971550e-09 | flex_Q=+0.000000e+00
    [SLACK COMPONENT CHECK] classified_delta=-8.860506e-07 | objective_slack_delta=-8.860507e-07 | mismatch=+1.563194e-13
    [RECOURSE COMPONENT CHECK] classified_delta=+2.733279e+05 | block_delta=+2.733279e+05 | mismatch=+1.047738e-09
  DSO node=7 year=2030 day=Spring | previous=2.911688e+06 | current=3.083974e+06 | delta=+1.722857e+05 | abs_delta=1.722857e+05
    [RECOURSE COMPONENTS] gen=+0.000000e+00 | flex=+1.764029e+05 | load_curt=+0.000000e+00 | res_curt=-4.117199e+03 | ess_usage=+0.000000e+00 | slacks=-7.384014e-07 | ess_comp=+4.272515e-04
    [SLACK COMPONENTS] voltage=-6.791093e-07 | node_P=+0.000000e+00 | node_Q=+0.000000e+00 | branch_ij=+0.000000e+00 | branch_ji=+0.000000e+00 | flex_P=-4.677127e-08 | flex_Q=-1.252197e-08
    [SLACK COMPONENT CHECK] classified_delta=-7.384025e-07 | objective_slack_delta=-7.384014e-07 | mismatch=-1.115552e-12
    [RECOURSE COMPONENT CHECK] classified_delta=+1.722857e+05 | block_delta=+1.722857e+05 | mismatch=-2.328306e-10
  DSO node=7 year=2025 day=Spring | previous=2.287242e+06 | current=2.438156e+06 | delta=+1.509142e+05 | abs_delta=1.509142e+05
    [RECOURSE COMPONENTS] gen=+0.000000e+00 | flex=+1.554670e+05 | load_curt=+0.000000e+00 | res_curt=-4.552790e+03 | ess_usage=+0.000000e+00 | slacks=-4.768312e-07 | ess_comp=-4.471586e-05
    [SLACK COMPONENTS] voltage=-4.668174e-07 | node_P=+0.000000e+00 | node_Q=+0.000000e+00 | branch_ij=+0.000000e+00 | branch_ji=+0.000000e+00 | flex_P=-1.001390e-08 | flex_Q=+0.000000e+00
    [SLACK COMPONENT CHECK] classified_delta=-4.768313e-07 | objective_slack_delta=-4.768312e-07 | mismatch=-8.171241e-14
    [RECOURSE COMPONENT CHECK] classified_delta=+1.509142e+05 | block_delta=+1.509142e+05 | mismatch=-2.037268e-10
  DSO node=5 year=2035 day=Summer | previous=6.009182e+06 | current=6.151754e+06 | delta=+1.425722e+05 | abs_delta=1.425722e+05
    [RECOURSE COMPONENTS] gen=+0.000000e+00 | flex=+1.425697e+05 | load_curt=+0.000000e+00 | res_curt=+2.464375e+00 | ess_usage=+0.000000e+00 | slacks=-1.136402e-06 | ess_comp=-7.190196e-04
    [SLACK COMPONENTS] voltage=-4.032692e-07 | node_P=+0.000000e+00 | node_Q=+0.000000e+00 | branch_ij=+0.000000e+00 | branch_ji=+0.000000e+00 | flex_P=-7.331326e-07 | flex_Q=+0.000000e+00
    [SLACK COMPONENT CHECK] classified_delta=-1.136402e-06 | objective_slack_delta=-1.136402e-06 | mismatch=+1.776357e-14
    [RECOURSE COMPONENT CHECK] classified_delta=+1.425722e+05 | block_delta=+1.425722e+05 | mismatch=-1.164153e-10
  DSO node=7 year=2035 day=Summer | previous=3.672874e+06 | current=3.795002e+06 | delta=+1.221277e+05 | abs_delta=1.221277e+05
    [RECOURSE COMPONENTS] gen=+0.000000e+00 | flex=+1.246015e+05 | load_curt=+0.000000e+00 | res_curt=-2.473747e+03 | ess_usage=+0.000000e+00 | slacks=-7.585983e-07 | ess_comp=-6.800947e-04
    [SLACK COMPONENTS] voltage=-7.491521e-07 | node_P=+0.000000e+00 | node_Q=+0.000000e+00 | branch_ij=+0.000000e+00 | branch_ji=+0.000000e+00 | flex_P=-7.975473e-09 | flex_Q=-1.470749e-09
    [SLACK COMPONENT CHECK] classified_delta=-7.585983e-07 | objective_slack_delta=-7.585983e-07 | mismatch=-3.907985e-14
    [RECOURSE COMPONENT CHECK] classified_delta=+1.221277e+05 | block_delta=+1.221277e+05 | mismatch=+4.365575e-10
[INFO]		 - Recourse stationarity failed. 1884604.747841 > 83489.858819
[ADMM RHO] V | primal max ratio=0.005 | primal mean ratio=0.004 | primal selected=0.005 | dual mean ratio=0.011 | increase threshold=5.0 | decrease threshold=5.0 | action=held
[ADMM RHO] PF | primal max ratio=0.908 | primal mean ratio=0.098 | primal selected=0.908 | dual mean ratio=0.447 | increase threshold=5.0 | decrease threshold=3.0 | action=held
[ADMM RHO] ESS | primal max ratio=0.008 | primal mean ratio=0.005 | primal selected=0.008 | dual mean ratio=0.013 | increase threshold=5.0 | decrease threshold=5.0 | action=held
[INFO]		 - ADMM cycle 29 | Primal (V max/mean | PF max/mean | ESS max/mean) = 0.000054/0.000004 | 0.009077/0.000098 | 0.000816/0.000055 | Dual (V max/mean | PF max/mean | ESS max/mean) = 0.000530/0.000114 | 0.067097/0.004470 | 0.003464/0.000130 | Recourse change = 1884604.747841 (tol. 83489.858819) | Stable cycles = 0/1 | Penalty actions (V/PF/ESS) = held/held/held
[INFO] 	 - Iteration 29: 37.80 s
[INFO] 	 - ADMM Iteration 30
[INFO] 		 - Updating distribution networks:
[INFO] 			 - Running SMOPF, Network case33_1, 2025, Spring...
[INFO] 			 - Running SMOPF, Network case33_1, 2025, Summer...
[INFO] 			 - Running SMOPF, Network case33_1, 2025, Autumn...
[INFO] 			 - Running SMOPF, Network case33_1, 2025, Winter...
[INFO] 			 - Running SMOPF, Network case33_1, 2030, Spring...
[INFO] 			 - Running SMOPF, Network case33_1, 2030, Summer...
[INFO] 			 - Running SMOPF, Network case33_1, 2030, Autumn...
[INFO] 			 - Running SMOPF, Network case33_1, 2030, Winter...
[INFO] 			 - Running SMOPF, Network case33_1, 2035, Spring...
[INFO] 			 - Running SMOPF, Network case33_1, 2035, Summer...
[INFO] 			 - Running SMOPF, Network case33_1, 2035, Autumn...
[INFO] 			 - Running SMOPF, Network case33_1, 2035, Winter...
[INFO] 			 - Running SMOPF, Network case33_2, 2025, Spring...
[INFO] 			 - Running SMOPF, Network case33_2, 2025, Summer...
[INFO] 			 - Running SMOPF, Network case33_2, 2025, Autumn...
[INFO] 			 - Running SMOPF, Network case33_2, 2025, Winter...
[INFO] 			 - Running SMOPF, Network case33_2, 2030, Spring...
[INFO] 			 - Running SMOPF, Network case33_2, 2030, Summer...
[INFO] 			 - Running SMOPF, Network case33_2, 2030, Autumn...
[INFO] 			 - Running SMOPF, Network case33_2, 2030, Winter...
[INFO] 			 - Running SMOPF, Network case33_2, 2035, Spring...
[INFO] 			 - Running SMOPF, Network case33_2, 2035, Summer...
[INFO] 			 - Running SMOPF, Network case33_2, 2035, Autumn...
[INFO] 			 - Running SMOPF, Network case33_2, 2035, Winter...
[INFO] 			 - Running SMOPF, Network case33_3, 2025, Spring...
[INFO] 			 - Running SMOPF, Network case33_3, 2025, Summer...
[INFO] 			 - Running SMOPF, Network case33_3, 2025, Autumn...
[INFO] 			 - Running SMOPF, Network case33_3, 2025, Winter...
[INFO] 			 - Running SMOPF, Network case33_3, 2030, Spring...
[INFO] 			 - Running SMOPF, Network case33_3, 2030, Summer...
[INFO] 			 - Running SMOPF, Network case33_3, 2030, Autumn...
[INFO] 			 - Running SMOPF, Network case33_3, 2030, Winter...
[INFO] 			 - Running SMOPF, Network case33_3, 2035, Spring...
[INFO] 			 - Running SMOPF, Network case33_3, 2035, Summer...
[INFO] 			 - Running SMOPF, Network case33_3, 2035, Autumn...
[INFO] 			 - Running SMOPF, Network case33_3, 2035, Winter...
[INFO] 		 - Updating transmission network...
[INFO] 			 - Running SMOPF, Network case9, 2025, Spring...
[INFO] 			 - Running SMOPF, Network case9, 2025, Summer...
[INFO] 			 - Running SMOPF, Network case9, 2025, Autumn...
[INFO] 			 - Running SMOPF, Network case9, 2025, Winter...
[INFO] 			 - Running SMOPF, Network case9, 2030, Spring...
[INFO] 			 - Running SMOPF, Network case9, 2030, Summer...
[INFO] 			 - Running SMOPF, Network case9, 2030, Autumn...
[INFO] 			 - Running SMOPF, Network case9, 2030, Winter...
[INFO] 			 - Running SMOPF, Network case9, 2035, Spring...
[INFO] 			 - Running SMOPF, Network case9, 2035, Summer...
[INFO] 			 - Running SMOPF, Network case9, 2035, Autumn...
[INFO] 			 - Running SMOPF, Network case9, 2035, Winter...
[TSO PROX] cycle=30 | updated_blocks=12 | held_failed_blocks=0 | V max=0.000196 | PF max=0.011324 | ESS max=0.000405
[TSO PROX][V MAX] node=7, year=2030, day=Summer, period=11 | dV=0.067467 kV | normalized=0.000196
[TSO PROX][PF MAX] node=7, year=2025, day=Spring, period=23, type=P | delta=1.132449 MW | normalized=0.011324
[TSO PROX][ESS MAX] node=5, year=2025, day=Spring, period=14, type=P | delta=0.000784 MW | normalized=0.000405
[INFO] 		 - Updating SharedESS...
[INFO] 		 - Running Shared ESS optimization (subproblem)...
[INFO] 			 - Node 5...
[INFO] Shared ESS complementarity diagnostics for ESS node=5: ratio_max=9.100805e-06 n_periods=288 mu_final=1.595076e-11 s_obj=1.000000e-01 eps=1.000000e-05 bound=4.593820e-03 measured=2.621597e-03
[INFO] 			 - Node 7...
[INFO] Shared ESS complementarity diagnostics for ESS node=7: ratio_max=9.125997e-06 n_periods=288 mu_final=1.599898e-11 s_obj=1.000000e-01 eps=1.000000e-05 bound=4.607707e-03 measured=2.621501e-03
[INFO] 			 - Node 9...
[INFO] Shared ESS complementarity diagnostics for ESS node=9: ratio_max=8.934829e-06 n_periods=288 mu_final=1.610643e-11 s_obj=1.000000e-01 eps=1.000000e-05 bound=4.638651e-03 measured=2.624365e-03
[INFO]		 - Primal residuals ok!
[INFO]		 - Dual residuals ok!
[RECOURSE JUMP] cycle=30 | abs_change=1.329188e+06 | tol=8.330140e+04 | signed_change=-1.329188e+06
[RECOURSE JUMP] Reconciliation | previous=8.330140e+08 | current=8.316848e+08 | block_delta=-1.329188e+06 | mismatch=+0.000000e+00
[RECOURSE JUMP] Aggregate signed changes:
  TSO | delta=-2.382757e+06
  DSO node=7 | delta=+5.018330e+05
  DSO node=9 | delta=+3.021436e+05
  DSO node=5 | delta=+2.495916e+05
  SALVAGE | delta=-2.681836e-36
[RECOURSE JUMP] Largest 10 block changes:
  TSO node=None year=2035 day=Summer | previous=7.311058e+07 | current=7.227084e+07 | delta=-8.397410e+05 | abs_delta=8.397410e+05
    [RECOURSE JUMP][TSO PROX] year=2035 day=Summer | V max=0.000184 | PF max=0.008947 | ESS max=0.000196
    [RECOURSE COMPONENTS] gen=-1.396543e+06 | flex=+5.568023e+05 | load_curt=+0.000000e+00 | res_curt=+0.000000e+00 | ess_usage=+0.000000e+00 | slacks=-4.192202e-12 | ess_comp=-8.087856e-01
    [SLACK COMPONENTS] voltage=-4.220624e-12 | node_P=+0.000000e+00 | node_Q=+0.000000e+00 | branch_ij=+0.000000e+00 | branch_ji=+0.000000e+00 | flex_P=+9.769963e-15 | flex_Q=+9.769963e-15
    [SLACK COMPONENT CHECK] classified_delta=-4.201084e-12 | objective_slack_delta=-4.192202e-12 | mismatch=-8.881784e-15
    [RECOURSE COMPONENT CHECK] classified_delta=-8.397410e+05 | block_delta=-8.397410e+05 | mismatch=+5.820766e-10
  TSO node=None year=2025 day=Spring | previous=8.149747e+07 | current=8.106385e+07 | delta=-4.336175e+05 | abs_delta=4.336175e+05
    [RECOURSE JUMP][TSO PROX] year=2025 day=Spring | V max=0.000096 | PF max=0.011324 | ESS max=0.000405
    [RECOURSE COMPONENTS] gen=-6.511850e+05 | flex=+2.175674e+05 | load_curt=+0.000000e+00 | res_curt=+0.000000e+00 | ess_usage=+0.000000e+00 | slacks=-1.214168e-09 | ess_comp=+9.017240e-05
    [SLACK COMPONENTS] voltage=-8.018333e-10 | node_P=+0.000000e+00 | node_Q=+0.000000e+00 | branch_ij=+0.000000e+00 | branch_ji=+0.000000e+00 | flex_P=-2.061626e-10 | flex_Q=-2.061626e-10
    [SLACK COMPONENT CHECK] classified_delta=-1.214159e-09 | objective_slack_delta=-1.214168e-09 | mismatch=+9.769963e-15
    [RECOURSE COMPONENT CHECK] classified_delta=-4.336175e+05 | block_delta=-4.336175e+05 | mismatch=-5.064066e-09
  TSO node=None year=2030 day=Spring | previous=6.083820e+07 | current=6.041902e+07 | delta=-4.191811e+05 | abs_delta=4.191811e+05
    [RECOURSE JUMP][TSO PROX] year=2030 day=Spring | V max=0.000125 | PF max=0.009964 | ESS max=0.000019
    [RECOURSE COMPONENTS] gen=-6.098115e+05 | flex=+1.906302e+05 | load_curt=+0.000000e+00 | res_curt=+0.000000e+00 | ess_usage=+0.000000e+00 | slacks=-1.341104e-08 | ess_comp=+1.227597e-01
    [SLACK COMPONENTS] voltage=-8.832188e-09 | node_P=+0.000000e+00 | node_Q=+0.000000e+00 | branch_ij=+0.000000e+00 | branch_ji=+0.000000e+00 | flex_P=-2.289429e-09 | flex_Q=-2.289429e-09
    [SLACK COMPONENT CHECK] classified_delta=-1.341105e-08 | objective_slack_delta=-1.341104e-08 | mismatch=-7.105427e-15
    [RECOURSE COMPONENT CHECK] classified_delta=-4.191811e+05 | block_delta=-4.191811e+05 | mismatch=-8.381903e-09
  TSO node=None year=2035 day=Spring | previous=6.404558e+07 | current=6.374518e+07 | delta=-3.004022e+05 | abs_delta=3.004022e+05
    [RECOURSE JUMP][TSO PROX] year=2035 day=Spring | V max=0.000158 | PF max=0.009071 | ESS max=0.000192
    [RECOURSE COMPONENTS] gen=-4.556681e+05 | flex=+1.552663e+05 | load_curt=+0.000000e+00 | res_curt=+0.000000e+00 | ess_usage=+0.000000e+00 | slacks=+1.593214e-09 | ess_comp=-2.999613e-01
    [SLACK COMPONENTS] voltage=+1.075009e-09 | node_P=+0.000000e+00 | node_Q=+0.000000e+00 | branch_ij=+0.000000e+00 | branch_ji=+0.000000e+00 | flex_P=+2.590932e-10 | flex_Q=+2.590932e-10
    [SLACK COMPONENT CHECK] classified_delta=+1.593195e-09 | objective_slack_delta=+1.593214e-09 | mismatch=-1.953993e-14
    [RECOURSE COMPONENT CHECK] classified_delta=-3.004022e+05 | block_delta=-3.004022e+05 | mismatch=-3.899913e-09
  DSO node=9 year=2035 day=Summer | previous=6.575208e+06 | current=6.847774e+06 | delta=+2.725656e+05 | abs_delta=2.725656e+05
    [RECOURSE COMPONENTS] gen=+0.000000e+00 | flex=+2.776438e+05 | load_curt=+0.000000e+00 | res_curt=-5.078173e+03 | ess_usage=+0.000000e+00 | slacks=-8.815032e-07 | ess_comp=-9.419436e-04
    [SLACK COMPONENTS] voltage=-8.707665e-07 | node_P=+0.000000e+00 | node_Q=+0.000000e+00 | branch_ij=+0.000000e+00 | branch_ji=+0.000000e+00 | flex_P=-1.073668e-08 | flex_Q=+0.000000e+00
    [SLACK COMPONENT CHECK] classified_delta=-8.815032e-07 | objective_slack_delta=-8.815032e-07 | mismatch=-3.907985e-14
    [RECOURSE COMPONENT CHECK] classified_delta=+2.725656e+05 | block_delta=+2.725656e+05 | mismatch=-9.313226e-10
  TSO node=None year=2025 day=Summer | previous=9.234959e+07 | current=9.210564e+07 | delta=-2.439470e+05 | abs_delta=2.439470e+05
    [RECOURSE JUMP][TSO PROX] year=2025 day=Summer | V max=0.000168 | PF max=0.010019 | ESS max=0.000279
    [RECOURSE COMPONENTS] gen=-1.774619e+05 | flex=-6.648512e+04 | load_curt=+0.000000e+00 | res_curt=+0.000000e+00 | ess_usage=+0.000000e+00 | slacks=+3.616663e-12 | ess_comp=-7.255020e-05
    [SLACK COMPONENTS] voltage=+3.616663e-12 | node_P=+0.000000e+00 | node_Q=+0.000000e+00 | branch_ij=+0.000000e+00 | branch_ji=+0.000000e+00 | flex_P=-8.881784e-16 | flex_Q=-8.881784e-16
    [SLACK COMPONENT CHECK] classified_delta=+3.614886e-12 | objective_slack_delta=+3.616663e-12 | mismatch=-1.776357e-15
    [RECOURSE COMPONENT CHECK] classified_delta=-2.439470e+05 | block_delta=-2.439470e+05 | mismatch=+1.752051e-08
  DSO node=7 year=2025 day=Spring | previous=2.438156e+06 | current=2.594924e+06 | delta=+1.567677e+05 | abs_delta=1.567677e+05
    [RECOURSE COMPONENTS] gen=+0.000000e+00 | flex=+1.614147e+05 | load_curt=+0.000000e+00 | res_curt=-4.646984e+03 | ess_usage=+0.000000e+00 | slacks=-4.089599e-07 | ess_comp=-4.537522e-05
    [SLACK COMPONENTS] voltage=-3.797679e-07 | node_P=+0.000000e+00 | node_Q=+0.000000e+00 | branch_ij=+0.000000e+00 | branch_ji=+0.000000e+00 | flex_P=-2.919195e-08 | flex_Q=+0.000000e+00
    [SLACK COMPONENT CHECK] classified_delta=-4.089598e-07 | objective_slack_delta=-4.089599e-07 | mismatch=+9.947598e-14
    [RECOURSE COMPONENT CHECK] classified_delta=+1.567677e+05 | block_delta=+1.567677e+05 | mismatch=+3.783498e-10
  DSO node=5 year=2035 day=Summer | previous=6.151754e+06 | current=6.294994e+06 | delta=+1.432406e+05 | abs_delta=1.432406e+05
    [RECOURSE COMPONENTS] gen=+0.000000e+00 | flex=+1.432383e+05 | load_curt=+0.000000e+00 | res_curt=+2.284206e+00 | ess_usage=+0.000000e+00 | slacks=-2.203519e-06 | ess_comp=-1.220226e-03
    [SLACK COMPONENTS] voltage=-4.912824e-07 | node_P=+0.000000e+00 | node_Q=+0.000000e+00 | branch_ij=+0.000000e+00 | branch_ji=+0.000000e+00 | flex_P=-1.712236e-06 | flex_Q=+0.000000e+00
    [SLACK COMPONENT CHECK] classified_delta=-2.203519e-06 | objective_slack_delta=-2.203519e-06 | mismatch=-2.842171e-14
    [RECOURSE COMPONENT CHECK] classified_delta=+1.432406e+05 | block_delta=+1.432406e+05 | mismatch=-5.238689e-10
  DSO node=7 year=2035 day=Summer | previous=3.795002e+06 | current=3.917094e+06 | delta=+1.220917e+05 | abs_delta=1.220917e+05
    [RECOURSE COMPONENTS] gen=+0.000000e+00 | flex=+1.244997e+05 | load_curt=+0.000000e+00 | res_curt=-2.408025e+03 | ess_usage=+0.000000e+00 | slacks=-7.505366e-07 | ess_comp=-1.224496e-03
    [SLACK COMPONENTS] voltage=-7.431109e-07 | node_P=+0.000000e+00 | node_Q=+0.000000e+00 | branch_ij=+0.000000e+00 | branch_ji=+0.000000e+00 | flex_P=-7.425562e-09 | flex_Q=+0.000000e+00
    [SLACK COMPONENT CHECK] classified_delta=-7.505365e-07 | objective_slack_delta=-7.505366e-07 | mismatch=+1.207923e-13
    [RECOURSE COMPONENT CHECK] classified_delta=+1.220917e+05 | block_delta=+1.220917e+05 | mismatch=-3.346941e-10
  DSO node=7 year=2030 day=Spring | previous=3.083974e+06 | current=3.195372e+06 | delta=+1.113980e+05 | abs_delta=1.113980e+05
    [RECOURSE COMPONENTS] gen=+0.000000e+00 | flex=+1.116132e+05 | load_curt=+0.000000e+00 | res_curt=-2.152588e+02 | ess_usage=+0.000000e+00 | slacks=+4.070682e-05 | ess_comp=+3.917733e-04
    [SLACK COMPONENTS] voltage=+1.359477e-05 | node_P=+0.000000e+00 | node_Q=+0.000000e+00 | branch_ij=+0.000000e+00 | branch_ji=+0.000000e+00 | flex_P=+2.711205e-05 | flex_Q=-6.430412e-12
    [SLACK COMPONENT CHECK] classified_delta=+4.070682e-05 | objective_slack_delta=+4.070682e-05 | mismatch=+9.983125e-13
    [RECOURSE COMPONENT CHECK] classified_delta=+1.113980e+05 | block_delta=+1.113980e+05 | mismatch=+2.619345e-10
[INFO]		 - Recourse stationarity failed. 1329188.432638 > 83301.398344
[ADMM RHO] V | primal max ratio=0.005 | primal mean ratio=0.004 | primal selected=0.005 | dual mean ratio=0.011 | increase threshold=5.0 | decrease threshold=5.0 | action=held
[ADMM RHO] PF | primal max ratio=0.620 | primal mean ratio=0.099 | primal selected=0.620 | dual mean ratio=0.403 | increase threshold=5.0 | decrease threshold=3.0 | action=held
[ADMM RHO] ESS | primal max ratio=0.010 | primal mean ratio=0.007 | primal selected=0.010 | dual mean ratio=0.012 | increase threshold=5.0 | decrease threshold=5.0 | action=held
[INFO]		 - ADMM cycle 30 | Primal (V max/mean | PF max/mean | ESS max/mean) = 0.000054/0.000004 | 0.006196/0.000099 | 0.000967/0.000070 | Dual (V max/mean | PF max/mean | ESS max/mean) = 0.000596/0.000111 | 0.058915/0.004031 | 0.003464/0.000123 | Recourse change = 1329188.432638 (tol. 83301.398344) | Stable cycles = 0/1 | Penalty actions (V/PF/ESS) = held/held/held
[INFO] 	 - Iteration 30: 32.37 s
[INFO] 	 - ADMM Iteration 31
[INFO] 		 - Updating distribution networks:
[INFO] 			 - Running SMOPF, Network case33_1, 2025, Spring...
[INFO] 			 - Running SMOPF, Network case33_1, 2025, Summer...
[INFO] 			 - Running SMOPF, Network case33_1, 2025, Autumn...
[INFO] 			 - Running SMOPF, Network case33_1, 2025, Winter...
[INFO] 			 - Running SMOPF, Network case33_1, 2030, Spring...
[INFO] 			 - Running SMOPF, Network case33_1, 2030, Summer...
[INFO] 			 - Running SMOPF, Network case33_1, 2030, Autumn...
[INFO] 			 - Running SMOPF, Network case33_1, 2030, Winter...
[INFO] 			 - Running SMOPF, Network case33_1, 2035, Spring...
[INFO] 			 - Running SMOPF, Network case33_1, 2035, Summer...
[INFO] 			 - Running SMOPF, Network case33_1, 2035, Autumn...
[INFO] 			 - Running SMOPF, Network case33_1, 2035, Winter...
[INFO] 			 - Running SMOPF, Network case33_2, 2025, Spring...
[INFO] 			 - Running SMOPF, Network case33_2, 2025, Summer...
[INFO] 			 - Running SMOPF, Network case33_2, 2025, Autumn...
[INFO] 			 - Running SMOPF, Network case33_2, 2025, Winter...
[INFO] 			 - Running SMOPF, Network case33_2, 2030, Spring...
[INFO] 			 - Running SMOPF, Network case33_2, 2030, Summer...
[INFO] 			 - Running SMOPF, Network case33_2, 2030, Autumn...
[INFO] 			 - Running SMOPF, Network case33_2, 2030, Winter...
[INFO] 			 - Running SMOPF, Network case33_2, 2035, Spring...
[INFO] 			 - Running SMOPF, Network case33_2, 2035, Summer...
[INFO] 			 - Running SMOPF, Network case33_2, 2035, Autumn...
[INFO] 			 - Running SMOPF, Network case33_2, 2035, Winter...
[INFO] 			 - Running SMOPF, Network case33_3, 2025, Spring...
[INFO] 			 - Running SMOPF, Network case33_3, 2025, Summer...
[INFO] 			 - Running SMOPF, Network case33_3, 2025, Autumn...
[INFO] 			 - Running SMOPF, Network case33_3, 2025, Winter...
[INFO] 			 - Running SMOPF, Network case33_3, 2030, Spring...
[INFO] 			 - Running SMOPF, Network case33_3, 2030, Summer...
[INFO] 			 - Running SMOPF, Network case33_3, 2030, Autumn...
[INFO] 			 - Running SMOPF, Network case33_3, 2030, Winter...
[INFO] 			 - Running SMOPF, Network case33_3, 2035, Spring...
[INFO] 			 - Running SMOPF, Network case33_3, 2035, Summer...
[INFO] 			 - Running SMOPF, Network case33_3, 2035, Autumn...
[INFO] 			 - Running SMOPF, Network case33_3, 2035, Winter...
[INFO] 		 - Updating transmission network...
[INFO] 			 - Running SMOPF, Network case9, 2025, Spring...
[INFO] 			 - Running SMOPF, Network case9, 2025, Summer...
[INFO] 			 - Running SMOPF, Network case9, 2025, Autumn...
[INFO] 			 - Running SMOPF, Network case9, 2025, Winter...
[INFO] 			 - Running SMOPF, Network case9, 2030, Spring...
[INFO] 			 - Running SMOPF, Network case9, 2030, Summer...
[INFO] 			 - Running SMOPF, Network case9, 2030, Autumn...
[INFO] 			 - Running SMOPF, Network case9, 2030, Winter...
[INFO] 			 - Running SMOPF, Network case9, 2035, Spring...
[INFO] 			 - Running SMOPF, Network case9, 2035, Summer...
[INFO] 			 - Running SMOPF, Network case9, 2035, Autumn...
[INFO] 			 - Running SMOPF, Network case9, 2035, Winter...
[TSO PROX] cycle=31 | updated_blocks=12 | held_failed_blocks=0 | V max=0.000183 | PF max=0.011313 | ESS max=0.000405
[TSO PROX][V MAX] node=9, year=2035, day=Summer, period=19 | dV=0.063215 kV | normalized=0.000183
[TSO PROX][PF MAX] node=7, year=2025, day=Spring, period=23, type=P | delta=1.131280 MW | normalized=0.011313
[TSO PROX][ESS MAX] node=5, year=2025, day=Spring, period=14, type=P | delta=0.000784 MW | normalized=0.000405
[INFO] 		 - Updating SharedESS...
[INFO] 		 - Running Shared ESS optimization (subproblem)...
[INFO] 			 - Node 5...
[INFO] Shared ESS complementarity diagnostics for ESS node=5: ratio_max=9.189358e-06 n_periods=288 mu_final=1.002323e-11 s_obj=1.000000e-01 eps=1.000000e-05 bound=2.886689e-03 measured=2.639340e-03
[INFO] 			 - Node 7...
[INFO] Shared ESS complementarity diagnostics for ESS node=7: ratio_max=9.201311e-06 n_periods=288 mu_final=9.953157e-12 s_obj=1.000000e-01 eps=1.000000e-05 bound=2.866509e-03 measured=2.639271e-03
[INFO] 			 - Node 9...
[INFO] Shared ESS complementarity diagnostics for ESS node=9: ratio_max=9.127517e-06 n_periods=288 mu_final=9.885456e-12 s_obj=1.000000e-01 eps=1.000000e-05 bound=2.847011e-03 measured=2.636365e-03
[INFO]		 - Primal residuals ok!
[INFO]		 - Dual residuals ok!
[RECOURSE JUMP] cycle=31 | abs_change=1.165646e+06 | tol=8.316848e+04 | signed_change=-1.165646e+06
[RECOURSE JUMP] Reconciliation | previous=8.316848e+08 | current=8.305191e+08 | block_delta=-1.165646e+06 | mismatch=-1.192093e-07
[RECOURSE JUMP] Aggregate signed changes:
  TSO | delta=-2.125911e+06
  DSO node=7 | delta=+4.330501e+05
  DSO node=9 | delta=+2.657589e+05
  DSO node=5 | delta=+2.614557e+05
  SALVAGE | delta=+3.445295e-35
[RECOURSE JUMP] Largest 10 block changes:
  TSO node=None year=2035 day=Summer | previous=7.227084e+07 | current=7.143149e+07 | delta=-8.393477e+05 | abs_delta=8.393477e+05
    [RECOURSE JUMP][TSO PROX] year=2035 day=Summer | V max=0.000183 | PF max=0.008925 | ESS max=0.000220
    [RECOURSE COMPONENTS] gen=-1.396255e+06 | flex=+5.569088e+05 | load_curt=+0.000000e+00 | res_curt=+0.000000e+00 | ess_usage=+0.000000e+00 | slacks=-4.227729e-12 | ess_comp=-1.178950e+00
    [SLACK COMPONENTS] voltage=-4.199308e-12 | node_P=+0.000000e+00 | node_Q=+0.000000e+00 | branch_ij=+0.000000e+00 | branch_ji=+0.000000e+00 | flex_P=-9.769963e-15 | flex_Q=-9.769963e-15
    [SLACK COMPONENT CHECK] classified_delta=-4.218847e-12 | objective_slack_delta=-4.227729e-12 | mismatch=+8.881784e-15
    [RECOURSE COMPONENT CHECK] classified_delta=-8.393477e+05 | block_delta=-8.393477e+05 | mismatch=+1.175795e-08
  TSO node=None year=2025 day=Spring | previous=8.106385e+07 | current=8.061937e+07 | delta=-4.444841e+05 | abs_delta=4.444841e+05
    [RECOURSE JUMP][TSO PROX] year=2025 day=Spring | V max=0.000093 | PF max=0.011313 | ESS max=0.000405
    [RECOURSE COMPONENTS] gen=-6.714930e+05 | flex=+2.270090e+05 | load_curt=+0.000000e+00 | res_curt=+0.000000e+00 | ess_usage=+0.000000e+00 | slacks=-1.420354e-09 | ess_comp=+8.211776e-05
    [SLACK COMPONENTS] voltage=-9.380514e-10 | node_P=+0.000000e+00 | node_Q=+0.000000e+00 | branch_ij=+0.000000e+00 | branch_ji=+0.000000e+00 | flex_P=-2.411427e-10 | flex_Q=-2.411427e-10
    [SLACK COMPONENT CHECK] classified_delta=-1.420337e-09 | objective_slack_delta=-1.420354e-09 | mismatch=+1.687539e-14
    [RECOURSE COMPONENT CHECK] classified_delta=-4.444841e+05 | block_delta=-4.444841e+05 | mismatch=+3.492460e-09
  TSO node=None year=2035 day=Spring | previous=6.374518e+07 | current=6.345346e+07 | delta=-2.917145e+05 | abs_delta=2.917145e+05
    [RECOURSE JUMP][TSO PROX] year=2035 day=Spring | V max=0.000155 | PF max=0.008577 | ESS max=0.000128
    [RECOURSE COMPONENTS] gen=-4.456009e+05 | flex=+1.538866e+05 | load_curt=+0.000000e+00 | res_curt=+0.000000e+00 | ess_usage=+0.000000e+00 | slacks=+5.364427e-09 | ess_comp=-1.460917e-01
    [SLACK COMPONENTS] voltage=+3.542546e-09 | node_P=+0.000000e+00 | node_Q=+0.000000e+00 | branch_ij=+0.000000e+00 | branch_ji=+0.000000e+00 | flex_P=+9.109442e-10 | flex_Q=+9.109442e-10
    [SLACK COMPONENT CHECK] classified_delta=+5.364434e-09 | objective_slack_delta=+5.364427e-09 | mismatch=+7.105427e-15
    [RECOURSE COMPONENT CHECK] classified_delta=-2.917145e+05 | block_delta=-2.917145e+05 | mismatch=+7.858034e-09
  TSO node=None year=2030 day=Spring | previous=6.041902e+07 | current=6.013420e+07 | delta=-2.848192e+05 | abs_delta=2.848192e+05
    [RECOURSE JUMP][TSO PROX] year=2030 day=Spring | V max=0.000123 | PF max=0.007627 | ESS max=0.000024
    [RECOURSE COMPONENTS] gen=-4.006651e+05 | flex=+1.158459e+05 | load_curt=+0.000000e+00 | res_curt=+0.000000e+00 | ess_usage=+0.000000e+00 | slacks=-4.668266e-12 | ess_comp=+7.125733e-02
    [SLACK COMPONENTS] voltage=-4.668266e-12 | node_P=+0.000000e+00 | node_Q=+0.000000e+00 | branch_ij=+0.000000e+00 | branch_ji=+0.000000e+00 | flex_P=-3.108624e-15 | flex_Q=-3.108624e-15
    [SLACK COMPONENT CHECK] classified_delta=-4.674483e-12 | objective_slack_delta=-4.668266e-12 | mismatch=-6.217249e-15
    [RECOURSE COMPONENT CHECK] classified_delta=-2.848192e+05 | block_delta=-2.848192e+05 | mismatch=+1.396984e-09
  DSO node=9 year=2035 day=Summer | previous=6.847774e+06 | current=7.119606e+06 | delta=+2.718317e+05 | abs_delta=2.718317e+05
    [RECOURSE COMPONENTS] gen=+0.000000e+00 | flex=+2.769232e+05 | load_curt=+0.000000e+00 | res_curt=-5.091463e+03 | ess_usage=+0.000000e+00 | slacks=-8.501189e-07 | ess_comp=-1.909346e-03
    [SLACK COMPONENTS] voltage=-8.371574e-07 | node_P=+0.000000e+00 | node_Q=+0.000000e+00 | branch_ij=+0.000000e+00 | branch_ji=+0.000000e+00 | flex_P=-1.296144e-08 | flex_Q=+0.000000e+00
    [SLACK COMPONENT CHECK] classified_delta=-8.501188e-07 | objective_slack_delta=-8.501189e-07 | mismatch=+5.329071e-14
    [RECOURSE COMPONENT CHECK] classified_delta=+2.718317e+05 | block_delta=+2.718317e+05 | mismatch=+4.656613e-10
  DSO node=7 year=2025 day=Spring | previous=2.594924e+06 | current=2.751640e+06 | delta=+1.567162e+05 | abs_delta=1.567162e+05
    [RECOURSE COMPONENTS] gen=+0.000000e+00 | flex=+1.613427e+05 | load_curt=+0.000000e+00 | res_curt=-4.626453e+03 | ess_usage=+0.000000e+00 | slacks=-5.504597e-07 | ess_comp=-2.144493e-04
    [SLACK COMPONENTS] voltage=-5.302297e-07 | node_P=+0.000000e+00 | node_Q=+0.000000e+00 | branch_ij=+0.000000e+00 | branch_ji=+0.000000e+00 | flex_P=-2.023017e-08 | flex_Q=+0.000000e+00
    [SLACK COMPONENT CHECK] classified_delta=-5.504598e-07 | objective_slack_delta=-5.504597e-07 | mismatch=-1.705303e-13
    [RECOURSE COMPONENT CHECK] classified_delta=+1.567162e+05 | block_delta=+1.567162e+05 | mismatch=-4.947651e-10
  DSO node=5 year=2035 day=Summer | previous=6.294994e+06 | current=6.438577e+06 | delta=+1.435824e+05 | abs_delta=1.435824e+05
    [RECOURSE COMPONENTS] gen=+0.000000e+00 | flex=+1.435804e+05 | load_curt=+0.000000e+00 | res_curt=+2.008946e+00 | ess_usage=+0.000000e+00 | slacks=-1.526276e-06 | ess_comp=-2.834950e-03
    [SLACK COMPONENTS] voltage=-4.251369e-07 | node_P=+0.000000e+00 | node_Q=+0.000000e+00 | branch_ij=+0.000000e+00 | branch_ji=+0.000000e+00 | flex_P=-1.101139e-06 | flex_Q=+0.000000e+00
    [SLACK COMPONENT CHECK] classified_delta=-1.526276e-06 | objective_slack_delta=-1.526276e-06 | mismatch=+2.486900e-14
    [RECOURSE COMPONENT CHECK] classified_delta=+1.435824e+05 | block_delta=+1.435824e+05 | mismatch=+9.022187e-10
  TSO node=None year=2025 day=Summer | previous=9.210564e+07 | current=9.196256e+07 | delta=-1.430783e+05 | abs_delta=1.430783e+05
    [RECOURSE JUMP][TSO PROX] year=2025 day=Summer | V max=0.000158 | PF max=0.010016 | ESS max=0.000279
    [RECOURSE COMPONENTS] gen=-4.010200e+04 | flex=-1.029763e+05 | load_curt=+0.000000e+00 | res_curt=+0.000000e+00 | ess_usage=+0.000000e+00 | slacks=+4.099832e-12 | ess_comp=-7.015385e-05
    [SLACK COMPONENTS] voltage=+4.099832e-12 | node_P=+0.000000e+00 | node_Q=+0.000000e+00 | branch_ij=+0.000000e+00 | branch_ji=+0.000000e+00 | flex_P=+0.000000e+00 | flex_Q=+0.000000e+00
    [SLACK COMPONENT CHECK] classified_delta=+4.099832e-12 | objective_slack_delta=+4.099832e-12 | mismatch=+0.000000e+00
    [RECOURSE COMPONENT CHECK] classified_delta=-1.430783e+05 | block_delta=-1.430783e+05 | mismatch=-2.910383e-09
  DSO node=7 year=2035 day=Summer | previous=3.917094e+06 | current=4.039055e+06 | delta=+1.219609e+05 | abs_delta=1.219609e+05
    [RECOURSE COMPONENTS] gen=+0.000000e+00 | flex=+1.243528e+05 | load_curt=+0.000000e+00 | res_curt=-2.391887e+03 | ess_usage=+0.000000e+00 | slacks=-7.637549e-07 | ess_comp=-2.801505e-03
    [SLACK COMPONENTS] voltage=-7.517801e-07 | node_P=+0.000000e+00 | node_Q=+0.000000e+00 | branch_ij=+0.000000e+00 | branch_ji=+0.000000e+00 | flex_P=-1.197490e-08 | flex_Q=+0.000000e+00
    [SLACK COMPONENT CHECK] classified_delta=-7.637550e-07 | objective_slack_delta=-7.637549e-07 | mismatch=-9.592327e-14
    [RECOURSE COMPONENT CHECK] classified_delta=+1.219609e+05 | block_delta=+1.219609e+05 | mismatch=+7.275958e-11
  DSO node=9 year=2025 day=Summer | previous=3.707915e+06 | current=3.598393e+06 | delta=-1.095222e+05 | abs_delta=1.095222e+05
    [RECOURSE COMPONENTS] gen=+0.000000e+00 | flex=-1.095251e+05 | load_curt=+0.000000e+00 | res_curt=+2.955098e+00 | ess_usage=+0.000000e+00 | slacks=+8.638390e-05 | ess_comp=-4.333720e-02
    [SLACK COMPONENTS] voltage=+6.685332e-06 | node_P=+0.000000e+00 | node_Q=+0.000000e+00 | branch_ij=+0.000000e+00 | branch_ji=+0.000000e+00 | flex_P=+7.969856e-05 | flex_Q=+0.000000e+00
    [SLACK COMPONENT CHECK] classified_delta=+8.638390e-05 | objective_slack_delta=+8.638390e-05 | mismatch=-1.705303e-13
    [RECOURSE COMPONENT CHECK] classified_delta=-1.095222e+05 | block_delta=-1.095222e+05 | mismatch=-4.802132e-10
[INFO]		 - Recourse stationarity failed. 1165646.072801 > 83168.479501
[ADMM RHO] V | primal max ratio=0.005 | primal mean ratio=0.003 | primal selected=0.005 | dual mean ratio=0.011 | increase threshold=5.0 | decrease threshold=5.0 | action=held
[ADMM RHO] PF | primal max ratio=0.646 | primal mean ratio=0.088 | primal selected=0.646 | dual mean ratio=0.373 | increase threshold=5.0 | decrease threshold=3.0 | action=held
[ADMM RHO] ESS | primal max ratio=0.012 | primal mean ratio=0.009 | primal selected=0.012 | dual mean ratio=0.012 | increase threshold=5.0 | decrease threshold=5.0 | action=held
[INFO]		 - ADMM cycle 31 | Primal (V max/mean | PF max/mean | ESS max/mean) = 0.000052/0.000003 | 0.006460/0.000088 | 0.001206/0.000086 | Dual (V max/mean | PF max/mean | ESS max/mean) = 0.000412/0.000108 | 0.058855/0.003730 | 0.003464/0.000115 | Recourse change = 1165646.072801 (tol. 83168.479501) | Stable cycles = 0/1 | Penalty actions (V/PF/ESS) = held/held/held
[INFO] 	 - Iteration 31: 32.89 s
[INFO] 	 - ADMM Iteration 32
[INFO] 		 - Updating distribution networks:
[INFO] 			 - Running SMOPF, Network case33_1, 2025, Spring...
[INFO] 			 - Running SMOPF, Network case33_1, 2025, Summer...
[INFO] 			 - Running SMOPF, Network case33_1, 2025, Autumn...
[INFO] 			 - Running SMOPF, Network case33_1, 2025, Winter...
[INFO] 			 - Running SMOPF, Network case33_1, 2030, Spring...
[INFO] 			 - Running SMOPF, Network case33_1, 2030, Summer...
[INFO] 			 - Running SMOPF, Network case33_1, 2030, Autumn...
[INFO] 			 - Running SMOPF, Network case33_1, 2030, Winter...
[INFO] 			 - Running SMOPF, Network case33_1, 2035, Spring...
[INFO] 			 - Running SMOPF, Network case33_1, 2035, Summer...
[INFO] 			 - Running SMOPF, Network case33_1, 2035, Autumn...
[INFO] 			 - Running SMOPF, Network case33_1, 2035, Winter...
[INFO] 			 - Running SMOPF, Network case33_2, 2025, Spring...
[INFO] 			 - Running SMOPF, Network case33_2, 2025, Summer...
[INFO] 			 - Running SMOPF, Network case33_2, 2025, Autumn...
[INFO] 			 - Running SMOPF, Network case33_2, 2025, Winter...
[INFO] 			 - Running SMOPF, Network case33_2, 2030, Spring...
[INFO] 			 - Running SMOPF, Network case33_2, 2030, Summer...
[INFO] 			 - Running SMOPF, Network case33_2, 2030, Autumn...
[INFO] 			 - Running SMOPF, Network case33_2, 2030, Winter...
[INFO] 			 - Running SMOPF, Network case33_2, 2035, Spring...
[INFO] 			 - Running SMOPF, Network case33_2, 2035, Summer...
[INFO] 			 - Running SMOPF, Network case33_2, 2035, Autumn...
[INFO] 			 - Running SMOPF, Network case33_2, 2035, Winter...
[INFO] 			 - Running SMOPF, Network case33_3, 2025, Spring...
[INFO] 			 - Running SMOPF, Network case33_3, 2025, Summer...
[INFO] 			 - Running SMOPF, Network case33_3, 2025, Autumn...
[INFO] 			 - Running SMOPF, Network case33_3, 2025, Winter...
[INFO] 			 - Running SMOPF, Network case33_3, 2030, Spring...
[INFO] 			 - Running SMOPF, Network case33_3, 2030, Summer...
[INFO] 			 - Running SMOPF, Network case33_3, 2030, Autumn...
[INFO] 			 - Running SMOPF, Network case33_3, 2030, Winter...
[INFO] 			 - Running SMOPF, Network case33_3, 2035, Spring...
[INFO] 			 - Running SMOPF, Network case33_3, 2035, Summer...
[INFO] 			 - Running SMOPF, Network case33_3, 2035, Autumn...
[INFO] 			 - Running SMOPF, Network case33_3, 2035, Winter...
[INFO] 		 - Updating transmission network...
[INFO] 			 - Running SMOPF, Network case9, 2025, Spring...
[INFO] 			 - Running SMOPF, Network case9, 2025, Summer...
[INFO] 			 - Running SMOPF, Network case9, 2025, Autumn...
[INFO] 			 - Running SMOPF, Network case9, 2025, Winter...
[INFO] 			 - Running SMOPF, Network case9, 2030, Spring...
[INFO] 			 - Running SMOPF, Network case9, 2030, Summer...
[INFO] 			 - Running SMOPF, Network case9, 2030, Autumn...
[INFO] 			 - Running SMOPF, Network case9, 2030, Winter...
[INFO] 			 - Running SMOPF, Network case9, 2035, Spring...
[INFO] 			 - Running SMOPF, Network case9, 2035, Summer...
[INFO] 			 - Running SMOPF, Network case9, 2035, Autumn...
[INFO] 			 - Running SMOPF, Network case9, 2035, Winter...
[TSO PROX] cycle=32 | updated_blocks=12 | held_failed_blocks=0 | V max=0.000182 | PF max=0.011304 | ESS max=0.000405
[TSO PROX][V MAX] node=9, year=2035, day=Summer, period=19 | dV=0.062918 kV | normalized=0.000182
[TSO PROX][PF MAX] node=7, year=2025, day=Spring, period=23, type=P | delta=1.130399 MW | normalized=0.011304
[TSO PROX][ESS MAX] node=5, year=2025, day=Spring, period=14, type=P | delta=0.000784 MW | normalized=0.000405
[INFO] 		 - Updating SharedESS...
[INFO] 		 - Running Shared ESS optimization (subproblem)...
[INFO] 			 - Node 5...
[INFO] Shared ESS complementarity diagnostics for ESS node=5: ratio_max=9.229795e-06 n_periods=288 mu_final=1.008561e-11 s_obj=1.000000e-01 eps=1.000000e-05 bound=2.904657e-03 measured=2.639091e-03
[INFO] 			 - Node 7...
[INFO] Shared ESS complementarity diagnostics for ESS node=7: ratio_max=9.214389e-06 n_periods=288 mu_final=9.872805e-12 s_obj=1.000000e-01 eps=1.000000e-05 bound=2.843368e-03 measured=2.640461e-03
[INFO] 			 - Node 9...
[INFO] Shared ESS complementarity diagnostics for ESS node=9: ratio_max=9.090666e-06 n_periods=288 mu_final=9.677795e-12 s_obj=1.000000e-01 eps=1.000000e-05 bound=2.787205e-03 measured=2.640299e-03
[INFO]		 - Primal residuals ok!
[INFO]		 - Dual residuals ok!
[RECOURSE JUMP] cycle=32 | abs_change=1.282979e+06 | tol=8.305191e+04 | signed_change=-1.282979e+06
[RECOURSE JUMP] Reconciliation | previous=8.305191e+08 | current=8.292362e+08 | block_delta=-1.282979e+06 | mismatch=+2.384186e-07
[RECOURSE JUMP] Aggregate signed changes:
  TSO | delta=-2.232400e+06
  DSO node=7 | delta=+4.136849e+05
  DSO node=9 | delta=+2.730143e+05
  DSO node=5 | delta=+2.627215e+05
  SALVAGE | delta=-1.034310e-50
[RECOURSE JUMP] Largest 10 block changes:
  TSO node=None year=2035 day=Summer | previous=7.143149e+07 | current=7.059548e+07 | delta=-8.360088e+05 | abs_delta=8.360088e+05
    [RECOURSE JUMP][TSO PROX] year=2035 day=Summer | V max=0.000182 | PF max=0.008898 | ESS max=0.000139
    [RECOURSE COMPONENTS] gen=-1.390575e+06 | flex=+5.545665e+05 | load_curt=+0.000000e+00 | res_curt=+0.000000e+00 | ess_usage=+0.000000e+00 | slacks=-4.135359e-12 | ess_comp=-2.163265e-01
    [SLACK COMPONENTS] voltage=-4.135359e-12 | node_P=+0.000000e+00 | node_Q=+0.000000e+00 | branch_ij=+0.000000e+00 | branch_ji=+0.000000e+00 | flex_P=+0.000000e+00 | flex_Q=+0.000000e+00
    [SLACK COMPONENT CHECK] classified_delta=-4.135359e-12 | objective_slack_delta=-4.135359e-12 | mismatch=+0.000000e+00
    [RECOURSE COMPONENT CHECK] classified_delta=-8.360088e+05 | block_delta=-8.360088e+05 | mismatch=-1.618173e-08
  TSO node=None year=2025 day=Spring | previous=8.061937e+07 | current=8.016620e+07 | delta=-4.531657e+05 | abs_delta=4.531657e+05
    [RECOURSE JUMP][TSO PROX] year=2025 day=Spring | V max=0.000095 | PF max=0.011304 | ESS max=0.000405
    [RECOURSE COMPONENTS] gen=-6.878788e+05 | flex=+2.347131e+05 | load_curt=+0.000000e+00 | res_curt=+0.000000e+00 | ess_usage=+0.000000e+00 | slacks=-1.833293e-09 | ess_comp=+4.854877e-05
    [SLACK COMPONENTS] voltage=-1.210836e-09 | node_P=+0.000000e+00 | node_Q=+0.000000e+00 | branch_ij=+0.000000e+00 | branch_ji=+0.000000e+00 | flex_P=-3.112324e-10 | flex_Q=-3.112324e-10
    [SLACK COMPONENT CHECK] classified_delta=-1.833301e-09 | objective_slack_delta=-1.833293e-09 | mismatch=-7.993606e-15
    [RECOURSE COMPONENT CHECK] classified_delta=-4.531657e+05 | block_delta=-4.531657e+05 | mismatch=+1.012813e-08
  TSO node=None year=2035 day=Spring | previous=6.345346e+07 | current=6.303278e+07 | delta=-4.206867e+05 | abs_delta=4.206867e+05
    [RECOURSE JUMP][TSO PROX] year=2035 day=Spring | V max=0.000154 | PF max=0.008067 | ESS max=0.000128
    [RECOURSE COMPONENTS] gen=-6.288748e+05 | flex=+2.081882e+05 | load_curt=+0.000000e+00 | res_curt=+0.000000e+00 | ess_usage=+0.000000e+00 | slacks=+1.359048e-08 | ess_comp=-7.903258e-02
    [SLACK COMPONENTS] voltage=+8.931323e-09 | node_P=+0.000000e+00 | node_Q=+0.000000e+00 | branch_ij=+0.000000e+00 | branch_ji=+0.000000e+00 | flex_P=+2.329586e-09 | flex_Q=+2.329586e-09
    [SLACK COMPONENT CHECK] classified_delta=+1.359049e-08 | objective_slack_delta=+1.359048e-08 | mismatch=+1.509903e-14
    [RECOURSE COMPONENT CHECK] classified_delta=-4.206867e+05 | block_delta=-4.206867e+05 | mismatch=+2.677552e-09
  DSO node=9 year=2035 day=Summer | previous=7.119606e+06 | current=7.390772e+06 | delta=+2.711666e+05 | abs_delta=2.711666e+05
    [RECOURSE COMPONENTS] gen=+0.000000e+00 | flex=+2.760821e+05 | load_curt=+0.000000e+00 | res_curt=-4.915571e+03 | ess_usage=+0.000000e+00 | slacks=-8.845537e-07 | ess_comp=-5.884695e-03
    [SLACK COMPONENTS] voltage=-8.710201e-07 | node_P=+0.000000e+00 | node_Q=+0.000000e+00 | branch_ij=+0.000000e+00 | branch_ji=+0.000000e+00 | flex_P=-1.561813e-08 | flex_Q=+2.083752e-09
    [SLACK COMPONENT CHECK] classified_delta=-8.845544e-07 | objective_slack_delta=-8.845537e-07 | mismatch=-7.567280e-13
    [RECOURSE COMPONENT CHECK] classified_delta=+2.711666e+05 | block_delta=+2.711666e+05 | mismatch=-6.402843e-10
  TSO node=None year=2030 day=Spring | previous=6.013420e+07 | current=5.990308e+07 | delta=-2.311168e+05 | abs_delta=2.311168e+05
    [RECOURSE JUMP][TSO PROX] year=2030 day=Spring | V max=0.000122 | PF max=0.006687 | ESS max=0.000071
    [RECOURSE COMPONENTS] gen=-3.206489e+05 | flex=+8.953181e+04 | load_curt=+0.000000e+00 | res_curt=+0.000000e+00 | ess_usage=+0.000000e+00 | slacks=+1.542837e-06 | ess_comp=+3.646565e-01
    [SLACK COMPONENTS] voltage=+1.016118e-06 | node_P=+0.000000e+00 | node_Q=+0.000000e+00 | branch_ij=+0.000000e+00 | branch_ji=+0.000000e+00 | flex_P=+2.633596e-07 | flex_Q=+2.633596e-07
    [SLACK COMPONENT CHECK] classified_delta=+1.542837e-06 | objective_slack_delta=+1.542837e-06 | mismatch=-6.217249e-15
    [RECOURSE COMPONENT CHECK] classified_delta=-2.311168e+05 | block_delta=-2.311168e+05 | mismatch=+1.018634e-09
  TSO node=None year=2025 day=Summer | previous=9.196256e+07 | current=9.180481e+07 | delta=-1.577542e+05 | abs_delta=1.577542e+05
    [RECOURSE JUMP][TSO PROX] year=2025 day=Summer | V max=0.000162 | PF max=0.009993 | ESS max=0.000279
    [RECOURSE COMPONENTS] gen=-8.946486e+04 | flex=-6.828930e+04 | load_curt=+0.000000e+00 | res_curt=+0.000000e+00 | ess_usage=+0.000000e+00 | slacks=+6.657785e-12 | ess_comp=-7.996934e-05
    [SLACK COMPONENTS] voltage=+6.657785e-12 | node_P=+0.000000e+00 | node_Q=+0.000000e+00 | branch_ij=+0.000000e+00 | branch_ji=+0.000000e+00 | flex_P=-4.440892e-16 | flex_Q=-4.440892e-16
    [SLACK COMPONENT CHECK] classified_delta=+6.656897e-12 | objective_slack_delta=+6.657785e-12 | mismatch=-8.881784e-16
    [RECOURSE COMPONENT CHECK] classified_delta=-1.577542e+05 | block_delta=-1.577542e+05 | mismatch=+5.529728e-10
  DSO node=7 year=2025 day=Spring | previous=2.751640e+06 | current=2.907863e+06 | delta=+1.562227e+05 | abs_delta=1.562227e+05
    [RECOURSE COMPONENTS] gen=+0.000000e+00 | flex=+1.607463e+05 | load_curt=+0.000000e+00 | res_curt=-4.523590e+03 | ess_usage=+0.000000e+00 | slacks=-5.762376e-07 | ess_comp=+7.019786e-04
    [SLACK COMPONENTS] voltage=-5.397227e-07 | node_P=+0.000000e+00 | node_Q=+0.000000e+00 | branch_ij=+0.000000e+00 | branch_ji=+0.000000e+00 | flex_P=-3.651463e-08 | flex_Q=+0.000000e+00
    [SLACK COMPONENT CHECK] classified_delta=-5.762374e-07 | objective_slack_delta=-5.762376e-07 | mismatch=+2.131628e-13
    [RECOURSE COMPONENT CHECK] classified_delta=+1.562227e+05 | block_delta=+1.562227e+05 | mismatch=+4.947651e-10
  DSO node=5 year=2035 day=Summer | previous=6.438577e+06 | current=6.581787e+06 | delta=+1.432098e+05 | abs_delta=1.432098e+05
    [RECOURSE COMPONENTS] gen=+0.000000e+00 | flex=+1.432081e+05 | load_curt=+0.000000e+00 | res_curt=+1.797545e+00 | ess_usage=+0.000000e+00 | slacks=-6.833741e-07 | ess_comp=-1.402205e-02
    [SLACK COMPONENTS] voltage=-3.170948e-07 | node_P=+0.000000e+00 | node_Q=+0.000000e+00 | branch_ij=+0.000000e+00 | branch_ji=+0.000000e+00 | flex_P=-3.662794e-07 | flex_Q=+0.000000e+00
    [SLACK COMPONENT CHECK] classified_delta=-6.833743e-07 | objective_slack_delta=-6.833741e-07 | mismatch=-1.207923e-13
    [RECOURSE COMPONENT CHECK] classified_delta=+1.432098e+05 | block_delta=+1.432098e+05 | mismatch=-8.149073e-10
  DSO node=7 year=2035 day=Summer | previous=4.039055e+06 | current=4.160912e+06 | delta=+1.218571e+05 | abs_delta=1.218571e+05
    [RECOURSE COMPONENTS] gen=+0.000000e+00 | flex=+1.242248e+05 | load_curt=+0.000000e+00 | res_curt=-2.367747e+03 | ess_usage=+0.000000e+00 | slacks=-4.924167e-07 | ess_comp=-1.407804e-02
    [SLACK COMPONENTS] voltage=-4.874888e-07 | node_P=+0.000000e+00 | node_Q=+0.000000e+00 | branch_ij=+0.000000e+00 | branch_ji=+0.000000e+00 | flex_P=-5.839048e-09 | flex_Q=+9.107275e-10
    [SLACK COMPONENT CHECK] classified_delta=-4.924171e-07 | objective_slack_delta=-4.924167e-07 | mismatch=-3.375078e-13
    [RECOURSE COMPONENT CHECK] classified_delta=+1.218571e+05 | block_delta=+1.218571e+05 | mismatch=-7.712515e-10
  DSO node=9 year=2025 day=Summer | previous=3.598393e+06 | current=3.491841e+06 | delta=-1.065523e+05 | abs_delta=1.065523e+05
    [RECOURSE COMPONENTS] gen=+0.000000e+00 | flex=-1.065574e+05 | load_curt=+0.000000e+00 | res_curt=+5.103645e+00 | ess_usage=+0.000000e+00 | slacks=-2.959211e-06 | ess_comp=+7.824182e-03
    [SLACK COMPONENTS] voltage=-3.918102e-07 | node_P=+0.000000e+00 | node_Q=+0.000000e+00 | branch_ij=+0.000000e+00 | branch_ji=+0.000000e+00 | flex_P=-2.567401e-06 | flex_Q=+0.000000e+00
    [SLACK COMPONENT CHECK] classified_delta=-2.959211e-06 | objective_slack_delta=-2.959211e-06 | mismatch=+4.618528e-14
    [RECOURSE COMPONENT CHECK] classified_delta=-1.065523e+05 | block_delta=-1.065523e+05 | mismatch=+2.037268e-10
[INFO]		 - Recourse stationarity failed. 1282979.319424 > 83051.914894
[ADMM RHO] V | primal max ratio=0.006 | primal mean ratio=0.003 | primal selected=0.006 | dual mean ratio=0.011 | increase threshold=5.0 | decrease threshold=5.0 | action=held
[ADMM RHO] PF | primal max ratio=0.563 | primal mean ratio=0.066 | primal selected=0.563 | dual mean ratio=0.356 | increase threshold=5.0 | decrease threshold=3.0 | action=held
[ADMM RHO] ESS | primal max ratio=0.014 | primal mean ratio=0.010 | primal selected=0.014 | dual mean ratio=0.011 | increase threshold=5.0 | decrease threshold=5.0 | action=held
[INFO]		 - ADMM cycle 32 | Primal (V max/mean | PF max/mean | ESS max/mean) = 0.000062/0.000003 | 0.005632/0.000066 | 0.001415/0.000099 | Dual (V max/mean | PF max/mean | ESS max/mean) = 0.000411/0.000106 | 0.058814/0.003562 | 0.003464/0.000107 | Recourse change = 1282979.319424 (tol. 83051.914894) | Stable cycles = 0/1 | Penalty actions (V/PF/ESS) = held/held/held
[INFO] 	 - Iteration 32: 30.47 s
[INFO] 	 - ADMM Iteration 33
[INFO] 		 - Updating distribution networks:
[INFO] 			 - Running SMOPF, Network case33_1, 2025, Spring...
[INFO] 			 - Running SMOPF, Network case33_1, 2025, Summer...
[INFO] 			 - Running SMOPF, Network case33_1, 2025, Autumn...
[INFO] 			 - Running SMOPF, Network case33_1, 2025, Winter...
[INFO] 			 - Running SMOPF, Network case33_1, 2030, Spring...
[INFO] 			 - Running SMOPF, Network case33_1, 2030, Summer...
[INFO] 			 - Running SMOPF, Network case33_1, 2030, Autumn...
[INFO] 			 - Running SMOPF, Network case33_1, 2030, Winter...
[INFO] 			 - Running SMOPF, Network case33_1, 2035, Spring...
[INFO] 			 - Running SMOPF, Network case33_1, 2035, Summer...
[INFO] 			 - Running SMOPF, Network case33_1, 2035, Autumn...
[INFO] 			 - Running SMOPF, Network case33_1, 2035, Winter...
[INFO] 			 - Running SMOPF, Network case33_2, 2025, Spring...
[INFO] 			 - Running SMOPF, Network case33_2, 2025, Summer...
[INFO] 			 - Running SMOPF, Network case33_2, 2025, Autumn...
[INFO] 			 - Running SMOPF, Network case33_2, 2025, Winter...
[INFO] 			 - Running SMOPF, Network case33_2, 2030, Spring...
[INFO] 			 - Running SMOPF, Network case33_2, 2030, Summer...
[INFO] 			 - Running SMOPF, Network case33_2, 2030, Autumn...
[INFO] 			 - Running SMOPF, Network case33_2, 2030, Winter...
[INFO] 			 - Running SMOPF, Network case33_2, 2035, Spring...
[INFO] 			 - Running SMOPF, Network case33_2, 2035, Summer...
[INFO] 			 - Running SMOPF, Network case33_2, 2035, Autumn...
[INFO] 			 - Running SMOPF, Network case33_2, 2035, Winter...
[INFO] 			 - Running SMOPF, Network case33_3, 2025, Spring...
[INFO] 			 - Running SMOPF, Network case33_3, 2025, Summer...
[INFO] 			 - Running SMOPF, Network case33_3, 2025, Autumn...
[INFO] 			 - Running SMOPF, Network case33_3, 2025, Winter...
[INFO] 			 - Running SMOPF, Network case33_3, 2030, Spring...
[INFO] 			 - Running SMOPF, Network case33_3, 2030, Summer...
[INFO] 			 - Running SMOPF, Network case33_3, 2030, Autumn...
[INFO] 			 - Running SMOPF, Network case33_3, 2030, Winter...
[INFO] 			 - Running SMOPF, Network case33_3, 2035, Spring...
[INFO] 			 - Running SMOPF, Network case33_3, 2035, Summer...
[INFO] 			 - Running SMOPF, Network case33_3, 2035, Autumn...
[INFO] 			 - Running SMOPF, Network case33_3, 2035, Winter...
[INFO] 		 - Updating transmission network...
[INFO] 			 - Running SMOPF, Network case9, 2025, Spring...
[INFO] 			 - Running SMOPF, Network case9, 2025, Summer...
[INFO] 			 - Running SMOPF, Network case9, 2025, Autumn...
[INFO] 			 - Running SMOPF, Network case9, 2025, Winter...
[INFO] 			 - Running SMOPF, Network case9, 2030, Spring...
[INFO] 			 - Running SMOPF, Network case9, 2030, Summer...
[INFO] 			 - Running SMOPF, Network case9, 2030, Autumn...
[INFO] 			 - Running SMOPF, Network case9, 2030, Winter...
[INFO] 			 - Running SMOPF, Network case9, 2035, Spring...
[INFO] 			 - Running SMOPF, Network case9, 2035, Summer...
[INFO] 			 - Running SMOPF, Network case9, 2035, Autumn...
[INFO] 			 - Running SMOPF, Network case9, 2035, Winter...
[TSO PROX] cycle=33 | updated_blocks=12 | held_failed_blocks=0 | V max=0.000181 | PF max=0.011294 | ESS max=0.000405
[TSO PROX][V MAX] node=9, year=2035, day=Summer, period=19 | dV=0.062601 kV | normalized=0.000181
[TSO PROX][PF MAX] node=7, year=2025, day=Spring, period=23, type=P | delta=1.129376 MW | normalized=0.011294
[TSO PROX][ESS MAX] node=5, year=2025, day=Spring, period=14, type=P | delta=0.000784 MW | normalized=0.000405
[INFO] 		 - Updating SharedESS...
[INFO] 		 - Running Shared ESS optimization (subproblem)...
[INFO] 			 - Node 5...
[INFO] Shared ESS complementarity diagnostics for ESS node=5: ratio_max=9.191708e-06 n_periods=288 mu_final=9.860165e-12 s_obj=1.000000e-01 eps=1.000000e-05 bound=2.839728e-03 measured=2.640501e-03
[INFO] 			 - Node 7...
[INFO] Shared ESS complementarity diagnostics for ESS node=7: ratio_max=9.218556e-06 n_periods=288 mu_final=9.817723e-12 s_obj=1.000000e-01 eps=1.000000e-05 bound=2.827504e-03 measured=2.639407e-03
[INFO] 			 - Node 9...
[INFO] Shared ESS complementarity diagnostics for ESS node=9: ratio_max=8.869418e-06 n_periods=288 mu_final=1.006824e-11 s_obj=1.000000e-01 eps=1.000000e-05 bound=2.899652e-03 measured=2.637791e-03
[INFO]		 - Primal residuals ok!
[INFO]		 - Dual residuals ok!
[RECOURSE JUMP] cycle=33 | abs_change=1.138103e+06 | tol=8.292362e+04 | signed_change=-1.138103e+06
[RECOURSE JUMP] Reconciliation | previous=8.292362e+08 | current=8.280981e+08 | block_delta=-1.138103e+06 | mismatch=-2.384186e-07
[RECOURSE JUMP] Aggregate signed changes:
  TSO | delta=-2.070983e+06
  DSO node=7 | delta=+3.950336e+05
  DSO node=9 | delta=+2.722811e+05
  DSO node=5 | delta=+2.655649e+05
  SALVAGE | delta=+2.248501e-52
[RECOURSE JUMP] Largest 10 block changes:
  TSO node=None year=2035 day=Summer | previous=7.059548e+07 | current=6.976318e+07 | delta=-8.322983e+05 | abs_delta=8.322983e+05
    [RECOURSE JUMP][TSO PROX] year=2035 day=Summer | V max=0.000181 | PF max=0.008868 | ESS max=0.000067
    [RECOURSE COMPONENTS] gen=-1.384344e+06 | flex=+5.520455e+05 | load_curt=+0.000000e+00 | res_curt=+0.000000e+00 | ess_usage=+0.000000e+00 | slacks=-3.957723e-12 | ess_comp=-3.448761e-02
    [SLACK COMPONENTS] voltage=-4.050094e-12 | node_P=+0.000000e+00 | node_Q=+0.000000e+00 | branch_ij=+0.000000e+00 | branch_ji=+0.000000e+00 | flex_P=+3.597123e-14 | flex_Q=+3.597123e-14
    [SLACK COMPONENT CHECK] classified_delta=-3.978151e-12 | objective_slack_delta=-3.957723e-12 | mismatch=-2.042810e-14
    [RECOURSE COMPONENT CHECK] classified_delta=-8.322983e+05 | block_delta=-8.322983e+05 | mismatch=+6.984919e-09
  TSO node=None year=2025 day=Spring | previous=8.016620e+07 | current=7.972493e+07 | delta=-4.412689e+05 | abs_delta=4.412689e+05
    [RECOURSE JUMP][TSO PROX] year=2025 day=Spring | V max=0.000094 | PF max=0.011294 | ESS max=0.000405
    [RECOURSE COMPONENTS] gen=-6.700346e+05 | flex=+2.287657e+05 | load_curt=+0.000000e+00 | res_curt=+0.000000e+00 | ess_usage=+0.000000e+00 | slacks=-1.773024e-09 | ess_comp=+4.317132e-05
    [SLACK COMPONENTS] voltage=-1.171060e-09 | node_P=+0.000000e+00 | node_Q=+0.000000e+00 | branch_ij=+0.000000e+00 | branch_ji=+0.000000e+00 | flex_P=-3.009744e-10 | flex_Q=-3.009744e-10
    [SLACK COMPONENT CHECK] classified_delta=-1.773008e-09 | objective_slack_delta=-1.773024e-09 | mismatch=+1.598721e-14
    [RECOURSE COMPONENT CHECK] classified_delta=-4.412689e+05 | block_delta=-4.412689e+05 | mismatch=-1.210719e-08
  TSO node=None year=2035 day=Spring | previous=6.303278e+07 | current=6.271390e+07 | delta=-3.188815e+05 | abs_delta=3.188815e+05
    [RECOURSE JUMP][TSO PROX] year=2035 day=Spring | V max=0.000147 | PF max=0.008000 | ESS max=0.000139
    [RECOURSE COMPONENTS] gen=-4.871423e+05 | flex=+1.682609e+05 | load_curt=+0.000000e+00 | res_curt=+0.000000e+00 | ess_usage=+0.000000e+00 | slacks=-4.350304e-07 | ess_comp=-4.598555e-02
    [SLACK COMPONENTS] voltage=-2.854768e-07 | node_P=+0.000000e+00 | node_Q=+0.000000e+00 | branch_ij=+0.000000e+00 | branch_ji=+0.000000e+00 | flex_P=-7.477678e-08 | flex_Q=-7.477678e-08
    [SLACK COMPONENT CHECK] classified_delta=-4.350304e-07 | objective_slack_delta=-4.350304e-07 | mismatch=-2.131628e-14
    [RECOURSE COMPONENT CHECK] classified_delta=-3.188815e+05 | block_delta=-3.188815e+05 | mismatch=+5.471520e-09
  DSO node=9 year=2035 day=Summer | previous=7.390772e+06 | current=7.661414e+06 | delta=+2.706413e+05 | abs_delta=2.706413e+05
    [RECOURSE COMPONENTS] gen=+0.000000e+00 | flex=+2.753081e+05 | load_curt=+0.000000e+00 | res_curt=-4.666405e+03 | ess_usage=+0.000000e+00 | slacks=-8.859864e-07 | ess_comp=-4.551065e-01
    [SLACK COMPONENTS] voltage=-8.732256e-07 | node_P=+0.000000e+00 | node_Q=+0.000000e+00 | branch_ij=+0.000000e+00 | branch_ji=+0.000000e+00 | flex_P=-1.301947e-08 | flex_Q=+2.590781e-10
    [SLACK COMPONENT CHECK] classified_delta=-8.859860e-07 | objective_slack_delta=-8.859864e-07 | mismatch=+3.836931e-13
    [RECOURSE COMPONENT CHECK] classified_delta=+2.706413e+05 | block_delta=+2.706413e+05 | mismatch=+2.328306e-10
  TSO node=None year=2030 day=Spring | previous=5.990308e+07 | current=5.972625e+07 | delta=-1.768294e+05 | abs_delta=1.768294e+05
    [RECOURSE JUMP][TSO PROX] year=2030 day=Spring | V max=0.000121 | PF max=0.005569 | ESS max=0.000107
    [RECOURSE COMPONENTS] gen=-2.407339e+05 | flex=+6.390407e+04 | load_curt=+0.000000e+00 | res_curt=+0.000000e+00 | ess_usage=+0.000000e+00 | slacks=-2.841837e-07 | ess_comp=+3.797526e-01
    [SLACK COMPONENTS] voltage=-1.871065e-07 | node_P=+0.000000e+00 | node_Q=+0.000000e+00 | branch_ij=+0.000000e+00 | branch_ji=+0.000000e+00 | flex_P=-4.853860e-08 | flex_Q=-4.853860e-08
    [SLACK COMPONENT CHECK] classified_delta=-2.841837e-07 | objective_slack_delta=-2.841837e-07 | mismatch=+1.687539e-14
    [RECOURSE COMPONENT CHECK] classified_delta=-1.768294e+05 | block_delta=-1.768294e+05 | mismatch=+1.100125e-08
  TSO node=None year=2025 day=Summer | previous=9.180481e+07 | current=9.163772e+07 | delta=-1.670910e+05 | abs_delta=1.670910e+05
    [RECOURSE JUMP][TSO PROX] year=2025 day=Summer | V max=0.000145 | PF max=0.009621 | ESS max=0.000279
    [RECOURSE COMPONENTS] gen=-1.154177e+05 | flex=-5.167321e+04 | load_curt=+0.000000e+00 | res_curt=+0.000000e+00 | ess_usage=+0.000000e+00 | slacks=+6.565415e-12 | ess_comp=-8.534984e-05
    [SLACK COMPONENTS] voltage=+6.608047e-12 | node_P=+0.000000e+00 | node_Q=+0.000000e+00 | branch_ij=+0.000000e+00 | branch_ji=+0.000000e+00 | flex_P=-4.440892e-16 | flex_Q=-4.440892e-16
    [SLACK COMPONENT CHECK] classified_delta=+6.607159e-12 | objective_slack_delta=+6.565415e-12 | mismatch=+4.174439e-14
    [RECOURSE COMPONENT CHECK] classified_delta=-1.670910e+05 | block_delta=-1.670910e+05 | mismatch=-1.554145e-08
  DSO node=7 year=2025 day=Spring | previous=2.907863e+06 | current=3.064243e+06 | delta=+1.563802e+05 | abs_delta=1.563802e+05
    [RECOURSE COMPONENTS] gen=+0.000000e+00 | flex=+1.609211e+05 | load_curt=+0.000000e+00 | res_curt=-4.540877e+03 | ess_usage=+0.000000e+00 | slacks=-4.819372e-07 | ess_comp=-5.980705e-04
    [SLACK COMPONENTS] voltage=-4.666102e-07 | node_P=+0.000000e+00 | node_Q=+0.000000e+00 | branch_ij=+0.000000e+00 | branch_ji=+0.000000e+00 | flex_P=-1.532702e-08 | flex_Q=+0.000000e+00
    [SLACK COMPONENT CHECK] classified_delta=-4.819372e-07 | objective_slack_delta=-4.819372e-07 | mismatch=-4.263256e-14
    [RECOURSE COMPONENT CHECK] classified_delta=+1.563802e+05 | block_delta=+1.563802e+05 | mismatch=+2.328306e-10
  DSO node=5 year=2035 day=Summer | previous=6.581787e+06 | current=6.724516e+06 | delta=+1.427298e+05 | abs_delta=1.427298e+05
    [RECOURSE COMPONENTS] gen=+0.000000e+00 | flex=+1.427289e+05 | load_curt=+0.000000e+00 | res_curt=+1.708516e+00 | ess_usage=+0.000000e+00 | slacks=-3.635946e-07 | ess_comp=-7.682484e-01
    [SLACK COMPONENTS] voltage=-2.577135e-07 | node_P=+0.000000e+00 | node_Q=+0.000000e+00 | branch_ij=+0.000000e+00 | branch_ji=+0.000000e+00 | flex_P=-1.058809e-07 | flex_Q=+0.000000e+00
    [SLACK COMPONENT CHECK] classified_delta=-3.635944e-07 | objective_slack_delta=-3.635946e-07 | mismatch=+1.953993e-13
    [RECOURSE COMPONENT CHECK] classified_delta=+1.427298e+05 | block_delta=+1.427298e+05 | mismatch=+9.313226e-10
  DSO node=7 year=2035 day=Summer | previous=4.160912e+06 | current=4.282484e+06 | delta=+1.215719e+05 | abs_delta=1.215719e+05
    [RECOURSE COMPONENTS] gen=+0.000000e+00 | flex=+1.238677e+05 | load_curt=+0.000000e+00 | res_curt=-2.295004e+03 | ess_usage=+0.000000e+00 | slacks=-5.819698e-07 | ess_comp=-7.678139e-01
    [SLACK COMPONENTS] voltage=-5.656252e-07 | node_P=+0.000000e+00 | node_Q=+0.000000e+00 | branch_ij=+0.000000e+00 | branch_ji=+0.000000e+00 | flex_P=-1.543356e-08 | flex_Q=-9.107275e-10
    [SLACK COMPONENT CHECK] classified_delta=-5.819695e-07 | objective_slack_delta=-5.819698e-07 | mismatch=+2.948752e-13
    [RECOURSE COMPONENT CHECK] classified_delta=+1.215719e+05 | block_delta=+1.215719e+05 | mismatch=+7.275958e-11
  DSO node=9 year=2025 day=Summer | previous=3.491841e+06 | current=3.397359e+06 | delta=-9.448178e+04 | abs_delta=9.448178e+04
    [RECOURSE COMPONENTS] gen=+0.000000e+00 | flex=-9.448209e+04 | load_curt=+0.000000e+00 | res_curt=+2.637137e-01 | ess_usage=+0.000000e+00 | slacks=+2.595210e-06 | ess_comp=+5.492440e-02
    [SLACK COMPONENTS] voltage=-9.618853e-07 | node_P=+0.000000e+00 | node_Q=+0.000000e+00 | branch_ij=+0.000000e+00 | branch_ji=+0.000000e+00 | flex_P=+3.557029e-06 | flex_Q=+6.514611e-11
    [SLACK COMPONENT CHECK] classified_delta=+2.595209e-06 | objective_slack_delta=+2.595210e-06 | mismatch=-8.384404e-13
    [RECOURSE COMPONENT CHECK] classified_delta=-9.448178e+04 | block_delta=-9.448178e+04 | mismatch=-2.764864e-10
[INFO]		 - Recourse stationarity failed. 1138103.487591 > 82923.616962
[ADMM RHO] V | primal max ratio=0.007 | primal mean ratio=0.002 | primal selected=0.007 | dual mean ratio=0.010 | increase threshold=5.0 | decrease threshold=5.0 | action=held
[ADMM RHO] PF | primal max ratio=0.298 | primal mean ratio=0.044 | primal selected=0.298 | dual mean ratio=0.337 | increase threshold=5.0 | decrease threshold=3.0 | action=held
[ADMM RHO] ESS | primal max ratio=0.016 | primal mean ratio=0.011 | primal selected=0.016 | dual mean ratio=0.010 | increase threshold=5.0 | decrease threshold=5.0 | action=held
[INFO]		 - ADMM cycle 33 | Primal (V max/mean | PF max/mean | ESS max/mean) = 0.000066/0.000002 | 0.002976/0.000044 | 0.001590/0.000109 | Dual (V max/mean | PF max/mean | ESS max/mean) = 0.000485/0.000104 | 0.058760/0.003375 | 0.003464/0.000099 | Recourse change = 1138103.487591 (tol. 82923.616962) | Stable cycles = 0/1 | Penalty actions (V/PF/ESS) = held/held/held
[INFO] 	 - Iteration 33: 32.17 s
[INFO] 	 - ADMM Iteration 34
[INFO] 		 - Updating distribution networks:
[INFO] 			 - Running SMOPF, Network case33_1, 2025, Spring...
[INFO] 			 - Running SMOPF, Network case33_1, 2025, Summer...
[WARNING] Network primary solve did not converge for case33_1, year=2025, day=Summer: status=warning, termination=maxIterations, message=Ipopt 3.14.18\x3a Maximum Number of Iterations Exceeded. | warm_start=True
[WARNING] ADMM penalties for case33_1, year=2025, day=Summer: rho_v=2.25, rho_pf=5.20246, rho_ess=1
[WARNING] IPOPT primary solve log for case33_1, year=2025, day=Summer: /Users/micaelsimoes/Projects/share-resource-planning-no_esso-degradation/data/SRP1/Results/P56A/evals/p515g1b_baseline/logs/optim_log_case33_1_2025_Summer.log
[INFO] Retrying network solve once for case33_1, year=2025, day=Summer, cold start, with warm_start_init_point=no.
[INFO] Network recovery solve succeeded for case33_1, year=2025, day=Summer.
[INFO] 			 - Running SMOPF, Network case33_1, 2025, Autumn...
[INFO] 			 - Running SMOPF, Network case33_1, 2025, Winter...
[INFO] 			 - Running SMOPF, Network case33_1, 2030, Spring...
[INFO] 			 - Running SMOPF, Network case33_1, 2030, Summer...
[INFO] 			 - Running SMOPF, Network case33_1, 2030, Autumn...
[INFO] 			 - Running SMOPF, Network case33_1, 2030, Winter...
[INFO] 			 - Running SMOPF, Network case33_1, 2035, Spring...
[INFO] 			 - Running SMOPF, Network case33_1, 2035, Summer...
[INFO] 			 - Running SMOPF, Network case33_1, 2035, Autumn...
[INFO] 			 - Running SMOPF, Network case33_1, 2035, Winter...
[INFO] 			 - Running SMOPF, Network case33_2, 2025, Spring...
[INFO] 			 - Running SMOPF, Network case33_2, 2025, Summer...
[INFO] 			 - Running SMOPF, Network case33_2, 2025, Autumn...
[INFO] 			 - Running SMOPF, Network case33_2, 2025, Winter...
[INFO] 			 - Running SMOPF, Network case33_2, 2030, Spring...
[INFO] 			 - Running SMOPF, Network case33_2, 2030, Summer...
[INFO] 			 - Running SMOPF, Network case33_2, 2030, Autumn...
[INFO] 			 - Running SMOPF, Network case33_2, 2030, Winter...
[INFO] 			 - Running SMOPF, Network case33_2, 2035, Spring...
[INFO] 			 - Running SMOPF, Network case33_2, 2035, Summer...
[INFO] 			 - Running SMOPF, Network case33_2, 2035, Autumn...
[INFO] 			 - Running SMOPF, Network case33_2, 2035, Winter...
[INFO] 			 - Running SMOPF, Network case33_3, 2025, Spring...
[INFO] 			 - Running SMOPF, Network case33_3, 2025, Summer...
[INFO] 			 - Running SMOPF, Network case33_3, 2025, Autumn...
[INFO] 			 - Running SMOPF, Network case33_3, 2025, Winter...
[INFO] 			 - Running SMOPF, Network case33_3, 2030, Spring...
[INFO] 			 - Running SMOPF, Network case33_3, 2030, Summer...
[INFO] 			 - Running SMOPF, Network case33_3, 2030, Autumn...
[INFO] 			 - Running SMOPF, Network case33_3, 2030, Winter...
[INFO] 			 - Running SMOPF, Network case33_3, 2035, Spring...
[INFO] 			 - Running SMOPF, Network case33_3, 2035, Summer...
[INFO] 			 - Running SMOPF, Network case33_3, 2035, Autumn...
[INFO] 			 - Running SMOPF, Network case33_3, 2035, Winter...
[INFO] 		 - Updating transmission network...
[INFO] 			 - Running SMOPF, Network case9, 2025, Spring...
[INFO] 			 - Running SMOPF, Network case9, 2025, Summer...
[INFO] 			 - Running SMOPF, Network case9, 2025, Autumn...
[INFO] 			 - Running SMOPF, Network case9, 2025, Winter...
[INFO] 			 - Running SMOPF, Network case9, 2030, Spring...
[INFO] 			 - Running SMOPF, Network case9, 2030, Summer...
[INFO] 			 - Running SMOPF, Network case9, 2030, Autumn...
[INFO] 			 - Running SMOPF, Network case9, 2030, Winter...
[INFO] 			 - Running SMOPF, Network case9, 2035, Spring...
[INFO] 			 - Running SMOPF, Network case9, 2035, Summer...
[INFO] 			 - Running SMOPF, Network case9, 2035, Autumn...
[INFO] 			 - Running SMOPF, Network case9, 2035, Winter...
[TSO PROX] cycle=34 | updated_blocks=12 | held_failed_blocks=0 | V max=0.000181 | PF max=0.011275 | ESS max=0.000405
[TSO PROX][V MAX] node=9, year=2035, day=Summer, period=19 | dV=0.062286 kV | normalized=0.000181
[TSO PROX][PF MAX] node=7, year=2025, day=Spring, period=23, type=P | delta=1.127475 MW | normalized=0.011275
[TSO PROX][ESS MAX] node=5, year=2025, day=Spring, period=14, type=P | delta=0.000784 MW | normalized=0.000405
[INFO] 		 - Updating SharedESS...
[INFO] 		 - Running Shared ESS optimization (subproblem)...
[INFO] 			 - Node 5...
[INFO] Shared ESS complementarity diagnostics for ESS node=5: ratio_max=8.661228e-06 n_periods=288 mu_final=1.008403e-11 s_obj=1.000000e-01 eps=1.000000e-05 bound=2.904201e-03 measured=2.640900e-03
[INFO] 			 - Node 7...
[INFO] Shared ESS complementarity diagnostics for ESS node=7: ratio_max=8.756123e-06 n_periods=288 mu_final=9.664350e-12 s_obj=1.000000e-01 eps=1.000000e-05 bound=2.783333e-03 measured=2.641151e-03
[INFO] 			 - Node 9...
[INFO] Shared ESS complementarity diagnostics for ESS node=9: ratio_max=8.421675e-06 n_periods=288 mu_final=9.653813e-12 s_obj=1.000000e-01 eps=1.000000e-05 bound=2.780298e-03 measured=2.643883e-03
[INFO]		 - Primal residuals ok!
[INFO]		 - Dual residuals ok!
[RECOURSE JUMP] cycle=34 | abs_change=9.821196e+05 | tol=8.280981e+04 | signed_change=-9.821196e+05
[RECOURSE JUMP] Reconciliation | previous=8.280981e+08 | current=8.271159e+08 | block_delta=-9.821196e+05 | mismatch=-2.384186e-07
[RECOURSE JUMP] Aggregate signed changes:
  TSO | delta=-1.804093e+06
  DSO node=7 | delta=+2.852550e+05
  DSO node=9 | delta=+2.721663e+05
  DSO node=5 | delta=+2.645523e+05
  SALVAGE | delta=+2.248501e-52
[RECOURSE JUMP] Largest 10 block changes:
  TSO node=None year=2035 day=Summer | previous=6.976318e+07 | current=6.893401e+07 | delta=-8.291729e+05 | abs_delta=8.291729e+05
    [RECOURSE JUMP][TSO PROX] year=2035 day=Summer | V max=0.000181 | PF max=0.008843 | ESS max=0.000063
    [RECOURSE COMPONENTS] gen=-1.379252e+06 | flex=+5.500789e+05 | load_curt=+0.000000e+00 | res_curt=+0.000000e+00 | ess_usage=+0.000000e+00 | slacks=-4.042988e-12 | ess_comp=-4.558727e-02
    [SLACK COMPONENTS] voltage=-4.035883e-12 | node_P=+0.000000e+00 | node_Q=+0.000000e+00 | branch_ij=+0.000000e+00 | branch_ji=+0.000000e+00 | flex_P=+0.000000e+00 | flex_Q=+0.000000e+00
    [SLACK COMPONENT CHECK] classified_delta=-4.035883e-12 | objective_slack_delta=-4.042988e-12 | mismatch=+7.105427e-15
    [RECOURSE COMPONENT CHECK] classified_delta=-8.291729e+05 | block_delta=-8.291729e+05 | mismatch=+2.211891e-09
  TSO node=None year=2025 day=Spring | previous=7.972493e+07 | current=7.929631e+07 | delta=-4.286233e+05 | abs_delta=4.286233e+05
    [RECOURSE JUMP][TSO PROX] year=2025 day=Spring | V max=0.000093 | PF max=0.011275 | ESS max=0.000405
    [RECOURSE COMPONENTS] gen=-6.518891e+05 | flex=+2.232658e+05 | load_curt=+0.000000e+00 | res_curt=+0.000000e+00 | ess_usage=+0.000000e+00 | slacks=-1.702212e-09 | ess_comp=+4.852110e-05
    [SLACK COMPONENTS] voltage=-1.124299e-09 | node_P=+0.000000e+00 | node_Q=+0.000000e+00 | branch_ij=+0.000000e+00 | branch_ji=+0.000000e+00 | flex_P=-2.889546e-10 | flex_Q=-2.889546e-10
    [SLACK COMPONENT CHECK] classified_delta=-1.702208e-09 | objective_slack_delta=-1.702212e-09 | mismatch=+3.552714e-15
    [RECOURSE COMPONENT CHECK] classified_delta=-4.286233e+05 | block_delta=-4.286233e+05 | mismatch=+8.672941e-09
  DSO node=9 year=2035 day=Summer | previous=7.661414e+06 | current=7.931605e+06 | delta=+2.701914e+05 | abs_delta=2.701914e+05
    [RECOURSE COMPONENTS] gen=+0.000000e+00 | flex=+2.748043e+05 | load_curt=+0.000000e+00 | res_curt=-4.612563e+03 | ess_usage=+0.000000e+00 | slacks=-8.069297e-07 | ess_comp=-3.561503e-01
    [SLACK COMPONENTS] voltage=-7.950167e-07 | node_P=+0.000000e+00 | node_Q=+0.000000e+00 | branch_ij=+0.000000e+00 | branch_ji=+0.000000e+00 | flex_P=-9.569714e-09 | flex_Q=-2.342830e-09
    [SLACK COMPONENT CHECK] classified_delta=-8.069293e-07 | objective_slack_delta=-8.069297e-07 | mismatch=+4.156675e-13
    [RECOURSE COMPONENT CHECK] classified_delta=+2.701914e+05 | block_delta=+2.701914e+05 | mismatch=+5.820766e-11
  TSO node=None year=2035 day=Spring | previous=6.271390e+07 | current=6.244574e+07 | delta=-2.681554e+05 | abs_delta=2.681554e+05
    [RECOURSE JUMP][TSO PROX] year=2035 day=Spring | V max=0.000145 | PF max=0.007685 | ESS max=0.000144
    [RECOURSE COMPONENTS] gen=-4.308212e+05 | flex=+1.626659e+05 | load_curt=+0.000000e+00 | res_curt=+0.000000e+00 | ess_usage=+0.000000e+00 | slacks=+4.339310e-07 | ess_comp=-2.843127e-02
    [SLACK COMPONENTS] voltage=+2.847857e-07 | node_P=+0.000000e+00 | node_Q=+0.000000e+00 | branch_ij=+0.000000e+00 | branch_ji=+0.000000e+00 | flex_P=+7.457267e-08 | flex_Q=+7.457267e-08
    [SLACK COMPONENT CHECK] classified_delta=+4.339311e-07 | objective_slack_delta=+4.339310e-07 | mismatch=+1.865175e-14
    [RECOURSE COMPONENT CHECK] classified_delta=-2.681554e+05 | block_delta=-2.681554e+05 | mismatch=-6.926712e-09
  TSO node=None year=2030 day=Spring | previous=5.972625e+07 | current=5.955161e+07 | delta=-1.746394e+05 | abs_delta=1.746394e+05
    [RECOURSE JUMP][TSO PROX] year=2030 day=Spring | V max=0.000116 | PF max=0.005007 | ESS max=0.000113
    [RECOURSE COMPONENTS] gen=-2.493913e+05 | flex=+7.475141e+04 | load_curt=+0.000000e+00 | res_curt=+0.000000e+00 | ess_usage=+0.000000e+00 | slacks=-7.524889e-07 | ess_comp=+4.550236e-01
    [SLACK COMPONENTS] voltage=-4.956129e-07 | node_P=+0.000000e+00 | node_Q=+0.000000e+00 | branch_ij=+0.000000e+00 | branch_ji=+0.000000e+00 | flex_P=-1.284380e-07 | flex_Q=-1.284380e-07
    [SLACK COMPONENT CHECK] classified_delta=-7.524889e-07 | objective_slack_delta=-7.524889e-07 | mismatch=-2.042810e-14
    [RECOURSE COMPONENT CHECK] classified_delta=-1.746394e+05 | block_delta=-1.746394e+05 | mismatch=-1.929584e-08
  DSO node=7 year=2025 day=Spring | previous=3.064243e+06 | current=3.220401e+06 | delta=+1.561577e+05 | abs_delta=1.561577e+05
    [RECOURSE COMPONENTS] gen=+0.000000e+00 | flex=+1.605365e+05 | load_curt=+0.000000e+00 | res_curt=-4.378762e+03 | ess_usage=+0.000000e+00 | slacks=-4.931023e-07 | ess_comp=-3.940697e-05
    [SLACK COMPONENTS] voltage=-4.696968e-07 | node_P=+0.000000e+00 | node_Q=+0.000000e+00 | branch_ij=+0.000000e+00 | branch_ji=+0.000000e+00 | flex_P=-2.340532e-08 | flex_Q=+0.000000e+00
    [SLACK COMPONENT CHECK] classified_delta=-4.931022e-07 | objective_slack_delta=-4.931023e-07 | mismatch=+1.243450e-13
    [RECOURSE COMPONENT CHECK] classified_delta=+1.561577e+05 | block_delta=+1.561577e+05 | mismatch=-4.656613e-10
  DSO node=5 year=2035 day=Summer | previous=6.724516e+06 | current=6.866800e+06 | delta=+1.422837e+05 | abs_delta=1.422837e+05
    [RECOURSE COMPONENTS] gen=+0.000000e+00 | flex=+1.422821e+05 | load_curt=+0.000000e+00 | res_curt=+1.602791e+00 | ess_usage=+0.000000e+00 | slacks=-3.771716e-07 | ess_comp=-3.603011e-02
    [SLACK COMPONENTS] voltage=-2.339920e-07 | node_P=+0.000000e+00 | node_Q=+0.000000e+00 | branch_ij=+0.000000e+00 | branch_ji=+0.000000e+00 | flex_P=-1.431798e-07 | flex_Q=+0.000000e+00
    [SLACK COMPONENT CHECK] classified_delta=-3.771717e-07 | objective_slack_delta=-3.771716e-07 | mismatch=-1.278977e-13
    [RECOURSE COMPONENT CHECK] classified_delta=+1.422837e+05 | block_delta=+1.422837e+05 | mismatch=-1.542503e-09
  DSO node=7 year=2035 day=Summer | previous=4.282484e+06 | current=4.403876e+06 | delta=+1.213927e+05 | abs_delta=1.213927e+05
    [RECOURSE COMPONENTS] gen=+0.000000e+00 | flex=+1.236819e+05 | load_curt=+0.000000e+00 | res_curt=-2.289229e+03 | ess_usage=+0.000000e+00 | slacks=-6.291577e-07 | ess_comp=-3.644481e-02
    [SLACK COMPONENTS] voltage=-6.113885e-07 | node_P=+0.000000e+00 | node_Q=+0.000000e+00 | branch_ij=+0.000000e+00 | branch_ji=+0.000000e+00 | flex_P=-1.776933e-08 | flex_Q=+0.000000e+00
    [SLACK COMPONENT CHECK] classified_delta=-6.291578e-07 | objective_slack_delta=-6.291577e-07 | mismatch=-7.460699e-14
    [RECOURSE COMPONENT CHECK] classified_delta=+1.213927e+05 | block_delta=+1.213927e+05 | mismatch=+1.149601e-09
  DSO node=9 year=2025 day=Summer | previous=3.397359e+06 | current=3.302539e+06 | delta=-9.482045e+04 | abs_delta=9.482045e+04
    [RECOURSE COMPONENTS] gen=+0.000000e+00 | flex=-9.481865e+04 | load_curt=+0.000000e+00 | res_curt=-1.776545e+00 | ess_usage=+0.000000e+00 | slacks=+3.305156e-06 | ess_comp=-2.362784e-02
    [SLACK COMPONENTS] voltage=+6.014417e-07 | node_P=+0.000000e+00 | node_Q=+0.000000e+00 | branch_ij=+0.000000e+00 | branch_ji=+0.000000e+00 | flex_P=+2.703781e-06 | flex_Q=-6.514611e-11
    [SLACK COMPONENT CHECK] classified_delta=+3.305157e-06 | objective_slack_delta=+3.305156e-06 | mismatch=+8.917311e-13
    [RECOURSE COMPONENT CHECK] classified_delta=-9.482045e+04 | block_delta=-9.482045e+04 | mismatch=-7.275958e-11
  DSO node=9 year=2035 day=Spring | previous=8.966374e+06 | current=9.042746e+06 | delta=+7.637171e+04 | abs_delta=7.637171e+04
    [RECOURSE COMPONENTS] gen=+0.000000e+00 | flex=+7.637602e+04 | load_curt=+0.000000e+00 | res_curt=-4.304279e+00 | ess_usage=+0.000000e+00 | slacks=-3.716384e-05 | ess_comp=-2.745517e-03
    [SLACK COMPONENTS] voltage=-9.234896e-09 | node_P=+0.000000e+00 | node_Q=+0.000000e+00 | branch_ij=+0.000000e+00 | branch_ji=+0.000000e+00 | flex_P=-3.715461e-05 | flex_Q=+0.000000e+00
    [SLACK COMPONENT CHECK] classified_delta=-3.716384e-05 | objective_slack_delta=-3.716384e-05 | mismatch=-1.136868e-13
    [RECOURSE COMPONENT CHECK] classified_delta=+7.637171e+04 | block_delta=+7.637171e+04 | mismatch=+1.789886e-09
[INFO]		 - Recourse stationarity failed. 982119.597814 > 82809.806613
[ADMM RHO] V | primal max ratio=0.004 | primal mean ratio=0.002 | primal selected=0.004 | dual mean ratio=0.010 | increase threshold=5.0 | decrease threshold=5.0 | action=held
[ADMM RHO] PF | primal max ratio=0.396 | primal mean ratio=0.053 | primal selected=0.396 | dual mean ratio=0.309 | increase threshold=5.0 | decrease threshold=3.0 | action=held
[ADMM RHO] ESS | primal max ratio=0.017 | primal mean ratio=0.012 | primal selected=0.017 | dual mean ratio=0.009 | increase threshold=5.0 | decrease threshold=5.0 | action=held
[INFO]		 - ADMM cycle 34 | Primal (V max/mean | PF max/mean | ESS max/mean) = 0.000036/0.000002 | 0.003961/0.000053 | 0.001728/0.000116 | Dual (V max/mean | PF max/mean | ESS max/mean) = 0.000406/0.000103 | 0.058656/0.003090 | 0.003464/0.000090 | Recourse change = 982119.597814 (tol. 82809.806613) | Stable cycles = 0/1 | Penalty actions (V/PF/ESS) = held/held/held
[INFO] 	 - Iteration 34: 38.01 s
[INFO] 	 - ADMM Iteration 35
[INFO] 		 - Updating distribution networks:
[INFO] 			 - Running SMOPF, Network case33_1, 2025, Spring...
[INFO] 			 - Running SMOPF, Network case33_1, 2025, Summer...
[INFO] 			 - Running SMOPF, Network case33_1, 2025, Autumn...
[INFO] 			 - Running SMOPF, Network case33_1, 2025, Winter...
[INFO] 			 - Running SMOPF, Network case33_1, 2030, Spring...
[INFO] 			 - Running SMOPF, Network case33_1, 2030, Summer...
[INFO] 			 - Running SMOPF, Network case33_1, 2030, Autumn...
[INFO] 			 - Running SMOPF, Network case33_1, 2030, Winter...
[INFO] 			 - Running SMOPF, Network case33_1, 2035, Spring...
[INFO] 			 - Running SMOPF, Network case33_1, 2035, Summer...
[INFO] 			 - Running SMOPF, Network case33_1, 2035, Autumn...
[INFO] 			 - Running SMOPF, Network case33_1, 2035, Winter...
[INFO] 			 - Running SMOPF, Network case33_2, 2025, Spring...
[INFO] 			 - Running SMOPF, Network case33_2, 2025, Summer...
[INFO] 			 - Running SMOPF, Network case33_2, 2025, Autumn...
[INFO] 			 - Running SMOPF, Network case33_2, 2025, Winter...
[INFO] 			 - Running SMOPF, Network case33_2, 2030, Spring...
[INFO] 			 - Running SMOPF, Network case33_2, 2030, Summer...
[INFO] 			 - Running SMOPF, Network case33_2, 2030, Autumn...
[INFO] 			 - Running SMOPF, Network case33_2, 2030, Winter...
[INFO] 			 - Running SMOPF, Network case33_2, 2035, Spring...
[INFO] 			 - Running SMOPF, Network case33_2, 2035, Summer...
[INFO] 			 - Running SMOPF, Network case33_2, 2035, Autumn...
[INFO] 			 - Running SMOPF, Network case33_2, 2035, Winter...
[INFO] 			 - Running SMOPF, Network case33_3, 2025, Spring...
[INFO] 			 - Running SMOPF, Network case33_3, 2025, Summer...
[INFO] 			 - Running SMOPF, Network case33_3, 2025, Autumn...
[INFO] 			 - Running SMOPF, Network case33_3, 2025, Winter...
[INFO] 			 - Running SMOPF, Network case33_3, 2030, Spring...
[INFO] 			 - Running SMOPF, Network case33_3, 2030, Summer...
[INFO] 			 - Running SMOPF, Network case33_3, 2030, Autumn...
[INFO] 			 - Running SMOPF, Network case33_3, 2030, Winter...
[INFO] 			 - Running SMOPF, Network case33_3, 2035, Spring...
[INFO] 			 - Running SMOPF, Network case33_3, 2035, Summer...
[INFO] 			 - Running SMOPF, Network case33_3, 2035, Autumn...
[INFO] 			 - Running SMOPF, Network case33_3, 2035, Winter...
[INFO] 		 - Updating transmission network...
[INFO] 			 - Running SMOPF, Network case9, 2025, Spring...
[INFO] 			 - Running SMOPF, Network case9, 2025, Summer...
[INFO] 			 - Running SMOPF, Network case9, 2025, Autumn...
[INFO] 			 - Running SMOPF, Network case9, 2025, Winter...
[INFO] 			 - Running SMOPF, Network case9, 2030, Spring...
[INFO] 			 - Running SMOPF, Network case9, 2030, Summer...
[INFO] 			 - Running SMOPF, Network case9, 2030, Autumn...
[INFO] 			 - Running SMOPF, Network case9, 2030, Winter...
[INFO] 			 - Running SMOPF, Network case9, 2035, Spring...
[INFO] 			 - Running SMOPF, Network case9, 2035, Summer...
[INFO] 			 - Running SMOPF, Network case9, 2035, Autumn...
[INFO] 			 - Running SMOPF, Network case9, 2035, Winter...
[TSO PROX] cycle=35 | updated_blocks=12 | held_failed_blocks=0 | V max=0.000253 | PF max=0.011257 | ESS max=0.000405
[TSO PROX][V MAX] node=5, year=2035, day=Summer, period=15 | dV=0.087426 kV | normalized=0.000253
[TSO PROX][PF MAX] node=7, year=2025, day=Spring, period=23, type=P | delta=1.125690 MW | normalized=0.011257
[TSO PROX][ESS MAX] node=5, year=2025, day=Spring, period=14, type=P | delta=0.000784 MW | normalized=0.000405
[INFO] 		 - Updating SharedESS...
[INFO] 		 - Running Shared ESS optimization (subproblem)...
[INFO] 			 - Node 5...
[INFO] Shared ESS complementarity diagnostics for ESS node=5: ratio_max=8.329783e-06 n_periods=288 mu_final=9.671728e-12 s_obj=1.000000e-01 eps=1.000000e-05 bound=2.785458e-03 measured=2.634082e-03
[INFO] 			 - Node 7...
[INFO] Shared ESS complementarity diagnostics for ESS node=7: ratio_max=8.411730e-06 n_periods=288 mu_final=9.659683e-12 s_obj=1.000000e-01 eps=1.000000e-05 bound=2.781989e-03 measured=2.634166e-03
[INFO] 			 - Node 9...
[INFO] Shared ESS complementarity diagnostics for ESS node=9: ratio_max=8.049030e-06 n_periods=288 mu_final=9.650331e-12 s_obj=1.000000e-01 eps=1.000000e-05 bound=2.779295e-03 measured=2.633938e-03
[INFO]		 - Primal residuals ok!
[INFO]		 - Dual residuals ok!
[RECOURSE JUMP] cycle=35 | abs_change=9.215857e+05 | tol=8.271159e+04 | signed_change=-9.215857e+05
[RECOURSE JUMP] Reconciliation | previous=8.271159e+08 | current=8.261944e+08 | block_delta=-9.215857e+05 | mismatch=+1.192093e-07
[RECOURSE JUMP] Aggregate signed changes:
  TSO | delta=-1.694575e+06
  DSO node=7 | delta=+2.802785e+05
  DSO node=5 | delta=+2.527332e+05
  DSO node=9 | delta=+2.399777e+05
  SALVAGE | delta=-7.495003e-53
[RECOURSE JUMP] Largest 10 block changes:
  TSO node=None year=2035 day=Summer | previous=6.893401e+07 | current=6.812222e+07 | delta=-8.117866e+05 | abs_delta=8.117866e+05
    [RECOURSE JUMP][TSO PROX] year=2035 day=Summer | V max=0.000253 | PF max=0.008609 | ESS max=0.000065
    [RECOURSE COMPONENTS] gen=-1.349702e+06 | flex=+5.379151e+05 | load_curt=+0.000000e+00 | res_curt=+0.000000e+00 | ess_usage=+0.000000e+00 | slacks=-9.485746e-12 | ess_comp=-1.646547e-02
    [SLACK COMPONENTS] voltage=-9.492851e-12 | node_P=+0.000000e+00 | node_Q=+0.000000e+00 | branch_ij=+0.000000e+00 | branch_ji=+0.000000e+00 | flex_P=+0.000000e+00 | flex_Q=+0.000000e+00
    [SLACK COMPONENT CHECK] classified_delta=-9.492851e-12 | objective_slack_delta=-9.485746e-12 | mismatch=-7.105427e-15
    [RECOURSE COMPONENT CHECK] classified_delta=-8.117866e+05 | block_delta=-8.117866e+05 | mismatch=-2.444722e-09
  TSO node=None year=2025 day=Spring | previous=7.929631e+07 | current=7.888401e+07 | delta=-4.123047e+05 | abs_delta=4.123047e+05
    [RECOURSE JUMP][TSO PROX] year=2025 day=Spring | V max=0.000092 | PF max=0.011257 | ESS max=0.000405
    [RECOURSE COMPONENTS] gen=-6.314420e+05 | flex=+2.191373e+05 | load_curt=+0.000000e+00 | res_curt=+0.000000e+00 | ess_usage=+0.000000e+00 | slacks=-1.623079e-09 | ess_comp=+5.451516e-05
    [SLACK COMPONENTS] voltage=-1.072053e-09 | node_P=+0.000000e+00 | node_Q=+0.000000e+00 | branch_ij=+0.000000e+00 | branch_ji=+0.000000e+00 | flex_P=-2.755285e-10 | flex_Q=-2.755285e-10
    [SLACK COMPONENT CHECK] classified_delta=-1.623110e-09 | objective_slack_delta=-1.623079e-09 | mismatch=-3.108624e-14
    [RECOURSE COMPONENT CHECK] classified_delta=-4.123047e+05 | block_delta=-4.123047e+05 | mismatch=-2.287561e-08
  TSO node=None year=2035 day=Spring | previous=6.244574e+07 | current=6.215140e+07 | delta=-2.943433e+05 | abs_delta=2.943433e+05
    [RECOURSE JUMP][TSO PROX] year=2035 day=Spring | V max=0.000144 | PF max=0.006681 | ESS max=0.000265
    [RECOURSE COMPONENTS] gen=-4.650410e+05 | flex=+1.706977e+05 | load_curt=+0.000000e+00 | res_curt=+0.000000e+00 | ess_usage=+0.000000e+00 | slacks=+4.686065e-09 | ess_comp=-1.497238e-02
    [SLACK COMPONENTS] voltage=+3.092957e-09 | node_P=+0.000000e+00 | node_Q=+0.000000e+00 | branch_ij=+0.000000e+00 | branch_ji=+0.000000e+00 | flex_P=+7.965499e-10 | flex_Q=+7.965499e-10
    [SLACK COMPONENT CHECK] classified_delta=+4.686057e-09 | objective_slack_delta=+4.686065e-09 | mismatch=-7.993606e-15
    [RECOURSE COMPONENT CHECK] classified_delta=-2.943433e+05 | block_delta=-2.943433e+05 | mismatch=+3.259629e-09
  DSO node=9 year=2035 day=Summer | previous=7.931605e+06 | current=8.191567e+06 | delta=+2.599620e+05 | abs_delta=2.599620e+05
    [RECOURSE COMPONENTS] gen=+0.000000e+00 | flex=+2.617355e+05 | load_curt=+0.000000e+00 | res_curt=-1.773559e+03 | ess_usage=+0.000000e+00 | slacks=-2.443786e-06 | ess_comp=-8.708647e-03
    [SLACK COMPONENTS] voltage=-2.351983e-06 | node_P=+0.000000e+00 | node_Q=+0.000000e+00 | branch_ij=+0.000000e+00 | branch_ji=+0.000000e+00 | flex_P=-9.180337e-08 | flex_Q=+0.000000e+00
    [SLACK COMPONENT CHECK] classified_delta=-2.443786e-06 | objective_slack_delta=-2.443786e-06 | mismatch=+0.000000e+00
    [RECOURSE COMPONENT CHECK] classified_delta=+2.599620e+05 | block_delta=+2.599620e+05 | mismatch=+3.201421e-10
  TSO node=None year=2030 day=Spring | previous=5.955161e+07 | current=5.939138e+07 | delta=-1.602347e+05 | abs_delta=1.602347e+05
    [RECOURSE JUMP][TSO PROX] year=2030 day=Spring | V max=0.000112 | PF max=0.005094 | ESS max=0.000077
    [RECOURSE COMPONENTS] gen=-2.302702e+05 | flex=+7.003538e+04 | load_curt=+0.000000e+00 | res_curt=+0.000000e+00 | ess_usage=+0.000000e+00 | slacks=-5.009877e-07 | ess_comp=+1.111581e-01
    [SLACK COMPONENTS] voltage=-3.299884e-07 | node_P=+0.000000e+00 | node_Q=+0.000000e+00 | branch_ij=+0.000000e+00 | branch_ji=+0.000000e+00 | flex_P=-8.549961e-08 | flex_Q=-8.549961e-08
    [SLACK COMPONENT CHECK] classified_delta=-5.009876e-07 | objective_slack_delta=-5.009877e-07 | mismatch=+1.776357e-14
    [RECOURSE COMPONENT CHECK] classified_delta=-1.602347e+05 | block_delta=-1.602347e+05 | mismatch=+5.005859e-09
  DSO node=7 year=2025 day=Spring | previous=3.220401e+06 | current=3.376495e+06 | delta=+1.560941e+05 | abs_delta=1.560941e+05
    [RECOURSE COMPONENTS] gen=+0.000000e+00 | flex=+1.603921e+05 | load_curt=+0.000000e+00 | res_curt=-4.298034e+03 | ess_usage=+0.000000e+00 | slacks=-4.253197e-07 | ess_comp=-2.413003e-05
    [SLACK COMPONENTS] voltage=-4.087954e-07 | node_P=+0.000000e+00 | node_Q=+0.000000e+00 | branch_ij=+0.000000e+00 | branch_ji=+0.000000e+00 | flex_P=-1.652448e-08 | flex_Q=+0.000000e+00
    [SLACK COMPONENT CHECK] classified_delta=-4.253199e-07 | objective_slack_delta=-4.253197e-07 | mismatch=-1.598721e-13
    [RECOURSE COMPONENT CHECK] classified_delta=+1.560941e+05 | block_delta=+1.560941e+05 | mismatch=-2.619345e-10
  DSO node=5 year=2035 day=Summer | previous=6.866800e+06 | current=7.008952e+06 | delta=+1.421515e+05 | abs_delta=1.421515e+05
    [RECOURSE COMPONENTS] gen=+0.000000e+00 | flex=+1.421500e+05 | load_curt=+0.000000e+00 | res_curt=+1.475303e+00 | ess_usage=+0.000000e+00 | slacks=-5.822071e-07 | ess_comp=-6.425413e-03
    [SLACK COMPONENTS] voltage=-2.346257e-07 | node_P=+0.000000e+00 | node_Q=+0.000000e+00 | branch_ij=+0.000000e+00 | branch_ji=+0.000000e+00 | flex_P=-3.475814e-07 | flex_Q=+0.000000e+00
    [SLACK COMPONENT CHECK] classified_delta=-5.822071e-07 | objective_slack_delta=-5.822071e-07 | mismatch=+3.907985e-14
    [RECOURSE COMPONENT CHECK] classified_delta=+1.421515e+05 | block_delta=+1.421515e+05 | mismatch=+9.022187e-10
  DSO node=7 year=2035 day=Summer | previous=4.403876e+06 | current=4.524915e+06 | delta=+1.210388e+05 | abs_delta=1.210388e+05
    [RECOURSE COMPONENTS] gen=+0.000000e+00 | flex=+1.232925e+05 | load_curt=+0.000000e+00 | res_curt=-2.253648e+03 | ess_usage=+0.000000e+00 | slacks=-6.705376e-07 | ess_comp=-6.523468e-03
    [SLACK COMPONENTS] voltage=-6.402128e-07 | node_P=+0.000000e+00 | node_Q=+0.000000e+00 | branch_ij=+0.000000e+00 | branch_ji=+0.000000e+00 | flex_P=-3.083135e-08 | flex_Q=+5.062901e-10
    [SLACK COMPONENT CHECK] classified_delta=-6.705379e-07 | objective_slack_delta=-6.705376e-07 | mismatch=-2.344791e-13
    [RECOURSE COMPONENT CHECK] classified_delta=+1.210388e+05 | block_delta=+1.210388e+05 | mismatch=-7.130438e-10
  DSO node=9 year=2025 day=Summer | previous=3.302539e+06 | current=3.207831e+06 | delta=-9.470760e+04 | abs_delta=9.470760e+04
    [RECOURSE COMPONENTS] gen=+0.000000e+00 | flex=-9.470501e+04 | load_curt=+0.000000e+00 | res_curt=-2.546374e+00 | ess_usage=+0.000000e+00 | slacks=+1.826645e-06 | ess_comp=-3.771856e-02
    [SLACK COMPONENTS] voltage=+1.150638e-06 | node_P=+0.000000e+00 | node_Q=+0.000000e+00 | branch_ij=+0.000000e+00 | branch_ji=+0.000000e+00 | flex_P=+6.760070e-07 | flex_Q=+0.000000e+00
    [SLACK COMPONENT CHECK] classified_delta=+1.826645e-06 | objective_slack_delta=+1.826645e-06 | mismatch=-7.815970e-14
    [RECOURSE COMPONENT CHECK] classified_delta=-9.470760e+04 | block_delta=-9.470760e+04 | mismatch=+3.929017e-10
  TSO node=None year=2025 day=Summer | previous=9.164113e+07 | current=9.171408e+07 | delta=+7.295334e+04 | abs_delta=7.295334e+04
    [RECOURSE JUMP][TSO PROX] year=2025 day=Summer | V max=0.000131 | PF max=0.006326 | ESS max=0.000279
    [RECOURSE COMPONENTS] gen=+2.536693e+05 | flex=-1.807160e+05 | load_curt=+0.000000e+00 | res_curt=+0.000000e+00 | ess_usage=+0.000000e+00 | slacks=+7.155165e-12 | ess_comp=-8.169789e-05
    [SLACK COMPONENTS] voltage=+7.162271e-12 | node_P=+0.000000e+00 | node_Q=+0.000000e+00 | branch_ij=+0.000000e+00 | branch_ji=+0.000000e+00 | flex_P=-4.440892e-16 | flex_Q=-4.440892e-16
    [SLACK COMPONENT CHECK] classified_delta=+7.161383e-12 | objective_slack_delta=+7.155165e-12 | mismatch=+6.217249e-15
    [RECOURSE COMPONENT CHECK] classified_delta=+7.295334e+04 | block_delta=+7.295334e+04 | mismatch=+1.447916e-08
[INFO]		 - Recourse stationarity failed. 921585.737599 > 82711.594653
[ADMM RHO] V | primal max ratio=0.025 | primal mean ratio=0.002 | primal selected=0.025 | dual mean ratio=0.010 | increase threshold=5.0 | decrease threshold=5.0 | action=held
[ADMM RHO] PF | primal max ratio=0.424 | primal mean ratio=0.051 | primal selected=0.424 | dual mean ratio=0.294 | increase threshold=5.0 | decrease threshold=3.0 | action=held
[ADMM RHO] ESS | primal max ratio=0.018 | primal mean ratio=0.012 | primal selected=0.018 | dual mean ratio=0.008 | increase threshold=5.0 | decrease threshold=5.0 | action=held
[INFO]		 - ADMM cycle 35 | Primal (V max/mean | PF max/mean | ESS max/mean) = 0.000253/0.000002 | 0.004236/0.000051 | 0.001832/0.000122 | Dual (V max/mean | PF max/mean | ESS max/mean) = 0.000570/0.000102 | 0.058565/0.002939 | 0.003464/0.000082 | Recourse change = 921585.737599 (tol. 82711.594653) | Stable cycles = 0/1 | Penalty actions (V/PF/ESS) = held/held/held
[INFO] 	 - Iteration 35: 31.63 s
[INFO] 	 - ADMM Iteration 36
[INFO] 		 - Updating distribution networks:
[INFO] 			 - Running SMOPF, Network case33_1, 2025, Spring...
[INFO] 			 - Running SMOPF, Network case33_1, 2025, Summer...
[INFO] 			 - Running SMOPF, Network case33_1, 2025, Autumn...
[INFO] 			 - Running SMOPF, Network case33_1, 2025, Winter...
[INFO] 			 - Running SMOPF, Network case33_1, 2030, Spring...
[INFO] 			 - Running SMOPF, Network case33_1, 2030, Summer...
[INFO] 			 - Running SMOPF, Network case33_1, 2030, Autumn...
[INFO] 			 - Running SMOPF, Network case33_1, 2030, Winter...
[INFO] 			 - Running SMOPF, Network case33_1, 2035, Spring...
[INFO] 			 - Running SMOPF, Network case33_1, 2035, Summer...
[INFO] 			 - Running SMOPF, Network case33_1, 2035, Autumn...
[INFO] 			 - Running SMOPF, Network case33_1, 2035, Winter...
[INFO] 			 - Running SMOPF, Network case33_2, 2025, Spring...
[INFO] 			 - Running SMOPF, Network case33_2, 2025, Summer...
[INFO] 			 - Running SMOPF, Network case33_2, 2025, Autumn...
[INFO] 			 - Running SMOPF, Network case33_2, 2025, Winter...
[INFO] 			 - Running SMOPF, Network case33_2, 2030, Spring...
[INFO] 			 - Running SMOPF, Network case33_2, 2030, Summer...
[INFO] 			 - Running SMOPF, Network case33_2, 2030, Autumn...
[INFO] 			 - Running SMOPF, Network case33_2, 2030, Winter...
[INFO] 			 - Running SMOPF, Network case33_2, 2035, Spring...
[INFO] 			 - Running SMOPF, Network case33_2, 2035, Summer...
[INFO] 			 - Running SMOPF, Network case33_2, 2035, Autumn...
[INFO] 			 - Running SMOPF, Network case33_2, 2035, Winter...
[INFO] 			 - Running SMOPF, Network case33_3, 2025, Spring...
[INFO] 			 - Running SMOPF, Network case33_3, 2025, Summer...
[INFO] 			 - Running SMOPF, Network case33_3, 2025, Autumn...
[INFO] 			 - Running SMOPF, Network case33_3, 2025, Winter...
[INFO] 			 - Running SMOPF, Network case33_3, 2030, Spring...
[INFO] 			 - Running SMOPF, Network case33_3, 2030, Summer...
[INFO] 			 - Running SMOPF, Network case33_3, 2030, Autumn...
[INFO] 			 - Running SMOPF, Network case33_3, 2030, Winter...
[INFO] 			 - Running SMOPF, Network case33_3, 2035, Spring...
[INFO] 			 - Running SMOPF, Network case33_3, 2035, Summer...
[INFO] 			 - Running SMOPF, Network case33_3, 2035, Autumn...
[INFO] 			 - Running SMOPF, Network case33_3, 2035, Winter...
[INFO] 		 - Updating transmission network...
[INFO] 			 - Running SMOPF, Network case9, 2025, Spring...
[INFO] 			 - Running SMOPF, Network case9, 2025, Summer...
[INFO] 			 - Running SMOPF, Network case9, 2025, Autumn...
[INFO] 			 - Running SMOPF, Network case9, 2025, Winter...
[INFO] 			 - Running SMOPF, Network case9, 2030, Spring...
[INFO] 			 - Running SMOPF, Network case9, 2030, Summer...
[INFO] 			 - Running SMOPF, Network case9, 2030, Autumn...
[INFO] 			 - Running SMOPF, Network case9, 2030, Winter...
[INFO] 			 - Running SMOPF, Network case9, 2035, Spring...
[INFO] 			 - Running SMOPF, Network case9, 2035, Summer...
[INFO] 			 - Running SMOPF, Network case9, 2035, Autumn...
[INFO] 			 - Running SMOPF, Network case9, 2035, Winter...
[TSO PROX] cycle=36 | updated_blocks=12 | held_failed_blocks=0 | V max=0.000566 | PF max=0.011101 | ESS max=0.000405
[TSO PROX][V MAX] node=5, year=2035, day=Summer, period=15 | dV=0.195372 kV | normalized=0.000566
[TSO PROX][PF MAX] node=7, year=2025, day=Spring, period=23, type=P | delta=1.110089 MW | normalized=0.011101
[TSO PROX][ESS MAX] node=5, year=2025, day=Spring, period=14, type=P | delta=0.000784 MW | normalized=0.000405
[INFO] 		 - Updating SharedESS...
[INFO] 		 - Running Shared ESS optimization (subproblem)...
[INFO] 			 - Node 5...
[INFO] Shared ESS complementarity diagnostics for ESS node=5: ratio_max=8.200341e-06 n_periods=288 mu_final=1.009105e-11 s_obj=1.000000e-01 eps=1.000000e-05 bound=2.906223e-03 measured=2.634768e-03
[INFO] 			 - Node 7...
[INFO] Shared ESS complementarity diagnostics for ESS node=7: ratio_max=8.246239e-06 n_periods=288 mu_final=9.959370e-12 s_obj=1.000000e-01 eps=1.000000e-05 bound=2.868299e-03 measured=2.634683e-03
[INFO] 			 - Node 9...
[INFO] Shared ESS complementarity diagnostics for ESS node=9: ratio_max=7.899123e-06 n_periods=288 mu_final=9.961577e-12 s_obj=1.000000e-01 eps=1.000000e-05 bound=2.868934e-03 measured=2.633450e-03
[INFO]		 - Primal residuals ok!
[INFO]		 - Dual residuals ok!
[RECOURSE JUMP] cycle=36 | abs_change=8.139485e+05 | tol=8.261944e+04 | signed_change=-8.139485e+05
[RECOURSE JUMP] Reconciliation | previous=8.261944e+08 | current=8.253804e+08 | block_delta=-8.139485e+05 | mismatch=-1.192093e-07
[RECOURSE JUMP] Aggregate signed changes:
  TSO | delta=-1.415445e+06
  DSO node=7 | delta=+2.684083e+05
  DSO node=5 | delta=+2.240577e+05
  DSO node=9 | delta=+1.090301e+05
  SALVAGE | delta=+1.499001e-52
[RECOURSE JUMP] Largest 10 block changes:
  TSO node=None year=2035 day=Summer | previous=6.812222e+07 | current=6.751025e+07 | delta=-6.119746e+05 | abs_delta=6.119746e+05
    [RECOURSE JUMP][TSO PROX] year=2035 day=Summer | V max=0.000566 | PF max=0.006268 | ESS max=0.000065
    [RECOURSE COMPONENTS] gen=-1.008517e+06 | flex=+3.965421e+05 | load_curt=+0.000000e+00 | res_curt=+0.000000e+00 | ess_usage=+0.000000e+00 | slacks=-1.349321e-11 | ess_comp=-7.707179e-03
    [SLACK COMPONENTS] voltage=-1.348610e-11 | node_P=+0.000000e+00 | node_Q=+0.000000e+00 | branch_ij=+0.000000e+00 | branch_ji=+0.000000e+00 | flex_P=+0.000000e+00 | flex_Q=+0.000000e+00
    [SLACK COMPONENT CHECK] classified_delta=-1.348610e-11 | objective_slack_delta=-1.349321e-11 | mismatch=+7.105427e-15
    [RECOURSE COMPONENT CHECK] classified_delta=-6.119746e+05 | block_delta=-6.119746e+05 | mismatch=-8.149073e-09
  TSO node=None year=2025 day=Spring | previous=7.888401e+07 | current=7.849571e+07 | delta=-3.882996e+05 | abs_delta=3.882996e+05
    [RECOURSE JUMP][TSO PROX] year=2025 day=Spring | V max=0.000091 | PF max=0.011101 | ESS max=0.000405
    [RECOURSE COMPONENTS] gen=-5.958305e+05 | flex=+2.075309e+05 | load_curt=+0.000000e+00 | res_curt=+0.000000e+00 | ess_usage=+0.000000e+00 | slacks=-1.413063e-09 | ess_comp=+7.207758e-05
    [SLACK COMPONENTS] voltage=-9.332837e-10 | node_P=+0.000000e+00 | node_Q=+0.000000e+00 | branch_ij=+0.000000e+00 | branch_ji=+0.000000e+00 | flex_P=-2.398854e-10 | flex_Q=-2.398854e-10
    [SLACK COMPONENT CHECK] classified_delta=-1.413055e-09 | objective_slack_delta=-1.413063e-09 | mismatch=+8.881784e-15
    [RECOURSE COMPONENT CHECK] classified_delta=-3.882996e+05 | block_delta=-3.882996e+05 | mismatch=+6.693881e-09
  TSO node=None year=2035 day=Spring | previous=6.215140e+07 | current=6.187327e+07 | delta=-2.781290e+05 | abs_delta=2.781290e+05
    [RECOURSE JUMP][TSO PROX] year=2035 day=Spring | V max=0.000142 | PF max=0.006771 | ESS max=0.000352
    [RECOURSE COMPONENTS] gen=-4.403729e+05 | flex=+1.622439e+05 | load_curt=+0.000000e+00 | res_curt=+0.000000e+00 | ess_usage=+0.000000e+00 | slacks=+9.872423e-10 | ess_comp=-7.797190e-03
    [SLACK COMPONENTS] voltage=+6.665886e-10 | node_P=+0.000000e+00 | node_Q=+0.000000e+00 | branch_ij=+0.000000e+00 | branch_ji=+0.000000e+00 | flex_P=+1.603193e-10 | flex_Q=+1.603193e-10
    [SLACK COMPONENT CHECK] classified_delta=+9.872272e-10 | objective_slack_delta=+9.872423e-10 | mismatch=-1.509903e-14
    [RECOURSE COMPONENT CHECK] classified_delta=-2.781290e+05 | block_delta=-2.781290e+05 | mismatch=-3.259629e-09
  DSO node=7 year=2025 day=Spring | previous=3.376495e+06 | current=3.527646e+06 | delta=+1.511515e+05 | abs_delta=1.511515e+05
    [RECOURSE COMPONENTS] gen=+0.000000e+00 | flex=+1.543998e+05 | load_curt=+0.000000e+00 | res_curt=-3.248253e+03 | ess_usage=+0.000000e+00 | slacks=-7.893675e-07 | ess_comp=-2.312425e-04
    [SLACK COMPONENTS] voltage=-6.641424e-07 | node_P=+0.000000e+00 | node_Q=+0.000000e+00 | branch_ij=+0.000000e+00 | branch_ji=+0.000000e+00 | flex_P=-1.252252e-07 | flex_Q=+0.000000e+00
    [SLACK COMPONENT CHECK] classified_delta=-7.893676e-07 | objective_slack_delta=-7.893675e-07 | mismatch=-1.065814e-13
    [RECOURSE COMPONENT CHECK] classified_delta=+1.511515e+05 | block_delta=+1.511515e+05 | mismatch=+7.566996e-10
  TSO node=None year=2030 day=Spring | previous=5.939138e+07 | current=5.924322e+07 | delta=-1.481594e+05 | abs_delta=1.481594e+05
    [RECOURSE JUMP][TSO PROX] year=2030 day=Spring | V max=0.000108 | PF max=0.005252 | ESS max=0.000023
    [RECOURSE COMPONENTS] gen=-2.115823e+05 | flex=+6.342290e+04 | load_curt=+0.000000e+00 | res_curt=+0.000000e+00 | ess_usage=+0.000000e+00 | slacks=+1.068784e-07 | ess_comp=-1.310972e-02
    [SLACK COMPONENTS] voltage=+7.040272e-08 | node_P=+0.000000e+00 | node_Q=+0.000000e+00 | branch_ij=+0.000000e+00 | branch_ji=+0.000000e+00 | flex_P=+1.823785e-08 | flex_Q=+1.823785e-08
    [SLACK COMPONENT CHECK] classified_delta=+1.068784e-07 | objective_slack_delta=+1.068784e-07 | mismatch=+1.776357e-15
    [RECOURSE COMPONENT CHECK] classified_delta=-1.481594e+05 | block_delta=-1.481594e+05 | mismatch=-3.492460e-10
  DSO node=5 year=2035 day=Summer | previous=7.008952e+06 | current=7.138144e+06 | delta=+1.291919e+05 | abs_delta=1.291919e+05
    [RECOURSE COMPONENTS] gen=+0.000000e+00 | flex=+1.291918e+05 | load_curt=+0.000000e+00 | res_curt=+1.426092e-01 | ess_usage=+0.000000e+00 | slacks=+5.568442e-06 | ess_comp=-2.633618e-03
    [SLACK COMPONENTS] voltage=+5.061344e-07 | node_P=+0.000000e+00 | node_Q=+0.000000e+00 | branch_ij=+0.000000e+00 | branch_ji=+0.000000e+00 | flex_P=+5.062307e-06 | flex_Q=+0.000000e+00
    [SLACK COMPONENT CHECK] classified_delta=+5.568441e-06 | objective_slack_delta=+5.568442e-06 | mismatch=-1.278977e-13
    [RECOURSE COMPONENT CHECK] classified_delta=+1.291919e+05 | block_delta=+1.291919e+05 | mismatch=-3.346941e-10
  DSO node=9 year=2035 day=Summer | previous=8.191567e+06 | current=8.315440e+06 | delta=+1.238729e+05 | abs_delta=1.238729e+05
    [RECOURSE COMPONENTS] gen=+0.000000e+00 | flex=+1.237221e+05 | load_curt=+0.000000e+00 | res_curt=+1.508712e+02 | ess_usage=+0.000000e+00 | slacks=+5.388038e-05 | ess_comp=-3.103482e-03
    [SLACK COMPONENTS] voltage=+1.798440e-05 | node_P=+0.000000e+00 | node_Q=+0.000000e+00 | branch_ij=+0.000000e+00 | branch_ji=+0.000000e+00 | flex_P=+3.589587e-05 | flex_Q=+1.131895e-10
    [SLACK COMPONENT CHECK] classified_delta=+5.388038e-05 | objective_slack_delta=+5.388038e-05 | mismatch=-8.419931e-13
    [RECOURSE COMPONENT CHECK] classified_delta=+1.238729e+05 | block_delta=+1.238729e+05 | mismatch=+3.637979e-10
  DSO node=7 year=2035 day=Summer | previous=4.524915e+06 | current=4.643115e+06 | delta=+1.181998e+05 | abs_delta=1.181998e+05
    [RECOURSE COMPONENTS] gen=+0.000000e+00 | flex=+1.195356e+05 | load_curt=+0.000000e+00 | res_curt=-1.335796e+03 | ess_usage=+0.000000e+00 | slacks=-1.775495e-06 | ess_comp=-2.601537e-03
    [SLACK COMPONENTS] voltage=-1.606638e-06 | node_P=+0.000000e+00 | node_Q=+0.000000e+00 | branch_ij=+0.000000e+00 | branch_ji=+0.000000e+00 | flex_P=-1.683504e-07 | flex_Q=-5.062901e-10
    [SLACK COMPONENT CHECK] classified_delta=-1.775494e-06 | objective_slack_delta=-1.775495e-06 | mismatch=+3.694822e-13
    [RECOURSE COMPONENT CHECK] classified_delta=+1.181998e+05 | block_delta=+1.181998e+05 | mismatch=+4.656613e-10
  TSO node=None year=2025 day=Summer | previous=9.171408e+07 | current=9.179834e+07 | delta=+8.425680e+04 | abs_delta=8.425680e+04
    [RECOURSE JUMP][TSO PROX] year=2025 day=Summer | V max=0.000132 | PF max=0.006482 | ESS max=0.000279
    [RECOURSE COMPONENTS] gen=+2.483850e+05 | flex=-1.641282e+05 | load_curt=+0.000000e+00 | res_curt=+0.000000e+00 | ess_usage=+0.000000e+00 | slacks=+6.984635e-12 | ess_comp=-9.166779e-05
    [SLACK COMPONENTS] voltage=+6.984635e-12 | node_P=+0.000000e+00 | node_Q=+0.000000e+00 | branch_ij=+0.000000e+00 | branch_ji=+0.000000e+00 | flex_P=-4.440892e-16 | flex_Q=-4.440892e-16
    [SLACK COMPONENT CHECK] classified_delta=+6.983747e-12 | objective_slack_delta=+6.984635e-12 | mismatch=-8.881784e-16
    [RECOURSE COMPONENT CHECK] classified_delta=+8.425680e+04 | block_delta=+8.425680e+04 | mismatch=-5.151378e-09
  DSO node=9 year=2025 day=Summer | previous=3.207831e+06 | current=3.125801e+06 | delta=-8.203041e+04 | abs_delta=8.203041e+04
    [RECOURSE COMPONENTS] gen=+0.000000e+00 | flex=-8.202930e+04 | load_curt=+0.000000e+00 | res_curt=-1.111398e+00 | ess_usage=+0.000000e+00 | slacks=-1.851950e-05 | ess_comp=+1.259327e-03
    [SLACK COMPONENTS] voltage=+8.861730e-07 | node_P=+0.000000e+00 | node_Q=+0.000000e+00 | branch_ij=+0.000000e+00 | branch_ji=+0.000000e+00 | flex_P=-1.940567e-05 | flex_Q=+0.000000e+00
    [SLACK COMPONENT CHECK] classified_delta=-1.851950e-05 | objective_slack_delta=-1.851950e-05 | mismatch=+6.750156e-14
    [RECOURSE COMPONENT CHECK] classified_delta=-8.203041e+04 | block_delta=-8.203041e+04 | mismatch=-8.731149e-11
[INFO]		 - Recourse stationarity failed. 813948.476300 > 82619.436079
[ADMM RHO] V | primal max ratio=0.031 | primal mean ratio=0.003 | primal selected=0.031 | dual mean ratio=0.010 | increase threshold=5.0 | decrease threshold=5.0 | action=held
[ADMM RHO] PF | primal max ratio=0.449 | primal mean ratio=0.062 | primal selected=0.449 | dual mean ratio=0.268 | increase threshold=5.0 | decrease threshold=3.0 | action=held
[ADMM RHO] ESS | primal max ratio=0.019 | primal mean ratio=0.013 | primal selected=0.019 | dual mean ratio=0.007 | increase threshold=5.0 | decrease threshold=5.0 | action=held
[INFO]		 - ADMM cycle 36 | Primal (V max/mean | PF max/mean | ESS max/mean) = 0.000313/0.000003 | 0.004493/0.000062 | 0.001902/0.000125 | Dual (V max/mean | PF max/mean | ESS max/mean) = 0.001274/0.000104 | 0.057752/0.002677 | 0.003464/0.000074 | Recourse change = 813948.476300 (tol. 82619.436079) | Stable cycles = 0/1 | Penalty actions (V/PF/ESS) = held/held/held
[INFO] 	 - Iteration 36: 31.50 s
[INFO] 	 - ADMM Iteration 37
[INFO] 		 - Updating distribution networks:
[INFO] 			 - Running SMOPF, Network case33_1, 2025, Spring...
[INFO] 			 - Running SMOPF, Network case33_1, 2025, Summer...
[INFO] 			 - Running SMOPF, Network case33_1, 2025, Autumn...
[INFO] 			 - Running SMOPF, Network case33_1, 2025, Winter...
[INFO] 			 - Running SMOPF, Network case33_1, 2030, Spring...
[INFO] 			 - Running SMOPF, Network case33_1, 2030, Summer...
[INFO] 			 - Running SMOPF, Network case33_1, 2030, Autumn...
[INFO] 			 - Running SMOPF, Network case33_1, 2030, Winter...
[INFO] 			 - Running SMOPF, Network case33_1, 2035, Spring...
[INFO] 			 - Running SMOPF, Network case33_1, 2035, Summer...
[INFO] 			 - Running SMOPF, Network case33_1, 2035, Autumn...
[INFO] 			 - Running SMOPF, Network case33_1, 2035, Winter...
[INFO] 			 - Running SMOPF, Network case33_2, 2025, Spring...
[INFO] 			 - Running SMOPF, Network case33_2, 2025, Summer...
[INFO] 			 - Running SMOPF, Network case33_2, 2025, Autumn...
[INFO] 			 - Running SMOPF, Network case33_2, 2025, Winter...
[INFO] 			 - Running SMOPF, Network case33_2, 2030, Spring...
[INFO] 			 - Running SMOPF, Network case33_2, 2030, Summer...
[INFO] 			 - Running SMOPF, Network case33_2, 2030, Autumn...
[INFO] 			 - Running SMOPF, Network case33_2, 2030, Winter...
[INFO] 			 - Running SMOPF, Network case33_2, 2035, Spring...
[INFO] 			 - Running SMOPF, Network case33_2, 2035, Summer...
[INFO] 			 - Running SMOPF, Network case33_2, 2035, Autumn...
[INFO] 			 - Running SMOPF, Network case33_2, 2035, Winter...
[INFO] 			 - Running SMOPF, Network case33_3, 2025, Spring...
[INFO] 			 - Running SMOPF, Network case33_3, 2025, Summer...
[INFO] 			 - Running SMOPF, Network case33_3, 2025, Autumn...
[INFO] 			 - Running SMOPF, Network case33_3, 2025, Winter...
[INFO] 			 - Running SMOPF, Network case33_3, 2030, Spring...
[INFO] 			 - Running SMOPF, Network case33_3, 2030, Summer...
[INFO] 			 - Running SMOPF, Network case33_3, 2030, Autumn...
[INFO] 			 - Running SMOPF, Network case33_3, 2030, Winter...
[INFO] 			 - Running SMOPF, Network case33_3, 2035, Spring...
[INFO] 			 - Running SMOPF, Network case33_3, 2035, Summer...
[INFO] 			 - Running SMOPF, Network case33_3, 2035, Autumn...
[INFO] 			 - Running SMOPF, Network case33_3, 2035, Winter...
[INFO] 		 - Updating transmission network...
[INFO] 			 - Running SMOPF, Network case9, 2025, Spring...
[INFO] 			 - Running SMOPF, Network case9, 2025, Summer...
[INFO] 			 - Running SMOPF, Network case9, 2025, Autumn...
[INFO] 			 - Running SMOPF, Network case9, 2025, Winter...
[INFO] 			 - Running SMOPF, Network case9, 2030, Spring...
[INFO] 			 - Running SMOPF, Network case9, 2030, Summer...
[INFO] 			 - Running SMOPF, Network case9, 2030, Autumn...
[INFO] 			 - Running SMOPF, Network case9, 2030, Winter...
[INFO] 			 - Running SMOPF, Network case9, 2035, Spring...
[INFO] 			 - Running SMOPF, Network case9, 2035, Summer...
[INFO] 			 - Running SMOPF, Network case9, 2035, Autumn...
[INFO] 			 - Running SMOPF, Network case9, 2035, Winter...
[TSO PROX] cycle=37 | updated_blocks=12 | held_failed_blocks=0 | V max=0.000634 | PF max=0.008914 | ESS max=0.000405
[TSO PROX][V MAX] node=5, year=2035, day=Summer, period=15 | dV=0.218880 kV | normalized=0.000634
[TSO PROX][PF MAX] node=7, year=2025, day=Spring, period=23, type=P | delta=0.891388 MW | normalized=0.008914
[TSO PROX][ESS MAX] node=5, year=2025, day=Spring, period=14, type=P | delta=0.000784 MW | normalized=0.000405
[INFO] 		 - Updating SharedESS...
[INFO] 		 - Running Shared ESS optimization (subproblem)...
[INFO] 			 - Node 5...
[INFO] Shared ESS complementarity diagnostics for ESS node=5: ratio_max=8.166522e-06 n_periods=288 mu_final=9.860625e-12 s_obj=1.000000e-01 eps=1.000000e-05 bound=2.839860e-03 measured=2.636502e-03
[INFO] 			 - Node 7...
[INFO] Shared ESS complementarity diagnostics for ESS node=7: ratio_max=8.178785e-06 n_periods=288 mu_final=9.771655e-12 s_obj=1.000000e-01 eps=1.000000e-05 bound=2.814237e-03 measured=2.638205e-03
[INFO] 			 - Node 9...
[INFO] Shared ESS complementarity diagnostics for ESS node=9: ratio_max=7.856656e-06 n_periods=288 mu_final=9.652377e-12 s_obj=1.000000e-01 eps=1.000000e-05 bound=2.779885e-03 measured=2.636645e-03
[INFO]		 - Primal residuals ok!
[INFO]		 - Dual residuals ok!
[RECOURSE JUMP] cycle=37 | abs_change=6.408263e+05 | tol=8.253804e+04 | signed_change=-6.408263e+05
[RECOURSE JUMP] Reconciliation | previous=8.253804e+08 | current=8.247396e+08 | block_delta=-6.408263e+05 | mismatch=+4.768372e-07
[RECOURSE JUMP] Aggregate signed changes:
  TSO | delta=-9.888668e+05
  DSO node=7 | delta=+1.649155e+05
  DSO node=5 | delta=+1.470906e+05
  DSO node=9 | delta=+3.603441e+04
  SALVAGE | delta=-7.495003e-53
[RECOURSE JUMP] Largest 10 block changes:
  TSO node=None year=2035 day=Summer | previous=6.751025e+07 | current=6.715064e+07 | delta=-3.596082e+05 | abs_delta=3.596082e+05
    [RECOURSE JUMP][TSO PROX] year=2035 day=Summer | V max=0.000634 | PF max=0.006858 | ESS max=0.000022
    [RECOURSE COMPONENTS] gen=-5.808097e+05 | flex=+2.212015e+05 | load_curt=+0.000000e+00 | res_curt=+0.000000e+00 | ess_usage=+0.000000e+00 | slacks=-1.126921e-11 | ess_comp=-4.804856e-03
    [SLACK COMPONENTS] voltage=-1.127631e-11 | node_P=+0.000000e+00 | node_Q=+0.000000e+00 | branch_ij=+0.000000e+00 | branch_ji=+0.000000e+00 | flex_P=+0.000000e+00 | flex_Q=+0.000000e+00
    [SLACK COMPONENT CHECK] classified_delta=-1.127631e-11 | objective_slack_delta=-1.126921e-11 | mismatch=-7.105427e-15
    [RECOURSE COMPONENT CHECK] classified_delta=-3.596082e+05 | block_delta=-3.596082e+05 | mismatch=+1.641456e-08
  TSO node=None year=2025 day=Spring | previous=7.849571e+07 | current=7.825050e+07 | delta=-2.452053e+05 | abs_delta=2.452053e+05
    [RECOURSE JUMP][TSO PROX] year=2025 day=Spring | V max=0.000091 | PF max=0.008914 | ESS max=0.000405
    [RECOURSE COMPONENTS] gen=-3.671260e+05 | flex=+1.219207e+05 | load_curt=+0.000000e+00 | res_curt=+0.000000e+00 | ess_usage=+0.000000e+00 | slacks=-1.279382e-09 | ess_comp=+7.643933e-05
    [SLACK COMPONENTS] voltage=-8.449987e-10 | node_P=+0.000000e+00 | node_Q=+0.000000e+00 | branch_ij=+0.000000e+00 | branch_ji=+0.000000e+00 | flex_P=-2.171898e-10 | flex_Q=-2.171898e-10
    [SLACK COMPONENT CHECK] classified_delta=-1.279378e-09 | objective_slack_delta=-1.279382e-09 | mismatch=+3.552714e-15
    [RECOURSE COMPONENT CHECK] classified_delta=-2.452053e+05 | block_delta=-2.452053e+05 | mismatch=-3.055902e-09
  TSO node=None year=2035 day=Spring | previous=6.187327e+07 | current=6.163444e+07 | delta=-2.388332e+05 | abs_delta=2.388332e+05
    [RECOURSE JUMP][TSO PROX] year=2035 day=Spring | V max=0.000141 | PF max=0.006830 | ESS max=0.000267
    [RECOURSE COMPONENTS] gen=-3.849611e+05 | flex=+1.461279e+05 | load_curt=+0.000000e+00 | res_curt=+0.000000e+00 | ess_usage=+0.000000e+00 | slacks=-4.396181e-07 | ess_comp=-1.410883e-03
    [SLACK COMPONENTS] voltage=-2.885590e-07 | node_P=+0.000000e+00 | node_Q=+0.000000e+00 | branch_ij=+0.000000e+00 | branch_ji=+0.000000e+00 | flex_P=-7.552954e-08 | flex_Q=-7.552954e-08
    [SLACK COMPONENT CHECK] classified_delta=-4.396181e-07 | objective_slack_delta=-4.396181e-07 | mismatch=-8.881784e-16
    [RECOURSE COMPONENT CHECK] classified_delta=-2.388332e+05 | block_delta=-2.388332e+05 | mismatch=+6.868504e-09
  TSO node=None year=2030 day=Spring | previous=5.924322e+07 | current=5.907262e+07 | delta=-1.706038e+05 | abs_delta=1.706038e+05
    [RECOURSE JUMP][TSO PROX] year=2030 day=Spring | V max=0.000105 | PF max=0.005132 | ESS max=0.000114
    [RECOURSE COMPONENTS] gen=-2.462457e+05 | flex=+7.564209e+04 | load_curt=+0.000000e+00 | res_curt=+0.000000e+00 | ess_usage=+0.000000e+00 | slacks=+4.939834e-07 | ess_comp=-2.136057e-01
    [SLACK COMPONENTS] voltage=+3.254107e-07 | node_P=+0.000000e+00 | node_Q=+0.000000e+00 | branch_ij=+0.000000e+00 | branch_ji=+0.000000e+00 | flex_P=+8.428635e-08 | flex_Q=+8.428635e-08
    [SLACK COMPONENT CHECK] classified_delta=+4.939834e-07 | objective_slack_delta=+4.939834e-07 | mismatch=+4.440892e-15
    [RECOURSE COMPONENT CHECK] classified_delta=-1.706038e+05 | block_delta=-1.706038e+05 | mismatch=+4.365575e-10
  DSO node=7 year=2035 day=Summer | previous=4.643115e+06 | current=4.730468e+06 | delta=+8.735272e+04 | abs_delta=8.735272e+04
    [RECOURSE COMPONENTS] gen=+0.000000e+00 | flex=+8.736764e+04 | load_curt=+0.000000e+00 | res_curt=-1.491808e+01 | ess_usage=+0.000000e+00 | slacks=+1.846901e-05 | ess_comp=-1.349153e-03
    [SLACK COMPONENTS] voltage=+9.416043e-06 | node_P=+0.000000e+00 | node_Q=+0.000000e+00 | branch_ij=+0.000000e+00 | branch_ji=+0.000000e+00 | flex_P=+9.052970e-06 | flex_Q=+0.000000e+00
    [SLACK COMPONENT CHECK] classified_delta=+1.846901e-05 | objective_slack_delta=+1.846901e-05 | mismatch=-3.197442e-14
    [RECOURSE COMPONENT CHECK] classified_delta=+8.735272e+04 | block_delta=+8.735272e+04 | mismatch=-6.257324e-10
  DSO node=5 year=2035 day=Summer | previous=7.138144e+06 | current=7.218329e+06 | delta=+8.018534e+04 | abs_delta=8.018534e+04
    [RECOURSE COMPONENTS] gen=+0.000000e+00 | flex=+8.018846e+04 | load_curt=+0.000000e+00 | res_curt=-3.127147e+00 | ess_usage=+0.000000e+00 | slacks=+2.617839e-05 | ess_comp=-1.372855e-03
    [SLACK COMPONENTS] voltage=+2.814861e-06 | node_P=+0.000000e+00 | node_Q=+0.000000e+00 | branch_ij=+0.000000e+00 | branch_ji=+0.000000e+00 | flex_P=+2.336353e-05 | flex_Q=+0.000000e+00
    [SLACK COMPONENT CHECK] classified_delta=+2.617839e-05 | objective_slack_delta=+2.617839e-05 | mismatch=+1.740830e-13
    [RECOURSE COMPONENT CHECK] classified_delta=+8.018534e+04 | block_delta=+8.018534e+04 | mismatch=-1.004082e-09
  DSO node=9 year=2025 day=Summer | previous=3.125801e+06 | current=3.046347e+06 | delta=-7.945421e+04 | abs_delta=7.945421e+04
    [RECOURSE COMPONENTS] gen=+0.000000e+00 | flex=-7.945173e+04 | load_curt=+0.000000e+00 | res_curt=-2.517019e+00 | ess_usage=+0.000000e+00 | slacks=-1.020995e-05 | ess_comp=+4.053713e-02
    [SLACK COMPONENTS] voltage=-4.473744e-07 | node_P=+0.000000e+00 | node_Q=+0.000000e+00 | branch_ij=+0.000000e+00 | branch_ji=+0.000000e+00 | flex_P=-9.762572e-06 | flex_Q=+0.000000e+00
    [SLACK COMPONENT CHECK] classified_delta=-1.020995e-05 | objective_slack_delta=-1.020995e-05 | mismatch=+1.421085e-14
    [RECOURSE COMPONENT CHECK] classified_delta=-7.945421e+04 | block_delta=-7.945421e+04 | mismatch=-2.910383e-11
  DSO node=7 year=2025 day=Spring | previous=3.527646e+06 | current=3.602360e+06 | delta=+7.471335e+04 | abs_delta=7.471335e+04
    [RECOURSE COMPONENTS] gen=+0.000000e+00 | flex=+7.472229e+04 | load_curt=+0.000000e+00 | res_curt=-8.959009e+00 | ess_usage=+0.000000e+00 | slacks=+6.361819e-05 | ess_comp=+1.762496e-02
    [SLACK COMPONENTS] voltage=+1.790487e-05 | node_P=+0.000000e+00 | node_Q=+0.000000e+00 | branch_ij=+0.000000e+00 | branch_ji=+0.000000e+00 | flex_P=+4.571207e-05 | flex_Q=+1.242725e-09
    [SLACK COMPONENT CHECK] classified_delta=+6.361819e-05 | objective_slack_delta=+6.361819e-05 | mismatch=-6.750156e-13
    [RECOURSE COMPONENT CHECK] classified_delta=+7.471335e+04 | block_delta=+7.471335e+04 | mismatch=-3.201421e-10
  TSO node=None year=2025 day=Summer | previous=9.179834e+07 | current=9.186457e+07 | delta=+6.623121e+04 | abs_delta=6.623121e+04
    [RECOURSE JUMP][TSO PROX] year=2025 day=Summer | V max=0.000132 | PF max=0.006562 | ESS max=0.000279
    [RECOURSE COMPONENTS] gen=+2.142917e+05 | flex=-1.480605e+05 | load_curt=+0.000000e+00 | res_curt=+0.000000e+00 | ess_usage=+0.000000e+00 | slacks=+6.785683e-12 | ess_comp=-1.053105e-04
    [SLACK COMPONENTS] voltage=+6.778578e-12 | node_P=+0.000000e+00 | node_Q=+0.000000e+00 | branch_ij=+0.000000e+00 | branch_ji=+0.000000e+00 | flex_P=-4.440892e-16 | flex_Q=-4.440892e-16
    [SLACK COMPONENT CHECK] classified_delta=+6.777690e-12 | objective_slack_delta=+6.785683e-12 | mismatch=-7.993606e-15
    [RECOURSE COMPONENT CHECK] classified_delta=+6.623121e+04 | block_delta=+6.623121e+04 | mismatch=-3.041350e-09
  TSO node=None year=2035 day=Autumn | previous=3.503308e+07 | current=3.496834e+07 | delta=-6.474140e+04 | abs_delta=6.474140e+04
    [RECOURSE JUMP][TSO PROX] year=2035 day=Autumn | V max=0.000127 | PF max=0.003680 | ESS max=0.000358
    [RECOURSE COMPONENTS] gen=-1.189951e+05 | flex=+5.563560e+04 | load_curt=+0.000000e+00 | res_curt=+0.000000e+00 | ess_usage=+0.000000e+00 | slacks=-2.280926e-08 | ess_comp=-1.381925e+03
    [SLACK COMPONENTS] voltage=-1.500383e-08 | node_P=+0.000000e+00 | node_Q=+0.000000e+00 | branch_ij=+0.000000e+00 | branch_ji=+0.000000e+00 | flex_P=-3.902721e-09 | flex_Q=-3.902721e-09
    [SLACK COMPONENT CHECK] classified_delta=-2.280927e-08 | objective_slack_delta=-2.280926e-08 | mismatch=-8.881784e-15
    [RECOURSE COMPONENT CHECK] classified_delta=-6.474140e+04 | block_delta=-6.474140e+04 | mismatch=-4.147296e-09
[INFO]		 - Recourse stationarity failed. 640826.321063 > 82538.041232
[ADMM RHO] V | primal max ratio=0.007 | primal mean ratio=0.002 | primal selected=0.007 | dual mean ratio=0.010 | increase threshold=5.0 | decrease threshold=5.0 | action=held
[ADMM RHO] PF | primal max ratio=0.218 | primal mean ratio=0.059 | primal selected=0.218 | dual mean ratio=0.236 | increase threshold=5.0 | decrease threshold=3.0 | action=held
[ADMM RHO] ESS | primal max ratio=0.019 | primal mean ratio=0.013 | primal selected=0.019 | dual mean ratio=0.007 | increase threshold=5.0 | decrease threshold=5.0 | action=held
[INFO]		 - ADMM cycle 37 | Primal (V max/mean | PF max/mean | ESS max/mean) = 0.000068/0.000002 | 0.002182/0.000059 | 0.001927/0.000127 | Dual (V max/mean | PF max/mean | ESS max/mean) = 0.001978/0.000104 | 0.046374/0.002358 | 0.003464/0.000065 | Recourse change = 640826.321063 (tol. 82538.041232) | Stable cycles = 0/1 | Penalty actions (V/PF/ESS) = held/held/held
[INFO] 	 - Iteration 37: 31.79 s
[INFO] 	 - ADMM Iteration 38
[INFO] 		 - Updating distribution networks:
[INFO] 			 - Running SMOPF, Network case33_1, 2025, Spring...
[INFO] 			 - Running SMOPF, Network case33_1, 2025, Summer...
[INFO] 			 - Running SMOPF, Network case33_1, 2025, Autumn...
[INFO] 			 - Running SMOPF, Network case33_1, 2025, Winter...
[INFO] 			 - Running SMOPF, Network case33_1, 2030, Spring...
[INFO] 			 - Running SMOPF, Network case33_1, 2030, Summer...
[INFO] 			 - Running SMOPF, Network case33_1, 2030, Autumn...
[INFO] 			 - Running SMOPF, Network case33_1, 2030, Winter...
[INFO] 			 - Running SMOPF, Network case33_1, 2035, Spring...
[INFO] 			 - Running SMOPF, Network case33_1, 2035, Summer...
[INFO] 			 - Running SMOPF, Network case33_1, 2035, Autumn...
[INFO] 			 - Running SMOPF, Network case33_1, 2035, Winter...
[INFO] 			 - Running SMOPF, Network case33_2, 2025, Spring...
[INFO] 			 - Running SMOPF, Network case33_2, 2025, Summer...
[INFO] 			 - Running SMOPF, Network case33_2, 2025, Autumn...
[INFO] 			 - Running SMOPF, Network case33_2, 2025, Winter...
[INFO] 			 - Running SMOPF, Network case33_2, 2030, Spring...
[INFO] 			 - Running SMOPF, Network case33_2, 2030, Summer...
[INFO] 			 - Running SMOPF, Network case33_2, 2030, Autumn...
[INFO] 			 - Running SMOPF, Network case33_2, 2030, Winter...
[INFO] 			 - Running SMOPF, Network case33_2, 2035, Spring...
[INFO] 			 - Running SMOPF, Network case33_2, 2035, Summer...
[INFO] 			 - Running SMOPF, Network case33_2, 2035, Autumn...
[INFO] 			 - Running SMOPF, Network case33_2, 2035, Winter...
[INFO] 			 - Running SMOPF, Network case33_3, 2025, Spring...
[INFO] 			 - Running SMOPF, Network case33_3, 2025, Summer...
[INFO] 			 - Running SMOPF, Network case33_3, 2025, Autumn...
[INFO] 			 - Running SMOPF, Network case33_3, 2025, Winter...
[INFO] 			 - Running SMOPF, Network case33_3, 2030, Spring...
[INFO] 			 - Running SMOPF, Network case33_3, 2030, Summer...
[INFO] 			 - Running SMOPF, Network case33_3, 2030, Autumn...
[INFO] 			 - Running SMOPF, Network case33_3, 2030, Winter...
[INFO] 			 - Running SMOPF, Network case33_3, 2035, Spring...
[INFO] 			 - Running SMOPF, Network case33_3, 2035, Summer...
[INFO] 			 - Running SMOPF, Network case33_3, 2035, Autumn...
[INFO] 			 - Running SMOPF, Network case33_3, 2035, Winter...
[INFO] 		 - Updating transmission network...
[INFO] 			 - Running SMOPF, Network case9, 2025, Spring...
[INFO] 			 - Running SMOPF, Network case9, 2025, Summer...
[INFO] 			 - Running SMOPF, Network case9, 2025, Autumn...
[INFO] 			 - Running SMOPF, Network case9, 2025, Winter...
[INFO] 			 - Running SMOPF, Network case9, 2030, Spring...
[INFO] 			 - Running SMOPF, Network case9, 2030, Summer...
[INFO] 			 - Running SMOPF, Network case9, 2030, Autumn...
[INFO] 			 - Running SMOPF, Network case9, 2030, Winter...
[INFO] 			 - Running SMOPF, Network case9, 2035, Spring...
[INFO] 			 - Running SMOPF, Network case9, 2035, Summer...
[INFO] 			 - Running SMOPF, Network case9, 2035, Autumn...
[INFO] 			 - Running SMOPF, Network case9, 2035, Winter...
[TSO PROX] cycle=38 | updated_blocks=12 | held_failed_blocks=0 | V max=0.000634 | PF max=0.007547 | ESS max=0.000405
[TSO PROX][V MAX] node=5, year=2035, day=Summer, period=15 | dV=0.218753 kV | normalized=0.000634
[TSO PROX][PF MAX] node=5, year=2035, day=Summer, period=14, type=P | delta=1.509339 MW | normalized=0.007547
[TSO PROX][ESS MAX] node=5, year=2025, day=Spring, period=14, type=P | delta=0.000784 MW | normalized=0.000405
[INFO] 		 - Updating SharedESS...
[INFO] 		 - Running Shared ESS optimization (subproblem)...
[INFO] 			 - Node 5...
[INFO] Shared ESS complementarity diagnostics for ESS node=5: ratio_max=8.150886e-06 n_periods=288 mu_final=9.675028e-12 s_obj=1.000000e-01 eps=1.000000e-05 bound=2.786408e-03 measured=2.637598e-03
[INFO] 			 - Node 7...
[INFO] Shared ESS complementarity diagnostics for ESS node=7: ratio_max=8.148086e-06 n_periods=288 mu_final=9.665178e-12 s_obj=1.000000e-01 eps=1.000000e-05 bound=2.783571e-03 measured=2.638454e-03
[INFO] 			 - Node 9...
[INFO] Shared ESS complementarity diagnostics for ESS node=9: ratio_max=9.030182e-06 n_periods=288 mu_final=9.653318e-12 s_obj=1.000000e-01 eps=1.000000e-05 bound=2.780156e-03 measured=2.640498e-03
[INFO]		 - Primal residuals ok!
[INFO]		 - Dual residuals ok!
[RECOURSE JUMP] cycle=38 | abs_change=4.624539e+05 | tol=8.247396e+04 | signed_change=-4.624539e+05
[RECOURSE JUMP] Reconciliation | previous=8.247396e+08 | current=8.242771e+08 | block_delta=-4.624539e+05 | mismatch=+1.192093e-07
[RECOURSE JUMP] Aggregate signed changes:
  TSO | delta=-6.507506e+05
  DSO node=5 | delta=+1.076169e+05
  DSO node=7 | delta=+8.642771e+04
  DSO node=9 | delta=-5.747857e+03
  SALVAGE | delta=+2.998001e-52
[RECOURSE JUMP] Largest 10 block changes:
  TSO node=None year=2035 day=Spring | previous=6.163444e+07 | current=6.141488e+07 | delta=-2.195588e+05 | abs_delta=2.195588e+05
    [RECOURSE JUMP][TSO PROX] year=2035 day=Spring | V max=0.000129 | PF max=0.006962 | ESS max=0.000294
    [RECOURSE COMPONENTS] gen=-3.537013e+05 | flex=+1.341425e+05 | load_curt=+0.000000e+00 | res_curt=+0.000000e+00 | ess_usage=+0.000000e+00 | slacks=-3.744560e-12 | ess_comp=+2.530507e-03
    [SLACK COMPONENTS] voltage=-3.780087e-12 | node_P=+0.000000e+00 | node_Q=+0.000000e+00 | branch_ij=+0.000000e+00 | branch_ji=+0.000000e+00 | flex_P=+1.554312e-14 | flex_Q=+1.554312e-14
    [SLACK COMPONENT CHECK] classified_delta=-3.749001e-12 | objective_slack_delta=-3.744560e-12 | mismatch=-4.440892e-15
    [RECOURSE COMPONENT CHECK] classified_delta=-2.195588e+05 | block_delta=-2.195588e+05 | mismatch=-8.207280e-09
  TSO node=None year=2035 day=Summer | previous=6.715064e+07 | current=6.698094e+07 | delta=-1.697043e+05 | abs_delta=1.697043e+05
    [RECOURSE JUMP][TSO PROX] year=2035 day=Summer | V max=0.000634 | PF max=0.007547 | ESS max=0.000046
    [RECOURSE COMPONENTS] gen=-2.582866e+05 | flex=+8.858235e+04 | load_curt=+0.000000e+00 | res_curt=+0.000000e+00 | ess_usage=+0.000000e+00 | slacks=-8.569145e-12 | ess_comp=-3.374940e-03
    [SLACK COMPONENTS] voltage=-8.569145e-12 | node_P=+0.000000e+00 | node_Q=+0.000000e+00 | branch_ij=+0.000000e+00 | branch_ji=+0.000000e+00 | flex_P=-1.776357e-15 | flex_Q=-1.776357e-15
    [SLACK COMPONENT CHECK] classified_delta=-8.572698e-12 | objective_slack_delta=-8.569145e-12 | mismatch=-3.552714e-15
    [RECOURSE COMPONENT CHECK] classified_delta=-1.697043e+05 | block_delta=-1.697043e+05 | mismatch=-1.653098e-08
  TSO node=None year=2030 day=Spring | previous=5.907262e+07 | current=5.890806e+07 | delta=-1.645522e+05 | abs_delta=1.645522e+05
    [RECOURSE JUMP][TSO PROX] year=2030 day=Spring | V max=0.000102 | PF max=0.005133 | ESS max=0.000154
    [RECOURSE COMPONENTS] gen=-2.370906e+05 | flex=+7.253863e+04 | load_curt=+0.000000e+00 | res_curt=+0.000000e+00 | ess_usage=+0.000000e+00 | slacks=+4.445473e-07 | ess_comp=-2.516398e-01
    [SLACK COMPONENTS] voltage=+2.928649e-07 | node_P=+0.000000e+00 | node_Q=+0.000000e+00 | branch_ij=+0.000000e+00 | branch_ji=+0.000000e+00 | flex_P=+7.584120e-08 | flex_Q=+7.584120e-08
    [SLACK COMPONENT CHECK] classified_delta=+4.445473e-07 | objective_slack_delta=+4.445473e-07 | mismatch=-2.309264e-14
    [RECOURSE COMPONENT CHECK] classified_delta=-1.645522e+05 | block_delta=-1.645522e+05 | mismatch=+7.392373e-09
  TSO node=None year=2025 day=Spring | previous=7.825050e+07 | current=7.811416e+07 | delta=-1.363466e+05 | abs_delta=1.363466e+05
    [RECOURSE JUMP][TSO PROX] year=2025 day=Spring | V max=0.000090 | PF max=0.007238 | ESS max=0.000405
    [RECOURSE COMPONENTS] gen=-1.943316e+05 | flex=+5.798506e+04 | load_curt=+0.000000e+00 | res_curt=+0.000000e+00 | ess_usage=+0.000000e+00 | slacks=-1.254548e-09 | ess_comp=+8.129209e-05
    [SLACK COMPONENTS] voltage=-8.285426e-10 | node_P=+0.000000e+00 | node_Q=+0.000000e+00 | branch_ij=+0.000000e+00 | branch_ji=+0.000000e+00 | flex_P=-2.130092e-10 | flex_Q=-2.130092e-10
    [SLACK COMPONENT CHECK] classified_delta=-1.254561e-09 | objective_slack_delta=-1.254548e-09 | mismatch=-1.243450e-14
    [RECOURSE COMPONENT CHECK] classified_delta=-1.363466e+05 | block_delta=-1.363466e+05 | mismatch=+1.804437e-08
  DSO node=9 year=2025 day=Summer | previous=3.046347e+06 | current=2.967226e+06 | delta=-7.912018e+04 | abs_delta=7.912018e+04
    [RECOURSE COMPONENTS] gen=+0.000000e+00 | flex=-7.911697e+04 | load_curt=+0.000000e+00 | res_curt=-3.221600e+00 | ess_usage=+0.000000e+00 | slacks=+1.777225e-07 | ess_comp=+7.867846e-03
    [SLACK COMPONENTS] voltage=+3.359266e-07 | node_P=+0.000000e+00 | node_Q=+0.000000e+00 | branch_ij=+0.000000e+00 | branch_ji=+0.000000e+00 | flex_P=-1.582041e-07 | flex_Q=+0.000000e+00
    [SLACK COMPONENT CHECK] classified_delta=+1.777226e-07 | objective_slack_delta=+1.777225e-07 | mismatch=+4.263256e-14
    [RECOURSE COMPONENT CHECK] classified_delta=-7.912018e+04 | block_delta=-7.912018e+04 | mismatch=-3.929017e-10
  TSO node=None year=2025 day=Summer | previous=9.186457e+07 | current=9.193082e+07 | delta=+6.625351e+04 | abs_delta=6.625351e+04
    [RECOURSE JUMP][TSO PROX] year=2025 day=Summer | V max=0.000131 | PF max=0.006450 | ESS max=0.000279
    [RECOURSE COMPONENTS] gen=+2.130141e+05 | flex=-1.467606e+05 | load_curt=+0.000000e+00 | res_curt=+0.000000e+00 | ess_usage=+0.000000e+00 | slacks=+6.835421e-12 | ess_comp=-1.213530e-04
    [SLACK COMPONENTS] voltage=+6.835421e-12 | node_P=+0.000000e+00 | node_Q=+0.000000e+00 | branch_ij=+0.000000e+00 | branch_ji=+0.000000e+00 | flex_P=-8.881784e-16 | flex_Q=-8.881784e-16
    [SLACK COMPONENT CHECK] classified_delta=+6.833645e-12 | objective_slack_delta=+6.835421e-12 | mismatch=-1.776357e-15
    [RECOURSE COMPONENT CHECK] classified_delta=+6.625351e+04 | block_delta=+6.625351e+04 | mismatch=+2.438901e-08
  TSO node=None year=2035 day=Autumn | previous=3.496834e+07 | current=3.490424e+07 | delta=-6.410099e+04 | abs_delta=6.410099e+04
    [RECOURSE JUMP][TSO PROX] year=2035 day=Autumn | V max=0.000126 | PF max=0.003666 | ESS max=0.000358
    [RECOURSE COMPONENTS] gen=-1.177843e+05 | flex=+5.507245e+04 | load_curt=+0.000000e+00 | res_curt=+0.000000e+00 | ess_usage=+0.000000e+00 | slacks=+7.036647e-10 | ess_comp=-1.389101e+03
    [SLACK COMPONENTS] voltage=+4.485017e-10 | node_P=+0.000000e+00 | node_Q=+0.000000e+00 | branch_ij=+0.000000e+00 | branch_ji=+0.000000e+00 | flex_P=+1.275899e-10 | flex_Q=+1.275899e-10
    [SLACK COMPONENT CHECK] classified_delta=+7.036816e-10 | objective_slack_delta=+7.036647e-10 | mismatch=+1.687539e-14
    [RECOURSE COMPONENT CHECK] classified_delta=-6.410099e+04 | block_delta=-6.410099e+04 | mismatch=-9.604264e-10
  DSO node=9 year=2035 day=Spring | previous=9.236798e+06 | current=9.290797e+06 | delta=+5.399926e+04 | abs_delta=5.399926e+04
    [RECOURSE COMPONENTS] gen=+0.000000e+00 | flex=+5.400223e+04 | load_curt=+0.000000e+00 | res_curt=-2.965208e+00 | ess_usage=+0.000000e+00 | slacks=+2.446969e-05 | ess_comp=+4.433337e-04
    [SLACK COMPONENTS] voltage=-1.404768e-06 | node_P=+0.000000e+00 | node_Q=+0.000000e+00 | branch_ij=+0.000000e+00 | branch_ji=+0.000000e+00 | flex_P=+2.587446e-05 | flex_Q=+0.000000e+00
    [SLACK COMPONENT CHECK] classified_delta=+2.446969e-05 | objective_slack_delta=+2.446969e-05 | mismatch=+1.030287e-13
    [RECOURSE COMPONENT CHECK] classified_delta=+5.399926e+04 | block_delta=+5.399926e+04 | mismatch=-5.311449e-10
  DSO node=5 year=2035 day=Summer | previous=7.218329e+06 | current=7.269881e+06 | delta=+5.155257e+04 | abs_delta=5.155257e+04
    [RECOURSE COMPONENTS] gen=+0.000000e+00 | flex=+5.155266e+04 | load_curt=+0.000000e+00 | res_curt=-8.485710e-02 | ess_usage=+0.000000e+00 | slacks=+3.297563e-05 | ess_comp=-7.906302e-04
    [SLACK COMPONENTS] voltage=+3.070978e-06 | node_P=+0.000000e+00 | node_Q=+0.000000e+00 | branch_ij=+0.000000e+00 | branch_ji=+0.000000e+00 | flex_P=+2.990466e-05 | flex_Q=+0.000000e+00
    [SLACK COMPONENT CHECK] classified_delta=+3.297563e-05 | objective_slack_delta=+3.297563e-05 | mismatch=-4.973799e-14
    [RECOURSE COMPONENT CHECK] classified_delta=+5.155257e+04 | block_delta=+5.155257e+04 | mismatch=+2.699380e-09
  DSO node=7 year=2025 day=Spring | previous=3.602360e+06 | current=3.641459e+06 | delta=+3.909899e+04 | abs_delta=3.909899e+04
    [RECOURSE COMPONENTS] gen=+0.000000e+00 | flex=+3.909888e+04 | load_curt=+0.000000e+00 | res_curt=+1.361783e-01 | ess_usage=+0.000000e+00 | slacks=+1.098958e-04 | ess_comp=-1.851034e-02
    [SLACK COMPONENTS] voltage=+1.424145e-05 | node_P=+0.000000e+00 | node_Q=+0.000000e+00 | branch_ij=+0.000000e+00 | branch_ji=+0.000000e+00 | flex_P=+9.565558e-05 | flex_Q=-1.242725e-09
    [SLACK COMPONENT CHECK] classified_delta=+1.098958e-04 | objective_slack_delta=+1.098958e-04 | mismatch=+8.277823e-13
    [RECOURSE COMPONENT CHECK] classified_delta=+3.909899e+04 | block_delta=+3.909899e+04 | mismatch=-1.964509e-10
[INFO]		 - Recourse stationarity failed. 462453.913031 > 82473.958600
[ADMM RHO] V | primal max ratio=0.004 | primal mean ratio=0.002 | primal selected=0.004 | dual mean ratio=0.010 | increase threshold=5.0 | decrease threshold=5.0 | action=held
[ADMM RHO] PF | primal max ratio=0.257 | primal mean ratio=0.053 | primal selected=0.257 | dual mean ratio=0.215 | increase threshold=5.0 | decrease threshold=3.0 | action=held
[ADMM RHO] ESS | primal max ratio=0.019 | primal mean ratio=0.013 | primal selected=0.019 | dual mean ratio=0.006 | increase threshold=5.0 | decrease threshold=5.0 | action=held
[INFO]		 - ADMM cycle 38 | Primal (V max/mean | PF max/mean | ESS max/mean) = 0.000038/0.000002 | 0.002570/0.000053 | 0.001927/0.000126 | Dual (V max/mean | PF max/mean | ESS max/mean) = 0.001581/0.000104 | 0.039359/0.002151 | 0.003464/0.000057 | Recourse change = 462453.913031 (tol. 82473.958600) | Stable cycles = 0/1 | Penalty actions (V/PF/ESS) = held/held/held
[INFO] 	 - Iteration 38: 29.54 s
[INFO] 	 - ADMM Iteration 39
[INFO] 		 - Updating distribution networks:
[INFO] 			 - Running SMOPF, Network case33_1, 2025, Spring...
[INFO] 			 - Running SMOPF, Network case33_1, 2025, Summer...
[INFO] 			 - Running SMOPF, Network case33_1, 2025, Autumn...
[INFO] 			 - Running SMOPF, Network case33_1, 2025, Winter...
[INFO] 			 - Running SMOPF, Network case33_1, 2030, Spring...
[INFO] 			 - Running SMOPF, Network case33_1, 2030, Summer...
[INFO] 			 - Running SMOPF, Network case33_1, 2030, Autumn...
[INFO] 			 - Running SMOPF, Network case33_1, 2030, Winter...
[INFO] 			 - Running SMOPF, Network case33_1, 2035, Spring...
[INFO] 			 - Running SMOPF, Network case33_1, 2035, Summer...
[INFO] 			 - Running SMOPF, Network case33_1, 2035, Autumn...
[INFO] 			 - Running SMOPF, Network case33_1, 2035, Winter...
[INFO] 			 - Running SMOPF, Network case33_2, 2025, Spring...
[INFO] 			 - Running SMOPF, Network case33_2, 2025, Summer...
[INFO] 			 - Running SMOPF, Network case33_2, 2025, Autumn...
[INFO] 			 - Running SMOPF, Network case33_2, 2025, Winter...
[INFO] 			 - Running SMOPF, Network case33_2, 2030, Spring...
[INFO] 			 - Running SMOPF, Network case33_2, 2030, Summer...
[INFO] 			 - Running SMOPF, Network case33_2, 2030, Autumn...
[INFO] 			 - Running SMOPF, Network case33_2, 2030, Winter...
[INFO] 			 - Running SMOPF, Network case33_2, 2035, Spring...
[INFO] 			 - Running SMOPF, Network case33_2, 2035, Summer...
[INFO] 			 - Running SMOPF, Network case33_2, 2035, Autumn...
[INFO] 			 - Running SMOPF, Network case33_2, 2035, Winter...
[INFO] 			 - Running SMOPF, Network case33_3, 2025, Spring...
[INFO] 			 - Running SMOPF, Network case33_3, 2025, Summer...
[INFO] 			 - Running SMOPF, Network case33_3, 2025, Autumn...
[INFO] 			 - Running SMOPF, Network case33_3, 2025, Winter...
[INFO] 			 - Running SMOPF, Network case33_3, 2030, Spring...
[INFO] 			 - Running SMOPF, Network case33_3, 2030, Summer...
[INFO] 			 - Running SMOPF, Network case33_3, 2030, Autumn...
[INFO] 			 - Running SMOPF, Network case33_3, 2030, Winter...
[INFO] 			 - Running SMOPF, Network case33_3, 2035, Spring...
[INFO] 			 - Running SMOPF, Network case33_3, 2035, Summer...
[INFO] 			 - Running SMOPF, Network case33_3, 2035, Autumn...
[INFO] 			 - Running SMOPF, Network case33_3, 2035, Winter...
[INFO] 		 - Updating transmission network...
[INFO] 			 - Running SMOPF, Network case9, 2025, Spring...
[INFO] 			 - Running SMOPF, Network case9, 2025, Summer...
[INFO] 			 - Running SMOPF, Network case9, 2025, Autumn...
[INFO] 			 - Running SMOPF, Network case9, 2025, Winter...
[INFO] 			 - Running SMOPF, Network case9, 2030, Spring...
[INFO] 			 - Running SMOPF, Network case9, 2030, Summer...
[INFO] 			 - Running SMOPF, Network case9, 2030, Autumn...
[INFO] 			 - Running SMOPF, Network case9, 2030, Winter...
[INFO] 			 - Running SMOPF, Network case9, 2035, Spring...
[INFO] 			 - Running SMOPF, Network case9, 2035, Summer...
[INFO] 			 - Running SMOPF, Network case9, 2035, Autumn...
[INFO] 			 - Running SMOPF, Network case9, 2035, Winter...
[TSO PROX] cycle=39 | updated_blocks=12 | held_failed_blocks=0 | V max=0.000569 | PF max=0.008020 | ESS max=0.000405
[TSO PROX][V MAX] node=5, year=2035, day=Summer, period=15 | dV=0.196470 kV | normalized=0.000569
[TSO PROX][PF MAX] node=5, year=2035, day=Summer, period=14, type=P | delta=1.603921 MW | normalized=0.008020
[TSO PROX][ESS MAX] node=5, year=2025, day=Spring, period=14, type=P | delta=0.000784 MW | normalized=0.000405
[INFO] 		 - Updating SharedESS...
[INFO] 		 - Running Shared ESS optimization (subproblem)...
[INFO] 			 - Node 5...
[INFO] Shared ESS complementarity diagnostics for ESS node=5: ratio_max=8.128214e-06 n_periods=288 mu_final=1.003761e-11 s_obj=1.000000e-01 eps=1.000000e-05 bound=2.890832e-03 measured=2.635617e-03
[INFO] 			 - Node 7...
[INFO] Shared ESS complementarity diagnostics for ESS node=7: ratio_max=8.106942e-06 n_periods=288 mu_final=9.953699e-12 s_obj=1.000000e-01 eps=1.000000e-05 bound=2.866665e-03 measured=2.638406e-03
[INFO] 			 - Node 9...
[INFO] Shared ESS complementarity diagnostics for ESS node=9: ratio_max=7.825602e-06 n_periods=288 mu_final=1.002626e-11 s_obj=1.000000e-01 eps=1.000000e-05 bound=2.887562e-03 measured=2.635104e-03
[INFO]		 - Primal residuals ok!
[INFO]		 - Dual residuals ok!
[RECOURSE JUMP] cycle=39 | abs_change=3.698958e+05 | tol=8.242771e+04 | signed_change=-3.698958e+05
[RECOURSE JUMP] Reconciliation | previous=8.242771e+08 | current=8.239072e+08 | block_delta=-3.698958e+05 | mismatch=-5.960464e-07
[RECOURSE JUMP] Aggregate signed changes:
  TSO | delta=-4.747279e+05
  DSO node=5 | delta=+8.455668e+04
  DSO node=7 | delta=+4.495544e+04
  DSO node=9 | delta=-2.467995e+04
  SALVAGE | delta=-5.246502e-52
[RECOURSE JUMP] Largest 10 block changes:
  TSO node=None year=2035 day=Spring | previous=6.141488e+07 | current=6.121422e+07 | delta=-2.006570e+05 | abs_delta=2.006570e+05
    [RECOURSE JUMP][TSO PROX] year=2035 day=Spring | V max=0.000119 | PF max=0.006776 | ESS max=0.000156
    [RECOURSE COMPONENTS] gen=-3.246627e+05 | flex=+1.240057e+05 | load_curt=+0.000000e+00 | res_curt=+0.000000e+00 | ess_usage=+0.000000e+00 | slacks=-3.943512e-12 | ess_comp=+1.238734e-02
    [SLACK COMPONENTS] voltage=-3.907985e-12 | node_P=+0.000000e+00 | node_Q=+0.000000e+00 | branch_ij=+0.000000e+00 | branch_ji=+0.000000e+00 | flex_P=-4.884981e-15 | flex_Q=-4.884981e-15
    [SLACK COMPONENT CHECK] classified_delta=-3.917755e-12 | objective_slack_delta=-3.943512e-12 | mismatch=+2.575717e-14
    [RECOURSE COMPONENT CHECK] classified_delta=-2.006570e+05 | block_delta=-2.006570e+05 | mismatch=-1.455192e-10
  TSO node=None year=2030 day=Spring | previous=5.890806e+07 | current=5.876054e+07 | delta=-1.475283e+05 | abs_delta=1.475283e+05
    [RECOURSE JUMP][TSO PROX] year=2030 day=Spring | V max=0.000099 | PF max=0.005176 | ESS max=0.000109
    [RECOURSE COMPONENTS] gen=-2.127769e+05 | flex=+6.524876e+04 | load_curt=+0.000000e+00 | res_curt=+0.000000e+00 | ess_usage=+0.000000e+00 | slacks=+2.595136e-07 | ess_comp=-1.735959e-01
    [SLACK COMPONENTS] voltage=+1.709778e-07 | node_P=+0.000000e+00 | node_Q=+0.000000e+00 | branch_ij=+0.000000e+00 | branch_ji=+0.000000e+00 | flex_P=+4.426793e-08 | flex_Q=+4.426793e-08
    [SLACK COMPONENT CHECK] classified_delta=+2.595137e-07 | objective_slack_delta=+2.595136e-07 | mismatch=+1.065814e-14
    [RECOURSE COMPONENT CHECK] classified_delta=-1.475283e+05 | block_delta=-1.475283e+05 | mismatch=-3.608875e-09
  TSO node=None year=2025 day=Spring | previous=7.811416e+07 | current=7.801863e+07 | delta=-9.552579e+04 | abs_delta=9.552579e+04
    [RECOURSE JUMP][TSO PROX] year=2025 day=Spring | V max=0.000090 | PF max=0.006612 | ESS max=0.000405
    [RECOURSE COMPONENTS] gen=-1.306668e+05 | flex=+3.514099e+04 | load_curt=+0.000000e+00 | res_curt=+0.000000e+00 | ess_usage=+0.000000e+00 | slacks=-1.231157e-09 | ess_comp=+7.444590e-05
    [SLACK COMPONENTS] voltage=-8.130456e-10 | node_P=+0.000000e+00 | node_Q=+0.000000e+00 | branch_ij=+0.000000e+00 | branch_ji=+0.000000e+00 | flex_P=-2.090426e-10 | flex_Q=-2.090426e-10
    [SLACK COMPONENT CHECK] classified_delta=-1.231131e-09 | objective_slack_delta=-1.231157e-09 | mismatch=+2.664535e-14
    [RECOURSE COMPONENT CHECK] classified_delta=-9.552579e+04 | block_delta=-9.552579e+04 | mismatch=-7.115887e-09
  TSO node=None year=2035 day=Summer | previous=6.698094e+07 | current=6.690190e+07 | delta=-7.903142e+04 | abs_delta=7.903142e+04
    [RECOURSE JUMP][TSO PROX] year=2035 day=Summer | V max=0.000569 | PF max=0.008020 | ESS max=0.000062
    [RECOURSE COMPONENTS] gen=-1.042337e+05 | flex=+2.520228e+04 | load_curt=+0.000000e+00 | res_curt=+0.000000e+00 | ess_usage=+0.000000e+00 | slacks=-5.719869e-12 | ess_comp=-2.177438e-03
    [SLACK COMPONENTS] voltage=-5.684342e-12 | node_P=+0.000000e+00 | node_Q=+0.000000e+00 | branch_ij=+0.000000e+00 | branch_ji=+0.000000e+00 | flex_P=-3.108624e-15 | flex_Q=-3.108624e-15
    [SLACK COMPONENT CHECK] classified_delta=-5.690559e-12 | objective_slack_delta=-5.719869e-12 | mismatch=+2.930989e-14
    [RECOURSE COMPONENT CHECK] classified_delta=-7.903142e+04 | block_delta=-7.903142e+04 | mismatch=+2.444722e-08
  DSO node=9 year=2025 day=Summer | previous=2.967226e+06 | current=2.889077e+06 | delta=-7.814902e+04 | abs_delta=7.814902e+04
    [RECOURSE COMPONENTS] gen=+0.000000e+00 | flex=-7.814602e+04 | load_curt=+0.000000e+00 | res_curt=-3.018318e+00 | ess_usage=+0.000000e+00 | slacks=+1.729171e-06 | ess_comp=+2.038839e-02
    [SLACK COMPONENTS] voltage=+5.095176e-07 | node_P=+0.000000e+00 | node_Q=+0.000000e+00 | branch_ij=+0.000000e+00 | branch_ji=+0.000000e+00 | flex_P=+1.219653e-06 | flex_Q=+0.000000e+00
    [SLACK COMPONENT CHECK] classified_delta=+1.729171e-06 | objective_slack_delta=+1.729171e-06 | mismatch=+1.421085e-14
    [RECOURSE COMPONENT CHECK] classified_delta=-7.814902e+04 | block_delta=-7.814902e+04 | mismatch=+5.966285e-10
  TSO node=None year=2025 day=Summer | previous=9.193082e+07 | current=9.200261e+07 | delta=+7.178868e+04 | abs_delta=7.178868e+04
    [RECOURSE JUMP][TSO PROX] year=2025 day=Summer | V max=0.000131 | PF max=0.006339 | ESS max=0.000279
    [RECOURSE COMPONENTS] gen=+2.186691e+05 | flex=-1.468804e+05 | load_curt=+0.000000e+00 | res_curt=+0.000000e+00 | ess_usage=+0.000000e+00 | slacks=+6.707523e-12 | ess_comp=-8.934932e-05
    [SLACK COMPONENTS] voltage=+6.707523e-12 | node_P=+0.000000e+00 | node_Q=+0.000000e+00 | branch_ij=+0.000000e+00 | branch_ji=+0.000000e+00 | flex_P=+0.000000e+00 | flex_Q=+0.000000e+00
    [SLACK COMPONENT CHECK] classified_delta=+6.707523e-12 | objective_slack_delta=+6.707523e-12 | mismatch=+0.000000e+00
    [RECOURSE COMPONENT CHECK] classified_delta=+7.178868e+04 | block_delta=+7.178868e+04 | mismatch=-1.964509e-08
  TSO node=None year=2035 day=Autumn | previous=3.490424e+07 | current=3.484137e+07 | delta=-6.286799e+04 | abs_delta=6.286799e+04
    [RECOURSE JUMP][TSO PROX] year=2035 day=Autumn | V max=0.000126 | PF max=0.003653 | ESS max=0.000357
    [RECOURSE COMPONENTS] gen=-1.160546e+05 | flex=+5.458445e+04 | load_curt=+0.000000e+00 | res_curt=+0.000000e+00 | ess_usage=+0.000000e+00 | slacks=-3.919693e-07 | ess_comp=-1.397876e+03
    [SLACK COMPONENTS] voltage=-2.575687e-07 | node_P=+0.000000e+00 | node_Q=+0.000000e+00 | branch_ij=+0.000000e+00 | branch_ji=+0.000000e+00 | flex_P=-6.720027e-08 | flex_Q=-6.720027e-08
    [SLACK COMPONENT CHECK] classified_delta=-3.919693e-07 | objective_slack_delta=-3.919693e-07 | mismatch=-1.154632e-14
    [RECOURSE COMPONENT CHECK] classified_delta=-6.286799e+04 | block_delta=-6.286799e+04 | mismatch=+1.746230e-09
  DSO node=9 year=2035 day=Spring | previous=9.290797e+06 | current=9.340397e+06 | delta=+4.959988e+04 | abs_delta=4.959988e+04
    [RECOURSE COMPONENTS] gen=+0.000000e+00 | flex=+4.960250e+04 | load_curt=+0.000000e+00 | res_curt=-2.621360e+00 | ess_usage=+0.000000e+00 | slacks=+2.754307e-05 | ess_comp=+2.626682e-03
    [SLACK COMPONENTS] voltage=-1.443036e-06 | node_P=+0.000000e+00 | node_Q=+0.000000e+00 | branch_ij=+0.000000e+00 | branch_ji=+0.000000e+00 | flex_P=+2.898611e-05 | flex_Q=+0.000000e+00
    [SLACK COMPONENT CHECK] classified_delta=+2.754307e-05 | objective_slack_delta=+2.754307e-05 | mismatch=+9.592327e-14
    [RECOURSE COMPONENT CHECK] classified_delta=+4.959988e+04 | block_delta=+4.959988e+04 | mismatch=+6.111804e-10
  DSO node=7 year=2025 day=Summer | previous=1.837671e+06 | current=1.801145e+06 | delta=-3.652550e+04 | abs_delta=3.652550e+04
    [RECOURSE COMPONENTS] gen=+0.000000e+00 | flex=-3.652513e+04 | load_curt=+0.000000e+00 | res_curt=-3.701712e-01 | ess_usage=+0.000000e+00 | slacks=-2.576410e-06 | ess_comp=+6.357549e-03
    [SLACK COMPONENTS] voltage=+1.171865e-07 | node_P=+0.000000e+00 | node_Q=+0.000000e+00 | branch_ij=+0.000000e+00 | branch_ji=+0.000000e+00 | flex_P=-2.693596e-06 | flex_Q=+0.000000e+00
    [SLACK COMPONENT CHECK] classified_delta=-2.576410e-06 | objective_slack_delta=-2.576410e-06 | mismatch=+1.172396e-13
    [RECOURSE COMPONENT CHECK] classified_delta=-3.652550e+04 | block_delta=-3.652550e+04 | mismatch=-1.673470e-10
  DSO node=7 year=2035 day=Spring | previous=5.945979e+06 | current=5.982222e+06 | delta=+3.624373e+04 | abs_delta=3.624373e+04
    [RECOURSE COMPONENTS] gen=+0.000000e+00 | flex=+3.624374e+04 | load_curt=+0.000000e+00 | res_curt=-1.712029e-02 | ess_usage=+0.000000e+00 | slacks=+9.686945e-06 | ess_comp=+4.791807e-03
    [SLACK COMPONENTS] voltage=+4.072203e-07 | node_P=+0.000000e+00 | node_Q=+0.000000e+00 | branch_ij=+0.000000e+00 | branch_ji=+0.000000e+00 | flex_P=+9.279725e-06 | flex_Q=+0.000000e+00
    [SLACK COMPONENT CHECK] classified_delta=+9.686945e-06 | objective_slack_delta=+9.686945e-06 | mismatch=-6.039613e-14
    [RECOURSE COMPONENT CHECK] classified_delta=+3.624373e+04 | block_delta=+3.624373e+04 | mismatch=-1.295120e-09
[INFO]		 - Recourse stationarity failed. 369895.757950 > 82427.713208
[ADMM RHO] V | primal max ratio=0.008 | primal mean ratio=0.001 | primal selected=0.008 | dual mean ratio=0.010 | increase threshold=5.0 | decrease threshold=5.0 | action=held
[ADMM RHO] PF | primal max ratio=0.146 | primal mean ratio=0.038 | primal selected=0.146 | dual mean ratio=0.207 | increase threshold=5.0 | decrease threshold=3.0 | action=held
[ADMM RHO] ESS | primal max ratio=0.019 | primal mean ratio=0.012 | primal selected=0.019 | dual mean ratio=0.005 | increase threshold=5.0 | decrease threshold=5.0 | action=held
[INFO]		 - ADMM cycle 39 | Primal (V max/mean | PF max/mean | ESS max/mean) = 0.000085/0.000001 | 0.001465/0.000038 | 0.001921/0.000119 | Dual (V max/mean | PF max/mean | ESS max/mean) = 0.001426/0.000103 | 0.041722/0.002066 | 0.003464/0.000055 | Recourse change = 369895.757950 (tol. 82427.713208) | Stable cycles = 0/1 | Penalty actions (V/PF/ESS) = held/held/held
[INFO] 	 - Iteration 39: 31.84 s
[INFO] 	 - ADMM Iteration 40
[INFO] 		 - Updating distribution networks:
[INFO] 			 - Running SMOPF, Network case33_1, 2025, Spring...
[INFO] 			 - Running SMOPF, Network case33_1, 2025, Summer...
[INFO] 			 - Running SMOPF, Network case33_1, 2025, Autumn...
[INFO] 			 - Running SMOPF, Network case33_1, 2025, Winter...
[INFO] 			 - Running SMOPF, Network case33_1, 2030, Spring...
[INFO] 			 - Running SMOPF, Network case33_1, 2030, Summer...
[INFO] 			 - Running SMOPF, Network case33_1, 2030, Autumn...
[INFO] 			 - Running SMOPF, Network case33_1, 2030, Winter...
[INFO] 			 - Running SMOPF, Network case33_1, 2035, Spring...
[INFO] 			 - Running SMOPF, Network case33_1, 2035, Summer...
[INFO] 			 - Running SMOPF, Network case33_1, 2035, Autumn...
[WARNING] Network primary solve did not converge for case33_1, year=2035, day=Autumn: status=warning, termination=maxIterations, message=Ipopt 3.14.18\x3a Maximum Number of Iterations Exceeded. | warm_start=True
[WARNING] ADMM penalties for case33_1, year=2035, day=Autumn: rho_v=2.25, rho_pf=5.20246, rho_ess=1
[WARNING] IPOPT primary solve log for case33_1, year=2035, day=Autumn: /Users/micaelsimoes/Projects/share-resource-planning-no_esso-degradation/data/SRP1/Results/P56A/evals/p515g1b_baseline/logs/optim_log_case33_1_2035_Autumn.log
[INFO] Retrying network solve once for case33_1, year=2035, day=Autumn, cold start, with warm_start_init_point=no.
[INFO] Network recovery solve succeeded for case33_1, year=2035, day=Autumn.
[INFO] 			 - Running SMOPF, Network case33_1, 2035, Winter...
[INFO] 			 - Running SMOPF, Network case33_2, 2025, Spring...
[INFO] 			 - Running SMOPF, Network case33_2, 2025, Summer...
[INFO] 			 - Running SMOPF, Network case33_2, 2025, Autumn...
[INFO] 			 - Running SMOPF, Network case33_2, 2025, Winter...
[INFO] 			 - Running SMOPF, Network case33_2, 2030, Spring...
[INFO] 			 - Running SMOPF, Network case33_2, 2030, Summer...
[INFO] 			 - Running SMOPF, Network case33_2, 2030, Autumn...
[INFO] 			 - Running SMOPF, Network case33_2, 2030, Winter...
[INFO] 			 - Running SMOPF, Network case33_2, 2035, Spring...
[INFO] 			 - Running SMOPF, Network case33_2, 2035, Summer...
[INFO] 			 - Running SMOPF, Network case33_2, 2035, Autumn...
[INFO] 			 - Running SMOPF, Network case33_2, 2035, Winter...
[INFO] 			 - Running SMOPF, Network case33_3, 2025, Spring...
[INFO] 			 - Running SMOPF, Network case33_3, 2025, Summer...
[INFO] 			 - Running SMOPF, Network case33_3, 2025, Autumn...
[INFO] 			 - Running SMOPF, Network case33_3, 2025, Winter...
[INFO] 			 - Running SMOPF, Network case33_3, 2030, Spring...
[INFO] 			 - Running SMOPF, Network case33_3, 2030, Summer...
[INFO] 			 - Running SMOPF, Network case33_3, 2030, Autumn...
[INFO] 			 - Running SMOPF, Network case33_3, 2030, Winter...
[INFO] 			 - Running SMOPF, Network case33_3, 2035, Spring...
[INFO] 			 - Running SMOPF, Network case33_3, 2035, Summer...
[INFO] 			 - Running SMOPF, Network case33_3, 2035, Autumn...
[INFO] 			 - Running SMOPF, Network case33_3, 2035, Winter...
[INFO] 		 - Updating transmission network...
[INFO] 			 - Running SMOPF, Network case9, 2025, Spring...
[INFO] 			 - Running SMOPF, Network case9, 2025, Summer...
[INFO] 			 - Running SMOPF, Network case9, 2025, Autumn...
[INFO] 			 - Running SMOPF, Network case9, 2025, Winter...
[INFO] 			 - Running SMOPF, Network case9, 2030, Spring...
[INFO] 			 - Running SMOPF, Network case9, 2030, Summer...
[INFO] 			 - Running SMOPF, Network case9, 2030, Autumn...
[INFO] 			 - Running SMOPF, Network case9, 2030, Winter...
[INFO] 			 - Running SMOPF, Network case9, 2035, Spring...
[INFO] 			 - Running SMOPF, Network case9, 2035, Summer...
[INFO] 			 - Running SMOPF, Network case9, 2035, Autumn...
[INFO] 			 - Running SMOPF, Network case9, 2035, Winter...
[TSO PROX] cycle=40 | updated_blocks=12 | held_failed_blocks=0 | V max=0.000949 | PF max=0.006557 | ESS max=0.000405
[TSO PROX][V MAX] node=5, year=2035, day=Summer, period=14 | dV=0.327272 kV | normalized=0.000949
[TSO PROX][PF MAX] node=7, year=2025, day=Spring, period=23, type=P | delta=0.655655 MW | normalized=0.006557
[TSO PROX][ESS MAX] node=5, year=2025, day=Spring, period=14, type=P | delta=0.000784 MW | normalized=0.000405
[INFO] 		 - Updating SharedESS...
[INFO] 		 - Running Shared ESS optimization (subproblem)...
[INFO] 			 - Node 5...
[INFO] Shared ESS complementarity diagnostics for ESS node=5: ratio_max=8.103318e-06 n_periods=288 mu_final=1.008536e-11 s_obj=1.000000e-01 eps=1.000000e-05 bound=2.904583e-03 measured=2.638098e-03
[INFO] 			 - Node 7...
[INFO] Shared ESS complementarity diagnostics for ESS node=7: ratio_max=8.076621e-06 n_periods=288 mu_final=1.007336e-11 s_obj=1.000000e-01 eps=1.000000e-05 bound=2.901128e-03 measured=2.639095e-03
[INFO] 			 - Node 9...
[INFO] Shared ESS complementarity diagnostics for ESS node=9: ratio_max=7.806338e-06 n_periods=288 mu_final=1.008984e-11 s_obj=1.000000e-01 eps=1.000000e-05 bound=2.905874e-03 measured=2.638168e-03
[INFO]		 - Primal residuals ok!
[INFO]		 - Dual residuals ok!
[RECOURSE JUMP] cycle=40 | abs_change=3.412175e+05 | tol=8.239072e+04 | signed_change=-3.412175e+05
[RECOURSE JUMP] Reconciliation | previous=8.239072e+08 | current=8.235660e+08 | block_delta=-3.412175e+05 | mismatch=+3.576279e-07
[RECOURSE JUMP] Aggregate signed changes:
  TSO | delta=-4.057538e+05
  DSO node=5 | delta=+6.973423e+04
  DSO node=9 | delta=-3.722058e+04
  DSO node=7 | delta=+3.202264e+04
  SALVAGE | delta=+2.248501e-52
[RECOURSE JUMP] Largest 10 block changes:
  TSO node=None year=2035 day=Spring | previous=6.121422e+07 | current=6.104124e+07 | delta=-1.729802e+05 | abs_delta=1.729802e+05
    [RECOURSE JUMP][TSO PROX] year=2035 day=Spring | V max=0.000120 | PF max=0.005243 | ESS max=0.000098
    [RECOURSE COMPONENTS] gen=-2.836453e+05 | flex=+1.106650e+05 | load_curt=+0.000000e+00 | res_curt=+0.000000e+00 | ess_usage=+0.000000e+00 | slacks=-4.106937e-12 | ess_comp=+5.435194e-02
    [SLACK COMPONENTS] voltage=-4.071410e-12 | node_P=+0.000000e+00 | node_Q=+0.000000e+00 | branch_ij=+0.000000e+00 | branch_ji=+0.000000e+00 | flex_P=-1.421085e-14 | flex_Q=-1.421085e-14
    [SLACK COMPONENT CHECK] classified_delta=-4.099832e-12 | objective_slack_delta=-4.106937e-12 | mismatch=+7.105427e-15
    [RECOURSE COMPONENT CHECK] classified_delta=-1.729802e+05 | block_delta=-1.729802e+05 | mismatch=+7.101335e-09
  TSO node=None year=2030 day=Spring | previous=5.876054e+07 | current=5.863923e+07 | delta=-1.213001e+05 | abs_delta=1.213001e+05
    [RECOURSE JUMP][TSO PROX] year=2030 day=Spring | V max=0.000089 | PF max=0.004597 | ESS max=0.000046
    [RECOURSE COMPONENTS] gen=-1.740804e+05 | flex=+5.278035e+04 | load_curt=+0.000000e+00 | res_curt=+0.000000e+00 | ess_usage=+0.000000e+00 | slacks=+1.335699e-07 | ess_comp=-1.105708e-01
    [SLACK COMPONENTS] voltage=+8.798951e-08 | node_P=+0.000000e+00 | node_Q=+0.000000e+00 | branch_ij=+0.000000e+00 | branch_ji=+0.000000e+00 | flex_P=+2.279018e-08 | flex_Q=+2.279018e-08
    [SLACK COMPONENT CHECK] classified_delta=+1.335699e-07 | objective_slack_delta=+1.335699e-07 | mismatch=+7.993606e-15
    [RECOURSE COMPONENT CHECK] classified_delta=-1.213001e+05 | block_delta=-1.213001e+05 | mismatch=+9.167707e-10
  TSO node=None year=2025 day=Spring | previous=7.801863e+07 | current=7.792241e+07 | delta=-9.622049e+04 | abs_delta=9.622049e+04
    [RECOURSE JUMP][TSO PROX] year=2025 day=Spring | V max=0.000090 | PF max=0.006557 | ESS max=0.000405
    [RECOURSE COMPONENTS] gen=-1.329831e+05 | flex=+3.676261e+04 | load_curt=+0.000000e+00 | res_curt=+0.000000e+00 | ess_usage=+0.000000e+00 | slacks=-1.052797e-09 | ess_comp=+6.333140e-05
    [SLACK COMPONENTS] voltage=-6.952021e-10 | node_P=+0.000000e+00 | node_Q=+0.000000e+00 | branch_ij=+0.000000e+00 | branch_ji=+0.000000e+00 | flex_P=-1.788023e-10 | flex_Q=-1.788023e-10
    [SLACK COMPONENT CHECK] classified_delta=-1.052807e-09 | objective_slack_delta=-1.052797e-09 | mismatch=-9.769963e-15
    [RECOURSE COMPONENT CHECK] classified_delta=-9.622049e+04 | block_delta=-9.622049e+04 | mismatch=+2.284651e-09
  DSO node=9 year=2025 day=Summer | previous=2.889077e+06 | current=2.813760e+06 | delta=-7.531752e+04 | abs_delta=7.531752e+04
    [RECOURSE COMPONENTS] gen=+0.000000e+00 | flex=-7.531505e+04 | load_curt=+0.000000e+00 | res_curt=-2.446443e+00 | ess_usage=+0.000000e+00 | slacks=-2.720215e-06 | ess_comp=-2.575314e-02
    [SLACK COMPONENTS] voltage=+6.048518e-07 | node_P=+0.000000e+00 | node_Q=+0.000000e+00 | branch_ij=+0.000000e+00 | branch_ji=+0.000000e+00 | flex_P=-3.325066e-06 | flex_Q=+0.000000e+00
    [SLACK COMPONENT CHECK] classified_delta=-2.720214e-06 | objective_slack_delta=-2.720215e-06 | mismatch=+9.947598e-14
    [RECOURSE COMPONENT CHECK] classified_delta=-7.531752e+04 | block_delta=-7.531752e+04 | mismatch=-2.910383e-10
  TSO node=None year=2025 day=Summer | previous=9.200261e+07 | current=9.207602e+07 | delta=+7.340684e+04 | abs_delta=7.340684e+04
    [RECOURSE JUMP][TSO PROX] year=2025 day=Summer | V max=0.000131 | PF max=0.005272 | ESS max=0.000279
    [RECOURSE COMPONENTS] gen=+2.153252e+05 | flex=-1.419183e+05 | load_curt=+0.000000e+00 | res_curt=+0.000000e+00 | ess_usage=+0.000000e+00 | slacks=+6.714629e-12 | ess_comp=-8.467729e-05
    [SLACK COMPONENTS] voltage=+6.714629e-12 | node_P=+0.000000e+00 | node_Q=+0.000000e+00 | branch_ij=+0.000000e+00 | branch_ji=+0.000000e+00 | flex_P=-4.440892e-16 | flex_Q=-4.440892e-16
    [SLACK COMPONENT CHECK] classified_delta=+6.713741e-12 | objective_slack_delta=+6.714629e-12 | mismatch=-8.881784e-16
    [RECOURSE COMPONENT CHECK] classified_delta=+7.340684e+04 | block_delta=+7.340684e+04 | mismatch=-7.959898e-09
  TSO node=None year=2035 day=Summer | previous=6.690190e+07 | current=6.683531e+07 | delta=-6.659758e+04 | abs_delta=6.659758e+04
    [RECOURSE JUMP][TSO PROX] year=2035 day=Summer | V max=0.000949 | PF max=0.004583 | ESS max=0.000180
    [RECOURSE COMPONENTS] gen=-8.314808e+04 | flex=+1.655051e+04 | load_curt=+0.000000e+00 | res_curt=+0.000000e+00 | ess_usage=+0.000000e+00 | slacks=-3.198153e-11 | ess_comp=-1.415254e-03
    [SLACK COMPONENTS] voltage=-3.198863e-11 | node_P=+0.000000e+00 | node_Q=+0.000000e+00 | branch_ij=+0.000000e+00 | branch_ji=+0.000000e+00 | flex_P=-4.440892e-15 | flex_Q=-4.440892e-15
    [SLACK COMPONENT CHECK] classified_delta=-3.199752e-11 | objective_slack_delta=-3.198153e-11 | mismatch=-1.598721e-14
    [RECOURSE COMPONENT CHECK] classified_delta=-6.659758e+04 | block_delta=-6.659758e+04 | mismatch=-1.637090e-08
  TSO node=None year=2035 day=Autumn | previous=3.484137e+07 | current=3.477945e+07 | delta=-6.192319e+04 | abs_delta=6.192319e+04
    [RECOURSE JUMP][TSO PROX] year=2035 day=Autumn | V max=0.000126 | PF max=0.003641 | ESS max=0.000357
    [RECOURSE COMPONENTS] gen=-1.170189e+05 | flex=+5.650030e+04 | load_curt=+0.000000e+00 | res_curt=+0.000000e+00 | ess_usage=+0.000000e+00 | slacks=-3.984630e-08 | ess_comp=-1.404624e+03
    [SLACK COMPONENTS] voltage=-2.618135e-08 | node_P=+0.000000e+00 | node_Q=+0.000000e+00 | branch_ij=+0.000000e+00 | branch_ji=+0.000000e+00 | flex_P=-6.832481e-09 | flex_Q=-6.832481e-09
    [SLACK COMPONENT CHECK] classified_delta=-3.984631e-08 | objective_slack_delta=-3.984630e-08 | mismatch=-9.769963e-15
    [RECOURSE COMPONENT CHECK] classified_delta=-6.192319e+04 | block_delta=-6.192319e+04 | mismatch=-1.353328e-09
  DSO node=7 year=2035 day=Spring | previous=5.982222e+06 | current=6.018851e+06 | delta=+3.662838e+04 | abs_delta=3.662838e+04
    [RECOURSE COMPONENTS] gen=+0.000000e+00 | flex=+3.662754e+04 | load_curt=+0.000000e+00 | res_curt=+1.522445e-02 | ess_usage=+0.000000e+00 | slacks=+9.417633e-06 | ess_comp=+8.251357e-01
    [SLACK COMPONENTS] voltage=+4.013081e-07 | node_P=+0.000000e+00 | node_Q=+0.000000e+00 | branch_ij=+0.000000e+00 | branch_ji=+0.000000e+00 | flex_P=+9.016324e-06 | flex_Q=+0.000000e+00
    [SLACK COMPONENT CHECK] classified_delta=+9.417632e-06 | objective_slack_delta=+9.417633e-06 | mismatch=-6.039613e-14
    [RECOURSE COMPONENT CHECK] classified_delta=+3.662838e+04 | block_delta=+3.662838e+04 | mismatch=+8.731149e-11
  DSO node=7 year=2025 day=Summer | previous=1.801145e+06 | current=1.764750e+06 | delta=-3.639554e+04 | abs_delta=3.639554e+04
    [RECOURSE COMPONENTS] gen=+0.000000e+00 | flex=-3.639515e+04 | load_curt=+0.000000e+00 | res_curt=-3.814777e-01 | ess_usage=+0.000000e+00 | slacks=+4.240386e-07 | ess_comp=-1.238039e-02
    [SLACK COMPONENTS] voltage=+2.590192e-07 | node_P=+0.000000e+00 | node_Q=+0.000000e+00 | branch_ij=+0.000000e+00 | branch_ji=+0.000000e+00 | flex_P=+1.650194e-07 | flex_Q=+0.000000e+00
    [SLACK COMPONENT CHECK] classified_delta=+4.240386e-07 | objective_slack_delta=+4.240386e-07 | mismatch=+1.776357e-14
    [RECOURSE COMPONENT CHECK] classified_delta=-3.639554e+04 | block_delta=-3.639554e+04 | mismatch=-1.818989e-10
  DSO node=9 year=2035 day=Spring | previous=9.340397e+06 | current=9.376764e+06 | delta=+3.636697e+04 | abs_delta=3.636697e+04
    [RECOURSE COMPONENTS] gen=+0.000000e+00 | flex=+3.636780e+04 | load_curt=+0.000000e+00 | res_curt=-1.138707e+00 | ess_usage=+0.000000e+00 | slacks=+5.040418e-05 | ess_comp=+3.073201e-01
    [SLACK COMPONENTS] voltage=-2.783757e-06 | node_P=+0.000000e+00 | node_Q=+0.000000e+00 | branch_ij=+0.000000e+00 | branch_ji=+0.000000e+00 | flex_P=+5.318794e-05 | flex_Q=+0.000000e+00
    [SLACK COMPONENT CHECK] classified_delta=+5.040418e-05 | objective_slack_delta=+5.040418e-05 | mismatch=-7.105427e-14
    [RECOURSE COMPONENT CHECK] classified_delta=+3.636697e+04 | block_delta=+3.636697e+04 | mismatch=+9.531504e-10
[INFO]		 - Recourse stationarity failed. 341217.465325 > 82390.723632
[ADMM RHO] V | primal max ratio=0.095 | primal mean ratio=0.004 | primal selected=0.095 | dual mean ratio=0.010 | increase threshold=5.0 | decrease threshold=5.0 | action=held
[ADMM RHO] PF | primal max ratio=0.647 | primal mean ratio=0.037 | primal selected=0.647 | dual mean ratio=0.195 | increase threshold=5.0 | decrease threshold=3.0 | action=held
[ADMM RHO] ESS | primal max ratio=0.015 | primal mean ratio=0.011 | primal selected=0.015 | dual mean ratio=0.006 | increase threshold=5.0 | decrease threshold=5.0 | action=held
[INFO]		 - ADMM cycle 40 | Primal (V max/mean | PF max/mean | ESS max/mean) = 0.000949/0.000004 | 0.006473/0.000037 | 0.001465/0.000110 | Dual (V max/mean | PF max/mean | ESS max/mean) = 0.002134/0.000104 | 0.041683/0.001953 | 0.003464/0.000059 | Recourse change = 341217.465325 (tol. 82390.723632) | Stable cycles = 0/1 | Penalty actions (V/PF/ESS) = held/held/held
[INFO] 	 - Iteration 40: 33.17 s
[INFO] 	 - ADMM Iteration 41
[INFO] 		 - Updating distribution networks:
[INFO] 			 - Running SMOPF, Network case33_1, 2025, Spring...
[INFO] 			 - Running SMOPF, Network case33_1, 2025, Summer...
[INFO] 			 - Running SMOPF, Network case33_1, 2025, Autumn...
[INFO] 			 - Running SMOPF, Network case33_1, 2025, Winter...
[INFO] 			 - Running SMOPF, Network case33_1, 2030, Spring...
[INFO] 			 - Running SMOPF, Network case33_1, 2030, Summer...
[INFO] 			 - Running SMOPF, Network case33_1, 2030, Autumn...
[INFO] 			 - Running SMOPF, Network case33_1, 2030, Winter...
[INFO] 			 - Running SMOPF, Network case33_1, 2035, Spring...
[INFO] 			 - Running SMOPF, Network case33_1, 2035, Summer...
[INFO] 			 - Running SMOPF, Network case33_1, 2035, Autumn...
[INFO] 			 - Running SMOPF, Network case33_1, 2035, Winter...
[INFO] 			 - Running SMOPF, Network case33_2, 2025, Spring...
[INFO] 			 - Running SMOPF, Network case33_2, 2025, Summer...
[INFO] 			 - Running SMOPF, Network case33_2, 2025, Autumn...
[INFO] 			 - Running SMOPF, Network case33_2, 2025, Winter...
[INFO] 			 - Running SMOPF, Network case33_2, 2030, Spring...
[INFO] 			 - Running SMOPF, Network case33_2, 2030, Summer...
[INFO] 			 - Running SMOPF, Network case33_2, 2030, Autumn...
[INFO] 			 - Running SMOPF, Network case33_2, 2030, Winter...
[INFO] 			 - Running SMOPF, Network case33_2, 2035, Spring...
[INFO] 			 - Running SMOPF, Network case33_2, 2035, Summer...
[INFO] 			 - Running SMOPF, Network case33_2, 2035, Autumn...
[INFO] 			 - Running SMOPF, Network case33_2, 2035, Winter...
[INFO] 			 - Running SMOPF, Network case33_3, 2025, Spring...
[INFO] 			 - Running SMOPF, Network case33_3, 2025, Summer...
[INFO] 			 - Running SMOPF, Network case33_3, 2025, Autumn...
[INFO] 			 - Running SMOPF, Network case33_3, 2025, Winter...
[INFO] 			 - Running SMOPF, Network case33_3, 2030, Spring...
[INFO] 			 - Running SMOPF, Network case33_3, 2030, Summer...
[INFO] 			 - Running SMOPF, Network case33_3, 2030, Autumn...
[INFO] 			 - Running SMOPF, Network case33_3, 2030, Winter...
[INFO] 			 - Running SMOPF, Network case33_3, 2035, Spring...
[INFO] 			 - Running SMOPF, Network case33_3, 2035, Summer...
[INFO] 			 - Running SMOPF, Network case33_3, 2035, Autumn...
[INFO] 			 - Running SMOPF, Network case33_3, 2035, Winter...
[INFO] 		 - Updating transmission network...
[INFO] 			 - Running SMOPF, Network case9, 2025, Spring...
[INFO] 			 - Running SMOPF, Network case9, 2025, Summer...
[INFO] 			 - Running SMOPF, Network case9, 2025, Autumn...
[INFO] 			 - Running SMOPF, Network case9, 2025, Winter...
[INFO] 			 - Running SMOPF, Network case9, 2030, Spring...
[INFO] 			 - Running SMOPF, Network case9, 2030, Summer...
[INFO] 			 - Running SMOPF, Network case9, 2030, Autumn...
[INFO] 			 - Running SMOPF, Network case9, 2030, Winter...
[INFO] 			 - Running SMOPF, Network case9, 2035, Spring...
[INFO] 			 - Running SMOPF, Network case9, 2035, Summer...
[INFO] 			 - Running SMOPF, Network case9, 2035, Autumn...
[INFO] 			 - Running SMOPF, Network case9, 2035, Winter...
[TSO PROX] cycle=41 | updated_blocks=12 | held_failed_blocks=0 | V max=0.000951 | PF max=0.006612 | ESS max=0.000405
[TSO PROX][V MAX] node=5, year=2035, day=Summer, period=14 | dV=0.327976 kV | normalized=0.000951
[TSO PROX][PF MAX] node=7, year=2025, day=Spring, period=23, type=P | delta=0.661174 MW | normalized=0.006612
[TSO PROX][ESS MAX] node=5, year=2025, day=Spring, period=14, type=P | delta=0.000784 MW | normalized=0.000405
[INFO] 		 - Updating SharedESS...
[INFO] 		 - Running Shared ESS optimization (subproblem)...
[INFO] 			 - Node 5...
[INFO] Shared ESS complementarity diagnostics for ESS node=5: ratio_max=8.479941e-06 n_periods=288 mu_final=1.007879e-11 s_obj=1.000000e-01 eps=1.000000e-05 bound=2.902693e-03 measured=2.642338e-03
[INFO] 			 - Node 7...
[INFO] Shared ESS complementarity diagnostics for ESS node=7: ratio_max=8.061208e-06 n_periods=288 mu_final=9.778752e-12 s_obj=1.000000e-01 eps=1.000000e-05 bound=2.816281e-03 measured=2.636460e-03
[INFO] 			 - Node 9...
[INFO] Shared ESS complementarity diagnostics for ESS node=9: ratio_max=8.876535e-06 n_periods=288 mu_final=9.714139e-12 s_obj=1.000000e-01 eps=1.000000e-05 bound=2.797672e-03 measured=2.640974e-03
[INFO]		 - Primal residuals ok!
[INFO]		 - Dual residuals ok!
[RECOURSE JUMP] cycle=41 | abs_change=3.204501e+05 | tol=8.235660e+04 | signed_change=-3.204501e+05
[RECOURSE JUMP] Reconciliation | previous=8.235660e+08 | current=8.232456e+08 | block_delta=-3.204501e+05 | mismatch=-2.384186e-07
[RECOURSE JUMP] Aggregate signed changes:
  TSO | delta=-3.582521e+05
  DSO node=5 | delta=+4.978650e+04
  DSO node=9 | delta=-3.623278e+04
  DSO node=7 | delta=+2.424827e+04
  SALVAGE | delta=-2.248501e-52
[RECOURSE JUMP] Largest 10 block changes:
  TSO node=None year=2035 day=Spring | previous=6.104124e+07 | current=6.089176e+07 | delta=-1.494751e+05 | abs_delta=1.494751e+05
    [RECOURSE JUMP][TSO PROX] year=2035 day=Spring | V max=0.000121 | PF max=0.005265 | ESS max=0.000138
    [RECOURSE COMPONENTS] gen=-2.512492e+05 | flex=+1.017725e+05 | load_curt=+0.000000e+00 | res_curt=+0.000000e+00 | ess_usage=+0.000000e+00 | slacks=-4.071410e-12 | ess_comp=+1.606732e+00
    [SLACK COMPONENTS] voltage=-4.106937e-12 | node_P=+0.000000e+00 | node_Q=+0.000000e+00 | branch_ij=+0.000000e+00 | branch_ji=+0.000000e+00 | flex_P=+2.664535e-15 | flex_Q=+2.664535e-15
    [SLACK COMPONENT CHECK] classified_delta=-4.101608e-12 | objective_slack_delta=-4.071410e-12 | mismatch=-3.019807e-14
    [RECOURSE COMPONENT CHECK] classified_delta=-1.494751e+05 | block_delta=-1.494751e+05 | mismatch=-1.001172e-08
  TSO node=None year=2030 day=Spring | previous=5.863923e+07 | current=5.853072e+07 | delta=-1.085142e+05 | abs_delta=1.085142e+05
    [RECOURSE JUMP][TSO PROX] year=2030 day=Spring | V max=0.000091 | PF max=0.004700 | ESS max=0.000026
    [RECOURSE COMPONENTS] gen=-1.532815e+05 | flex=+4.476740e+04 | load_curt=+0.000000e+00 | res_curt=+0.000000e+00 | ess_usage=+0.000000e+00 | slacks=+6.896105e-08 | ess_comp=-7.851845e-02
    [SLACK COMPONENTS] voltage=+4.542344e-08 | node_P=+0.000000e+00 | node_Q=+0.000000e+00 | branch_ij=+0.000000e+00 | branch_ji=+0.000000e+00 | flex_P=+1.176881e-08 | flex_Q=+1.176881e-08
    [SLACK COMPONENT CHECK] classified_delta=+6.896105e-08 | objective_slack_delta=+6.896105e-08 | mismatch=+2.664535e-15
    [RECOURSE COMPONENT CHECK] classified_delta=-1.085142e+05 | block_delta=-1.085142e+05 | mismatch=-3.929017e-10
  TSO node=None year=2025 day=Spring | previous=7.792241e+07 | current=7.781647e+07 | delta=-1.059395e+05 | abs_delta=1.059395e+05
    [RECOURSE JUMP][TSO PROX] year=2025 day=Spring | V max=0.000090 | PF max=0.006612 | ESS max=0.000405
    [RECOURSE COMPONENTS] gen=-1.497444e+05 | flex=+4.380488e+04 | load_curt=+0.000000e+00 | res_curt=+0.000000e+00 | ess_usage=+0.000000e+00 | slacks=-1.198920e-09 | ess_comp=+5.928987e-05
    [SLACK COMPONENTS] voltage=-7.916441e-10 | node_P=+0.000000e+00 | node_Q=+0.000000e+00 | branch_ij=+0.000000e+00 | branch_ji=+0.000000e+00 | flex_P=-2.036420e-10 | flex_Q=-2.036420e-10
    [SLACK COMPONENT CHECK] classified_delta=-1.198928e-09 | objective_slack_delta=-1.198920e-09 | mismatch=-7.993606e-15
    [RECOURSE COMPONENT CHECK] classified_delta=-1.059395e+05 | block_delta=-1.059395e+05 | mismatch=-8.629286e-09
  DSO node=9 year=2025 day=Summer | previous=2.813760e+06 | current=2.749981e+06 | delta=-6.377890e+04 | abs_delta=6.377890e+04
    [RECOURSE COMPONENTS] gen=+0.000000e+00 | flex=-6.377820e+04 | load_curt=+0.000000e+00 | res_curt=-6.929856e-01 | ess_usage=+0.000000e+00 | slacks=-1.879777e-05 | ess_comp=-4.589706e-03
    [SLACK COMPONENTS] voltage=-1.748280e-07 | node_P=+0.000000e+00 | node_Q=+0.000000e+00 | branch_ij=+0.000000e+00 | branch_ji=+0.000000e+00 | flex_P=-1.862295e-05 | flex_Q=+0.000000e+00
    [SLACK COMPONENT CHECK] classified_delta=-1.879777e-05 | objective_slack_delta=-1.879777e-05 | mismatch=-7.105427e-14
    [RECOURSE COMPONENT CHECK] classified_delta=-6.377890e+04 | block_delta=-6.377890e+04 | mismatch=-1.964509e-10
  TSO node=None year=2025 day=Summer | previous=9.207602e+07 | current=9.213886e+07 | delta=+6.283946e+04 | abs_delta=6.283946e+04
    [RECOURSE JUMP][TSO PROX] year=2025 day=Summer | V max=0.000130 | PF max=0.005530 | ESS max=0.000279
    [RECOURSE COMPONENTS] gen=+1.907638e+05 | flex=-1.279244e+05 | load_curt=+0.000000e+00 | res_curt=+0.000000e+00 | ess_usage=+0.000000e+00 | slacks=+6.778578e-12 | ess_comp=-1.328356e-04
    [SLACK COMPONENTS] voltage=+6.778578e-12 | node_P=+0.000000e+00 | node_Q=+0.000000e+00 | branch_ij=+0.000000e+00 | branch_ji=+0.000000e+00 | flex_P=-4.440892e-16 | flex_Q=-4.440892e-16
    [SLACK COMPONENT CHECK] classified_delta=+6.777690e-12 | objective_slack_delta=+6.778578e-12 | mismatch=-8.881784e-16
    [RECOURSE COMPONENT CHECK] classified_delta=+6.283946e+04 | block_delta=+6.283946e+04 | mismatch=+1.381704e-08
  TSO node=None year=2035 day=Autumn | previous=3.477945e+07 | current=3.471851e+07 | delta=-6.093601e+04 | abs_delta=6.093601e+04
    [RECOURSE JUMP][TSO PROX] year=2035 day=Autumn | V max=0.000125 | PF max=0.003628 | ESS max=0.000358
    [RECOURSE COMPONENTS] gen=-1.120086e+05 | flex=+5.248417e+04 | load_curt=+0.000000e+00 | res_curt=+0.000000e+00 | ess_usage=+0.000000e+00 | slacks=+2.735590e-12 | ess_comp=-1.411544e+03
    [SLACK COMPONENTS] voltage=+2.700062e-12 | node_P=+0.000000e+00 | node_Q=+0.000000e+00 | branch_ij=+0.000000e+00 | branch_ji=+0.000000e+00 | flex_P=+1.421085e-14 | flex_Q=+1.421085e-14
    [SLACK COMPONENT CHECK] classified_delta=+2.728484e-12 | objective_slack_delta=+2.735590e-12 | mismatch=-7.105427e-15
    [RECOURSE COMPONENT CHECK] classified_delta=-6.093601e+04 | block_delta=-6.093601e+04 | mismatch=-3.448804e-09
  DSO node=7 year=2035 day=Spring | previous=6.018851e+06 | current=6.056640e+06 | delta=+3.778909e+04 | abs_delta=3.778909e+04
    [RECOURSE COMPONENTS] gen=+0.000000e+00 | flex=+3.778901e+04 | load_curt=+0.000000e+00 | res_curt=+6.767785e-02 | ess_usage=+0.000000e+00 | slacks=+5.515029e-06 | ess_comp=+1.409128e-02
    [SLACK COMPONENTS] voltage=+2.418486e-07 | node_P=+0.000000e+00 | node_Q=+0.000000e+00 | branch_ij=+0.000000e+00 | branch_ji=+0.000000e+00 | flex_P=+5.273181e-06 | flex_Q=+0.000000e+00
    [SLACK COMPONENT CHECK] classified_delta=+5.515029e-06 | objective_slack_delta=+5.515029e-06 | mismatch=+1.278977e-13
    [RECOURSE COMPONENT CHECK] classified_delta=+3.778909e+04 | block_delta=+3.778909e+04 | mismatch=+4.583853e-10
  DSO node=7 year=2025 day=Summer | previous=1.764750e+06 | current=1.728375e+06 | delta=-3.637489e+04 | abs_delta=3.637489e+04
    [RECOURSE COMPONENTS] gen=+0.000000e+00 | flex=-3.637451e+04 | load_curt=+0.000000e+00 | res_curt=-3.814632e-01 | ess_usage=+0.000000e+00 | slacks=+9.308430e-07 | ess_comp=+2.331715e-03
    [SLACK COMPONENTS] voltage=+2.185070e-07 | node_P=+0.000000e+00 | node_Q=+0.000000e+00 | branch_ij=+0.000000e+00 | branch_ji=+0.000000e+00 | flex_P=+7.123359e-07 | flex_Q=+0.000000e+00
    [SLACK COMPONENT CHECK] classified_delta=+9.308429e-07 | objective_slack_delta=+9.308430e-07 | mismatch=-1.634248e-13
    [RECOURSE COMPONENT CHECK] classified_delta=-3.637489e+04 | block_delta=-3.637489e+04 | mismatch=+1.091394e-10
  DSO node=9 year=2035 day=Spring | previous=9.376764e+06 | current=9.412255e+06 | delta=+3.549115e+04 | abs_delta=3.549115e+04
    [RECOURSE COMPONENTS] gen=+0.000000e+00 | flex=+3.549134e+04 | load_curt=+0.000000e+00 | res_curt=-7.239039e-01 | ess_usage=+0.000000e+00 | slacks=+2.651372e-05 | ess_comp=+5.336707e-01
    [SLACK COMPONENTS] voltage=-3.050085e-07 | node_P=+0.000000e+00 | node_Q=+0.000000e+00 | branch_ij=+0.000000e+00 | branch_ji=+0.000000e+00 | flex_P=+2.681872e-05 | flex_Q=+0.000000e+00
    [SLACK COMPONENT CHECK] classified_delta=+2.651372e-05 | objective_slack_delta=+2.651372e-05 | mismatch=-1.065814e-13
    [RECOURSE COMPONENT CHECK] classified_delta=+3.549115e+04 | block_delta=+3.549115e+04 | mismatch=-2.990419e-09
  DSO node=5 year=2035 day=Spring | previous=9.446038e+06 | current=9.479115e+06 | delta=+3.307705e+04 | abs_delta=3.307705e+04
    [RECOURSE COMPONENTS] gen=+0.000000e+00 | flex=+3.307684e+04 | load_curt=+0.000000e+00 | res_curt=+1.911160e-01 | ess_usage=+0.000000e+00 | slacks=+1.568001e-05 | ess_comp=+1.341348e-02
    [SLACK COMPONENTS] voltage=+5.460984e-07 | node_P=+0.000000e+00 | node_Q=+0.000000e+00 | branch_ij=+0.000000e+00 | branch_ji=+0.000000e+00 | flex_P=+1.513391e-05 | flex_Q=+0.000000e+00
    [SLACK COMPONENT CHECK] classified_delta=+1.568001e-05 | objective_slack_delta=+1.568001e-05 | mismatch=-2.486900e-14
    [RECOURSE COMPONENT CHECK] classified_delta=+3.307705e+04 | block_delta=+3.307705e+04 | mismatch=-9.313226e-10
[INFO]		 - Recourse stationarity failed. 320450.099979 > 82356.601886
[ADMM RHO] V | primal max ratio=0.007 | primal mean ratio=0.001 | primal selected=0.007 | dual mean ratio=0.011 | increase threshold=5.0 | decrease threshold=5.0 | action=held
[ADMM RHO] PF | primal max ratio=0.176 | primal mean ratio=0.028 | primal selected=0.176 | dual mean ratio=0.187 | increase threshold=5.0 | decrease threshold=3.0 | action=held
[ADMM RHO] ESS | primal max ratio=0.014 | primal mean ratio=0.010 | primal selected=0.014 | dual mean ratio=0.007 | increase threshold=5.0 | decrease threshold=5.0 | action=held
[INFO]		 - ADMM cycle 41 | Primal (V max/mean | PF max/mean | ESS max/mean) = 0.000073/0.000001 | 0.001765/0.000028 | 0.001351/0.000101 | Dual (V max/mean | PF max/mean | ESS max/mean) = 0.004269/0.000108 | 0.034508/0.001868 | 0.003464/0.000070 | Recourse change = 320450.099979 (tol. 82356.601886) | Stable cycles = 0/1 | Penalty actions (V/PF/ESS) = held/held/held
[INFO] 	 - Iteration 41: 31.06 s
[INFO] 	 - ADMM Iteration 42
[INFO] 		 - Updating distribution networks:
[INFO] 			 - Running SMOPF, Network case33_1, 2025, Spring...
[INFO] 			 - Running SMOPF, Network case33_1, 2025, Summer...
[INFO] 			 - Running SMOPF, Network case33_1, 2025, Autumn...
[INFO] 			 - Running SMOPF, Network case33_1, 2025, Winter...
[INFO] 			 - Running SMOPF, Network case33_1, 2030, Spring...
[INFO] 			 - Running SMOPF, Network case33_1, 2030, Summer...
[INFO] 			 - Running SMOPF, Network case33_1, 2030, Autumn...
[INFO] 			 - Running SMOPF, Network case33_1, 2030, Winter...
[INFO] 			 - Running SMOPF, Network case33_1, 2035, Spring...
[INFO] 			 - Running SMOPF, Network case33_1, 2035, Summer...
[INFO] 			 - Running SMOPF, Network case33_1, 2035, Autumn...
[INFO] 			 - Running SMOPF, Network case33_1, 2035, Winter...
[INFO] 			 - Running SMOPF, Network case33_2, 2025, Spring...
[INFO] 			 - Running SMOPF, Network case33_2, 2025, Summer...
[INFO] 			 - Running SMOPF, Network case33_2, 2025, Autumn...
[INFO] 			 - Running SMOPF, Network case33_2, 2025, Winter...
[INFO] 			 - Running SMOPF, Network case33_2, 2030, Spring...
[INFO] 			 - Running SMOPF, Network case33_2, 2030, Summer...
[INFO] 			 - Running SMOPF, Network case33_2, 2030, Autumn...
[INFO] 			 - Running SMOPF, Network case33_2, 2030, Winter...
[INFO] 			 - Running SMOPF, Network case33_2, 2035, Spring...
[INFO] 			 - Running SMOPF, Network case33_2, 2035, Summer...
[INFO] 			 - Running SMOPF, Network case33_2, 2035, Autumn...
[INFO] 			 - Running SMOPF, Network case33_2, 2035, Winter...
[INFO] 			 - Running SMOPF, Network case33_3, 2025, Spring...
[INFO] 			 - Running SMOPF, Network case33_3, 2025, Summer...
[INFO] 			 - Running SMOPF, Network case33_3, 2025, Autumn...
[INFO] 			 - Running SMOPF, Network case33_3, 2025, Winter...
[INFO] 			 - Running SMOPF, Network case33_3, 2030, Spring...
[INFO] 			 - Running SMOPF, Network case33_3, 2030, Summer...
[INFO] 			 - Running SMOPF, Network case33_3, 2030, Autumn...
[INFO] 			 - Running SMOPF, Network case33_3, 2030, Winter...
[INFO] 			 - Running SMOPF, Network case33_3, 2035, Spring...
[INFO] 			 - Running SMOPF, Network case33_3, 2035, Summer...
[INFO] 			 - Running SMOPF, Network case33_3, 2035, Autumn...
[INFO] 			 - Running SMOPF, Network case33_3, 2035, Winter...
[INFO] 		 - Updating transmission network...
[INFO] 			 - Running SMOPF, Network case9, 2025, Spring...
[INFO] 			 - Running SMOPF, Network case9, 2025, Summer...
[INFO] 			 - Running SMOPF, Network case9, 2025, Autumn...
[INFO] 			 - Running SMOPF, Network case9, 2025, Winter...
[INFO] 			 - Running SMOPF, Network case9, 2030, Spring...
[INFO] 			 - Running SMOPF, Network case9, 2030, Summer...
[INFO] 			 - Running SMOPF, Network case9, 2030, Autumn...
[INFO] 			 - Running SMOPF, Network case9, 2030, Winter...
[INFO] 			 - Running SMOPF, Network case9, 2035, Spring...
[INFO] 			 - Running SMOPF, Network case9, 2035, Summer...
[INFO] 			 - Running SMOPF, Network case9, 2035, Autumn...
[INFO] 			 - Running SMOPF, Network case9, 2035, Winter...
[TSO PROX] cycle=42 | updated_blocks=12 | held_failed_blocks=0 | V max=0.000781 | PF max=0.006645 | ESS max=0.000405
[TSO PROX][V MAX] node=5, year=2035, day=Summer, period=14 | dV=0.269335 kV | normalized=0.000781
[TSO PROX][PF MAX] node=7, year=2025, day=Spring, period=23, type=P | delta=0.664547 MW | normalized=0.006645
[TSO PROX][ESS MAX] node=5, year=2025, day=Spring, period=14, type=P | delta=0.000784 MW | normalized=0.000405
[INFO] 		 - Updating SharedESS...
[INFO] 		 - Running Shared ESS optimization (subproblem)...
[INFO] 			 - Node 5...
[INFO] Shared ESS complementarity diagnostics for ESS node=5: ratio_max=8.037802e-06 n_periods=288 mu_final=9.669657e-12 s_obj=1.000000e-01 eps=1.000000e-05 bound=2.784861e-03 measured=2.634806e-03
[INFO] 			 - Node 7...
[INFO] Shared ESS complementarity diagnostics for ESS node=7: ratio_max=9.237867e-06 n_periods=288 mu_final=9.666505e-12 s_obj=1.000000e-01 eps=1.000000e-05 bound=2.783953e-03 measured=2.642342e-03
[INFO] 			 - Node 9...
[INFO] Shared ESS complementarity diagnostics for ESS node=9: ratio_max=7.735753e-06 n_periods=288 mu_final=9.654334e-12 s_obj=1.000000e-01 eps=1.000000e-05 bound=2.780448e-03 measured=2.633421e-03
[INFO]		 - Primal residuals ok!
[INFO]		 - Dual residuals ok!
[RECOURSE JUMP] cycle=42 | abs_change=3.124135e+05 | tol=8.232456e+04 | signed_change=-3.124135e+05
[RECOURSE JUMP] Reconciliation | previous=8.232456e+08 | current=8.229332e+08 | block_delta=-3.124135e+05 | mismatch=+1.192093e-07
[RECOURSE JUMP] Aggregate signed changes:
  TSO | delta=-3.541414e+05
  DSO node=5 | delta=+5.307128e+04
  DSO node=9 | delta=-3.112297e+04
  DSO node=7 | delta=+1.977964e+04
  SALVAGE | delta=+1.499001e-52
[RECOURSE JUMP] Largest 10 block changes:
  TSO node=None year=2035 day=Spring | previous=6.089176e+07 | current=6.074978e+07 | delta=-1.419892e+05 | abs_delta=1.419892e+05
    [RECOURSE JUMP][TSO PROX] year=2035 day=Spring | V max=0.000121 | PF max=0.005256 | ESS max=0.000133
    [RECOURSE COMPONENTS] gen=-2.411501e+05 | flex=+9.916006e+04 | load_curt=+0.000000e+00 | res_curt=+0.000000e+00 | ess_usage=+0.000000e+00 | slacks=+1.384693e-07 | ess_comp=+7.510709e-01
    [SLACK COMPONENTS] voltage=+9.092827e-08 | node_P=+0.000000e+00 | node_Q=+0.000000e+00 | branch_ij=+0.000000e+00 | branch_ji=+0.000000e+00 | flex_P=+2.377052e-08 | flex_Q=+2.377052e-08
    [SLACK COMPONENT CHECK] classified_delta=+1.384693e-07 | objective_slack_delta=+1.384693e-07 | mismatch=+8.881784e-15
    [RECOURSE COMPONENT CHECK] classified_delta=-1.419892e+05 | block_delta=-1.419892e+05 | mismatch=+1.024455e-08
  TSO node=None year=2025 day=Spring | previous=7.781647e+07 | current=7.770475e+07 | delta=-1.117169e+05 | abs_delta=1.117169e+05
    [RECOURSE JUMP][TSO PROX] year=2025 day=Spring | V max=0.000091 | PF max=0.006645 | ESS max=0.000405
    [RECOURSE COMPONENTS] gen=-1.602093e+05 | flex=+4.849245e+04 | load_curt=+0.000000e+00 | res_curt=+0.000000e+00 | ess_usage=+0.000000e+00 | slacks=-1.536996e-09 | ess_comp=+5.780445e-05
    [SLACK COMPONENTS] voltage=-1.014818e-09 | node_P=+0.000000e+00 | node_Q=+0.000000e+00 | branch_ij=+0.000000e+00 | branch_ji=+0.000000e+00 | flex_P=-2.610894e-10 | flex_Q=-2.610894e-10
    [SLACK COMPONENT CHECK] classified_delta=-1.536997e-09 | objective_slack_delta=-1.536996e-09 | mismatch=-8.881784e-16
    [RECOURSE COMPONENT CHECK] classified_delta=-1.117169e+05 | block_delta=-1.117169e+05 | mismatch=+5.034963e-09
  TSO node=None year=2030 day=Spring | previous=5.853072e+07 | current=5.842396e+07 | delta=-1.067613e+05 | abs_delta=1.067613e+05
    [RECOURSE JUMP][TSO PROX] year=2030 day=Spring | V max=0.000094 | PF max=0.004671 | ESS max=0.000026
    [RECOURSE COMPONENTS] gen=-1.513676e+05 | flex=+4.460635e+04 | load_curt=+0.000000e+00 | res_curt=+0.000000e+00 | ess_usage=+0.000000e+00 | slacks=+3.171240e-08 | ess_comp=-6.464722e-02
    [SLACK COMPONENTS] voltage=+2.088157e-08 | node_P=+0.000000e+00 | node_Q=+0.000000e+00 | branch_ij=+0.000000e+00 | branch_ji=+0.000000e+00 | flex_P=+5.415407e-09 | flex_Q=+5.415407e-09
    [SLACK COMPONENT CHECK] classified_delta=+3.171239e-08 | objective_slack_delta=+3.171240e-08 | mismatch=-1.065814e-14
    [RECOURSE COMPONENT CHECK] classified_delta=-1.067613e+05 | block_delta=-1.067613e+05 | mismatch=-6.228220e-09
  DSO node=9 year=2025 day=Summer | previous=2.749981e+06 | current=2.689096e+06 | delta=-6.088469e+04 | abs_delta=6.088469e+04
    [RECOURSE COMPONENTS] gen=+0.000000e+00 | flex=-6.088257e+04 | load_curt=+0.000000e+00 | res_curt=-2.107786e+00 | ess_usage=+0.000000e+00 | slacks=-4.610793e-06 | ess_comp=-1.704337e-02
    [SLACK COMPONENTS] voltage=-6.742936e-07 | node_P=+0.000000e+00 | node_Q=+0.000000e+00 | branch_ij=+0.000000e+00 | branch_ji=+0.000000e+00 | flex_P=-3.936499e-06 | flex_Q=+0.000000e+00
    [SLACK COMPONENT CHECK] classified_delta=-4.610793e-06 | objective_slack_delta=-4.610793e-06 | mismatch=-1.776357e-14
    [RECOURSE COMPONENT CHECK] classified_delta=-6.088469e+04 | block_delta=-6.088469e+04 | mismatch=-1.818989e-10
  TSO node=None year=2035 day=Autumn | previous=3.471851e+07 | current=3.465903e+07 | delta=-5.948843e+04 | abs_delta=5.948843e+04
    [RECOURSE JUMP][TSO PROX] year=2035 day=Autumn | V max=0.000125 | PF max=0.003611 | ESS max=0.000358
    [RECOURSE COMPONENTS] gen=-1.078226e+05 | flex=+4.975183e+04 | load_curt=+0.000000e+00 | res_curt=+0.000000e+00 | ess_usage=+0.000000e+00 | slacks=+2.700062e-12 | ess_comp=-1.417698e+03
    [SLACK COMPONENTS] voltage=+2.700062e-12 | node_P=+0.000000e+00 | node_Q=+0.000000e+00 | branch_ij=+0.000000e+00 | branch_ji=+0.000000e+00 | flex_P=+7.105427e-15 | flex_Q=+7.105427e-15
    [SLACK COMPONENT CHECK] classified_delta=+2.714273e-12 | objective_slack_delta=+2.700062e-12 | mismatch=+1.421085e-14
    [RECOURSE COMPONENT CHECK] classified_delta=-5.948843e+04 | block_delta=-5.948843e+04 | mismatch=+4.314643e-09
  TSO node=None year=2025 day=Summer | previous=9.213886e+07 | current=9.219089e+07 | delta=+5.202800e+04 | abs_delta=5.202800e+04
    [RECOURSE JUMP][TSO PROX] year=2025 day=Summer | V max=0.000130 | PF max=0.005545 | ESS max=0.000279
    [RECOURSE COMPONENTS] gen=+1.726740e+05 | flex=-1.206460e+05 | load_curt=+0.000000e+00 | res_curt=+0.000000e+00 | ess_usage=+0.000000e+00 | slacks=+6.714629e-12 | ess_comp=-1.000177e-04
    [SLACK COMPONENTS] voltage=+6.714629e-12 | node_P=+0.000000e+00 | node_Q=+0.000000e+00 | branch_ij=+0.000000e+00 | branch_ji=+0.000000e+00 | flex_P=-4.440892e-16 | flex_Q=-4.440892e-16
    [SLACK COMPONENT CHECK] classified_delta=+6.713741e-12 | objective_slack_delta=+6.714629e-12 | mismatch=-8.881784e-16
    [RECOURSE COMPONENT CHECK] classified_delta=+5.202800e+04 | block_delta=+5.202800e+04 | mismatch=-2.932211e-09
  DSO node=7 year=2035 day=Spring | previous=6.056640e+06 | current=6.094962e+06 | delta=+3.832226e+04 | abs_delta=3.832226e+04
    [RECOURSE COMPONENTS] gen=+0.000000e+00 | flex=+3.832214e+04 | load_curt=+0.000000e+00 | res_curt=+1.185141e-01 | ess_usage=+0.000000e+00 | slacks=-1.214342e-06 | ess_comp=+1.419094e-03
    [SLACK COMPONENTS] voltage=-2.766723e-08 | node_P=+0.000000e+00 | node_Q=+0.000000e+00 | branch_ij=+0.000000e+00 | branch_ji=+0.000000e+00 | flex_P=-1.186675e-06 | flex_Q=+0.000000e+00
    [SLACK COMPONENT CHECK] classified_delta=-1.214342e-06 | objective_slack_delta=-1.214342e-06 | mismatch=-2.025047e-13
    [RECOURSE COMPONENT CHECK] classified_delta=+3.832226e+04 | block_delta=+3.832226e+04 | mismatch=-3.346941e-10
  DSO node=7 year=2025 day=Summer | previous=1.728375e+06 | current=1.692005e+06 | delta=-3.636935e+04 | abs_delta=3.636935e+04
    [RECOURSE COMPONENTS] gen=+0.000000e+00 | flex=-3.636897e+04 | load_curt=+0.000000e+00 | res_curt=-3.786345e-01 | ess_usage=+0.000000e+00 | slacks=+5.937270e-07 | ess_comp=-2.116189e-03
    [SLACK COMPONENTS] voltage=+1.871839e-07 | node_P=+0.000000e+00 | node_Q=+0.000000e+00 | branch_ij=+0.000000e+00 | branch_ji=+0.000000e+00 | flex_P=+4.065431e-07 | flex_Q=+2.025047e-13
    [SLACK COMPONENT CHECK] classified_delta=+5.937273e-07 | objective_slack_delta=+5.937270e-07 | mismatch=+2.984279e-13
    [RECOURSE COMPONENT CHECK] classified_delta=-3.636935e+04 | block_delta=-3.636935e+04 | mismatch=+2.328306e-10
  DSO node=9 year=2035 day=Spring | previous=9.412255e+06 | current=9.447439e+06 | delta=+3.518458e+04 | abs_delta=3.518458e+04
    [RECOURSE COMPONENTS] gen=+0.000000e+00 | flex=+3.518518e+04 | load_curt=+0.000000e+00 | res_curt=-6.011586e-01 | ess_usage=+0.000000e+00 | slacks=+3.465179e-06 | ess_comp=+2.026838e-03
    [SLACK COMPONENTS] voltage=+4.501025e-07 | node_P=+0.000000e+00 | node_Q=+0.000000e+00 | branch_ij=+0.000000e+00 | branch_ji=+0.000000e+00 | flex_P=+3.015076e-06 | flex_Q=+0.000000e+00
    [SLACK COMPONENT CHECK] classified_delta=+3.465179e-06 | objective_slack_delta=+3.465179e-06 | mismatch=+8.881784e-14
    [RECOURSE COMPONENT CHECK] classified_delta=+3.518458e+04 | block_delta=+3.518458e+04 | mismatch=+9.604264e-10
  DSO node=5 year=2035 day=Spring | previous=9.479115e+06 | current=9.511390e+06 | delta=+3.227454e+04 | abs_delta=3.227454e+04
    [RECOURSE COMPONENTS] gen=+0.000000e+00 | flex=+3.227430e+04 | load_curt=+0.000000e+00 | res_curt=+2.411663e-01 | ess_usage=+0.000000e+00 | slacks=+6.793592e-06 | ess_comp=+1.391366e-03
    [SLACK COMPONENTS] voltage=+3.154701e-07 | node_P=+0.000000e+00 | node_Q=+0.000000e+00 | branch_ij=+0.000000e+00 | branch_ji=+0.000000e+00 | flex_P=+6.478122e-06 | flex_Q=+0.000000e+00
    [SLACK COMPONENT CHECK] classified_delta=+6.793592e-06 | objective_slack_delta=+6.793592e-06 | mismatch=+1.136868e-13
    [RECOURSE COMPONENT CHECK] classified_delta=+3.227454e+04 | block_delta=+3.227454e+04 | mismatch=-1.862645e-09
[INFO]		 - Recourse stationarity failed. 312413.460088 > 82324.556876
[ADMM RHO] V | primal max ratio=0.019 | primal mean ratio=0.002 | primal selected=0.019 | dual mean ratio=0.010 | increase threshold=5.0 | decrease threshold=5.0 | action=held
[ADMM RHO] PF | primal max ratio=0.176 | primal mean ratio=0.023 | primal selected=0.176 | dual mean ratio=0.181 | increase threshold=5.0 | decrease threshold=3.0 | action=held
[ADMM RHO] ESS | primal max ratio=0.012 | primal mean ratio=0.009 | primal selected=0.012 | dual mean ratio=0.008 | increase threshold=5.0 | decrease threshold=5.0 | action=held
[INFO]		 - ADMM cycle 42 | Primal (V max/mean | PF max/mean | ESS max/mean) = 0.000195/0.000002 | 0.001765/0.000023 | 0.001185/0.000091 | Dual (V max/mean | PF max/mean | ESS max/mean) = 0.002144/0.000104 | 0.034573/0.001810 | 0.003464/0.000080 | Recourse change = 312413.460088 (tol. 82324.556876) | Stable cycles = 0/1 | Penalty actions (V/PF/ESS) = held/held/held
[INFO] 	 - Iteration 42: 33.37 s
[INFO] 	 - ADMM Iteration 43
[INFO] 		 - Updating distribution networks:
[INFO] 			 - Running SMOPF, Network case33_1, 2025, Spring...
[INFO] 			 - Running SMOPF, Network case33_1, 2025, Summer...
[INFO] 			 - Running SMOPF, Network case33_1, 2025, Autumn...
[INFO] 			 - Running SMOPF, Network case33_1, 2025, Winter...
[INFO] 			 - Running SMOPF, Network case33_1, 2030, Spring...
[INFO] 			 - Running SMOPF, Network case33_1, 2030, Summer...
[INFO] 			 - Running SMOPF, Network case33_1, 2030, Autumn...
[INFO] 			 - Running SMOPF, Network case33_1, 2030, Winter...
[INFO] 			 - Running SMOPF, Network case33_1, 2035, Spring...
[INFO] 			 - Running SMOPF, Network case33_1, 2035, Summer...
[INFO] 			 - Running SMOPF, Network case33_1, 2035, Autumn...
[INFO] 			 - Running SMOPF, Network case33_1, 2035, Winter...
[INFO] 			 - Running SMOPF, Network case33_2, 2025, Spring...
[INFO] 			 - Running SMOPF, Network case33_2, 2025, Summer...
[INFO] 			 - Running SMOPF, Network case33_2, 2025, Autumn...
[INFO] 			 - Running SMOPF, Network case33_2, 2025, Winter...
[INFO] 			 - Running SMOPF, Network case33_2, 2030, Spring...
[INFO] 			 - Running SMOPF, Network case33_2, 2030, Summer...
[INFO] 			 - Running SMOPF, Network case33_2, 2030, Autumn...
[INFO] 			 - Running SMOPF, Network case33_2, 2030, Winter...
[INFO] 			 - Running SMOPF, Network case33_2, 2035, Spring...
[INFO] 			 - Running SMOPF, Network case33_2, 2035, Summer...
[INFO] 			 - Running SMOPF, Network case33_2, 2035, Autumn...
[INFO] 			 - Running SMOPF, Network case33_2, 2035, Winter...
[INFO] 			 - Running SMOPF, Network case33_3, 2025, Spring...
[INFO] 			 - Running SMOPF, Network case33_3, 2025, Summer...
[INFO] 			 - Running SMOPF, Network case33_3, 2025, Autumn...
[INFO] 			 - Running SMOPF, Network case33_3, 2025, Winter...
[INFO] 			 - Running SMOPF, Network case33_3, 2030, Spring...
[INFO] 			 - Running SMOPF, Network case33_3, 2030, Summer...
[INFO] 			 - Running SMOPF, Network case33_3, 2030, Autumn...
[INFO] 			 - Running SMOPF, Network case33_3, 2030, Winter...
[INFO] 			 - Running SMOPF, Network case33_3, 2035, Spring...
[INFO] 			 - Running SMOPF, Network case33_3, 2035, Summer...
[INFO] 			 - Running SMOPF, Network case33_3, 2035, Autumn...
[INFO] 			 - Running SMOPF, Network case33_3, 2035, Winter...
[INFO] 		 - Updating transmission network...
[INFO] 			 - Running SMOPF, Network case9, 2025, Spring...
[INFO] 			 - Running SMOPF, Network case9, 2025, Summer...
[INFO] 			 - Running SMOPF, Network case9, 2025, Autumn...
[INFO] 			 - Running SMOPF, Network case9, 2025, Winter...
[INFO] 			 - Running SMOPF, Network case9, 2030, Spring...
[INFO] 			 - Running SMOPF, Network case9, 2030, Summer...
[INFO] 			 - Running SMOPF, Network case9, 2030, Autumn...
[INFO] 			 - Running SMOPF, Network case9, 2030, Winter...
[INFO] 			 - Running SMOPF, Network case9, 2035, Spring...
[INFO] 			 - Running SMOPF, Network case9, 2035, Summer...
[INFO] 			 - Running SMOPF, Network case9, 2035, Autumn...
[INFO] 			 - Running SMOPF, Network case9, 2035, Winter...
[TSO PROX] cycle=43 | updated_blocks=12 | held_failed_blocks=0 | V max=0.000626 | PF max=0.006648 | ESS max=0.000405
[TSO PROX][V MAX] node=5, year=2035, day=Summer, period=14 | dV=0.216130 kV | normalized=0.000626
[TSO PROX][PF MAX] node=7, year=2025, day=Spring, period=23, type=P | delta=0.664784 MW | normalized=0.006648
[TSO PROX][ESS MAX] node=5, year=2025, day=Spring, period=14, type=P | delta=0.000784 MW | normalized=0.000405
[INFO] 		 - Updating SharedESS...
[INFO] 		 - Running Shared ESS optimization (subproblem)...
[INFO] 			 - Node 5...
[INFO] Shared ESS complementarity diagnostics for ESS node=5: ratio_max=7.977445e-06 n_periods=288 mu_final=9.856022e-12 s_obj=1.000000e-01 eps=1.000000e-05 bound=2.838534e-03 measured=2.637695e-03
[INFO] 			 - Node 7...
[INFO] Shared ESS complementarity diagnostics for ESS node=7: ratio_max=7.877870e-06 n_periods=288 mu_final=9.812836e-12 s_obj=1.000000e-01 eps=1.000000e-05 bound=2.826097e-03 measured=2.635770e-03
[INFO] 			 - Node 9...
[INFO] Shared ESS complementarity diagnostics for ESS node=9: ratio_max=7.690961e-06 n_periods=288 mu_final=9.686633e-12 s_obj=1.000000e-01 eps=1.000000e-05 bound=2.789750e-03 measured=2.637645e-03
[INFO]		 - Primal residuals ok!
[INFO]		 - Dual residuals ok!
[RECOURSE JUMP] cycle=43 | abs_change=3.191016e+05 | tol=8.229332e+04 | signed_change=-3.191016e+05
[RECOURSE JUMP] Reconciliation | previous=8.229332e+08 | current=8.226141e+08 | block_delta=-3.191016e+05 | mismatch=+0.000000e+00
[RECOURSE JUMP] Aggregate signed changes:
  TSO | delta=-3.626294e+05
  DSO node=5 | delta=+4.392241e+04
  DSO node=9 | delta=-2.567067e+04
  DSO node=7 | delta=+2.527603e+04
  SALVAGE | delta=+7.495003e-53
[RECOURSE JUMP] Largest 10 block changes:
  TSO node=None year=2035 day=Spring | previous=6.074978e+07 | current=6.060394e+07 | delta=-1.458360e+05 | abs_delta=1.458360e+05
    [RECOURSE JUMP][TSO PROX] year=2035 day=Spring | V max=0.000121 | PF max=0.005247 | ESS max=0.000054
    [RECOURSE COMPONENTS] gen=-2.424350e+05 | flex=+9.659896e+04 | load_curt=+0.000000e+00 | res_curt=+0.000000e+00 | ess_usage=+0.000000e+00 | slacks=+1.216833e-09 | ess_comp=+5.702849e-02
    [SLACK COMPONENTS] voltage=+8.048673e-10 | node_P=+0.000000e+00 | node_Q=+0.000000e+00 | branch_ij=+0.000000e+00 | branch_ji=+0.000000e+00 | flex_P=+2.059850e-10 | flex_Q=+2.059850e-10
    [SLACK COMPONENT CHECK] classified_delta=+1.216837e-09 | objective_slack_delta=+1.216833e-09 | mismatch=+4.440892e-15
    [RECOURSE COMPONENT CHECK] classified_delta=-1.458360e+05 | block_delta=-1.458360e+05 | mismatch=-8.061761e-09
  TSO node=None year=2025 day=Spring | previous=7.770475e+07 | current=7.759475e+07 | delta=-1.099994e+05 | abs_delta=1.099994e+05
    [RECOURSE JUMP][TSO PROX] year=2025 day=Spring | V max=0.000092 | PF max=0.006648 | ESS max=0.000405
    [RECOURSE COMPONENTS] gen=-1.579267e+05 | flex=+4.792736e+04 | load_curt=+0.000000e+00 | res_curt=+0.000000e+00 | ess_usage=+0.000000e+00 | slacks=-1.319556e-09 | ess_comp=+5.970383e-05
    [SLACK COMPONENTS] voltage=-8.711467e-10 | node_P=+0.000000e+00 | node_Q=+0.000000e+00 | branch_ij=+0.000000e+00 | branch_ji=+0.000000e+00 | flex_P=-2.241936e-10 | flex_Q=-2.241936e-10
    [SLACK COMPONENT CHECK] classified_delta=-1.319534e-09 | objective_slack_delta=-1.319556e-09 | mismatch=+2.220446e-14
    [RECOURSE COMPONENT CHECK] classified_delta=-1.099994e+05 | block_delta=-1.099994e+05 | mismatch=+8.454663e-09
  TSO node=None year=2030 day=Spring | previous=5.842396e+07 | current=5.831795e+07 | delta=-1.060081e+05 | abs_delta=1.060081e+05
    [RECOURSE JUMP][TSO PROX] year=2030 day=Spring | V max=0.000096 | PF max=0.004601 | ESS max=0.000026
    [RECOURSE COMPONENTS] gen=-1.565067e+05 | flex=+5.049865e+04 | load_curt=+0.000000e+00 | res_curt=+0.000000e+00 | ess_usage=+0.000000e+00 | slacks=-7.568062e-10 | ess_comp=-5.613118e-02
    [SLACK COMPONENTS] voltage=-5.307186e-10 | node_P=+0.000000e+00 | node_Q=+0.000000e+00 | branch_ij=+0.000000e+00 | branch_ji=+0.000000e+00 | flex_P=-1.130398e-10 | flex_Q=-1.130398e-10
    [SLACK COMPONENT CHECK] classified_delta=-7.567982e-10 | objective_slack_delta=-7.568062e-10 | mismatch=+7.993606e-15
    [RECOURSE COMPONENT CHECK] classified_delta=-1.060081e+05 | block_delta=-1.060081e+05 | mismatch=+1.311128e-08
  TSO node=None year=2035 day=Autumn | previous=3.465903e+07 | current=3.460289e+07 | delta=-5.613807e+04 | abs_delta=5.613807e+04
    [RECOURSE JUMP][TSO PROX] year=2035 day=Autumn | V max=0.000125 | PF max=0.003590 | ESS max=0.000358
    [RECOURSE COMPONENTS] gen=-1.020467e+05 | flex=+4.733206e+04 | load_curt=+0.000000e+00 | res_curt=+0.000000e+00 | ess_usage=+0.000000e+00 | slacks=+2.579270e-12 | ess_comp=-1.423438e+03
    [SLACK COMPONENTS] voltage=+2.579270e-12 | node_P=+0.000000e+00 | node_Q=+0.000000e+00 | branch_ij=+0.000000e+00 | branch_ji=+0.000000e+00 | flex_P=-4.440892e-15 | flex_Q=-4.440892e-15
    [SLACK COMPONENT CHECK] classified_delta=+2.570388e-12 | objective_slack_delta=+2.579270e-12 | mismatch=-8.881784e-15
    [RECOURSE COMPONENT CHECK] classified_delta=-5.613807e+04 | block_delta=-5.613807e+04 | mismatch=+9.604264e-10
  TSO node=None year=2025 day=Summer | previous=9.219089e+07 | current=9.224691e+07 | delta=+5.602405e+04 | abs_delta=5.602405e+04
    [RECOURSE JUMP][TSO PROX] year=2025 day=Summer | V max=0.000130 | PF max=0.005309 | ESS max=0.000279
    [RECOURSE COMPONENTS] gen=+1.689571e+05 | flex=-1.129331e+05 | load_curt=+0.000000e+00 | res_curt=+0.000000e+00 | ess_usage=+0.000000e+00 | slacks=+6.849632e-12 | ess_comp=-1.694687e-04
    [SLACK COMPONENTS] voltage=+6.849632e-12 | node_P=+0.000000e+00 | node_Q=+0.000000e+00 | branch_ij=+0.000000e+00 | branch_ji=+0.000000e+00 | flex_P=-8.881784e-16 | flex_Q=-8.881784e-16
    [SLACK COMPONENT CHECK] classified_delta=+6.847856e-12 | objective_slack_delta=+6.849632e-12 | mismatch=-1.776357e-15
    [RECOURSE COMPONENT CHECK] classified_delta=+5.602405e+04 | block_delta=+5.602405e+04 | mismatch=+6.832124e-09
  DSO node=9 year=2025 day=Summer | previous=2.689096e+06 | current=2.633910e+06 | delta=-5.518650e+04 | abs_delta=5.518650e+04
    [RECOURSE COMPONENTS] gen=+0.000000e+00 | flex=-5.518360e+04 | load_curt=+0.000000e+00 | res_curt=-2.915445e+00 | ess_usage=+0.000000e+00 | slacks=+9.207989e-06 | ess_comp=+1.608930e-02
    [SLACK COMPONENTS] voltage=-1.008181e-08 | node_P=+0.000000e+00 | node_Q=+0.000000e+00 | branch_ij=+0.000000e+00 | branch_ji=+0.000000e+00 | flex_P=+9.218071e-06 | flex_Q=+0.000000e+00
    [SLACK COMPONENT CHECK] classified_delta=+9.207989e-06 | objective_slack_delta=+9.207989e-06 | mismatch=+2.486900e-14
    [RECOURSE COMPONENT CHECK] classified_delta=-5.518650e+04 | block_delta=-5.518650e+04 | mismatch=+3.783498e-10
  DSO node=7 year=2035 day=Spring | previous=6.094962e+06 | current=6.132699e+06 | delta=+3.773675e+04 | abs_delta=3.773675e+04
    [RECOURSE COMPONENTS] gen=+0.000000e+00 | flex=+3.773663e+04 | load_curt=+0.000000e+00 | res_curt=+1.180940e-01 | ess_usage=+0.000000e+00 | slacks=-1.421359e-06 | ess_comp=+6.460866e-04
    [SLACK COMPONENTS] voltage=-2.824208e-08 | node_P=+0.000000e+00 | node_Q=+0.000000e+00 | branch_ij=+0.000000e+00 | branch_ji=+0.000000e+00 | flex_P=-1.393116e-06 | flex_Q=+0.000000e+00
    [SLACK COMPONENT CHECK] classified_delta=-1.421358e-06 | objective_slack_delta=-1.421359e-06 | mismatch=+8.526513e-14
    [RECOURSE COMPONENT CHECK] classified_delta=+3.773675e+04 | block_delta=+3.773675e+04 | mismatch=+9.822543e-10
  DSO node=9 year=2035 day=Spring | previous=9.447439e+06 | current=9.482608e+06 | delta=+3.516847e+04 | abs_delta=3.516847e+04
    [RECOURSE COMPONENTS] gen=+0.000000e+00 | flex=+3.516911e+04 | load_curt=+0.000000e+00 | res_curt=-6.360130e-01 | ess_usage=+0.000000e+00 | slacks=-7.342757e-06 | ess_comp=+7.563513e-04
    [SLACK COMPONENTS] voltage=+1.372903e-07 | node_P=+0.000000e+00 | node_Q=+0.000000e+00 | branch_ij=+0.000000e+00 | branch_ji=+0.000000e+00 | flex_P=-7.480048e-06 | flex_Q=+0.000000e+00
    [SLACK COMPONENT CHECK] classified_delta=-7.342758e-06 | objective_slack_delta=-7.342757e-06 | mismatch=-8.171241e-14
    [RECOURSE COMPONENT CHECK] classified_delta=+3.516847e+04 | block_delta=+3.516847e+04 | mismatch=+5.529728e-10
  DSO node=7 year=2025 day=Summer | previous=1.692005e+06 | current=1.659010e+06 | delta=-3.299540e+04 | abs_delta=3.299540e+04
    [RECOURSE COMPONENTS] gen=+0.000000e+00 | flex=-3.299498e+04 | load_curt=+0.000000e+00 | res_curt=-4.212248e-01 | ess_usage=+0.000000e+00 | slacks=-1.131812e-05 | ess_comp=-1.473201e-03
    [SLACK COMPONENTS] voltage=+1.437156e-07 | node_P=+0.000000e+00 | node_Q=+0.000000e+00 | branch_ij=+0.000000e+00 | branch_ji=+0.000000e+00 | flex_P=-1.146184e-05 | flex_Q=-2.025047e-13
    [SLACK COMPONENT CHECK] classified_delta=-1.131812e-05 | objective_slack_delta=-1.131812e-05 | mismatch=-1.989520e-13
    [RECOURSE COMPONENT CHECK] classified_delta=-3.299540e+04 | block_delta=-3.299540e+04 | mismatch=-1.236913e-10
  DSO node=9 year=2030 day=Summer | previous=4.306715e+06 | current=4.282103e+06 | delta=-2.461172e+04 | abs_delta=2.461172e+04
    [RECOURSE COMPONENTS] gen=+0.000000e+00 | flex=-2.460883e+04 | load_curt=+0.000000e+00 | res_curt=-2.897509e+00 | ess_usage=+0.000000e+00 | slacks=+1.507446e-06 | ess_comp=-5.119520e-04
    [SLACK COMPONENTS] voltage=+4.994955e-07 | node_P=+0.000000e+00 | node_Q=+0.000000e+00 | branch_ij=+0.000000e+00 | branch_ji=+0.000000e+00 | flex_P=+1.000312e-06 | flex_Q=+7.638285e-09
    [SLACK COMPONENT CHECK] classified_delta=+1.507446e-06 | objective_slack_delta=+1.507446e-06 | mismatch=+1.030287e-13
    [RECOURSE COMPONENT CHECK] classified_delta=-2.461172e+04 | block_delta=-2.461172e+04 | mismatch=+1.356966e-09
[INFO]		 - Recourse stationarity failed. 319101.634814 > 82293.315530
[ADMM RHO] V | primal max ratio=0.017 | primal mean ratio=0.001 | primal selected=0.017 | dual mean ratio=0.010 | increase threshold=5.0 | decrease threshold=5.0 | action=held
[ADMM RHO] PF | primal max ratio=0.358 | primal mean ratio=0.022 | primal selected=0.358 | dual mean ratio=0.175 | increase threshold=5.0 | decrease threshold=3.0 | action=held
[ADMM RHO] ESS | primal max ratio=0.011 | primal mean ratio=0.008 | primal selected=0.011 | dual mean ratio=0.009 | increase threshold=5.0 | decrease threshold=5.0 | action=held
[INFO]		 - ADMM cycle 43 | Primal (V max/mean | PF max/mean | ESS max/mean) = 0.000170/0.000001 | 0.003575/0.000022 | 0.001119/0.000080 | Dual (V max/mean | PF max/mean | ESS max/mean) = 0.001410/0.000102 | 0.034585/0.001746 | 0.003464/0.000089 | Recourse change = 319101.634814 (tol. 82293.315530) | Stable cycles = 0/1 | Penalty actions (V/PF/ESS) = held/held/held
[INFO] 	 - Iteration 43: 29.71 s
[INFO] 	 - ADMM Iteration 44
[INFO] 		 - Updating distribution networks:
[INFO] 			 - Running SMOPF, Network case33_1, 2025, Spring...
[INFO] 			 - Running SMOPF, Network case33_1, 2025, Summer...
[INFO] 			 - Running SMOPF, Network case33_1, 2025, Autumn...
[INFO] 			 - Running SMOPF, Network case33_1, 2025, Winter...
[INFO] 			 - Running SMOPF, Network case33_1, 2030, Spring...
[INFO] 			 - Running SMOPF, Network case33_1, 2030, Summer...
[INFO] 			 - Running SMOPF, Network case33_1, 2030, Autumn...
[INFO] 			 - Running SMOPF, Network case33_1, 2030, Winter...
[INFO] 			 - Running SMOPF, Network case33_1, 2035, Spring...
[INFO] 			 - Running SMOPF, Network case33_1, 2035, Summer...
[INFO] 			 - Running SMOPF, Network case33_1, 2035, Autumn...
[INFO] 			 - Running SMOPF, Network case33_1, 2035, Winter...
[INFO] 			 - Running SMOPF, Network case33_2, 2025, Spring...
[INFO] 			 - Running SMOPF, Network case33_2, 2025, Summer...
[INFO] 			 - Running SMOPF, Network case33_2, 2025, Autumn...
[INFO] 			 - Running SMOPF, Network case33_2, 2025, Winter...
[INFO] 			 - Running SMOPF, Network case33_2, 2030, Spring...
[INFO] 			 - Running SMOPF, Network case33_2, 2030, Summer...
[INFO] 			 - Running SMOPF, Network case33_2, 2030, Autumn...
[INFO] 			 - Running SMOPF, Network case33_2, 2030, Winter...
[INFO] 			 - Running SMOPF, Network case33_2, 2035, Spring...
[INFO] 			 - Running SMOPF, Network case33_2, 2035, Summer...
[INFO] 			 - Running SMOPF, Network case33_2, 2035, Autumn...
[INFO] 			 - Running SMOPF, Network case33_2, 2035, Winter...
[INFO] 			 - Running SMOPF, Network case33_3, 2025, Spring...
[INFO] 			 - Running SMOPF, Network case33_3, 2025, Summer...
[INFO] 			 - Running SMOPF, Network case33_3, 2025, Autumn...
[INFO] 			 - Running SMOPF, Network case33_3, 2025, Winter...
[INFO] 			 - Running SMOPF, Network case33_3, 2030, Spring...
[INFO] 			 - Running SMOPF, Network case33_3, 2030, Summer...
[INFO] 			 - Running SMOPF, Network case33_3, 2030, Autumn...
[INFO] 			 - Running SMOPF, Network case33_3, 2030, Winter...
[INFO] 			 - Running SMOPF, Network case33_3, 2035, Spring...
[INFO] 			 - Running SMOPF, Network case33_3, 2035, Summer...
[INFO] 			 - Running SMOPF, Network case33_3, 2035, Autumn...
[INFO] 			 - Running SMOPF, Network case33_3, 2035, Winter...
[INFO] 		 - Updating transmission network...
[INFO] 			 - Running SMOPF, Network case9, 2025, Spring...
[INFO] 			 - Running SMOPF, Network case9, 2025, Summer...
[INFO] 			 - Running SMOPF, Network case9, 2025, Autumn...
[INFO] 			 - Running SMOPF, Network case9, 2025, Winter...
[INFO] 			 - Running SMOPF, Network case9, 2030, Spring...
[INFO] 			 - Running SMOPF, Network case9, 2030, Summer...
[INFO] 			 - Running SMOPF, Network case9, 2030, Autumn...
[INFO] 			 - Running SMOPF, Network case9, 2030, Winter...
[INFO] 			 - Running SMOPF, Network case9, 2035, Spring...
[INFO] 			 - Running SMOPF, Network case9, 2035, Summer...
[INFO] 			 - Running SMOPF, Network case9, 2035, Autumn...
[INFO] 			 - Running SMOPF, Network case9, 2035, Winter...
[TSO PROX] cycle=44 | updated_blocks=12 | held_failed_blocks=0 | V max=0.000499 | PF max=0.006636 | ESS max=0.000405
[TSO PROX][V MAX] node=5, year=2035, day=Summer, period=14 | dV=0.172306 kV | normalized=0.000499
[TSO PROX][PF MAX] node=7, year=2025, day=Spring, period=23, type=P | delta=0.663628 MW | normalized=0.006636
[TSO PROX][ESS MAX] node=5, year=2025, day=Spring, period=14, type=P | delta=0.000784 MW | normalized=0.000405
[INFO] 		 - Updating SharedESS...
[INFO] 		 - Running Shared ESS optimization (subproblem)...
[INFO] 			 - Node 5...
[INFO] Shared ESS complementarity diagnostics for ESS node=5: ratio_max=7.843887e-06 n_periods=288 mu_final=9.672319e-12 s_obj=1.000000e-01 eps=1.000000e-05 bound=2.785628e-03 measured=2.643244e-03
[INFO] 			 - Node 7...
[INFO] Shared ESS complementarity diagnostics for ESS node=7: ratio_max=7.692911e-06 n_periods=288 mu_final=9.660352e-12 s_obj=1.000000e-01 eps=1.000000e-05 bound=2.782181e-03 measured=2.641052e-03
[INFO] 			 - Node 9...
[INFO] Shared ESS complementarity diagnostics for ESS node=9: ratio_max=8.370081e-06 n_periods=288 mu_final=9.668226e-12 s_obj=1.000000e-01 eps=1.000000e-05 bound=2.784449e-03 measured=2.642404e-03
[INFO]		 - Primal residuals ok!
[INFO]		 - Dual residuals ok!
[RECOURSE JUMP] cycle=44 | abs_change=2.979983e+05 | tol=8.226141e+04 | signed_change=-2.979983e+05
[RECOURSE JUMP] Reconciliation | previous=8.226141e+08 | current=8.223161e+08 | block_delta=-2.979983e+05 | mismatch=+0.000000e+00
[RECOURSE JUMP] Aggregate signed changes:
  TSO | delta=-3.537438e+05
  DSO node=5 | delta=+4.293294e+04
  DSO node=7 | delta=+3.251764e+04
  DSO node=9 | delta=-1.970502e+04
  SALVAGE | delta=+0.000000e+00
[RECOURSE JUMP] Largest 10 block changes:
  TSO node=None year=2035 day=Spring | previous=6.060394e+07 | current=6.045931e+07 | delta=-1.446295e+05 | abs_delta=1.446295e+05
    [RECOURSE JUMP][TSO PROX] year=2035 day=Spring | V max=0.000122 | PF max=0.005246 | ESS max=0.000020
    [RECOURSE COMPONENTS] gen=-2.379936e+05 | flex=+9.336414e+04 | load_curt=+0.000000e+00 | res_curt=+0.000000e+00 | ess_usage=+0.000000e+00 | slacks=+2.617284e-10 | ess_comp=+1.697875e-02
    [SLACK COMPONENTS] voltage=+1.776215e-10 | node_P=+0.000000e+00 | node_Q=+0.000000e+00 | branch_ij=+0.000000e+00 | branch_ji=+0.000000e+00 | flex_P=+4.206102e-11 | flex_Q=+4.206102e-11
    [SLACK COMPONENT CHECK] classified_delta=+2.617435e-10 | objective_slack_delta=+2.617284e-10 | mismatch=+1.509903e-14
    [RECOURSE COMPONENT CHECK] classified_delta=-1.446295e+05 | block_delta=-1.446295e+05 | mismatch=+2.037268e-10
  TSO node=None year=2030 day=Spring | previous=5.831795e+07 | current=5.821001e+07 | delta=-1.079387e+05 | abs_delta=1.079387e+05
    [RECOURSE JUMP][TSO PROX] year=2030 day=Spring | V max=0.000098 | PF max=0.004544 | ESS max=0.000043
    [RECOURSE COMPONENTS] gen=-1.595697e+05 | flex=+5.163131e+04 | load_curt=+0.000000e+00 | res_curt=+0.000000e+00 | ess_usage=+0.000000e+00 | slacks=-1.543601e-06 | ess_comp=-3.135893e-01
    [SLACK COMPONENTS] voltage=-1.016845e-06 | node_P=+0.000000e+00 | node_Q=+0.000000e+00 | branch_ij=+0.000000e+00 | branch_ji=+0.000000e+00 | flex_P=-2.633781e-07 | flex_Q=-2.633781e-07
    [SLACK COMPONENT CHECK] classified_delta=-1.543601e-06 | objective_slack_delta=-1.543601e-06 | mismatch=-2.042810e-14
    [RECOURSE COMPONENT CHECK] classified_delta=-1.079387e+05 | block_delta=-1.079387e+05 | mismatch=-1.305307e-08
  TSO node=None year=2025 day=Spring | previous=7.759475e+07 | current=7.748765e+07 | delta=-1.071022e+05 | abs_delta=1.071022e+05
    [RECOURSE JUMP][TSO PROX] year=2025 day=Spring | V max=0.000093 | PF max=0.006636 | ESS max=0.000405
    [RECOURSE COMPONENTS] gen=-1.533266e+05 | flex=+4.622447e+04 | load_curt=+0.000000e+00 | res_curt=+0.000000e+00 | ess_usage=+0.000000e+00 | slacks=-1.398334e-09 | ess_comp=+5.919337e-05
    [SLACK COMPONENTS] voltage=-9.231087e-10 | node_P=+0.000000e+00 | node_Q=+0.000000e+00 | branch_ij=+0.000000e+00 | branch_ji=+0.000000e+00 | flex_P=-2.376224e-10 | flex_Q=-2.376224e-10
    [SLACK COMPONENT CHECK] classified_delta=-1.398353e-09 | objective_slack_delta=-1.398334e-09 | mismatch=-1.953993e-14
    [RECOURSE COMPONENT CHECK] classified_delta=-1.071022e+05 | block_delta=-1.071022e+05 | mismatch=-2.152228e-08
  DSO node=9 year=2025 day=Summer | previous=2.633910e+06 | current=2.579034e+06 | delta=-5.487601e+04 | abs_delta=5.487601e+04
    [RECOURSE COMPONENTS] gen=+0.000000e+00 | flex=-5.487393e+04 | load_curt=+0.000000e+00 | res_curt=-2.075100e+00 | ess_usage=+0.000000e+00 | slacks=+4.005629e-06 | ess_comp=-5.781674e-03
    [SLACK COMPONENTS] voltage=+6.105118e-07 | node_P=+0.000000e+00 | node_Q=+0.000000e+00 | branch_ij=+0.000000e+00 | branch_ji=+0.000000e+00 | flex_P=+3.395117e-06 | flex_Q=+0.000000e+00
    [SLACK COMPONENT CHECK] classified_delta=+4.005628e-06 | objective_slack_delta=+4.005629e-06 | mismatch=-7.815970e-14
    [RECOURSE COMPONENT CHECK] classified_delta=-5.487601e+04 | block_delta=-5.487601e+04 | mismatch=-2.110028e-10
  TSO node=None year=2025 day=Summer | previous=9.224691e+07 | current=9.229980e+07 | delta=+5.289061e+04 | abs_delta=5.289061e+04
    [RECOURSE JUMP][TSO PROX] year=2025 day=Summer | V max=0.000130 | PF max=0.005192 | ESS max=0.000279
    [RECOURSE COMPONENTS] gen=+1.621424e+05 | flex=-1.092518e+05 | load_curt=+0.000000e+00 | res_curt=+0.000000e+00 | ess_usage=+0.000000e+00 | slacks=+6.878054e-12 | ess_comp=-1.436576e-04
    [SLACK COMPONENTS] voltage=+6.878054e-12 | node_P=+0.000000e+00 | node_Q=+0.000000e+00 | branch_ij=+0.000000e+00 | branch_ji=+0.000000e+00 | flex_P=-4.440892e-16 | flex_Q=-4.440892e-16
    [SLACK COMPONENT CHECK] classified_delta=+6.877166e-12 | objective_slack_delta=+6.878054e-12 | mismatch=-8.881784e-16
    [RECOURSE COMPONENT CHECK] classified_delta=+5.289061e+04 | block_delta=+5.289061e+04 | mismatch=+1.673470e-09
  TSO node=None year=2035 day=Autumn | previous=3.460289e+07 | current=3.455007e+07 | delta=-5.281360e+04 | abs_delta=5.281360e+04
    [RECOURSE JUMP][TSO PROX] year=2035 day=Autumn | V max=0.000125 | PF max=0.003577 | ESS max=0.000358
    [RECOURSE COMPONENTS] gen=-9.645587e+04 | flex=+4.507091e+04 | load_curt=+0.000000e+00 | res_curt=+0.000000e+00 | ess_usage=+0.000000e+00 | slacks=+2.543743e-12 | ess_comp=-1.428637e+03
    [SLACK COMPONENTS] voltage=+2.579270e-12 | node_P=+0.000000e+00 | node_Q=+0.000000e+00 | branch_ij=+0.000000e+00 | branch_ji=+0.000000e+00 | flex_P=-8.881784e-15 | flex_Q=-8.881784e-15
    [SLACK COMPONENT CHECK] classified_delta=+2.561507e-12 | objective_slack_delta=+2.543743e-12 | mismatch=+1.776357e-14
    [RECOURSE COMPONENT CHECK] classified_delta=-5.281360e+04 | block_delta=-5.281360e+04 | mismatch=-3.485184e-09
  DSO node=7 year=2035 day=Spring | previous=6.132699e+06 | current=6.170599e+06 | delta=+3.790021e+04 | abs_delta=3.790021e+04
    [RECOURSE COMPONENTS] gen=+0.000000e+00 | flex=+3.790010e+04 | load_curt=+0.000000e+00 | res_curt=+1.077901e-01 | ess_usage=+0.000000e+00 | slacks=+5.147447e-07 | ess_comp=+4.427405e-04
    [SLACK COMPONENTS] voltage=+4.993552e-08 | node_P=+0.000000e+00 | node_Q=+0.000000e+00 | branch_ij=+0.000000e+00 | branch_ji=+0.000000e+00 | flex_P=+4.648092e-07 | flex_Q=+0.000000e+00
    [SLACK COMPONENT CHECK] classified_delta=+5.147447e-07 | objective_slack_delta=+5.147447e-07 | mismatch=+1.065814e-14
    [RECOURSE COMPONENT CHECK] classified_delta=+3.790021e+04 | block_delta=+3.790021e+04 | mismatch=-1.164153e-10
  DSO node=9 year=2035 day=Spring | previous=9.482608e+06 | current=9.518017e+06 | delta=+3.540909e+04 | abs_delta=3.540909e+04
    [RECOURSE COMPONENTS] gen=+0.000000e+00 | flex=+3.540983e+04 | load_curt=+0.000000e+00 | res_curt=-7.447631e-01 | ess_usage=+0.000000e+00 | slacks=-2.106235e-06 | ess_comp=+4.859204e-04
    [SLACK COMPONENTS] voltage=+2.855251e-08 | node_P=+0.000000e+00 | node_Q=+0.000000e+00 | branch_ij=+0.000000e+00 | branch_ji=+0.000000e+00 | flex_P=-2.134787e-06 | flex_Q=+0.000000e+00
    [SLACK COMPONENT CHECK] classified_delta=-2.106235e-06 | objective_slack_delta=-2.106235e-06 | mismatch=+7.105427e-15
    [RECOURSE COMPONENT CHECK] classified_delta=+3.540909e+04 | block_delta=+3.540909e+04 | mismatch=-5.748007e-10
  TSO node=None year=2030 day=Summer | previous=7.026875e+07 | current=7.030403e+07 | delta=+3.527369e+04 | abs_delta=3.527369e+04
    [RECOURSE JUMP][TSO PROX] year=2030 day=Summer | V max=0.000133 | PF max=0.003764 | ESS max=0.000101
    [RECOURSE COMPONENTS] gen=+7.504286e+04 | flex=-3.976899e+04 | load_curt=+0.000000e+00 | res_curt=+0.000000e+00 | ess_usage=+0.000000e+00 | slacks=+4.476419e-12 | ess_comp=-1.741733e-01
    [SLACK COMPONENTS] voltage=+4.476419e-12 | node_P=+0.000000e+00 | node_Q=+0.000000e+00 | branch_ij=+0.000000e+00 | branch_ji=+0.000000e+00 | flex_P=+0.000000e+00 | flex_Q=+0.000000e+00
    [SLACK COMPONENT CHECK] classified_delta=+4.476419e-12 | objective_slack_delta=+4.476419e-12 | mismatch=+0.000000e+00
    [RECOURSE COMPONENT CHECK] classified_delta=+3.527369e+04 | block_delta=+3.527369e+04 | mismatch=+1.687295e-08
  DSO node=7 year=2025 day=Summer | previous=1.659010e+06 | current=1.628796e+06 | delta=-3.021363e+04 | abs_delta=3.021363e+04
    [RECOURSE COMPONENTS] gen=+0.000000e+00 | flex=-3.021329e+04 | load_curt=+0.000000e+00 | res_curt=-3.381823e-01 | ess_usage=+0.000000e+00 | slacks=-1.341932e-05 | ess_comp=+1.505161e-03
    [SLACK COMPONENTS] voltage=-9.886700e-07 | node_P=+0.000000e+00 | node_Q=+0.000000e+00 | branch_ij=+0.000000e+00 | branch_ji=+0.000000e+00 | flex_P=-1.243065e-05 | flex_Q=+0.000000e+00
    [SLACK COMPONENT CHECK] classified_delta=-1.341932e-05 | objective_slack_delta=-1.341932e-05 | mismatch=+9.592327e-14
    [RECOURSE COMPONENT CHECK] classified_delta=-3.021363e+04 | block_delta=-3.021363e+04 | mismatch=-2.910383e-11
[INFO]		 - Recourse stationarity failed. 297998.257009 > 82261.405366
[ADMM RHO] V | primal max ratio=0.014 | primal mean ratio=0.001 | primal selected=0.014 | dual mean ratio=0.010 | increase threshold=5.0 | decrease threshold=5.0 | action=held
[ADMM RHO] PF | primal max ratio=0.369 | primal mean ratio=0.022 | primal selected=0.369 | dual mean ratio=0.170 | increase threshold=5.0 | decrease threshold=3.0 | action=held
[ADMM RHO] ESS | primal max ratio=0.010 | primal mean ratio=0.007 | primal selected=0.010 | dual mean ratio=0.010 | increase threshold=5.0 | decrease threshold=5.0 | action=held
[INFO]		 - ADMM cycle 44 | Primal (V max/mean | PF max/mean | ESS max/mean) = 0.000137/0.000001 | 0.003692/0.000022 | 0.001013/0.000069 | Dual (V max/mean | PF max/mean | ESS max/mean) = 0.001124/0.000101 | 0.034525/0.001701 | 0.003464/0.000096 | Recourse change = 297998.257009 (tol. 82261.405366) | Stable cycles = 0/1 | Penalty actions (V/PF/ESS) = held/held/held
[INFO] 	 - Iteration 44: 30.91 s
[INFO] 	 - ADMM Iteration 45
[INFO] 		 - Updating distribution networks:
[INFO] 			 - Running SMOPF, Network case33_1, 2025, Spring...
[INFO] 			 - Running SMOPF, Network case33_1, 2025, Summer...
[INFO] 			 - Running SMOPF, Network case33_1, 2025, Autumn...
[INFO] 			 - Running SMOPF, Network case33_1, 2025, Winter...
[INFO] 			 - Running SMOPF, Network case33_1, 2030, Spring...
[INFO] 			 - Running SMOPF, Network case33_1, 2030, Summer...
[INFO] 			 - Running SMOPF, Network case33_1, 2030, Autumn...
[INFO] 			 - Running SMOPF, Network case33_1, 2030, Winter...
[INFO] 			 - Running SMOPF, Network case33_1, 2035, Spring...
[INFO] 			 - Running SMOPF, Network case33_1, 2035, Summer...
[INFO] 			 - Running SMOPF, Network case33_1, 2035, Autumn...
[INFO] 			 - Running SMOPF, Network case33_1, 2035, Winter...
[INFO] 			 - Running SMOPF, Network case33_2, 2025, Spring...
[INFO] 			 - Running SMOPF, Network case33_2, 2025, Summer...
[INFO] 			 - Running SMOPF, Network case33_2, 2025, Autumn...
[INFO] 			 - Running SMOPF, Network case33_2, 2025, Winter...
[INFO] 			 - Running SMOPF, Network case33_2, 2030, Spring...
[INFO] 			 - Running SMOPF, Network case33_2, 2030, Summer...
[INFO] 			 - Running SMOPF, Network case33_2, 2030, Autumn...
[INFO] 			 - Running SMOPF, Network case33_2, 2030, Winter...
[INFO] 			 - Running SMOPF, Network case33_2, 2035, Spring...
[INFO] 			 - Running SMOPF, Network case33_2, 2035, Summer...
[INFO] 			 - Running SMOPF, Network case33_2, 2035, Autumn...
[INFO] 			 - Running SMOPF, Network case33_2, 2035, Winter...
[INFO] 			 - Running SMOPF, Network case33_3, 2025, Spring...
[INFO] 			 - Running SMOPF, Network case33_3, 2025, Summer...
[INFO] 			 - Running SMOPF, Network case33_3, 2025, Autumn...
[INFO] 			 - Running SMOPF, Network case33_3, 2025, Winter...
[INFO] 			 - Running SMOPF, Network case33_3, 2030, Spring...
[INFO] 			 - Running SMOPF, Network case33_3, 2030, Summer...
[INFO] 			 - Running SMOPF, Network case33_3, 2030, Autumn...
[INFO] 			 - Running SMOPF, Network case33_3, 2030, Winter...
[INFO] 			 - Running SMOPF, Network case33_3, 2035, Spring...
[INFO] 			 - Running SMOPF, Network case33_3, 2035, Summer...
[INFO] 			 - Running SMOPF, Network case33_3, 2035, Autumn...
[INFO] 			 - Running SMOPF, Network case33_3, 2035, Winter...
[INFO] 		 - Updating transmission network...
[INFO] 			 - Running SMOPF, Network case9, 2025, Spring...
[INFO] 			 - Running SMOPF, Network case9, 2025, Summer...
[INFO] 			 - Running SMOPF, Network case9, 2025, Autumn...
[INFO] 			 - Running SMOPF, Network case9, 2025, Winter...
[INFO] 			 - Running SMOPF, Network case9, 2030, Spring...
[INFO] 			 - Running SMOPF, Network case9, 2030, Summer...
[INFO] 			 - Running SMOPF, Network case9, 2030, Autumn...
[INFO] 			 - Running SMOPF, Network case9, 2030, Winter...
[INFO] 			 - Running SMOPF, Network case9, 2035, Spring...
[INFO] 			 - Running SMOPF, Network case9, 2035, Summer...
[INFO] 			 - Running SMOPF, Network case9, 2035, Autumn...
[INFO] 			 - Running SMOPF, Network case9, 2035, Winter...
[TSO PROX] cycle=45 | updated_blocks=12 | held_failed_blocks=0 | V max=0.000399 | PF max=0.006594 | ESS max=0.000405
[TSO PROX][V MAX] node=5, year=2035, day=Summer, period=14 | dV=0.137755 kV | normalized=0.000399
[TSO PROX][PF MAX] node=7, year=2025, day=Spring, period=23, type=P | delta=0.659435 MW | normalized=0.006594
[TSO PROX][ESS MAX] node=5, year=2025, day=Spring, period=14, type=P | delta=0.000784 MW | normalized=0.000405
[INFO] 		 - Updating SharedESS...
[INFO] 		 - Running Shared ESS optimization (subproblem)...
[INFO] 			 - Node 5...
[INFO] Shared ESS complementarity diagnostics for ESS node=5: ratio_max=7.542619e-06 n_periods=288 mu_final=9.671921e-12 s_obj=1.000000e-01 eps=1.000000e-05 bound=2.785513e-03 measured=2.636132e-03
[INFO] 			 - Node 7...
[INFO] Shared ESS complementarity diagnostics for ESS node=7: ratio_max=7.365588e-06 n_periods=288 mu_final=9.666542e-12 s_obj=1.000000e-01 eps=1.000000e-05 bound=2.783964e-03 measured=2.634656e-03
[INFO] 			 - Node 9...
[INFO] Shared ESS complementarity diagnostics for ESS node=9: ratio_max=7.447127e-06 n_periods=288 mu_final=9.778353e-12 s_obj=1.000000e-01 eps=1.000000e-05 bound=2.816166e-03 measured=2.634910e-03
[INFO]		 - Primal residuals ok!
[INFO]		 - Dual residuals ok!
[RECOURSE JUMP] cycle=45 | abs_change=3.067374e+05 | tol=8.223161e+04 | signed_change=-3.067374e+05
[RECOURSE JUMP] Reconciliation | previous=8.223161e+08 | current=8.220093e+08 | block_delta=-3.067374e+05 | mismatch=+3.576279e-07
[RECOURSE JUMP] Aggregate signed changes:
  TSO | delta=-3.938824e+05
  DSO node=5 | delta=+5.688241e+04
  DSO node=7 | delta=+3.783196e+04
  DSO node=9 | delta=-7.569386e+03
  SALVAGE | delta=+9.593604e-51
[RECOURSE JUMP] Largest 10 block changes:
  TSO node=None year=2035 day=Spring | previous=6.045931e+07 | current=6.032008e+07 | delta=-1.392266e+05 | abs_delta=1.392266e+05
    [RECOURSE JUMP][TSO PROX] year=2035 day=Spring | V max=0.000122 | PF max=0.005251 | ESS max=0.000016
    [RECOURSE COMPONENTS] gen=-2.302273e+05 | flex=+9.100067e+04 | load_curt=+0.000000e+00 | res_curt=+0.000000e+00 | ess_usage=+0.000000e+00 | slacks=-6.514043e-10 | ess_comp=+8.197748e-03
    [SLACK COMPONENTS] voltage=-4.221334e-10 | node_P=+0.000000e+00 | node_Q=+0.000000e+00 | branch_ij=+0.000000e+00 | branch_ji=+0.000000e+00 | flex_P=-1.146487e-10 | flex_Q=-1.146487e-10
    [SLACK COMPONENT CHECK] classified_delta=-6.514309e-10 | objective_slack_delta=-6.514043e-10 | mismatch=-2.664535e-14
    [RECOURSE COMPONENT CHECK] classified_delta=-1.392266e+05 | block_delta=-1.392266e+05 | mismatch=+5.820766e-10
  TSO node=None year=2030 day=Spring | previous=5.821001e+07 | current=5.810253e+07 | delta=-1.074838e+05 | abs_delta=1.074838e+05
    [RECOURSE JUMP][TSO PROX] year=2030 day=Spring | V max=0.000099 | PF max=0.004507 | ESS max=0.000023
    [RECOURSE COMPONENTS] gen=-1.589213e+05 | flex=+5.143755e+04 | load_curt=+0.000000e+00 | res_curt=+0.000000e+00 | ess_usage=+0.000000e+00 | slacks=+1.868727e-12 | ess_comp=-2.061614e-02
    [SLACK COMPONENTS] voltage=+1.868727e-12 | node_P=+0.000000e+00 | node_Q=+0.000000e+00 | branch_ij=+0.000000e+00 | branch_ji=+0.000000e+00 | flex_P=+1.776357e-15 | flex_Q=+1.776357e-15
    [SLACK COMPONENT CHECK] classified_delta=+1.872280e-12 | objective_slack_delta=+1.868727e-12 | mismatch=+3.552714e-15
    [RECOURSE COMPONENT CHECK] classified_delta=-1.074838e+05 | block_delta=-1.074838e+05 | mismatch=+3.346941e-10
  TSO node=None year=2025 day=Spring | previous=7.748765e+07 | current=7.738366e+07 | delta=-1.039876e+05 | abs_delta=1.039876e+05
    [RECOURSE JUMP][TSO PROX] year=2025 day=Spring | V max=0.000094 | PF max=0.006594 | ESS max=0.000405
    [RECOURSE COMPONENTS] gen=-1.482501e+05 | flex=+4.426246e+04 | load_curt=+0.000000e+00 | res_curt=+0.000000e+00 | ess_usage=+0.000000e+00 | slacks=-1.368555e-09 | ess_comp=+6.721699e-05
    [SLACK COMPONENTS] voltage=-9.033698e-10 | node_P=+0.000000e+00 | node_Q=+0.000000e+00 | branch_ij=+0.000000e+00 | branch_ji=+0.000000e+00 | flex_P=-2.325935e-10 | flex_Q=-2.325935e-10
    [SLACK COMPONENT CHECK] classified_delta=-1.368557e-09 | objective_slack_delta=-1.368555e-09 | mismatch=-1.776357e-15
    [RECOURSE COMPONENT CHECK] classified_delta=-1.039876e+05 | block_delta=-1.039876e+05 | mismatch=+9.516953e-09
  TSO node=None year=2025 day=Summer | previous=9.229980e+07 | current=9.236080e+07 | delta=+6.099780e+04 | abs_delta=6.099780e+04
    [RECOURSE JUMP][TSO PROX] year=2025 day=Summer | V max=0.000130 | PF max=0.004446 | ESS max=0.000279
    [RECOURSE COMPONENTS] gen=+1.726183e+05 | flex=-1.116205e+05 | load_curt=+0.000000e+00 | res_curt=+0.000000e+00 | ess_usage=+0.000000e+00 | slacks=+6.956213e-12 | ess_comp=-1.418283e-04
    [SLACK COMPONENTS] voltage=+6.956213e-12 | node_P=+0.000000e+00 | node_Q=+0.000000e+00 | branch_ij=+0.000000e+00 | branch_ji=+0.000000e+00 | flex_P=-4.440892e-16 | flex_Q=-4.440892e-16
    [SLACK COMPONENT CHECK] classified_delta=+6.955325e-12 | objective_slack_delta=+6.956213e-12 | mismatch=-8.881784e-16
    [RECOURSE COMPONENT CHECK] classified_delta=+6.099780e+04 | block_delta=+6.099780e+04 | mismatch=-1.764420e-08
  DSO node=9 year=2025 day=Summer | previous=2.579034e+06 | current=2.521626e+06 | delta=-5.740795e+04 | abs_delta=5.740795e+04
    [RECOURSE COMPONENTS] gen=+0.000000e+00 | flex=-5.740575e+04 | load_curt=+0.000000e+00 | res_curt=-2.222475e+00 | ess_usage=+0.000000e+00 | slacks=+5.031297e-06 | ess_comp=+2.219527e-02
    [SLACK COMPONENTS] voltage=+9.807965e-07 | node_P=+0.000000e+00 | node_Q=+0.000000e+00 | branch_ij=+0.000000e+00 | branch_ji=+0.000000e+00 | flex_P=+4.050501e-06 | flex_Q=+0.000000e+00
    [SLACK COMPONENT CHECK] classified_delta=+5.031297e-06 | objective_slack_delta=+5.031297e-06 | mismatch=+3.232969e-13
    [RECOURSE COMPONENT CHECK] classified_delta=-5.740795e+04 | block_delta=-5.740795e+04 | mismatch=+1.455192e-11
  TSO node=None year=2035 day=Autumn | previous=3.455007e+07 | current=3.449939e+07 | delta=-5.068136e+04 | abs_delta=5.068136e+04
    [RECOURSE JUMP][TSO PROX] year=2035 day=Autumn | V max=0.000125 | PF max=0.003567 | ESS max=0.000358
    [RECOURSE COMPONENTS] gen=-9.247299e+04 | flex=+4.322476e+04 | load_curt=+0.000000e+00 | res_curt=+0.000000e+00 | ess_usage=+0.000000e+00 | slacks=+2.586376e-12 | ess_comp=-1.433135e+03
    [SLACK COMPONENTS] voltage=+2.614797e-12 | node_P=+0.000000e+00 | node_Q=+0.000000e+00 | branch_ij=+0.000000e+00 | branch_ji=+0.000000e+00 | flex_P=-1.731948e-14 | flex_Q=-1.731948e-14
    [SLACK COMPONENT CHECK] classified_delta=+2.580158e-12 | objective_slack_delta=+2.586376e-12 | mismatch=-6.217249e-15
    [RECOURSE COMPONENT CHECK] classified_delta=-5.068136e+04 | block_delta=-5.068136e+04 | mismatch=+6.366463e-09
  DSO node=7 year=2035 day=Spring | previous=6.170599e+06 | current=6.208668e+06 | delta=+3.806898e+04 | abs_delta=3.806898e+04
    [RECOURSE COMPONENTS] gen=+0.000000e+00 | flex=+3.806888e+04 | load_curt=+0.000000e+00 | res_curt=+1.003277e-01 | ess_usage=+0.000000e+00 | slacks=+1.975153e-06 | ess_comp=+3.591770e-04
    [SLACK COMPONENTS] voltage=+1.100145e-07 | node_P=+0.000000e+00 | node_Q=+0.000000e+00 | branch_ij=+0.000000e+00 | branch_ji=+0.000000e+00 | flex_P=+1.865139e-06 | flex_Q=+0.000000e+00
    [SLACK COMPONENT CHECK] classified_delta=+1.975153e-06 | objective_slack_delta=+1.975153e-06 | mismatch=-3.907985e-14
    [RECOURSE COMPONENT CHECK] classified_delta=+3.806898e+04 | block_delta=+3.806898e+04 | mismatch=-4.511094e-10
  DSO node=9 year=2035 day=Spring | previous=9.518017e+06 | current=9.553424e+06 | delta=+3.540742e+04 | abs_delta=3.540742e+04
    [RECOURSE COMPONENTS] gen=+0.000000e+00 | flex=+3.540815e+04 | load_curt=+0.000000e+00 | res_curt=-7.317704e-01 | ess_usage=+0.000000e+00 | slacks=+2.902607e-06 | ess_comp=+3.892912e-04
    [SLACK COMPONENTS] voltage=+8.489650e-08 | node_P=+0.000000e+00 | node_Q=+0.000000e+00 | branch_ij=+0.000000e+00 | branch_ji=+0.000000e+00 | flex_P=+2.817711e-06 | flex_Q=+0.000000e+00
    [SLACK COMPONENT CHECK] classified_delta=+2.902607e-06 | objective_slack_delta=+2.902607e-06 | mismatch=+8.881784e-14
    [RECOURSE COMPONENT CHECK] classified_delta=+3.540742e+04 | block_delta=+3.540742e+04 | mismatch=-1.615263e-09
  TSO node=None year=2035 day=Summer | previous=6.676845e+07 | current=6.673406e+07 | delta=-3.438882e+04 | abs_delta=3.438882e+04
    [RECOURSE JUMP][TSO PROX] year=2035 day=Summer | V max=0.000399 | PF max=0.004307 | ESS max=0.000028
    [RECOURSE COMPONENTS] gen=-3.659510e+04 | flex=+2.206276e+03 | load_curt=+0.000000e+00 | res_curt=+0.000000e+00 | ess_usage=+0.000000e+00 | slacks=+6.181722e-13 | ess_comp=+2.110384e-04
    [SLACK COMPONENTS] voltage=+6.181722e-13 | node_P=+0.000000e+00 | node_Q=+0.000000e+00 | branch_ij=+0.000000e+00 | branch_ji=+0.000000e+00 | flex_P=+2.220446e-15 | flex_Q=+2.220446e-15
    [SLACK COMPONENT CHECK] classified_delta=+6.226131e-13 | objective_slack_delta=+6.181722e-13 | mismatch=+4.440892e-15
    [RECOURSE COMPONENT CHECK] classified_delta=-3.438882e+04 | block_delta=-3.438882e+04 | mismatch=-1.044100e-08
  DSO node=7 year=2025 day=Summer | previous=1.628796e+06 | current=1.599103e+06 | delta=-2.969285e+04 | abs_delta=2.969285e+04
    [RECOURSE COMPONENTS] gen=+0.000000e+00 | flex=-2.969249e+04 | load_curt=+0.000000e+00 | res_curt=-3.611512e-01 | ess_usage=+0.000000e+00 | slacks=-3.625773e-06 | ess_comp=+2.318208e-03
    [SLACK COMPONENTS] voltage=-4.797805e-07 | node_P=+0.000000e+00 | node_Q=+0.000000e+00 | branch_ij=+0.000000e+00 | branch_ji=+0.000000e+00 | flex_P=-3.145993e-06 | flex_Q=+0.000000e+00
    [SLACK COMPONENT CHECK] classified_delta=-3.625773e-06 | objective_slack_delta=-3.625773e-06 | mismatch=-2.309264e-13
    [RECOURSE COMPONENT CHECK] classified_delta=-2.969285e+04 | block_delta=-2.969285e+04 | mismatch=+1.455192e-10
[INFO]		 - Recourse stationarity failed. 306737.444231 > 82231.605541
[ADMM RHO] V | primal max ratio=0.011 | primal mean ratio=0.001 | primal selected=0.011 | dual mean ratio=0.010 | increase threshold=5.0 | decrease threshold=5.0 | action=held
[ADMM RHO] PF | primal max ratio=0.144 | primal mean ratio=0.019 | primal selected=0.144 | dual mean ratio=0.167 | increase threshold=5.0 | decrease threshold=3.0 | action=held
[ADMM RHO] ESS | primal max ratio=0.009 | primal mean ratio=0.006 | primal selected=0.009 | dual mean ratio=0.010 | increase threshold=5.0 | decrease threshold=5.0 | action=held
[INFO]		 - ADMM cycle 45 | Primal (V max/mean | PF max/mean | ESS max/mean) = 0.000105/0.000001 | 0.001439/0.000019 | 0.000870/0.000062 | Dual (V max/mean | PF max/mean | ESS max/mean) = 0.000898/0.000100 | 0.034307/0.001666 | 0.003464/0.000102 | Recourse change = 306737.444231 (tol. 82231.605541) | Stable cycles = 0/1 | Penalty actions (V/PF/ESS) = held/held/held
[INFO] 	 - Iteration 45: 29.12 s
[INFO] 	 - ADMM Iteration 46
[INFO] 		 - Updating distribution networks:
[INFO] 			 - Running SMOPF, Network case33_1, 2025, Spring...
[INFO] 			 - Running SMOPF, Network case33_1, 2025, Summer...
[INFO] 			 - Running SMOPF, Network case33_1, 2025, Autumn...
[INFO] 			 - Running SMOPF, Network case33_1, 2025, Winter...
[INFO] 			 - Running SMOPF, Network case33_1, 2030, Spring...
[INFO] 			 - Running SMOPF, Network case33_1, 2030, Summer...
[INFO] 			 - Running SMOPF, Network case33_1, 2030, Autumn...
[INFO] 			 - Running SMOPF, Network case33_1, 2030, Winter...
[INFO] 			 - Running SMOPF, Network case33_1, 2035, Spring...
[INFO] 			 - Running SMOPF, Network case33_1, 2035, Summer...
[INFO] 			 - Running SMOPF, Network case33_1, 2035, Autumn...
[INFO] 			 - Running SMOPF, Network case33_1, 2035, Winter...
[INFO] 			 - Running SMOPF, Network case33_2, 2025, Spring...
[INFO] 			 - Running SMOPF, Network case33_2, 2025, Summer...
[INFO] 			 - Running SMOPF, Network case33_2, 2025, Autumn...
[INFO] 			 - Running SMOPF, Network case33_2, 2025, Winter...
[INFO] 			 - Running SMOPF, Network case33_2, 2030, Spring...
[INFO] 			 - Running SMOPF, Network case33_2, 2030, Summer...
[INFO] 			 - Running SMOPF, Network case33_2, 2030, Autumn...
[INFO] 			 - Running SMOPF, Network case33_2, 2030, Winter...
[INFO] 			 - Running SMOPF, Network case33_2, 2035, Spring...
[INFO] 			 - Running SMOPF, Network case33_2, 2035, Summer...
[INFO] 			 - Running SMOPF, Network case33_2, 2035, Autumn...
[INFO] 			 - Running SMOPF, Network case33_2, 2035, Winter...
[INFO] 			 - Running SMOPF, Network case33_3, 2025, Spring...
[INFO] 			 - Running SMOPF, Network case33_3, 2025, Summer...
[INFO] 			 - Running SMOPF, Network case33_3, 2025, Autumn...
[INFO] 			 - Running SMOPF, Network case33_3, 2025, Winter...
[INFO] 			 - Running SMOPF, Network case33_3, 2030, Spring...
[INFO] 			 - Running SMOPF, Network case33_3, 2030, Summer...
[INFO] 			 - Running SMOPF, Network case33_3, 2030, Autumn...
[INFO] 			 - Running SMOPF, Network case33_3, 2030, Winter...
[INFO] 			 - Running SMOPF, Network case33_3, 2035, Spring...
[INFO] 			 - Running SMOPF, Network case33_3, 2035, Summer...
[INFO] 			 - Running SMOPF, Network case33_3, 2035, Autumn...
[INFO] 			 - Running SMOPF, Network case33_3, 2035, Winter...
[INFO] 		 - Updating transmission network...
[INFO] 			 - Running SMOPF, Network case9, 2025, Spring...
[INFO] 			 - Running SMOPF, Network case9, 2025, Summer...
[INFO] 			 - Running SMOPF, Network case9, 2025, Autumn...
[INFO] 			 - Running SMOPF, Network case9, 2025, Winter...
[INFO] 			 - Running SMOPF, Network case9, 2030, Spring...
[INFO] 			 - Running SMOPF, Network case9, 2030, Summer...
[INFO] 			 - Running SMOPF, Network case9, 2030, Autumn...
[INFO] 			 - Running SMOPF, Network case9, 2030, Winter...
[INFO] 			 - Running SMOPF, Network case9, 2035, Spring...
[INFO] 			 - Running SMOPF, Network case9, 2035, Summer...
[INFO] 			 - Running SMOPF, Network case9, 2035, Autumn...
[INFO] 			 - Running SMOPF, Network case9, 2035, Winter...
[TSO PROX] cycle=46 | updated_blocks=12 | held_failed_blocks=0 | V max=0.000322 | PF max=0.006475 | ESS max=0.000405
[TSO PROX][V MAX] node=5, year=2035, day=Summer, period=14 | dV=0.110947 kV | normalized=0.000322
[TSO PROX][PF MAX] node=7, year=2025, day=Spring, period=23, type=P | delta=0.647540 MW | normalized=0.006475
[TSO PROX][ESS MAX] node=5, year=2025, day=Spring, period=14, type=P | delta=0.000784 MW | normalized=0.000405
[INFO] 		 - Updating SharedESS...
[INFO] 		 - Running Shared ESS optimization (subproblem)...
[INFO] 			 - Node 5...
[INFO] Shared ESS complementarity diagnostics for ESS node=5: ratio_max=7.700240e-06 n_periods=288 mu_final=9.673987e-12 s_obj=1.000000e-01 eps=1.000000e-05 bound=2.786108e-03 measured=2.645390e-03
[INFO] 			 - Node 7...
[INFO] Shared ESS complementarity diagnostics for ESS node=7: ratio_max=8.249977e-06 n_periods=288 mu_final=9.932066e-12 s_obj=1.000000e-01 eps=1.000000e-05 bound=2.860435e-03 measured=2.643971e-03
[INFO] 			 - Node 9...
[INFO] Shared ESS complementarity diagnostics for ESS node=9: ratio_max=8.914257e-06 n_periods=288 mu_final=1.009960e-11 s_obj=1.000000e-01 eps=1.000000e-05 bound=2.908685e-03 measured=2.645077e-03
[INFO]		 - Primal residuals ok!
[INFO]		 - Dual residuals ok!
[RECOURSE JUMP] cycle=46 | abs_change=2.729569e+05 | tol=8.220093e+04 | signed_change=-2.729569e+05
[RECOURSE JUMP] Reconciliation | previous=8.220093e+08 | current=8.217364e+08 | block_delta=-2.729569e+05 | mismatch=-4.768372e-07
[RECOURSE JUMP] Aggregate signed changes:
  TSO | delta=-3.730676e+05
  DSO node=5 | delta=+5.011916e+04
  DSO node=7 | delta=+4.098255e+04
  DSO node=9 | delta=+9.009049e+03
  SALVAGE | delta=+0.000000e+00
[RECOURSE JUMP] Largest 10 block changes:
  TSO node=None year=2035 day=Spring | previous=6.032008e+07 | current=6.018418e+07 | delta=-1.358988e+05 | abs_delta=1.358988e+05
    [RECOURSE JUMP][TSO PROX] year=2035 day=Spring | V max=0.000122 | PF max=0.005253 | ESS max=0.000017
    [RECOURSE COMPONENTS] gen=-2.258878e+05 | flex=+8.998899e+04 | load_curt=+0.000000e+00 | res_curt=+0.000000e+00 | ess_usage=+0.000000e+00 | slacks=+4.320810e-10 | ess_comp=+5.064674e-03
    [SLACK COMPONENTS] voltage=+2.897806e-10 | node_P=+0.000000e+00 | node_Q=+0.000000e+00 | branch_ij=+0.000000e+00 | branch_ji=+0.000000e+00 | flex_P=+7.116130e-11 | flex_Q=+7.116130e-11
    [SLACK COMPONENT CHECK] classified_delta=+4.321032e-10 | objective_slack_delta=+4.320810e-10 | mismatch=+2.220446e-14
    [RECOURSE COMPONENT CHECK] classified_delta=-1.358988e+05 | block_delta=-1.358988e+05 | mismatch=+4.627509e-09
  TSO node=None year=2025 day=Spring | previous=7.738366e+07 | current=7.729149e+07 | delta=-9.216875e+04 | abs_delta=9.216875e+04
    [RECOURSE JUMP][TSO PROX] year=2025 day=Spring | V max=0.000096 | PF max=0.006475 | ESS max=0.000405
    [RECOURSE COMPONENTS] gen=-1.284291e+05 | flex=+3.626039e+04 | load_curt=+0.000000e+00 | res_curt=+0.000000e+00 | ess_usage=+0.000000e+00 | slacks=-1.297785e-09 | ess_comp=+6.862458e-05
    [SLACK COMPONENTS] voltage=-8.565806e-10 | node_P=+0.000000e+00 | node_Q=+0.000000e+00 | branch_ij=+0.000000e+00 | branch_ji=+0.000000e+00 | flex_P=-2.206089e-10 | flex_Q=-2.206089e-10
    [SLACK COMPONENT CHECK] classified_delta=-1.297798e-09 | objective_slack_delta=-1.297785e-09 | mismatch=-1.332268e-14
    [RECOURSE COMPONENT CHECK] classified_delta=-9.216875e+04 | block_delta=-9.216875e+04 | mismatch=+1.571607e-09
  TSO node=None year=2030 day=Spring | previous=5.810253e+07 | current=5.802910e+07 | delta=-7.343383e+04 | abs_delta=7.343383e+04
    [RECOURSE JUMP][TSO PROX] year=2030 day=Spring | V max=0.000101 | PF max=0.004478 | ESS max=0.000050
    [RECOURSE COMPONENTS] gen=-1.057237e+05 | flex=+3.228989e+04 | load_curt=+0.000000e+00 | res_curt=+0.000000e+00 | ess_usage=+0.000000e+00 | slacks=+1.932676e-12 | ess_comp=-1.081305e-02
    [SLACK COMPONENTS] voltage=+1.932676e-12 | node_P=+0.000000e+00 | node_Q=+0.000000e+00 | branch_ij=+0.000000e+00 | branch_ji=+0.000000e+00 | flex_P=+8.881784e-16 | flex_Q=+8.881784e-16
    [SLACK COMPONENT CHECK] classified_delta=+1.934453e-12 | objective_slack_delta=+1.932676e-12 | mismatch=+1.776357e-15
    [RECOURSE COMPONENT CHECK] classified_delta=-7.343383e+04 | block_delta=-7.343383e+04 | mismatch=+5.631591e-09
  TSO node=None year=2025 day=Summer | previous=9.236080e+07 | current=9.242472e+07 | delta=+6.392307e+04 | abs_delta=6.392307e+04
    [RECOURSE JUMP][TSO PROX] year=2025 day=Summer | V max=0.000130 | PF max=0.004642 | ESS max=0.000279
    [RECOURSE COMPONENTS] gen=+1.689767e+05 | flex=-1.050536e+05 | load_curt=+0.000000e+00 | res_curt=+0.000000e+00 | ess_usage=+0.000000e+00 | slacks=+6.977530e-12 | ess_comp=-1.373254e-04
    [SLACK COMPONENTS] voltage=+6.977530e-12 | node_P=+0.000000e+00 | node_Q=+0.000000e+00 | branch_ij=+0.000000e+00 | branch_ji=+0.000000e+00 | flex_P=-4.440892e-16 | flex_Q=-4.440892e-16
    [SLACK COMPONENT CHECK] classified_delta=+6.976641e-12 | objective_slack_delta=+6.977530e-12 | mismatch=-8.881784e-16
    [RECOURSE COMPONENT CHECK] classified_delta=+6.392307e+04 | block_delta=+6.392307e+04 | mismatch=-9.320502e-09
  TSO node=None year=2035 day=Autumn | previous=3.449939e+07 | current=3.444942e+07 | delta=-4.997419e+04 | abs_delta=4.997419e+04
    [RECOURSE JUMP][TSO PROX] year=2035 day=Autumn | V max=0.000124 | PF max=0.003558 | ESS max=0.000358
    [RECOURSE COMPONENTS] gen=-9.046251e+04 | flex=+4.192506e+04 | load_curt=+0.000000e+00 | res_curt=+0.000000e+00 | ess_usage=+0.000000e+00 | slacks=+1.667468e-06 | ess_comp=-1.436747e+03
    [SLACK COMPONENTS] voltage=+1.095272e-06 | node_P=+0.000000e+00 | node_Q=+0.000000e+00 | branch_ij=+0.000000e+00 | branch_ji=+0.000000e+00 | flex_P=+2.860978e-07 | flex_Q=+2.860978e-07
    [SLACK COMPONENT CHECK] classified_delta=+1.667468e-06 | objective_slack_delta=+1.667468e-06 | mismatch=+0.000000e+00
    [RECOURSE COMPONENT CHECK] classified_delta=-4.997419e+04 | block_delta=-4.997419e+04 | mismatch=-4.132744e-09
  DSO node=9 year=2025 day=Summer | previous=2.521626e+06 | current=2.472265e+06 | delta=-4.936093e+04 | abs_delta=4.936093e+04
    [RECOURSE COMPONENTS] gen=+0.000000e+00 | flex=-4.936013e+04 | load_curt=+0.000000e+00 | res_curt=-7.493147e-01 | ess_usage=+0.000000e+00 | slacks=-1.241494e-05 | ess_comp=-5.476425e-02
    [SLACK COMPONENTS] voltage=+1.493814e-07 | node_P=+0.000000e+00 | node_Q=+0.000000e+00 | branch_ij=+0.000000e+00 | branch_ji=+0.000000e+00 | flex_P=-1.256432e-05 | flex_Q=+0.000000e+00
    [SLACK COMPONENT CHECK] classified_delta=-1.241494e-05 | objective_slack_delta=-1.241494e-05 | mismatch=-2.984279e-13
    [RECOURSE COMPONENT CHECK] classified_delta=-4.936093e+04 | block_delta=-4.936093e+04 | mismatch=+2.328306e-10
  TSO node=None year=2035 day=Summer | previous=6.673406e+07 | current=6.669397e+07 | delta=-4.008818e+04 | abs_delta=4.008818e+04
    [RECOURSE JUMP][TSO PROX] year=2035 day=Summer | V max=0.000322 | PF max=0.004240 | ESS max=0.000015
    [RECOURSE COMPONENTS] gen=-4.620948e+04 | flex=+6.121296e+03 | load_curt=+0.000000e+00 | res_curt=+0.000000e+00 | ess_usage=+0.000000e+00 | slacks=+1.833200e-12 | ess_comp=+4.487904e-04
    [SLACK COMPONENTS] voltage=+1.833200e-12 | node_P=+0.000000e+00 | node_Q=+0.000000e+00 | branch_ij=+0.000000e+00 | branch_ji=+0.000000e+00 | flex_P=+2.664535e-15 | flex_Q=+2.664535e-15
    [SLACK COMPONENT CHECK] classified_delta=+1.838529e-12 | objective_slack_delta=+1.833200e-12 | mismatch=+5.329071e-15
    [RECOURSE COMPONENT CHECK] classified_delta=-4.008818e+04 | block_delta=-4.008818e+04 | mismatch=+1.961598e-08
  TSO node=None year=2030 day=Summer | previous=7.029108e+07 | current=7.025232e+07 | delta=-3.876285e+04 | abs_delta=3.876285e+04
    [RECOURSE JUMP][TSO PROX] year=2030 day=Summer | V max=0.000125 | PF max=0.002845 | ESS max=0.000048
    [RECOURSE COMPONENTS] gen=-4.450162e+04 | flex=+5.738810e+03 | load_curt=+0.000000e+00 | res_curt=+0.000000e+00 | ess_usage=+0.000000e+00 | slacks=+4.078515e-12 | ess_comp=-4.292375e-02
    [SLACK COMPONENTS] voltage=+4.071410e-12 | node_P=+0.000000e+00 | node_Q=+0.000000e+00 | branch_ij=+0.000000e+00 | branch_ji=+0.000000e+00 | flex_P=+8.881784e-16 | flex_Q=+8.881784e-16
    [SLACK COMPONENT CHECK] classified_delta=+4.073186e-12 | objective_slack_delta=+4.078515e-12 | mismatch=-5.329071e-15
    [RECOURSE COMPONENT CHECK] classified_delta=-3.876285e+04 | block_delta=-3.876285e+04 | mismatch=-1.957233e-09
  DSO node=7 year=2035 day=Spring | previous=6.208668e+06 | current=6.246661e+06 | delta=+3.799314e+04 | abs_delta=3.799314e+04
    [RECOURSE COMPONENTS] gen=+0.000000e+00 | flex=+3.799302e+04 | load_curt=+0.000000e+00 | res_curt=+1.204209e-01 | ess_usage=+0.000000e+00 | slacks=+1.141269e-06 | ess_comp=+3.040221e-04
    [SLACK COMPONENTS] voltage=+8.028240e-08 | node_P=+0.000000e+00 | node_Q=+0.000000e+00 | branch_ij=+0.000000e+00 | branch_ji=+0.000000e+00 | flex_P=+1.060987e-06 | flex_Q=+0.000000e+00
    [SLACK COMPONENT CHECK] classified_delta=+1.141269e-06 | objective_slack_delta=+1.141269e-06 | mismatch=+1.421085e-14
    [RECOURSE COMPONENT CHECK] classified_delta=+3.799314e+04 | block_delta=+3.799314e+04 | mismatch=-1.069566e-09
  DSO node=9 year=2035 day=Spring | previous=9.553424e+06 | current=9.588652e+06 | delta=+3.522727e+04 | abs_delta=3.522727e+04
    [RECOURSE COMPONENTS] gen=+0.000000e+00 | flex=+3.522792e+04 | load_curt=+0.000000e+00 | res_curt=-6.562918e-01 | ess_usage=+0.000000e+00 | slacks=+2.010815e-06 | ess_comp=+3.338920e-04
    [SLACK COMPONENTS] voltage=+9.097391e-08 | node_P=+0.000000e+00 | node_Q=+0.000000e+00 | branch_ij=+0.000000e+00 | branch_ji=+0.000000e+00 | flex_P=+1.919841e-06 | flex_Q=+0.000000e+00
    [SLACK COMPONENT CHECK] classified_delta=+2.010815e-06 | objective_slack_delta=+2.010815e-06 | mismatch=-1.207923e-13
    [RECOURSE COMPONENT CHECK] classified_delta=+3.522727e+04 | block_delta=+3.522727e+04 | mismatch=+7.639755e-10
[INFO]		 - Recourse stationarity failed. 272956.885215 > 82200.931796
[ADMM RHO] V | primal max ratio=0.008 | primal mean ratio=0.001 | primal selected=0.008 | dual mean ratio=0.010 | increase threshold=5.0 | decrease threshold=5.0 | action=held
[ADMM RHO] PF | primal max ratio=0.224 | primal mean ratio=0.018 | primal selected=0.224 | dual mean ratio=0.159 | increase threshold=5.0 | decrease threshold=3.0 | action=held
[ADMM RHO] ESS | primal max ratio=0.007 | primal mean ratio=0.006 | primal selected=0.007 | dual mean ratio=0.011 | increase threshold=5.0 | decrease threshold=5.0 | action=held
[INFO]		 - ADMM cycle 46 | Primal (V max/mean | PF max/mean | ESS max/mean) = 0.000080/0.000001 | 0.002236/0.000018 | 0.000714/0.000055 | Dual (V max/mean | PF max/mean | ESS max/mean) = 0.000724/0.000099 | 0.033688/0.001587 | 0.003464/0.000107 | Recourse change = 272956.885215 (tol. 82200.931796) | Stable cycles = 0/1 | Penalty actions (V/PF/ESS) = held/held/held
[INFO] 	 - Iteration 46: 31.70 s
[INFO] 	 - ADMM Iteration 47
[INFO] 		 - Updating distribution networks:
[INFO] 			 - Running SMOPF, Network case33_1, 2025, Spring...
[INFO] 			 - Running SMOPF, Network case33_1, 2025, Summer...
[INFO] 			 - Running SMOPF, Network case33_1, 2025, Autumn...
[INFO] 			 - Running SMOPF, Network case33_1, 2025, Winter...
[INFO] 			 - Running SMOPF, Network case33_1, 2030, Spring...
[INFO] 			 - Running SMOPF, Network case33_1, 2030, Summer...
[INFO] 			 - Running SMOPF, Network case33_1, 2030, Autumn...
[INFO] 			 - Running SMOPF, Network case33_1, 2030, Winter...
[INFO] 			 - Running SMOPF, Network case33_1, 2035, Spring...
[INFO] 			 - Running SMOPF, Network case33_1, 2035, Summer...
[INFO] 			 - Running SMOPF, Network case33_1, 2035, Autumn...
[INFO] 			 - Running SMOPF, Network case33_1, 2035, Winter...
[INFO] 			 - Running SMOPF, Network case33_2, 2025, Spring...
[INFO] 			 - Running SMOPF, Network case33_2, 2025, Summer...
[INFO] 			 - Running SMOPF, Network case33_2, 2025, Autumn...
[INFO] 			 - Running SMOPF, Network case33_2, 2025, Winter...
[INFO] 			 - Running SMOPF, Network case33_2, 2030, Spring...
[INFO] 			 - Running SMOPF, Network case33_2, 2030, Summer...
[INFO] 			 - Running SMOPF, Network case33_2, 2030, Autumn...
[INFO] 			 - Running SMOPF, Network case33_2, 2030, Winter...
[INFO] 			 - Running SMOPF, Network case33_2, 2035, Spring...
[INFO] 			 - Running SMOPF, Network case33_2, 2035, Summer...
[INFO] 			 - Running SMOPF, Network case33_2, 2035, Autumn...
[INFO] 			 - Running SMOPF, Network case33_2, 2035, Winter...
[INFO] 			 - Running SMOPF, Network case33_3, 2025, Spring...
[INFO] 			 - Running SMOPF, Network case33_3, 2025, Summer...
[INFO] 			 - Running SMOPF, Network case33_3, 2025, Autumn...
[INFO] 			 - Running SMOPF, Network case33_3, 2025, Winter...
[INFO] 			 - Running SMOPF, Network case33_3, 2030, Spring...
[INFO] 			 - Running SMOPF, Network case33_3, 2030, Summer...
[INFO] 			 - Running SMOPF, Network case33_3, 2030, Autumn...
[INFO] 			 - Running SMOPF, Network case33_3, 2030, Winter...
[INFO] 			 - Running SMOPF, Network case33_3, 2035, Spring...
[INFO] 			 - Running SMOPF, Network case33_3, 2035, Summer...
[INFO] 			 - Running SMOPF, Network case33_3, 2035, Autumn...
[INFO] 			 - Running SMOPF, Network case33_3, 2035, Winter...
[INFO] 		 - Updating transmission network...
[INFO] 			 - Running SMOPF, Network case9, 2025, Spring...
[INFO] 			 - Running SMOPF, Network case9, 2025, Summer...
[INFO] 			 - Running SMOPF, Network case9, 2025, Autumn...
[INFO] 			 - Running SMOPF, Network case9, 2025, Winter...
[INFO] 			 - Running SMOPF, Network case9, 2030, Spring...
[INFO] 			 - Running SMOPF, Network case9, 2030, Summer...
[INFO] 			 - Running SMOPF, Network case9, 2030, Autumn...
[INFO] 			 - Running SMOPF, Network case9, 2030, Winter...
[INFO] 			 - Running SMOPF, Network case9, 2035, Spring...
[INFO] 			 - Running SMOPF, Network case9, 2035, Summer...
[INFO] 			 - Running SMOPF, Network case9, 2035, Autumn...
[INFO] 			 - Running SMOPF, Network case9, 2035, Winter...
[TSO PROX] cycle=47 | updated_blocks=12 | held_failed_blocks=0 | V max=0.000261 | PF max=0.006404 | ESS max=0.000405
[TSO PROX][V MAX] node=5, year=2035, day=Summer, period=14 | dV=0.090086 kV | normalized=0.000261
[TSO PROX][PF MAX] node=7, year=2025, day=Spring, period=23, type=P | delta=0.640375 MW | normalized=0.006404
[TSO PROX][ESS MAX] node=5, year=2025, day=Spring, period=14, type=P | delta=0.000784 MW | normalized=0.000405
[INFO] 		 - Updating SharedESS...
[INFO] 		 - Running Shared ESS optimization (subproblem)...
[INFO] 			 - Node 5...
[INFO] Shared ESS complementarity diagnostics for ESS node=5: ratio_max=7.169565e-06 n_periods=288 mu_final=1.009508e-11 s_obj=1.000000e-01 eps=1.000000e-05 bound=2.907382e-03 measured=2.638491e-03
[INFO] 			 - Node 7...
[INFO] Shared ESS complementarity diagnostics for ESS node=7: ratio_max=9.297970e-06 n_periods=288 mu_final=1.010111e-11 s_obj=1.000000e-01 eps=1.000000e-05 bound=2.909120e-03 measured=2.645384e-03
[INFO] 			 - Node 9...
[INFO] Shared ESS complementarity diagnostics for ESS node=9: ratio_max=7.014434e-06 n_periods=288 mu_final=9.890457e-12 s_obj=1.000000e-01 eps=1.000000e-05 bound=2.848452e-03 measured=2.641972e-03
[INFO]		 - Primal residuals ok!
[INFO]		 - Dual residuals ok!
[RECOURSE JUMP] cycle=47 | abs_change=3.097967e+05 | tol=8.217364e+04 | signed_change=-3.097967e+05
[RECOURSE JUMP] Reconciliation | previous=8.217364e+08 | current=8.214266e+08 | block_delta=-3.097967e+05 | mismatch=+5.960464e-07
[RECOURSE JUMP] Aggregate signed changes:
  TSO | delta=-3.926933e+05
  DSO node=7 | delta=+3.764289e+04
  DSO node=5 | delta=+3.670298e+04
  DSO node=9 | delta=+8.550733e+03
  SALVAGE | delta=-9.593604e-51
[RECOURSE JUMP] Largest 10 block changes:
  TSO node=None year=2035 day=Spring | previous=6.018418e+07 | current=6.005103e+07 | delta=-1.331590e+05 | abs_delta=1.331590e+05
    [RECOURSE JUMP][TSO PROX] year=2035 day=Spring | V max=0.000123 | PF max=0.005248 | ESS max=0.000018
    [RECOURSE COMPONENTS] gen=-2.219845e+05 | flex=+8.882547e+04 | load_curt=+0.000000e+00 | res_curt=+0.000000e+00 | ess_usage=+0.000000e+00 | slacks=+2.334026e-09 | ess_comp=+3.557446e-03
    [SLACK COMPONENTS] voltage=+1.539313e-09 | node_P=+0.000000e+00 | node_Q=+0.000000e+00 | branch_ij=+0.000000e+00 | branch_ji=+0.000000e+00 | flex_P=+3.973479e-10 | flex_Q=+3.973479e-10
    [SLACK COMPONENT CHECK] classified_delta=+2.334009e-09 | objective_slack_delta=+2.334026e-09 | mismatch=-1.776357e-14
    [RECOURSE COMPONENT CHECK] classified_delta=-1.331590e+05 | block_delta=-1.331590e+05 | mismatch=-1.009903e-08
  TSO node=None year=2030 day=Spring | previous=5.802910e+07 | current=5.793885e+07 | delta=-9.024447e+04 | abs_delta=9.024447e+04
    [RECOURSE JUMP][TSO PROX] year=2030 day=Spring | V max=0.000103 | PF max=0.004005 | ESS max=0.000017
    [RECOURSE COMPONENTS] gen=-1.294688e+05 | flex=+3.922436e+04 | load_curt=+0.000000e+00 | res_curt=+0.000000e+00 | ess_usage=+0.000000e+00 | slacks=+1.698197e-12 | ess_comp=-1.363492e-02
    [SLACK COMPONENTS] voltage=+1.705303e-12 | node_P=+0.000000e+00 | node_Q=+0.000000e+00 | branch_ij=+0.000000e+00 | branch_ji=+0.000000e+00 | flex_P=+1.776357e-15 | flex_Q=+1.776357e-15
    [SLACK COMPONENT CHECK] classified_delta=+1.708855e-12 | objective_slack_delta=+1.698197e-12 | mismatch=+1.065814e-14
    [RECOURSE COMPONENT CHECK] classified_delta=-9.024447e+04 | block_delta=-9.024447e+04 | mismatch=-1.303852e-08
  TSO node=None year=2025 day=Spring | previous=7.729149e+07 | current=7.720907e+07 | delta=-8.242578e+04 | abs_delta=8.242578e+04
    [RECOURSE JUMP][TSO PROX] year=2025 day=Spring | V max=0.000094 | PF max=0.006404 | ESS max=0.000405
    [RECOURSE COMPONENTS] gen=-1.138522e+05 | flex=+3.142638e+04 | load_curt=+0.000000e+00 | res_curt=+0.000000e+00 | ess_usage=+0.000000e+00 | slacks=-1.366281e-09 | ess_comp=+6.821059e-05
    [SLACK COMPONENTS] voltage=-9.017072e-10 | node_P=+0.000000e+00 | node_Q=+0.000000e+00 | branch_ij=+0.000000e+00 | branch_ji=+0.000000e+00 | flex_P=-2.322822e-10 | flex_Q=-2.322822e-10
    [SLACK COMPONENT CHECK] classified_delta=-1.366272e-09 | objective_slack_delta=-1.366281e-09 | mismatch=+9.769963e-15
    [RECOURSE COMPONENT CHECK] classified_delta=-8.242578e+04 | block_delta=-8.242578e+04 | mismatch=+1.778244e-08
  TSO node=None year=2025 day=Summer | previous=9.242472e+07 | current=9.247894e+07 | delta=+5.421303e+04 | abs_delta=5.421303e+04
    [RECOURSE JUMP][TSO PROX] year=2025 day=Summer | V max=0.000130 | PF max=0.004788 | ESS max=0.000279
    [RECOURSE COMPONENTS] gen=+1.536464e+05 | flex=-9.943340e+04 | load_curt=+0.000000e+00 | res_curt=+0.000000e+00 | ess_usage=+0.000000e+00 | slacks=+6.998846e-12 | ess_comp=-1.359831e-04
    [SLACK COMPONENTS] voltage=+7.005951e-12 | node_P=+0.000000e+00 | node_Q=+0.000000e+00 | branch_ij=+0.000000e+00 | branch_ji=+0.000000e+00 | flex_P=+0.000000e+00 | flex_Q=+0.000000e+00
    [SLACK COMPONENT CHECK] classified_delta=+7.005951e-12 | objective_slack_delta=+6.998846e-12 | mismatch=+7.105427e-15
    [RECOURSE COMPONENT CHECK] classified_delta=+5.421303e+04 | block_delta=+5.421303e+04 | mismatch=+4.889444e-09
  TSO node=None year=2035 day=Autumn | previous=3.444942e+07 | current=3.439926e+07 | delta=-5.016310e+04 | abs_delta=5.016310e+04
    [RECOURSE JUMP][TSO PROX] year=2035 day=Autumn | V max=0.000124 | PF max=0.003548 | ESS max=0.000358
    [RECOURSE COMPONENTS] gen=-9.020647e+04 | flex=+4.148372e+04 | load_curt=+0.000000e+00 | res_curt=+0.000000e+00 | ess_usage=+0.000000e+00 | slacks=-3.297686e-09 | ess_comp=-1.440350e+03
    [SLACK COMPONENTS] voltage=-2.221412e-09 | node_P=+0.000000e+00 | node_Q=+0.000000e+00 | branch_ij=+0.000000e+00 | branch_ji=+0.000000e+00 | flex_P=-5.381406e-10 | flex_Q=-5.381406e-10
    [SLACK COMPONENT CHECK] classified_delta=-3.297694e-09 | objective_slack_delta=-3.297686e-09 | mismatch=-7.993606e-15
    [RECOURSE COMPONENT CHECK] classified_delta=-5.016310e+04 | block_delta=-5.016310e+04 | mismatch=+7.210474e-09
  DSO node=9 year=2025 day=Summer | previous=2.472265e+06 | current=2.426213e+06 | delta=-4.605232e+04 | abs_delta=4.605232e+04
    [RECOURSE COMPONENTS] gen=+0.000000e+00 | flex=-4.605123e+04 | load_curt=+0.000000e+00 | res_curt=-1.089396e+00 | ess_usage=+0.000000e+00 | slacks=-1.010750e-05 | ess_comp=+2.446523e-03
    [SLACK COMPONENTS] voltage=-6.311980e-07 | node_P=+0.000000e+00 | node_Q=+0.000000e+00 | branch_ij=+0.000000e+00 | branch_ji=+0.000000e+00 | flex_P=-9.476304e-06 | flex_Q=+0.000000e+00
    [SLACK COMPONENT CHECK] classified_delta=-1.010750e-05 | objective_slack_delta=-1.010750e-05 | mismatch=+7.105427e-14
    [RECOURSE COMPONENT CHECK] classified_delta=-4.605232e+04 | block_delta=-4.605232e+04 | mismatch=+3.710738e-10
  TSO node=None year=2035 day=Summer | previous=6.669397e+07 | current=6.665279e+07 | delta=-4.118086e+04 | abs_delta=4.118086e+04
    [RECOURSE JUMP][TSO PROX] year=2035 day=Summer | V max=0.000261 | PF max=0.003952 | ESS max=0.000016
    [RECOURSE COMPONENTS] gen=-4.839752e+04 | flex=+7.216666e+03 | load_curt=+0.000000e+00 | res_curt=+0.000000e+00 | ess_usage=+0.000000e+00 | slacks=+2.572165e-12 | ess_comp=+7.707119e-04
    [SLACK COMPONENTS] voltage=+2.565059e-12 | node_P=+0.000000e+00 | node_Q=+0.000000e+00 | branch_ij=+0.000000e+00 | branch_ji=+0.000000e+00 | flex_P=+2.664535e-15 | flex_Q=+2.664535e-15
    [SLACK COMPONENT CHECK] classified_delta=+2.570388e-12 | objective_slack_delta=+2.572165e-12 | mismatch=-1.776357e-15
    [RECOURSE COMPONENT CHECK] classified_delta=-4.118086e+04 | block_delta=-4.118086e+04 | mismatch=-1.338049e-08
  DSO node=7 year=2035 day=Spring | previous=6.246661e+06 | current=6.284502e+06 | delta=+3.784035e+04 | abs_delta=3.784035e+04
    [RECOURSE COMPONENTS] gen=+0.000000e+00 | flex=+3.784021e+04 | load_curt=+0.000000e+00 | res_curt=+1.396097e-01 | ess_usage=+0.000000e+00 | slacks=-4.684771e-07 | ess_comp=+2.477638e-04
    [SLACK COMPONENTS] voltage=+1.923570e-08 | node_P=+0.000000e+00 | node_Q=+0.000000e+00 | branch_ij=+0.000000e+00 | branch_ji=+0.000000e+00 | flex_P=-4.877127e-07 | flex_Q=+0.000000e+00
    [SLACK COMPONENT CHECK] classified_delta=-4.684770e-07 | objective_slack_delta=-4.684771e-07 | mismatch=+3.552714e-14
    [RECOURSE COMPONENT CHECK] classified_delta=+3.784035e+04 | block_delta=+3.784035e+04 | mismatch=+2.910383e-09
  DSO node=9 year=2035 day=Spring | previous=9.588652e+06 | current=9.623610e+06 | delta=+3.495842e+04 | abs_delta=3.495842e+04
    [RECOURSE COMPONENTS] gen=+0.000000e+00 | flex=+3.495901e+04 | load_curt=+0.000000e+00 | res_curt=-5.964195e-01 | ess_usage=+0.000000e+00 | slacks=-7.446395e-07 | ess_comp=+2.802285e-04
    [SLACK COMPONENTS] voltage=+5.370833e-08 | node_P=+0.000000e+00 | node_Q=+0.000000e+00 | branch_ij=+0.000000e+00 | branch_ji=+0.000000e+00 | flex_P=-7.983479e-07 | flex_Q=+0.000000e+00
    [SLACK COMPONENT CHECK] classified_delta=-7.446395e-07 | objective_slack_delta=-7.446395e-07 | mismatch=+0.000000e+00
    [RECOURSE COMPONENT CHECK] classified_delta=+3.495842e+04 | block_delta=+3.495842e+04 | mismatch=+1.498847e-09
  TSO node=None year=2030 day=Summer | previous=7.025232e+07 | current=7.021891e+07 | delta=-3.340790e+04 | abs_delta=3.340790e+04
    [RECOURSE JUMP][TSO PROX] year=2030 day=Summer | V max=0.000117 | PF max=0.002854 | ESS max=0.000050
    [RECOURSE COMPONENTS] gen=-3.693607e+04 | flex=+3.528184e+03 | load_curt=+0.000000e+00 | res_curt=+0.000000e+00 | ess_usage=+0.000000e+00 | slacks=+3.986145e-12 | ess_comp=-2.203338e-02
    [SLACK COMPONENTS] voltage=+3.957723e-12 | node_P=+0.000000e+00 | node_Q=+0.000000e+00 | branch_ij=+0.000000e+00 | branch_ji=+0.000000e+00 | flex_P=+1.776357e-15 | flex_Q=+1.776357e-15
    [SLACK COMPONENT CHECK] classified_delta=+3.961276e-12 | objective_slack_delta=+3.986145e-12 | mismatch=-2.486900e-14
    [RECOURSE COMPONENT CHECK] classified_delta=-3.340790e+04 | block_delta=-3.340790e+04 | mismatch=-5.165930e-10
[INFO]		 - Recourse stationarity failed. 309796.693036 > 82173.636108
[ADMM RHO] V | primal max ratio=0.006 | primal mean ratio=0.001 | primal selected=0.006 | dual mean ratio=0.010 | increase threshold=5.0 | decrease threshold=5.0 | action=held
[ADMM RHO] PF | primal max ratio=0.109 | primal mean ratio=0.017 | primal selected=0.109 | dual mean ratio=0.154 | increase threshold=5.0 | decrease threshold=3.0 | action=held
[ADMM RHO] ESS | primal max ratio=0.006 | primal mean ratio=0.005 | primal selected=0.006 | dual mean ratio=0.011 | increase threshold=5.0 | decrease threshold=5.0 | action=held
[INFO]		 - ADMM cycle 47 | Primal (V max/mean | PF max/mean | ESS max/mean) = 0.000062/0.000001 | 0.001088/0.000017 | 0.000565/0.000047 | Dual (V max/mean | PF max/mean | ESS max/mean) = 0.000588/0.000099 | 0.033396/0.001539 | 0.003464/0.000109 | Recourse change = 309796.693036 (tol. 82173.636108) | Stable cycles = 0/1 | Penalty actions (V/PF/ESS) = held/held/held
[INFO] 	 - Iteration 47: 29.38 s
[INFO] 	 - ADMM Iteration 48
[INFO] 		 - Updating distribution networks:
[INFO] 			 - Running SMOPF, Network case33_1, 2025, Spring...
[INFO] 			 - Running SMOPF, Network case33_1, 2025, Summer...
[INFO] 			 - Running SMOPF, Network case33_1, 2025, Autumn...
[INFO] 			 - Running SMOPF, Network case33_1, 2025, Winter...
[INFO] 			 - Running SMOPF, Network case33_1, 2030, Spring...
[INFO] 			 - Running SMOPF, Network case33_1, 2030, Summer...
[INFO] 			 - Running SMOPF, Network case33_1, 2030, Autumn...
[INFO] 			 - Running SMOPF, Network case33_1, 2030, Winter...
[INFO] 			 - Running SMOPF, Network case33_1, 2035, Spring...
[INFO] 			 - Running SMOPF, Network case33_1, 2035, Summer...
[INFO] 			 - Running SMOPF, Network case33_1, 2035, Autumn...
[INFO] 			 - Running SMOPF, Network case33_1, 2035, Winter...
[INFO] 			 - Running SMOPF, Network case33_2, 2025, Spring...
[INFO] 			 - Running SMOPF, Network case33_2, 2025, Summer...
[INFO] 			 - Running SMOPF, Network case33_2, 2025, Autumn...
[INFO] 			 - Running SMOPF, Network case33_2, 2025, Winter...
[INFO] 			 - Running SMOPF, Network case33_2, 2030, Spring...
[INFO] 			 - Running SMOPF, Network case33_2, 2030, Summer...
[INFO] 			 - Running SMOPF, Network case33_2, 2030, Autumn...
[INFO] 			 - Running SMOPF, Network case33_2, 2030, Winter...
[INFO] 			 - Running SMOPF, Network case33_2, 2035, Spring...
[INFO] 			 - Running SMOPF, Network case33_2, 2035, Summer...
[INFO] 			 - Running SMOPF, Network case33_2, 2035, Autumn...
[INFO] 			 - Running SMOPF, Network case33_2, 2035, Winter...
[INFO] 			 - Running SMOPF, Network case33_3, 2025, Spring...
[INFO] 			 - Running SMOPF, Network case33_3, 2025, Summer...
[INFO] 			 - Running SMOPF, Network case33_3, 2025, Autumn...
[INFO] 			 - Running SMOPF, Network case33_3, 2025, Winter...
[INFO] 			 - Running SMOPF, Network case33_3, 2030, Spring...
[INFO] 			 - Running SMOPF, Network case33_3, 2030, Summer...
[INFO] 			 - Running SMOPF, Network case33_3, 2030, Autumn...
[INFO] 			 - Running SMOPF, Network case33_3, 2030, Winter...
[INFO] 			 - Running SMOPF, Network case33_3, 2035, Spring...
[INFO] 			 - Running SMOPF, Network case33_3, 2035, Summer...
[INFO] 			 - Running SMOPF, Network case33_3, 2035, Autumn...
[INFO] 			 - Running SMOPF, Network case33_3, 2035, Winter...
[INFO] 		 - Updating transmission network...
[INFO] 			 - Running SMOPF, Network case9, 2025, Spring...
[INFO] 			 - Running SMOPF, Network case9, 2025, Summer...
[INFO] 			 - Running SMOPF, Network case9, 2025, Autumn...
[INFO] 			 - Running SMOPF, Network case9, 2025, Winter...
[INFO] 			 - Running SMOPF, Network case9, 2030, Spring...
[INFO] 			 - Running SMOPF, Network case9, 2030, Summer...
[INFO] 			 - Running SMOPF, Network case9, 2030, Autumn...
[INFO] 			 - Running SMOPF, Network case9, 2030, Winter...
[INFO] 			 - Running SMOPF, Network case9, 2035, Spring...
[INFO] 			 - Running SMOPF, Network case9, 2035, Summer...
[INFO] 			 - Running SMOPF, Network case9, 2035, Autumn...
[INFO] 			 - Running SMOPF, Network case9, 2035, Winter...
[TSO PROX] cycle=48 | updated_blocks=12 | held_failed_blocks=0 | V max=0.000215 | PF max=0.006374 | ESS max=0.000405
[TSO PROX][V MAX] node=5, year=2035, day=Summer, period=14 | dV=0.074209 kV | normalized=0.000215
[TSO PROX][PF MAX] node=7, year=2025, day=Spring, period=23, type=P | delta=0.637435 MW | normalized=0.006374
[TSO PROX][ESS MAX] node=5, year=2025, day=Spring, period=14, type=P | delta=0.000784 MW | normalized=0.000405
[INFO] 		 - Updating SharedESS...
[INFO] 		 - Running Shared ESS optimization (subproblem)...
[INFO] 			 - Node 5...
[INFO] Shared ESS complementarity diagnostics for ESS node=5: ratio_max=7.125646e-06 n_periods=288 mu_final=9.672039e-12 s_obj=1.000000e-01 eps=1.000000e-05 bound=2.785547e-03 measured=2.638731e-03
[INFO] 			 - Node 7...
[INFO] Shared ESS complementarity diagnostics for ESS node=7: ratio_max=7.225065e-06 n_periods=288 mu_final=1.001614e-11 s_obj=1.000000e-01 eps=1.000000e-05 bound=2.884647e-03 measured=2.640389e-03
[INFO] 			 - Node 9...
[INFO] Shared ESS complementarity diagnostics for ESS node=9: ratio_max=7.701142e-06 n_periods=288 mu_final=9.783694e-12 s_obj=1.000000e-01 eps=1.000000e-05 bound=2.817704e-03 measured=2.640136e-03
[INFO]		 - Primal residuals ok!
[INFO]		 - Dual residuals ok!
[RECOURSE JUMP] cycle=48 | abs_change=2.322338e+05 | tol=8.214266e+04 | signed_change=-2.322338e+05
[RECOURSE JUMP] Reconciliation | previous=8.214266e+08 | current=8.211943e+08 | block_delta=-2.322338e+05 | mismatch=-7.152557e-07
[RECOURSE JUMP] Aggregate signed changes:
  TSO | delta=-3.064564e+05
  DSO node=7 | delta=+3.964169e+04
  DSO node=5 | delta=+2.675359e+04
  DSO node=9 | delta=+7.827366e+03
  SALVAGE | delta=+2.623251e-52
[RECOURSE JUMP] Largest 10 block changes:
  TSO node=None year=2030 day=Spring | previous=5.793885e+07 | current=5.785534e+07 | delta=-8.350939e+04 | abs_delta=8.350939e+04
    [RECOURSE JUMP][TSO PROX] year=2030 day=Spring | V max=0.000104 | PF max=0.004120 | ESS max=0.000045
    [RECOURSE COMPONENTS] gen=-1.159445e+05 | flex=+3.243509e+04 | load_curt=+0.000000e+00 | res_curt=+0.000000e+00 | ess_usage=+0.000000e+00 | slacks=+1.584510e-12 | ess_comp=-1.759369e-02
    [SLACK COMPONENTS] voltage=+1.584510e-12 | node_P=+0.000000e+00 | node_Q=+0.000000e+00 | branch_ij=+0.000000e+00 | branch_ji=+0.000000e+00 | flex_P=+1.776357e-15 | flex_Q=+1.776357e-15
    [SLACK COMPONENT CHECK] classified_delta=+1.588063e-12 | objective_slack_delta=+1.584510e-12 | mismatch=+3.552714e-15
    [RECOURSE COMPONENT CHECK] classified_delta=-8.350939e+04 | block_delta=-8.350939e+04 | mismatch=+1.082662e-08
  TSO node=None year=2025 day=Spring | previous=7.720907e+07 | current=7.713090e+07 | delta=-7.816425e+04 | abs_delta=7.816425e+04
    [RECOURSE JUMP][TSO PROX] year=2025 day=Spring | V max=0.000092 | PF max=0.006374 | ESS max=0.000405
    [RECOURSE COMPONENTS] gen=-1.077697e+05 | flex=+2.960546e+04 | load_curt=+0.000000e+00 | res_curt=+0.000000e+00 | ess_usage=+0.000000e+00 | slacks=-1.525706e-09 | ess_comp=+5.528992e-05
    [SLACK COMPONENTS] voltage=-1.006896e-09 | node_P=+0.000000e+00 | node_Q=+0.000000e+00 | branch_ij=+0.000000e+00 | branch_ji=+0.000000e+00 | flex_P=-2.594054e-10 | flex_Q=-2.594054e-10
    [SLACK COMPONENT CHECK] classified_delta=-1.525707e-09 | objective_slack_delta=-1.525706e-09 | mismatch=-8.881784e-16
    [RECOURSE COMPONENT CHECK] classified_delta=-7.816425e+04 | block_delta=-7.816425e+04 | mismatch=-9.822543e-09
  TSO node=None year=2035 day=Spring | previous=6.005103e+07 | current=5.997713e+07 | delta=-7.389311e+04 | abs_delta=7.389311e+04
    [RECOURSE JUMP][TSO PROX] year=2035 day=Spring | V max=0.000125 | PF max=0.005232 | ESS max=0.000087
    [RECOURSE COMPONENTS] gen=-1.374268e+05 | flex=+6.353374e+04 | load_curt=+0.000000e+00 | res_curt=+0.000000e+00 | ess_usage=+0.000000e+00 | slacks=-7.996732e-10 | ess_comp=+2.603667e-03
    [SLACK COMPONENTS] voltage=-5.194210e-10 | node_P=+0.000000e+00 | node_Q=+0.000000e+00 | branch_ij=+0.000000e+00 | branch_ji=+0.000000e+00 | flex_P=-1.401190e-10 | flex_Q=-1.401190e-10
    [SLACK COMPONENT CHECK] classified_delta=-7.996590e-10 | objective_slack_delta=-7.996732e-10 | mismatch=+1.421085e-14
    [RECOURSE COMPONENT CHECK] classified_delta=-7.389311e+04 | block_delta=-7.389311e+04 | mismatch=+8.571078e-09
  TSO node=None year=2025 day=Summer | previous=9.247894e+07 | current=9.253124e+07 | delta=+5.229971e+04 | abs_delta=5.229971e+04
    [RECOURSE JUMP][TSO PROX] year=2025 day=Summer | V max=0.000129 | PF max=0.004815 | ESS max=0.000279
    [RECOURSE COMPONENTS] gen=+1.504681e+05 | flex=-9.816841e+04 | load_curt=+0.000000e+00 | res_curt=+0.000000e+00 | ess_usage=+0.000000e+00 | slacks=+7.034373e-12 | ess_comp=-1.748394e-04
    [SLACK COMPONENTS] voltage=+7.034373e-12 | node_P=+0.000000e+00 | node_Q=+0.000000e+00 | branch_ij=+0.000000e+00 | branch_ji=+0.000000e+00 | flex_P=-4.440892e-16 | flex_Q=-4.440892e-16
    [SLACK COMPONENT CHECK] classified_delta=+7.033485e-12 | objective_slack_delta=+7.034373e-12 | mismatch=-8.881784e-16
    [RECOURSE COMPONENT CHECK] classified_delta=+5.229971e+04 | block_delta=+5.229971e+04 | mismatch=+2.197339e-08
  TSO node=None year=2035 day=Autumn | previous=3.439926e+07 | current=3.434873e+07 | delta=-5.052565e+04 | abs_delta=5.052565e+04
    [RECOURSE JUMP][TSO PROX] year=2035 day=Autumn | V max=0.000124 | PF max=0.003539 | ESS max=0.000358
    [RECOURSE COMPONENTS] gen=-9.082940e+04 | flex=+4.174573e+04 | load_curt=+0.000000e+00 | res_curt=+0.000000e+00 | ess_usage=+0.000000e+00 | slacks=-4.321329e-09 | ess_comp=-1.441981e+03
    [SLACK COMPONENTS] voltage=-2.893827e-09 | node_P=+0.000000e+00 | node_Q=+0.000000e+00 | branch_ij=+0.000000e+00 | branch_ji=+0.000000e+00 | flex_P=-7.137455e-10 | flex_Q=-7.137455e-10
    [SLACK COMPONENT CHECK] classified_delta=-4.321318e-09 | objective_slack_delta=-4.321329e-09 | mismatch=+1.065814e-14
    [RECOURSE COMPONENT CHECK] classified_delta=-5.052565e+04 | block_delta=-5.052565e+04 | mismatch=-2.364686e-09
  DSO node=9 year=2025 day=Summer | previous=2.426213e+06 | current=2.381931e+06 | delta=-4.428155e+04 | abs_delta=4.428155e+04
    [RECOURSE COMPONENTS] gen=+0.000000e+00 | flex=-4.428004e+04 | load_curt=+0.000000e+00 | res_curt=-1.509641e+00 | ess_usage=+0.000000e+00 | slacks=-2.763762e-06 | ess_comp=+1.119898e-03
    [SLACK COMPONENTS] voltage=-8.180757e-08 | node_P=+0.000000e+00 | node_Q=+0.000000e+00 | branch_ij=+0.000000e+00 | branch_ji=+0.000000e+00 | flex_P=-2.681954e-06 | flex_Q=+0.000000e+00
    [SLACK COMPONENT CHECK] classified_delta=-2.763762e-06 | objective_slack_delta=-2.763762e-06 | mismatch=-1.740830e-13
    [RECOURSE COMPONENT CHECK] classified_delta=-4.428155e+04 | block_delta=-4.428155e+04 | mismatch=-4.292815e-10
  TSO node=None year=2035 day=Summer | previous=6.665279e+07 | current=6.660866e+07 | delta=-4.412639e+04 | abs_delta=4.412639e+04
    [RECOURSE JUMP][TSO PROX] year=2035 day=Summer | V max=0.000215 | PF max=0.003746 | ESS max=0.000011
    [RECOURSE COMPONENTS] gen=-5.798415e+04 | flex=+1.385776e+04 | load_curt=+0.000000e+00 | res_curt=+0.000000e+00 | ess_usage=+0.000000e+00 | slacks=+2.998490e-12 | ess_comp=+1.181021e-03
    [SLACK COMPONENTS] voltage=+2.998490e-12 | node_P=+0.000000e+00 | node_Q=+0.000000e+00 | branch_ij=+0.000000e+00 | branch_ji=+0.000000e+00 | flex_P=+3.996803e-15 | flex_Q=+3.996803e-15
    [SLACK COMPONENT CHECK] classified_delta=+3.006484e-12 | objective_slack_delta=+2.998490e-12 | mismatch=+7.993606e-15
    [RECOURSE COMPONENT CHECK] classified_delta=-4.412639e+04 | block_delta=-4.412639e+04 | mismatch=+1.112494e-08
  DSO node=7 year=2035 day=Spring | previous=6.284502e+06 | current=6.322023e+06 | delta=+3.752143e+04 | abs_delta=3.752143e+04
    [RECOURSE COMPONENTS] gen=+0.000000e+00 | flex=+3.752126e+04 | load_curt=+0.000000e+00 | res_curt=+1.616735e-01 | ess_usage=+0.000000e+00 | slacks=-2.564034e-06 | ess_comp=+1.799839e-04
    [SLACK COMPONENTS] voltage=-6.218835e-08 | node_P=+0.000000e+00 | node_Q=+0.000000e+00 | branch_ij=+0.000000e+00 | branch_ji=+0.000000e+00 | flex_P=-2.501846e-06 | flex_Q=+0.000000e+00
    [SLACK COMPONENT CHECK] classified_delta=-2.564034e-06 | objective_slack_delta=-2.564034e-06 | mismatch=+6.750156e-14
    [RECOURSE COMPONENT CHECK] classified_delta=+3.752143e+04 | block_delta=+3.752143e+04 | mismatch=-2.663000e-09
  DSO node=9 year=2035 day=Spring | previous=9.623610e+06 | current=9.658032e+06 | delta=+3.442202e+04 | abs_delta=3.442202e+04
    [RECOURSE COMPONENTS] gen=+0.000000e+00 | flex=+3.442256e+04 | load_curt=+0.000000e+00 | res_curt=-5.451088e-01 | ess_usage=+0.000000e+00 | slacks=-3.566507e-06 | ess_comp=+2.141147e-04
    [SLACK COMPONENTS] voltage=+2.829665e-09 | node_P=+0.000000e+00 | node_Q=+0.000000e+00 | branch_ij=+0.000000e+00 | branch_ji=+0.000000e+00 | flex_P=-3.569337e-06 | flex_Q=+0.000000e+00
    [SLACK COMPONENT CHECK] classified_delta=-3.566507e-06 | objective_slack_delta=-3.566507e-06 | mismatch=+7.815970e-14
    [RECOURSE COMPONENT CHECK] classified_delta=+3.442202e+04 | block_delta=+3.442202e+04 | mismatch=-5.238689e-10
  DSO node=7 year=2025 day=Summer | previous=1.541688e+06 | current=1.512316e+06 | delta=-2.937295e+04 | abs_delta=2.937295e+04
    [RECOURSE COMPONENTS] gen=+0.000000e+00 | flex=-2.937261e+04 | load_curt=+0.000000e+00 | res_curt=-3.402643e-01 | ess_usage=+0.000000e+00 | slacks=+3.353777e-06 | ess_comp=+3.699873e-03
    [SLACK COMPONENTS] voltage=+3.560113e-07 | node_P=+0.000000e+00 | node_Q=+0.000000e+00 | branch_ij=+0.000000e+00 | branch_ji=+0.000000e+00 | flex_P=+2.997765e-06 | flex_Q=+0.000000e+00
    [SLACK COMPONENT CHECK] classified_delta=+3.353776e-06 | objective_slack_delta=+3.353777e-06 | mismatch=-8.881784e-14
    [RECOURSE COMPONENT CHECK] classified_delta=-2.937295e+04 | block_delta=-2.937295e+04 | mismatch=-1.455192e-11
[INFO]		 - Recourse stationarity failed. 232233.794803 > 82142.656439
[ADMM RHO] V | primal max ratio=0.005 | primal mean ratio=0.001 | primal selected=0.005 | dual mean ratio=0.010 | increase threshold=5.0 | decrease threshold=5.0 | action=held
[ADMM RHO] PF | primal max ratio=0.337 | primal mean ratio=0.023 | primal selected=0.337 | dual mean ratio=0.146 | increase threshold=5.0 | decrease threshold=3.0 | action=held
[ADMM RHO] ESS | primal max ratio=0.004 | primal mean ratio=0.004 | primal selected=0.004 | dual mean ratio=0.011 | increase threshold=5.0 | decrease threshold=5.0 | action=held
[INFO]		 - ADMM cycle 48 | Primal (V max/mean | PF max/mean | ESS max/mean) = 0.000048/0.000001 | 0.003374/0.000023 | 0.000409/0.000038 | Dual (V max/mean | PF max/mean | ESS max/mean) = 0.000484/0.000099 | 0.033204/0.001463 | 0.003464/0.000110 | Recourse change = 232233.794803 (tol. 82142.656439) | Stable cycles = 0/1 | Penalty actions (V/PF/ESS) = held/held/held
[INFO] 	 - Iteration 48: 31.07 s
[INFO] 	 - ADMM Iteration 49
[INFO] 		 - Updating distribution networks:
[INFO] 			 - Running SMOPF, Network case33_1, 2025, Spring...
[INFO] 			 - Running SMOPF, Network case33_1, 2025, Summer...
[INFO] 			 - Running SMOPF, Network case33_1, 2025, Autumn...
[INFO] 			 - Running SMOPF, Network case33_1, 2025, Winter...
[INFO] 			 - Running SMOPF, Network case33_1, 2030, Spring...
[INFO] 			 - Running SMOPF, Network case33_1, 2030, Summer...
[INFO] 			 - Running SMOPF, Network case33_1, 2030, Autumn...
[INFO] 			 - Running SMOPF, Network case33_1, 2030, Winter...
[INFO] 			 - Running SMOPF, Network case33_1, 2035, Spring...
[INFO] 			 - Running SMOPF, Network case33_1, 2035, Summer...
[INFO] 			 - Running SMOPF, Network case33_1, 2035, Autumn...
[INFO] 			 - Running SMOPF, Network case33_1, 2035, Winter...
[INFO] 			 - Running SMOPF, Network case33_2, 2025, Spring...
[INFO] 			 - Running SMOPF, Network case33_2, 2025, Summer...
[INFO] 			 - Running SMOPF, Network case33_2, 2025, Autumn...
[INFO] 			 - Running SMOPF, Network case33_2, 2025, Winter...
[INFO] 			 - Running SMOPF, Network case33_2, 2030, Spring...
[INFO] 			 - Running SMOPF, Network case33_2, 2030, Summer...
[INFO] 			 - Running SMOPF, Network case33_2, 2030, Autumn...
[INFO] 			 - Running SMOPF, Network case33_2, 2030, Winter...
[INFO] 			 - Running SMOPF, Network case33_2, 2035, Spring...
[INFO] 			 - Running SMOPF, Network case33_2, 2035, Summer...
[INFO] 			 - Running SMOPF, Network case33_2, 2035, Autumn...
[INFO] 			 - Running SMOPF, Network case33_2, 2035, Winter...
[INFO] 			 - Running SMOPF, Network case33_3, 2025, Spring...
[INFO] 			 - Running SMOPF, Network case33_3, 2025, Summer...
[INFO] 			 - Running SMOPF, Network case33_3, 2025, Autumn...
[INFO] 			 - Running SMOPF, Network case33_3, 2025, Winter...
[INFO] 			 - Running SMOPF, Network case33_3, 2030, Spring...
[INFO] 			 - Running SMOPF, Network case33_3, 2030, Summer...
[INFO] 			 - Running SMOPF, Network case33_3, 2030, Autumn...
[INFO] 			 - Running SMOPF, Network case33_3, 2030, Winter...
[INFO] 			 - Running SMOPF, Network case33_3, 2035, Spring...
[INFO] 			 - Running SMOPF, Network case33_3, 2035, Summer...
[INFO] 			 - Running SMOPF, Network case33_3, 2035, Autumn...
[INFO] 			 - Running SMOPF, Network case33_3, 2035, Winter...
[INFO] 		 - Updating transmission network...
[INFO] 			 - Running SMOPF, Network case9, 2025, Spring...
[INFO] 			 - Running SMOPF, Network case9, 2025, Summer...
[INFO] 			 - Running SMOPF, Network case9, 2025, Autumn...
[INFO] 			 - Running SMOPF, Network case9, 2025, Winter...
[INFO] 			 - Running SMOPF, Network case9, 2030, Spring...
[INFO] 			 - Running SMOPF, Network case9, 2030, Summer...
[INFO] 			 - Running SMOPF, Network case9, 2030, Autumn...
[INFO] 			 - Running SMOPF, Network case9, 2030, Winter...
[INFO] 			 - Running SMOPF, Network case9, 2035, Spring...
[INFO] 			 - Running SMOPF, Network case9, 2035, Summer...
[INFO] 			 - Running SMOPF, Network case9, 2035, Autumn...
[INFO] 			 - Running SMOPF, Network case9, 2035, Winter...
[TSO PROX] cycle=49 | updated_blocks=12 | held_failed_blocks=0 | V max=0.000206 | PF max=0.006350 | ESS max=0.000405
[TSO PROX][V MAX] node=5, year=2035, day=Summer, period=19 | dV=0.071237 kV | normalized=0.000206
[TSO PROX][PF MAX] node=7, year=2025, day=Spring, period=23, type=P | delta=0.635011 MW | normalized=0.006350
[TSO PROX][ESS MAX] node=5, year=2025, day=Spring, period=14, type=P | delta=0.000784 MW | normalized=0.000405
[INFO] 		 - Updating SharedESS...
[INFO] 		 - Running Shared ESS optimization (subproblem)...
[INFO] 			 - Node 5...
[INFO] Shared ESS complementarity diagnostics for ESS node=5: ratio_max=7.135328e-06 n_periods=288 mu_final=9.874701e-12 s_obj=1.000000e-01 eps=1.000000e-05 bound=2.843914e-03 measured=2.641970e-03
[INFO] 			 - Node 7...
[INFO] Shared ESS complementarity diagnostics for ESS node=7: ratio_max=8.517912e-06 n_periods=288 mu_final=1.004241e-11 s_obj=1.000000e-01 eps=1.000000e-05 bound=2.892215e-03 measured=2.645199e-03
[INFO] 			 - Node 9...
[INFO] Shared ESS complementarity diagnostics for ESS node=9: ratio_max=9.030520e-06 n_periods=288 mu_final=1.010286e-11 s_obj=1.000000e-01 eps=1.000000e-05 bound=2.909625e-03 measured=2.645640e-03
[INFO]		 - Primal residuals ok!
[INFO]		 - Dual residuals ok!
[RECOURSE JUMP] cycle=49 | abs_change=2.454470e+05 | tol=8.211943e+04 | signed_change=-2.454470e+05
[RECOURSE JUMP] Reconciliation | previous=8.211943e+08 | current=8.209489e+08 | block_delta=-2.454470e+05 | mismatch=+3.576279e-07
[RECOURSE JUMP] Aggregate signed changes:
  TSO | delta=-2.823656e+05
  DSO node=7 | delta=+3.576184e+04
  DSO node=5 | delta=+8.466073e+03
  DSO node=9 | delta=-7.309290e+03
  SALVAGE | delta=+2.121086e-50
[RECOURSE JUMP] Largest 10 block changes:
  TSO node=None year=2035 day=Spring | previous=5.997713e+07 | current=5.986190e+07 | delta=-1.152369e+05 | abs_delta=1.152369e+05
    [RECOURSE JUMP][TSO PROX] year=2035 day=Spring | V max=0.000126 | PF max=0.005105 | ESS max=0.000020
    [RECOURSE COMPONENTS] gen=-1.931771e+05 | flex=+7.794019e+04 | load_curt=+0.000000e+00 | res_curt=+0.000000e+00 | ess_usage=+0.000000e+00 | slacks=-3.449969e-10 | ess_comp=+1.461913e-03
    [SLACK COMPONENTS] voltage=-2.207940e-10 | node_P=+0.000000e+00 | node_Q=+0.000000e+00 | branch_ij=+0.000000e+00 | branch_ji=+0.000000e+00 | flex_P=-6.211076e-11 | flex_Q=-6.211076e-11
    [SLACK COMPONENT CHECK] classified_delta=-3.450156e-10 | objective_slack_delta=-3.449969e-10 | mismatch=-1.865175e-14
    [RECOURSE COMPONENT CHECK] classified_delta=-1.152369e+05 | block_delta=-1.152369e+05 | mismatch=-6.315531e-09
  TSO node=None year=2025 day=Spring | previous=7.713090e+07 | current=7.705696e+07 | delta=-7.394816e+04 | abs_delta=7.394816e+04
    [RECOURSE JUMP][TSO PROX] year=2025 day=Spring | V max=0.000091 | PF max=0.006350 | ESS max=0.000405
    [RECOURSE COMPONENTS] gen=-1.009719e+05 | flex=+2.702376e+04 | load_curt=+0.000000e+00 | res_curt=+0.000000e+00 | ess_usage=+0.000000e+00 | slacks=-1.694097e-09 | ess_comp=+4.850485e-05
    [SLACK COMPONENTS] voltage=-1.117954e-09 | node_P=+0.000000e+00 | node_Q=+0.000000e+00 | branch_ij=+0.000000e+00 | branch_ji=+0.000000e+00 | flex_P=-2.880789e-10 | flex_Q=-2.880789e-10
    [SLACK COMPONENT CHECK] classified_delta=-1.694112e-09 | objective_slack_delta=-1.694097e-09 | mismatch=-1.421085e-14
    [RECOURSE COMPONENT CHECK] classified_delta=-7.394816e+04 | block_delta=-7.394816e+04 | mismatch=+3.608875e-09
  TSO node=None year=2030 day=Spring | previous=5.785534e+07 | current=5.778762e+07 | delta=-6.772423e+04 | abs_delta=6.772423e+04
    [RECOURSE JUMP][TSO PROX] year=2030 day=Spring | V max=0.000106 | PF max=0.004209 | ESS max=0.000053
    [RECOURSE COMPONENTS] gen=-9.098180e+04 | flex=+2.325759e+04 | load_curt=+0.000000e+00 | res_curt=+0.000000e+00 | ess_usage=+0.000000e+00 | slacks=+1.620037e-12 | ess_comp=-2.240734e-02
    [SLACK COMPONENTS] voltage=+1.612932e-12 | node_P=+0.000000e+00 | node_Q=+0.000000e+00 | branch_ij=+0.000000e+00 | branch_ji=+0.000000e+00 | flex_P=+1.332268e-15 | flex_Q=+1.332268e-15
    [SLACK COMPONENT CHECK] classified_delta=+1.615597e-12 | objective_slack_delta=+1.620037e-12 | mismatch=-4.440892e-15
    [RECOURSE COMPONENT CHECK] classified_delta=-6.772423e+04 | block_delta=-6.772423e+04 | mismatch=-1.164153e-10
  TSO node=None year=2025 day=Summer | previous=9.253124e+07 | current=9.258492e+07 | delta=+5.368166e+04 | abs_delta=5.368166e+04
    [RECOURSE JUMP][TSO PROX] year=2025 day=Summer | V max=0.000129 | PF max=0.004775 | ESS max=0.000279
    [RECOURSE COMPONENTS] gen=+1.524095e+05 | flex=-9.872783e+04 | load_curt=+0.000000e+00 | res_curt=+0.000000e+00 | ess_usage=+0.000000e+00 | slacks=+7.084111e-12 | ess_comp=-1.967240e-04
    [SLACK COMPONENTS] voltage=+7.077006e-12 | node_P=+0.000000e+00 | node_Q=+0.000000e+00 | branch_ij=+0.000000e+00 | branch_ji=+0.000000e+00 | flex_P=-8.881784e-16 | flex_Q=-8.881784e-16
    [SLACK COMPONENT CHECK] classified_delta=+7.075229e-12 | objective_slack_delta=+7.084111e-12 | mismatch=-8.881784e-15
    [RECOURSE COMPONENT CHECK] classified_delta=+5.368166e+04 | block_delta=+5.368166e+04 | mismatch=-1.100852e-08
  TSO node=None year=2035 day=Autumn | previous=3.434873e+07 | current=3.429779e+07 | delta=-5.093503e+04 | abs_delta=5.093503e+04
    [RECOURSE JUMP][TSO PROX] year=2035 day=Autumn | V max=0.000124 | PF max=0.003529 | ESS max=0.000357
    [RECOURSE COMPONENTS] gen=-9.177311e+04 | flex=+4.228066e+04 | load_curt=+0.000000e+00 | res_curt=+0.000000e+00 | ess_usage=+0.000000e+00 | slacks=-4.450847e-09 | ess_comp=-1.442581e+03
    [SLACK COMPONENTS] voltage=-2.979114e-09 | node_P=+0.000000e+00 | node_Q=+0.000000e+00 | branch_ij=+0.000000e+00 | branch_ji=+0.000000e+00 | flex_P=-7.358651e-10 | flex_Q=-7.358651e-10
    [SLACK COMPONENT CHECK] classified_delta=-4.450844e-09 | objective_slack_delta=-4.450847e-09 | mismatch=+2.664535e-15
    [RECOURSE COMPONENT CHECK] classified_delta=-5.093503e+04 | block_delta=-5.093503e+04 | mismatch=-6.111804e-09
  DSO node=9 year=2025 day=Summer | previous=2.381931e+06 | current=2.337606e+06 | delta=-4.432515e+04 | abs_delta=4.432515e+04
    [RECOURSE COMPONENTS] gen=+0.000000e+00 | flex=-4.432351e+04 | load_curt=+0.000000e+00 | res_curt=-1.644319e+00 | ess_usage=+0.000000e+00 | slacks=+1.588155e-06 | ess_comp=-3.332135e-04
    [SLACK COMPONENTS] voltage=+2.779489e-07 | node_P=+0.000000e+00 | node_Q=+0.000000e+00 | branch_ij=+0.000000e+00 | branch_ji=+0.000000e+00 | flex_P=+1.310206e-06 | flex_Q=+0.000000e+00
    [SLACK COMPONENT CHECK] classified_delta=+1.588155e-06 | objective_slack_delta=+1.588155e-06 | mismatch=+1.882938e-13
    [RECOURSE COMPONENT CHECK] classified_delta=-4.432515e+04 | block_delta=-4.432515e+04 | mismatch=-3.783498e-10
  DSO node=7 year=2035 day=Spring | previous=6.322023e+06 | current=6.355878e+06 | delta=+3.385507e+04 | abs_delta=3.385507e+04
    [RECOURSE COMPONENTS] gen=+0.000000e+00 | flex=+3.385474e+04 | load_curt=+0.000000e+00 | res_curt=+3.381339e-01 | ess_usage=+0.000000e+00 | slacks=-2.684027e-05 | ess_comp=+9.974225e-05
    [SLACK COMPONENTS] voltage=-1.030486e-06 | node_P=+0.000000e+00 | node_Q=+0.000000e+00 | branch_ij=+0.000000e+00 | branch_ji=+0.000000e+00 | flex_P=-2.580978e-05 | flex_Q=+0.000000e+00
    [SLACK COMPONENT CHECK] classified_delta=-2.684027e-05 | objective_slack_delta=-2.684027e-05 | mismatch=+6.394885e-14
    [RECOURSE COMPONENT CHECK] classified_delta=+3.385507e+04 | block_delta=+3.385507e+04 | mismatch=+1.098670e-09
  DSO node=7 year=2025 day=Summer | previous=1.512316e+06 | current=1.482770e+06 | delta=-2.954526e+04 | abs_delta=2.954526e+04
    [RECOURSE COMPONENTS] gen=+0.000000e+00 | flex=-2.954494e+04 | load_curt=+0.000000e+00 | res_curt=-3.244194e-01 | ess_usage=+0.000000e+00 | slacks=+2.028080e-06 | ess_comp=+5.645335e-03
    [SLACK COMPONENTS] voltage=+2.691658e-07 | node_P=+0.000000e+00 | node_Q=+0.000000e+00 | branch_ij=+0.000000e+00 | branch_ji=+0.000000e+00 | flex_P=+1.758914e-06 | flex_Q=+0.000000e+00
    [SLACK COMPONENT CHECK] classified_delta=+2.028080e-06 | objective_slack_delta=+2.028080e-06 | mismatch=+8.881784e-14
    [RECOURSE COMPONENT CHECK] classified_delta=-2.954526e+04 | block_delta=-2.954526e+04 | mismatch=-1.928129e-10
  DSO node=9 year=2035 day=Spring | previous=9.658032e+06 | current=9.686756e+06 | delta=+2.872360e+04 | abs_delta=2.872360e+04
    [RECOURSE COMPONENTS] gen=+0.000000e+00 | flex=+2.872381e+04 | load_curt=+0.000000e+00 | res_curt=-2.104840e-01 | ess_usage=+0.000000e+00 | slacks=-3.385057e-05 | ess_comp=+1.325824e-04
    [SLACK COMPONENTS] voltage=-6.611008e-07 | node_P=+0.000000e+00 | node_Q=+0.000000e+00 | branch_ij=+0.000000e+00 | branch_ji=+0.000000e+00 | flex_P=-3.318947e-05 | flex_Q=+0.000000e+00
    [SLACK COMPONENT CHECK] classified_delta=-3.385057e-05 | objective_slack_delta=-3.385057e-05 | mismatch=-1.101341e-13
    [RECOURSE COMPONENT CHECK] classified_delta=+2.872360e+04 | block_delta=+2.872360e+04 | mismatch=-5.129550e-10
  TSO node=None year=2035 day=Summer | previous=6.660866e+07 | current=6.658148e+07 | delta=-2.718345e+04 | abs_delta=2.718345e+04
    [RECOURSE JUMP][TSO PROX] year=2035 day=Summer | V max=0.000206 | PF max=0.003800 | ESS max=0.000012
    [RECOURSE COMPONENTS] gen=-3.182529e+04 | flex=+4.641836e+03 | load_curt=+0.000000e+00 | res_curt=+0.000000e+00 | ess_usage=+0.000000e+00 | slacks=+3.346656e-12 | ess_comp=+1.721009e-03
    [SLACK COMPONENTS] voltage=+3.318235e-12 | node_P=+0.000000e+00 | node_Q=+0.000000e+00 | branch_ij=+0.000000e+00 | branch_ji=+0.000000e+00 | flex_P=+6.661338e-15 | flex_Q=+6.661338e-15
    [SLACK COMPONENT CHECK] classified_delta=+3.331557e-12 | objective_slack_delta=+3.346656e-12 | mismatch=-1.509903e-14
    [RECOURSE COMPONENT CHECK] classified_delta=-2.718345e+04 | block_delta=-2.718345e+04 | mismatch=-4.794856e-09
[INFO]		 - Recourse stationarity failed. 245446.969219 > 82119.433059
[ADMM RHO] V | primal max ratio=0.004 | primal mean ratio=0.001 | primal selected=0.004 | dual mean ratio=0.010 | increase threshold=5.0 | decrease threshold=5.0 | action=held
[ADMM RHO] PF | primal max ratio=0.109 | primal mean ratio=0.023 | primal selected=0.109 | dual mean ratio=0.142 | increase threshold=5.0 | decrease threshold=3.0 | action=held
[ADMM RHO] ESS | primal max ratio=0.003 | primal mean ratio=0.003 | primal selected=0.003 | dual mean ratio=0.011 | increase threshold=5.0 | decrease threshold=5.0 | action=held
[INFO]		 - ADMM cycle 49 | Primal (V max/mean | PF max/mean | ESS max/mean) = 0.000038/0.000001 | 0.001087/0.000023 | 0.000297/0.000031 | Dual (V max/mean | PF max/mean | ESS max/mean) = 0.000465/0.000099 | 0.033041/0.001421 | 0.003464/0.000109 | Recourse change = 245446.969219 (tol. 82119.433059) | Stable cycles = 0/1 | Penalty actions (V/PF/ESS) = held/held/held
[INFO] 	 - Iteration 49: 31.70 s
[INFO] 	 - ADMM Iteration 50
[INFO] 		 - Updating distribution networks:
[INFO] 			 - Running SMOPF, Network case33_1, 2025, Spring...
[INFO] 			 - Running SMOPF, Network case33_1, 2025, Summer...
[INFO] 			 - Running SMOPF, Network case33_1, 2025, Autumn...
[INFO] 			 - Running SMOPF, Network case33_1, 2025, Winter...
[INFO] 			 - Running SMOPF, Network case33_1, 2030, Spring...
[INFO] 			 - Running SMOPF, Network case33_1, 2030, Summer...
[INFO] 			 - Running SMOPF, Network case33_1, 2030, Autumn...
[INFO] 			 - Running SMOPF, Network case33_1, 2030, Winter...
[INFO] 			 - Running SMOPF, Network case33_1, 2035, Spring...
[INFO] 			 - Running SMOPF, Network case33_1, 2035, Summer...
[INFO] 			 - Running SMOPF, Network case33_1, 2035, Autumn...
[INFO] 			 - Running SMOPF, Network case33_1, 2035, Winter...
[INFO] 			 - Running SMOPF, Network case33_2, 2025, Spring...
[INFO] 			 - Running SMOPF, Network case33_2, 2025, Summer...
[INFO] 			 - Running SMOPF, Network case33_2, 2025, Autumn...
[INFO] 			 - Running SMOPF, Network case33_2, 2025, Winter...
[INFO] 			 - Running SMOPF, Network case33_2, 2030, Spring...
[INFO] 			 - Running SMOPF, Network case33_2, 2030, Summer...
[INFO] 			 - Running SMOPF, Network case33_2, 2030, Autumn...
[INFO] 			 - Running SMOPF, Network case33_2, 2030, Winter...
[INFO] 			 - Running SMOPF, Network case33_2, 2035, Spring...
[INFO] 			 - Running SMOPF, Network case33_2, 2035, Summer...
[INFO] 			 - Running SMOPF, Network case33_2, 2035, Autumn...
[INFO] 			 - Running SMOPF, Network case33_2, 2035, Winter...
[INFO] 			 - Running SMOPF, Network case33_3, 2025, Spring...
[INFO] 			 - Running SMOPF, Network case33_3, 2025, Summer...
[INFO] 			 - Running SMOPF, Network case33_3, 2025, Autumn...
[INFO] 			 - Running SMOPF, Network case33_3, 2025, Winter...
[INFO] 			 - Running SMOPF, Network case33_3, 2030, Spring...
[INFO] 			 - Running SMOPF, Network case33_3, 2030, Summer...
[INFO] 			 - Running SMOPF, Network case33_3, 2030, Autumn...
[INFO] 			 - Running SMOPF, Network case33_3, 2030, Winter...
[INFO] 			 - Running SMOPF, Network case33_3, 2035, Spring...
[INFO] 			 - Running SMOPF, Network case33_3, 2035, Summer...
[INFO] 			 - Running SMOPF, Network case33_3, 2035, Autumn...
[INFO] 			 - Running SMOPF, Network case33_3, 2035, Winter...
[INFO] 		 - Updating transmission network...
[INFO] 			 - Running SMOPF, Network case9, 2025, Spring...
[INFO] 			 - Running SMOPF, Network case9, 2025, Summer...
[INFO] 			 - Running SMOPF, Network case9, 2025, Autumn...
[INFO] 			 - Running SMOPF, Network case9, 2025, Winter...
[INFO] 			 - Running SMOPF, Network case9, 2030, Spring...
[INFO] 			 - Running SMOPF, Network case9, 2030, Summer...
[INFO] 			 - Running SMOPF, Network case9, 2030, Autumn...
[INFO] 			 - Running SMOPF, Network case9, 2030, Winter...
[INFO] 			 - Running SMOPF, Network case9, 2035, Spring...
[INFO] 			 - Running SMOPF, Network case9, 2035, Summer...
[INFO] 			 - Running SMOPF, Network case9, 2035, Autumn...
[INFO] 			 - Running SMOPF, Network case9, 2035, Winter...
[TSO PROX] cycle=50 | updated_blocks=12 | held_failed_blocks=0 | V max=0.000208 | PF max=0.005024 | ESS max=0.000405
[TSO PROX][V MAX] node=5, year=2035, day=Summer, period=19 | dV=0.071783 kV | normalized=0.000208
[TSO PROX][PF MAX] node=7, year=2035, day=Spring, period=15, type=P | delta=0.502359 MW | normalized=0.005024
[TSO PROX][ESS MAX] node=5, year=2025, day=Spring, period=14, type=P | delta=0.000784 MW | normalized=0.000405
[INFO] 		 - Updating SharedESS...
[INFO] 		 - Running Shared ESS optimization (subproblem)...
[INFO] 			 - Node 5...
[INFO] Shared ESS complementarity diagnostics for ESS node=5: ratio_max=7.149613e-06 n_periods=288 mu_final=1.010004e-11 s_obj=1.000000e-01 eps=1.000000e-05 bound=2.908812e-03 measured=2.643110e-03
[INFO] 			 - Node 7...
[INFO] Shared ESS complementarity diagnostics for ESS node=7: ratio_max=7.205243e-06 n_periods=288 mu_final=9.836205e-12 s_obj=1.000000e-01 eps=1.000000e-05 bound=2.832827e-03 measured=2.641914e-03
[INFO] 			 - Node 9...
[INFO] Shared ESS complementarity diagnostics for ESS node=9: ratio_max=6.960410e-06 n_periods=288 mu_final=1.009451e-11 s_obj=1.000000e-01 eps=1.000000e-05 bound=2.907217e-03 measured=2.641012e-03
[INFO]		 - Primal residuals ok!
[INFO]		 - Dual residuals ok!
[RECOURSE JUMP] cycle=50 | abs_change=2.335580e+05 | tol=8.209489e+04 | signed_change=-2.335580e+05
[RECOURSE JUMP] Reconciliation | previous=8.209489e+08 | current=8.207153e+08 | block_delta=-2.335580e+05 | mismatch=+1.192093e-07
[RECOURSE JUMP] Aggregate signed changes:
  TSO | delta=-2.669548e+05
  DSO node=7 | delta=+2.927804e+04
  DSO node=5 | delta=+7.061843e+03
  DSO node=9 | delta=-2.943054e+03
  SALVAGE | delta=-2.139823e-50
[RECOURSE JUMP] Largest 10 block changes:
  TSO node=None year=2035 day=Spring | previous=5.986190e+07 | current=5.972108e+07 | delta=-1.408117e+05 | abs_delta=1.408117e+05
    [RECOURSE JUMP][TSO PROX] year=2035 day=Spring | V max=0.000126 | PF max=0.005024 | ESS max=0.000056
    [RECOURSE COMPONENTS] gen=-2.276123e+05 | flex=+8.680059e+04 | load_curt=+0.000000e+00 | res_curt=+0.000000e+00 | ess_usage=+0.000000e+00 | slacks=-6.171774e-11 | ess_comp=+2.910326e-04
    [SLACK COMPONENTS] voltage=-3.466027e-11 | node_P=+0.000000e+00 | node_Q=+0.000000e+00 | branch_ij=+0.000000e+00 | branch_ji=+0.000000e+00 | flex_P=-1.351497e-11 | flex_Q=-1.351497e-11
    [SLACK COMPONENT CHECK] classified_delta=-6.169021e-11 | objective_slack_delta=-6.171774e-11 | mismatch=+2.753353e-14
    [RECOURSE COMPONENT CHECK] classified_delta=-1.408117e+05 | block_delta=-1.408117e+05 | mismatch=+5.413312e-09
  TSO node=None year=2030 day=Spring | previous=5.778762e+07 | current=5.772700e+07 | delta=-6.061315e+04 | abs_delta=6.061315e+04
    [RECOURSE JUMP][TSO PROX] year=2030 day=Spring | V max=0.000107 | PF max=0.004227 | ESS max=0.000034
    [RECOURSE COMPONENTS] gen=-8.086096e+04 | flex=+2.024784e+04 | load_curt=+0.000000e+00 | res_curt=+0.000000e+00 | ess_usage=+0.000000e+00 | slacks=+1.719513e-12 | ess_comp=-3.026966e-02
    [SLACK COMPONENTS] voltage=+1.719513e-12 | node_P=+0.000000e+00 | node_Q=+0.000000e+00 | branch_ij=+0.000000e+00 | branch_ji=+0.000000e+00 | flex_P=+0.000000e+00 | flex_Q=+0.000000e+00
    [SLACK COMPONENT CHECK] classified_delta=+1.719513e-12 | objective_slack_delta=+1.719513e-12 | mismatch=+0.000000e+00
    [RECOURSE COMPONENT CHECK] classified_delta=-6.061315e+04 | block_delta=-6.061315e+04 | mismatch=+1.156877e-09
  TSO node=None year=2025 day=Spring | previous=7.705696e+07 | current=7.699885e+07 | delta=-5.811099e+04 | abs_delta=5.811099e+04
    [RECOURSE JUMP][TSO PROX] year=2025 day=Spring | V max=0.000092 | PF max=0.003693 | ESS max=0.000405
    [RECOURSE COMPONENTS] gen=-7.961741e+04 | flex=+2.150643e+04 | load_curt=+0.000000e+00 | res_curt=+0.000000e+00 | ess_usage=+0.000000e+00 | slacks=-1.667260e-09 | ess_comp=+5.478595e-05
    [SLACK COMPONENTS] voltage=-1.100105e-09 | node_P=+0.000000e+00 | node_Q=+0.000000e+00 | branch_ij=+0.000000e+00 | branch_ji=+0.000000e+00 | flex_P=-2.835647e-10 | flex_Q=-2.835647e-10
    [SLACK COMPONENT CHECK] classified_delta=-1.667234e-09 | objective_slack_delta=-1.667260e-09 | mismatch=+2.575717e-14
    [RECOURSE COMPONENT CHECK] classified_delta=-5.811099e+04 | block_delta=-5.811099e+04 | mismatch=-1.100852e-08
  TSO node=None year=2035 day=Autumn | previous=3.429779e+07 | current=3.424650e+07 | delta=-5.129444e+04 | abs_delta=5.129444e+04
    [RECOURSE JUMP][TSO PROX] year=2035 day=Autumn | V max=0.000124 | PF max=0.003518 | ESS max=0.000357
    [RECOURSE COMPONENTS] gen=-9.267035e+04 | flex=+4.281079e+04 | load_curt=+0.000000e+00 | res_curt=+0.000000e+00 | ess_usage=+0.000000e+00 | slacks=-2.948326e-09 | ess_comp=-1.434882e+03
    [SLACK COMPONENTS] voltage=-1.992859e-09 | node_P=+0.000000e+00 | node_Q=+0.000000e+00 | branch_ij=+0.000000e+00 | branch_ji=+0.000000e+00 | flex_P=-4.777325e-10 | flex_Q=-4.777325e-10
    [SLACK COMPONENT CHECK] classified_delta=-2.948324e-09 | objective_slack_delta=-2.948326e-09 | mismatch=+1.776357e-15
    [RECOURSE COMPONENT CHECK] classified_delta=-5.129444e+04 | block_delta=-5.129444e+04 | mismatch=+3.012246e-09
  TSO node=None year=2025 day=Summer | previous=9.258492e+07 | current=9.263532e+07 | delta=+5.040061e+04 | abs_delta=5.040061e+04
    [RECOURSE JUMP][TSO PROX] year=2025 day=Summer | V max=0.000129 | PF max=0.004617 | ESS max=0.000279
    [RECOURSE COMPONENTS] gen=+1.450860e+05 | flex=-9.468537e+04 | load_curt=+0.000000e+00 | res_curt=+0.000000e+00 | ess_usage=+0.000000e+00 | slacks=+7.062795e-12 | ess_comp=-1.839263e-04
    [SLACK COMPONENTS] voltage=+7.062795e-12 | node_P=+0.000000e+00 | node_Q=+0.000000e+00 | branch_ij=+0.000000e+00 | branch_ji=+0.000000e+00 | flex_P=+0.000000e+00 | flex_Q=+0.000000e+00
    [SLACK COMPONENT CHECK] classified_delta=+7.062795e-12 | objective_slack_delta=+7.062795e-12 | mismatch=+0.000000e+00
    [RECOURSE COMPONENT CHECK] classified_delta=+5.040061e+04 | block_delta=+5.040061e+04 | mismatch=-1.258741e-09
  DSO node=9 year=2025 day=Summer | previous=2.337606e+06 | current=2.298140e+06 | delta=-3.946542e+04 | abs_delta=3.946542e+04
    [RECOURSE COMPONENTS] gen=+0.000000e+00 | flex=-3.946364e+04 | load_curt=+0.000000e+00 | res_curt=-1.775806e+00 | ess_usage=+0.000000e+00 | slacks=+6.320340e-06 | ess_comp=-3.510409e-03
    [SLACK COMPONENTS] voltage=+3.510028e-07 | node_P=+0.000000e+00 | node_Q=+0.000000e+00 | branch_ij=+0.000000e+00 | branch_ji=+0.000000e+00 | flex_P=+5.969337e-06 | flex_Q=+0.000000e+00
    [SLACK COMPONENT CHECK] classified_delta=+6.320340e-06 | objective_slack_delta=+6.320340e-06 | mismatch=-1.350031e-13
    [RECOURSE COMPONENT CHECK] classified_delta=-3.946542e+04 | block_delta=-3.946542e+04 | mismatch=+1.891749e-10
  DSO node=7 year=2035 day=Spring | previous=6.355878e+06 | current=6.390071e+06 | delta=+3.419336e+04 | abs_delta=3.419336e+04
    [RECOURSE COMPONENTS] gen=+0.000000e+00 | flex=+3.419312e+04 | load_curt=+0.000000e+00 | res_curt=+2.425631e-01 | ess_usage=+0.000000e+00 | slacks=-1.660960e-05 | ess_comp=+1.201016e-05
    [SLACK COMPONENTS] voltage=-6.366417e-07 | node_P=+0.000000e+00 | node_Q=+0.000000e+00 | branch_ij=+0.000000e+00 | branch_ji=+0.000000e+00 | flex_P=-1.597296e-05 | flex_Q=+0.000000e+00
    [SLACK COMPONENT CHECK] classified_delta=-1.660960e-05 | objective_slack_delta=-1.660960e-05 | mismatch=-1.278977e-13
    [RECOURSE COMPONENT CHECK] classified_delta=+3.419336e+04 | block_delta=+3.419336e+04 | mismatch=-8.658390e-10
  DSO node=9 year=2035 day=Spring | previous=9.686756e+06 | current=9.716532e+06 | delta=+2.977580e+04 | abs_delta=2.977580e+04
    [RECOURSE COMPONENTS] gen=+0.000000e+00 | flex=+2.977631e+04 | load_curt=+0.000000e+00 | res_curt=-5.078696e-01 | ess_usage=+0.000000e+00 | slacks=-2.105707e-05 | ess_comp=+3.991204e-05
    [SLACK COMPONENTS] voltage=-3.999568e-07 | node_P=+0.000000e+00 | node_Q=+0.000000e+00 | branch_ij=+0.000000e+00 | branch_ji=+0.000000e+00 | flex_P=-2.065711e-05 | flex_Q=+0.000000e+00
    [SLACK COMPONENT CHECK] classified_delta=-2.105707e-05 | objective_slack_delta=-2.105707e-05 | mismatch=+9.592327e-14
    [RECOURSE COMPONENT CHECK] classified_delta=+2.977580e+04 | block_delta=+2.977580e+04 | mismatch=+1.160515e-09
  DSO node=7 year=2025 day=Summer | previous=1.482770e+06 | current=1.453223e+06 | delta=-2.954695e+04 | abs_delta=2.954695e+04
    [RECOURSE COMPONENTS] gen=+0.000000e+00 | flex=-2.954663e+04 | load_curt=+0.000000e+00 | res_curt=-3.170713e-01 | ess_usage=+0.000000e+00 | slacks=+4.067584e-07 | ess_comp=+1.049407e-03
    [SLACK COMPONENTS] voltage=+1.680567e-07 | node_P=+0.000000e+00 | node_Q=+0.000000e+00 | branch_ij=+0.000000e+00 | branch_ji=+0.000000e+00 | flex_P=+2.387018e-07 | flex_Q=+0.000000e+00
    [SLACK COMPONENT CHECK] classified_delta=+4.067584e-07 | objective_slack_delta=+4.067584e-07 | mismatch=+7.105427e-15
    [RECOURSE COMPONENT CHECK] classified_delta=-2.954695e+04 | block_delta=-2.954695e+04 | mismatch=+5.456968e-11
  DSO node=5 year=2025 day=Summer | previous=6.279750e+05 | current=6.061808e+05 | delta=-2.179415e+04 | abs_delta=2.179415e+04
    [RECOURSE COMPONENTS] gen=+0.000000e+00 | flex=-2.179392e+04 | load_curt=+0.000000e+00 | res_curt=-2.492588e-01 | ess_usage=+0.000000e+00 | slacks=+3.320667e-08 | ess_comp=+1.130474e-02
    [SLACK COMPONENTS] voltage=+1.612886e-07 | node_P=+0.000000e+00 | node_Q=+0.000000e+00 | branch_ij=+0.000000e+00 | branch_ji=+0.000000e+00 | flex_P=-1.280818e-07 | flex_Q=+0.000000e+00
    [SLACK COMPONENT CHECK] classified_delta=+3.320683e-08 | objective_slack_delta=+3.320667e-08 | mismatch=+1.563194e-13
    [RECOURSE COMPONENT CHECK] classified_delta=-2.179415e+04 | block_delta=-2.179415e+04 | mismatch=+9.822543e-11
[INFO]		 - Recourse stationarity failed. 233557.986435 > 82094.888362
[ADMM RHO] V | primal max ratio=0.003 | primal mean ratio=0.001 | primal selected=0.003 | dual mean ratio=0.010 | increase threshold=5.0 | decrease threshold=5.0 | action=held
[ADMM RHO] PF | primal max ratio=0.084 | primal mean ratio=0.020 | primal selected=0.084 | dual mean ratio=0.137 | increase threshold=5.0 | decrease threshold=3.0 | action=held
[ADMM RHO] ESS | primal max ratio=0.003 | primal mean ratio=0.003 | primal selected=0.003 | dual mean ratio=0.011 | increase threshold=5.0 | decrease threshold=5.0 | action=held
[INFO]		 - ADMM cycle 50 | Primal (V max/mean | PF max/mean | ESS max/mean) = 0.000032/0.000001 | 0.000843/0.000020 | 0.000338/0.000030 | Dual (V max/mean | PF max/mean | ESS max/mean) = 0.000469/0.000098 | 0.026182/0.001371 | 0.003463/0.000107 | Recourse change = 233557.986435 (tol. 82094.888362) | Stable cycles = 0/1 | Penalty actions (V/PF/ESS) = held/held/held
[INFO] 	 - Iteration 50: 31.20 s
[INFO] 	 - ADMM Iteration 51
[INFO] 		 - Updating distribution networks:
[INFO] 			 - Running SMOPF, Network case33_1, 2025, Spring...
[INFO] 			 - Running SMOPF, Network case33_1, 2025, Summer...
[INFO] 			 - Running SMOPF, Network case33_1, 2025, Autumn...
[INFO] 			 - Running SMOPF, Network case33_1, 2025, Winter...
[INFO] 			 - Running SMOPF, Network case33_1, 2030, Spring...
[INFO] 			 - Running SMOPF, Network case33_1, 2030, Summer...
[INFO] 			 - Running SMOPF, Network case33_1, 2030, Autumn...
[INFO] 			 - Running SMOPF, Network case33_1, 2030, Winter...
[INFO] 			 - Running SMOPF, Network case33_1, 2035, Spring...
[INFO] 			 - Running SMOPF, Network case33_1, 2035, Summer...
[INFO] 			 - Running SMOPF, Network case33_1, 2035, Autumn...
[INFO] 			 - Running SMOPF, Network case33_1, 2035, Winter...
[INFO] 			 - Running SMOPF, Network case33_2, 2025, Spring...
[WARNING] Network primary solve did not converge for case33_2, year=2025, day=Spring: status=warning, termination=maxIterations, message=Ipopt 3.14.18\x3a Maximum Number of Iterations Exceeded. | warm_start=True
[WARNING] ADMM penalties for case33_2, year=2025, day=Spring: rho_v=2.25, rho_pf=5.20246, rho_ess=1
[WARNING] IPOPT primary solve log for case33_2, year=2025, day=Spring: /Users/micaelsimoes/Projects/share-resource-planning-no_esso-degradation/data/SRP1/Results/P56A/evals/p515g1b_baseline/logs/optim_log_case33_2_2025_Spring.log
[INFO] Retrying network solve once for case33_2, year=2025, day=Spring, cold start, with warm_start_init_point=no.
[INFO] Network recovery solve succeeded for case33_2, year=2025, day=Spring.
[INFO] 			 - Running SMOPF, Network case33_2, 2025, Summer...
[INFO] 			 - Running SMOPF, Network case33_2, 2025, Autumn...
[INFO] 			 - Running SMOPF, Network case33_2, 2025, Winter...
[INFO] 			 - Running SMOPF, Network case33_2, 2030, Spring...
[INFO] 			 - Running SMOPF, Network case33_2, 2030, Summer...
[INFO] 			 - Running SMOPF, Network case33_2, 2030, Autumn...
[INFO] 			 - Running SMOPF, Network case33_2, 2030, Winter...
[INFO] 			 - Running SMOPF, Network case33_2, 2035, Spring...
[INFO] 			 - Running SMOPF, Network case33_2, 2035, Summer...
[INFO] 			 - Running SMOPF, Network case33_2, 2035, Autumn...
[INFO] 			 - Running SMOPF, Network case33_2, 2035, Winter...
[INFO] 			 - Running SMOPF, Network case33_3, 2025, Spring...
[INFO] 			 - Running SMOPF, Network case33_3, 2025, Summer...
[WARNING] Network primary solve did not converge for case33_3, year=2025, day=Summer: status=warning, termination=maxIterations, message=Ipopt 3.14.18\x3a Maximum Number of Iterations Exceeded. | warm_start=True
[WARNING] ADMM penalties for case33_3, year=2025, day=Summer: rho_v=2.25, rho_pf=5.20246, rho_ess=1
[WARNING] IPOPT primary solve log for case33_3, year=2025, day=Summer: /Users/micaelsimoes/Projects/share-resource-planning-no_esso-degradation/data/SRP1/Results/P56A/evals/p515g1b_baseline/logs/optim_log_case33_3_2025_Summer.log
[INFO] Retrying network solve once for case33_3, year=2025, day=Summer, cold start, with warm_start_init_point=no.
[INFO] Network recovery solve succeeded for case33_3, year=2025, day=Summer.
[INFO] 			 - Running SMOPF, Network case33_3, 2025, Autumn...
[INFO] 			 - Running SMOPF, Network case33_3, 2025, Winter...
[INFO] 			 - Running SMOPF, Network case33_3, 2030, Spring...
[INFO] 			 - Running SMOPF, Network case33_3, 2030, Summer...
[INFO] 			 - Running SMOPF, Network case33_3, 2030, Autumn...
[INFO] 			 - Running SMOPF, Network case33_3, 2030, Winter...
[INFO] 			 - Running SMOPF, Network case33_3, 2035, Spring...
[INFO] 			 - Running SMOPF, Network case33_3, 2035, Summer...
[INFO] 			 - Running SMOPF, Network case33_3, 2035, Autumn...
[INFO] 			 - Running SMOPF, Network case33_3, 2035, Winter...
[INFO] 		 - Updating transmission network...
[INFO] 			 - Running SMOPF, Network case9, 2025, Spring...
[INFO] 			 - Running SMOPF, Network case9, 2025, Summer...
[INFO] 			 - Running SMOPF, Network case9, 2025, Autumn...
[INFO] 			 - Running SMOPF, Network case9, 2025, Winter...
[INFO] 			 - Running SMOPF, Network case9, 2030, Spring...
[INFO] 			 - Running SMOPF, Network case9, 2030, Summer...
[INFO] 			 - Running SMOPF, Network case9, 2030, Autumn...
[INFO] 			 - Running SMOPF, Network case9, 2030, Winter...
[INFO] 			 - Running SMOPF, Network case9, 2035, Spring...
[INFO] 			 - Running SMOPF, Network case9, 2035, Summer...
[INFO] 			 - Running SMOPF, Network case9, 2035, Autumn...
[INFO] 			 - Running SMOPF, Network case9, 2035, Winter...
[TSO PROX] cycle=51 | updated_blocks=12 | held_failed_blocks=0 | V max=0.000209 | PF max=0.004998 | ESS max=0.000405
[TSO PROX][V MAX] node=5, year=2035, day=Summer, period=19 | dV=0.072246 kV | normalized=0.000209
[TSO PROX][PF MAX] node=7, year=2035, day=Spring, period=15, type=P | delta=0.499766 MW | normalized=0.004998
[TSO PROX][ESS MAX] node=5, year=2025, day=Spring, period=14, type=P | delta=0.000784 MW | normalized=0.000405
[INFO] 		 - Updating SharedESS...
[INFO] 		 - Running Shared ESS optimization (subproblem)...
[INFO] 			 - Node 5...
[INFO] Shared ESS complementarity diagnostics for ESS node=5: ratio_max=7.203955e-06 n_periods=288 mu_final=1.008530e-11 s_obj=1.000000e-01 eps=1.000000e-05 bound=2.904566e-03 measured=2.641018e-03
[INFO] 			 - Node 7...
[INFO] Shared ESS complementarity diagnostics for ESS node=7: ratio_max=8.183927e-06 n_periods=288 mu_final=9.668056e-12 s_obj=1.000000e-01 eps=1.000000e-05 bound=2.784400e-03 measured=2.646298e-03
[INFO] 			 - Node 9...
[INFO] Shared ESS complementarity diagnostics for ESS node=9: ratio_max=8.074005e-06 n_periods=288 mu_final=9.703385e-12 s_obj=1.000000e-01 eps=1.000000e-05 bound=2.794575e-03 measured=2.642463e-03
[INFO]		 - Primal residuals ok!
[INFO]		 - Dual residuals ok!
[RECOURSE JUMP] cycle=51 | abs_change=2.230964e+05 | tol=8.207153e+04 | signed_change=-2.230964e+05
[RECOURSE JUMP] Reconciliation | previous=8.207153e+08 | current=8.204922e+08 | block_delta=-2.230964e+05 | mismatch=+0.000000e+00
[RECOURSE JUMP] Aggregate signed changes:
  TSO | delta=-2.590183e+05
  DSO node=7 | delta=+3.006353e+04
  DSO node=5 | delta=+7.667798e+03
  DSO node=9 | delta=-1.809448e+03
  SALVAGE | delta=+0.000000e+00
[RECOURSE JUMP] Largest 10 block changes:
  TSO node=None year=2035 day=Spring | previous=5.972108e+07 | current=5.957443e+07 | delta=-1.466565e+05 | abs_delta=1.466565e+05
    [RECOURSE JUMP][TSO PROX] year=2035 day=Spring | V max=0.000127 | PF max=0.004998 | ESS max=0.000061
    [RECOURSE COMPONENTS] gen=-2.353607e+05 | flex=+8.870413e+04 | load_curt=+0.000000e+00 | res_curt=+0.000000e+00 | ess_usage=+0.000000e+00 | slacks=+5.341647e-10 | ess_comp=-8.753650e-04
    [SLACK COMPONENTS] voltage=+3.569127e-10 | node_P=+0.000000e+00 | node_Q=+0.000000e+00 | branch_ij=+0.000000e+00 | branch_ji=+0.000000e+00 | flex_P=+8.861401e-11 | flex_Q=+8.861401e-11
    [SLACK COMPONENT CHECK] classified_delta=+5.341407e-10 | objective_slack_delta=+5.341647e-10 | mismatch=-2.398082e-14
    [RECOURSE COMPONENT CHECK] classified_delta=-1.466565e+05 | block_delta=-1.466565e+05 | mismatch=-3.201421e-09
  TSO node=None year=2030 day=Spring | previous=5.772700e+07 | current=5.766522e+07 | delta=-6.178865e+04 | abs_delta=6.178865e+04
    [RECOURSE JUMP][TSO PROX] year=2030 day=Spring | V max=0.000105 | PF max=0.004217 | ESS max=0.000016
    [RECOURSE COMPONENTS] gen=-8.422759e+04 | flex=+2.243898e+04 | load_curt=+0.000000e+00 | res_curt=+0.000000e+00 | ess_usage=+0.000000e+00 | slacks=+1.049418e-08 | ess_comp=-4.659764e-02
    [SLACK COMPONENTS] voltage=+6.911996e-09 | node_P=+0.000000e+00 | node_Q=+0.000000e+00 | branch_ij=+0.000000e+00 | branch_ji=+0.000000e+00 | flex_P=+1.791086e-09 | flex_Q=+1.791086e-09
    [SLACK COMPONENT CHECK] classified_delta=+1.049417e-08 | objective_slack_delta=+1.049418e-08 | mismatch=-1.421085e-14
    [RECOURSE COMPONENT CHECK] classified_delta=-6.178865e+04 | block_delta=-6.178865e+04 | mismatch=-1.158332e-08
  TSO node=None year=2025 day=Summer | previous=9.263532e+07 | current=9.268736e+07 | delta=+5.204047e+04 | abs_delta=5.204047e+04
    [RECOURSE JUMP][TSO PROX] year=2025 day=Summer | V max=0.000129 | PF max=0.004479 | ESS max=0.000279
    [RECOURSE COMPONENTS] gen=+1.464898e+05 | flex=-9.444933e+04 | load_curt=+0.000000e+00 | res_curt=+0.000000e+00 | ess_usage=+0.000000e+00 | slacks=+7.169376e-12 | ess_comp=-1.756272e-04
    [SLACK COMPONENTS] voltage=+7.169376e-12 | node_P=+0.000000e+00 | node_Q=+0.000000e+00 | branch_ij=+0.000000e+00 | branch_ji=+0.000000e+00 | flex_P=-8.881784e-16 | flex_Q=-8.881784e-16
    [SLACK COMPONENT CHECK] classified_delta=+7.167600e-12 | objective_slack_delta=+7.169376e-12 | mismatch=-1.776357e-15
    [RECOURSE COMPONENT CHECK] classified_delta=+5.204047e+04 | block_delta=+5.204047e+04 | mismatch=-1.207809e-09
  TSO node=None year=2025 day=Spring | previous=7.699885e+07 | current=7.694793e+07 | delta=-5.091444e+04 | abs_delta=5.091444e+04
    [RECOURSE JUMP][TSO PROX] year=2025 day=Spring | V max=0.000093 | PF max=0.003687 | ESS max=0.000405
    [RECOURSE COMPONENTS] gen=-7.017385e+04 | flex=+1.925941e+04 | load_curt=+0.000000e+00 | res_curt=+0.000000e+00 | ess_usage=+0.000000e+00 | slacks=-1.473346e-09 | ess_comp=+5.413550e-05
    [SLACK COMPONENTS] voltage=-9.720438e-10 | node_P=+0.000000e+00 | node_Q=+0.000000e+00 | branch_ij=+0.000000e+00 | branch_ji=+0.000000e+00 | flex_P=-2.506462e-10 | flex_Q=-2.506462e-10
    [SLACK COMPONENT CHECK] classified_delta=-1.473336e-09 | objective_slack_delta=-1.473346e-09 | mismatch=+9.769963e-15
    [RECOURSE COMPONENT CHECK] classified_delta=-5.091444e+04 | block_delta=-5.091444e+04 | mismatch=-1.884473e-09
  TSO node=None year=2035 day=Autumn | previous=3.424650e+07 | current=3.419589e+07 | delta=-5.061132e+04 | abs_delta=5.061132e+04
    [RECOURSE JUMP][TSO PROX] year=2035 day=Autumn | V max=0.000124 | PF max=0.003506 | ESS max=0.000357
    [RECOURSE COMPONENTS] gen=-9.293988e+04 | flex=+4.304304e+04 | load_curt=+0.000000e+00 | res_curt=+0.000000e+00 | ess_usage=+0.000000e+00 | slacks=-7.820091e-10 | ess_comp=-7.144801e+02
    [SLACK COMPONENTS] voltage=-5.708500e-10 | node_P=+0.000000e+00 | node_Q=+0.000000e+00 | branch_ij=+0.000000e+00 | branch_ji=+0.000000e+00 | flex_P=-1.055818e-10 | flex_Q=-1.055818e-10
    [SLACK COMPONENT CHECK] classified_delta=-7.820136e-10 | objective_slack_delta=-7.820091e-10 | mismatch=-4.440892e-15
    [RECOURSE COMPONENT CHECK] classified_delta=-5.061132e+04 | block_delta=-5.061132e+04 | mismatch=-8.243660e-09
  DSO node=9 year=2025 day=Summer | previous=2.298140e+06 | current=2.257259e+06 | delta=-4.088103e+04 | abs_delta=4.088103e+04
    [RECOURSE COMPONENTS] gen=+0.000000e+00 | flex=-4.087929e+04 | load_curt=+0.000000e+00 | res_curt=-1.789241e+00 | ess_usage=+0.000000e+00 | slacks=+7.776831e-06 | ess_comp=+5.065174e-02
    [SLACK COMPONENTS] voltage=+7.574728e-07 | node_P=+0.000000e+00 | node_Q=+0.000000e+00 | branch_ij=+0.000000e+00 | branch_ji=+0.000000e+00 | flex_P=+7.019358e-06 | flex_Q=+0.000000e+00
    [SLACK COMPONENT CHECK] classified_delta=+7.776831e-06 | objective_slack_delta=+7.776831e-06 | mismatch=+1.740830e-13
    [RECOURSE COMPONENT CHECK] classified_delta=-4.088103e+04 | block_delta=-4.088103e+04 | mismatch=+1.382432e-10
  DSO node=7 year=2035 day=Spring | previous=6.390071e+06 | current=6.424308e+06 | delta=+3.423612e+04 | abs_delta=3.423612e+04
    [RECOURSE COMPONENTS] gen=+0.000000e+00 | flex=+3.423595e+04 | load_curt=+0.000000e+00 | res_curt=+1.635399e-01 | ess_usage=+0.000000e+00 | slacks=-4.693658e-06 | ess_comp=-7.508463e-05
    [SLACK COMPONENTS] voltage=-1.557432e-07 | node_P=+0.000000e+00 | node_Q=+0.000000e+00 | branch_ij=+0.000000e+00 | branch_ji=+0.000000e+00 | flex_P=-4.537915e-06 | flex_Q=+0.000000e+00
    [SLACK COMPONENT CHECK] classified_delta=-4.693658e-06 | objective_slack_delta=-4.693658e-06 | mismatch=-1.101341e-13
    [RECOURSE COMPONENT CHECK] classified_delta=+3.423612e+04 | block_delta=+3.423612e+04 | mismatch=+1.025910e-09
  DSO node=9 year=2035 day=Spring | previous=9.716532e+06 | current=9.746081e+06 | delta=+2.954906e+04 | abs_delta=2.954906e+04
    [RECOURSE COMPONENTS] gen=+0.000000e+00 | flex=+2.954970e+04 | load_curt=+0.000000e+00 | res_curt=-6.328423e-01 | ess_usage=+0.000000e+00 | slacks=-5.482224e-06 | ess_comp=-5.495207e-05
    [SLACK COMPONENTS] voltage=-5.001539e-08 | node_P=+0.000000e+00 | node_Q=+0.000000e+00 | branch_ij=+0.000000e+00 | branch_ji=+0.000000e+00 | flex_P=-5.432208e-06 | flex_Q=+0.000000e+00
    [SLACK COMPONENT CHECK] classified_delta=-5.482224e-06 | objective_slack_delta=-5.482224e-06 | mismatch=-5.329071e-14
    [RECOURSE COMPONENT CHECK] classified_delta=+2.954906e+04 | block_delta=+2.954906e+04 | mismatch=-1.331500e-09
  DSO node=7 year=2025 day=Summer | previous=1.453223e+06 | current=1.423828e+06 | delta=-2.939513e+04 | abs_delta=2.939513e+04
    [RECOURSE COMPONENTS] gen=+0.000000e+00 | flex=-2.939482e+04 | load_curt=+0.000000e+00 | res_curt=-3.078159e-01 | ess_usage=+0.000000e+00 | slacks=-3.351834e-07 | ess_comp=-3.542190e-03
    [SLACK COMPONENTS] voltage=+1.403770e-07 | node_P=+0.000000e+00 | node_Q=+0.000000e+00 | branch_ij=+0.000000e+00 | branch_ji=+0.000000e+00 | flex_P=-4.755605e-07 | flex_Q=+0.000000e+00
    [SLACK COMPONENT CHECK] classified_delta=-3.351836e-07 | objective_slack_delta=-3.351834e-07 | mismatch=-1.456613e-13
    [RECOURSE COMPONENT CHECK] classified_delta=-2.939513e+04 | block_delta=-2.939513e+04 | mismatch=+6.548362e-11
  TSO node=None year=2030 day=Winter | previous=4.062590e+07 | current=4.064889e+07 | delta=+2.298440e+04 | abs_delta=2.298440e+04
    [RECOURSE JUMP][TSO PROX] year=2030 day=Winter | V max=0.000119 | PF max=0.002314 | ESS max=0.000009
    [RECOURSE COMPONENTS] gen=+4.111226e+04 | flex=-1.812783e+04 | load_curt=+0.000000e+00 | res_curt=+0.000000e+00 | ess_usage=+0.000000e+00 | slacks=+3.822720e-12 | ess_comp=-2.207662e-02
    [SLACK COMPONENTS] voltage=+3.794298e-12 | node_P=+0.000000e+00 | node_Q=+0.000000e+00 | branch_ij=+0.000000e+00 | branch_ji=+0.000000e+00 | flex_P=+2.398082e-14 | flex_Q=+2.398082e-14
    [SLACK COMPONENT CHECK] classified_delta=+3.842260e-12 | objective_slack_delta=+3.822720e-12 | mismatch=+1.953993e-14
    [RECOURSE COMPONENT CHECK] classified_delta=+2.298440e+04 | block_delta=+2.298440e+04 | mismatch=+6.610207e-09
[INFO]		 - Recourse stationarity failed. 223096.446566 > 82071.532563
[ADMM RHO] V | primal max ratio=0.003 | primal mean ratio=0.001 | primal selected=0.003 | dual mean ratio=0.010 | increase threshold=5.0 | decrease threshold=5.0 | action=held
[ADMM RHO] PF | primal max ratio=0.075 | primal mean ratio=0.016 | primal selected=0.075 | dual mean ratio=0.134 | increase threshold=5.0 | decrease threshold=3.0 | action=held
[ADMM RHO] ESS | primal max ratio=0.004 | primal mean ratio=0.004 | primal selected=0.004 | dual mean ratio=0.010 | increase threshold=5.0 | decrease threshold=5.0 | action=held
[INFO]		 - ADMM cycle 51 | Primal (V max/mean | PF max/mean | ESS max/mean) = 0.000026/0.000001 | 0.000749/0.000016 | 0.000375/0.000038 | Dual (V max/mean | PF max/mean | ESS max/mean) = 0.000472/0.000098 | 0.026055/0.001341 | 0.003463/0.000103 | Recourse change = 223096.446566 (tol. 82071.532563) | Stable cycles = 0/1 | Penalty actions (V/PF/ESS) = held/held/held
[INFO] 	 - Iteration 51: 37.12 s
[INFO] 	 - ADMM Iteration 52
[INFO] 		 - Updating distribution networks:
[INFO] 			 - Running SMOPF, Network case33_1, 2025, Spring...
[INFO] 			 - Running SMOPF, Network case33_1, 2025, Summer...
[INFO] 			 - Running SMOPF, Network case33_1, 2025, Autumn...
[INFO] 			 - Running SMOPF, Network case33_1, 2025, Winter...
[INFO] 			 - Running SMOPF, Network case33_1, 2030, Spring...
[INFO] 			 - Running SMOPF, Network case33_1, 2030, Summer...
[INFO] 			 - Running SMOPF, Network case33_1, 2030, Autumn...
[INFO] 			 - Running SMOPF, Network case33_1, 2030, Winter...
[INFO] 			 - Running SMOPF, Network case33_1, 2035, Spring...
[INFO] 			 - Running SMOPF, Network case33_1, 2035, Summer...
[INFO] 			 - Running SMOPF, Network case33_1, 2035, Autumn...
[INFO] 			 - Running SMOPF, Network case33_1, 2035, Winter...
[INFO] 			 - Running SMOPF, Network case33_2, 2025, Spring...
[INFO] 			 - Running SMOPF, Network case33_2, 2025, Summer...
[INFO] 			 - Running SMOPF, Network case33_2, 2025, Autumn...
[INFO] 			 - Running SMOPF, Network case33_2, 2025, Winter...
[INFO] 			 - Running SMOPF, Network case33_2, 2030, Spring...
[INFO] 			 - Running SMOPF, Network case33_2, 2030, Summer...
[INFO] 			 - Running SMOPF, Network case33_2, 2030, Autumn...
[INFO] 			 - Running SMOPF, Network case33_2, 2030, Winter...
[INFO] 			 - Running SMOPF, Network case33_2, 2035, Spring...
[INFO] 			 - Running SMOPF, Network case33_2, 2035, Summer...
[INFO] 			 - Running SMOPF, Network case33_2, 2035, Autumn...
[INFO] 			 - Running SMOPF, Network case33_2, 2035, Winter...
[INFO] 			 - Running SMOPF, Network case33_3, 2025, Spring...
[INFO] 			 - Running SMOPF, Network case33_3, 2025, Summer...
[INFO] 			 - Running SMOPF, Network case33_3, 2025, Autumn...
[INFO] 			 - Running SMOPF, Network case33_3, 2025, Winter...
[INFO] 			 - Running SMOPF, Network case33_3, 2030, Spring...
[INFO] 			 - Running SMOPF, Network case33_3, 2030, Summer...
[INFO] 			 - Running SMOPF, Network case33_3, 2030, Autumn...
[INFO] 			 - Running SMOPF, Network case33_3, 2030, Winter...
[INFO] 			 - Running SMOPF, Network case33_3, 2035, Spring...
[INFO] 			 - Running SMOPF, Network case33_3, 2035, Summer...
[INFO] 			 - Running SMOPF, Network case33_3, 2035, Autumn...
[INFO] 			 - Running SMOPF, Network case33_3, 2035, Winter...
[INFO] 		 - Updating transmission network...
[INFO] 			 - Running SMOPF, Network case9, 2025, Spring...
[INFO] 			 - Running SMOPF, Network case9, 2025, Summer...
[INFO] 			 - Running SMOPF, Network case9, 2025, Autumn...
[INFO] 			 - Running SMOPF, Network case9, 2025, Winter...
[INFO] 			 - Running SMOPF, Network case9, 2030, Spring...
[INFO] 			 - Running SMOPF, Network case9, 2030, Summer...
[INFO] 			 - Running SMOPF, Network case9, 2030, Autumn...
[INFO] 			 - Running SMOPF, Network case9, 2030, Winter...
[INFO] 			 - Running SMOPF, Network case9, 2035, Spring...
[INFO] 			 - Running SMOPF, Network case9, 2035, Summer...
[INFO] 			 - Running SMOPF, Network case9, 2035, Autumn...
[INFO] 			 - Running SMOPF, Network case9, 2035, Winter...
[TSO PROX] cycle=52 | updated_blocks=12 | held_failed_blocks=0 | V max=0.000210 | PF max=0.005011 | ESS max=0.000405
[TSO PROX][V MAX] node=5, year=2035, day=Summer, period=19 | dV=0.072374 kV | normalized=0.000210
[TSO PROX][PF MAX] node=7, year=2035, day=Spring, period=15, type=P | delta=0.501059 MW | normalized=0.005011
[TSO PROX][ESS MAX] node=5, year=2025, day=Spring, period=14, type=P | delta=0.000784 MW | normalized=0.000405
[INFO] 		 - Updating SharedESS...
[INFO] 		 - Running Shared ESS optimization (subproblem)...
[INFO] 			 - Node 5...
[INFO] Shared ESS complementarity diagnostics for ESS node=5: ratio_max=7.156802e-06 n_periods=288 mu_final=1.006136e-11 s_obj=1.000000e-01 eps=1.000000e-05 bound=2.897671e-03 measured=2.637739e-03
[INFO] 			 - Node 7...
[INFO] Shared ESS complementarity diagnostics for ESS node=7: ratio_max=7.235423e-06 n_periods=288 mu_final=1.001121e-11 s_obj=1.000000e-01 eps=1.000000e-05 bound=2.883227e-03 measured=2.639731e-03
[INFO] 			 - Node 9...
[INFO] Shared ESS complementarity diagnostics for ESS node=9: ratio_max=6.973918e-06 n_periods=288 mu_final=9.669272e-12 s_obj=1.000000e-01 eps=1.000000e-05 bound=2.784750e-03 measured=2.637993e-03
[INFO]		 - Primal residuals ok!
[INFO]		 - Dual residuals ok!
[RECOURSE JUMP] cycle=52 | abs_change=2.149834e+05 | tol=8.204922e+04 | signed_change=-2.149834e+05
[RECOURSE JUMP] Reconciliation | previous=8.204922e+08 | current=8.202772e+08 | block_delta=-2.149834e+05 | mismatch=-1.192093e-07
[RECOURSE JUMP] Aggregate signed changes:
  TSO | delta=-2.523898e+05
  DSO node=7 | delta=+3.190392e+04
  DSO node=5 | delta=+7.460712e+03
  DSO node=9 | delta=-1.958253e+03
  SALVAGE | delta=-2.998001e-52
[RECOURSE JUMP] Largest 10 block changes:
  TSO node=None year=2035 day=Spring | previous=5.957443e+07 | current=5.943690e+07 | delta=-1.375295e+05 | abs_delta=1.375295e+05
    [RECOURSE JUMP][TSO PROX] year=2035 day=Spring | V max=0.000127 | PF max=0.005011 | ESS max=0.000039
    [RECOURSE COMPONENTS] gen=-2.227693e+05 | flex=+8.523973e+04 | load_curt=+0.000000e+00 | res_curt=+0.000000e+00 | ess_usage=+0.000000e+00 | slacks=+9.080523e-10 | ess_comp=-1.973474e-03
    [SLACK COMPONENTS] voltage=+6.027605e-10 | node_P=+0.000000e+00 | node_Q=+0.000000e+00 | branch_ij=+0.000000e+00 | branch_ji=+0.000000e+00 | flex_P=+1.526548e-10 | flex_Q=+1.526548e-10
    [SLACK COMPONENT CHECK] classified_delta=+9.080701e-10 | objective_slack_delta=+9.080523e-10 | mismatch=+1.776357e-14
    [RECOURSE COMPONENT CHECK] classified_delta=-1.375295e+05 | block_delta=-1.375295e+05 | mismatch=+3.114110e-09
  TSO node=None year=2030 day=Spring | previous=5.766522e+07 | current=5.760387e+07 | delta=-6.134663e+04 | abs_delta=6.134663e+04
    [RECOURSE JUMP][TSO PROX] year=2030 day=Spring | V max=0.000103 | PF max=0.004212 | ESS max=0.000016
    [RECOURSE COMPONENTS] gen=-8.398848e+04 | flex=+2.264191e+04 | load_curt=+0.000000e+00 | res_curt=+0.000000e+00 | ess_usage=+0.000000e+00 | slacks=+2.651554e-09 | ess_comp=-6.635209e-02
    [SLACK COMPONENTS] voltage=+1.746685e-09 | node_P=+0.000000e+00 | node_Q=+0.000000e+00 | branch_ij=+0.000000e+00 | branch_ji=+0.000000e+00 | flex_P=+4.524421e-10 | flex_Q=+4.524421e-10
    [SLACK COMPONENT CHECK] classified_delta=+2.651569e-09 | objective_slack_delta=+2.651554e-09 | mismatch=+1.509903e-14
    [RECOURSE COMPONENT CHECK] classified_delta=-6.134663e+04 | block_delta=-6.134663e+04 | mismatch=+1.626177e-08
  TSO node=None year=2025 day=Summer | previous=9.268736e+07 | current=9.274280e+07 | delta=+5.543739e+04 | abs_delta=5.543739e+04
    [RECOURSE JUMP][TSO PROX] year=2025 day=Summer | V max=0.000129 | PF max=0.004345 | ESS max=0.000279
    [RECOURSE COMPONENTS] gen=+1.514713e+05 | flex=-9.603394e+04 | load_curt=+0.000000e+00 | res_curt=+0.000000e+00 | ess_usage=+0.000000e+00 | slacks=+7.155165e-12 | ess_comp=-1.606729e-04
    [SLACK COMPONENTS] voltage=+7.155165e-12 | node_P=+0.000000e+00 | node_Q=+0.000000e+00 | branch_ij=+0.000000e+00 | branch_ji=+0.000000e+00 | flex_P=+0.000000e+00 | flex_Q=+0.000000e+00
    [SLACK COMPONENT CHECK] classified_delta=+7.155165e-12 | objective_slack_delta=+7.155165e-12 | mismatch=+0.000000e+00
    [RECOURSE COMPONENT CHECK] classified_delta=+5.543739e+04 | block_delta=+5.543739e+04 | mismatch=+1.673470e-09
  TSO node=None year=2025 day=Spring | previous=7.694793e+07 | current=7.689688e+07 | delta=-5.104965e+04 | abs_delta=5.104965e+04
    [RECOURSE JUMP][TSO PROX] year=2025 day=Spring | V max=0.000093 | PF max=0.003665 | ESS max=0.000405
    [RECOURSE COMPONENTS] gen=-7.106854e+04 | flex=+2.001889e+04 | load_curt=+0.000000e+00 | res_curt=+0.000000e+00 | ess_usage=+0.000000e+00 | slacks=-1.569482e-09 | ess_comp=+5.348570e-05
    [SLACK COMPONENTS] voltage=-1.035431e-09 | node_P=+0.000000e+00 | node_Q=+0.000000e+00 | branch_ij=+0.000000e+00 | branch_ji=+0.000000e+00 | flex_P=-2.670437e-10 | flex_Q=-2.670437e-10
    [SLACK COMPONENT CHECK] classified_delta=-1.569519e-09 | objective_slack_delta=-1.569482e-09 | mismatch=-3.641532e-14
    [RECOURSE COMPONENT CHECK] classified_delta=-5.104965e+04 | block_delta=-5.104965e+04 | mismatch=+1.503940e-08
  TSO node=None year=2035 day=Autumn | previous=3.419589e+07 | current=3.414579e+07 | delta=-5.009831e+04 | abs_delta=5.009831e+04
    [RECOURSE JUMP][TSO PROX] year=2035 day=Autumn | V max=0.000123 | PF max=0.003488 | ESS max=0.000326
    [RECOURSE COMPONENTS] gen=-9.256856e+04 | flex=+4.290777e+04 | load_curt=+0.000000e+00 | res_curt=+0.000000e+00 | ess_usage=+0.000000e+00 | slacks=+3.481240e-09 | ess_comp=-4.375245e+02
    [SLACK COMPONENTS] voltage=+2.228028e-09 | node_P=+0.000000e+00 | node_Q=+0.000000e+00 | branch_ij=+0.000000e+00 | branch_ji=+0.000000e+00 | flex_P=+6.265961e-10 | flex_Q=+6.265961e-10
    [SLACK COMPONENT CHECK] classified_delta=+3.481220e-09 | objective_slack_delta=+3.481240e-09 | mismatch=-2.042810e-14
    [RECOURSE COMPONENT CHECK] classified_delta=-5.009831e+04 | block_delta=-5.009831e+04 | mismatch=+7.094059e-09
  DSO node=9 year=2025 day=Summer | previous=2.257259e+06 | current=2.215009e+06 | delta=-4.225040e+04 | abs_delta=4.225040e+04
    [RECOURSE COMPONENTS] gen=+0.000000e+00 | flex=-4.224875e+04 | load_curt=+0.000000e+00 | res_curt=-1.601841e+00 | ess_usage=+0.000000e+00 | slacks=+4.790564e-06 | ess_comp=-4.511212e-02
    [SLACK COMPONENTS] voltage=+7.974403e-07 | node_P=+0.000000e+00 | node_Q=+0.000000e+00 | branch_ij=+0.000000e+00 | branch_ji=+0.000000e+00 | flex_P=+3.993124e-06 | flex_Q=+0.000000e+00
    [SLACK COMPONENT CHECK] classified_delta=+4.790564e-06 | objective_slack_delta=+4.790564e-06 | mismatch=-1.421085e-13
    [RECOURSE COMPONENT CHECK] classified_delta=-4.225040e+04 | block_delta=-4.225040e+04 | mismatch=+2.764864e-10
  DSO node=7 year=2035 day=Spring | previous=6.424308e+06 | current=6.458899e+06 | delta=+3.459184e+04 | abs_delta=3.459184e+04
    [RECOURSE COMPONENTS] gen=+0.000000e+00 | flex=+3.459173e+04 | load_curt=+0.000000e+00 | res_curt=+1.181904e-01 | ess_usage=+0.000000e+00 | slacks=+3.848353e-06 | ess_comp=-1.534639e-04
    [SLACK COMPONENTS] voltage=+1.949307e-07 | node_P=+0.000000e+00 | node_Q=+0.000000e+00 | branch_ij=+0.000000e+00 | branch_ji=+0.000000e+00 | flex_P=+3.653423e-06 | flex_Q=+0.000000e+00
    [SLACK COMPONENT CHECK] classified_delta=+3.848354e-06 | objective_slack_delta=+3.848353e-06 | mismatch=+1.882938e-13
    [RECOURSE COMPONENT CHECK] classified_delta=+3.459184e+04 | block_delta=+3.459184e+04 | mismatch=+8.003553e-11
  DSO node=9 year=2035 day=Spring | previous=9.746081e+06 | current=9.775471e+06 | delta=+2.939041e+04 | abs_delta=2.939041e+04
    [RECOURSE COMPONENTS] gen=+0.000000e+00 | flex=+2.939109e+04 | load_curt=+0.000000e+00 | res_curt=-6.822826e-01 | ess_usage=+0.000000e+00 | slacks=+3.951164e-06 | ess_comp=-1.422680e-04
    [SLACK COMPONENTS] voltage=+1.800219e-07 | node_P=+0.000000e+00 | node_Q=+0.000000e+00 | branch_ij=+0.000000e+00 | branch_ji=+0.000000e+00 | flex_P=+3.771142e-06 | flex_Q=+0.000000e+00
    [SLACK COMPONENT CHECK] classified_delta=+3.951164e-06 | objective_slack_delta=+3.951164e-06 | mismatch=+5.684342e-14
    [RECOURSE COMPONENT CHECK] classified_delta=+2.939041e+04 | block_delta=+2.939041e+04 | mismatch=+2.070010e-09
  DSO node=7 year=2025 day=Summer | previous=1.423828e+06 | current=1.394555e+06 | delta=-2.927277e+04 | abs_delta=2.927277e+04
    [RECOURSE COMPONENTS] gen=+0.000000e+00 | flex=-2.927247e+04 | load_curt=+0.000000e+00 | res_curt=-3.018249e-01 | ess_usage=+0.000000e+00 | slacks=-2.040229e-07 | ess_comp=-6.375583e-04
    [SLACK COMPONENTS] voltage=+1.469119e-07 | node_P=+0.000000e+00 | node_Q=+0.000000e+00 | branch_ij=+0.000000e+00 | branch_ji=+0.000000e+00 | flex_P=-3.509348e-07 | flex_Q=+0.000000e+00
    [SLACK COMPONENT CHECK] classified_delta=-2.040228e-07 | objective_slack_delta=-2.040229e-07 | mismatch=+6.750156e-14
    [RECOURSE COMPONENT CHECK] classified_delta=-2.927277e+04 | block_delta=-2.927277e+04 | mismatch=+3.637979e-11
  DSO node=5 year=2025 day=Summer | previous=5.846136e+05 | current=5.631664e+05 | delta=-2.144718e+04 | abs_delta=2.144718e+04
    [RECOURSE COMPONENTS] gen=+0.000000e+00 | flex=-2.144694e+04 | load_curt=+0.000000e+00 | res_curt=-2.438681e-01 | ess_usage=+0.000000e+00 | slacks=+4.765051e-07 | ess_comp=-3.712049e-03
    [SLACK COMPONENTS] voltage=+1.882837e-07 | node_P=+0.000000e+00 | node_Q=+0.000000e+00 | branch_ij=+0.000000e+00 | branch_ji=+0.000000e+00 | flex_P=+2.882212e-07 | flex_Q=+0.000000e+00
    [SLACK COMPONENT CHECK] classified_delta=+4.765049e-07 | objective_slack_delta=+4.765051e-07 | mismatch=-1.421085e-13
    [RECOURSE COMPONENT CHECK] classified_delta=-2.144718e+04 | block_delta=-2.144718e+04 | mismatch=+1.055014e-10
[INFO]		 - Recourse stationarity failed. 214983.419930 > 82049.222919
[ADMM RHO] V | primal max ratio=0.002 | primal mean ratio=0.001 | primal selected=0.002 | dual mean ratio=0.010 | increase threshold=5.0 | decrease threshold=5.0 | action=held
[ADMM RHO] PF | primal max ratio=0.077 | primal mean ratio=0.014 | primal selected=0.077 | dual mean ratio=0.132 | increase threshold=5.0 | decrease threshold=3.0 | action=held
[ADMM RHO] ESS | primal max ratio=0.006 | primal mean ratio=0.005 | primal selected=0.006 | dual mean ratio=0.010 | increase threshold=5.0 | decrease threshold=5.0 | action=held
[INFO]		 - ADMM cycle 52 | Primal (V max/mean | PF max/mean | ESS max/mean) = 0.000021/0.000001 | 0.000766/0.000014 | 0.000604/0.000051 | Dual (V max/mean | PF max/mean | ESS max/mean) = 0.000474/0.000098 | 0.026106/0.001320 | 0.003458/0.000098 | Recourse change = 214983.419930 (tol. 82049.222919) | Stable cycles = 0/1 | Penalty actions (V/PF/ESS) = held/held/held
[INFO] 	 - Iteration 52: 29.28 s
[INFO] 	 - ADMM Iteration 53
[INFO] 		 - Updating distribution networks:
[INFO] 			 - Running SMOPF, Network case33_1, 2025, Spring...
[INFO] 			 - Running SMOPF, Network case33_1, 2025, Summer...
[INFO] 			 - Running SMOPF, Network case33_1, 2025, Autumn...
[INFO] 			 - Running SMOPF, Network case33_1, 2025, Winter...
[INFO] 			 - Running SMOPF, Network case33_1, 2030, Spring...
[INFO] 			 - Running SMOPF, Network case33_1, 2030, Summer...
[INFO] 			 - Running SMOPF, Network case33_1, 2030, Autumn...
[INFO] 			 - Running SMOPF, Network case33_1, 2030, Winter...
[INFO] 			 - Running SMOPF, Network case33_1, 2035, Spring...
[INFO] 			 - Running SMOPF, Network case33_1, 2035, Summer...
[INFO] 			 - Running SMOPF, Network case33_1, 2035, Autumn...
[INFO] 			 - Running SMOPF, Network case33_1, 2035, Winter...
[INFO] 			 - Running SMOPF, Network case33_2, 2025, Spring...
[INFO] 			 - Running SMOPF, Network case33_2, 2025, Summer...
[INFO] 			 - Running SMOPF, Network case33_2, 2025, Autumn...
[WARNING] Network primary solve did not converge for case33_2, year=2025, day=Autumn: status=warning, termination=maxIterations, message=Ipopt 3.14.18\x3a Maximum Number of Iterations Exceeded. | warm_start=True
[WARNING] ADMM penalties for case33_2, year=2025, day=Autumn: rho_v=2.25, rho_pf=5.20246, rho_ess=1
[WARNING] IPOPT primary solve log for case33_2, year=2025, day=Autumn: /Users/micaelsimoes/Projects/share-resource-planning-no_esso-degradation/data/SRP1/Results/P56A/evals/p515g1b_baseline/logs/optim_log_case33_2_2025_Autumn.log
[INFO] Retrying network solve once for case33_2, year=2025, day=Autumn, cold start, with warm_start_init_point=no.
[INFO] Network recovery solve succeeded for case33_2, year=2025, day=Autumn.
[INFO] 			 - Running SMOPF, Network case33_2, 2025, Winter...
[INFO] 			 - Running SMOPF, Network case33_2, 2030, Spring...
[INFO] 			 - Running SMOPF, Network case33_2, 2030, Summer...
[INFO] 			 - Running SMOPF, Network case33_2, 2030, Autumn...
[INFO] 			 - Running SMOPF, Network case33_2, 2030, Winter...
[INFO] 			 - Running SMOPF, Network case33_2, 2035, Spring...
[INFO] 			 - Running SMOPF, Network case33_2, 2035, Summer...
[INFO] 			 - Running SMOPF, Network case33_2, 2035, Autumn...
[INFO] 			 - Running SMOPF, Network case33_2, 2035, Winter...
[INFO] 			 - Running SMOPF, Network case33_3, 2025, Spring...
[INFO] 			 - Running SMOPF, Network case33_3, 2025, Summer...
[INFO] 			 - Running SMOPF, Network case33_3, 2025, Autumn...
[INFO] 			 - Running SMOPF, Network case33_3, 2025, Winter...
[INFO] 			 - Running SMOPF, Network case33_3, 2030, Spring...
[INFO] 			 - Running SMOPF, Network case33_3, 2030, Summer...
[INFO] 			 - Running SMOPF, Network case33_3, 2030, Autumn...
[INFO] 			 - Running SMOPF, Network case33_3, 2030, Winter...
[INFO] 			 - Running SMOPF, Network case33_3, 2035, Spring...
[INFO] 			 - Running SMOPF, Network case33_3, 2035, Summer...
[INFO] 			 - Running SMOPF, Network case33_3, 2035, Autumn...
[INFO] 			 - Running SMOPF, Network case33_3, 2035, Winter...
[INFO] 		 - Updating transmission network...
[INFO] 			 - Running SMOPF, Network case9, 2025, Spring...
[INFO] 			 - Running SMOPF, Network case9, 2025, Summer...
[INFO] 			 - Running SMOPF, Network case9, 2025, Autumn...
[INFO] 			 - Running SMOPF, Network case9, 2025, Winter...
[INFO] 			 - Running SMOPF, Network case9, 2030, Spring...
[INFO] 			 - Running SMOPF, Network case9, 2030, Summer...
[INFO] 			 - Running SMOPF, Network case9, 2030, Autumn...
[INFO] 			 - Running SMOPF, Network case9, 2030, Winter...
[INFO] 			 - Running SMOPF, Network case9, 2035, Spring...
[INFO] 			 - Running SMOPF, Network case9, 2035, Summer...
[INFO] 			 - Running SMOPF, Network case9, 2035, Autumn...
[INFO] 			 - Running SMOPF, Network case9, 2035, Winter...
[TSO PROX] cycle=53 | updated_blocks=12 | held_failed_blocks=0 | V max=0.000200 | PF max=0.005038 | ESS max=0.000405
[TSO PROX][V MAX] node=5, year=2035, day=Summer, period=19 | dV=0.069036 kV | normalized=0.000200
[TSO PROX][PF MAX] node=7, year=2035, day=Spring, period=15, type=P | delta=0.503755 MW | normalized=0.005038
[TSO PROX][ESS MAX] node=5, year=2025, day=Spring, period=14, type=P | delta=0.000784 MW | normalized=0.000405
[INFO] 		 - Updating SharedESS...
[INFO] 		 - Running Shared ESS optimization (subproblem)...
[INFO] 			 - Node 5...
[INFO] Shared ESS complementarity diagnostics for ESS node=5: ratio_max=7.154305e-06 n_periods=288 mu_final=1.005933e-11 s_obj=1.000000e-01 eps=1.000000e-05 bound=2.897087e-03 measured=2.639909e-03
[INFO] 			 - Node 7...
[INFO] Shared ESS complementarity diagnostics for ESS node=7: ratio_max=7.235684e-06 n_periods=288 mu_final=9.998809e-12 s_obj=1.000000e-01 eps=1.000000e-05 bound=2.879657e-03 measured=2.640999e-03
[INFO] 			 - Node 9...
[INFO] Shared ESS complementarity diagnostics for ESS node=9: ratio_max=5.840966e-06 n_periods=288 mu_final=1.612156e-11 s_obj=1.000000e-01 eps=1.000000e-05 bound=4.643008e-03 measured=2.626040e-03
[INFO]		 - Primal residuals ok!
[INFO]		 - Dual residuals ok!
[RECOURSE JUMP] cycle=53 | abs_change=1.902824e+05 | tol=8.202772e+04 | signed_change=-1.902824e+05
[RECOURSE JUMP] Reconciliation | previous=8.202772e+08 | current=8.200870e+08 | block_delta=-1.902824e+05 | mismatch=-1.192093e-07
[RECOURSE JUMP] Aggregate signed changes:
  TSO | delta=-2.352694e+05
  DSO node=7 | delta=+3.442042e+04
  DSO node=5 | delta=+8.002782e+03
  DSO node=9 | delta=+2.563788e+03
  SALVAGE | delta=-8.549415e-35
[RECOURSE JUMP] Largest 10 block changes:
  TSO node=None year=2035 day=Spring | previous=5.943690e+07 | current=5.932959e+07 | delta=-1.073119e+05 | abs_delta=1.073119e+05
    [RECOURSE JUMP][TSO PROX] year=2035 day=Spring | V max=0.000128 | PF max=0.005038 | ESS max=0.000020
    [RECOURSE COMPONENTS] gen=-1.802677e+05 | flex=+7.295583e+04 | load_curt=+0.000000e+00 | res_curt=+0.000000e+00 | ess_usage=+0.000000e+00 | slacks=+7.464962e-10 | ess_comp=-2.975956e-03
    [SLACK COMPONENTS] voltage=+4.966338e-10 | node_P=+0.000000e+00 | node_Q=+0.000000e+00 | branch_ij=+0.000000e+00 | branch_ji=+0.000000e+00 | flex_P=+1.249227e-10 | flex_Q=+1.249227e-10
    [SLACK COMPONENT CHECK] classified_delta=+7.464793e-10 | objective_slack_delta=+7.464962e-10 | mismatch=-1.687539e-14
    [RECOURSE COMPONENT CHECK] classified_delta=-1.073119e+05 | block_delta=-1.073119e+05 | mismatch=+7.508788e-09
  TSO node=None year=2030 day=Spring | previous=5.760387e+07 | current=5.754371e+07 | delta=-6.016052e+04 | abs_delta=6.016052e+04
    [RECOURSE JUMP][TSO PROX] year=2030 day=Spring | V max=0.000101 | PF max=0.004205 | ESS max=0.000016
    [RECOURSE COMPONENTS] gen=-8.200043e+04 | flex=+2.183992e+04 | load_curt=+0.000000e+00 | res_curt=+0.000000e+00 | ess_usage=+0.000000e+00 | slacks=+6.023335e-09 | ess_comp=-2.131258e-02
    [SLACK COMPONENTS] voltage=+3.967045e-09 | node_P=+0.000000e+00 | node_Q=+0.000000e+00 | branch_ij=+0.000000e+00 | branch_ji=+0.000000e+00 | flex_P=+1.028145e-09 | flex_Q=+1.028145e-09
    [SLACK COMPONENT CHECK] classified_delta=+6.023335e-09 | objective_slack_delta=+6.023335e-09 | mismatch=+0.000000e+00
    [RECOURSE COMPONENT CHECK] classified_delta=-6.016052e+04 | block_delta=-6.016052e+04 | mismatch=-2.197339e-09
  TSO node=None year=2025 day=Summer | previous=9.274280e+07 | current=9.279935e+07 | delta=+5.655459e+04 | abs_delta=5.655459e+04
    [RECOURSE JUMP][TSO PROX] year=2025 day=Summer | V max=0.000129 | PF max=0.004233 | ESS max=0.000279
    [RECOURSE COMPONENTS] gen=+1.529426e+05 | flex=-9.638805e+04 | load_curt=+0.000000e+00 | res_curt=+0.000000e+00 | ess_usage=+0.000000e+00 | slacks=+7.204903e-12 | ess_comp=-1.619419e-04
    [SLACK COMPONENTS] voltage=+7.212009e-12 | node_P=+0.000000e+00 | node_Q=+0.000000e+00 | branch_ij=+0.000000e+00 | branch_ji=+0.000000e+00 | flex_P=+0.000000e+00 | flex_Q=+0.000000e+00
    [SLACK COMPONENT CHECK] classified_delta=+7.212009e-12 | objective_slack_delta=+7.204903e-12 | mismatch=+7.105427e-15
    [RECOURSE COMPONENT CHECK] classified_delta=+5.655459e+04 | block_delta=+5.655459e+04 | mismatch=+5.813490e-09
  TSO node=None year=2025 day=Spring | previous=7.689688e+07 | current=7.684157e+07 | delta=-5.530907e+04 | abs_delta=5.530907e+04
    [RECOURSE JUMP][TSO PROX] year=2025 day=Spring | V max=0.000094 | PF max=0.003646 | ESS max=0.000405
    [RECOURSE COMPONENTS] gen=-7.780496e+04 | flex=+2.249589e+04 | load_curt=+0.000000e+00 | res_curt=+0.000000e+00 | ess_usage=+0.000000e+00 | slacks=-4.976286e-10 | ess_comp=+6.813106e-05
    [SLACK COMPONENTS] voltage=-3.278231e-10 | node_P=+0.000000e+00 | node_Q=+0.000000e+00 | branch_ij=+0.000000e+00 | branch_ji=+0.000000e+00 | flex_P=-8.488454e-11 | flex_Q=-8.488454e-11
    [SLACK COMPONENT CHECK] classified_delta=-4.975922e-10 | objective_slack_delta=-4.976286e-10 | mismatch=+3.641532e-14
    [RECOURSE COMPONENT CHECK] classified_delta=-5.530907e+04 | block_delta=-5.530907e+04 | mismatch=+4.321919e-09
  TSO node=None year=2035 day=Autumn | previous=3.414579e+07 | current=3.409661e+07 | delta=-4.917951e+04 | abs_delta=4.917951e+04
    [RECOURSE JUMP][TSO PROX] year=2035 day=Autumn | V max=0.000123 | PF max=0.003470 | ESS max=0.000028
    [RECOURSE COMPONENTS] gen=-9.167283e+04 | flex=+4.251157e+04 | load_curt=+0.000000e+00 | res_curt=+0.000000e+00 | ess_usage=+0.000000e+00 | slacks=-8.215949e-09 | ess_comp=-1.825920e+01
    [SLACK COMPONENTS] voltage=-5.453117e-09 | node_P=+0.000000e+00 | node_Q=+0.000000e+00 | branch_ij=+0.000000e+00 | branch_ji=+0.000000e+00 | flex_P=-1.381408e-09 | flex_Q=-1.381408e-09
    [SLACK COMPONENT CHECK] classified_delta=-8.215934e-09 | objective_slack_delta=-8.215949e-09 | mismatch=+1.509903e-14
    [RECOURSE COMPONENT CHECK] classified_delta=-4.917951e+04 | block_delta=-4.917951e+04 | mismatch=-3.128662e-10
  DSO node=9 year=2025 day=Summer | previous=2.215009e+06 | current=2.172732e+06 | delta=-4.227681e+04 | abs_delta=4.227681e+04
    [RECOURSE COMPONENTS] gen=+0.000000e+00 | flex=-4.227535e+04 | load_curt=+0.000000e+00 | res_curt=-1.459360e+00 | ess_usage=+0.000000e+00 | slacks=+1.020560e-06 | ess_comp=+3.512542e-03
    [SLACK COMPONENTS] voltage=+5.697750e-07 | node_P=+0.000000e+00 | node_Q=+0.000000e+00 | branch_ij=+0.000000e+00 | branch_ji=+0.000000e+00 | flex_P=+4.507846e-07 | flex_Q=+0.000000e+00
    [SLACK COMPONENT CHECK] classified_delta=+1.020560e-06 | objective_slack_delta=+1.020560e-06 | mismatch=-9.237056e-14
    [RECOURSE COMPONENT CHECK] classified_delta=-4.227681e+04 | block_delta=-4.227681e+04 | mismatch=-1.455192e-11
  DSO node=7 year=2035 day=Spring | previous=6.458899e+06 | current=6.493863e+06 | delta=+3.496324e+04 | abs_delta=3.496324e+04
    [RECOURSE COMPONENTS] gen=+0.000000e+00 | flex=+3.496313e+04 | load_curt=+0.000000e+00 | res_curt=+1.104295e-01 | ess_usage=+0.000000e+00 | slacks=+6.875348e-06 | ess_comp=-2.180639e-04
    [SLACK COMPONENTS] voltage=+3.221178e-07 | node_P=+0.000000e+00 | node_Q=+0.000000e+00 | branch_ij=+0.000000e+00 | branch_ji=+0.000000e+00 | flex_P=+6.553230e-06 | flex_Q=+0.000000e+00
    [SLACK COMPONENT CHECK] classified_delta=+6.875348e-06 | objective_slack_delta=+6.875348e-06 | mismatch=-1.705303e-13
    [RECOURSE COMPONENT CHECK] classified_delta=+3.496324e+04 | block_delta=+3.496324e+04 | mismatch=-6.548362e-10
  DSO node=7 year=2025 day=Summer | previous=1.394555e+06 | current=1.365346e+06 | delta=-2.920897e+04 | abs_delta=2.920897e+04
    [RECOURSE COMPONENTS] gen=+0.000000e+00 | flex=-2.920868e+04 | load_curt=+0.000000e+00 | res_curt=-2.983053e-01 | ess_usage=+0.000000e+00 | slacks=+1.631424e-07 | ess_comp=-4.165367e-04
    [SLACK COMPONENTS] voltage=+1.623902e-07 | node_P=+0.000000e+00 | node_Q=+0.000000e+00 | branch_ij=+0.000000e+00 | branch_ji=+0.000000e+00 | flex_P=+7.521770e-10 | flex_Q=+0.000000e+00
    [SLACK COMPONENT CHECK] classified_delta=+1.631423e-07 | objective_slack_delta=+1.631424e-07 | mismatch=-3.197442e-14
    [RECOURSE COMPONENT CHECK] classified_delta=-2.920897e+04 | block_delta=-2.920897e+04 | mismatch=+6.548362e-11
  TSO node=None year=2035 day=Summer | previous=6.653090e+07 | current=6.650232e+07 | delta=-2.858236e+04 | abs_delta=2.858236e+04
    [RECOURSE JUMP][TSO PROX] year=2035 day=Summer | V max=0.000200 | PF max=0.002638 | ESS max=0.000013
    [RECOURSE COMPONENTS] gen=-3.788681e+04 | flex=+9.304441e+03 | load_curt=+0.000000e+00 | res_curt=+0.000000e+00 | ess_usage=+0.000000e+00 | slacks=+3.673506e-12 | ess_comp=+6.944822e-03
    [SLACK COMPONENTS] voltage=+3.673506e-12 | node_P=+0.000000e+00 | node_Q=+0.000000e+00 | branch_ij=+0.000000e+00 | branch_ji=+0.000000e+00 | flex_P=+0.000000e+00 | flex_Q=+0.000000e+00
    [SLACK COMPONENT CHECK] classified_delta=+3.673506e-12 | objective_slack_delta=+3.673506e-12 | mismatch=+0.000000e+00
    [RECOURSE COMPONENT CHECK] classified_delta=-2.858236e+04 | block_delta=-2.858236e+04 | mismatch=+5.613401e-09
  DSO node=9 year=2035 day=Spring | previous=9.775471e+06 | current=9.800730e+06 | delta=+2.525870e+04 | abs_delta=2.525870e+04
    [RECOURSE COMPONENTS] gen=+0.000000e+00 | flex=+2.526003e+04 | load_curt=+0.000000e+00 | res_curt=-1.328955e+00 | ess_usage=+0.000000e+00 | slacks=-1.711943e-05 | ess_comp=-2.147848e-04
    [SLACK COMPONENTS] voltage=-1.872638e-07 | node_P=+0.000000e+00 | node_Q=+0.000000e+00 | branch_ij=+0.000000e+00 | branch_ji=+0.000000e+00 | flex_P=-1.693217e-05 | flex_Q=+0.000000e+00
    [SLACK COMPONENT CHECK] classified_delta=-1.711943e-05 | objective_slack_delta=-1.711943e-05 | mismatch=+1.421085e-14
    [RECOURSE COMPONENT CHECK] classified_delta=+2.525870e+04 | block_delta=+2.525870e+04 | mismatch=-9.240466e-10
[INFO]		 - Recourse stationarity failed. 190282.424309 > 82027.724577
[ADMM RHO] V | primal max ratio=0.002 | primal mean ratio=0.001 | primal selected=0.002 | dual mean ratio=0.010 | increase threshold=5.0 | decrease threshold=5.0 | action=held
[ADMM RHO] PF | primal max ratio=0.078 | primal mean ratio=0.014 | primal selected=0.078 | dual mean ratio=0.129 | increase threshold=5.0 | decrease threshold=3.0 | action=held
[ADMM RHO] ESS | primal max ratio=0.009 | primal mean ratio=0.006 | primal selected=0.009 | dual mean ratio=0.009 | increase threshold=5.0 | decrease threshold=5.0 | action=held
[INFO]		 - ADMM cycle 53 | Primal (V max/mean | PF max/mean | ESS max/mean) = 0.000018/0.000001 | 0.000782/0.000014 | 0.000908/0.000064 | Dual (V max/mean | PF max/mean | ESS max/mean) = 0.000473/0.000098 | 0.026222/0.001287 | 0.003385/0.000091 | Recourse change = 190282.424309 (tol. 82027.724577) | Stable cycles = 0/1 | Penalty actions (V/PF/ESS) = held/held/held
[INFO] 	 - Iteration 53: 38.21 s
[INFO] 	 - ADMM Iteration 54
[INFO] 		 - Updating distribution networks:
[INFO] 			 - Running SMOPF, Network case33_1, 2025, Spring...
[INFO] 			 - Running SMOPF, Network case33_1, 2025, Summer...
[INFO] 			 - Running SMOPF, Network case33_1, 2025, Autumn...
[INFO] 			 - Running SMOPF, Network case33_1, 2025, Winter...
[INFO] 			 - Running SMOPF, Network case33_1, 2030, Spring...
[INFO] 			 - Running SMOPF, Network case33_1, 2030, Summer...
[INFO] 			 - Running SMOPF, Network case33_1, 2030, Autumn...
[INFO] 			 - Running SMOPF, Network case33_1, 2030, Winter...
[INFO] 			 - Running SMOPF, Network case33_1, 2035, Spring...
[INFO] 			 - Running SMOPF, Network case33_1, 2035, Summer...
[INFO] 			 - Running SMOPF, Network case33_1, 2035, Autumn...
[INFO] 			 - Running SMOPF, Network case33_1, 2035, Winter...
[INFO] 			 - Running SMOPF, Network case33_2, 2025, Spring...
[INFO] 			 - Running SMOPF, Network case33_2, 2025, Summer...
[INFO] 			 - Running SMOPF, Network case33_2, 2025, Autumn...
[INFO] 			 - Running SMOPF, Network case33_2, 2025, Winter...
[INFO] 			 - Running SMOPF, Network case33_2, 2030, Spring...
[INFO] 			 - Running SMOPF, Network case33_2, 2030, Summer...
[INFO] 			 - Running SMOPF, Network case33_2, 2030, Autumn...
[INFO] 			 - Running SMOPF, Network case33_2, 2030, Winter...
[INFO] 			 - Running SMOPF, Network case33_2, 2035, Spring...
[INFO] 			 - Running SMOPF, Network case33_2, 2035, Summer...
[INFO] 			 - Running SMOPF, Network case33_2, 2035, Autumn...
[INFO] 			 - Running SMOPF, Network case33_2, 2035, Winter...
[INFO] 			 - Running SMOPF, Network case33_3, 2025, Spring...
[INFO] 			 - Running SMOPF, Network case33_3, 2025, Summer...
[INFO] 			 - Running SMOPF, Network case33_3, 2025, Autumn...
[INFO] 			 - Running SMOPF, Network case33_3, 2025, Winter...
[INFO] 			 - Running SMOPF, Network case33_3, 2030, Spring...
[INFO] 			 - Running SMOPF, Network case33_3, 2030, Summer...
[INFO] 			 - Running SMOPF, Network case33_3, 2030, Autumn...
[INFO] 			 - Running SMOPF, Network case33_3, 2030, Winter...
[INFO] 			 - Running SMOPF, Network case33_3, 2035, Spring...
[INFO] 			 - Running SMOPF, Network case33_3, 2035, Summer...
[INFO] 			 - Running SMOPF, Network case33_3, 2035, Autumn...
[INFO] 			 - Running SMOPF, Network case33_3, 2035, Winter...
[INFO] 		 - Updating transmission network...
[INFO] 			 - Running SMOPF, Network case9, 2025, Spring...
[INFO] 			 - Running SMOPF, Network case9, 2025, Summer...
[INFO] 			 - Running SMOPF, Network case9, 2025, Autumn...
[INFO] 			 - Running SMOPF, Network case9, 2025, Winter...
[INFO] 			 - Running SMOPF, Network case9, 2030, Spring...
[INFO] 			 - Running SMOPF, Network case9, 2030, Summer...
[INFO] 			 - Running SMOPF, Network case9, 2030, Autumn...
[INFO] 			 - Running SMOPF, Network case9, 2030, Winter...
[INFO] 			 - Running SMOPF, Network case9, 2035, Spring...
[INFO] 			 - Running SMOPF, Network case9, 2035, Summer...
[INFO] 			 - Running SMOPF, Network case9, 2035, Autumn...
[INFO] 			 - Running SMOPF, Network case9, 2035, Winter...
[TSO PROX] cycle=54 | updated_blocks=12 | held_failed_blocks=0 | V max=0.000193 | PF max=0.005042 | ESS max=0.000405
[TSO PROX][V MAX] node=5, year=2035, day=Summer, period=19 | dV=0.066726 kV | normalized=0.000193
[TSO PROX][PF MAX] node=7, year=2035, day=Spring, period=15, type=P | delta=0.504162 MW | normalized=0.005042
[TSO PROX][ESS MAX] node=5, year=2025, day=Spring, period=14, type=P | delta=0.000784 MW | normalized=0.000405
[INFO] 		 - Updating SharedESS...
[INFO] 		 - Running Shared ESS optimization (subproblem)...
[INFO] 			 - Node 5...
[INFO] Shared ESS complementarity diagnostics for ESS node=5: ratio_max=7.715836e-06 n_periods=288 mu_final=9.816576e-12 s_obj=1.000000e-01 eps=1.000000e-05 bound=2.827174e-03 measured=2.647319e-03
[INFO] 			 - Node 7...
[INFO] Shared ESS complementarity diagnostics for ESS node=7: ratio_max=7.236533e-06 n_periods=288 mu_final=9.961402e-12 s_obj=1.000000e-01 eps=1.000000e-05 bound=2.868884e-03 measured=2.642681e-03
[INFO] 			 - Node 9...
[INFO] Shared ESS complementarity diagnostics for ESS node=9: ratio_max=7.809425e-06 n_periods=288 mu_final=1.004270e-11 s_obj=1.000000e-01 eps=1.000000e-05 bound=2.892297e-03 measured=2.644379e-03
[INFO]		 - Primal residuals ok!
[INFO]		 - Dual residuals ok!
[RECOURSE JUMP] cycle=54 | abs_change=1.880377e+05 | tol=8.200870e+04 | signed_change=-1.880377e+05
[RECOURSE JUMP] Reconciliation | previous=8.200870e+08 | current=8.198989e+08 | block_delta=-1.880377e+05 | mismatch=-1.192093e-07
[RECOURSE JUMP] Aggregate signed changes:
  TSO | delta=-2.285698e+05
  DSO node=7 | delta=+3.427777e+04
  DSO node=5 | delta=+5.297219e+03
  DSO node=9 | delta=+9.570981e+02
  SALVAGE | delta=+8.549415e-35
[RECOURSE JUMP] Largest 10 block changes:
  TSO node=None year=2035 day=Spring | previous=5.932959e+07 | current=5.923021e+07 | delta=-9.937130e+04 | abs_delta=9.937130e+04
    [RECOURSE JUMP][TSO PROX] year=2035 day=Spring | V max=0.000128 | PF max=0.005042 | ESS max=0.000018
    [RECOURSE COMPONENTS] gen=-1.689032e+05 | flex=+6.953188e+04 | load_curt=+0.000000e+00 | res_curt=+0.000000e+00 | ess_usage=+0.000000e+00 | slacks=+1.900773e-10 | ess_comp=-4.043159e-03
    [SLACK COMPONENTS] voltage=+1.309388e-10 | node_P=+0.000000e+00 | node_Q=+0.000000e+00 | branch_ij=+0.000000e+00 | branch_ji=+0.000000e+00 | flex_P=+2.957501e-11 | flex_Q=+2.957501e-11
    [SLACK COMPONENT CHECK] classified_delta=+1.900888e-10 | objective_slack_delta=+1.900773e-10 | mismatch=+1.154632e-14
    [RECOURSE COMPONENT CHECK] classified_delta=-9.937130e+04 | block_delta=-9.937130e+04 | mismatch=-7.828930e-09
  TSO node=None year=2030 day=Spring | previous=5.754371e+07 | current=5.748587e+07 | delta=-5.783455e+04 | abs_delta=5.783455e+04
    [RECOURSE JUMP][TSO PROX] year=2030 day=Spring | V max=0.000099 | PF max=0.004196 | ESS max=0.000016
    [RECOURSE COMPONENTS] gen=-7.796639e+04 | flex=+2.013185e+04 | load_curt=+0.000000e+00 | res_curt=+0.000000e+00 | ess_usage=+0.000000e+00 | slacks=+8.502774e-09 | ess_comp=-8.467423e-03
    [SLACK COMPONENTS] voltage=+5.599574e-09 | node_P=+0.000000e+00 | node_Q=+0.000000e+00 | branch_ij=+0.000000e+00 | branch_ji=+0.000000e+00 | flex_P=+1.451605e-09 | flex_Q=+1.451605e-09
    [SLACK COMPONENT CHECK] classified_delta=+8.502783e-09 | objective_slack_delta=+8.502774e-09 | mismatch=+9.769963e-15
    [RECOURSE COMPONENT CHECK] classified_delta=-5.783455e+04 | block_delta=-5.783455e+04 | mismatch=+1.044828e-08
  TSO node=None year=2025 day=Spring | previous=7.684157e+07 | current=7.678423e+07 | delta=-5.734489e+04 | abs_delta=5.734489e+04
    [RECOURSE JUMP][TSO PROX] year=2025 day=Spring | V max=0.000094 | PF max=0.003633 | ESS max=0.000405
    [RECOURSE COMPONENTS] gen=-8.096002e+04 | flex=+2.361513e+04 | load_curt=+0.000000e+00 | res_curt=+0.000000e+00 | ess_usage=+0.000000e+00 | slacks=-1.782013e-09 | ess_comp=+5.877359e-05
    [SLACK COMPONENTS] voltage=-1.175529e-09 | node_P=+0.000000e+00 | node_Q=+0.000000e+00 | branch_ij=+0.000000e+00 | branch_ji=+0.000000e+00 | flex_P=-3.032561e-10 | flex_Q=-3.032561e-10
    [SLACK COMPONENT CHECK] classified_delta=-1.782041e-09 | objective_slack_delta=-1.782013e-09 | mismatch=-2.842171e-14
    [RECOURSE COMPONENT CHECK] classified_delta=-5.734489e+04 | block_delta=-5.734489e+04 | mismatch=-1.141598e-08
  TSO node=None year=2025 day=Summer | previous=9.279935e+07 | current=9.285505e+07 | delta=+5.570294e+04 | abs_delta=5.570294e+04
    [RECOURSE JUMP][TSO PROX] year=2025 day=Summer | V max=0.000130 | PF max=0.004178 | ESS max=0.000279
    [RECOURSE COMPONENTS] gen=+1.513149e+05 | flex=-9.561195e+04 | load_curt=+0.000000e+00 | res_curt=+0.000000e+00 | ess_usage=+0.000000e+00 | slacks=+7.290168e-12 | ess_comp=-1.581039e-04
    [SLACK COMPONENTS] voltage=+7.283063e-12 | node_P=+0.000000e+00 | node_Q=+0.000000e+00 | branch_ij=+0.000000e+00 | branch_ji=+0.000000e+00 | flex_P=-8.881784e-16 | flex_Q=-8.881784e-16
    [SLACK COMPONENT CHECK] classified_delta=+7.281287e-12 | objective_slack_delta=+7.290168e-12 | mismatch=-8.881784e-15
    [RECOURSE COMPONENT CHECK] classified_delta=+5.570294e+04 | block_delta=+5.570294e+04 | mismatch=-6.257324e-09
  TSO node=None year=2035 day=Autumn | previous=3.409661e+07 | current=3.404976e+07 | delta=-4.685323e+04 | abs_delta=4.685323e+04
    [RECOURSE JUMP][TSO PROX] year=2035 day=Autumn | V max=0.000123 | PF max=0.003274 | ESS max=0.000016
    [RECOURSE COMPONENTS] gen=-8.724433e+04 | flex=+4.039140e+04 | load_curt=+0.000000e+00 | res_curt=+0.000000e+00 | ess_usage=+0.000000e+00 | slacks=-1.442018e-07 | ess_comp=-2.969795e-01
    [SLACK COMPONENTS] voltage=-9.473670e-08 | node_P=+0.000000e+00 | node_Q=+0.000000e+00 | branch_ij=+0.000000e+00 | branch_ji=+0.000000e+00 | flex_P=-2.473255e-08 | flex_Q=-2.473255e-08
    [SLACK COMPONENT CHECK] classified_delta=-1.442018e-07 | objective_slack_delta=-1.442018e-07 | mismatch=+1.065814e-14
    [RECOURSE COMPONENT CHECK] classified_delta=-4.685323e+04 | block_delta=-4.685323e+04 | mismatch=+7.188646e-09
  DSO node=9 year=2025 day=Summer | previous=2.172732e+06 | current=2.130931e+06 | delta=-4.180108e+04 | abs_delta=4.180108e+04
    [RECOURSE COMPONENTS] gen=+0.000000e+00 | flex=-4.179960e+04 | load_curt=+0.000000e+00 | res_curt=-1.482503e+00 | ess_usage=+0.000000e+00 | slacks=-5.812943e-07 | ess_comp=+4.331960e-03
    [SLACK COMPONENTS] voltage=+4.139060e-07 | node_P=+0.000000e+00 | node_Q=+0.000000e+00 | branch_ij=+0.000000e+00 | branch_ji=+0.000000e+00 | flex_P=-9.952001e-07 | flex_Q=+0.000000e+00
    [SLACK COMPONENT CHECK] classified_delta=-5.812941e-07 | objective_slack_delta=-5.812943e-07 | mismatch=+1.740830e-13
    [RECOURSE COMPONENT CHECK] classified_delta=-4.180108e+04 | block_delta=-4.180108e+04 | mismatch=-7.275958e-11
  DSO node=7 year=2035 day=Spring | previous=6.493863e+06 | current=6.528492e+06 | delta=+3.462972e+04 | abs_delta=3.462972e+04
    [RECOURSE COMPONENTS] gen=+0.000000e+00 | flex=+3.462957e+04 | load_curt=+0.000000e+00 | res_curt=+1.495684e-01 | ess_usage=+0.000000e+00 | slacks=+1.998169e-06 | ess_comp=-2.685354e-04
    [SLACK COMPONENTS] voltage=+1.274779e-07 | node_P=+0.000000e+00 | node_Q=+0.000000e+00 | branch_ij=+0.000000e+00 | branch_ji=+0.000000e+00 | flex_P=+1.870691e-06 | flex_Q=+0.000000e+00
    [SLACK COMPONENT CHECK] classified_delta=+1.998169e-06 | objective_slack_delta=+1.998169e-06 | mismatch=+1.278977e-13
    [RECOURSE COMPONENT CHECK] classified_delta=+3.462972e+04 | block_delta=+3.462972e+04 | mismatch=-5.456968e-10
  DSO node=7 year=2025 day=Summer | previous=1.365346e+06 | current=1.336167e+06 | delta=-2.917896e+04 | abs_delta=2.917896e+04
    [RECOURSE COMPONENTS] gen=+0.000000e+00 | flex=-2.917867e+04 | load_curt=+0.000000e+00 | res_curt=-2.944345e-01 | ess_usage=+0.000000e+00 | slacks=+3.830448e-07 | ess_comp=-2.530019e-03
    [SLACK COMPONENTS] voltage=+1.738197e-07 | node_P=+0.000000e+00 | node_Q=+0.000000e+00 | branch_ij=+0.000000e+00 | branch_ji=+0.000000e+00 | flex_P=+2.092252e-07 | flex_Q=+0.000000e+00
    [SLACK COMPONENT CHECK] classified_delta=+3.830449e-07 | objective_slack_delta=+3.830448e-07 | mismatch=+8.526513e-14
    [RECOURSE COMPONENT CHECK] classified_delta=-2.917896e+04 | block_delta=-2.917896e+04 | mismatch=-1.091394e-11
  TSO node=None year=2035 day=Summer | previous=6.650232e+07 | current=6.647650e+07 | delta=-2.582192e+04 | abs_delta=2.582192e+04
    [RECOURSE JUMP][TSO PROX] year=2035 day=Summer | V max=0.000193 | PF max=0.002634 | ESS max=0.000012
    [RECOURSE COMPONENTS] gen=-3.436878e+04 | flex=+8.546848e+03 | load_curt=+0.000000e+00 | res_curt=+0.000000e+00 | ess_usage=+0.000000e+00 | slacks=+3.694822e-12 | ess_comp=+1.204346e-02
    [SLACK COMPONENTS] voltage=+3.694822e-12 | node_P=+0.000000e+00 | node_Q=+0.000000e+00 | branch_ij=+0.000000e+00 | branch_ji=+0.000000e+00 | flex_P=-8.881784e-16 | flex_Q=-8.881784e-16
    [SLACK COMPONENT CHECK] classified_delta=+3.693046e-12 | objective_slack_delta=+3.694822e-12 | mismatch=-1.776357e-15
    [RECOURSE COMPONENT CHECK] classified_delta=-2.582192e+04 | block_delta=-2.582192e+04 | mismatch=+5.155016e-09
  DSO node=9 year=2035 day=Spring | previous=9.800730e+06 | current=9.826417e+06 | delta=+2.568711e+04 | abs_delta=2.568711e+04
    [RECOURSE COMPONENTS] gen=+0.000000e+00 | flex=+2.568728e+04 | load_curt=+0.000000e+00 | res_curt=-1.711271e-01 | ess_usage=+0.000000e+00 | slacks=-8.668472e-06 | ess_comp=-2.703836e-04
    [SLACK COMPONENTS] voltage=-1.047532e-07 | node_P=+0.000000e+00 | node_Q=+0.000000e+00 | branch_ij=+0.000000e+00 | branch_ji=+0.000000e+00 | flex_P=-8.563719e-06 | flex_Q=+0.000000e+00
    [SLACK COMPONENT CHECK] classified_delta=-8.668472e-06 | objective_slack_delta=-8.668472e-06 | mismatch=-2.486900e-14
    [RECOURSE COMPONENT CHECK] classified_delta=+2.568711e+04 | block_delta=+2.568711e+04 | mismatch=-1.171429e-09
[INFO]		 - Recourse stationarity failed. 188037.689553 > 82008.696334
[ADMM RHO] V | primal max ratio=0.002 | primal mean ratio=0.001 | primal selected=0.002 | dual mean ratio=0.010 | increase threshold=5.0 | decrease threshold=5.0 | action=held
[ADMM RHO] PF | primal max ratio=0.080 | primal mean ratio=0.014 | primal selected=0.080 | dual mean ratio=0.127 | increase threshold=5.0 | decrease threshold=3.0 | action=held
[ADMM RHO] ESS | primal max ratio=0.012 | primal mean ratio=0.008 | primal selected=0.012 | dual mean ratio=0.008 | increase threshold=5.0 | decrease threshold=5.0 | action=held
[INFO]		 - ADMM cycle 54 | Primal (V max/mean | PF max/mean | ESS max/mean) = 0.000016/0.000001 | 0.000796/0.000014 | 0.001186/0.000075 | Dual (V max/mean | PF max/mean | ESS max/mean) = 0.000435/0.000098 | 0.026229/0.001269 | 0.003247/0.000084 | Recourse change = 188037.689553 (tol. 82008.696334) | Stable cycles = 0/1 | Penalty actions (V/PF/ESS) = held/held/held
[INFO] 	 - Iteration 54: 30.67 s
[INFO] 	 - ADMM Iteration 55
[INFO] 		 - Updating distribution networks:
[INFO] 			 - Running SMOPF, Network case33_1, 2025, Spring...
[INFO] 			 - Running SMOPF, Network case33_1, 2025, Summer...
[INFO] 			 - Running SMOPF, Network case33_1, 2025, Autumn...
[INFO] 			 - Running SMOPF, Network case33_1, 2025, Winter...
[INFO] 			 - Running SMOPF, Network case33_1, 2030, Spring...
[INFO] 			 - Running SMOPF, Network case33_1, 2030, Summer...
[INFO] 			 - Running SMOPF, Network case33_1, 2030, Autumn...
[INFO] 			 - Running SMOPF, Network case33_1, 2030, Winter...
[INFO] 			 - Running SMOPF, Network case33_1, 2035, Spring...
[INFO] 			 - Running SMOPF, Network case33_1, 2035, Summer...
[INFO] 			 - Running SMOPF, Network case33_1, 2035, Autumn...
[INFO] 			 - Running SMOPF, Network case33_1, 2035, Winter...
[INFO] 			 - Running SMOPF, Network case33_2, 2025, Spring...
[INFO] 			 - Running SMOPF, Network case33_2, 2025, Summer...
[INFO] 			 - Running SMOPF, Network case33_2, 2025, Autumn...
[INFO] 			 - Running SMOPF, Network case33_2, 2025, Winter...
[INFO] 			 - Running SMOPF, Network case33_2, 2030, Spring...
[INFO] 			 - Running SMOPF, Network case33_2, 2030, Summer...
[INFO] 			 - Running SMOPF, Network case33_2, 2030, Autumn...
[INFO] 			 - Running SMOPF, Network case33_2, 2030, Winter...
[INFO] 			 - Running SMOPF, Network case33_2, 2035, Spring...
[INFO] 			 - Running SMOPF, Network case33_2, 2035, Summer...
[INFO] 			 - Running SMOPF, Network case33_2, 2035, Autumn...
[INFO] 			 - Running SMOPF, Network case33_2, 2035, Winter...
[INFO] 			 - Running SMOPF, Network case33_3, 2025, Spring...
[INFO] 			 - Running SMOPF, Network case33_3, 2025, Summer...
[INFO] 			 - Running SMOPF, Network case33_3, 2025, Autumn...
[INFO] 			 - Running SMOPF, Network case33_3, 2025, Winter...
[INFO] 			 - Running SMOPF, Network case33_3, 2030, Spring...
[INFO] 			 - Running SMOPF, Network case33_3, 2030, Summer...
[INFO] 			 - Running SMOPF, Network case33_3, 2030, Autumn...
[INFO] 			 - Running SMOPF, Network case33_3, 2030, Winter...
[INFO] 			 - Running SMOPF, Network case33_3, 2035, Spring...
[INFO] 			 - Running SMOPF, Network case33_3, 2035, Summer...
[INFO] 			 - Running SMOPF, Network case33_3, 2035, Autumn...
[INFO] 			 - Running SMOPF, Network case33_3, 2035, Winter...
[INFO] 		 - Updating transmission network...
[INFO] 			 - Running SMOPF, Network case9, 2025, Spring...
[INFO] 			 - Running SMOPF, Network case9, 2025, Summer...
[INFO] 			 - Running SMOPF, Network case9, 2025, Autumn...
[INFO] 			 - Running SMOPF, Network case9, 2025, Winter...
[INFO] 			 - Running SMOPF, Network case9, 2030, Spring...
[INFO] 			 - Running SMOPF, Network case9, 2030, Summer...
[INFO] 			 - Running SMOPF, Network case9, 2030, Autumn...
[INFO] 			 - Running SMOPF, Network case9, 2030, Winter...
[INFO] 			 - Running SMOPF, Network case9, 2035, Spring...
[INFO] 			 - Running SMOPF, Network case9, 2035, Summer...
[INFO] 			 - Running SMOPF, Network case9, 2035, Autumn...
[INFO] 			 - Running SMOPF, Network case9, 2035, Winter...
[TSO PROX] cycle=55 | updated_blocks=12 | held_failed_blocks=0 | V max=0.000191 | PF max=0.005029 | ESS max=0.000405
[TSO PROX][V MAX] node=5, year=2035, day=Summer, period=19 | dV=0.065836 kV | normalized=0.000191
[TSO PROX][PF MAX] node=7, year=2035, day=Spring, period=15, type=P | delta=0.502857 MW | normalized=0.005029
[TSO PROX][ESS MAX] node=5, year=2025, day=Spring, period=14, type=P | delta=0.000784 MW | normalized=0.000405
[INFO] 		 - Updating SharedESS...
[INFO] 		 - Running Shared ESS optimization (subproblem)...
[INFO] 			 - Node 5...
[INFO] Shared ESS complementarity diagnostics for ESS node=5: ratio_max=7.158390e-06 n_periods=288 mu_final=9.922691e-12 s_obj=1.000000e-01 eps=1.000000e-05 bound=2.857735e-03 measured=2.643980e-03
[INFO] 			 - Node 7...
[INFO] Shared ESS complementarity diagnostics for ESS node=7: ratio_max=7.238523e-06 n_periods=288 mu_final=1.009620e-11 s_obj=1.000000e-01 eps=1.000000e-05 bound=2.907706e-03 measured=2.642907e-03
[INFO] 			 - Node 9...
[INFO] Shared ESS complementarity diagnostics for ESS node=9: ratio_max=7.009080e-06 n_periods=288 mu_final=1.002945e-11 s_obj=1.000000e-01 eps=1.000000e-05 bound=2.888481e-03 measured=2.642308e-03
[INFO]		 - Primal residuals ok!
[INFO]		 - Dual residuals ok!
[RECOURSE JUMP] cycle=55 | abs_change=1.816396e+05 | tol=8.198989e+04 | signed_change=-1.816396e+05
[RECOURSE JUMP] Reconciliation | previous=8.198989e+08 | current=8.197173e+08 | block_delta=-1.816396e+05 | mismatch=+5.960464e-07
[RECOURSE JUMP] Aggregate signed changes:
  TSO | delta=-2.254720e+05
  DSO node=7 | delta=+3.736240e+04
  DSO node=5 | delta=+5.130380e+03
  DSO node=9 | delta=+1.339613e+03
  SALVAGE | delta=+2.398401e-51
[RECOURSE JUMP] Largest 10 block changes:
  TSO node=None year=2035 day=Spring | previous=5.923021e+07 | current=5.912703e+07 | delta=-1.031856e+05 | abs_delta=1.031856e+05
    [RECOURSE JUMP][TSO PROX] year=2035 day=Spring | V max=0.000129 | PF max=0.005029 | ESS max=0.000017
    [RECOURSE COMPONENTS] gen=-1.740085e+05 | flex=+7.082289e+04 | load_curt=+0.000000e+00 | res_curt=+0.000000e+00 | ess_usage=+0.000000e+00 | slacks=-1.174357e-09 | ess_comp=-5.510988e-03
    [SLACK COMPONENTS] voltage=-7.660361e-10 | node_P=+0.000000e+00 | node_Q=+0.000000e+00 | branch_ij=+0.000000e+00 | branch_ji=+0.000000e+00 | flex_P=-2.041713e-10 | flex_Q=-2.041713e-10
    [SLACK COMPONENT CHECK] classified_delta=-1.174379e-09 | objective_slack_delta=-1.174357e-09 | mismatch=-2.220446e-14
    [RECOURSE COMPONENT CHECK] classified_delta=-1.031856e+05 | block_delta=-1.031856e+05 | mismatch=-6.664777e-09
  TSO node=None year=2030 day=Spring | previous=5.748587e+07 | current=5.742598e+07 | delta=-5.989386e+04 | abs_delta=5.989386e+04
    [RECOURSE JUMP][TSO PROX] year=2030 day=Spring | V max=0.000098 | PF max=0.004182 | ESS max=0.000017
    [RECOURSE COMPONENTS] gen=-8.113688e+04 | flex=+2.124303e+04 | load_curt=+0.000000e+00 | res_curt=+0.000000e+00 | ess_usage=+0.000000e+00 | slacks=+6.675158e-09 | ess_comp=-8.115596e-03
    [SLACK COMPONENTS] voltage=+4.395694e-09 | node_P=+0.000000e+00 | node_Q=+0.000000e+00 | branch_ij=+0.000000e+00 | branch_ji=+0.000000e+00 | flex_P=+1.139724e-09 | flex_Q=+1.139724e-09
    [SLACK COMPONENT CHECK] classified_delta=+6.675142e-09 | objective_slack_delta=+6.675158e-09 | mismatch=-1.598721e-14
    [RECOURSE COMPONENT CHECK] classified_delta=-5.989386e+04 | block_delta=-5.989386e+04 | mismatch=-1.436274e-08
  TSO node=None year=2025 day=Spring | previous=7.678423e+07 | current=7.672739e+07 | delta=-5.683368e+04 | abs_delta=5.683368e+04
    [RECOURSE JUMP][TSO PROX] year=2025 day=Spring | V max=0.000095 | PF max=0.003622 | ESS max=0.000405
    [RECOURSE COMPONENTS] gen=-8.021013e+04 | flex=+2.337645e+04 | load_curt=+0.000000e+00 | res_curt=+0.000000e+00 | ess_usage=+0.000000e+00 | slacks=-6.301377e-10 | ess_comp=+7.572228e-05
    [SLACK COMPONENTS] voltage=-4.151914e-10 | node_P=+0.000000e+00 | node_Q=+0.000000e+00 | branch_ij=+0.000000e+00 | branch_ji=+0.000000e+00 | flex_P=-1.074674e-10 | flex_Q=-1.074674e-10
    [SLACK COMPONENT CHECK] classified_delta=-6.301262e-10 | objective_slack_delta=-6.301377e-10 | mismatch=+1.154632e-14
    [RECOURSE COMPONENT CHECK] classified_delta=-5.683368e+04 | block_delta=-5.683368e+04 | mismatch=-9.778887e-09
  TSO node=None year=2025 day=Summer | previous=9.285505e+07 | current=9.290959e+07 | delta=+5.453922e+04 | abs_delta=5.453922e+04
    [RECOURSE JUMP][TSO PROX] year=2025 day=Summer | V max=0.000131 | PF max=0.004166 | ESS max=0.000279
    [RECOURSE COMPONENTS] gen=+1.492179e+05 | flex=-9.467869e+04 | load_curt=+0.000000e+00 | res_curt=+0.000000e+00 | ess_usage=+0.000000e+00 | slacks=+7.304379e-12 | ess_comp=-1.492523e-04
    [SLACK COMPONENTS] voltage=+7.311485e-12 | node_P=+0.000000e+00 | node_Q=+0.000000e+00 | branch_ij=+0.000000e+00 | branch_ji=+0.000000e+00 | flex_P=-4.440892e-16 | flex_Q=-4.440892e-16
    [SLACK COMPONENT CHECK] classified_delta=+7.310597e-12 | objective_slack_delta=+7.304379e-12 | mismatch=+6.217249e-15
    [RECOURSE COMPONENT CHECK] classified_delta=+5.453922e+04 | block_delta=+5.453922e+04 | mismatch=-4.220055e-10
  TSO node=None year=2035 day=Autumn | previous=3.404976e+07 | current=3.400418e+07 | delta=-4.557953e+04 | abs_delta=4.557953e+04
    [RECOURSE JUMP][TSO PROX] year=2035 day=Autumn | V max=0.000123 | PF max=0.003259 | ESS max=0.000017
    [RECOURSE COMPONENTS] gen=-8.467347e+04 | flex=+3.909407e+04 | load_curt=+0.000000e+00 | res_curt=+0.000000e+00 | ess_usage=+0.000000e+00 | slacks=-2.501877e-08 | ess_comp=-1.265372e-01
    [SLACK COMPONENTS] voltage=-1.647935e-08 | node_P=+0.000000e+00 | node_Q=+0.000000e+00 | branch_ij=+0.000000e+00 | branch_ji=+0.000000e+00 | flex_P=-4.269721e-09 | flex_Q=-4.269721e-09
    [SLACK COMPONENT CHECK] classified_delta=-2.501879e-08 | objective_slack_delta=-2.501877e-08 | mismatch=-1.776357e-14
    [RECOURSE COMPONENT CHECK] classified_delta=-4.557953e+04 | block_delta=-4.557953e+04 | mismatch=-1.035369e-08
  DSO node=9 year=2025 day=Summer | previous=2.130931e+06 | current=2.089538e+06 | delta=-4.139320e+04 | abs_delta=4.139320e+04
    [RECOURSE COMPONENTS] gen=+0.000000e+00 | flex=-4.139164e+04 | load_curt=+0.000000e+00 | res_curt=-1.571909e+00 | ess_usage=+0.000000e+00 | slacks=-2.851984e-07 | ess_comp=+4.856873e-03
    [SLACK COMPONENTS] voltage=+4.131694e-07 | node_P=+0.000000e+00 | node_Q=+0.000000e+00 | branch_ij=+0.000000e+00 | branch_ji=+0.000000e+00 | flex_P=-6.983678e-07 | flex_Q=+0.000000e+00
    [SLACK COMPONENT CHECK] classified_delta=-2.851984e-07 | objective_slack_delta=-2.851984e-07 | mismatch=-7.105427e-15
    [RECOURSE COMPONENT CHECK] classified_delta=-4.139320e+04 | block_delta=-4.139320e+04 | mismatch=-1.600711e-10
  DSO node=7 year=2035 day=Spring | previous=6.528492e+06 | current=6.562927e+06 | delta=+3.443411e+04 | abs_delta=3.443411e+04
    [RECOURSE COMPONENTS] gen=+0.000000e+00 | flex=+3.443394e+04 | load_curt=+0.000000e+00 | res_curt=+1.640702e-01 | ess_usage=+0.000000e+00 | slacks=-1.667009e-06 | ess_comp=-3.108557e-04
    [SLACK COMPONENTS] voltage=-1.971591e-08 | node_P=+0.000000e+00 | node_Q=+0.000000e+00 | branch_ij=+0.000000e+00 | branch_ji=+0.000000e+00 | flex_P=-1.647293e-06 | flex_Q=+0.000000e+00
    [SLACK COMPONENT CHECK] classified_delta=-1.667009e-06 | objective_slack_delta=-1.667009e-06 | mismatch=+2.131628e-14
    [RECOURSE COMPONENT CHECK] classified_delta=+3.443411e+04 | block_delta=+3.443411e+04 | mismatch=+4.583853e-10
  DSO node=7 year=2025 day=Summer | previous=1.336167e+06 | current=1.307058e+06 | delta=-2.910946e+04 | abs_delta=2.910946e+04
    [RECOURSE COMPONENTS] gen=+0.000000e+00 | flex=-2.910917e+04 | load_curt=+0.000000e+00 | res_curt=-2.869132e-01 | ess_usage=+0.000000e+00 | slacks=+3.420955e-07 | ess_comp=+8.636004e-04
    [SLACK COMPONENTS] voltage=+1.749376e-07 | node_P=+0.000000e+00 | node_Q=+0.000000e+00 | branch_ij=+0.000000e+00 | branch_ji=+0.000000e+00 | flex_P=+1.671580e-07 | flex_Q=+0.000000e+00
    [SLACK COMPONENT CHECK] classified_delta=+3.420956e-07 | objective_slack_delta=+3.420955e-07 | mismatch=+1.314504e-13
    [RECOURSE COMPONENT CHECK] classified_delta=-2.910946e+04 | block_delta=-2.910946e+04 | mismatch=-1.818989e-11
  DSO node=9 year=2035 day=Spring | previous=9.826417e+06 | current=9.851871e+06 | delta=+2.545376e+04 | abs_delta=2.545376e+04
    [RECOURSE COMPONENTS] gen=+0.000000e+00 | flex=+2.545387e+04 | load_curt=+0.000000e+00 | res_curt=-1.047060e-01 | ess_usage=+0.000000e+00 | slacks=-1.582787e-06 | ess_comp=-3.130499e-04
    [SLACK COMPONENTS] voltage=-1.105661e-09 | node_P=+0.000000e+00 | node_Q=+0.000000e+00 | branch_ij=+0.000000e+00 | branch_ji=+0.000000e+00 | flex_P=-1.581682e-06 | flex_Q=+0.000000e+00
    [SLACK COMPONENT CHECK] classified_delta=-1.582787e-06 | objective_slack_delta=-1.582787e-06 | mismatch=+3.552714e-14
    [RECOURSE COMPONENT CHECK] classified_delta=+2.545376e+04 | block_delta=+2.545376e+04 | mismatch=-1.564331e-09
  TSO node=None year=2035 day=Summer | previous=6.647650e+07 | current=6.645375e+07 | delta=-2.274664e+04 | abs_delta=2.274664e+04
    [RECOURSE JUMP][TSO PROX] year=2035 day=Summer | V max=0.000191 | PF max=0.002266 | ESS max=0.000012
    [RECOURSE COMPONENTS] gen=-3.053178e+04 | flex=+7.785105e+03 | load_curt=+0.000000e+00 | res_curt=+0.000000e+00 | ess_usage=+0.000000e+00 | slacks=+3.652190e-12 | ess_comp=+3.073317e-02
    [SLACK COMPONENTS] voltage=+3.652190e-12 | node_P=+0.000000e+00 | node_Q=+0.000000e+00 | branch_ij=+0.000000e+00 | branch_ji=+0.000000e+00 | flex_P=+8.881784e-16 | flex_Q=+8.881784e-16
    [SLACK COMPONENT CHECK] classified_delta=+3.653966e-12 | objective_slack_delta=+3.652190e-12 | mismatch=+1.776357e-15
    [RECOURSE COMPONENT CHECK] classified_delta=-2.274664e+04 | block_delta=-2.274664e+04 | mismatch=-9.604264e-10
[INFO]		 - Recourse stationarity failed. 181639.588920 > 81989.892565
[ADMM RHO] V | primal max ratio=0.001 | primal mean ratio=0.000 | primal selected=0.001 | dual mean ratio=0.010 | increase threshold=5.0 | decrease threshold=5.0 | action=held
[ADMM RHO] PF | primal max ratio=0.085 | primal mean ratio=0.014 | primal selected=0.085 | dual mean ratio=0.125 | increase threshold=5.0 | decrease threshold=3.0 | action=held
[ADMM RHO] ESS | primal max ratio=0.014 | primal mean ratio=0.008 | primal selected=0.014 | dual mean ratio=0.008 | increase threshold=5.0 | decrease threshold=5.0 | action=held
[INFO]		 - ADMM cycle 55 | Primal (V max/mean | PF max/mean | ESS max/mean) = 0.000013/0.000000 | 0.000853/0.000014 | 0.001432/0.000084 | Dual (V max/mean | PF max/mean | ESS max/mean) = 0.000434/0.000098 | 0.026161/0.001246 | 0.003047/0.000077 | Recourse change = 181639.588920 (tol. 81989.892565) | Stable cycles = 0/1 | Penalty actions (V/PF/ESS) = held/held/held
[INFO] 	 - Iteration 55: 30.91 s
[INFO] 	 - ADMM Iteration 56
[INFO] 		 - Updating distribution networks:
[INFO] 			 - Running SMOPF, Network case33_1, 2025, Spring...
[INFO] 			 - Running SMOPF, Network case33_1, 2025, Summer...
[INFO] 			 - Running SMOPF, Network case33_1, 2025, Autumn...
[INFO] 			 - Running SMOPF, Network case33_1, 2025, Winter...
[WARNING] Network primary solve did not converge for case33_1, year=2025, day=Winter: status=warning, termination=maxIterations, message=Ipopt 3.14.18\x3a Maximum Number of Iterations Exceeded. | warm_start=True
[WARNING] ADMM penalties for case33_1, year=2025, day=Winter: rho_v=2.25, rho_pf=5.20246, rho_ess=1
[WARNING] IPOPT primary solve log for case33_1, year=2025, day=Winter: /Users/micaelsimoes/Projects/share-resource-planning-no_esso-degradation/data/SRP1/Results/P56A/evals/p515g1b_baseline/logs/optim_log_case33_1_2025_Winter.log
[INFO] Retrying network solve once for case33_1, year=2025, day=Winter, cold start, with warm_start_init_point=no.
[INFO] Network recovery solve succeeded for case33_1, year=2025, day=Winter.
[INFO] 			 - Running SMOPF, Network case33_1, 2030, Spring...
[INFO] 			 - Running SMOPF, Network case33_1, 2030, Summer...
[INFO] 			 - Running SMOPF, Network case33_1, 2030, Autumn...
[INFO] 			 - Running SMOPF, Network case33_1, 2030, Winter...
[INFO] 			 - Running SMOPF, Network case33_1, 2035, Spring...
[INFO] 			 - Running SMOPF, Network case33_1, 2035, Summer...
[INFO] 			 - Running SMOPF, Network case33_1, 2035, Autumn...
[INFO] 			 - Running SMOPF, Network case33_1, 2035, Winter...
[INFO] 			 - Running SMOPF, Network case33_2, 2025, Spring...
[INFO] 			 - Running SMOPF, Network case33_2, 2025, Summer...
[INFO] 			 - Running SMOPF, Network case33_2, 2025, Autumn...
[INFO] 			 - Running SMOPF, Network case33_2, 2025, Winter...
[INFO] 			 - Running SMOPF, Network case33_2, 2030, Spring...
[INFO] 			 - Running SMOPF, Network case33_2, 2030, Summer...
[INFO] 			 - Running SMOPF, Network case33_2, 2030, Autumn...
[INFO] 			 - Running SMOPF, Network case33_2, 2030, Winter...
[INFO] 			 - Running SMOPF, Network case33_2, 2035, Spring...
[INFO] 			 - Running SMOPF, Network case33_2, 2035, Summer...
[INFO] 			 - Running SMOPF, Network case33_2, 2035, Autumn...
[INFO] 			 - Running SMOPF, Network case33_2, 2035, Winter...
[INFO] 			 - Running SMOPF, Network case33_3, 2025, Spring...
[INFO] 			 - Running SMOPF, Network case33_3, 2025, Summer...
[WARNING] Network primary solve did not converge for case33_3, year=2025, day=Summer: status=warning, termination=maxIterations, message=Ipopt 3.14.18\x3a Maximum Number of Iterations Exceeded. | warm_start=True
[WARNING] ADMM penalties for case33_3, year=2025, day=Summer: rho_v=2.25, rho_pf=5.20246, rho_ess=1
[WARNING] IPOPT primary solve log for case33_3, year=2025, day=Summer: /Users/micaelsimoes/Projects/share-resource-planning-no_esso-degradation/data/SRP1/Results/P56A/evals/p515g1b_baseline/logs/optim_log_case33_3_2025_Summer.log
[INFO] Retrying network solve once for case33_3, year=2025, day=Summer, cold start, with warm_start_init_point=no.
[INFO] Network recovery solve succeeded for case33_3, year=2025, day=Summer.
[INFO] 			 - Running SMOPF, Network case33_3, 2025, Autumn...
[INFO] 			 - Running SMOPF, Network case33_3, 2025, Winter...
[INFO] 			 - Running SMOPF, Network case33_3, 2030, Spring...
[INFO] 			 - Running SMOPF, Network case33_3, 2030, Summer...
[INFO] 			 - Running SMOPF, Network case33_3, 2030, Autumn...
[INFO] 			 - Running SMOPF, Network case33_3, 2030, Winter...
[INFO] 			 - Running SMOPF, Network case33_3, 2035, Spring...
[INFO] 			 - Running SMOPF, Network case33_3, 2035, Summer...
[INFO] 			 - Running SMOPF, Network case33_3, 2035, Autumn...
[INFO] 			 - Running SMOPF, Network case33_3, 2035, Winter...
[INFO] 		 - Updating transmission network...
[INFO] 			 - Running SMOPF, Network case9, 2025, Spring...
[INFO] 			 - Running SMOPF, Network case9, 2025, Summer...
[INFO] 			 - Running SMOPF, Network case9, 2025, Autumn...
[INFO] 			 - Running SMOPF, Network case9, 2025, Winter...
[INFO] 			 - Running SMOPF, Network case9, 2030, Spring...
[INFO] 			 - Running SMOPF, Network case9, 2030, Summer...
[INFO] 			 - Running SMOPF, Network case9, 2030, Autumn...
[INFO] 			 - Running SMOPF, Network case9, 2030, Winter...
[INFO] 			 - Running SMOPF, Network case9, 2035, Spring...
[INFO] 			 - Running SMOPF, Network case9, 2035, Summer...
[INFO] 			 - Running SMOPF, Network case9, 2035, Autumn...
[INFO] 			 - Running SMOPF, Network case9, 2035, Winter...
[TSO PROX] cycle=56 | updated_blocks=12 | held_failed_blocks=0 | V max=0.000190 | PF max=0.005011 | ESS max=0.000405
[TSO PROX][V MAX] node=5, year=2035, day=Summer, period=19 | dV=0.065502 kV | normalized=0.000190
[TSO PROX][PF MAX] node=7, year=2035, day=Spring, period=15, type=P | delta=0.501146 MW | normalized=0.005011
[TSO PROX][ESS MAX] node=5, year=2025, day=Spring, period=14, type=P | delta=0.000784 MW | normalized=0.000405
[INFO] 		 - Updating SharedESS...
[INFO] 		 - Running Shared ESS optimization (subproblem)...
[INFO] 			 - Node 5...
[INFO] Shared ESS complementarity diagnostics for ESS node=5: ratio_max=7.158948e-06 n_periods=288 mu_final=1.009260e-11 s_obj=1.000000e-01 eps=1.000000e-05 bound=2.906669e-03 measured=2.645563e-03
[INFO] 			 - Node 7...
[INFO] Shared ESS complementarity diagnostics for ESS node=7: ratio_max=7.633099e-06 n_periods=288 mu_final=1.005551e-11 s_obj=1.000000e-01 eps=1.000000e-05 bound=2.895988e-03 measured=2.646179e-03
[INFO] 			 - Node 9...
[INFO] Shared ESS complementarity diagnostics for ESS node=9: ratio_max=7.008859e-06 n_periods=288 mu_final=1.009009e-11 s_obj=1.000000e-01 eps=1.000000e-05 bound=2.905947e-03 measured=2.641001e-03
[INFO]		 - Primal residuals ok!
[INFO]		 - Dual residuals ok!
[RECOURSE JUMP] cycle=56 | abs_change=1.792307e+05 | tol=8.197173e+04 | signed_change=-1.792307e+05
[RECOURSE JUMP] Reconciliation | previous=8.197173e+08 | current=8.195381e+08 | block_delta=-1.792307e+05 | mismatch=-5.960464e-07
[RECOURSE JUMP] Aggregate signed changes:
  TSO | delta=-2.178163e+05
  DSO node=7 | delta=+4.018227e+04
  DSO node=9 | delta=-5.022384e+03
  DSO node=5 | delta=+3.425695e+03
  SALVAGE | delta=+2.158561e-50
[RECOURSE JUMP] Largest 10 block changes:
  TSO node=None year=2035 day=Spring | previous=5.912703e+07 | current=5.902001e+07 | delta=-1.070152e+05 | abs_delta=1.070152e+05
    [RECOURSE JUMP][TSO PROX] year=2035 day=Spring | V max=0.000130 | PF max=0.005011 | ESS max=0.000017
    [RECOURSE COMPONENTS] gen=-1.791604e+05 | flex=+7.214522e+04 | load_curt=+0.000000e+00 | res_curt=+0.000000e+00 | ess_usage=+0.000000e+00 | slacks=-7.073524e-10 | ess_comp=-9.015193e-03
    [SLACK COMPONENTS] voltage=-4.591172e-10 | node_P=+0.000000e+00 | node_Q=+0.000000e+00 | branch_ij=+0.000000e+00 | branch_ji=+0.000000e+00 | flex_P=-1.241109e-10 | flex_Q=-1.241109e-10
    [SLACK COMPONENT CHECK] classified_delta=-7.073391e-10 | objective_slack_delta=-7.073524e-10 | mismatch=+1.332268e-14
    [RECOURSE COMPONENT CHECK] classified_delta=-1.070152e+05 | block_delta=-1.070152e+05 | mismatch=+1.589069e-08
  TSO node=None year=2030 day=Spring | previous=5.742598e+07 | current=5.736699e+07 | delta=-5.898725e+04 | abs_delta=5.898725e+04
    [RECOURSE JUMP][TSO PROX] year=2030 day=Spring | V max=0.000097 | PF max=0.004130 | ESS max=0.000017
    [RECOURSE COMPONENTS] gen=-8.275595e+04 | flex=+2.376870e+04 | load_curt=+0.000000e+00 | res_curt=+0.000000e+00 | ess_usage=+0.000000e+00 | slacks=+5.002320e-09 | ess_comp=-7.737842e-03
    [SLACK COMPONENTS] voltage=+3.293877e-09 | node_P=+0.000000e+00 | node_Q=+0.000000e+00 | branch_ij=+0.000000e+00 | branch_ji=+0.000000e+00 | flex_P=+8.542247e-10 | flex_Q=+8.542247e-10
    [SLACK COMPONENT CHECK] classified_delta=+5.002327e-09 | objective_slack_delta=+5.002320e-09 | mismatch=+6.217249e-15
    [RECOURSE COMPONENT CHECK] classified_delta=-5.898725e+04 | block_delta=-5.898725e+04 | mismatch=-2.641173e-09
  TSO node=None year=2025 day=Summer | previous=9.290959e+07 | current=9.296763e+07 | delta=+5.803638e+04 | abs_delta=5.803638e+04
    [RECOURSE JUMP][TSO PROX] year=2025 day=Summer | V max=0.000132 | PF max=0.003941 | ESS max=0.000279
    [RECOURSE COMPONENTS] gen=+1.521746e+05 | flex=-9.413823e+04 | load_curt=+0.000000e+00 | res_curt=+0.000000e+00 | ess_usage=+0.000000e+00 | slacks=+7.382539e-12 | ess_comp=-8.292584e-05
    [SLACK COMPONENTS] voltage=+7.375434e-12 | node_P=+0.000000e+00 | node_Q=+0.000000e+00 | branch_ij=+0.000000e+00 | branch_ji=+0.000000e+00 | flex_P=+0.000000e+00 | flex_Q=+0.000000e+00
    [SLACK COMPONENT CHECK] classified_delta=+7.375434e-12 | objective_slack_delta=+7.382539e-12 | mismatch=-7.105427e-15
    [RECOURSE COMPONENT CHECK] classified_delta=+5.803638e+04 | block_delta=+5.803638e+04 | mismatch=-4.132744e-09
  TSO node=None year=2025 day=Spring | previous=7.672739e+07 | current=7.667148e+07 | delta=-5.591038e+04 | abs_delta=5.591038e+04
    [RECOURSE JUMP][TSO PROX] year=2025 day=Spring | V max=0.000096 | PF max=0.003609 | ESS max=0.000405
    [RECOURSE COMPONENTS] gen=-7.886360e+04 | flex=+2.295322e+04 | load_curt=+0.000000e+00 | res_curt=+0.000000e+00 | ess_usage=+0.000000e+00 | slacks=+4.692069e-10 | ess_comp=+6.219391e-05
    [SLACK COMPONENTS] voltage=+3.103295e-10 | node_P=+0.000000e+00 | node_Q=+0.000000e+00 | branch_ij=+0.000000e+00 | branch_ji=+0.000000e+00 | flex_P=+7.943335e-11 | flex_Q=+7.943335e-11
    [SLACK COMPONENT CHECK] classified_delta=+4.691962e-10 | objective_slack_delta=+4.692069e-10 | mismatch=-1.065814e-14
    [RECOURSE COMPONENT CHECK] classified_delta=-5.591038e+04 | block_delta=-5.591038e+04 | mismatch=+6.548362e-10
  DSO node=9 year=2025 day=Summer | previous=2.089538e+06 | current=2.048427e+06 | delta=-4.111107e+04 | abs_delta=4.111107e+04
    [RECOURSE COMPONENTS] gen=+0.000000e+00 | flex=-4.110947e+04 | load_curt=+0.000000e+00 | res_curt=-1.599168e+00 | ess_usage=+0.000000e+00 | slacks=+3.951010e-07 | ess_comp=+4.752590e-03
    [SLACK COMPONENTS] voltage=+4.731726e-07 | node_P=+0.000000e+00 | node_Q=+0.000000e+00 | branch_ij=+0.000000e+00 | branch_ji=+0.000000e+00 | flex_P=-7.807168e-08 | flex_Q=+0.000000e+00
    [SLACK COMPONENT CHECK] classified_delta=+3.951010e-07 | objective_slack_delta=+3.951010e-07 | mismatch=-8.526513e-14
    [RECOURSE COMPONENT CHECK] classified_delta=-4.111107e+04 | block_delta=-4.111107e+04 | mismatch=-3.856258e-10
  TSO node=None year=2035 day=Autumn | previous=3.400418e+07 | current=3.396726e+07 | delta=-3.691895e+04 | abs_delta=3.691895e+04
    [RECOURSE JUMP][TSO PROX] year=2035 day=Autumn | V max=0.000123 | PF max=0.002486 | ESS max=0.000018
    [RECOURSE COMPONENTS] gen=-6.422907e+04 | flex=+2.731019e+04 | load_curt=+0.000000e+00 | res_curt=+0.000000e+00 | ess_usage=+0.000000e+00 | slacks=-1.477682e-06 | ess_comp=-6.582722e-02
    [SLACK COMPONENTS] voltage=-9.701429e-07 | node_P=+0.000000e+00 | node_Q=+0.000000e+00 | branch_ij=+0.000000e+00 | branch_ji=+0.000000e+00 | flex_P=-2.537696e-07 | flex_Q=-2.537696e-07
    [SLACK COMPONENT CHECK] classified_delta=-1.477682e-06 | objective_slack_delta=-1.477682e-06 | mismatch=+8.881784e-16
    [RECOURSE COMPONENT CHECK] classified_delta=-3.691895e+04 | block_delta=-3.691895e+04 | mismatch=+1.760782e-09
  DSO node=7 year=2035 day=Spring | previous=6.562927e+06 | current=6.597185e+06 | delta=+3.425862e+04 | abs_delta=3.425862e+04
    [RECOURSE COMPONENTS] gen=+0.000000e+00 | flex=+3.425843e+04 | load_curt=+0.000000e+00 | res_curt=+1.930138e-01 | ess_usage=+0.000000e+00 | slacks=-2.064132e-06 | ess_comp=-3.594163e-04
    [SLACK COMPONENTS] voltage=-3.508239e-08 | node_P=+0.000000e+00 | node_Q=+0.000000e+00 | branch_ij=+0.000000e+00 | branch_ji=+0.000000e+00 | flex_P=-2.029049e-06 | flex_Q=+0.000000e+00
    [SLACK COMPONENT CHECK] classified_delta=-2.064132e-06 | objective_slack_delta=-2.064132e-06 | mismatch=-2.486900e-14
    [RECOURSE COMPONENT CHECK] classified_delta=+3.425862e+04 | block_delta=+3.425862e+04 | mismatch=+4.438334e-10
  DSO node=7 year=2025 day=Summer | previous=1.307058e+06 | current=1.277999e+06 | delta=-2.905879e+04 | abs_delta=2.905879e+04
    [RECOURSE COMPONENTS] gen=+0.000000e+00 | flex=-2.905851e+04 | load_curt=+0.000000e+00 | res_curt=-2.739434e-01 | ess_usage=+0.000000e+00 | slacks=+3.188719e-07 | ess_comp=-1.992336e-03
    [SLACK COMPONENTS] voltage=+1.779740e-07 | node_P=+0.000000e+00 | node_Q=+0.000000e+00 | branch_ij=+0.000000e+00 | branch_ji=+0.000000e+00 | flex_P=+1.408977e-07 | flex_Q=+0.000000e+00
    [SLACK COMPONENT CHECK] classified_delta=+3.188717e-07 | objective_slack_delta=+3.188719e-07 | mismatch=-2.167155e-13
    [RECOURSE COMPONENT CHECK] classified_delta=-2.905879e+04 | block_delta=-2.905879e+04 | mismatch=-1.346052e-10
  DSO node=9 year=2035 day=Spring | previous=9.851871e+06 | current=9.876988e+06 | delta=+2.511735e+04 | abs_delta=2.511735e+04
    [RECOURSE COMPONENTS] gen=+0.000000e+00 | flex=+2.511772e+04 | load_curt=+0.000000e+00 | res_curt=-3.728933e-01 | ess_usage=+0.000000e+00 | slacks=-1.169486e-07 | ess_comp=-3.545623e-04
    [SLACK COMPONENTS] voltage=+3.278279e-08 | node_P=+0.000000e+00 | node_Q=+0.000000e+00 | branch_ij=+0.000000e+00 | branch_ji=+0.000000e+00 | flex_P=-1.497314e-07 | flex_Q=+0.000000e+00
    [SLACK COMPONENT CHECK] classified_delta=-1.169486e-07 | objective_slack_delta=-1.169486e-07 | mismatch=-6.750156e-14
    [RECOURSE COMPONENT CHECK] classified_delta=+2.511735e+04 | block_delta=+2.511735e+04 | mismatch=+3.772584e-09
  DSO node=7 year=2030 day=Spring | previous=3.766511e+06 | current=3.787082e+06 | delta=+2.057096e+04 | abs_delta=2.057096e+04
    [RECOURSE COMPONENTS] gen=+0.000000e+00 | flex=+2.057335e+04 | load_curt=+0.000000e+00 | res_curt=-2.391222e+00 | ess_usage=+0.000000e+00 | slacks=-3.193956e-07 | ess_comp=-7.704670e-04
    [SLACK COMPONENTS] voltage=+1.243916e-08 | node_P=+0.000000e+00 | node_Q=+0.000000e+00 | branch_ij=+0.000000e+00 | branch_ji=+0.000000e+00 | flex_P=-3.321721e-07 | flex_Q=+3.369287e-10
    [SLACK COMPONENT CHECK] classified_delta=-3.193960e-07 | objective_slack_delta=-3.193956e-07 | mismatch=-4.405365e-13
    [RECOURSE COMPONENT CHECK] classified_delta=+2.057096e+04 | block_delta=+2.057096e+04 | mismatch=-7.676135e-10
[INFO]		 - Recourse stationarity failed. 179230.683043 > 81971.728607
[ADMM RHO] V | primal max ratio=0.001 | primal mean ratio=0.000 | primal selected=0.001 | dual mean ratio=0.010 | increase threshold=5.0 | decrease threshold=5.0 | action=held
[ADMM RHO] PF | primal max ratio=0.120 | primal mean ratio=0.018 | primal selected=0.120 | dual mean ratio=0.121 | increase threshold=5.0 | decrease threshold=3.0 | action=held
[ADMM RHO] ESS | primal max ratio=0.016 | primal mean ratio=0.009 | primal selected=0.016 | dual mean ratio=0.007 | increase threshold=5.0 | decrease threshold=5.0 | action=held
[INFO]		 - ADMM cycle 56 | Primal (V max/mean | PF max/mean | ESS max/mean) = 0.000009/0.000000 | 0.001204/0.000018 | 0.001642/0.000091 | Dual (V max/mean | PF max/mean | ESS max/mean) = 0.000427/0.000098 | 0.026072/0.001208 | 0.002791/0.000070 | Recourse change = 179230.683043 (tol. 81971.728607) | Stable cycles = 0/1 | Penalty actions (V/PF/ESS) = held/held/held
[INFO] 	 - Iteration 56: 37.91 s
[INFO] 	 - ADMM Iteration 57
[INFO] 		 - Updating distribution networks:
[INFO] 			 - Running SMOPF, Network case33_1, 2025, Spring...
[INFO] 			 - Running SMOPF, Network case33_1, 2025, Summer...
[INFO] 			 - Running SMOPF, Network case33_1, 2025, Autumn...
[INFO] 			 - Running SMOPF, Network case33_1, 2025, Winter...
[INFO] 			 - Running SMOPF, Network case33_1, 2030, Spring...
[INFO] 			 - Running SMOPF, Network case33_1, 2030, Summer...
[INFO] 			 - Running SMOPF, Network case33_1, 2030, Autumn...
[INFO] 			 - Running SMOPF, Network case33_1, 2030, Winter...
[INFO] 			 - Running SMOPF, Network case33_1, 2035, Spring...
[INFO] 			 - Running SMOPF, Network case33_1, 2035, Summer...
[INFO] 			 - Running SMOPF, Network case33_1, 2035, Autumn...
[INFO] 			 - Running SMOPF, Network case33_1, 2035, Winter...
[INFO] 			 - Running SMOPF, Network case33_2, 2025, Spring...
[WARNING] Network primary solve did not converge for case33_2, year=2025, day=Spring: status=warning, termination=maxIterations, message=Ipopt 3.14.18\x3a Maximum Number of Iterations Exceeded. | warm_start=True
[WARNING] ADMM penalties for case33_2, year=2025, day=Spring: rho_v=2.25, rho_pf=5.20246, rho_ess=1
[WARNING] IPOPT primary solve log for case33_2, year=2025, day=Spring: /Users/micaelsimoes/Projects/share-resource-planning-no_esso-degradation/data/SRP1/Results/P56A/evals/p515g1b_baseline/logs/optim_log_case33_2_2025_Spring.log
[INFO] Retrying network solve once for case33_2, year=2025, day=Spring, cold start, with warm_start_init_point=no.
[INFO] Network recovery solve succeeded for case33_2, year=2025, day=Spring.
[INFO] 			 - Running SMOPF, Network case33_2, 2025, Summer...
[INFO] 			 - Running SMOPF, Network case33_2, 2025, Autumn...
[INFO] 			 - Running SMOPF, Network case33_2, 2025, Winter...
[INFO] 			 - Running SMOPF, Network case33_2, 2030, Spring...
[INFO] 			 - Running SMOPF, Network case33_2, 2030, Summer...
[INFO] 			 - Running SMOPF, Network case33_2, 2030, Autumn...
[INFO] 			 - Running SMOPF, Network case33_2, 2030, Winter...
[INFO] 			 - Running SMOPF, Network case33_2, 2035, Spring...
[INFO] 			 - Running SMOPF, Network case33_2, 2035, Summer...
[INFO] 			 - Running SMOPF, Network case33_2, 2035, Autumn...
[INFO] 			 - Running SMOPF, Network case33_2, 2035, Winter...
[INFO] 			 - Running SMOPF, Network case33_3, 2025, Spring...
[INFO] 			 - Running SMOPF, Network case33_3, 2025, Summer...
[INFO] 			 - Running SMOPF, Network case33_3, 2025, Autumn...
[INFO] 			 - Running SMOPF, Network case33_3, 2025, Winter...
[INFO] 			 - Running SMOPF, Network case33_3, 2030, Spring...
[INFO] 			 - Running SMOPF, Network case33_3, 2030, Summer...
[INFO] 			 - Running SMOPF, Network case33_3, 2030, Autumn...
[INFO] 			 - Running SMOPF, Network case33_3, 2030, Winter...
[INFO] 			 - Running SMOPF, Network case33_3, 2035, Spring...
[INFO] 			 - Running SMOPF, Network case33_3, 2035, Summer...
[INFO] 			 - Running SMOPF, Network case33_3, 2035, Autumn...
[INFO] 			 - Running SMOPF, Network case33_3, 2035, Winter...
[INFO] 		 - Updating transmission network...
[INFO] 			 - Running SMOPF, Network case9, 2025, Spring...
[INFO] 			 - Running SMOPF, Network case9, 2025, Summer...
[INFO] 			 - Running SMOPF, Network case9, 2025, Autumn...
[INFO] 			 - Running SMOPF, Network case9, 2025, Winter...
[INFO] 			 - Running SMOPF, Network case9, 2030, Spring...
[INFO] 			 - Running SMOPF, Network case9, 2030, Summer...
[INFO] 			 - Running SMOPF, Network case9, 2030, Autumn...
[INFO] 			 - Running SMOPF, Network case9, 2030, Winter...
[INFO] 			 - Running SMOPF, Network case9, 2035, Spring...
[INFO] 			 - Running SMOPF, Network case9, 2035, Summer...
[INFO] 			 - Running SMOPF, Network case9, 2035, Autumn...
[INFO] 			 - Running SMOPF, Network case9, 2035, Winter...
[TSO PROX] cycle=57 | updated_blocks=12 | held_failed_blocks=0 | V max=0.000189 | PF max=0.004996 | ESS max=0.000405
[TSO PROX][V MAX] node=5, year=2035, day=Summer, period=19 | dV=0.065269 kV | normalized=0.000189
[TSO PROX][PF MAX] node=7, year=2035, day=Spring, period=15, type=P | delta=0.499600 MW | normalized=0.004996
[TSO PROX][ESS MAX] node=5, year=2025, day=Spring, period=14, type=P | delta=0.000784 MW | normalized=0.000405
[INFO] 		 - Updating SharedESS...
[INFO] 		 - Running Shared ESS optimization (subproblem)...
[INFO] 			 - Node 5...
[INFO] Shared ESS complementarity diagnostics for ESS node=5: ratio_max=7.158387e-06 n_periods=288 mu_final=1.009807e-11 s_obj=1.000000e-01 eps=1.000000e-05 bound=2.908244e-03 measured=2.645406e-03
[INFO] 			 - Node 7...
[INFO] Shared ESS complementarity diagnostics for ESS node=7: ratio_max=7.217985e-06 n_periods=288 mu_final=1.010161e-11 s_obj=1.000000e-01 eps=1.000000e-05 bound=2.909263e-03 measured=2.643433e-03
[INFO] 			 - Node 9...
[INFO] Shared ESS complementarity diagnostics for ESS node=9: ratio_max=7.005472e-06 n_periods=288 mu_final=1.004254e-11 s_obj=1.000000e-01 eps=1.000000e-05 bound=2.892253e-03 measured=2.644513e-03
[INFO]		 - Primal residuals ok!
[INFO]		 - Dual residuals ok!
[RECOURSE JUMP] cycle=57 | abs_change=1.704005e+05 | tol=8.195381e+04 | signed_change=-1.704005e+05
[RECOURSE JUMP] Reconciliation | previous=8.195381e+08 | current=8.193677e+08 | block_delta=-1.704005e+05 | mismatch=-1.192093e-07
[RECOURSE JUMP] Aggregate signed changes:
  TSO | delta=-2.078049e+05
  DSO node=7 | delta=+3.916336e+04
  DSO node=5 | delta=-2.187799e+03
  DSO node=9 | delta=+4.288262e+02
  SALVAGE | delta=-2.405896e-50
[RECOURSE JUMP] Largest 10 block changes:
  TSO node=None year=2035 day=Spring | previous=5.902001e+07 | current=5.891194e+07 | delta=-1.080685e+05 | abs_delta=1.080685e+05
    [RECOURSE JUMP][TSO PROX] year=2035 day=Spring | V max=0.000130 | PF max=0.004996 | ESS max=0.000018
    [RECOURSE COMPONENTS] gen=-1.804708e+05 | flex=+7.240234e+04 | load_curt=+0.000000e+00 | res_curt=+0.000000e+00 | ess_usage=+0.000000e+00 | slacks=-6.307772e-10 | ess_comp=-1.864229e-02
    [SLACK COMPONENTS] voltage=-4.088463e-10 | node_P=+0.000000e+00 | node_Q=+0.000000e+00 | branch_ij=+0.000000e+00 | branch_ji=+0.000000e+00 | flex_P=-1.109619e-10 | flex_Q=-1.109619e-10
    [SLACK COMPONENT CHECK] classified_delta=-6.307701e-10 | objective_slack_delta=-6.307772e-10 | mismatch=+7.105427e-15
    [RECOURSE COMPONENT CHECK] classified_delta=-1.080685e+05 | block_delta=-1.080685e+05 | mismatch=-9.400537e-09
  TSO node=None year=2030 day=Spring | previous=5.736699e+07 | current=5.730129e+07 | delta=-6.570239e+04 | abs_delta=6.570239e+04
    [RECOURSE JUMP][TSO PROX] year=2030 day=Spring | V max=0.000097 | PF max=0.004061 | ESS max=0.000017
    [RECOURSE COMPONENTS] gen=-9.416821e+04 | flex=+2.846583e+04 | load_curt=+0.000000e+00 | res_curt=+0.000000e+00 | ess_usage=+0.000000e+00 | slacks=+4.424749e-09 | ess_comp=-7.260960e-03
    [SLACK COMPONENTS] voltage=+2.913367e-09 | node_P=+0.000000e+00 | node_Q=+0.000000e+00 | branch_ij=+0.000000e+00 | branch_ji=+0.000000e+00 | flex_P=+7.557017e-10 | flex_Q=+7.557017e-10
    [SLACK COMPONENT CHECK] classified_delta=+4.424771e-09 | objective_slack_delta=+4.424749e-09 | mismatch=+2.220446e-14
    [RECOURSE COMPONENT CHECK] classified_delta=-6.570239e+04 | block_delta=-6.570239e+04 | mismatch=+7.508788e-09
  TSO node=None year=2025 day=Summer | previous=9.296763e+07 | current=9.302877e+07 | delta=+6.114048e+04 | abs_delta=6.114048e+04
    [RECOURSE JUMP][TSO PROX] year=2025 day=Summer | V max=0.000132 | PF max=0.003931 | ESS max=0.000279
    [RECOURSE COMPONENTS] gen=+1.495405e+05 | flex=-8.840005e+04 | load_curt=+0.000000e+00 | res_curt=+0.000000e+00 | ess_usage=+0.000000e+00 | slacks=+7.432277e-12 | ess_comp=+2.996290e-06
    [SLACK COMPONENTS] voltage=+7.432277e-12 | node_P=+0.000000e+00 | node_Q=+0.000000e+00 | branch_ij=+0.000000e+00 | branch_ji=+0.000000e+00 | flex_P=+0.000000e+00 | flex_Q=+0.000000e+00
    [SLACK COMPONENT CHECK] classified_delta=+7.432277e-12 | objective_slack_delta=+7.432277e-12 | mismatch=+0.000000e+00
    [RECOURSE COMPONENT CHECK] classified_delta=+6.114048e+04 | block_delta=+6.114048e+04 | mismatch=+2.328306e-10
  TSO node=None year=2025 day=Spring | previous=7.667148e+07 | current=7.661632e+07 | delta=-5.516642e+04 | abs_delta=5.516642e+04
    [RECOURSE JUMP][TSO PROX] year=2025 day=Spring | V max=0.000096 | PF max=0.003598 | ESS max=0.000405
    [RECOURSE COMPONENTS] gen=-7.774502e+04 | flex=+2.257860e+04 | load_curt=+0.000000e+00 | res_curt=+0.000000e+00 | ess_usage=+0.000000e+00 | slacks=-1.601705e-10 | ess_comp=+6.878912e-05
    [SLACK COMPONENTS] voltage=-1.050111e-10 | node_P=+0.000000e+00 | node_Q=+0.000000e+00 | branch_ij=+0.000000e+00 | branch_ji=+0.000000e+00 | flex_P=-2.757483e-11 | flex_Q=-2.757483e-11
    [SLACK COMPONENT CHECK] classified_delta=-1.601608e-10 | objective_slack_delta=-1.601705e-10 | mismatch=+9.769963e-15
    [RECOURSE COMPONENT CHECK] classified_delta=-5.516642e+04 | block_delta=-5.516642e+04 | mismatch=+1.637090e-08
  DSO node=9 year=2025 day=Summer | previous=2.048427e+06 | current=2.013528e+06 | delta=-3.489834e+04 | abs_delta=3.489834e+04
    [RECOURSE COMPONENTS] gen=+0.000000e+00 | flex=-3.489781e+04 | load_curt=+0.000000e+00 | res_curt=-5.262124e-01 | ess_usage=+0.000000e+00 | slacks=-1.052621e-05 | ess_comp=-8.342955e-04
    [SLACK COMPONENTS] voltage=-4.303661e-08 | node_P=+0.000000e+00 | node_Q=+0.000000e+00 | branch_ij=+0.000000e+00 | branch_ji=+0.000000e+00 | flex_P=-1.048317e-05 | flex_Q=+0.000000e+00
    [SLACK COMPONENT CHECK] classified_delta=-1.052621e-05 | objective_slack_delta=-1.052621e-05 | mismatch=+1.776357e-14
    [RECOURSE COMPONENT CHECK] classified_delta=-3.489834e+04 | block_delta=-3.489834e+04 | mismatch=+3.929017e-10
  DSO node=7 year=2035 day=Spring | previous=6.597185e+06 | current=6.631299e+06 | delta=+3.411413e+04 | abs_delta=3.411413e+04
    [RECOURSE COMPONENTS] gen=+0.000000e+00 | flex=+3.411391e+04 | load_curt=+0.000000e+00 | res_curt=+2.235668e-01 | ess_usage=+0.000000e+00 | slacks=-9.294739e-07 | ess_comp=-4.466297e-04
    [SLACK COMPONENTS] voltage=+1.290954e-08 | node_P=+0.000000e+00 | node_Q=+0.000000e+00 | branch_ij=+0.000000e+00 | branch_ji=+0.000000e+00 | flex_P=-9.423834e-07 | flex_Q=+0.000000e+00
    [SLACK COMPONENT CHECK] classified_delta=-9.294738e-07 | objective_slack_delta=-9.294739e-07 | mismatch=+6.394885e-14
    [RECOURSE COMPONENT CHECK] classified_delta=+3.411413e+04 | block_delta=+3.411413e+04 | mismatch=-1.025910e-09
  DSO node=7 year=2025 day=Summer | previous=1.277999e+06 | current=1.248995e+06 | delta=-2.900439e+04 | abs_delta=2.900439e+04
    [RECOURSE COMPONENTS] gen=+0.000000e+00 | flex=-2.900415e+04 | load_curt=+0.000000e+00 | res_curt=-2.654544e-01 | ess_usage=+0.000000e+00 | slacks=+3.189976e-07 | ess_comp=+2.383230e-02
    [SLACK COMPONENTS] voltage=+1.828331e-07 | node_P=+0.000000e+00 | node_Q=+0.000000e+00 | branch_ij=+0.000000e+00 | branch_ji=+0.000000e+00 | flex_P=+1.361646e-07 | flex_Q=+0.000000e+00
    [SLACK COMPONENT CHECK] classified_delta=+3.189977e-07 | objective_slack_delta=+3.189976e-07 | mismatch=+3.197442e-14
    [RECOURSE COMPONENT CHECK] classified_delta=-2.900439e+04 | block_delta=-2.900439e+04 | mismatch=-5.093170e-11
  TSO node=None year=2035 day=Autumn | previous=3.396726e+07 | current=3.394035e+07 | delta=-2.691414e+04 | abs_delta=2.691414e+04
    [RECOURSE JUMP][TSO PROX] year=2035 day=Autumn | V max=0.000123 | PF max=0.002058 | ESS max=0.000020
    [RECOURSE COMPONENTS] gen=-4.429084e+04 | flex=+1.737673e+04 | load_curt=+0.000000e+00 | res_curt=+0.000000e+00 | ess_usage=+0.000000e+00 | slacks=+2.899014e-12 | ess_comp=-3.514613e-02
    [SLACK COMPONENTS] voltage=+2.870593e-12 | node_P=+0.000000e+00 | node_Q=+0.000000e+00 | branch_ij=+0.000000e+00 | branch_ji=+0.000000e+00 | flex_P=+1.243450e-14 | flex_Q=+1.243450e-14
    [SLACK COMPONENT CHECK] classified_delta=+2.895462e-12 | objective_slack_delta=+2.899014e-12 | mismatch=-3.552714e-15
    [RECOURSE COMPONENT CHECK] classified_delta=-2.691414e+04 | block_delta=-2.691414e+04 | mismatch=+3.215973e-09
  DSO node=9 year=2035 day=Spring | previous=9.876988e+06 | current=9.901890e+06 | delta=+2.490220e+04 | abs_delta=2.490220e+04
    [RECOURSE COMPONENTS] gen=+0.000000e+00 | flex=+2.490271e+04 | load_curt=+0.000000e+00 | res_curt=-5.099992e-01 | ess_usage=+0.000000e+00 | slacks=-3.124154e-07 | ess_comp=-4.203927e-04
    [SLACK COMPONENTS] voltage=+4.032734e-08 | node_P=+0.000000e+00 | node_Q=+0.000000e+00 | branch_ij=+0.000000e+00 | branch_ji=+0.000000e+00 | flex_P=-3.527426e-07 | flex_Q=+0.000000e+00
    [SLACK COMPONENT CHECK] classified_delta=-3.124153e-07 | objective_slack_delta=-3.124154e-07 | mismatch=+9.237056e-14
    [RECOURSE COMPONENT CHECK] classified_delta=+2.490220e+04 | block_delta=+2.490220e+04 | mismatch=-3.710738e-10
  DSO node=7 year=2030 day=Spring | previous=3.787082e+06 | current=3.807639e+06 | delta=+2.055654e+04 | abs_delta=2.055654e+04
    [RECOURSE COMPONENTS] gen=+0.000000e+00 | flex=+2.055885e+04 | load_curt=+0.000000e+00 | res_curt=-2.310841e+00 | ess_usage=+0.000000e+00 | slacks=-8.253346e-08 | ess_comp=-6.303070e-04
    [SLACK COMPONENTS] voltage=+2.738813e-08 | node_P=+0.000000e+00 | node_Q=+0.000000e+00 | branch_ij=+0.000000e+00 | branch_ji=+0.000000e+00 | flex_P=-1.094999e-07 | flex_Q=-4.212986e-10
    [SLACK COMPONENT CHECK] classified_delta=-8.253309e-08 | objective_slack_delta=-8.253346e-08 | mismatch=+3.730349e-13
    [RECOURSE COMPONENT CHECK] classified_delta=+2.055654e+04 | block_delta=+2.055654e+04 | mismatch=+1.236913e-10
[INFO]		 - Recourse stationarity failed. 170400.486393 > 81953.805538
[ADMM RHO] V | primal max ratio=0.001 | primal mean ratio=0.001 | primal selected=0.001 | dual mean ratio=0.010 | increase threshold=5.0 | decrease threshold=5.0 | action=held
[ADMM RHO] PF | primal max ratio=0.194 | primal mean ratio=0.022 | primal selected=0.194 | dual mean ratio=0.117 | increase threshold=5.0 | decrease threshold=3.0 | action=held
[ADMM RHO] ESS | primal max ratio=0.018 | primal mean ratio=0.010 | primal selected=0.018 | dual mean ratio=0.006 | increase threshold=5.0 | decrease threshold=5.0 | action=held
[INFO]		 - ADMM cycle 57 | Primal (V max/mean | PF max/mean | ESS max/mean) = 0.000014/0.000001 | 0.001942/0.000022 | 0.001812/0.000096 | Dual (V max/mean | PF max/mean | ESS max/mean) = 0.000426/0.000098 | 0.025993/0.001168 | 0.002486/0.000063 | Recourse change = 170400.486393 (tol. 81953.805538) | Stable cycles = 0/1 | Penalty actions (V/PF/ESS) = held/held/held
[INFO] 	 - Iteration 57: 33.71 s
[INFO] 	 - ADMM Iteration 58
[INFO] 		 - Updating distribution networks:
[INFO] 			 - Running SMOPF, Network case33_1, 2025, Spring...
[INFO] 			 - Running SMOPF, Network case33_1, 2025, Summer...
[INFO] 			 - Running SMOPF, Network case33_1, 2025, Autumn...
[INFO] 			 - Running SMOPF, Network case33_1, 2025, Winter...
[INFO] 			 - Running SMOPF, Network case33_1, 2030, Spring...
[INFO] 			 - Running SMOPF, Network case33_1, 2030, Summer...
[INFO] 			 - Running SMOPF, Network case33_1, 2030, Autumn...
[INFO] 			 - Running SMOPF, Network case33_1, 2030, Winter...
[INFO] 			 - Running SMOPF, Network case33_1, 2035, Spring...
[INFO] 			 - Running SMOPF, Network case33_1, 2035, Summer...
[INFO] 			 - Running SMOPF, Network case33_1, 2035, Autumn...
[INFO] 			 - Running SMOPF, Network case33_1, 2035, Winter...
[INFO] 			 - Running SMOPF, Network case33_2, 2025, Spring...
[INFO] 			 - Running SMOPF, Network case33_2, 2025, Summer...
[INFO] 			 - Running SMOPF, Network case33_2, 2025, Autumn...
[INFO] 			 - Running SMOPF, Network case33_2, 2025, Winter...
[INFO] 			 - Running SMOPF, Network case33_2, 2030, Spring...
[INFO] 			 - Running SMOPF, Network case33_2, 2030, Summer...
[INFO] 			 - Running SMOPF, Network case33_2, 2030, Autumn...
[INFO] 			 - Running SMOPF, Network case33_2, 2030, Winter...
[INFO] 			 - Running SMOPF, Network case33_2, 2035, Spring...
[INFO] 			 - Running SMOPF, Network case33_2, 2035, Summer...
[INFO] 			 - Running SMOPF, Network case33_2, 2035, Autumn...
[INFO] 			 - Running SMOPF, Network case33_2, 2035, Winter...
[INFO] 			 - Running SMOPF, Network case33_3, 2025, Spring...
[INFO] 			 - Running SMOPF, Network case33_3, 2025, Summer...
[INFO] 			 - Running SMOPF, Network case33_3, 2025, Autumn...
[INFO] 			 - Running SMOPF, Network case33_3, 2025, Winter...
[INFO] 			 - Running SMOPF, Network case33_3, 2030, Spring...
[INFO] 			 - Running SMOPF, Network case33_3, 2030, Summer...
[INFO] 			 - Running SMOPF, Network case33_3, 2030, Autumn...
[INFO] 			 - Running SMOPF, Network case33_3, 2030, Winter...
[INFO] 			 - Running SMOPF, Network case33_3, 2035, Spring...
[INFO] 			 - Running SMOPF, Network case33_3, 2035, Summer...
[INFO] 			 - Running SMOPF, Network case33_3, 2035, Autumn...
[INFO] 			 - Running SMOPF, Network case33_3, 2035, Winter...
[INFO] 		 - Updating transmission network...
[INFO] 			 - Running SMOPF, Network case9, 2025, Spring...
[INFO] 			 - Running SMOPF, Network case9, 2025, Summer...
[INFO] 			 - Running SMOPF, Network case9, 2025, Autumn...
[INFO] 			 - Running SMOPF, Network case9, 2025, Winter...
[INFO] 			 - Running SMOPF, Network case9, 2030, Spring...
[INFO] 			 - Running SMOPF, Network case9, 2030, Summer...
[INFO] 			 - Running SMOPF, Network case9, 2030, Autumn...
[INFO] 			 - Running SMOPF, Network case9, 2030, Winter...
[INFO] 			 - Running SMOPF, Network case9, 2035, Spring...
[INFO] 			 - Running SMOPF, Network case9, 2035, Summer...
[INFO] 			 - Running SMOPF, Network case9, 2035, Autumn...
[INFO] 			 - Running SMOPF, Network case9, 2035, Winter...
[TSO PROX] cycle=58 | updated_blocks=12 | held_failed_blocks=0 | V max=0.000189 | PF max=0.004985 | ESS max=0.000405
[TSO PROX][V MAX] node=5, year=2035, day=Summer, period=19 | dV=0.065061 kV | normalized=0.000189
[TSO PROX][PF MAX] node=7, year=2035, day=Spring, period=15, type=P | delta=0.498513 MW | normalized=0.004985
[TSO PROX][ESS MAX] node=5, year=2025, day=Spring, period=14, type=P | delta=0.000784 MW | normalized=0.000405
[INFO] 		 - Updating SharedESS...
[INFO] 		 - Running Shared ESS optimization (subproblem)...
[INFO] 			 - Node 5...
[INFO] Shared ESS complementarity diagnostics for ESS node=5: ratio_max=7.332763e-06 n_periods=288 mu_final=9.905077e-12 s_obj=1.000000e-01 eps=1.000000e-05 bound=2.852662e-03 measured=2.647249e-03
[INFO] 			 - Node 7...
[INFO] Shared ESS complementarity diagnostics for ESS node=7: ratio_max=7.238009e-06 n_periods=288 mu_final=1.008504e-11 s_obj=1.000000e-01 eps=1.000000e-05 bound=2.904491e-03 measured=2.643091e-03
[INFO] 			 - Node 9...
[INFO] Shared ESS complementarity diagnostics for ESS node=9: ratio_max=6.996546e-06 n_periods=288 mu_final=1.009092e-11 s_obj=1.000000e-01 eps=1.000000e-05 bound=2.906185e-03 measured=2.645081e-03
[INFO]		 - Primal residuals ok!
[INFO]		 - Dual residuals ok!
[RECOURSE JUMP] cycle=58 | abs_change=1.660858e+05 | tol=8.193677e+04 | signed_change=-1.660858e+05
[RECOURSE JUMP] Reconciliation | previous=8.193677e+08 | current=8.192016e+08 | block_delta=-1.660858e+05 | mismatch=+3.576279e-07
[RECOURSE JUMP] Aggregate signed changes:
  TSO | delta=-2.111994e+05
  DSO node=7 | delta=+4.207503e+04
  DSO node=9 | delta=+4.922469e+03
  DSO node=5 | delta=-1.883951e+03
  SALVAGE | delta=-1.124250e-52
[RECOURSE JUMP] Largest 10 block changes:
  TSO node=None year=2035 day=Spring | previous=5.891194e+07 | current=5.880460e+07 | delta=-1.073430e+05 | abs_delta=1.073430e+05
    [RECOURSE JUMP][TSO PROX] year=2035 day=Spring | V max=0.000131 | PF max=0.004985 | ESS max=0.000018
    [RECOURSE COMPONENTS] gen=-1.793378e+05 | flex=+7.199484e+04 | load_curt=+0.000000e+00 | res_curt=+0.000000e+00 | ess_usage=+0.000000e+00 | slacks=-1.913044e-09 | ess_comp=-5.393606e-02
    [SLACK COMPONENTS] voltage=-1.252033e-09 | node_P=+0.000000e+00 | node_Q=+0.000000e+00 | branch_ij=+0.000000e+00 | branch_ji=+0.000000e+00 | flex_P=-3.305147e-10 | flex_Q=-3.305147e-10
    [SLACK COMPONENT CHECK] classified_delta=-1.913063e-09 | objective_slack_delta=-1.913044e-09 | mismatch=-1.865175e-14
    [RECOURSE COMPONENT CHECK] classified_delta=-1.073430e+05 | block_delta=-1.073430e+05 | mismatch=-4.511094e-09
  TSO node=None year=2030 day=Spring | previous=5.730129e+07 | current=5.723336e+07 | delta=-6.792921e+04 | abs_delta=6.792921e+04
    [RECOURSE JUMP][TSO PROX] year=2030 day=Spring | V max=0.000097 | PF max=0.004008 | ESS max=0.000017
    [RECOURSE COMPONENTS] gen=-9.807419e+04 | flex=+3.014499e+04 | load_curt=+0.000000e+00 | res_curt=+0.000000e+00 | ess_usage=+0.000000e+00 | slacks=-4.061320e-10 | ess_comp=-6.716930e-03
    [SLACK COMPONENTS] voltage=-2.677467e-10 | node_P=+0.000000e+00 | node_Q=+0.000000e+00 | branch_ij=+0.000000e+00 | branch_ji=+0.000000e+00 | flex_P=-6.920464e-11 | flex_Q=-6.920464e-11
    [SLACK COMPONENT CHECK] classified_delta=-4.061560e-10 | objective_slack_delta=-4.061320e-10 | mismatch=-2.398082e-14
    [RECOURSE COMPONENT CHECK] classified_delta=-6.792921e+04 | block_delta=-6.792921e+04 | mismatch=+6.024493e-09
  TSO node=None year=2025 day=Spring | previous=7.661632e+07 | current=7.656449e+07 | delta=-5.182299e+04 | abs_delta=5.182299e+04
    [RECOURSE JUMP][TSO PROX] year=2025 day=Spring | V max=0.000097 | PF max=0.003480 | ESS max=0.000405
    [RECOURSE COMPONENTS] gen=-7.205013e+04 | flex=+2.022714e+04 | load_curt=+0.000000e+00 | res_curt=+0.000000e+00 | ess_usage=+0.000000e+00 | slacks=+2.598384e-10 | ess_comp=+1.220317e-04
    [SLACK COMPONENTS] voltage=+1.721645e-10 | node_P=+0.000000e+00 | node_Q=+0.000000e+00 | branch_ij=+0.000000e+00 | branch_ji=+0.000000e+00 | flex_P=+4.383161e-11 | flex_Q=+4.383161e-11
    [SLACK COMPONENT CHECK] classified_delta=+2.598277e-10 | objective_slack_delta=+2.598384e-10 | mismatch=-1.065814e-14
    [RECOURSE COMPONENT CHECK] classified_delta=-5.182299e+04 | block_delta=-5.182299e+04 | mismatch=-2.903835e-08
  TSO node=None year=2025 day=Summer | previous=9.302877e+07 | current=9.307396e+07 | delta=+4.518696e+04 | abs_delta=4.518696e+04
    [RECOURSE JUMP][TSO PROX] year=2025 day=Summer | V max=0.000131 | PF max=0.004059 | ESS max=0.000279
    [RECOURSE COMPONENTS] gen=+1.210262e+05 | flex=-7.583923e+04 | load_curt=+0.000000e+00 | res_curt=+0.000000e+00 | ess_usage=+0.000000e+00 | slacks=+7.560175e-12 | ess_comp=+1.150629e-05
    [SLACK COMPONENTS] voltage=+7.560175e-12 | node_P=+0.000000e+00 | node_Q=+0.000000e+00 | branch_ij=+0.000000e+00 | branch_ji=+0.000000e+00 | flex_P=-4.440892e-16 | flex_Q=-4.440892e-16
    [SLACK COMPONENT CHECK] classified_delta=+7.559287e-12 | objective_slack_delta=+7.560175e-12 | mismatch=-8.881784e-16
    [RECOURSE COMPONENT CHECK] classified_delta=+4.518696e+04 | block_delta=+4.518696e+04 | mismatch=-4.845788e-09
  DSO node=7 year=2035 day=Spring | previous=6.631299e+06 | current=6.665329e+06 | delta=+3.402983e+04 | abs_delta=3.402983e+04
    [RECOURSE COMPONENTS] gen=+0.000000e+00 | flex=+3.402959e+04 | load_curt=+0.000000e+00 | res_curt=+2.386453e-01 | ess_usage=+0.000000e+00 | slacks=+6.807943e-08 | ess_comp=-6.647281e-04
    [SLACK COMPONENTS] voltage=+5.760870e-08 | node_P=+0.000000e+00 | node_Q=+0.000000e+00 | branch_ij=+0.000000e+00 | branch_ji=+0.000000e+00 | flex_P=+1.047070e-08 | flex_Q=+0.000000e+00
    [SLACK COMPONENT CHECK] classified_delta=+6.807940e-08 | objective_slack_delta=+6.807943e-08 | mismatch=-2.842171e-14
    [RECOURSE COMPONENT CHECK] classified_delta=+3.402983e+04 | block_delta=+3.402983e+04 | mismatch=+2.146407e-09
  DSO node=9 year=2025 day=Summer | previous=2.013528e+06 | current=1.983547e+06 | delta=-2.998149e+04 | abs_delta=2.998149e+04
    [RECOURSE COMPONENTS] gen=+0.000000e+00 | flex=-2.998116e+04 | load_curt=+0.000000e+00 | res_curt=-3.651244e-01 | ess_usage=+0.000000e+00 | slacks=-1.276533e-05 | ess_comp=+3.282490e-02
    [SLACK COMPONENTS] voltage=-1.340635e-06 | node_P=+0.000000e+00 | node_Q=+0.000000e+00 | branch_ij=+0.000000e+00 | branch_ji=+0.000000e+00 | flex_P=-1.142469e-05 | flex_Q=+0.000000e+00
    [SLACK COMPONENT CHECK] classified_delta=-1.276533e-05 | objective_slack_delta=-1.276533e-05 | mismatch=+5.329071e-14
    [RECOURSE COMPONENT CHECK] classified_delta=-2.998149e+04 | block_delta=-2.998149e+04 | mismatch=-8.294592e-10
  DSO node=7 year=2025 day=Summer | previous=1.248995e+06 | current=1.223814e+06 | delta=-2.518090e+04 | abs_delta=2.518090e+04
    [RECOURSE COMPONENTS] gen=+0.000000e+00 | flex=-2.518063e+04 | load_curt=+0.000000e+00 | res_curt=-2.394034e-01 | ess_usage=+0.000000e+00 | slacks=-1.276966e-05 | ess_comp=-2.665591e-02
    [SLACK COMPONENTS] voltage=-5.744342e-07 | node_P=+0.000000e+00 | node_Q=+0.000000e+00 | branch_ij=+0.000000e+00 | branch_ji=+0.000000e+00 | flex_P=-1.219522e-05 | flex_Q=+0.000000e+00
    [SLACK COMPONENT CHECK] classified_delta=-1.276966e-05 | objective_slack_delta=-1.276966e-05 | mismatch=+1.634248e-13
    [RECOURSE COMPONENT CHECK] classified_delta=-2.518090e+04 | block_delta=-2.518090e+04 | mismatch=+9.458745e-11
  DSO node=9 year=2035 day=Spring | previous=9.901890e+06 | current=9.926600e+06 | delta=+2.470994e+04 | abs_delta=2.470994e+04
    [RECOURSE COMPONENTS] gen=+0.000000e+00 | flex=+2.471045e+04 | load_curt=+0.000000e+00 | res_curt=-5.058375e-01 | ess_usage=+0.000000e+00 | slacks=+4.443586e-08 | ess_comp=-5.759390e-04
    [SLACK COMPONENTS] voltage=+5.398141e-08 | node_P=+0.000000e+00 | node_Q=+0.000000e+00 | branch_ij=+0.000000e+00 | branch_ji=+0.000000e+00 | flex_P=-9.545506e-09 | flex_Q=+0.000000e+00
    [SLACK COMPONENT CHECK] classified_delta=+4.443590e-08 | objective_slack_delta=+4.443586e-08 | mismatch=+3.907985e-14
    [RECOURSE COMPONENT CHECK] classified_delta=+2.470994e+04 | block_delta=+2.470994e+04 | mismatch=-1.007720e-09
  DSO node=7 year=2030 day=Spring | previous=3.807639e+06 | current=3.828271e+06 | delta=+2.063239e+04 | abs_delta=2.063239e+04
    [RECOURSE COMPONENTS] gen=+0.000000e+00 | flex=+2.063463e+04 | load_curt=+0.000000e+00 | res_curt=-2.240194e+00 | ess_usage=+0.000000e+00 | slacks=+2.594395e-07 | ess_comp=-4.967845e-04
    [SLACK COMPONENTS] voltage=+5.602215e-08 | node_P=+0.000000e+00 | node_Q=+0.000000e+00 | branch_ij=+0.000000e+00 | branch_ji=+0.000000e+00 | flex_P=+2.039132e-07 | flex_Q=-4.957421e-10
    [SLACK COMPONENT CHECK] classified_delta=+2.594396e-07 | objective_slack_delta=+2.594395e-07 | mismatch=+8.881784e-14
    [RECOURSE COMPONENT CHECK] classified_delta=+2.063239e+04 | block_delta=+2.063239e+04 | mismatch=+8.913048e-10
  DSO node=7 year=2025 day=Spring | previous=4.006608e+06 | current=4.024586e+06 | delta=+1.797783e+04 | abs_delta=1.797783e+04
    [RECOURSE COMPONENTS] gen=+0.000000e+00 | flex=+1.797779e+04 | load_curt=+0.000000e+00 | res_curt=+3.741103e-02 | ess_usage=+0.000000e+00 | slacks=-4.230623e-08 | ess_comp=-9.322345e-04
    [SLACK COMPONENTS] voltage=+2.010012e-08 | node_P=+0.000000e+00 | node_Q=+0.000000e+00 | branch_ij=+0.000000e+00 | branch_ji=+0.000000e+00 | flex_P=-6.240634e-08 | flex_Q=+0.000000e+00
    [SLACK COMPONENT CHECK] classified_delta=-4.230623e-08 | objective_slack_delta=-4.230623e-08 | mismatch=+0.000000e+00
    [RECOURSE COMPONENT CHECK] classified_delta=+1.797783e+04 | block_delta=+1.797783e+04 | mismatch=-1.014996e-09
[INFO]		 - Recourse stationarity failed. 166085.804490 > 81936.765490
[ADMM RHO] V | primal max ratio=0.001 | primal mean ratio=0.001 | primal selected=0.001 | dual mean ratio=0.010 | increase threshold=5.0 | decrease threshold=5.0 | action=held
[ADMM RHO] PF | primal max ratio=0.170 | primal mean ratio=0.023 | primal selected=0.170 | dual mean ratio=0.113 | increase threshold=5.0 | decrease threshold=3.0 | action=held
[ADMM RHO] ESS | primal max ratio=0.019 | primal mean ratio=0.010 | primal selected=0.019 | dual mean ratio=0.006 | increase threshold=5.0 | decrease threshold=5.0 | action=held
[INFO]		 - ADMM cycle 58 | Primal (V max/mean | PF max/mean | ESS max/mean) = 0.000009/0.000001 | 0.001698/0.000023 | 0.001939/0.000098 | Dual (V max/mean | PF max/mean | ESS max/mean) = 0.000424/0.000098 | 0.025940/0.001133 | 0.002140/0.000056 | Recourse change = 166085.804490 (tol. 81936.765490) | Stable cycles = 0/1 | Penalty actions (V/PF/ESS) = held/held/held
[INFO] 	 - Iteration 58: 29.21 s
[INFO] 	 - ADMM Iteration 59
[INFO] 		 - Updating distribution networks:
[INFO] 			 - Running SMOPF, Network case33_1, 2025, Spring...
[INFO] 			 - Running SMOPF, Network case33_1, 2025, Summer...
[INFO] 			 - Running SMOPF, Network case33_1, 2025, Autumn...
[INFO] 			 - Running SMOPF, Network case33_1, 2025, Winter...
[INFO] 			 - Running SMOPF, Network case33_1, 2030, Spring...
[INFO] 			 - Running SMOPF, Network case33_1, 2030, Summer...
[INFO] 			 - Running SMOPF, Network case33_1, 2030, Autumn...
[INFO] 			 - Running SMOPF, Network case33_1, 2030, Winter...
[INFO] 			 - Running SMOPF, Network case33_1, 2035, Spring...
[INFO] 			 - Running SMOPF, Network case33_1, 2035, Summer...
[INFO] 			 - Running SMOPF, Network case33_1, 2035, Autumn...
[INFO] 			 - Running SMOPF, Network case33_1, 2035, Winter...
[INFO] 			 - Running SMOPF, Network case33_2, 2025, Spring...
[INFO] 			 - Running SMOPF, Network case33_2, 2025, Summer...
[INFO] 			 - Running SMOPF, Network case33_2, 2025, Autumn...
[INFO] 			 - Running SMOPF, Network case33_2, 2025, Winter...
[INFO] 			 - Running SMOPF, Network case33_2, 2030, Spring...
[INFO] 			 - Running SMOPF, Network case33_2, 2030, Summer...
[INFO] 			 - Running SMOPF, Network case33_2, 2030, Autumn...
[INFO] 			 - Running SMOPF, Network case33_2, 2030, Winter...
[INFO] 			 - Running SMOPF, Network case33_2, 2035, Spring...
[INFO] 			 - Running SMOPF, Network case33_2, 2035, Summer...
[INFO] 			 - Running SMOPF, Network case33_2, 2035, Autumn...
[INFO] 			 - Running SMOPF, Network case33_2, 2035, Winter...
[INFO] 			 - Running SMOPF, Network case33_3, 2025, Spring...
[INFO] 			 - Running SMOPF, Network case33_3, 2025, Summer...
[INFO] 			 - Running SMOPF, Network case33_3, 2025, Autumn...
[INFO] 			 - Running SMOPF, Network case33_3, 2025, Winter...
[INFO] 			 - Running SMOPF, Network case33_3, 2030, Spring...
[INFO] 			 - Running SMOPF, Network case33_3, 2030, Summer...
[INFO] 			 - Running SMOPF, Network case33_3, 2030, Autumn...
[INFO] 			 - Running SMOPF, Network case33_3, 2030, Winter...
[INFO] 			 - Running SMOPF, Network case33_3, 2035, Spring...
[INFO] 			 - Running SMOPF, Network case33_3, 2035, Summer...
[INFO] 			 - Running SMOPF, Network case33_3, 2035, Autumn...
[INFO] 			 - Running SMOPF, Network case33_3, 2035, Winter...
[INFO] 		 - Updating transmission network...
[INFO] 			 - Running SMOPF, Network case9, 2025, Spring...
[INFO] 			 - Running SMOPF, Network case9, 2025, Summer...
[INFO] 			 - Running SMOPF, Network case9, 2025, Autumn...
[INFO] 			 - Running SMOPF, Network case9, 2025, Winter...
[INFO] 			 - Running SMOPF, Network case9, 2030, Spring...
[INFO] 			 - Running SMOPF, Network case9, 2030, Summer...
[INFO] 			 - Running SMOPF, Network case9, 2030, Autumn...
[INFO] 			 - Running SMOPF, Network case9, 2030, Winter...
[INFO] 			 - Running SMOPF, Network case9, 2035, Spring...
[INFO] 			 - Running SMOPF, Network case9, 2035, Summer...
[INFO] 			 - Running SMOPF, Network case9, 2035, Autumn...
[INFO] 			 - Running SMOPF, Network case9, 2035, Winter...
[TSO PROX] cycle=59 | updated_blocks=12 | held_failed_blocks=0 | V max=0.000188 | PF max=0.004976 | ESS max=0.000405
[TSO PROX][V MAX] node=5, year=2035, day=Summer, period=19 | dV=0.064893 kV | normalized=0.000188
[TSO PROX][PF MAX] node=7, year=2035, day=Spring, period=15, type=P | delta=0.497573 MW | normalized=0.004976
[TSO PROX][ESS MAX] node=5, year=2025, day=Spring, period=14, type=P | delta=0.000784 MW | normalized=0.000405
[INFO] 		 - Updating SharedESS...
[INFO] 		 - Running Shared ESS optimization (subproblem)...
[INFO] 			 - Node 5...
[INFO] Shared ESS complementarity diagnostics for ESS node=5: ratio_max=8.773892e-06 n_periods=288 mu_final=9.908452e-12 s_obj=1.000000e-01 eps=1.000000e-05 bound=2.853634e-03 measured=2.658796e-03
[INFO] 			 - Node 7...
[INFO] Shared ESS complementarity diagnostics for ESS node=7: ratio_max=7.843014e-06 n_periods=288 mu_final=9.987508e-12 s_obj=1.000000e-01 eps=1.000000e-05 bound=2.876402e-03 measured=2.648187e-03
[INFO] 			 - Node 9...
[INFO] Shared ESS complementarity diagnostics for ESS node=9: ratio_max=7.328229e-06 n_periods=288 mu_final=9.905638e-12 s_obj=1.000000e-01 eps=1.000000e-05 bound=2.852824e-03 measured=2.644372e-03
[INFO]		 - Primal residuals ok!
[INFO]		 - Dual residuals ok!
[RECOURSE JUMP] cycle=59 | abs_change=1.612944e+05 | tol=8.192016e+04 | signed_change=-1.612944e+05
[RECOURSE JUMP] Reconciliation | previous=8.192016e+08 | current=8.190403e+08 | block_delta=-1.612944e+05 | mismatch=+1.192093e-07
[RECOURSE JUMP] Aggregate signed changes:
  TSO | delta=-2.032371e+05
  DSO node=7 | delta=+4.454618e+04
  DSO node=5 | delta=-5.382956e+03
  DSO node=9 | delta=+2.779491e+03
  SALVAGE | delta=+1.761326e-51
[RECOURSE JUMP] Largest 10 block changes:
  TSO node=None year=2035 day=Spring | previous=5.880460e+07 | current=5.869860e+07 | delta=-1.059979e+05 | abs_delta=1.059979e+05
    [RECOURSE JUMP][TSO PROX] year=2035 day=Spring | V max=0.000131 | PF max=0.004976 | ESS max=0.000018
    [RECOURSE COMPONENTS] gen=-1.773630e+05 | flex=+7.136539e+04 | load_curt=+0.000000e+00 | res_curt=+0.000000e+00 | ess_usage=+0.000000e+00 | slacks=-2.707712e-08 | ess_comp=-2.848506e-01
    [SLACK COMPONENTS] voltage=-1.779909e-08 | node_P=+0.000000e+00 | node_Q=+0.000000e+00 | branch_ij=+0.000000e+00 | branch_ji=+0.000000e+00 | flex_P=-4.639016e-09 | flex_Q=-4.639016e-09
    [SLACK COMPONENT CHECK] classified_delta=-2.707712e-08 | objective_slack_delta=-2.707712e-08 | mismatch=+8.881784e-16
    [RECOURSE COMPONENT CHECK] classified_delta=-1.059979e+05 | block_delta=-1.059979e+05 | mismatch=+6.140908e-09
  TSO node=None year=2030 day=Spring | previous=5.723336e+07 | current=5.717053e+07 | delta=-6.283169e+04 | abs_delta=6.283169e+04
    [RECOURSE JUMP][TSO PROX] year=2030 day=Spring | V max=0.000098 | PF max=0.003966 | ESS max=0.000017
    [RECOURSE COMPONENTS] gen=-9.366622e+04 | flex=+3.083454e+04 | load_curt=+0.000000e+00 | res_curt=+0.000000e+00 | ess_usage=+0.000000e+00 | slacks=-7.676782e-09 | ess_comp=-6.084092e-03
    [SLACK COMPONENTS] voltage=-5.054872e-09 | node_P=+0.000000e+00 | node_Q=+0.000000e+00 | branch_ij=+0.000000e+00 | branch_ji=+0.000000e+00 | flex_P=-1.310945e-09 | flex_Q=-1.310945e-09
    [SLACK COMPONENT CHECK] classified_delta=-7.676762e-09 | objective_slack_delta=-7.676782e-09 | mismatch=+1.953993e-14
    [RECOURSE COMPONENT CHECK] classified_delta=-6.283169e+04 | block_delta=-6.283169e+04 | mismatch=-3.550667e-09
  TSO node=None year=2025 day=Spring | previous=7.656449e+07 | current=7.652016e+07 | delta=-4.433730e+04 | abs_delta=4.433730e+04
    [RECOURSE JUMP][TSO PROX] year=2025 day=Spring | V max=0.000098 | PF max=0.003479 | ESS max=0.000405
    [RECOURSE COMPONENTS] gen=-5.925049e+04 | flex=+1.491319e+04 | load_curt=+0.000000e+00 | res_curt=+0.000000e+00 | ess_usage=+0.000000e+00 | slacks=+7.704472e-09 | ess_comp=+1.346877e-04
    [SLACK COMPONENTS] voltage=+5.084374e-09 | node_P=+0.000000e+00 | node_Q=+0.000000e+00 | branch_ij=+0.000000e+00 | branch_ji=+0.000000e+00 | flex_P=+1.310061e-09 | flex_Q=+1.310061e-09
    [SLACK COMPONENT CHECK] classified_delta=+7.704495e-09 | objective_slack_delta=+7.704472e-09 | mismatch=+2.309264e-14
    [RECOURSE COMPONENT CHECK] classified_delta=-4.433730e+04 | block_delta=-4.433730e+04 | mismatch=+9.444193e-09
  DSO node=7 year=2035 day=Spring | previous=6.665329e+06 | current=6.699311e+06 | delta=+3.398190e+04 | abs_delta=3.398190e+04
    [RECOURSE COMPONENTS] gen=+0.000000e+00 | flex=+3.398165e+04 | load_curt=+0.000000e+00 | res_curt=+2.506318e-01 | ess_usage=+0.000000e+00 | slacks=+5.271233e-07 | ess_comp=-1.441020e-03
    [SLACK COMPONENTS] voltage=+8.002974e-08 | node_P=+0.000000e+00 | node_Q=+0.000000e+00 | branch_ij=+0.000000e+00 | branch_ji=+0.000000e+00 | flex_P=+4.470935e-07 | flex_Q=+0.000000e+00
    [SLACK COMPONENT CHECK] classified_delta=+5.271232e-07 | objective_slack_delta=+5.271233e-07 | mismatch=-1.065814e-13
    [RECOURSE COMPONENT CHECK] classified_delta=+3.398190e+04 | block_delta=+3.398190e+04 | mismatch=-1.484295e-09
  TSO node=None year=2025 day=Summer | previous=9.307396e+07 | current=9.310523e+07 | delta=+3.127190e+04 | abs_delta=3.127190e+04
    [RECOURSE JUMP][TSO PROX] year=2025 day=Summer | V max=0.000131 | PF max=0.004178 | ESS max=0.000279
    [RECOURSE COMPONENTS] gen=+9.804949e+04 | flex=-6.677758e+04 | load_curt=+0.000000e+00 | res_curt=+0.000000e+00 | ess_usage=+0.000000e+00 | slacks=+7.553069e-12 | ess_comp=+2.081654e-05
    [SLACK COMPONENTS] voltage=+7.553069e-12 | node_P=+0.000000e+00 | node_Q=+0.000000e+00 | branch_ij=+0.000000e+00 | branch_ji=+0.000000e+00 | flex_P=-4.440892e-16 | flex_Q=-4.440892e-16
    [SLACK COMPONENT CHECK] classified_delta=+7.552181e-12 | objective_slack_delta=+7.553069e-12 | mismatch=-8.881784e-16
    [RECOURSE COMPONENT CHECK] classified_delta=+3.127190e+04 | block_delta=+3.127190e+04 | mismatch=+1.638909e-08
  DSO node=9 year=2025 day=Summer | previous=1.983547e+06 | current=1.956994e+06 | delta=-2.655313e+04 | abs_delta=2.655313e+04
    [RECOURSE COMPONENTS] gen=+0.000000e+00 | flex=-2.655255e+04 | load_curt=+0.000000e+00 | res_curt=-5.222273e-01 | ess_usage=+0.000000e+00 | slacks=-7.383892e-06 | ess_comp=-6.093754e-02
    [SLACK COMPONENTS] voltage=-4.770924e-07 | node_P=+0.000000e+00 | node_Q=+0.000000e+00 | branch_ij=+0.000000e+00 | branch_ji=+0.000000e+00 | flex_P=-6.906799e-06 | flex_Q=+0.000000e+00
    [SLACK COMPONENT CHECK] classified_delta=-7.383892e-06 | objective_slack_delta=-7.383892e-06 | mismatch=+1.101341e-13
    [RECOURSE COMPONENT CHECK] classified_delta=-2.655313e+04 | block_delta=-2.655313e+04 | mismatch=+9.458745e-10
  DSO node=9 year=2035 day=Spring | previous=9.926600e+06 | current=9.951218e+06 | delta=+2.461786e+04 | abs_delta=2.461786e+04
    [RECOURSE COMPONENTS] gen=+0.000000e+00 | flex=+2.461834e+04 | load_curt=+0.000000e+00 | res_curt=-4.721926e-01 | ess_usage=+0.000000e+00 | slacks=+5.536342e-07 | ess_comp=-1.069983e-03
    [SLACK COMPONENTS] voltage=+7.010885e-08 | node_P=+0.000000e+00 | node_Q=+0.000000e+00 | branch_ij=+0.000000e+00 | branch_ji=+0.000000e+00 | flex_P=+4.835252e-07 | flex_Q=+0.000000e+00
    [SLACK COMPONENT CHECK] classified_delta=+5.536340e-07 | objective_slack_delta=+5.536342e-07 | mismatch=-1.278977e-13
    [RECOURSE COMPONENT CHECK] classified_delta=+2.461786e+04 | block_delta=+2.461786e+04 | mismatch=-3.601599e-10
  DSO node=7 year=2025 day=Summer | previous=1.223814e+06 | current=1.201480e+06 | delta=-2.233368e+04 | abs_delta=2.233368e+04
    [RECOURSE COMPONENTS] gen=+0.000000e+00 | flex=-2.233346e+04 | load_curt=+0.000000e+00 | res_curt=-2.209374e-01 | ess_usage=+0.000000e+00 | slacks=-1.230846e-05 | ess_comp=+6.655175e-04
    [SLACK COMPONENTS] voltage=-8.677459e-07 | node_P=+0.000000e+00 | node_Q=+0.000000e+00 | branch_ij=+0.000000e+00 | branch_ji=+0.000000e+00 | flex_P=-1.144071e-05 | flex_Q=+0.000000e+00
    [SLACK COMPONENT CHECK] classified_delta=-1.230846e-05 | objective_slack_delta=-1.230846e-05 | mismatch=-1.385558e-13
    [RECOURSE COMPONENT CHECK] classified_delta=-2.233368e+04 | block_delta=-2.233368e+04 | mismatch=+6.184564e-11
  DSO node=7 year=2030 day=Spring | previous=3.828271e+06 | current=3.848889e+06 | delta=+2.061765e+04 | abs_delta=2.061765e+04
    [RECOURSE COMPONENTS] gen=+0.000000e+00 | flex=+2.061981e+04 | load_curt=+0.000000e+00 | res_curt=-2.160514e+00 | ess_usage=+0.000000e+00 | slacks=+2.422259e-07 | ess_comp=-4.273147e-04
    [SLACK COMPONENTS] voltage=+5.862933e-08 | node_P=+0.000000e+00 | node_Q=+0.000000e+00 | branch_ij=+0.000000e+00 | branch_ji=+0.000000e+00 | flex_P=+1.835966e-07 | flex_Q=+0.000000e+00
    [SLACK COMPONENT CHECK] classified_delta=+2.422260e-07 | objective_slack_delta=+2.422259e-07 | mismatch=+6.394885e-14
    [RECOURSE COMPONENT CHECK] classified_delta=+2.061765e+04 | block_delta=+2.061765e+04 | mismatch=-7.530616e-10
  TSO node=None year=2035 day=Summer | previous=6.641145e+07 | current=6.639303e+07 | delta=-1.841669e+04 | abs_delta=1.841669e+04
    [RECOURSE JUMP][TSO PROX] year=2035 day=Summer | V max=0.000188 | PF max=0.002146 | ESS max=0.000017
    [RECOURSE COMPONENTS] gen=-2.474552e+04 | flex=+6.328524e+03 | load_curt=+0.000000e+00 | res_curt=+0.000000e+00 | ess_usage=+0.000000e+00 | slacks=+3.524292e-12 | ess_comp=+3.099227e-01
    [SLACK COMPONENTS] voltage=+3.517187e-12 | node_P=+0.000000e+00 | node_Q=+0.000000e+00 | branch_ij=+0.000000e+00 | branch_ji=+0.000000e+00 | flex_P=+0.000000e+00 | flex_Q=+0.000000e+00
    [SLACK COMPONENT CHECK] classified_delta=+3.517187e-12 | objective_slack_delta=+3.524292e-12 | mismatch=-7.105427e-15
    [RECOURSE COMPONENT CHECK] classified_delta=-1.841669e+04 | block_delta=-1.841669e+04 | mismatch=-4.543836e-09
[INFO]		 - Recourse stationarity failed. 161294.371298 > 81920.156909
[ADMM RHO] V | primal max ratio=0.001 | primal mean ratio=0.000 | primal selected=0.001 | dual mean ratio=0.010 | increase threshold=5.0 | decrease threshold=5.0 | action=held
[ADMM RHO] PF | primal max ratio=0.100 | primal mean ratio=0.020 | primal selected=0.100 | dual mean ratio=0.111 | increase threshold=5.0 | decrease threshold=3.0 | action=held
[ADMM RHO] ESS | primal max ratio=0.020 | primal mean ratio=0.010 | primal selected=0.020 | dual mean ratio=0.005 | increase threshold=5.0 | decrease threshold=5.0 | action=held
[INFO]		 - ADMM cycle 59 | Primal (V max/mean | PF max/mean | ESS max/mean) = 0.000007/0.000000 | 0.001003/0.000020 | 0.002022/0.000099 | Dual (V max/mean | PF max/mean | ESS max/mean) = 0.000423/0.000098 | 0.025887/0.001105 | 0.001761/0.000049 | Recourse change = 161294.371298 (tol. 81920.156909) | Stable cycles = 0/1 | Penalty actions (V/PF/ESS) = held/held/held
[INFO] 	 - Iteration 59: 30.91 s
[INFO] 	 - ADMM Iteration 60
[INFO] 		 - Updating distribution networks:
[INFO] 			 - Running SMOPF, Network case33_1, 2025, Spring...
[INFO] 			 - Running SMOPF, Network case33_1, 2025, Summer...
[INFO] 			 - Running SMOPF, Network case33_1, 2025, Autumn...
[INFO] 			 - Running SMOPF, Network case33_1, 2025, Winter...
[INFO] 			 - Running SMOPF, Network case33_1, 2030, Spring...
[INFO] 			 - Running SMOPF, Network case33_1, 2030, Summer...
[INFO] 			 - Running SMOPF, Network case33_1, 2030, Autumn...
[INFO] 			 - Running SMOPF, Network case33_1, 2030, Winter...
[INFO] 			 - Running SMOPF, Network case33_1, 2035, Spring...
[INFO] 			 - Running SMOPF, Network case33_1, 2035, Summer...
[INFO] 			 - Running SMOPF, Network case33_1, 2035, Autumn...
[INFO] 			 - Running SMOPF, Network case33_1, 2035, Winter...
[INFO] 			 - Running SMOPF, Network case33_2, 2025, Spring...
[INFO] 			 - Running SMOPF, Network case33_2, 2025, Summer...
[INFO] 			 - Running SMOPF, Network case33_2, 2025, Autumn...
[INFO] 			 - Running SMOPF, Network case33_2, 2025, Winter...
[INFO] 			 - Running SMOPF, Network case33_2, 2030, Spring...
[INFO] 			 - Running SMOPF, Network case33_2, 2030, Summer...
[INFO] 			 - Running SMOPF, Network case33_2, 2030, Autumn...
[INFO] 			 - Running SMOPF, Network case33_2, 2030, Winter...
[INFO] 			 - Running SMOPF, Network case33_2, 2035, Spring...
[INFO] 			 - Running SMOPF, Network case33_2, 2035, Summer...
[INFO] 			 - Running SMOPF, Network case33_2, 2035, Autumn...
[INFO] 			 - Running SMOPF, Network case33_2, 2035, Winter...
[INFO] 			 - Running SMOPF, Network case33_3, 2025, Spring...
[INFO] 			 - Running SMOPF, Network case33_3, 2025, Summer...
[INFO] 			 - Running SMOPF, Network case33_3, 2025, Autumn...
[INFO] 			 - Running SMOPF, Network case33_3, 2025, Winter...
[INFO] 			 - Running SMOPF, Network case33_3, 2030, Spring...
[INFO] 			 - Running SMOPF, Network case33_3, 2030, Summer...
[INFO] 			 - Running SMOPF, Network case33_3, 2030, Autumn...
[INFO] 			 - Running SMOPF, Network case33_3, 2030, Winter...
[INFO] 			 - Running SMOPF, Network case33_3, 2035, Spring...
[INFO] 			 - Running SMOPF, Network case33_3, 2035, Summer...
[INFO] 			 - Running SMOPF, Network case33_3, 2035, Autumn...
[INFO] 			 - Running SMOPF, Network case33_3, 2035, Winter...
[INFO] 		 - Updating transmission network...
[INFO] 			 - Running SMOPF, Network case9, 2025, Spring...
[INFO] 			 - Running SMOPF, Network case9, 2025, Summer...
[INFO] 			 - Running SMOPF, Network case9, 2025, Autumn...
[INFO] 			 - Running SMOPF, Network case9, 2025, Winter...
[INFO] 			 - Running SMOPF, Network case9, 2030, Spring...
[INFO] 			 - Running SMOPF, Network case9, 2030, Summer...
[INFO] 			 - Running SMOPF, Network case9, 2030, Autumn...
[INFO] 			 - Running SMOPF, Network case9, 2030, Winter...
[INFO] 			 - Running SMOPF, Network case9, 2035, Spring...
[INFO] 			 - Running SMOPF, Network case9, 2035, Summer...
[INFO] 			 - Running SMOPF, Network case9, 2035, Autumn...
[INFO] 			 - Running SMOPF, Network case9, 2035, Winter...
[TSO PROX] cycle=60 | updated_blocks=12 | held_failed_blocks=0 | V max=0.000188 | PF max=0.004965 | ESS max=0.000404
[TSO PROX][V MAX] node=5, year=2035, day=Summer, period=19 | dV=0.064761 kV | normalized=0.000188
[TSO PROX][PF MAX] node=7, year=2035, day=Spring, period=15, type=P | delta=0.496489 MW | normalized=0.004965
[TSO PROX][ESS MAX] node=5, year=2025, day=Spring, period=14, type=P | delta=0.000783 MW | normalized=0.000404
[INFO] 		 - Updating SharedESS...
[INFO] 		 - Running Shared ESS optimization (subproblem)...
[INFO] 			 - Node 5...
[INFO] Shared ESS complementarity diagnostics for ESS node=5: ratio_max=9.311730e-06 n_periods=288 mu_final=1.006985e-11 s_obj=1.000000e-01 eps=1.000000e-05 bound=2.900117e-03 measured=2.651994e-03
[INFO] 			 - Node 7...
[INFO] Shared ESS complementarity diagnostics for ESS node=7: ratio_max=7.248600e-06 n_periods=288 mu_final=1.009464e-11 s_obj=1.000000e-01 eps=1.000000e-05 bound=2.907256e-03 measured=2.642940e-03
[INFO] 			 - Node 9...
[INFO] Shared ESS complementarity diagnostics for ESS node=9: ratio_max=6.978626e-06 n_periods=288 mu_final=1.009238e-11 s_obj=1.000000e-01 eps=1.000000e-05 bound=2.906604e-03 measured=2.643901e-03
[INFO]		 - Primal residuals ok!
[INFO]		 - Dual residuals ok!
[RECOURSE JUMP] cycle=60 | abs_change=1.618431e+05 | tol=8.190403e+04 | signed_change=-1.618431e+05
[RECOURSE JUMP] Reconciliation | previous=8.190403e+08 | current=8.188784e+08 | block_delta=-1.618431e+05 | mismatch=-5.960464e-07
[RECOURSE JUMP] Aggregate signed changes:
  TSO | delta=-2.054785e+05
  DSO node=7 | delta=+4.485829e+04
  DSO node=5 | delta=-4.428947e+03
  DSO node=9 | delta=+3.206087e+03
  SALVAGE | delta=-3.747502e-52
[RECOURSE JUMP] Largest 10 block changes:
  TSO node=None year=2035 day=Spring | previous=5.869860e+07 | current=5.859351e+07 | delta=-1.050966e+05 | abs_delta=1.050966e+05
    [RECOURSE JUMP][TSO PROX] year=2035 day=Spring | V max=0.000132 | PF max=0.004965 | ESS max=0.000113
    [RECOURSE COMPONENTS] gen=-1.757569e+05 | flex=+7.066230e+04 | load_curt=+0.000000e+00 | res_curt=+0.000000e+00 | ess_usage=+0.000000e+00 | slacks=-1.118104e-07 | ess_comp=-1.986204e+00
    [SLACK COMPONENTS] voltage=-7.352300e-08 | node_P=+0.000000e+00 | node_Q=+0.000000e+00 | branch_ij=+0.000000e+00 | branch_ji=+0.000000e+00 | flex_P=-1.914368e-08 | flex_Q=-1.914368e-08
    [SLACK COMPONENT CHECK] classified_delta=-1.118103e-07 | objective_slack_delta=-1.118104e-07 | mismatch=+2.486900e-14
    [RECOURSE COMPONENT CHECK] classified_delta=-1.050966e+05 | block_delta=-1.050966e+05 | mismatch=-5.369657e-09
  TSO node=None year=2030 day=Spring | previous=5.717053e+07 | current=5.710530e+07 | delta=-6.523311e+04 | abs_delta=6.523311e+04
    [RECOURSE JUMP][TSO PROX] year=2030 day=Spring | V max=0.000098 | PF max=0.003881 | ESS max=0.000016
    [RECOURSE COMPONENTS] gen=-9.917242e+04 | flex=+3.393932e+04 | load_curt=+0.000000e+00 | res_curt=+0.000000e+00 | ess_usage=+0.000000e+00 | slacks=-4.301313e-09 | ess_comp=-5.317492e-03
    [SLACK COMPONENTS] voltage=-2.832145e-09 | node_P=+0.000000e+00 | node_Q=+0.000000e+00 | branch_ij=+0.000000e+00 | branch_ji=+0.000000e+00 | flex_P=-7.345973e-10 | flex_Q=-7.345973e-10
    [SLACK COMPONENT CHECK] classified_delta=-4.301340e-09 | objective_slack_delta=-4.301313e-09 | mismatch=-2.664535e-14
    [RECOURSE COMPONENT CHECK] classified_delta=-6.523311e+04 | block_delta=-6.523311e+04 | mismatch=+9.407813e-09
  TSO node=None year=2025 day=Spring | previous=7.652016e+07 | current=7.647876e+07 | delta=-4.139996e+04 | abs_delta=4.139996e+04
    [RECOURSE JUMP][TSO PROX] year=2025 day=Spring | V max=0.000099 | PF max=0.003479 | ESS max=0.000404
    [RECOURSE COMPONENTS] gen=-5.441529e+04 | flex=+1.301533e+04 | load_curt=+0.000000e+00 | res_curt=+0.000000e+00 | ess_usage=+0.000000e+00 | slacks=-1.903079e-08 | ess_comp=-3.078150e-03
    [SLACK COMPONENTS] voltage=-1.255606e-08 | node_P=+0.000000e+00 | node_Q=+0.000000e+00 | branch_ij=+0.000000e+00 | branch_ji=+0.000000e+00 | flex_P=-3.237359e-09 | flex_Q=-3.237359e-09
    [SLACK COMPONENT CHECK] classified_delta=-1.903078e-08 | objective_slack_delta=-1.903079e-08 | mismatch=+1.065814e-14
    [RECOURSE COMPONENT CHECK] classified_delta=-4.139996e+04 | block_delta=-4.139996e+04 | mismatch=+1.419539e-08
  DSO node=7 year=2035 day=Spring | previous=6.699311e+06 | current=6.733234e+06 | delta=+3.392287e+04 | abs_delta=3.392287e+04
    [RECOURSE COMPONENTS] gen=+0.000000e+00 | flex=+3.392261e+04 | load_curt=+0.000000e+00 | res_curt=+2.705953e-01 | ess_usage=+0.000000e+00 | slacks=+5.963724e-07 | ess_comp=-9.416930e-03
    [SLACK COMPONENTS] voltage=+8.616348e-08 | node_P=+0.000000e+00 | node_Q=+0.000000e+00 | branch_ij=+0.000000e+00 | branch_ji=+0.000000e+00 | flex_P=+5.102089e-07 | flex_Q=+0.000000e+00
    [SLACK COMPONENT CHECK] classified_delta=+5.963724e-07 | objective_slack_delta=+5.963724e-07 | mismatch=+1.776357e-14
    [RECOURSE COMPONENT CHECK] classified_delta=+3.392287e+04 | block_delta=+3.392287e+04 | mismatch=+1.178705e-09
  TSO node=None year=2025 day=Summer | previous=9.310523e+07 | current=9.313405e+07 | delta=+2.882488e+04 | abs_delta=2.882488e+04
    [RECOURSE JUMP][TSO PROX] year=2025 day=Summer | V max=0.000131 | PF max=0.004103 | ESS max=0.000279
    [RECOURSE COMPONENTS] gen=+9.206786e+04 | flex=-6.324299e+04 | load_curt=+0.000000e+00 | res_curt=+0.000000e+00 | ess_usage=+0.000000e+00 | slacks=+7.588596e-12 | ess_comp=-2.091847e-06
    [SLACK COMPONENTS] voltage=+7.588596e-12 | node_P=+0.000000e+00 | node_Q=+0.000000e+00 | branch_ij=+0.000000e+00 | branch_ji=+0.000000e+00 | flex_P=+0.000000e+00 | flex_Q=+0.000000e+00
    [SLACK COMPONENT CHECK] classified_delta=+7.588596e-12 | objective_slack_delta=+7.588596e-12 | mismatch=+0.000000e+00
    [RECOURSE COMPONENT CHECK] classified_delta=+2.882488e+04 | block_delta=+2.882488e+04 | mismatch=-8.938514e-09
  DSO node=9 year=2025 day=Summer | previous=1.956994e+06 | current=1.929270e+06 | delta=-2.772384e+04 | abs_delta=2.772384e+04
    [RECOURSE COMPONENTS] gen=+0.000000e+00 | flex=-2.772275e+04 | load_curt=+0.000000e+00 | res_curt=-1.137003e+00 | ess_usage=+0.000000e+00 | slacks=+3.292279e-06 | ess_comp=+4.708551e-02
    [SLACK COMPONENTS] voltage=+4.577027e-07 | node_P=+0.000000e+00 | node_Q=+0.000000e+00 | branch_ij=+0.000000e+00 | branch_ji=+0.000000e+00 | flex_P=+2.834576e-06 | flex_Q=+0.000000e+00
    [SLACK COMPONENT CHECK] classified_delta=+3.292279e-06 | objective_slack_delta=+3.292279e-06 | mismatch=+1.065814e-14
    [RECOURSE COMPONENT CHECK] classified_delta=-2.772384e+04 | block_delta=-2.772384e+04 | mismatch=-5.093170e-11
  DSO node=9 year=2035 day=Spring | previous=9.951218e+06 | current=9.975742e+06 | delta=+2.452370e+04 | abs_delta=2.452370e+04
    [RECOURSE COMPONENTS] gen=+0.000000e+00 | flex=+2.452416e+04 | load_curt=+0.000000e+00 | res_curt=-4.489865e-01 | ess_usage=+0.000000e+00 | slacks=+7.501645e-07 | ess_comp=-3.991190e-03
    [SLACK COMPONENTS] voltage=+7.902992e-08 | node_P=+0.000000e+00 | node_Q=+0.000000e+00 | branch_ij=+0.000000e+00 | branch_ji=+0.000000e+00 | flex_P=+6.711347e-07 | flex_Q=+0.000000e+00
    [SLACK COMPONENT CHECK] classified_delta=+7.501646e-07 | objective_slack_delta=+7.501645e-07 | mismatch=+5.684342e-14
    [RECOURSE COMPONENT CHECK] classified_delta=+2.452370e+04 | block_delta=+2.452370e+04 | mismatch=-5.165930e-10
  TSO node=None year=2035 day=Summer | previous=6.639303e+07 | current=6.637200e+07 | delta=-2.103718e+04 | abs_delta=2.103718e+04
    [RECOURSE JUMP][TSO PROX] year=2035 day=Summer | V max=0.000188 | PF max=0.002123 | ESS max=0.000065
    [RECOURSE COMPONENTS] gen=-2.932278e+04 | flex=+8.284340e+03 | load_curt=+0.000000e+00 | res_curt=+0.000000e+00 | ess_usage=+0.000000e+00 | slacks=+3.566925e-12 | ess_comp=+1.257494e+00
    [SLACK COMPONENTS] voltage=+3.566925e-12 | node_P=+0.000000e+00 | node_Q=+0.000000e+00 | branch_ij=+0.000000e+00 | branch_ji=+0.000000e+00 | flex_P=+0.000000e+00 | flex_Q=+0.000000e+00
    [SLACK COMPONENT CHECK] classified_delta=+3.566925e-12 | objective_slack_delta=+3.566925e-12 | mismatch=+0.000000e+00
    [RECOURSE COMPONENT CHECK] classified_delta=-2.103718e+04 | block_delta=-2.103718e+04 | mismatch=+5.373295e-09
  DSO node=7 year=2025 day=Summer | previous=1.201480e+06 | current=1.180723e+06 | delta=-2.075702e+04 | abs_delta=2.075702e+04
    [RECOURSE COMPONENTS] gen=+0.000000e+00 | flex=-2.075675e+04 | load_curt=+0.000000e+00 | res_curt=-2.754043e-01 | ess_usage=+0.000000e+00 | slacks=+5.969995e-06 | ess_comp=+3.326170e-03
    [SLACK COMPONENTS] voltage=+1.313190e-07 | node_P=+0.000000e+00 | node_Q=+0.000000e+00 | branch_ij=+0.000000e+00 | branch_ji=+0.000000e+00 | flex_P=+5.838676e-06 | flex_Q=+0.000000e+00
    [SLACK COMPONENT CHECK] classified_delta=+5.969995e-06 | objective_slack_delta=+5.969995e-06 | mismatch=-7.105427e-15
    [RECOURSE COMPONENT CHECK] classified_delta=-2.075702e+04 | block_delta=-2.075702e+04 | mismatch=-5.820766e-11
  DSO node=7 year=2030 day=Spring | previous=3.848889e+06 | current=3.869442e+06 | delta=+2.055291e+04 | abs_delta=2.055291e+04
    [RECOURSE COMPONENTS] gen=+0.000000e+00 | flex=+2.055499e+04 | load_curt=+0.000000e+00 | res_curt=-2.076756e+00 | ess_usage=+0.000000e+00 | slacks=-3.810271e-08 | ess_comp=-3.382360e-04
    [SLACK COMPONENTS] voltage=+3.814364e-08 | node_P=+0.000000e+00 | node_Q=+0.000000e+00 | branch_ij=+0.000000e+00 | branch_ji=+0.000000e+00 | flex_P=-7.624640e-08 | flex_Q=+0.000000e+00
    [SLACK COMPONENT CHECK] classified_delta=-3.810276e-08 | objective_slack_delta=-3.810271e-08 | mismatch=-4.618528e-14
    [RECOURSE COMPONENT CHECK] classified_delta=+2.055291e+04 | block_delta=+2.055291e+04 | mismatch=-2.837623e-10
[INFO]		 - Recourse stationarity failed. 161843.065006 > 81904.027472
[ADMM RHO] V | primal max ratio=0.001 | primal mean ratio=0.000 | primal selected=0.001 | dual mean ratio=0.010 | increase threshold=5.0 | decrease threshold=5.0 | action=held
[ADMM RHO] PF | primal max ratio=0.071 | primal mean ratio=0.017 | primal selected=0.071 | dual mean ratio=0.108 | increase threshold=5.0 | decrease threshold=3.0 | action=held
[ADMM RHO] ESS | primal max ratio=0.021 | primal mean ratio=0.009 | primal selected=0.021 | dual mean ratio=0.004 | increase threshold=5.0 | decrease threshold=5.0 | action=held
[INFO]		 - ADMM cycle 60 | Primal (V max/mean | PF max/mean | ESS max/mean) = 0.000008/0.000000 | 0.000711/0.000017 | 0.002059/0.000094 | Dual (V max/mean | PF max/mean | ESS max/mean) = 0.000422/0.000098 | 0.025830/0.001082 | 0.001357/0.000043 | Recourse change = 161843.065006 (tol. 81904.027472) | Stable cycles = 0/1 | Penalty actions (V/PF/ESS) = held/held/held
[INFO] 	 - Iteration 60: 31.36 s
[INFO] 	 - ADMM Iteration 61
[INFO] 		 - Updating distribution networks:
[INFO] 			 - Running SMOPF, Network case33_1, 2025, Spring...
[WARNING] Network primary solve did not converge for case33_1, year=2025, day=Spring: status=warning, termination=maxIterations, message=Ipopt 3.14.18\x3a Maximum Number of Iterations Exceeded. | warm_start=True
[WARNING] ADMM penalties for case33_1, year=2025, day=Spring: rho_v=2.25, rho_pf=5.20246, rho_ess=1
[WARNING] IPOPT primary solve log for case33_1, year=2025, day=Spring: /Users/micaelsimoes/Projects/share-resource-planning-no_esso-degradation/data/SRP1/Results/P56A/evals/p515g1b_baseline/logs/optim_log_case33_1_2025_Spring.log
[INFO] Retrying network solve once for case33_1, year=2025, day=Spring, cold start, with warm_start_init_point=no.
[INFO] Network recovery solve succeeded for case33_1, year=2025, day=Spring.
[INFO] 			 - Running SMOPF, Network case33_1, 2025, Summer...
[INFO] 			 - Running SMOPF, Network case33_1, 2025, Autumn...
[INFO] 			 - Running SMOPF, Network case33_1, 2025, Winter...
[INFO] 			 - Running SMOPF, Network case33_1, 2030, Spring...
[INFO] 			 - Running SMOPF, Network case33_1, 2030, Summer...
[INFO] 			 - Running SMOPF, Network case33_1, 2030, Autumn...
[INFO] 			 - Running SMOPF, Network case33_1, 2030, Winter...
[INFO] 			 - Running SMOPF, Network case33_1, 2035, Spring...
[INFO] 			 - Running SMOPF, Network case33_1, 2035, Summer...
[INFO] 			 - Running SMOPF, Network case33_1, 2035, Autumn...
[INFO] 			 - Running SMOPF, Network case33_1, 2035, Winter...
[INFO] 			 - Running SMOPF, Network case33_2, 2025, Spring...
[INFO] 			 - Running SMOPF, Network case33_2, 2025, Summer...
[INFO] 			 - Running SMOPF, Network case33_2, 2025, Autumn...
[INFO] 			 - Running SMOPF, Network case33_2, 2025, Winter...
[INFO] 			 - Running SMOPF, Network case33_2, 2030, Spring...
[INFO] 			 - Running SMOPF, Network case33_2, 2030, Summer...
[INFO] 			 - Running SMOPF, Network case33_2, 2030, Autumn...
[INFO] 			 - Running SMOPF, Network case33_2, 2030, Winter...
[INFO] 			 - Running SMOPF, Network case33_2, 2035, Spring...
[INFO] 			 - Running SMOPF, Network case33_2, 2035, Summer...
[INFO] 			 - Running SMOPF, Network case33_2, 2035, Autumn...
[INFO] 			 - Running SMOPF, Network case33_2, 2035, Winter...
[INFO] 			 - Running SMOPF, Network case33_3, 2025, Spring...
[INFO] 			 - Running SMOPF, Network case33_3, 2025, Summer...
[INFO] 			 - Running SMOPF, Network case33_3, 2025, Autumn...
[INFO] 			 - Running SMOPF, Network case33_3, 2025, Winter...
[INFO] 			 - Running SMOPF, Network case33_3, 2030, Spring...
[INFO] 			 - Running SMOPF, Network case33_3, 2030, Summer...
[INFO] 			 - Running SMOPF, Network case33_3, 2030, Autumn...
[INFO] 			 - Running SMOPF, Network case33_3, 2030, Winter...
[INFO] 			 - Running SMOPF, Network case33_3, 2035, Spring...
[INFO] 			 - Running SMOPF, Network case33_3, 2035, Summer...
[INFO] 			 - Running SMOPF, Network case33_3, 2035, Autumn...
[INFO] 			 - Running SMOPF, Network case33_3, 2035, Winter...
[INFO] 		 - Updating transmission network...
[INFO] 			 - Running SMOPF, Network case9, 2025, Spring...
[INFO] 			 - Running SMOPF, Network case9, 2025, Summer...
[INFO] 			 - Running SMOPF, Network case9, 2025, Autumn...
[INFO] 			 - Running SMOPF, Network case9, 2025, Winter...
[INFO] 			 - Running SMOPF, Network case9, 2030, Spring...
[INFO] 			 - Running SMOPF, Network case9, 2030, Summer...
[INFO] 			 - Running SMOPF, Network case9, 2030, Autumn...
[INFO] 			 - Running SMOPF, Network case9, 2030, Winter...
[INFO] 			 - Running SMOPF, Network case9, 2035, Spring...
[INFO] 			 - Running SMOPF, Network case9, 2035, Summer...
[INFO] 			 - Running SMOPF, Network case9, 2035, Autumn...
[INFO] 			 - Running SMOPF, Network case9, 2035, Winter...
[TSO PROX] cycle=61 | updated_blocks=12 | held_failed_blocks=0 | V max=0.000187 | PF max=0.004953 | ESS max=0.000448
[TSO PROX][V MAX] node=5, year=2035, day=Summer, period=19 | dV=0.064656 kV | normalized=0.000187
[TSO PROX][PF MAX] node=7, year=2035, day=Spring, period=15, type=P | delta=0.495276 MW | normalized=0.004953
[TSO PROX][ESS MAX] node=5, year=2025, day=Spring, period=23, type=P | delta=0.000867 MW | normalized=0.000448
[INFO] 		 - Updating SharedESS...
[INFO] 		 - Running Shared ESS optimization (subproblem)...
[INFO] 			 - Node 5...
[INFO] Shared ESS complementarity diagnostics for ESS node=5: ratio_max=8.542021e-06 n_periods=288 mu_final=1.010316e-11 s_obj=1.000000e-01 eps=1.000000e-05 bound=2.909711e-03 measured=2.649723e-03
[INFO] 			 - Node 7...
[INFO] Shared ESS complementarity diagnostics for ESS node=7: ratio_max=7.239254e-06 n_periods=288 mu_final=9.978681e-12 s_obj=1.000000e-01 eps=1.000000e-05 bound=2.873860e-03 measured=2.641846e-03
[INFO] 			 - Node 9...
[INFO] Shared ESS complementarity diagnostics for ESS node=9: ratio_max=8.179608e-06 n_periods=288 mu_final=9.992292e-12 s_obj=1.000000e-01 eps=1.000000e-05 bound=2.877780e-03 measured=2.648864e-03
[INFO]		 - Primal residuals ok!
[INFO]		 - Dual residuals ok!
[RECOURSE JUMP] cycle=61 | abs_change=1.567346e+05 | tol=8.188784e+04 | signed_change=-1.567346e+05
[RECOURSE JUMP] Reconciliation | previous=8.188784e+08 | current=8.187217e+08 | block_delta=-1.567346e+05 | mismatch=+2.384186e-07
[RECOURSE JUMP] Aggregate signed changes:
  TSO | delta=-1.960732e+05
  DSO node=7 | delta=+4.590787e+04
  DSO node=5 | delta=-9.743275e+03
  DSO node=9 | delta=+3.174048e+03
  SALVAGE | delta=-1.199201e-51
[RECOURSE JUMP] Largest 10 block changes:
  TSO node=None year=2035 day=Spring | previous=5.859351e+07 | current=5.848977e+07 | delta=-1.037379e+05 | abs_delta=1.037379e+05
    [RECOURSE JUMP][TSO PROX] year=2035 day=Spring | V max=0.000133 | PF max=0.004953 | ESS max=0.000023
    [RECOURSE COMPONENTS] gen=-1.740199e+05 | flex=+7.028212e+04 | load_curt=+0.000000e+00 | res_curt=+0.000000e+00 | ess_usage=+0.000000e+00 | slacks=-4.000356e-12 | ess_comp=-1.063438e-01
    [SLACK COMPONENTS] voltage=-4.057199e-12 | node_P=+0.000000e+00 | node_Q=+0.000000e+00 | branch_ij=+0.000000e+00 | branch_ji=+0.000000e+00 | flex_P=+2.531308e-14 | flex_Q=+2.531308e-14
    [SLACK COMPONENT CHECK] classified_delta=-4.006573e-12 | objective_slack_delta=-4.000356e-12 | mismatch=-6.217249e-15
    [RECOURSE COMPONENT CHECK] classified_delta=-1.037379e+05 | block_delta=-1.037379e+05 | mismatch=+4.714821e-09
  TSO node=None year=2030 day=Spring | previous=5.710530e+07 | current=5.703537e+07 | delta=-6.992108e+04 | abs_delta=6.992108e+04
    [RECOURSE JUMP][TSO PROX] year=2030 day=Spring | V max=0.000098 | PF max=0.003929 | ESS max=0.000016
    [RECOURSE COMPONENTS] gen=-1.104795e+05 | flex=+4.055844e+04 | load_curt=+0.000000e+00 | res_curt=+0.000000e+00 | ess_usage=+0.000000e+00 | slacks=+2.703715e-09 | ess_comp=+5.362819e-03
    [SLACK COMPONENTS] voltage=+1.780080e-09 | node_P=+0.000000e+00 | node_Q=+0.000000e+00 | branch_ij=+0.000000e+00 | branch_ji=+0.000000e+00 | flex_P=+4.618270e-10 | flex_Q=+4.618270e-10
    [SLACK COMPONENT CHECK] classified_delta=+2.703734e-09 | objective_slack_delta=+2.703715e-09 | mismatch=+1.953993e-14
    [RECOURSE COMPONENT CHECK] classified_delta=-6.992108e+04 | block_delta=-6.992108e+04 | mismatch=-1.666194e-08
  TSO node=None year=2025 day=Spring | previous=7.647876e+07 | current=7.643727e+07 | delta=-4.148653e+04 | abs_delta=4.148653e+04
    [RECOURSE JUMP][TSO PROX] year=2025 day=Spring | V max=0.000100 | PF max=0.003478 | ESS max=0.000448
    [RECOURSE COMPONENTS] gen=-5.479350e+04 | flex=+1.330697e+04 | load_curt=+0.000000e+00 | res_curt=+0.000000e+00 | ess_usage=+0.000000e+00 | slacks=+5.447242e-08 | ess_comp=+7.842255e-03
    [SLACK COMPONENTS] voltage=+3.594034e-08 | node_P=+0.000000e+00 | node_Q=+0.000000e+00 | branch_ij=+0.000000e+00 | branch_ji=+0.000000e+00 | flex_P=+9.266035e-09 | flex_Q=+9.266035e-09
    [SLACK COMPONENT CHECK] classified_delta=+5.447241e-08 | objective_slack_delta=+5.447242e-08 | mismatch=-6.217249e-15
    [RECOURSE COMPONENT CHECK] classified_delta=-4.148653e+04 | block_delta=-4.148653e+04 | mismatch=-9.706127e-09
  TSO node=None year=2025 day=Summer | previous=9.313405e+07 | current=9.316986e+07 | delta=+3.581069e+04 | abs_delta=3.581069e+04
    [RECOURSE JUMP][TSO PROX] year=2025 day=Summer | V max=0.000132 | PF max=0.003992 | ESS max=0.000279
    [RECOURSE COMPONENTS] gen=+1.012330e+05 | flex=-6.542229e+04 | load_curt=+0.000000e+00 | res_curt=+0.000000e+00 | ess_usage=+0.000000e+00 | slacks=+7.673862e-12 | ess_comp=+4.810212e-06
    [SLACK COMPONENTS] voltage=+7.680967e-12 | node_P=+0.000000e+00 | node_Q=+0.000000e+00 | branch_ij=+0.000000e+00 | branch_ji=+0.000000e+00 | flex_P=-4.440892e-16 | flex_Q=-4.440892e-16
    [SLACK COMPONENT CHECK] classified_delta=+7.680079e-12 | objective_slack_delta=+7.673862e-12 | mismatch=+6.217249e-15
    [RECOURSE COMPONENT CHECK] classified_delta=+3.581069e+04 | block_delta=+3.581069e+04 | mismatch=-7.981726e-09
  DSO node=7 year=2035 day=Spring | previous=6.733234e+06 | current=6.767093e+06 | delta=+3.385916e+04 | abs_delta=3.385916e+04
    [RECOURSE COMPONENTS] gen=+0.000000e+00 | flex=+3.385970e+04 | load_curt=+0.000000e+00 | res_curt=+2.810312e-01 | ess_usage=+0.000000e+00 | slacks=+3.183982e-07 | ess_comp=-8.221953e-01
    [SLACK COMPONENTS] voltage=+7.919448e-08 | node_P=+0.000000e+00 | node_Q=+0.000000e+00 | branch_ij=+0.000000e+00 | branch_ji=+0.000000e+00 | flex_P=+2.392037e-07 | flex_Q=+0.000000e+00
    [SLACK COMPONENT CHECK] classified_delta=+3.183982e-07 | objective_slack_delta=+3.183982e-07 | mismatch=-1.421085e-14
    [RECOURSE COMPONENT CHECK] classified_delta=+3.385916e+04 | block_delta=+3.385916e+04 | mismatch=-1.222361e-09
  DSO node=9 year=2025 day=Summer | previous=1.929270e+06 | current=1.899938e+06 | delta=-2.933209e+04 | abs_delta=2.933209e+04
    [RECOURSE COMPONENTS] gen=+0.000000e+00 | flex=-2.933094e+04 | load_curt=+0.000000e+00 | res_curt=-1.159795e+00 | ess_usage=+0.000000e+00 | slacks=+6.011462e-06 | ess_comp=+4.906273e-03
    [SLACK COMPONENTS] voltage=+7.354600e-07 | node_P=+0.000000e+00 | node_Q=+0.000000e+00 | branch_ij=+0.000000e+00 | branch_ji=+0.000000e+00 | flex_P=+5.276002e-06 | flex_Q=+0.000000e+00
    [SLACK COMPONENT CHECK] classified_delta=+6.011462e-06 | objective_slack_delta=+6.011462e-06 | mismatch=-9.592327e-14
    [RECOURSE COMPONENT CHECK] classified_delta=-2.933209e+04 | block_delta=-2.933209e+04 | mismatch=-4.656613e-10
  DSO node=9 year=2035 day=Spring | previous=9.975742e+06 | current=1.000014e+07 | delta=+2.439578e+04 | abs_delta=2.439578e+04
    [RECOURSE COMPONENTS] gen=+0.000000e+00 | flex=+2.439703e+04 | load_curt=+0.000000e+00 | res_curt=-4.288886e-01 | ess_usage=+0.000000e+00 | slacks=+4.827098e-07 | ess_comp=-8.136296e-01
    [SLACK COMPONENTS] voltage=+7.723577e-08 | node_P=+0.000000e+00 | node_Q=+0.000000e+00 | branch_ij=+0.000000e+00 | branch_ji=+0.000000e+00 | flex_P=+4.054740e-07 | flex_Q=+0.000000e+00
    [SLACK COMPONENT CHECK] classified_delta=+4.827098e-07 | objective_slack_delta=+4.827098e-07 | mismatch=-2.131628e-14
    [RECOURSE COMPONENT CHECK] classified_delta=+2.439578e+04 | block_delta=+2.439578e+04 | mismatch=+7.967174e-10
  DSO node=7 year=2030 day=Spring | previous=3.869442e+06 | current=3.892704e+06 | delta=+2.326187e+04 | abs_delta=2.326187e+04
    [RECOURSE COMPONENTS] gen=+0.000000e+00 | flex=+2.326457e+04 | load_curt=+0.000000e+00 | res_curt=-2.700498e+00 | ess_usage=+0.000000e+00 | slacks=-8.632169e-06 | ess_comp=-2.829704e-04
    [SLACK COMPONENTS] voltage=-1.552247e-07 | node_P=+0.000000e+00 | node_Q=+0.000000e+00 | branch_ij=+0.000000e+00 | branch_ji=+0.000000e+00 | flex_P=-8.476945e-06 | flex_Q=+0.000000e+00
    [SLACK COMPONENT CHECK] classified_delta=-8.632169e-06 | objective_slack_delta=-8.632169e-06 | mismatch=+7.815970e-14
    [RECOURSE COMPONENT CHECK] classified_delta=+2.326187e+04 | block_delta=+2.326187e+04 | mismatch=+4.838512e-10
  DSO node=7 year=2025 day=Summer | previous=1.180723e+06 | current=1.158531e+06 | delta=-2.219188e+04 | abs_delta=2.219188e+04
    [RECOURSE COMPONENTS] gen=+0.000000e+00 | flex=-2.219160e+04 | load_curt=+0.000000e+00 | res_curt=-2.727644e-01 | ess_usage=+0.000000e+00 | slacks=+9.630371e-06 | ess_comp=-4.498961e-03
    [SLACK COMPONENTS] voltage=+6.297793e-07 | node_P=+0.000000e+00 | node_Q=+0.000000e+00 | branch_ij=+0.000000e+00 | branch_ji=+0.000000e+00 | flex_P=+9.000591e-06 | flex_Q=+0.000000e+00
    [SLACK COMPONENT CHECK] classified_delta=+9.630371e-06 | objective_slack_delta=+9.630371e-06 | mismatch=-7.815970e-14
    [RECOURSE COMPONENT CHECK] classified_delta=-2.219188e+04 | block_delta=-2.219188e+04 | mismatch=+1.236913e-10
  DSO node=9 year=2030 day=Spring | previous=7.036332e+06 | current=7.054655e+06 | delta=+1.832219e+04 | abs_delta=1.832219e+04
    [RECOURSE COMPONENTS] gen=+0.000000e+00 | flex=+1.832233e+04 | load_curt=+0.000000e+00 | res_curt=-1.407495e-01 | ess_usage=+0.000000e+00 | slacks=+3.604890e-06 | ess_comp=-3.048648e-04
    [SLACK COMPONENTS] voltage=-1.681842e-07 | node_P=+0.000000e+00 | node_Q=+0.000000e+00 | branch_ij=+0.000000e+00 | branch_ji=+0.000000e+00 | flex_P=+3.773074e-06 | flex_Q=+0.000000e+00
    [SLACK COMPONENT CHECK] classified_delta=+3.604890e-06 | objective_slack_delta=+3.604890e-06 | mismatch=-4.618528e-14
    [RECOURSE COMPONENT CHECK] classified_delta=+1.832219e+04 | block_delta=+1.832219e+04 | mismatch=-2.397428e-09
[INFO]		 - Recourse stationarity failed. 156734.601435 > 81887.843166
[ADMM RHO] V | primal max ratio=0.002 | primal mean ratio=0.000 | primal selected=0.002 | dual mean ratio=0.010 | increase threshold=5.0 | decrease threshold=5.0 | action=held
[ADMM RHO] PF | primal max ratio=0.076 | primal mean ratio=0.016 | primal selected=0.076 | dual mean ratio=0.105 | increase threshold=5.0 | decrease threshold=3.0 | action=held
[ADMM RHO] ESS | primal max ratio=0.021 | primal mean ratio=0.009 | primal selected=0.021 | dual mean ratio=0.004 | increase threshold=5.0 | decrease threshold=5.0 | action=held
[INFO]		 - ADMM cycle 61 | Primal (V max/mean | PF max/mean | ESS max/mean) = 0.000021/0.000000 | 0.000764/0.000016 | 0.002053/0.000092 | Dual (V max/mean | PF max/mean | ESS max/mean) = 0.000422/0.000098 | 0.025767/0.001052 | 0.000939/0.000041 | Recourse change = 156734.601435 (tol. 81887.843166) | Stable cycles = 0/1 | Penalty actions (V/PF/ESS) = held/held/held
[INFO] 	 - Iteration 61: 33.73 s
[INFO] 	 - ADMM Iteration 62
[INFO] 		 - Updating distribution networks:
[INFO] 			 - Running SMOPF, Network case33_1, 2025, Spring...
[INFO] 			 - Running SMOPF, Network case33_1, 2025, Summer...
[INFO] 			 - Running SMOPF, Network case33_1, 2025, Autumn...
[INFO] 			 - Running SMOPF, Network case33_1, 2025, Winter...
[INFO] 			 - Running SMOPF, Network case33_1, 2030, Spring...
[INFO] 			 - Running SMOPF, Network case33_1, 2030, Summer...
[INFO] 			 - Running SMOPF, Network case33_1, 2030, Autumn...
[INFO] 			 - Running SMOPF, Network case33_1, 2030, Winter...
[INFO] 			 - Running SMOPF, Network case33_1, 2035, Spring...
[INFO] 			 - Running SMOPF, Network case33_1, 2035, Summer...
[INFO] 			 - Running SMOPF, Network case33_1, 2035, Autumn...
[INFO] 			 - Running SMOPF, Network case33_1, 2035, Winter...
[INFO] 			 - Running SMOPF, Network case33_2, 2025, Spring...
[INFO] 			 - Running SMOPF, Network case33_2, 2025, Summer...
[INFO] 			 - Running SMOPF, Network case33_2, 2025, Autumn...
[INFO] 			 - Running SMOPF, Network case33_2, 2025, Winter...
[INFO] 			 - Running SMOPF, Network case33_2, 2030, Spring...
[INFO] 			 - Running SMOPF, Network case33_2, 2030, Summer...
[INFO] 			 - Running SMOPF, Network case33_2, 2030, Autumn...
[INFO] 			 - Running SMOPF, Network case33_2, 2030, Winter...
[INFO] 			 - Running SMOPF, Network case33_2, 2035, Spring...
[INFO] 			 - Running SMOPF, Network case33_2, 2035, Summer...
[INFO] 			 - Running SMOPF, Network case33_2, 2035, Autumn...
[INFO] 			 - Running SMOPF, Network case33_2, 2035, Winter...
[INFO] 			 - Running SMOPF, Network case33_3, 2025, Spring...
[INFO] 			 - Running SMOPF, Network case33_3, 2025, Summer...
[INFO] 			 - Running SMOPF, Network case33_3, 2025, Autumn...
[INFO] 			 - Running SMOPF, Network case33_3, 2025, Winter...
[INFO] 			 - Running SMOPF, Network case33_3, 2030, Spring...
[INFO] 			 - Running SMOPF, Network case33_3, 2030, Summer...
[INFO] 			 - Running SMOPF, Network case33_3, 2030, Autumn...
[INFO] 			 - Running SMOPF, Network case33_3, 2030, Winter...
[INFO] 			 - Running SMOPF, Network case33_3, 2035, Spring...
[INFO] 			 - Running SMOPF, Network case33_3, 2035, Summer...
[INFO] 			 - Running SMOPF, Network case33_3, 2035, Autumn...
[INFO] 			 - Running SMOPF, Network case33_3, 2035, Winter...
[INFO] 		 - Updating transmission network...
[INFO] 			 - Running SMOPF, Network case9, 2025, Spring...
[INFO] 			 - Running SMOPF, Network case9, 2025, Summer...
[INFO] 			 - Running SMOPF, Network case9, 2025, Autumn...
[INFO] 			 - Running SMOPF, Network case9, 2025, Winter...
[INFO] 			 - Running SMOPF, Network case9, 2030, Spring...
[INFO] 			 - Running SMOPF, Network case9, 2030, Summer...
[INFO] 			 - Running SMOPF, Network case9, 2030, Autumn...
[INFO] 			 - Running SMOPF, Network case9, 2030, Winter...
[INFO] 			 - Running SMOPF, Network case9, 2035, Spring...
[INFO] 			 - Running SMOPF, Network case9, 2035, Summer...
[INFO] 			 - Running SMOPF, Network case9, 2035, Autumn...
[INFO] 			 - Running SMOPF, Network case9, 2035, Winter...
[TSO PROX] cycle=62 | updated_blocks=12 | held_failed_blocks=0 | V max=0.000187 | PF max=0.004940 | ESS max=0.000651
[TSO PROX][V MAX] node=5, year=2035, day=Summer, period=19 | dV=0.064566 kV | normalized=0.000187
[TSO PROX][PF MAX] node=7, year=2035, day=Spring, period=15, type=P | delta=0.493998 MW | normalized=0.004940
[TSO PROX][ESS MAX] node=5, year=2035, day=Autumn, period=22, type=P | delta=0.001261 MW | normalized=0.000651
[INFO] 		 - Updating SharedESS...
[INFO] 		 - Running Shared ESS optimization (subproblem)...
[INFO] 			 - Node 5...
[INFO] Shared ESS complementarity diagnostics for ESS node=5: ratio_max=7.289671e-06 n_periods=288 mu_final=9.881614e-12 s_obj=1.000000e-01 eps=1.000000e-05 bound=2.845905e-03 measured=2.649008e-03
[INFO] 			 - Node 7...
[INFO] Shared ESS complementarity diagnostics for ESS node=7: ratio_max=7.235608e-06 n_periods=288 mu_final=1.007178e-11 s_obj=1.000000e-01 eps=1.000000e-05 bound=2.900672e-03 measured=2.643999e-03
[INFO] 			 - Node 9...
[INFO] Shared ESS complementarity diagnostics for ESS node=9: ratio_max=7.517331e-06 n_periods=288 mu_final=1.009200e-11 s_obj=1.000000e-01 eps=1.000000e-05 bound=2.906497e-03 measured=2.649577e-03
[INFO]		 - Primal residuals ok!
[INFO]		 - Dual residuals ok!
[RECOURSE JUMP] cycle=62 | abs_change=1.252984e+05 | tol=8.187217e+04 | signed_change=-1.252984e+05
[RECOURSE JUMP] Reconciliation | previous=8.187217e+08 | current=8.185964e+08 | block_delta=-1.252984e+05 | mismatch=-1.192093e-07
[RECOURSE JUMP] Aggregate signed changes:
  TSO | delta=-1.682246e+05
  DSO node=7 | delta=+5.039146e+04
  DSO node=5 | delta=-1.271209e+04
  DSO node=9 | delta=+5.246801e+03
  SALVAGE | delta=-3.747502e-53
[RECOURSE JUMP] Largest 10 block changes:
  TSO node=None year=2035 day=Spring | previous=5.848977e+07 | current=5.838675e+07 | delta=-1.030205e+05 | abs_delta=1.030205e+05
    [RECOURSE JUMP][TSO PROX] year=2035 day=Spring | V max=0.000133 | PF max=0.004940 | ESS max=0.000021
    [RECOURSE COMPONENTS] gen=-1.729078e+05 | flex=+6.988736e+04 | load_curt=+0.000000e+00 | res_curt=+0.000000e+00 | ess_usage=+0.000000e+00 | slacks=-4.064304e-12 | ess_comp=-3.281702e-02
    [SLACK COMPONENTS] voltage=-4.064304e-12 | node_P=+0.000000e+00 | node_Q=+0.000000e+00 | branch_ij=+0.000000e+00 | branch_ji=+0.000000e+00 | flex_P=+0.000000e+00 | flex_Q=+0.000000e+00
    [SLACK COMPONENT CHECK] classified_delta=-4.064304e-12 | objective_slack_delta=-4.064304e-12 | mismatch=+0.000000e+00
    [RECOURSE COMPONENT CHECK] classified_delta=-1.030205e+05 | block_delta=-1.030205e+05 | mismatch=-3.099558e-09
  TSO node=None year=2030 day=Spring | previous=5.703537e+07 | current=5.698542e+07 | delta=-4.995824e+04 | abs_delta=4.995824e+04
    [RECOURSE JUMP][TSO PROX] year=2030 day=Spring | V max=0.000099 | PF max=0.003971 | ESS max=0.000035
    [RECOURSE COMPONENTS] gen=-8.051109e+04 | flex=+3.055287e+04 | load_curt=+0.000000e+00 | res_curt=+0.000000e+00 | ess_usage=+0.000000e+00 | slacks=-1.349811e-09 | ess_comp=-1.328452e-02
    [SLACK COMPONENTS] voltage=-8.887540e-10 | node_P=+0.000000e+00 | node_Q=+0.000000e+00 | branch_ij=+0.000000e+00 | branch_ji=+0.000000e+00 | flex_P=-2.305351e-10 | flex_Q=-2.305351e-10
    [SLACK COMPONENT CHECK] classified_delta=-1.349824e-09 | objective_slack_delta=-1.349811e-09 | mismatch=-1.332268e-14
    [RECOURSE COMPONENT CHECK] classified_delta=-4.995824e+04 | block_delta=-4.995824e+04 | mismatch=-6.228220e-09
  TSO node=None year=2025 day=Summer | previous=9.316986e+07 | current=9.321434e+07 | delta=+4.447305e+04 | abs_delta=4.447305e+04
    [RECOURSE JUMP][TSO PROX] year=2025 day=Summer | V max=0.000133 | PF max=0.002518 | ESS max=0.000279
    [RECOURSE COMPONENTS] gen=+1.085699e+05 | flex=-6.409682e+04 | load_curt=+0.000000e+00 | res_curt=+0.000000e+00 | ess_usage=+0.000000e+00 | slacks=+7.766232e-12 | ess_comp=+1.466694e-05
    [SLACK COMPONENTS] voltage=+7.766232e-12 | node_P=+0.000000e+00 | node_Q=+0.000000e+00 | branch_ij=+0.000000e+00 | branch_ji=+0.000000e+00 | flex_P=-8.881784e-16 | flex_Q=-8.881784e-16
    [SLACK COMPONENT CHECK] classified_delta=+7.764456e-12 | objective_slack_delta=+7.766232e-12 | mismatch=-1.776357e-15
    [RECOURSE COMPONENT CHECK] classified_delta=+4.447305e+04 | block_delta=+4.447305e+04 | mismatch=-1.848093e-09
  TSO node=None year=2025 day=Spring | previous=7.643727e+07 | current=7.639513e+07 | delta=-4.213551e+04 | abs_delta=4.213551e+04
    [RECOURSE JUMP][TSO PROX] year=2025 day=Spring | V max=0.000101 | PF max=0.003476 | ESS max=0.000458
    [RECOURSE COMPONENTS] gen=-5.597281e+04 | flex=+1.383730e+04 | load_curt=+0.000000e+00 | res_curt=+0.000000e+00 | ess_usage=+0.000000e+00 | slacks=+1.174737e-08 | ess_comp=+5.892829e-03
    [SLACK COMPONENTS] voltage=+7.749492e-09 | node_P=+0.000000e+00 | node_Q=+0.000000e+00 | branch_ij=+0.000000e+00 | branch_ji=+0.000000e+00 | flex_P=+1.998925e-09 | flex_Q=+1.998925e-09
    [SLACK COMPONENT CHECK] classified_delta=+1.174734e-08 | objective_slack_delta=+1.174737e-08 | mismatch=-2.575717e-14
    [RECOURSE COMPONENT CHECK] classified_delta=-4.213551e+04 | block_delta=-4.213551e+04 | mismatch=-1.869921e-08
  DSO node=7 year=2035 day=Spring | previous=6.767093e+06 | current=6.800899e+06 | delta=+3.380587e+04 | abs_delta=3.380587e+04
    [RECOURSE COMPONENTS] gen=+0.000000e+00 | flex=+3.380559e+04 | load_curt=+0.000000e+00 | res_curt=+2.930159e-01 | ess_usage=+0.000000e+00 | slacks=+1.717999e-07 | ess_comp=-9.921764e-03
    [SLACK COMPONENTS] voltage=+7.724475e-08 | node_P=+0.000000e+00 | node_Q=+0.000000e+00 | branch_ij=+0.000000e+00 | branch_ji=+0.000000e+00 | flex_P=+9.455527e-08 | flex_Q=+0.000000e+00
    [SLACK COMPONENT CHECK] classified_delta=+1.718000e-07 | objective_slack_delta=+1.717999e-07 | mismatch=+1.065814e-13
    [RECOURSE COMPONENT CHECK] classified_delta=+3.380587e+04 | block_delta=+3.380587e+04 | mismatch=-7.275958e-11
  DSO node=9 year=2025 day=Summer | previous=1.899938e+06 | current=1.872177e+06 | delta=-2.776064e+04 | abs_delta=2.776064e+04
    [RECOURSE COMPONENTS] gen=+0.000000e+00 | flex=-2.775943e+04 | load_curt=+0.000000e+00 | res_curt=-1.190933e+00 | ess_usage=+0.000000e+00 | slacks=+8.215245e-06 | ess_comp=-2.085833e-02
    [SLACK COMPONENTS] voltage=+5.014192e-07 | node_P=+0.000000e+00 | node_Q=+0.000000e+00 | branch_ij=+0.000000e+00 | branch_ji=+0.000000e+00 | flex_P=+7.713826e-06 | flex_Q=+0.000000e+00
    [SLACK COMPONENT CHECK] classified_delta=+8.215245e-06 | objective_slack_delta=+8.215245e-06 | mismatch=-3.552714e-15
    [RECOURSE COMPONENT CHECK] classified_delta=-2.776064e+04 | block_delta=-2.776064e+04 | mismatch=+2.401066e-10
  DSO node=7 year=2030 day=Spring | previous=3.892704e+06 | current=3.917841e+06 | delta=+2.513753e+04 | abs_delta=2.513753e+04
    [RECOURSE COMPONENTS] gen=+0.000000e+00 | flex=+2.514004e+04 | load_curt=+0.000000e+00 | res_curt=-2.515902e+00 | ess_usage=+0.000000e+00 | slacks=-2.180798e-06 | ess_comp=-2.094090e-04
    [SLACK COMPONENTS] voltage=-2.824156e-07 | node_P=+0.000000e+00 | node_Q=+0.000000e+00 | branch_ij=+0.000000e+00 | branch_ji=+0.000000e+00 | flex_P=-1.898382e-06 | flex_Q=+0.000000e+00
    [SLACK COMPONENT CHECK] classified_delta=-2.180798e-06 | objective_slack_delta=-2.180798e-06 | mismatch=-4.263256e-14
    [RECOURSE COMPONENT CHECK] classified_delta=+2.513753e+04 | block_delta=+2.513753e+04 | mismatch=-1.222361e-09
  DSO node=9 year=2035 day=Spring | previous=1.000014e+07 | current=1.002439e+07 | delta=+2.425576e+04 | abs_delta=2.425576e+04
    [RECOURSE COMPONENTS] gen=+0.000000e+00 | flex=+2.425620e+04 | load_curt=+0.000000e+00 | res_curt=-4.179594e-01 | ess_usage=+0.000000e+00 | slacks=+3.698306e-07 | ess_comp=-2.354469e-02
    [SLACK COMPONENTS] voltage=+7.873530e-08 | node_P=+0.000000e+00 | node_Q=+0.000000e+00 | branch_ij=+0.000000e+00 | branch_ji=+0.000000e+00 | flex_P=+2.910953e-07 | flex_Q=+0.000000e+00
    [SLACK COMPONENT CHECK] classified_delta=+3.698306e-07 | objective_slack_delta=+3.698306e-07 | mismatch=+2.486900e-14
    [RECOURSE COMPONENT CHECK] classified_delta=+2.425576e+04 | block_delta=+2.425576e+04 | mismatch=-7.967174e-10
  DSO node=7 year=2025 day=Summer | previous=1.158531e+06 | current=1.138237e+06 | delta=-2.029451e+04 | abs_delta=2.029451e+04
    [RECOURSE COMPONENTS] gen=+0.000000e+00 | flex=-2.029427e+04 | load_curt=+0.000000e+00 | res_curt=-2.400559e-01 | ess_usage=+0.000000e+00 | slacks=+9.949352e-07 | ess_comp=-1.336353e-04
    [SLACK COMPONENTS] voltage=+3.156200e-07 | node_P=+0.000000e+00 | node_Q=+0.000000e+00 | branch_ij=+0.000000e+00 | branch_ji=+0.000000e+00 | flex_P=+6.793153e-07 | flex_Q=+0.000000e+00
    [SLACK COMPONENT CHECK] classified_delta=+9.949353e-07 | objective_slack_delta=+9.949352e-07 | mismatch=+7.460699e-14
    [RECOURSE COMPONENT CHECK] classified_delta=-2.029451e+04 | block_delta=-2.029451e+04 | mismatch=-3.274181e-11
  DSO node=9 year=2030 day=Spring | previous=7.054655e+06 | current=7.072624e+06 | delta=+1.796949e+04 | abs_delta=1.796949e+04
    [RECOURSE COMPONENTS] gen=+0.000000e+00 | flex=+1.796957e+04 | load_curt=+0.000000e+00 | res_curt=-8.031309e-02 | ess_usage=+0.000000e+00 | slacks=+3.461540e-06 | ess_comp=-2.694570e-04
    [SLACK COMPONENTS] voltage=+3.537542e-08 | node_P=+0.000000e+00 | node_Q=+0.000000e+00 | branch_ij=+0.000000e+00 | branch_ji=+0.000000e+00 | flex_P=+3.423693e-06 | flex_Q=+2.471175e-09
    [SLACK COMPONENT CHECK] classified_delta=+3.461539e-06 | objective_slack_delta=+3.461540e-06 | mismatch=-6.892265e-13
    [RECOURSE COMPONENT CHECK] classified_delta=+1.796949e+04 | block_delta=+1.796949e+04 | mismatch=+4.147296e-10
[INFO]		 - Recourse stationarity failed. 125298.410670 > 81872.169705
[ADMM RHO] V | primal max ratio=0.001 | primal mean ratio=0.000 | primal selected=0.001 | dual mean ratio=0.010 | increase threshold=5.0 | decrease threshold=5.0 | action=held
[ADMM RHO] PF | primal max ratio=0.157 | primal mean ratio=0.017 | primal selected=0.157 | dual mean ratio=0.102 | increase threshold=5.0 | decrease threshold=3.0 | action=held
[ADMM RHO] ESS | primal max ratio=0.021 | primal mean ratio=0.008 | primal selected=0.021 | dual mean ratio=0.004 | increase threshold=5.0 | decrease threshold=5.0 | action=held
[INFO]		 - ADMM cycle 62 | Primal (V max/mean | PF max/mean | ESS max/mean) = 0.000011/0.000000 | 0.001574/0.000017 | 0.002054/0.000082 | Dual (V max/mean | PF max/mean | ESS max/mean) = 0.000421/0.000098 | 0.025700/0.001018 | 0.000549/0.000043 | Recourse change = 125298.410670 (tol. 81872.169705) | Stable cycles = 0/1 | Penalty actions (V/PF/ESS) = held/held/held
[INFO] 	 - Iteration 62: 32.42 s
[INFO] 	 - ADMM Iteration 63
[INFO] 		 - Updating distribution networks:
[INFO] 			 - Running SMOPF, Network case33_1, 2025, Spring...
[INFO] 			 - Running SMOPF, Network case33_1, 2025, Summer...
[INFO] 			 - Running SMOPF, Network case33_1, 2025, Autumn...
[INFO] 			 - Running SMOPF, Network case33_1, 2025, Winter...
[INFO] 			 - Running SMOPF, Network case33_1, 2030, Spring...
[INFO] 			 - Running SMOPF, Network case33_1, 2030, Summer...
[INFO] 			 - Running SMOPF, Network case33_1, 2030, Autumn...
[INFO] 			 - Running SMOPF, Network case33_1, 2030, Winter...
[INFO] 			 - Running SMOPF, Network case33_1, 2035, Spring...
[INFO] 			 - Running SMOPF, Network case33_1, 2035, Summer...
[INFO] 			 - Running SMOPF, Network case33_1, 2035, Autumn...
[INFO] 			 - Running SMOPF, Network case33_1, 2035, Winter...
[INFO] 			 - Running SMOPF, Network case33_2, 2025, Spring...
[INFO] 			 - Running SMOPF, Network case33_2, 2025, Summer...
[INFO] 			 - Running SMOPF, Network case33_2, 2025, Autumn...
[INFO] 			 - Running SMOPF, Network case33_2, 2025, Winter...
[INFO] 			 - Running SMOPF, Network case33_2, 2030, Spring...
[INFO] 			 - Running SMOPF, Network case33_2, 2030, Summer...
[INFO] 			 - Running SMOPF, Network case33_2, 2030, Autumn...
[INFO] 			 - Running SMOPF, Network case33_2, 2030, Winter...
[INFO] 			 - Running SMOPF, Network case33_2, 2035, Spring...
[INFO] 			 - Running SMOPF, Network case33_2, 2035, Summer...
[INFO] 			 - Running SMOPF, Network case33_2, 2035, Autumn...
[INFO] 			 - Running SMOPF, Network case33_2, 2035, Winter...
[INFO] 			 - Running SMOPF, Network case33_3, 2025, Spring...
[INFO] 			 - Running SMOPF, Network case33_3, 2025, Summer...
[INFO] 			 - Running SMOPF, Network case33_3, 2025, Autumn...
[INFO] 			 - Running SMOPF, Network case33_3, 2025, Winter...
[INFO] 			 - Running SMOPF, Network case33_3, 2030, Spring...
[INFO] 			 - Running SMOPF, Network case33_3, 2030, Summer...
[INFO] 			 - Running SMOPF, Network case33_3, 2030, Autumn...
[INFO] 			 - Running SMOPF, Network case33_3, 2030, Winter...
[INFO] 			 - Running SMOPF, Network case33_3, 2035, Spring...
[INFO] 			 - Running SMOPF, Network case33_3, 2035, Summer...
[INFO] 			 - Running SMOPF, Network case33_3, 2035, Autumn...
[INFO] 			 - Running SMOPF, Network case33_3, 2035, Winter...
[INFO] 		 - Updating transmission network...
[INFO] 			 - Running SMOPF, Network case9, 2025, Spring...
[INFO] 			 - Running SMOPF, Network case9, 2025, Summer...
[INFO] 			 - Running SMOPF, Network case9, 2025, Autumn...
[INFO] 			 - Running SMOPF, Network case9, 2025, Winter...
[INFO] 			 - Running SMOPF, Network case9, 2030, Spring...
[INFO] 			 - Running SMOPF, Network case9, 2030, Summer...
[INFO] 			 - Running SMOPF, Network case9, 2030, Autumn...
[INFO] 			 - Running SMOPF, Network case9, 2030, Winter...
[INFO] 			 - Running SMOPF, Network case9, 2035, Spring...
[INFO] 			 - Running SMOPF, Network case9, 2035, Summer...
[INFO] 			 - Running SMOPF, Network case9, 2035, Autumn...
[INFO] 			 - Running SMOPF, Network case9, 2035, Winter...
[TSO PROX] cycle=63 | updated_blocks=12 | held_failed_blocks=0 | V max=0.000187 | PF max=0.004926 | ESS max=0.001270
[TSO PROX][V MAX] node=5, year=2035, day=Summer, period=19 | dV=0.064486 kV | normalized=0.000187
[TSO PROX][PF MAX] node=7, year=2035, day=Spring, period=15, type=P | delta=0.492642 MW | normalized=0.004926
[TSO PROX][ESS MAX] node=7, year=2035, day=Autumn, period=22, type=P | delta=0.002460 MW | normalized=0.001270
[INFO] 		 - Updating SharedESS...
[INFO] 		 - Running Shared ESS optimization (subproblem)...
[INFO] 			 - Node 5...
[INFO] Shared ESS complementarity diagnostics for ESS node=5: ratio_max=7.393398e-06 n_periods=288 mu_final=1.009623e-11 s_obj=1.000000e-01 eps=1.000000e-05 bound=2.907713e-03 measured=2.660735e-03
[INFO] 			 - Node 7...
[INFO] Shared ESS complementarity diagnostics for ESS node=7: ratio_max=7.692309e-06 n_periods=288 mu_final=1.010105e-11 s_obj=1.000000e-01 eps=1.000000e-05 bound=2.909102e-03 measured=2.659171e-03
[INFO] 			 - Node 9...
[INFO] Shared ESS complementarity diagnostics for ESS node=9: ratio_max=6.967991e-06 n_periods=288 mu_final=1.010308e-11 s_obj=1.000000e-01 eps=1.000000e-05 bound=2.909686e-03 measured=2.655852e-03
[INFO]		 - Primal residuals ok!
[INFO]		 - Dual residuals ok!
[RECOURSE JUMP] cycle=63 | abs_change=1.300364e+05 | tol=8.185964e+04 | signed_change=-1.300364e+05
[RECOURSE JUMP] Reconciliation | previous=8.185964e+08 | current=8.184664e+08 | block_delta=-1.300364e+05 | mismatch=+3.576279e-07
[RECOURSE JUMP] Aggregate signed changes:
  TSO | delta=-1.670207e+05
  DSO node=7 | delta=+5.413523e+04
  DSO node=5 | delta=-2.033521e+04
  DSO node=9 | delta=+3.184263e+03
  SALVAGE | delta=-2.248501e-52
[RECOURSE JUMP] Largest 10 block changes:
  TSO node=None year=2035 day=Spring | previous=5.838675e+07 | current=5.828344e+07 | delta=-1.033114e+05 | abs_delta=1.033114e+05
    [RECOURSE JUMP][TSO PROX] year=2035 day=Spring | V max=0.000134 | PF max=0.004926 | ESS max=0.000019
    [RECOURSE COMPONENTS] gen=-1.718644e+05 | flex=+6.855299e+04 | load_curt=+0.000000e+00 | res_curt=+0.000000e+00 | ess_usage=+0.000000e+00 | slacks=-4.050094e-12 | ess_comp=-9.313185e-03
    [SLACK COMPONENTS] voltage=-4.050094e-12 | node_P=+0.000000e+00 | node_Q=+0.000000e+00 | branch_ij=+0.000000e+00 | branch_ji=+0.000000e+00 | flex_P=+2.220446e-15 | flex_Q=+2.220446e-15
    [SLACK COMPONENT CHECK] classified_delta=-4.045653e-12 | objective_slack_delta=-4.050094e-12 | mismatch=+4.440892e-15
    [RECOURSE COMPONENT CHECK] classified_delta=-1.033114e+05 | block_delta=-1.033114e+05 | mismatch=-3.827154e-09
  TSO node=None year=2030 day=Spring | previous=5.698542e+07 | current=5.693477e+07 | delta=-5.064986e+04 | abs_delta=5.064986e+04
    [RECOURSE JUMP][TSO PROX] year=2030 day=Spring | V max=0.000099 | PF max=0.003868 | ESS max=0.000027
    [RECOURSE COMPONENTS] gen=-8.126379e+04 | flex=+3.061393e+04 | load_curt=+0.000000e+00 | res_curt=+0.000000e+00 | ess_usage=+0.000000e+00 | slacks=+4.806324e-10 | ess_comp=-2.657887e-03
    [SLACK COMPONENTS] voltage=+3.163620e-10 | node_P=+0.000000e+00 | node_Q=+0.000000e+00 | branch_ij=+0.000000e+00 | branch_ji=+0.000000e+00 | flex_P=+8.213652e-11 | flex_Q=+8.213652e-11
    [SLACK COMPONENT CHECK] classified_delta=+4.806351e-10 | objective_slack_delta=+4.806324e-10 | mismatch=+2.664535e-15
    [RECOURSE COMPONENT CHECK] classified_delta=-5.064986e+04 | block_delta=-5.064986e+04 | mismatch=+1.172157e-08
  TSO node=None year=2025 day=Summer | previous=9.321434e+07 | current=9.326124e+07 | delta=+4.690688e+04 | abs_delta=4.690688e+04
    [RECOURSE JUMP][TSO PROX] year=2025 day=Summer | V max=0.000134 | PF max=0.002418 | ESS max=0.000279
    [RECOURSE COMPONENTS] gen=+1.059402e+05 | flex=-5.903328e+04 | load_curt=+0.000000e+00 | res_curt=+0.000000e+00 | ess_usage=+0.000000e+00 | slacks=+7.837286e-12 | ess_comp=+1.369301e-05
    [SLACK COMPONENTS] voltage=+7.837286e-12 | node_P=+0.000000e+00 | node_Q=+0.000000e+00 | branch_ij=+0.000000e+00 | branch_ji=+0.000000e+00 | flex_P=+0.000000e+00 | flex_Q=+0.000000e+00
    [SLACK COMPONENT CHECK] classified_delta=+7.837286e-12 | objective_slack_delta=+7.837286e-12 | mismatch=+0.000000e+00
    [RECOURSE COMPONENT CHECK] classified_delta=+4.690688e+04 | block_delta=+4.690688e+04 | mismatch=+1.002627e-08
  TSO node=None year=2025 day=Spring | previous=7.639513e+07 | current=7.635360e+07 | delta=-4.153113e+04 | abs_delta=4.153113e+04
    [RECOURSE JUMP][TSO PROX] year=2025 day=Spring | V max=0.000101 | PF max=0.003474 | ESS max=0.000458
    [RECOURSE COMPONENTS] gen=-5.556925e+04 | flex=+1.403811e+04 | load_curt=+0.000000e+00 | res_curt=+0.000000e+00 | ess_usage=+0.000000e+00 | slacks=-4.928751e-09 | ess_comp=+3.904024e-03
    [SLACK COMPONENTS] voltage=-3.252588e-09 | node_P=+0.000000e+00 | node_Q=+0.000000e+00 | branch_ij=+0.000000e+00 | branch_ji=+0.000000e+00 | flex_P=-8.380741e-10 | flex_Q=-8.380741e-10
    [SLACK COMPONENT CHECK] classified_delta=-4.928736e-09 | objective_slack_delta=-4.928751e-09 | mismatch=+1.509903e-14
    [RECOURSE COMPONENT CHECK] classified_delta=-4.153113e+04 | block_delta=-4.153113e+04 | mismatch=+2.687011e-08
  DSO node=7 year=2035 day=Spring | previous=6.800899e+06 | current=6.834628e+06 | delta=+3.372869e+04 | abs_delta=3.372869e+04
    [RECOURSE COMPONENTS] gen=+0.000000e+00 | flex=+3.372838e+04 | load_curt=+0.000000e+00 | res_curt=+3.127564e-01 | ess_usage=+0.000000e+00 | slacks=+3.130009e-08 | ess_comp=-2.130117e-03
    [SLACK COMPONENTS] voltage=+7.570787e-08 | node_P=+0.000000e+00 | node_Q=+0.000000e+00 | branch_ij=+0.000000e+00 | branch_ji=+0.000000e+00 | flex_P=-4.440786e-08 | flex_Q=+0.000000e+00
    [SLACK COMPONENT CHECK] classified_delta=+3.130002e-08 | objective_slack_delta=+3.130009e-08 | mismatch=-7.460699e-14
    [RECOURSE COMPONENT CHECK] classified_delta=+3.372869e+04 | block_delta=+3.372869e+04 | mismatch=-1.455192e-10
  DSO node=9 year=2025 day=Summer | previous=1.872177e+06 | current=1.844564e+06 | delta=-2.761319e+04 | abs_delta=2.761319e+04
    [RECOURSE COMPONENTS] gen=+0.000000e+00 | flex=-2.761228e+04 | load_curt=+0.000000e+00 | res_curt=-9.084732e-01 | ess_usage=+0.000000e+00 | slacks=+5.986143e-06 | ess_comp=-1.865845e-03
    [SLACK COMPONENTS] voltage=+4.408819e-07 | node_P=+0.000000e+00 | node_Q=+0.000000e+00 | branch_ij=+0.000000e+00 | branch_ji=+0.000000e+00 | flex_P=+5.545261e-06 | flex_Q=+0.000000e+00
    [SLACK COMPONENT CHECK] classified_delta=+5.986143e-06 | objective_slack_delta=+5.986143e-06 | mismatch=+0.000000e+00
    [RECOURSE COMPONENT CHECK] classified_delta=-2.761319e+04 | block_delta=-2.761319e+04 | mismatch=-2.291927e-10
  DSO node=9 year=2035 day=Spring | previous=1.002439e+07 | current=1.004851e+07 | delta=+2.411207e+04 | abs_delta=2.411207e+04
    [RECOURSE COMPONENTS] gen=+0.000000e+00 | flex=+2.411247e+04 | load_curt=+0.000000e+00 | res_curt=-4.007889e-01 | ess_usage=+0.000000e+00 | slacks=+1.315020e-07 | ess_comp=-2.897239e-03
    [SLACK COMPONENTS] voltage=+7.805545e-08 | node_P=+0.000000e+00 | node_Q=+0.000000e+00 | branch_ij=+0.000000e+00 | branch_ji=+0.000000e+00 | flex_P=+5.344655e-08 | flex_Q=+0.000000e+00
    [SLACK COMPONENT CHECK] classified_delta=+1.315020e-07 | objective_slack_delta=+1.315020e-07 | mismatch=+3.552714e-14
    [RECOURSE COMPONENT CHECK] classified_delta=+2.411207e+04 | block_delta=+2.411207e+04 | mismatch=+1.513399e-09
  DSO node=7 year=2030 day=Spring | previous=3.917841e+06 | current=3.941146e+06 | delta=+2.330491e+04 | abs_delta=2.330491e+04
    [RECOURSE COMPONENTS] gen=+0.000000e+00 | flex=+2.330735e+04 | load_curt=+0.000000e+00 | res_curt=-2.441692e+00 | ess_usage=+0.000000e+00 | slacks=-4.974445e-06 | ess_comp=-1.547631e-04
    [SLACK COMPONENTS] voltage=-4.134832e-07 | node_P=+0.000000e+00 | node_Q=+0.000000e+00 | branch_ij=+0.000000e+00 | branch_ji=+0.000000e+00 | flex_P=-4.560962e-06 | flex_Q=+0.000000e+00
    [SLACK COMPONENT CHECK] classified_delta=-4.974445e-06 | objective_slack_delta=-4.974445e-06 | mismatch=+7.815970e-14
    [RECOURSE COMPONENT CHECK] classified_delta=+2.330491e+04 | block_delta=+2.330491e+04 | mismatch=+3.237801e-10
  DSO node=7 year=2025 day=Spring | previous=4.096112e+06 | current=4.114035e+06 | delta=+1.792272e+04 | abs_delta=1.792272e+04
    [RECOURSE COMPONENTS] gen=+0.000000e+00 | flex=+1.792260e+04 | load_curt=+0.000000e+00 | res_curt=+6.134053e-02 | ess_usage=+0.000000e+00 | slacks=-3.215740e-08 | ess_comp=+5.577099e-02
    [SLACK COMPONENTS] voltage=+2.565793e-08 | node_P=+0.000000e+00 | node_Q=+0.000000e+00 | branch_ij=+0.000000e+00 | branch_ji=+0.000000e+00 | flex_P=-5.781522e-08 | flex_Q=+0.000000e+00
    [SLACK COMPONENT CHECK] classified_delta=-3.215730e-08 | objective_slack_delta=-3.215740e-08 | mismatch=+1.065814e-13
    [RECOURSE COMPONENT CHECK] classified_delta=+1.792272e+04 | block_delta=+1.792272e+04 | mismatch=-8.367351e-11
  TSO node=None year=2035 day=Summer | previous=6.634037e+07 | current=6.632312e+07 | delta=-1.725428e+04 | abs_delta=1.725428e+04
    [RECOURSE JUMP][TSO PROX] year=2035 day=Summer | V max=0.000187 | PF max=0.002072 | ESS max=0.000013
    [RECOURSE COMPONENTS] gen=-2.352860e+04 | flex=+6.274286e+03 | load_curt=+0.000000e+00 | res_curt=+0.000000e+00 | ess_usage=+0.000000e+00 | slacks=+3.495870e-12 | ess_comp=+3.335952e-02
    [SLACK COMPONENTS] voltage=+3.495870e-12 | node_P=+0.000000e+00 | node_Q=+0.000000e+00 | branch_ij=+0.000000e+00 | branch_ji=+0.000000e+00 | flex_P=+0.000000e+00 | flex_Q=+0.000000e+00
    [SLACK COMPONENT CHECK] classified_delta=+3.495870e-12 | objective_slack_delta=+3.495870e-12 | mismatch=+0.000000e+00
    [RECOURSE COMPONENT CHECK] classified_delta=-1.725428e+04 | block_delta=-1.725428e+04 | mismatch=-8.629286e-09
[INFO]		 - Recourse stationarity failed. 130036.371557 > 81859.639864
[ADMM RHO] V | primal max ratio=0.001 | primal mean ratio=0.000 | primal selected=0.001 | dual mean ratio=0.010 | increase threshold=5.0 | decrease threshold=5.0 | action=held
[ADMM RHO] PF | primal max ratio=0.135 | primal mean ratio=0.016 | primal selected=0.135 | dual mean ratio=0.098 | increase threshold=5.0 | decrease threshold=3.0 | action=held
[ADMM RHO] ESS | primal max ratio=0.019 | primal mean ratio=0.007 | primal selected=0.019 | dual mean ratio=0.005 | increase threshold=5.0 | decrease threshold=5.0 | action=held
[INFO]		 - ADMM cycle 63 | Primal (V max/mean | PF max/mean | ESS max/mean) = 0.000015/0.000000 | 0.001348/0.000016 | 0.001882/0.000072 | Dual (V max/mean | PF max/mean | ESS max/mean) = 0.000421/0.000098 | 0.025629/0.000984 | 0.000576/0.000051 | Recourse change = 130036.371557 (tol. 81859.639864) | Stable cycles = 0/1 | Penalty actions (V/PF/ESS) = held/held/held
[INFO] 	 - Iteration 63: 30.09 s
[INFO] 	 - ADMM Iteration 64
[INFO] 		 - Updating distribution networks:
[INFO] 			 - Running SMOPF, Network case33_1, 2025, Spring...
[INFO] 			 - Running SMOPF, Network case33_1, 2025, Summer...
[INFO] 			 - Running SMOPF, Network case33_1, 2025, Autumn...
[INFO] 			 - Running SMOPF, Network case33_1, 2025, Winter...
[INFO] 			 - Running SMOPF, Network case33_1, 2030, Spring...
[INFO] 			 - Running SMOPF, Network case33_1, 2030, Summer...
[INFO] 			 - Running SMOPF, Network case33_1, 2030, Autumn...
[INFO] 			 - Running SMOPF, Network case33_1, 2030, Winter...
[INFO] 			 - Running SMOPF, Network case33_1, 2035, Spring...
[INFO] 			 - Running SMOPF, Network case33_1, 2035, Summer...
[INFO] 			 - Running SMOPF, Network case33_1, 2035, Autumn...
[INFO] 			 - Running SMOPF, Network case33_1, 2035, Winter...
[INFO] 			 - Running SMOPF, Network case33_2, 2025, Spring...
[INFO] 			 - Running SMOPF, Network case33_2, 2025, Summer...
[INFO] 			 - Running SMOPF, Network case33_2, 2025, Autumn...
[INFO] 			 - Running SMOPF, Network case33_2, 2025, Winter...
[INFO] 			 - Running SMOPF, Network case33_2, 2030, Spring...
[INFO] 			 - Running SMOPF, Network case33_2, 2030, Summer...
[INFO] 			 - Running SMOPF, Network case33_2, 2030, Autumn...
[INFO] 			 - Running SMOPF, Network case33_2, 2030, Winter...
[INFO] 			 - Running SMOPF, Network case33_2, 2035, Spring...
[INFO] 			 - Running SMOPF, Network case33_2, 2035, Summer...
[INFO] 			 - Running SMOPF, Network case33_2, 2035, Autumn...
[INFO] 			 - Running SMOPF, Network case33_2, 2035, Winter...
[INFO] 			 - Running SMOPF, Network case33_3, 2025, Spring...
[INFO] 			 - Running SMOPF, Network case33_3, 2025, Summer...
[INFO] 			 - Running SMOPF, Network case33_3, 2025, Autumn...
[INFO] 			 - Running SMOPF, Network case33_3, 2025, Winter...
[INFO] 			 - Running SMOPF, Network case33_3, 2030, Spring...
[INFO] 			 - Running SMOPF, Network case33_3, 2030, Summer...
[INFO] 			 - Running SMOPF, Network case33_3, 2030, Autumn...
[INFO] 			 - Running SMOPF, Network case33_3, 2030, Winter...
[INFO] 			 - Running SMOPF, Network case33_3, 2035, Spring...
[INFO] 			 - Running SMOPF, Network case33_3, 2035, Summer...
[INFO] 			 - Running SMOPF, Network case33_3, 2035, Autumn...
[INFO] 			 - Running SMOPF, Network case33_3, 2035, Winter...
[INFO] 		 - Updating transmission network...
[INFO] 			 - Running SMOPF, Network case9, 2025, Spring...
[INFO] 			 - Running SMOPF, Network case9, 2025, Summer...
[INFO] 			 - Running SMOPF, Network case9, 2025, Autumn...
[INFO] 			 - Running SMOPF, Network case9, 2025, Winter...
[INFO] 			 - Running SMOPF, Network case9, 2030, Spring...
[INFO] 			 - Running SMOPF, Network case9, 2030, Summer...
[INFO] 			 - Running SMOPF, Network case9, 2030, Autumn...
[INFO] 			 - Running SMOPF, Network case9, 2030, Winter...
[INFO] 			 - Running SMOPF, Network case9, 2035, Spring...
[INFO] 			 - Running SMOPF, Network case9, 2035, Summer...
[INFO] 			 - Running SMOPF, Network case9, 2035, Autumn...
[INFO] 			 - Running SMOPF, Network case9, 2035, Winter...
[TSO PROX] cycle=64 | updated_blocks=12 | held_failed_blocks=0 | V max=0.000187 | PF max=0.004918 | ESS max=0.001244
[TSO PROX][V MAX] node=5, year=2035, day=Summer, period=19 | dV=0.064416 kV | normalized=0.000187
[TSO PROX][PF MAX] node=7, year=2035, day=Spring, period=15, type=P | delta=0.491772 MW | normalized=0.004918
[TSO PROX][ESS MAX] node=9, year=2035, day=Autumn, period=22, type=P | delta=0.002411 MW | normalized=0.001244
[INFO] 		 - Updating SharedESS...
[INFO] 		 - Running Shared ESS optimization (subproblem)...
[INFO] 			 - Node 5...
[INFO] Shared ESS complementarity diagnostics for ESS node=5: ratio_max=7.398332e-06 n_periods=288 mu_final=1.009453e-11 s_obj=1.000000e-01 eps=1.000000e-05 bound=2.907224e-03 measured=2.652379e-03
[INFO] 			 - Node 7...
[INFO] Shared ESS complementarity diagnostics for ESS node=7: ratio_max=7.251080e-06 n_periods=288 mu_final=1.007992e-11 s_obj=1.000000e-01 eps=1.000000e-05 bound=2.903018e-03 measured=2.652170e-03
[INFO] 			 - Node 9...
[INFO] Shared ESS complementarity diagnostics for ESS node=9: ratio_max=9.148195e-06 n_periods=288 mu_final=9.973009e-12 s_obj=1.000000e-01 eps=1.000000e-05 bound=2.872227e-03 measured=2.652491e-03
[INFO]		 - Primal residuals ok!
[INFO]		 - Dual residuals ok!
[RECOURSE JUMP] cycle=64 | abs_change=1.490726e+05 | tol=8.184664e+04 | signed_change=-1.490726e+05
[RECOURSE JUMP] Reconciliation | previous=8.184664e+08 | current=8.183173e+08 | block_delta=-1.490726e+05 | mismatch=-3.576279e-07
[RECOURSE JUMP] Aggregate signed changes:
  TSO | delta=-1.930703e+05
  DSO node=7 | delta=+5.662528e+04
  DSO node=5 | delta=-1.946682e+04
  DSO node=9 | delta=+6.839295e+03
  SALVAGE | delta=-8.619254e-51
[RECOURSE JUMP] Largest 10 block changes:
  TSO node=None year=2035 day=Spring | previous=5.828344e+07 | current=5.818250e+07 | delta=-1.009365e+05 | abs_delta=1.009365e+05
    [RECOURSE JUMP][TSO PROX] year=2035 day=Spring | V max=0.000135 | PF max=0.004918 | ESS max=0.000018
    [RECOURSE COMPONENTS] gen=-1.677914e+05 | flex=+6.685487e+04 | load_curt=+0.000000e+00 | res_curt=+0.000000e+00 | ess_usage=+0.000000e+00 | slacks=-4.064304e-12 | ess_comp=-4.290743e-03
    [SLACK COMPONENTS] voltage=-4.064304e-12 | node_P=+0.000000e+00 | node_Q=+0.000000e+00 | branch_ij=+0.000000e+00 | branch_ji=+0.000000e+00 | flex_P=+2.664535e-15 | flex_Q=+2.664535e-15
    [SLACK COMPONENT CHECK] classified_delta=-4.058975e-12 | objective_slack_delta=-4.064304e-12 | mismatch=+5.329071e-15
    [RECOURSE COMPONENT CHECK] classified_delta=-1.009365e+05 | block_delta=-1.009365e+05 | mismatch=+1.254375e-08
  TSO node=None year=2030 day=Spring | previous=5.693477e+07 | current=5.686453e+07 | delta=-7.023322e+04 | abs_delta=7.023322e+04
    [RECOURSE JUMP][TSO PROX] year=2030 day=Spring | V max=0.000099 | PF max=0.003728 | ESS max=0.000026
    [RECOURSE COMPONENTS] gen=-1.112728e+05 | flex=+4.103957e+04 | load_curt=+0.000000e+00 | res_curt=+0.000000e+00 | ess_usage=+0.000000e+00 | slacks=+1.266528e-09 | ess_comp=-2.047995e-03
    [SLACK COMPONENTS] voltage=+8.337153e-10 | node_P=+0.000000e+00 | node_Q=+0.000000e+00 | branch_ij=+0.000000e+00 | branch_ji=+0.000000e+00 | flex_P=+2.164087e-10 | flex_Q=+2.164087e-10
    [SLACK COMPONENT CHECK] classified_delta=+1.266533e-09 | objective_slack_delta=+1.266528e-09 | mismatch=+4.440892e-15
    [RECOURSE COMPONENT CHECK] classified_delta=-7.023322e+04 | block_delta=-7.023322e+04 | mismatch=-7.465133e-09
  TSO node=None year=2025 day=Summer | previous=9.326124e+07 | current=9.330358e+07 | delta=+4.233308e+04 | abs_delta=4.233308e+04
    [RECOURSE JUMP][TSO PROX] year=2025 day=Summer | V max=0.000134 | PF max=0.002378 | ESS max=0.000279
    [RECOURSE COMPONENTS] gen=+9.693343e+04 | flex=-5.460035e+04 | load_curt=+0.000000e+00 | res_curt=+0.000000e+00 | ess_usage=+0.000000e+00 | slacks=+7.887024e-12 | ess_comp=+9.976503e-06
    [SLACK COMPONENTS] voltage=+7.887024e-12 | node_P=+0.000000e+00 | node_Q=+0.000000e+00 | branch_ij=+0.000000e+00 | branch_ji=+0.000000e+00 | flex_P=-4.440892e-16 | flex_Q=-4.440892e-16
    [SLACK COMPONENT CHECK] classified_delta=+7.886136e-12 | objective_slack_delta=+7.887024e-12 | mismatch=-8.881784e-16
    [RECOURSE COMPONENT CHECK] classified_delta=+4.233308e+04 | block_delta=+4.233308e+04 | mismatch=+2.975867e-09
  TSO node=None year=2025 day=Spring | previous=7.635360e+07 | current=7.631157e+07 | delta=-4.202880e+04 | abs_delta=4.202880e+04
    [RECOURSE JUMP][TSO PROX] year=2025 day=Spring | V max=0.000101 | PF max=0.003473 | ESS max=0.000458
    [RECOURSE COMPONENTS] gen=-5.915535e+04 | flex=+1.712654e+04 | load_curt=+0.000000e+00 | res_curt=+0.000000e+00 | ess_usage=+0.000000e+00 | slacks=-3.443608e-08 | ess_comp=+2.332322e-03
    [SLACK COMPONENTS] voltage=-2.271744e-08 | node_P=+0.000000e+00 | node_Q=+0.000000e+00 | branch_ij=+0.000000e+00 | branch_ji=+0.000000e+00 | flex_P=-5.859310e-09 | flex_Q=-5.859310e-09
    [SLACK COMPONENT CHECK] classified_delta=-3.443606e-08 | objective_slack_delta=-3.443608e-08 | mismatch=+1.332268e-14
    [RECOURSE COMPONENT CHECK] classified_delta=-4.202880e+04 | block_delta=-4.202880e+04 | mismatch=-9.087671e-09
  DSO node=7 year=2035 day=Spring | previous=6.834628e+06 | current=6.868458e+06 | delta=+3.383004e+04 | abs_delta=3.383004e+04
    [RECOURSE COMPONENTS] gen=+0.000000e+00 | flex=+3.382973e+04 | load_curt=+0.000000e+00 | res_curt=+3.143399e-01 | ess_usage=+0.000000e+00 | slacks=+1.224886e-06 | ess_comp=-8.345502e-04
    [SLACK COMPONENTS] voltage=+1.291675e-07 | node_P=+0.000000e+00 | node_Q=+0.000000e+00 | branch_ij=+0.000000e+00 | branch_ji=+0.000000e+00 | flex_P=+1.095719e-06 | flex_Q=+0.000000e+00
    [SLACK COMPONENT CHECK] classified_delta=+1.224886e-06 | objective_slack_delta=+1.224886e-06 | mismatch=-7.815970e-14
    [RECOURSE COMPONENT CHECK] classified_delta=+3.383004e+04 | block_delta=+3.383004e+04 | mismatch=+3.492460e-10
  DSO node=9 year=2025 day=Summer | previous=1.844564e+06 | current=1.816581e+06 | delta=-2.798339e+04 | abs_delta=2.798339e+04
    [RECOURSE COMPONENTS] gen=+0.000000e+00 | flex=-2.798271e+04 | load_curt=+0.000000e+00 | res_curt=-6.859750e-01 | ess_usage=+0.000000e+00 | slacks=+2.536838e-06 | ess_comp=+6.218092e-03
    [SLACK COMPONENTS] voltage=+4.361697e-07 | node_P=+0.000000e+00 | node_Q=+0.000000e+00 | branch_ij=+0.000000e+00 | branch_ji=+0.000000e+00 | flex_P=+2.100668e-06 | flex_Q=+0.000000e+00
    [SLACK COMPONENT CHECK] classified_delta=+2.536838e-06 | objective_slack_delta=+2.536838e-06 | mismatch=-5.329071e-14
    [RECOURSE COMPONENT CHECK] classified_delta=-2.798339e+04 | block_delta=-2.798339e+04 | mismatch=+1.527951e-10
  DSO node=9 year=2035 day=Spring | previous=1.004851e+07 | current=1.007269e+07 | delta=+2.418410e+04 | abs_delta=2.418410e+04
    [RECOURSE COMPONENTS] gen=+0.000000e+00 | flex=+2.418451e+04 | load_curt=+0.000000e+00 | res_curt=-4.070980e-01 | ess_usage=+0.000000e+00 | slacks=+1.908012e-06 | ess_comp=-1.010891e-03
    [SLACK COMPONENTS] voltage=+1.259980e-07 | node_P=+0.000000e+00 | node_Q=+0.000000e+00 | branch_ij=+0.000000e+00 | branch_ji=+0.000000e+00 | flex_P=+1.782014e-06 | flex_Q=+0.000000e+00
    [SLACK COMPONENT CHECK] classified_delta=+1.908012e-06 | objective_slack_delta=+1.908012e-06 | mismatch=+1.030287e-13
    [RECOURSE COMPONENT CHECK] classified_delta=+2.418410e+04 | block_delta=+2.418410e+04 | mismatch=-2.193701e-09
  DSO node=7 year=2030 day=Spring | previous=3.941146e+06 | current=3.963796e+06 | delta=+2.264973e+04 | abs_delta=2.264973e+04
    [RECOURSE COMPONENTS] gen=+0.000000e+00 | flex=+2.265210e+04 | load_curt=+0.000000e+00 | res_curt=-2.373218e+00 | ess_usage=+0.000000e+00 | slacks=-5.456617e-06 | ess_comp=-1.088296e-04
    [SLACK COMPONENTS] voltage=-3.946439e-07 | node_P=+0.000000e+00 | node_Q=+0.000000e+00 | branch_ij=+0.000000e+00 | branch_ji=+0.000000e+00 | flex_P=-5.061973e-06 | flex_Q=+0.000000e+00
    [SLACK COMPONENT CHECK] classified_delta=-5.456617e-06 | objective_slack_delta=-5.456617e-06 | mismatch=-1.456613e-13
    [RECOURSE COMPONENT CHECK] classified_delta=+2.264973e+04 | block_delta=+2.264973e+04 | mismatch=+8.731149e-10
  TSO node=None year=2035 day=Summer | previous=6.632312e+07 | current=6.630404e+07 | delta=-1.907635e+04 | abs_delta=1.907635e+04
    [RECOURSE JUMP][TSO PROX] year=2035 day=Summer | V max=0.000187 | PF max=0.002067 | ESS max=0.000012
    [RECOURSE COMPONENTS] gen=-2.658223e+04 | flex=+7.505865e+03 | load_curt=+0.000000e+00 | res_curt=+0.000000e+00 | ess_usage=+0.000000e+00 | slacks=+3.488765e-12 | ess_comp=+1.466977e-02
    [SLACK COMPONENTS] voltage=+3.488765e-12 | node_P=+0.000000e+00 | node_Q=+0.000000e+00 | branch_ij=+0.000000e+00 | branch_ji=+0.000000e+00 | flex_P=+0.000000e+00 | flex_Q=+0.000000e+00
    [SLACK COMPONENT CHECK] classified_delta=+3.488765e-12 | objective_slack_delta=+3.488765e-12 | mismatch=+0.000000e+00
    [RECOURSE COMPONENT CHECK] classified_delta=-1.907635e+04 | block_delta=-1.907635e+04 | mismatch=+8.021743e-09
  DSO node=7 year=2025 day=Spring | previous=4.114035e+06 | current=4.131950e+06 | delta=+1.791559e+04 | abs_delta=1.791559e+04
    [RECOURSE COMPONENTS] gen=+0.000000e+00 | flex=+1.791559e+04 | load_curt=+0.000000e+00 | res_curt=+6.987861e-02 | ess_usage=+0.000000e+00 | slacks=+5.179305e-08 | ess_comp=-7.067102e-02
    [SLACK COMPONENTS] voltage=+4.677764e-08 | node_P=+0.000000e+00 | node_Q=+0.000000e+00 | branch_ij=+0.000000e+00 | branch_ji=+0.000000e+00 | flex_P=+2.755030e-09 | flex_Q=+2.260439e-09
    [SLACK COMPONENT CHECK] classified_delta=+5.179311e-08 | objective_slack_delta=+5.179305e-08 | mismatch=+6.039613e-14
    [RECOURSE COMPONENT CHECK] classified_delta=+1.791559e+04 | block_delta=+1.791559e+04 | mismatch=-1.091394e-10
[INFO]		 - Recourse stationarity failed. 149072.571693 > 81846.636227
[ADMM RHO] V | primal max ratio=0.001 | primal mean ratio=0.000 | primal selected=0.001 | dual mean ratio=0.010 | increase threshold=5.0 | decrease threshold=5.0 | action=held
[ADMM RHO] PF | primal max ratio=0.122 | primal mean ratio=0.012 | primal selected=0.122 | dual mean ratio=0.097 | increase threshold=5.0 | decrease threshold=3.0 | action=held
[ADMM RHO] ESS | primal max ratio=0.008 | primal mean ratio=0.006 | primal selected=0.008 | dual mean ratio=0.006 | increase threshold=5.0 | decrease threshold=5.0 | action=held
[INFO]		 - ADMM cycle 64 | Primal (V max/mean | PF max/mean | ESS max/mean) = 0.000009/0.000000 | 0.001224/0.000012 | 0.000843/0.000062 | Dual (V max/mean | PF max/mean | ESS max/mean) = 0.000420/0.000098 | 0.025589/0.000974 | 0.000664/0.000057 | Recourse change = 149072.571693 (tol. 81846.636227) | Stable cycles = 0/1 | Penalty actions (V/PF/ESS) = held/held/held
[INFO] 	 - Iteration 64: 31.69 s
[INFO] 	 - ADMM Iteration 65
[INFO] 		 - Updating distribution networks:
[INFO] 			 - Running SMOPF, Network case33_1, 2025, Spring...
[INFO] 			 - Running SMOPF, Network case33_1, 2025, Summer...
[INFO] 			 - Running SMOPF, Network case33_1, 2025, Autumn...
[INFO] 			 - Running SMOPF, Network case33_1, 2025, Winter...
[INFO] 			 - Running SMOPF, Network case33_1, 2030, Spring...
[INFO] 			 - Running SMOPF, Network case33_1, 2030, Summer...
[INFO] 			 - Running SMOPF, Network case33_1, 2030, Autumn...
[INFO] 			 - Running SMOPF, Network case33_1, 2030, Winter...
[INFO] 			 - Running SMOPF, Network case33_1, 2035, Spring...
[INFO] 			 - Running SMOPF, Network case33_1, 2035, Summer...
[INFO] 			 - Running SMOPF, Network case33_1, 2035, Autumn...
[INFO] 			 - Running SMOPF, Network case33_1, 2035, Winter...
[INFO] 			 - Running SMOPF, Network case33_2, 2025, Spring...
[INFO] 			 - Running SMOPF, Network case33_2, 2025, Summer...
[INFO] 			 - Running SMOPF, Network case33_2, 2025, Autumn...
[INFO] 			 - Running SMOPF, Network case33_2, 2025, Winter...
[INFO] 			 - Running SMOPF, Network case33_2, 2030, Spring...
[INFO] 			 - Running SMOPF, Network case33_2, 2030, Summer...
[INFO] 			 - Running SMOPF, Network case33_2, 2030, Autumn...
[INFO] 			 - Running SMOPF, Network case33_2, 2030, Winter...
[INFO] 			 - Running SMOPF, Network case33_2, 2035, Spring...
[INFO] 			 - Running SMOPF, Network case33_2, 2035, Summer...
[INFO] 			 - Running SMOPF, Network case33_2, 2035, Autumn...
[INFO] 			 - Running SMOPF, Network case33_2, 2035, Winter...
[INFO] 			 - Running SMOPF, Network case33_3, 2025, Spring...
[INFO] 			 - Running SMOPF, Network case33_3, 2025, Summer...
[INFO] 			 - Running SMOPF, Network case33_3, 2025, Autumn...
[INFO] 			 - Running SMOPF, Network case33_3, 2025, Winter...
[INFO] 			 - Running SMOPF, Network case33_3, 2030, Spring...
[INFO] 			 - Running SMOPF, Network case33_3, 2030, Summer...
[INFO] 			 - Running SMOPF, Network case33_3, 2030, Autumn...
[INFO] 			 - Running SMOPF, Network case33_3, 2030, Winter...
[INFO] 			 - Running SMOPF, Network case33_3, 2035, Spring...
[INFO] 			 - Running SMOPF, Network case33_3, 2035, Summer...
[INFO] 			 - Running SMOPF, Network case33_3, 2035, Autumn...
[INFO] 			 - Running SMOPF, Network case33_3, 2035, Winter...
[INFO] 		 - Updating transmission network...
[INFO] 			 - Running SMOPF, Network case9, 2025, Spring...
[INFO] 			 - Running SMOPF, Network case9, 2025, Summer...
[INFO] 			 - Running SMOPF, Network case9, 2025, Autumn...
[INFO] 			 - Running SMOPF, Network case9, 2025, Winter...
[INFO] 			 - Running SMOPF, Network case9, 2030, Spring...
[INFO] 			 - Running SMOPF, Network case9, 2030, Summer...
[INFO] 			 - Running SMOPF, Network case9, 2030, Autumn...
[INFO] 			 - Running SMOPF, Network case9, 2030, Winter...
[INFO] 			 - Running SMOPF, Network case9, 2035, Spring...
[INFO] 			 - Running SMOPF, Network case9, 2035, Summer...
[INFO] 			 - Running SMOPF, Network case9, 2035, Autumn...
[INFO] 			 - Running SMOPF, Network case9, 2035, Winter...
[TSO PROX] cycle=65 | updated_blocks=12 | held_failed_blocks=0 | V max=0.000187 | PF max=0.004911 | ESS max=0.001133
[TSO PROX][V MAX] node=5, year=2035, day=Summer, period=19 | dV=0.064351 kV | normalized=0.000187
[TSO PROX][PF MAX] node=7, year=2035, day=Spring, period=15, type=P | delta=0.491116 MW | normalized=0.004911
[TSO PROX][ESS MAX] node=9, year=2035, day=Autumn, period=22, type=P | delta=0.002195 MW | normalized=0.001133
[INFO] 		 - Updating SharedESS...
[INFO] 		 - Running Shared ESS optimization (subproblem)...
[INFO] 			 - Node 5...
[INFO] Shared ESS complementarity diagnostics for ESS node=5: ratio_max=7.676346e-06 n_periods=288 mu_final=1.005812e-11 s_obj=1.000000e-01 eps=1.000000e-05 bound=2.896739e-03 measured=2.647715e-03
[INFO] 			 - Node 7...
[INFO] Shared ESS complementarity diagnostics for ESS node=7: ratio_max=7.565445e-06 n_periods=288 mu_final=9.670899e-12 s_obj=1.000000e-01 eps=1.000000e-05 bound=2.785219e-03 measured=2.652566e-03
[INFO] 			 - Node 9...
[INFO] Shared ESS complementarity diagnostics for ESS node=9: ratio_max=6.963808e-06 n_periods=288 mu_final=1.004095e-11 s_obj=1.000000e-01 eps=1.000000e-05 bound=2.891793e-03 measured=2.647549e-03
[INFO]		 - Primal residuals ok!
[INFO]		 - Dual residuals ok!
[RECOURSE JUMP] cycle=65 | abs_change=1.381458e+05 | tol=8.183173e+04 | signed_change=-1.381458e+05
[RECOURSE JUMP] Reconciliation | previous=8.183173e+08 | current=8.181791e+08 | block_delta=-1.381458e+05 | mismatch=+2.384186e-07
[RECOURSE JUMP] Aggregate signed changes:
  TSO | delta=-1.911914e+05
  DSO node=7 | delta=+5.851353e+04
  DSO node=5 | delta=-1.484399e+04
  DSO node=9 | delta=+9.376007e+03
  SALVAGE | delta=+1.847518e-50
[RECOURSE JUMP] Largest 10 block changes:
  TSO node=None year=2035 day=Spring | previous=5.818250e+07 | current=5.808488e+07 | delta=-9.761896e+04 | abs_delta=9.761896e+04
    [RECOURSE JUMP][TSO PROX] year=2035 day=Spring | V max=0.000135 | PF max=0.004911 | ESS max=0.000017
    [RECOURSE COMPONENTS] gen=-1.631312e+05 | flex=+6.551222e+04 | load_curt=+0.000000e+00 | res_curt=+0.000000e+00 | ess_usage=+0.000000e+00 | slacks=-4.092726e-12 | ess_comp=-1.323103e-03
    [SLACK COMPONENTS] voltage=-4.064304e-12 | node_P=+0.000000e+00 | node_Q=+0.000000e+00 | branch_ij=+0.000000e+00 | branch_ji=+0.000000e+00 | flex_P=-1.865175e-14 | flex_Q=-1.865175e-14
    [SLACK COMPONENT CHECK] classified_delta=-4.101608e-12 | objective_slack_delta=-4.092726e-12 | mismatch=-8.881784e-15
    [RECOURSE COMPONENT CHECK] classified_delta=-9.761896e+04 | block_delta=-9.761896e+04 | mismatch=-1.023000e-08
  TSO node=None year=2030 day=Spring | previous=5.686453e+07 | current=5.679154e+07 | delta=-7.299349e+04 | abs_delta=7.299349e+04
    [RECOURSE JUMP][TSO PROX] year=2030 day=Spring | V max=0.000099 | PF max=0.003706 | ESS max=0.000048
    [RECOURSE COMPONENTS] gen=-1.154684e+05 | flex=+4.247486e+04 | load_curt=+0.000000e+00 | res_curt=+0.000000e+00 | ess_usage=+0.000000e+00 | slacks=+3.464450e-09 | ess_comp=-1.366174e-03
    [SLACK COMPONENTS] voltage=+2.280551e-09 | node_P=+0.000000e+00 | node_Q=+0.000000e+00 | branch_ij=+0.000000e+00 | branch_ji=+0.000000e+00 | flex_P=+5.919456e-10 | flex_Q=+5.919456e-10
    [SLACK COMPONENT CHECK] classified_delta=+3.464442e-09 | objective_slack_delta=+3.464450e-09 | mismatch=-7.993606e-15
    [RECOURSE COMPONENT CHECK] classified_delta=-7.299349e+04 | block_delta=-7.299349e+04 | mismatch=+4.700269e-09
  TSO node=None year=2025 day=Spring | previous=7.631157e+07 | current=7.626517e+07 | delta=-4.640041e+04 | abs_delta=4.640041e+04
    [RECOURSE JUMP][TSO PROX] year=2025 day=Spring | V max=0.000102 | PF max=0.003472 | ESS max=0.000459
    [RECOURSE COMPONENTS] gen=-6.613949e+04 | flex=+1.973908e+04 | load_curt=+0.000000e+00 | res_curt=+0.000000e+00 | ess_usage=+0.000000e+00 | slacks=-2.670129e-08 | ess_comp=+2.031274e-03
    [SLACK COMPONENTS] voltage=-1.761302e-08 | node_P=+0.000000e+00 | node_Q=+0.000000e+00 | branch_ij=+0.000000e+00 | branch_ji=+0.000000e+00 | flex_P=-4.544150e-09 | flex_Q=-4.544150e-09
    [SLACK COMPONENT CHECK] classified_delta=-2.670132e-08 | objective_slack_delta=-2.670129e-08 | mismatch=-2.486900e-14
    [RECOURSE COMPONENT CHECK] classified_delta=-4.640041e+04 | block_delta=-4.640041e+04 | mismatch=+1.000444e-08
  TSO node=None year=2025 day=Summer | previous=9.330358e+07 | current=9.334028e+07 | delta=+3.670209e+04 | abs_delta=3.670209e+04
    [RECOURSE JUMP][TSO PROX] year=2025 day=Summer | V max=0.000134 | PF max=0.002366 | ESS max=0.000279
    [RECOURSE COMPONENTS] gen=+8.832939e+04 | flex=-5.162730e+04 | load_curt=+0.000000e+00 | res_curt=+0.000000e+00 | ess_usage=+0.000000e+00 | slacks=+7.965184e-12 | ess_comp=+1.260788e-05
    [SLACK COMPONENTS] voltage=+7.958079e-12 | node_P=+0.000000e+00 | node_Q=+0.000000e+00 | branch_ij=+0.000000e+00 | branch_ji=+0.000000e+00 | flex_P=+0.000000e+00 | flex_Q=+0.000000e+00
    [SLACK COMPONENT CHECK] classified_delta=+7.958079e-12 | objective_slack_delta=+7.965184e-12 | mismatch=-7.105427e-15
    [RECOURSE COMPONENT CHECK] classified_delta=+3.670209e+04 | block_delta=+3.670209e+04 | mismatch=+1.091394e-10
  DSO node=7 year=2035 day=Spring | previous=6.868458e+06 | current=6.902338e+06 | delta=+3.388082e+04 | abs_delta=3.388082e+04
    [RECOURSE COMPONENTS] gen=+0.000000e+00 | flex=+3.388051e+04 | load_curt=+0.000000e+00 | res_curt=+3.166107e-01 | ess_usage=+0.000000e+00 | slacks=+1.704264e-06 | ess_comp=-3.690354e-04
    [SLACK COMPONENTS] voltage=+1.537369e-07 | node_P=+0.000000e+00 | node_Q=+0.000000e+00 | branch_ij=+0.000000e+00 | branch_ji=+0.000000e+00 | flex_P=+1.550528e-06 | flex_Q=+0.000000e+00
    [SLACK COMPONENT CHECK] classified_delta=+1.704265e-06 | objective_slack_delta=+1.704264e-06 | mismatch=+7.815970e-14
    [RECOURSE COMPONENT CHECK] classified_delta=+3.388082e+04 | block_delta=+3.388082e+04 | mismatch=+3.565219e-10
  DSO node=9 year=2025 day=Summer | previous=1.816581e+06 | current=1.788584e+06 | delta=-2.799651e+04 | abs_delta=2.799651e+04
    [RECOURSE COMPONENTS] gen=+0.000000e+00 | flex=-2.799581e+04 | load_curt=+0.000000e+00 | res_curt=-7.076691e-01 | ess_usage=+0.000000e+00 | slacks=+5.963497e-07 | ess_comp=+5.639027e-03
    [SLACK COMPONENTS] voltage=+3.204041e-07 | node_P=+0.000000e+00 | node_Q=+0.000000e+00 | branch_ij=+0.000000e+00 | branch_ji=+0.000000e+00 | flex_P=+2.759456e-07 | flex_Q=+0.000000e+00
    [SLACK COMPONENT CHECK] classified_delta=+5.963497e-07 | objective_slack_delta=+5.963497e-07 | mismatch=+9.237056e-14
    [RECOURSE COMPONENT CHECK] classified_delta=-2.799651e+04 | block_delta=-2.799651e+04 | mismatch=-2.910383e-11
  DSO node=9 year=2035 day=Spring | previous=1.007269e+07 | current=1.009686e+07 | delta=+2.417429e+04 | abs_delta=2.417429e+04
    [RECOURSE COMPONENTS] gen=+0.000000e+00 | flex=+2.417468e+04 | load_curt=+0.000000e+00 | res_curt=-3.921707e-01 | ess_usage=+0.000000e+00 | slacks=+2.499097e-06 | ess_comp=-4.339813e-04
    [SLACK COMPONENTS] voltage=+1.461842e-07 | node_P=+0.000000e+00 | node_Q=+0.000000e+00 | branch_ij=+0.000000e+00 | branch_ji=+0.000000e+00 | flex_P=+2.352913e-06 | flex_Q=+0.000000e+00
    [SLACK COMPONENT CHECK] classified_delta=+2.499097e-06 | objective_slack_delta=+2.499097e-06 | mismatch=-1.065814e-14
    [RECOURSE COMPONENT CHECK] classified_delta=+2.417429e+04 | block_delta=+2.417429e+04 | mismatch=+7.057679e-10
  DSO node=7 year=2030 day=Spring | previous=3.963796e+06 | current=3.987207e+06 | delta=+2.341161e+04 | abs_delta=2.341161e+04
    [RECOURSE COMPONENTS] gen=+0.000000e+00 | flex=+2.341400e+04 | load_curt=+0.000000e+00 | res_curt=-2.390569e+00 | ess_usage=+0.000000e+00 | slacks=-1.249275e-06 | ess_comp=-6.760670e-05
    [SLACK COMPONENTS] voltage=-7.918516e-08 | node_P=+0.000000e+00 | node_Q=+0.000000e+00 | branch_ij=+0.000000e+00 | branch_ji=+0.000000e+00 | flex_P=-1.170090e-06 | flex_Q=+0.000000e+00
    [SLACK COMPONENT CHECK] classified_delta=-1.249275e-06 | objective_slack_delta=-1.249275e-06 | mismatch=+6.750156e-14
    [RECOURSE COMPONENT CHECK] classified_delta=+2.341161e+04 | block_delta=+2.341161e+04 | mismatch=-8.731149e-11
  TSO node=None year=2035 day=Summer | previous=6.630404e+07 | current=6.628509e+07 | delta=-1.895264e+04 | abs_delta=1.895264e+04
    [RECOURSE JUMP][TSO PROX] year=2035 day=Summer | V max=0.000187 | PF max=0.002061 | ESS max=0.000012
    [RECOURSE COMPONENTS] gen=-2.639007e+04 | flex=+7.437418e+03 | load_curt=+0.000000e+00 | res_curt=+0.000000e+00 | ess_usage=+0.000000e+00 | slacks=+3.481659e-12 | ess_comp=+2.638851e-03
    [SLACK COMPONENTS] voltage=+3.481659e-12 | node_P=+0.000000e+00 | node_Q=+0.000000e+00 | branch_ij=+0.000000e+00 | branch_ji=+0.000000e+00 | flex_P=+0.000000e+00 | flex_Q=+0.000000e+00
    [SLACK COMPONENT CHECK] classified_delta=+3.481659e-12 | objective_slack_delta=+3.481659e-12 | mismatch=+0.000000e+00
    [RECOURSE COMPONENT CHECK] classified_delta=-1.895264e+04 | block_delta=-1.895264e+04 | mismatch=-1.071021e-08
  DSO node=7 year=2025 day=Spring | previous=4.131950e+06 | current=4.149874e+06 | delta=+1.792393e+04 | abs_delta=1.792393e+04
    [RECOURSE COMPONENTS] gen=+0.000000e+00 | flex=+1.792393e+04 | load_curt=+0.000000e+00 | res_curt=+6.703558e-02 | ess_usage=+0.000000e+00 | slacks=+3.856485e-09 | ess_comp=-6.596767e-02
    [SLACK COMPONENTS] voltage=+1.785588e-08 | node_P=+0.000000e+00 | node_Q=+0.000000e+00 | branch_ij=+0.000000e+00 | branch_ji=+0.000000e+00 | flex_P=-1.173909e-08 | flex_Q=-2.260439e-09
    [SLACK COMPONENT CHECK] classified_delta=+3.856350e-09 | objective_slack_delta=+3.856485e-09 | mismatch=-1.350031e-13
    [RECOURSE COMPONENT CHECK] classified_delta=+1.792393e+04 | block_delta=+1.792393e+04 | mismatch=-2.983143e-10
[INFO]		 - Recourse stationarity failed. 138145.837298 > 81831.728970
[ADMM RHO] V | primal max ratio=0.001 | primal mean ratio=0.000 | primal selected=0.001 | dual mean ratio=0.010 | increase threshold=5.0 | decrease threshold=5.0 | action=held
[ADMM RHO] PF | primal max ratio=0.094 | primal mean ratio=0.009 | primal selected=0.094 | dual mean ratio=0.096 | increase threshold=5.0 | decrease threshold=3.0 | action=held
[ADMM RHO] ESS | primal max ratio=0.010 | primal mean ratio=0.005 | primal selected=0.010 | dual mean ratio=0.006 | increase threshold=5.0 | decrease threshold=5.0 | action=held
[INFO]		 - ADMM cycle 65 | Primal (V max/mean | PF max/mean | ESS max/mean) = 0.000009/0.000000 | 0.000937/0.000009 | 0.000967/0.000052 | Dual (V max/mean | PF max/mean | ESS max/mean) = 0.000420/0.000098 | 0.025552/0.000962 | 0.000775/0.000063 | Recourse change = 138145.837298 (tol. 81831.728970) | Stable cycles = 0/1 | Penalty actions (V/PF/ESS) = held/held/held
[INFO] 	 - Iteration 65: 32.71 s
[INFO] 	 - ADMM Iteration 66
[INFO] 		 - Updating distribution networks:
[INFO] 			 - Running SMOPF, Network case33_1, 2025, Spring...
[INFO] 			 - Running SMOPF, Network case33_1, 2025, Summer...
[INFO] 			 - Running SMOPF, Network case33_1, 2025, Autumn...
[INFO] 			 - Running SMOPF, Network case33_1, 2025, Winter...
[INFO] 			 - Running SMOPF, Network case33_1, 2030, Spring...
[INFO] 			 - Running SMOPF, Network case33_1, 2030, Summer...
[INFO] 			 - Running SMOPF, Network case33_1, 2030, Autumn...
[INFO] 			 - Running SMOPF, Network case33_1, 2030, Winter...
[INFO] 			 - Running SMOPF, Network case33_1, 2035, Spring...
[INFO] 			 - Running SMOPF, Network case33_1, 2035, Summer...
[INFO] 			 - Running SMOPF, Network case33_1, 2035, Autumn...
[INFO] 			 - Running SMOPF, Network case33_1, 2035, Winter...
[INFO] 			 - Running SMOPF, Network case33_2, 2025, Spring...
[INFO] 			 - Running SMOPF, Network case33_2, 2025, Summer...
[INFO] 			 - Running SMOPF, Network case33_2, 2025, Autumn...
[INFO] 			 - Running SMOPF, Network case33_2, 2025, Winter...
[INFO] 			 - Running SMOPF, Network case33_2, 2030, Spring...
[INFO] 			 - Running SMOPF, Network case33_2, 2030, Summer...
[INFO] 			 - Running SMOPF, Network case33_2, 2030, Autumn...
[INFO] 			 - Running SMOPF, Network case33_2, 2030, Winter...
[INFO] 			 - Running SMOPF, Network case33_2, 2035, Spring...
[INFO] 			 - Running SMOPF, Network case33_2, 2035, Summer...
[INFO] 			 - Running SMOPF, Network case33_2, 2035, Autumn...
[INFO] 			 - Running SMOPF, Network case33_2, 2035, Winter...
[INFO] 			 - Running SMOPF, Network case33_3, 2025, Spring...
[INFO] 			 - Running SMOPF, Network case33_3, 2025, Summer...
[INFO] 			 - Running SMOPF, Network case33_3, 2025, Autumn...
[INFO] 			 - Running SMOPF, Network case33_3, 2025, Winter...
[INFO] 			 - Running SMOPF, Network case33_3, 2030, Spring...
[INFO] 			 - Running SMOPF, Network case33_3, 2030, Summer...
[INFO] 			 - Running SMOPF, Network case33_3, 2030, Autumn...
[INFO] 			 - Running SMOPF, Network case33_3, 2030, Winter...
[INFO] 			 - Running SMOPF, Network case33_3, 2035, Spring...
[INFO] 			 - Running SMOPF, Network case33_3, 2035, Summer...
[INFO] 			 - Running SMOPF, Network case33_3, 2035, Autumn...
[INFO] 			 - Running SMOPF, Network case33_3, 2035, Winter...
[INFO] 		 - Updating transmission network...
[INFO] 			 - Running SMOPF, Network case9, 2025, Spring...
[INFO] 			 - Running SMOPF, Network case9, 2025, Summer...
[INFO] 			 - Running SMOPF, Network case9, 2025, Autumn...
[INFO] 			 - Running SMOPF, Network case9, 2025, Winter...
[INFO] 			 - Running SMOPF, Network case9, 2030, Spring...
[INFO] 			 - Running SMOPF, Network case9, 2030, Summer...
[INFO] 			 - Running SMOPF, Network case9, 2030, Autumn...
[INFO] 			 - Running SMOPF, Network case9, 2030, Winter...
[INFO] 			 - Running SMOPF, Network case9, 2035, Spring...
[INFO] 			 - Running SMOPF, Network case9, 2035, Summer...
[INFO] 			 - Running SMOPF, Network case9, 2035, Autumn...
[INFO] 			 - Running SMOPF, Network case9, 2035, Winter...
[TSO PROX] cycle=66 | updated_blocks=12 | held_failed_blocks=0 | V max=0.000186 | PF max=0.004902 | ESS max=0.000536
[TSO PROX][V MAX] node=5, year=2035, day=Summer, period=19 | dV=0.064291 kV | normalized=0.000186
[TSO PROX][PF MAX] node=7, year=2035, day=Spring, period=15, type=P | delta=0.490155 MW | normalized=0.004902
[TSO PROX][ESS MAX] node=9, year=2035, day=Autumn, period=22, type=P | delta=0.001038 MW | normalized=0.000536
[INFO] 		 - Updating SharedESS...
[INFO] 		 - Running Shared ESS optimization (subproblem)...
[INFO] 			 - Node 5...
[INFO] Shared ESS complementarity diagnostics for ESS node=5: ratio_max=7.153208e-06 n_periods=288 mu_final=1.009073e-11 s_obj=1.000000e-01 eps=1.000000e-05 bound=2.906131e-03 measured=2.645373e-03
[INFO] 			 - Node 7...
[INFO] Shared ESS complementarity diagnostics for ESS node=7: ratio_max=8.322872e-06 n_periods=288 mu_final=9.945044e-12 s_obj=1.000000e-01 eps=1.000000e-05 bound=2.864173e-03 measured=2.648046e-03
[INFO] 			 - Node 9...
[INFO] Shared ESS complementarity diagnostics for ESS node=9: ratio_max=5.679852e-06 n_periods=288 mu_final=1.590834e-11 s_obj=1.000000e-01 eps=1.000000e-05 bound=4.581602e-03 measured=2.612900e-03
[INFO]		 - Primal residuals ok!
[INFO]		 - Dual residuals ok!
[RECOURSE JUMP] cycle=66 | abs_change=1.294565e+05 | tol=8.181791e+04 | signed_change=-1.294565e+05
[RECOURSE JUMP] Reconciliation | previous=8.181791e+08 | current=8.180497e+08 | block_delta=-1.294565e+05 | mismatch=+1.192093e-07
[RECOURSE JUMP] Aggregate signed changes:
  TSO | delta=-1.891869e+05
  DSO node=7 | delta=+5.975732e+04
  DSO node=5 | delta=-1.236753e+04
  DSO node=9 | delta=+1.234057e+04
  SALVAGE | delta=-5.187222e-36
[RECOURSE JUMP] Largest 10 block changes:
  TSO node=None year=2035 day=Spring | previous=5.808488e+07 | current=5.798919e+07 | delta=-9.569100e+04 | abs_delta=9.569100e+04
    [RECOURSE JUMP][TSO PROX] year=2035 day=Spring | V max=0.000136 | PF max=0.004902 | ESS max=0.000017
    [RECOURSE COMPONENTS] gen=-1.605069e+05 | flex=+6.481590e+04 | load_curt=+0.000000e+00 | res_curt=+0.000000e+00 | ess_usage=+0.000000e+00 | slacks=+7.380287e-07 | ess_comp=+1.762430e-03
    [SLACK COMPONENTS] voltage=+4.855614e-07 | node_P=+0.000000e+00 | node_Q=+0.000000e+00 | branch_ij=+0.000000e+00 | branch_ji=+0.000000e+00 | flex_P=+1.262336e-07 | flex_Q=+1.262336e-07
    [SLACK COMPONENT CHECK] classified_delta=+7.380287e-07 | objective_slack_delta=+7.380287e-07 | mismatch=+1.243450e-14
    [RECOURSE COMPONENT CHECK] classified_delta=-9.569100e+04 | block_delta=-9.569100e+04 | mismatch=+1.021544e-08
  TSO node=None year=2030 day=Spring | previous=5.679154e+07 | current=5.672475e+07 | delta=-6.679345e+04 | abs_delta=6.679345e+04
    [RECOURSE JUMP][TSO PROX] year=2030 day=Spring | V max=0.000099 | PF max=0.003738 | ESS max=0.000041
    [RECOURSE COMPONENTS] gen=-1.059462e+05 | flex=+3.915276e+04 | load_curt=+0.000000e+00 | res_curt=+0.000000e+00 | ess_usage=+0.000000e+00 | slacks=+6.769305e-09 | ess_comp=+3.893007e-03
    [SLACK COMPONENTS] voltage=+4.455906e-09 | node_P=+0.000000e+00 | node_Q=+0.000000e+00 | branch_ij=+0.000000e+00 | branch_ji=+0.000000e+00 | flex_P=+1.156697e-09 | flex_Q=+1.156697e-09
    [SLACK COMPONENT CHECK] classified_delta=+6.769300e-09 | objective_slack_delta=+6.769305e-09 | mismatch=-5.329071e-15
    [RECOURSE COMPONENT CHECK] classified_delta=-6.679345e+04 | block_delta=-6.679345e+04 | mismatch=-3.958121e-09
  TSO node=None year=2025 day=Spring | previous=7.626517e+07 | current=7.621514e+07 | delta=-5.003109e+04 | abs_delta=5.003109e+04
    [RECOURSE JUMP][TSO PROX] year=2025 day=Spring | V max=0.000102 | PF max=0.003470 | ESS max=0.000459
    [RECOURSE COMPONENTS] gen=-7.195695e+04 | flex=+2.192586e+04 | load_curt=+0.000000e+00 | res_curt=+0.000000e+00 | ess_usage=+0.000000e+00 | slacks=+2.999064e-08 | ess_comp=+5.023761e-04
    [SLACK COMPONENTS] voltage=+1.978312e-08 | node_P=+0.000000e+00 | node_Q=+0.000000e+00 | branch_ij=+0.000000e+00 | branch_ji=+0.000000e+00 | flex_P=+5.103758e-09 | flex_Q=+5.103758e-09
    [SLACK COMPONENT CHECK] classified_delta=+2.999064e-08 | objective_slack_delta=+2.999064e-08 | mismatch=+8.881784e-16
    [RECOURSE COMPONENT CHECK] classified_delta=-5.003109e+04 | block_delta=-5.003109e+04 | mismatch=-5.224138e-09
  DSO node=7 year=2035 day=Spring | previous=6.902338e+06 | current=6.936170e+06 | delta=+3.383114e+04 | abs_delta=3.383114e+04
    [RECOURSE COMPONENTS] gen=+0.000000e+00 | flex=+3.383081e+04 | load_curt=+0.000000e+00 | res_curt=+3.237343e-01 | ess_usage=+0.000000e+00 | slacks=+1.036306e-06 | ess_comp=-1.387769e-04
    [SLACK COMPONENTS] voltage=+1.308345e-07 | node_P=+0.000000e+00 | node_Q=+0.000000e+00 | branch_ij=+0.000000e+00 | branch_ji=+0.000000e+00 | flex_P=+9.054715e-07 | flex_Q=+0.000000e+00
    [SLACK COMPONENT CHECK] classified_delta=+1.036306e-06 | objective_slack_delta=+1.036306e-06 | mismatch=+1.101341e-13
    [RECOURSE COMPONENT CHECK] classified_delta=+3.383114e+04 | block_delta=+3.383114e+04 | mismatch=+5.966285e-10
  TSO node=None year=2025 day=Summer | previous=9.334028e+07 | current=9.337265e+07 | delta=+3.237587e+04 | abs_delta=3.237587e+04
    [RECOURSE JUMP][TSO PROX] year=2025 day=Summer | V max=0.000134 | PF max=0.002377 | ESS max=0.000279
    [RECOURSE COMPONENTS] gen=+8.200452e+04 | flex=-4.962866e+04 | load_curt=+0.000000e+00 | res_curt=+0.000000e+00 | ess_usage=+0.000000e+00 | slacks=+7.972289e-12 | ess_comp=+1.590139e-05
    [SLACK COMPONENTS] voltage=+7.979395e-12 | node_P=+0.000000e+00 | node_Q=+0.000000e+00 | branch_ij=+0.000000e+00 | branch_ji=+0.000000e+00 | flex_P=-4.440892e-16 | flex_Q=-4.440892e-16
    [SLACK COMPONENT CHECK] classified_delta=+7.978507e-12 | objective_slack_delta=+7.972289e-12 | mismatch=+6.217249e-15
    [RECOURSE COMPONENT CHECK] classified_delta=+3.237587e+04 | block_delta=+3.237587e+04 | mismatch=-6.060873e-09
  DSO node=9 year=2025 day=Summer | previous=1.788584e+06 | current=1.761320e+06 | delta=-2.726450e+04 | abs_delta=2.726450e+04
    [RECOURSE COMPONENTS] gen=+0.000000e+00 | flex=-2.726385e+04 | load_curt=+0.000000e+00 | res_curt=-6.583785e-01 | ess_usage=+0.000000e+00 | slacks=-7.717637e-07 | ess_comp=+1.685328e-03
    [SLACK COMPONENTS] voltage=+2.103147e-07 | node_P=+0.000000e+00 | node_Q=+0.000000e+00 | branch_ij=+0.000000e+00 | branch_ji=+0.000000e+00 | flex_P=-9.820784e-07 | flex_Q=+0.000000e+00
    [SLACK COMPONENT CHECK] classified_delta=-7.717637e-07 | objective_slack_delta=-7.717637e-07 | mismatch=+1.065814e-14
    [RECOURSE COMPONENT CHECK] classified_delta=-2.726450e+04 | block_delta=-2.726450e+04 | mismatch=+8.367351e-11
  DSO node=9 year=2035 day=Spring | previous=1.009686e+07 | current=1.012090e+07 | delta=+2.403846e+04 | abs_delta=2.403846e+04
    [RECOURSE COMPONENTS] gen=+0.000000e+00 | flex=+2.403883e+04 | load_curt=+0.000000e+00 | res_curt=-3.658348e-01 | ess_usage=+0.000000e+00 | slacks=+1.442038e-06 | ess_comp=-1.746624e-04
    [SLACK COMPONENTS] voltage=+1.269213e-07 | node_P=+0.000000e+00 | node_Q=+0.000000e+00 | branch_ij=+0.000000e+00 | branch_ji=+0.000000e+00 | flex_P=+1.315117e-06 | flex_Q=+0.000000e+00
    [SLACK COMPONENT CHECK] classified_delta=+1.442038e-06 | objective_slack_delta=+1.442038e-06 | mismatch=-1.492140e-13
    [RECOURSE COMPONENT CHECK] classified_delta=+2.403846e+04 | block_delta=+2.403846e+04 | mismatch=+7.967174e-10
  DSO node=7 year=2030 day=Spring | previous=3.987207e+06 | current=4.010880e+06 | delta=+2.367275e+04 | abs_delta=2.367275e+04
    [RECOURSE COMPONENTS] gen=+0.000000e+00 | flex=+2.367509e+04 | load_curt=+0.000000e+00 | res_curt=-2.332882e+00 | ess_usage=+0.000000e+00 | slacks=+1.165917e-06 | ess_comp=-2.886614e-05
    [SLACK COMPONENTS] voltage=+9.185328e-08 | node_P=+0.000000e+00 | node_Q=+0.000000e+00 | branch_ij=+0.000000e+00 | branch_ji=+0.000000e+00 | flex_P=+1.074064e-06 | flex_Q=+0.000000e+00
    [SLACK COMPONENT CHECK] classified_delta=+1.165917e-06 | objective_slack_delta=+1.165917e-06 | mismatch=-2.842171e-14
    [RECOURSE COMPONENT CHECK] classified_delta=+2.367275e+04 | block_delta=+2.367275e+04 | mismatch=+2.801244e-10
  DSO node=7 year=2025 day=Spring | previous=4.149874e+06 | current=4.167829e+06 | delta=+1.795437e+04 | abs_delta=1.795437e+04
    [RECOURSE COMPONENTS] gen=+0.000000e+00 | flex=+1.795434e+04 | load_curt=+0.000000e+00 | res_curt=+6.554719e-02 | ess_usage=+0.000000e+00 | slacks=-1.556617e-08 | ess_comp=-4.536981e-02
    [SLACK COMPONENTS] voltage=+2.987139e-08 | node_P=+0.000000e+00 | node_Q=+0.000000e+00 | branch_ij=+0.000000e+00 | branch_ji=+0.000000e+00 | flex_P=-4.543762e-08 | flex_Q=+0.000000e+00
    [SLACK COMPONENT CHECK] classified_delta=-1.556623e-08 | objective_slack_delta=-1.556617e-08 | mismatch=-6.039613e-14
    [RECOURSE COMPONENT CHECK] classified_delta=+1.795437e+04 | block_delta=+1.795437e+04 | mismatch=-3.601599e-10
  TSO node=None year=2035 day=Summer | previous=6.628509e+07 | current=6.626739e+07 | delta=-1.770254e+04 | abs_delta=1.770254e+04
    [RECOURSE JUMP][TSO PROX] year=2035 day=Summer | V max=0.000186 | PF max=0.002051 | ESS max=0.000013
    [RECOURSE COMPONENTS] gen=-2.433186e+04 | flex=+6.629331e+03 | load_curt=+0.000000e+00 | res_curt=+0.000000e+00 | ess_usage=+0.000000e+00 | slacks=+3.481659e-12 | ess_comp=-7.937978e-03
    [SLACK COMPONENTS] voltage=+3.481659e-12 | node_P=+0.000000e+00 | node_Q=+0.000000e+00 | branch_ij=+0.000000e+00 | branch_ji=+0.000000e+00 | flex_P=+0.000000e+00 | flex_Q=+0.000000e+00
    [SLACK COMPONENT CHECK] classified_delta=+3.481659e-12 | objective_slack_delta=+3.481659e-12 | mismatch=+0.000000e+00
    [RECOURSE COMPONENT CHECK] classified_delta=-1.770254e+04 | block_delta=-1.770254e+04 | mismatch=+8.400093e-09
[INFO]		 - Recourse stationarity failed. 129456.502350 > 81817.914386
[ADMM RHO] V | primal max ratio=0.001 | primal mean ratio=0.000 | primal selected=0.001 | dual mean ratio=0.010 | increase threshold=5.0 | decrease threshold=5.0 | action=held
[ADMM RHO] PF | primal max ratio=0.067 | primal mean ratio=0.008 | primal selected=0.067 | dual mean ratio=0.094 | increase threshold=5.0 | decrease threshold=3.0 | action=held
[ADMM RHO] ESS | primal max ratio=0.009 | primal mean ratio=0.004 | primal selected=0.009 | dual mean ratio=0.007 | increase threshold=5.0 | decrease threshold=5.0 | action=held
[INFO]		 - ADMM cycle 66 | Primal (V max/mean | PF max/mean | ESS max/mean) = 0.000006/0.000000 | 0.000667/0.000008 | 0.000941/0.000045 | Dual (V max/mean | PF max/mean | ESS max/mean) = 0.000419/0.000098 | 0.025500/0.000943 | 0.000895/0.000068 | Recourse change = 129456.502350 (tol. 81817.914386) | Stable cycles = 0/1 | Penalty actions (V/PF/ESS) = held/held/held
[INFO] 	 - Iteration 66: 30.83 s
[INFO] 	 - ADMM Iteration 67
[INFO] 		 - Updating distribution networks:
[INFO] 			 - Running SMOPF, Network case33_1, 2025, Spring...
[INFO] 			 - Running SMOPF, Network case33_1, 2025, Summer...
[INFO] 			 - Running SMOPF, Network case33_1, 2025, Autumn...
[INFO] 			 - Running SMOPF, Network case33_1, 2025, Winter...
[INFO] 			 - Running SMOPF, Network case33_1, 2030, Spring...
[INFO] 			 - Running SMOPF, Network case33_1, 2030, Summer...
[INFO] 			 - Running SMOPF, Network case33_1, 2030, Autumn...
[INFO] 			 - Running SMOPF, Network case33_1, 2030, Winter...
[INFO] 			 - Running SMOPF, Network case33_1, 2035, Spring...
[INFO] 			 - Running SMOPF, Network case33_1, 2035, Summer...
[INFO] 			 - Running SMOPF, Network case33_1, 2035, Autumn...
[INFO] 			 - Running SMOPF, Network case33_1, 2035, Winter...
[INFO] 			 - Running SMOPF, Network case33_2, 2025, Spring...
[INFO] 			 - Running SMOPF, Network case33_2, 2025, Summer...
[INFO] 			 - Running SMOPF, Network case33_2, 2025, Autumn...
[INFO] 			 - Running SMOPF, Network case33_2, 2025, Winter...
[INFO] 			 - Running SMOPF, Network case33_2, 2030, Spring...
[INFO] 			 - Running SMOPF, Network case33_2, 2030, Summer...
[INFO] 			 - Running SMOPF, Network case33_2, 2030, Autumn...
[INFO] 			 - Running SMOPF, Network case33_2, 2030, Winter...
[INFO] 			 - Running SMOPF, Network case33_2, 2035, Spring...
[INFO] 			 - Running SMOPF, Network case33_2, 2035, Summer...
[INFO] 			 - Running SMOPF, Network case33_2, 2035, Autumn...
[INFO] 			 - Running SMOPF, Network case33_2, 2035, Winter...
[INFO] 			 - Running SMOPF, Network case33_3, 2025, Spring...
[INFO] 			 - Running SMOPF, Network case33_3, 2025, Summer...
[INFO] 			 - Running SMOPF, Network case33_3, 2025, Autumn...
[INFO] 			 - Running SMOPF, Network case33_3, 2025, Winter...
[INFO] 			 - Running SMOPF, Network case33_3, 2030, Spring...
[INFO] 			 - Running SMOPF, Network case33_3, 2030, Summer...
[INFO] 			 - Running SMOPF, Network case33_3, 2030, Autumn...
[INFO] 			 - Running SMOPF, Network case33_3, 2030, Winter...
[INFO] 			 - Running SMOPF, Network case33_3, 2035, Spring...
[INFO] 			 - Running SMOPF, Network case33_3, 2035, Summer...
[INFO] 			 - Running SMOPF, Network case33_3, 2035, Autumn...
[INFO] 			 - Running SMOPF, Network case33_3, 2035, Winter...
[INFO] 		 - Updating transmission network...
[INFO] 			 - Running SMOPF, Network case9, 2025, Spring...
[INFO] 			 - Running SMOPF, Network case9, 2025, Summer...
[INFO] 			 - Running SMOPF, Network case9, 2025, Autumn...
[INFO] 			 - Running SMOPF, Network case9, 2025, Winter...
[INFO] 			 - Running SMOPF, Network case9, 2030, Spring...
[INFO] 			 - Running SMOPF, Network case9, 2030, Summer...
[INFO] 			 - Running SMOPF, Network case9, 2030, Autumn...
[INFO] 			 - Running SMOPF, Network case9, 2030, Winter...
[INFO] 			 - Running SMOPF, Network case9, 2035, Spring...
[INFO] 			 - Running SMOPF, Network case9, 2035, Summer...
[INFO] 			 - Running SMOPF, Network case9, 2035, Autumn...
[INFO] 			 - Running SMOPF, Network case9, 2035, Winter...
[TSO PROX] cycle=67 | updated_blocks=12 | held_failed_blocks=0 | V max=0.000186 | PF max=0.004887 | ESS max=0.000459
[TSO PROX][V MAX] node=5, year=2035, day=Summer, period=19 | dV=0.064235 kV | normalized=0.000186
[TSO PROX][PF MAX] node=7, year=2035, day=Spring, period=15, type=P | delta=0.488743 MW | normalized=0.004887
[TSO PROX][ESS MAX] node=9, year=2025, day=Spring, period=23, type=P | delta=0.000889 MW | normalized=0.000459
[INFO] 		 - Updating SharedESS...
[INFO] 		 - Running Shared ESS optimization (subproblem)...
[INFO] 			 - Node 5...
[INFO] Shared ESS complementarity diagnostics for ESS node=5: ratio_max=7.154317e-06 n_periods=288 mu_final=9.877250e-12 s_obj=1.000000e-01 eps=1.000000e-05 bound=2.844648e-03 measured=2.640406e-03
[INFO] 			 - Node 7...
[INFO] Shared ESS complementarity diagnostics for ESS node=7: ratio_max=7.256181e-06 n_periods=288 mu_final=1.001425e-11 s_obj=1.000000e-01 eps=1.000000e-05 bound=2.884103e-03 measured=2.640202e-03
[INFO] 			 - Node 9...
[INFO] Shared ESS complementarity diagnostics for ESS node=9: ratio_max=5.745825e-06 n_periods=288 mu_final=1.581865e-11 s_obj=1.000000e-01 eps=1.000000e-05 bound=4.555770e-03 measured=2.616246e-03
[INFO]		 - Primal residuals ok!
[INFO]		 - Dual residuals ok!
[RECOURSE JUMP] cycle=67 | abs_change=1.125173e+05 | tol=8.180497e+04 | signed_change=-1.125173e+05
[RECOURSE JUMP] Reconciliation | previous=8.180497e+08 | current=8.179372e+08 | block_delta=-1.125173e+05 | mismatch=-3.576279e-07
[RECOURSE JUMP] Aggregate signed changes:
  TSO | delta=-1.748567e+05
  DSO node=7 | delta=+5.999429e+04
  DSO node=9 | delta=+1.180015e+04
  DSO node=5 | delta=-9.455037e+03
  SALVAGE | delta=-8.572189e-36
[RECOURSE JUMP] Largest 10 block changes:
  TSO node=None year=2035 day=Spring | previous=5.798919e+07 | current=5.789373e+07 | delta=-9.546605e+04 | abs_delta=9.546605e+04
    [RECOURSE JUMP][TSO PROX] year=2035 day=Spring | V max=0.000137 | PF max=0.004887 | ESS max=0.000017
    [RECOURSE COMPONENTS] gen=-1.601379e+05 | flex=+6.467185e+04 | load_curt=+0.000000e+00 | res_curt=+0.000000e+00 | ess_usage=+0.000000e+00 | slacks=-6.944049e-08 | ess_comp=-3.060276e-03
    [SLACK COMPONENTS] voltage=-4.565388e-08 | node_P=+0.000000e+00 | node_Q=+0.000000e+00 | branch_ij=+0.000000e+00 | branch_ji=+0.000000e+00 | flex_P=-1.189332e-08 | flex_Q=-1.189332e-08
    [SLACK COMPONENT CHECK] classified_delta=-6.944051e-08 | objective_slack_delta=-6.944049e-08 | mismatch=-2.309264e-14
    [RECOURSE COMPONENT CHECK] classified_delta=-9.546605e+04 | block_delta=-9.546605e+04 | mismatch=+3.317837e-09
  TSO node=None year=2030 day=Spring | previous=5.672475e+07 | current=5.667534e+07 | delta=-4.940156e+04 | abs_delta=4.940156e+04
    [RECOURSE JUMP][TSO PROX] year=2030 day=Spring | V max=0.000100 | PF max=0.003767 | ESS max=0.000023
    [RECOURSE COMPONENTS] gen=-7.858167e+04 | flex=+2.918012e+04 | load_curt=+0.000000e+00 | res_curt=+0.000000e+00 | ess_usage=+0.000000e+00 | slacks=-4.834604e-10 | ess_comp=-4.177232e-03
    [SLACK COMPONENTS] voltage=-3.185363e-10 | node_P=+0.000000e+00 | node_Q=+0.000000e+00 | branch_ij=+0.000000e+00 | branch_ji=+0.000000e+00 | flex_P=-8.246115e-11 | flex_Q=-8.246115e-11
    [SLACK COMPONENT CHECK] classified_delta=-4.834586e-10 | objective_slack_delta=-4.834604e-10 | mismatch=+1.776357e-15
    [RECOURSE COMPONENT CHECK] classified_delta=-4.940156e+04 | block_delta=-4.940156e+04 | mismatch=-8.156348e-09
  TSO node=None year=2025 day=Spring | previous=7.621514e+07 | current=7.616679e+07 | delta=-4.834894e+04 | abs_delta=4.834894e+04
    [RECOURSE JUMP][TSO PROX] year=2025 day=Spring | V max=0.000102 | PF max=0.003468 | ESS max=0.000459
    [RECOURSE COMPONENTS] gen=-6.933649e+04 | flex=+2.098754e+04 | load_curt=+0.000000e+00 | res_curt=+0.000000e+00 | ess_usage=+0.000000e+00 | slacks=+8.745339e-09 | ess_comp=+8.884069e-03
    [SLACK COMPONENTS] voltage=+5.768293e-09 | node_P=+0.000000e+00 | node_Q=+0.000000e+00 | branch_ij=+0.000000e+00 | branch_ji=+0.000000e+00 | flex_P=+1.488532e-09 | flex_Q=+1.488532e-09
    [SLACK COMPONENT CHECK] classified_delta=+8.745357e-09 | objective_slack_delta=+8.745339e-09 | mismatch=+1.865175e-14
    [RECOURSE COMPONENT CHECK] classified_delta=-4.834894e+04 | block_delta=-4.834894e+04 | mismatch=-4.365575e-11
  DSO node=7 year=2035 day=Spring | previous=6.936170e+06 | current=6.969900e+06 | delta=+3.373063e+04 | abs_delta=3.373063e+04
    [RECOURSE COMPONENTS] gen=+0.000000e+00 | flex=+3.373029e+04 | load_curt=+0.000000e+00 | res_curt=+3.329572e-01 | ess_usage=+0.000000e+00 | slacks=+5.394099e-08 | ess_comp=-3.651857e-05
    [SLACK COMPONENTS] voltage=+9.434910e-08 | node_P=+0.000000e+00 | node_Q=+0.000000e+00 | branch_ij=+0.000000e+00 | branch_ji=+0.000000e+00 | flex_P=-4.040819e-08 | flex_Q=+0.000000e+00
    [SLACK COMPONENT CHECK] classified_delta=+5.394091e-08 | objective_slack_delta=+5.394099e-08 | mismatch=-8.171241e-14
    [RECOURSE COMPONENT CHECK] classified_delta=+3.373063e+04 | block_delta=+3.373063e+04 | mismatch=-1.316948e-09
  TSO node=None year=2025 day=Summer | previous=9.337265e+07 | current=9.340252e+07 | delta=+2.986633e+04 | abs_delta=2.986633e+04
    [RECOURSE JUMP][TSO PROX] year=2025 day=Summer | V max=0.000134 | PF max=0.002385 | ESS max=0.000279
    [RECOURSE COMPONENTS] gen=+7.827978e+04 | flex=-4.841345e+04 | load_curt=+0.000000e+00 | res_curt=+0.000000e+00 | ess_usage=+0.000000e+00 | slacks=+8.022027e-12 | ess_comp=+1.730554e-05
    [SLACK COMPONENTS] voltage=+8.014922e-12 | node_P=+0.000000e+00 | node_Q=+0.000000e+00 | branch_ij=+0.000000e+00 | branch_ji=+0.000000e+00 | flex_P=-4.440892e-16 | flex_Q=-4.440892e-16
    [SLACK COMPONENT CHECK] classified_delta=+8.014034e-12 | objective_slack_delta=+8.022027e-12 | mismatch=-7.993606e-15
    [RECOURSE COMPONENT CHECK] classified_delta=+2.986633e+04 | block_delta=+2.986633e+04 | mismatch=+6.475602e-10
  DSO node=9 year=2025 day=Summer | previous=1.761320e+06 | current=1.734605e+06 | delta=-2.671463e+04 | abs_delta=2.671463e+04
    [RECOURSE COMPONENTS] gen=+0.000000e+00 | flex=-2.671393e+04 | load_curt=+0.000000e+00 | res_curt=-7.016248e-01 | ess_usage=+0.000000e+00 | slacks=-5.473383e-07 | ess_comp=+1.929179e-03
    [SLACK COMPONENTS] voltage=+2.231803e-07 | node_P=+0.000000e+00 | node_Q=+0.000000e+00 | branch_ij=+0.000000e+00 | branch_ji=+0.000000e+00 | flex_P=-7.705186e-07 | flex_Q=+0.000000e+00
    [SLACK COMPONENT CHECK] classified_delta=-5.473383e-07 | objective_slack_delta=-5.473383e-07 | mismatch=-3.552714e-15
    [RECOURSE COMPONENT CHECK] classified_delta=-2.671463e+04 | block_delta=-2.671463e+04 | mismatch=-9.094947e-11
  DSO node=9 year=2035 day=Spring | previous=1.012090e+07 | current=1.014480e+07 | delta=+2.389839e+04 | abs_delta=2.389839e+04
    [RECOURSE COMPONENTS] gen=+0.000000e+00 | flex=+2.389874e+04 | load_curt=+0.000000e+00 | res_curt=-3.503230e-01 | ess_usage=+0.000000e+00 | slacks=+2.194611e-08 | ess_comp=-3.937701e-05
    [SLACK COMPONENTS] voltage=+9.789113e-08 | node_P=+0.000000e+00 | node_Q=+0.000000e+00 | branch_ij=+0.000000e+00 | branch_ji=+0.000000e+00 | flex_P=-7.594508e-08 | flex_Q=+0.000000e+00
    [SLACK COMPONENT CHECK] classified_delta=+2.194605e-08 | objective_slack_delta=+2.194611e-08 | mismatch=-6.039613e-14
    [RECOURSE COMPONENT CHECK] classified_delta=+2.389839e+04 | block_delta=+2.389839e+04 | mismatch=-1.346052e-09
  DSO node=7 year=2030 day=Spring | previous=4.010880e+06 | current=4.034641e+06 | delta=+2.376059e+04 | abs_delta=2.376059e+04
    [RECOURSE COMPONENTS] gen=+0.000000e+00 | flex=+2.376282e+04 | load_curt=+0.000000e+00 | res_curt=-2.223194e+00 | ess_usage=+0.000000e+00 | slacks=+1.739133e-06 | ess_comp=+8.511255e-06
    [SLACK COMPONENTS] voltage=+1.270661e-07 | node_P=+0.000000e+00 | node_Q=+0.000000e+00 | branch_ij=+0.000000e+00 | branch_ji=+0.000000e+00 | flex_P=+1.612067e-06 | flex_Q=+0.000000e+00
    [SLACK COMPONENT CHECK] classified_delta=+1.739133e-06 | objective_slack_delta=+1.739133e-06 | mismatch=+5.684342e-14
    [RECOURSE COMPONENT CHECK] classified_delta=+2.376059e+04 | block_delta=+2.376059e+04 | mismatch=-4.874892e-10
  DSO node=7 year=2025 day=Spring | previous=4.167829e+06 | current=4.185780e+06 | delta=+1.795126e+04 | abs_delta=1.795126e+04
    [RECOURSE COMPONENTS] gen=+0.000000e+00 | flex=+1.795121e+04 | load_curt=+0.000000e+00 | res_curt=+6.699621e-02 | ess_usage=+0.000000e+00 | slacks=+1.430453e-08 | ess_comp=-1.255023e-02
    [SLACK COMPONENTS] voltage=+3.352966e-08 | node_P=+0.000000e+00 | node_Q=+0.000000e+00 | branch_ij=+0.000000e+00 | branch_ji=+0.000000e+00 | flex_P=-1.922511e-08 | flex_Q=+0.000000e+00
    [SLACK COMPONENT CHECK] classified_delta=+1.430455e-08 | objective_slack_delta=+1.430453e-08 | mismatch=+1.421085e-14
    [RECOURSE COMPONENT CHECK] classified_delta=+1.795126e+04 | block_delta=+1.795126e+04 | mismatch=+7.421477e-10
  TSO node=None year=2035 day=Summer | previous=6.626739e+07 | current=6.625104e+07 | delta=-1.635142e+04 | abs_delta=1.635142e+04
    [RECOURSE JUMP][TSO PROX] year=2035 day=Summer | V max=0.000186 | PF max=0.002051 | ESS max=0.000013
    [RECOURSE COMPONENTS] gen=-2.209754e+04 | flex=+5.746143e+03 | load_curt=+0.000000e+00 | res_curt=+0.000000e+00 | ess_usage=+0.000000e+00 | slacks=+3.460343e-12 | ess_comp=-2.222173e-02
    [SLACK COMPONENTS] voltage=+3.460343e-12 | node_P=+0.000000e+00 | node_Q=+0.000000e+00 | branch_ij=+0.000000e+00 | branch_ji=+0.000000e+00 | flex_P=+0.000000e+00 | flex_Q=+0.000000e+00
    [SLACK COMPONENT CHECK] classified_delta=+3.460343e-12 | objective_slack_delta=+3.460343e-12 | mismatch=+0.000000e+00
    [RECOURSE COMPONENT CHECK] classified_delta=-1.635142e+04 | block_delta=-1.635142e+04 | mismatch=-5.549737e-09
[INFO]		 - Recourse stationarity failed. 112517.274875 > 81804.968736
[ADMM RHO] V | primal max ratio=0.001 | primal mean ratio=0.000 | primal selected=0.001 | dual mean ratio=0.010 | increase threshold=5.0 | decrease threshold=5.0 | action=held
[ADMM RHO] PF | primal max ratio=0.069 | primal mean ratio=0.010 | primal selected=0.069 | dual mean ratio=0.093 | increase threshold=5.0 | decrease threshold=3.0 | action=held
[ADMM RHO] ESS | primal max ratio=0.008 | primal mean ratio=0.004 | primal selected=0.008 | dual mean ratio=0.007 | increase threshold=5.0 | decrease threshold=5.0 | action=held
[INFO]		 - ADMM cycle 67 | Primal (V max/mean | PF max/mean | ESS max/mean) = 0.000005/0.000000 | 0.000688/0.000010 | 0.000839/0.000040 | Dual (V max/mean | PF max/mean | ESS max/mean) = 0.000419/0.000098 | 0.025427/0.000928 | 0.001001/0.000071 | Recourse change = 112517.274875 (tol. 81804.968736) | Stable cycles = 0/1 | Penalty actions (V/PF/ESS) = held/held/held
[INFO] 	 - Iteration 67: 30.55 s
[INFO] 	 - ADMM Iteration 68
[INFO] 		 - Updating distribution networks:
[INFO] 			 - Running SMOPF, Network case33_1, 2025, Spring...
[INFO] 			 - Running SMOPF, Network case33_1, 2025, Summer...
[INFO] 			 - Running SMOPF, Network case33_1, 2025, Autumn...
[INFO] 			 - Running SMOPF, Network case33_1, 2025, Winter...
[INFO] 			 - Running SMOPF, Network case33_1, 2030, Spring...
[INFO] 			 - Running SMOPF, Network case33_1, 2030, Summer...
[INFO] 			 - Running SMOPF, Network case33_1, 2030, Autumn...
[INFO] 			 - Running SMOPF, Network case33_1, 2030, Winter...
[INFO] 			 - Running SMOPF, Network case33_1, 2035, Spring...
[INFO] 			 - Running SMOPF, Network case33_1, 2035, Summer...
[INFO] 			 - Running SMOPF, Network case33_1, 2035, Autumn...
[INFO] 			 - Running SMOPF, Network case33_1, 2035, Winter...
[INFO] 			 - Running SMOPF, Network case33_2, 2025, Spring...
[INFO] 			 - Running SMOPF, Network case33_2, 2025, Summer...
[INFO] 			 - Running SMOPF, Network case33_2, 2025, Autumn...
[INFO] 			 - Running SMOPF, Network case33_2, 2025, Winter...
[INFO] 			 - Running SMOPF, Network case33_2, 2030, Spring...
[INFO] 			 - Running SMOPF, Network case33_2, 2030, Summer...
[INFO] 			 - Running SMOPF, Network case33_2, 2030, Autumn...
[INFO] 			 - Running SMOPF, Network case33_2, 2030, Winter...
[INFO] 			 - Running SMOPF, Network case33_2, 2035, Spring...
[INFO] 			 - Running SMOPF, Network case33_2, 2035, Summer...
[WARNING] Network primary solve did not converge for case33_2, year=2035, day=Summer: status=warning, termination=maxIterations, message=Ipopt 3.14.18\x3a Maximum Number of Iterations Exceeded. | warm_start=True
[WARNING] ADMM penalties for case33_2, year=2035, day=Summer: rho_v=2.25, rho_pf=5.20246, rho_ess=1
[WARNING] IPOPT primary solve log for case33_2, year=2035, day=Summer: /Users/micaelsimoes/Projects/share-resource-planning-no_esso-degradation/data/SRP1/Results/P56A/evals/p515g1b_baseline/logs/optim_log_case33_2_2035_Summer.log
[INFO] Retrying network solve once for case33_2, year=2035, day=Summer, cold start, with warm_start_init_point=no.
[INFO] Network recovery solve succeeded for case33_2, year=2035, day=Summer.
[INFO] 			 - Running SMOPF, Network case33_2, 2035, Autumn...
[INFO] 			 - Running SMOPF, Network case33_2, 2035, Winter...
[INFO] 			 - Running SMOPF, Network case33_3, 2025, Spring...
[INFO] 			 - Running SMOPF, Network case33_3, 2025, Summer...
[INFO] 			 - Running SMOPF, Network case33_3, 2025, Autumn...
[INFO] 			 - Running SMOPF, Network case33_3, 2025, Winter...
[INFO] 			 - Running SMOPF, Network case33_3, 2030, Spring...
[INFO] 			 - Running SMOPF, Network case33_3, 2030, Summer...
[INFO] 			 - Running SMOPF, Network case33_3, 2030, Autumn...
[INFO] 			 - Running SMOPF, Network case33_3, 2030, Winter...
[INFO] 			 - Running SMOPF, Network case33_3, 2035, Spring...
[INFO] 			 - Running SMOPF, Network case33_3, 2035, Summer...
[INFO] 			 - Running SMOPF, Network case33_3, 2035, Autumn...
[INFO] 			 - Running SMOPF, Network case33_3, 2035, Winter...
[INFO] 		 - Updating transmission network...
[INFO] 			 - Running SMOPF, Network case9, 2025, Spring...
[INFO] 			 - Running SMOPF, Network case9, 2025, Summer...
[INFO] 			 - Running SMOPF, Network case9, 2025, Autumn...
[INFO] 			 - Running SMOPF, Network case9, 2025, Winter...
[INFO] 			 - Running SMOPF, Network case9, 2030, Spring...
[INFO] 			 - Running SMOPF, Network case9, 2030, Summer...
[INFO] 			 - Running SMOPF, Network case9, 2030, Autumn...
[INFO] 			 - Running SMOPF, Network case9, 2030, Winter...
[INFO] 			 - Running SMOPF, Network case9, 2035, Spring...
[INFO] 			 - Running SMOPF, Network case9, 2035, Summer...
[INFO] 			 - Running SMOPF, Network case9, 2035, Autumn...
[INFO] 			 - Running SMOPF, Network case9, 2035, Winter...
[TSO PROX] cycle=68 | updated_blocks=12 | held_failed_blocks=0 | V max=0.000186 | PF max=0.004413 | ESS max=0.000344
[TSO PROX][V MAX] node=5, year=2035, day=Summer, period=19 | dV=0.064181 kV | normalized=0.000186
[TSO PROX][PF MAX] node=7, year=2035, day=Spring, period=14, type=P | delta=0.441270 MW | normalized=0.004413
[TSO PROX][ESS MAX] node=7, year=2025, day=Spring, period=23, type=P | delta=0.000666 MW | normalized=0.000344
[INFO] 		 - Updating SharedESS...
[INFO] 		 - Running Shared ESS optimization (subproblem)...
[INFO] 			 - Node 5...
[INFO] Shared ESS complementarity diagnostics for ESS node=5: ratio_max=7.161587e-06 n_periods=288 mu_final=9.764909e-12 s_obj=1.000000e-01 eps=1.000000e-05 bound=2.812294e-03 measured=2.641693e-03
[INFO] 			 - Node 7...
[INFO] Shared ESS complementarity diagnostics for ESS node=7: ratio_max=7.257952e-06 n_periods=288 mu_final=1.002258e-11 s_obj=1.000000e-01 eps=1.000000e-05 bound=2.886503e-03 measured=2.639682e-03
[INFO] 			 - Node 9...
[INFO] Shared ESS complementarity diagnostics for ESS node=9: ratio_max=9.129581e-06 n_periods=288 mu_final=1.579792e-11 s_obj=1.000000e-01 eps=1.000000e-05 bound=4.549801e-03 measured=2.628423e-03
[INFO]		 - Primal residuals ok!
[INFO]		 - Dual residuals ok!
[RECOURSE JUMP] cycle=68 | abs_change=1.027745e+05 | tol=8.179372e+04 | signed_change=-1.027745e+05
[RECOURSE JUMP] Reconciliation | previous=8.179372e+08 | current=8.178344e+08 | block_delta=-1.027745e+05 | mismatch=+3.576279e-07
[RECOURSE JUMP] Aggregate signed changes:
  TSO | delta=-1.600699e+05
  DSO node=7 | delta=+5.745984e+04
  DSO node=5 | delta=-8.175892e+03
  DSO node=9 | delta=+8.011442e+03
  SALVAGE | delta=-1.745791e-34
[RECOURSE JUMP] Largest 10 block changes:
  TSO node=None year=2035 day=Spring | previous=5.789373e+07 | current=5.779818e+07 | delta=-9.554630e+04 | abs_delta=9.554630e+04
    [RECOURSE JUMP][TSO PROX] year=2035 day=Spring | V max=0.000137 | PF max=0.004413 | ESS max=0.000016
    [RECOURSE COMPONENTS] gen=-1.599540e+05 | flex=+6.440768e+04 | load_curt=+0.000000e+00 | res_curt=+0.000000e+00 | ess_usage=+0.000000e+00 | slacks=-2.379361e-08 | ess_comp=+2.118638e-03
    [SLACK COMPONENTS] voltage=-1.562454e-08 | node_P=+0.000000e+00 | node_Q=+0.000000e+00 | branch_ij=+0.000000e+00 | branch_ji=+0.000000e+00 | flex_P=-4.084533e-09 | flex_Q=-4.084533e-09
    [SLACK COMPONENT CHECK] classified_delta=-2.379361e-08 | objective_slack_delta=-2.379361e-08 | mismatch=+8.881784e-16
    [RECOURSE COMPONENT CHECK] classified_delta=-9.554630e+04 | block_delta=-9.554630e+04 | mismatch=-6.431947e-09
  TSO node=None year=2025 day=Spring | previous=7.616679e+07 | current=7.612285e+07 | delta=-4.394410e+04 | abs_delta=4.394410e+04
    [RECOURSE JUMP][TSO PROX] year=2025 day=Spring | V max=0.000103 | PF max=0.003468 | ESS max=0.000344
    [RECOURSE COMPONENTS] gen=-6.254928e+04 | flex=+1.860520e+04 | load_curt=+0.000000e+00 | res_curt=+0.000000e+00 | ess_usage=+0.000000e+00 | slacks=-3.886355e-08 | ess_comp=-2.578744e-02
    [SLACK COMPONENTS] voltage=-2.563212e-08 | node_P=+0.000000e+00 | node_Q=+0.000000e+00 | branch_ij=+0.000000e+00 | branch_ji=+0.000000e+00 | flex_P=-6.615717e-09 | flex_Q=-6.615717e-09
    [SLACK COMPONENT CHECK] classified_delta=-3.886355e-08 | objective_slack_delta=-3.886355e-08 | mismatch=+1.776357e-15
    [RECOURSE COMPONENT CHECK] classified_delta=-4.394410e+04 | block_delta=-4.394410e+04 | mismatch=-2.102752e-09
  TSO node=None year=2030 day=Spring | previous=5.667534e+07 | current=5.663823e+07 | delta=-3.711727e+04 | abs_delta=3.711727e+04
    [RECOURSE JUMP][TSO PROX] year=2030 day=Spring | V max=0.000100 | PF max=0.003727 | ESS max=0.000027
    [RECOURSE COMPONENTS] gen=-5.975766e+04 | flex=+2.264039e+04 | load_curt=+0.000000e+00 | res_curt=+0.000000e+00 | ess_usage=+0.000000e+00 | slacks=+2.160306e-09 | ess_comp=+1.243483e-03
    [SLACK COMPONENTS] voltage=+1.421682e-09 | node_P=+0.000000e+00 | node_Q=+0.000000e+00 | branch_ij=+0.000000e+00 | branch_ji=+0.000000e+00 | flex_P=+3.693121e-10 | flex_Q=+3.693121e-10
    [SLACK COMPONENT CHECK] classified_delta=+2.160307e-09 | objective_slack_delta=+2.160306e-09 | mismatch=+8.881784e-16
    [RECOURSE COMPONENT CHECK] classified_delta=-3.711727e+04 | block_delta=-3.711727e+04 | mismatch=+2.468732e-08
  DSO node=7 year=2035 day=Spring | previous=6.969900e+06 | current=7.002647e+06 | delta=+3.274630e+04 | abs_delta=3.274630e+04
    [RECOURSE COMPONENTS] gen=+0.000000e+00 | flex=+3.274603e+04 | load_curt=+0.000000e+00 | res_curt=+2.725638e-01 | ess_usage=+0.000000e+00 | slacks=+4.512492e-06 | ess_comp=+1.280622e-05
    [SLACK COMPONENTS] voltage=-5.024210e-07 | node_P=+0.000000e+00 | node_Q=+0.000000e+00 | branch_ij=+0.000000e+00 | branch_ji=+0.000000e+00 | flex_P=+5.014913e-06 | flex_Q=+0.000000e+00
    [SLACK COMPONENT CHECK] classified_delta=+4.512492e-06 | objective_slack_delta=+4.512492e-06 | mismatch=-1.030287e-13
    [RECOURSE COMPONENT CHECK] classified_delta=+3.274630e+04 | block_delta=+3.274630e+04 | mismatch=+1.236913e-09
  TSO node=None year=2025 day=Summer | previous=9.340252e+07 | current=9.343193e+07 | delta=+2.940416e+04 | abs_delta=2.940416e+04
    [RECOURSE JUMP][TSO PROX] year=2025 day=Summer | V max=0.000135 | PF max=0.002369 | ESS max=0.000279
    [RECOURSE COMPONENTS] gen=+7.741301e+04 | flex=-4.800885e+04 | load_curt=+0.000000e+00 | res_curt=+0.000000e+00 | ess_usage=+0.000000e+00 | slacks=+8.022027e-12 | ess_comp=+1.620399e-05
    [SLACK COMPONENTS] voltage=+8.029133e-12 | node_P=+0.000000e+00 | node_Q=+0.000000e+00 | branch_ij=+0.000000e+00 | branch_ji=+0.000000e+00 | flex_P=+0.000000e+00 | flex_Q=+0.000000e+00
    [SLACK COMPONENT CHECK] classified_delta=+8.029133e-12 | objective_slack_delta=+8.022027e-12 | mismatch=+7.105427e-15
    [RECOURSE COMPONENT CHECK] classified_delta=+2.940416e+04 | block_delta=+2.940416e+04 | mismatch=-5.493348e-10
  DSO node=9 year=2025 day=Summer | previous=1.734605e+06 | current=1.707996e+06 | delta=-2.660934e+04 | abs_delta=2.660934e+04
    [RECOURSE COMPONENTS] gen=+0.000000e+00 | flex=-2.660847e+04 | load_curt=+0.000000e+00 | res_curt=-8.232820e-01 | ess_usage=+0.000000e+00 | slacks=+9.467924e-07 | ess_comp=-4.478321e-02
    [SLACK COMPONENTS] voltage=+2.900361e-07 | node_P=+0.000000e+00 | node_Q=+0.000000e+00 | branch_ij=+0.000000e+00 | branch_ji=+0.000000e+00 | flex_P=+6.567563e-07 | flex_Q=+0.000000e+00
    [SLACK COMPONENT CHECK] classified_delta=+9.467924e-07 | objective_slack_delta=+9.467924e-07 | mismatch=-7.105427e-15
    [RECOURSE COMPONENT CHECK] classified_delta=-2.660934e+04 | block_delta=-2.660934e+04 | mismatch=-1.346052e-10
  DSO node=9 year=2035 day=Spring | previous=1.014480e+07 | current=1.016856e+07 | delta=+2.376198e+04 | abs_delta=2.376198e+04
    [RECOURSE COMPONENTS] gen=+0.000000e+00 | flex=+2.376233e+04 | load_curt=+0.000000e+00 | res_curt=-3.473114e-01 | ess_usage=+0.000000e+00 | slacks=-7.926200e-07 | ess_comp=+3.549065e-05
    [SLACK COMPONENTS] voltage=+8.234741e-08 | node_P=+0.000000e+00 | node_Q=+0.000000e+00 | branch_ij=+0.000000e+00 | branch_ji=+0.000000e+00 | flex_P=-8.749674e-07 | flex_Q=+0.000000e+00
    [SLACK COMPONENT CHECK] classified_delta=-7.926200e-07 | objective_slack_delta=-7.926200e-07 | mismatch=+7.105427e-14
    [RECOURSE COMPONENT CHECK] classified_delta=+2.376198e+04 | block_delta=+2.376198e+04 | mismatch=+5.420588e-10
  DSO node=7 year=2030 day=Spring | previous=4.034641e+06 | current=4.057420e+06 | delta=+2.277886e+04 | abs_delta=2.277886e+04
    [RECOURSE COMPONENTS] gen=+0.000000e+00 | flex=+2.278093e+04 | load_curt=+0.000000e+00 | res_curt=-2.073609e+00 | ess_usage=+0.000000e+00 | slacks=-1.527514e-06 | ess_comp=+4.750957e-05
    [SLACK COMPONENTS] voltage=-1.335692e-07 | node_P=+0.000000e+00 | node_Q=+0.000000e+00 | branch_ij=+0.000000e+00 | branch_ji=+0.000000e+00 | flex_P=-1.393945e-06 | flex_Q=+0.000000e+00
    [SLACK COMPONENT CHECK] classified_delta=-1.527514e-06 | objective_slack_delta=-1.527514e-06 | mismatch=-1.421085e-14
    [RECOURSE COMPONENT CHECK] classified_delta=+2.277886e+04 | block_delta=+2.277886e+04 | mismatch=+4.438334e-10
  DSO node=7 year=2025 day=Spring | previous=4.185780e+06 | current=4.203697e+06 | delta=+1.791763e+04 | abs_delta=1.791763e+04
    [RECOURSE COMPONENTS] gen=+0.000000e+00 | flex=+1.791751e+04 | load_curt=+0.000000e+00 | res_curt=+6.602761e-02 | ess_usage=+0.000000e+00 | slacks=+8.145133e-08 | ess_comp=+5.692470e-02
    [SLACK COMPONENTS] voltage=+4.080505e-08 | node_P=+0.000000e+00 | node_Q=+0.000000e+00 | branch_ij=+0.000000e+00 | branch_ji=+0.000000e+00 | flex_P=+4.064632e-08 | flex_Q=+0.000000e+00
    [SLACK COMPONENT CHECK] classified_delta=+8.145137e-08 | objective_slack_delta=+8.145133e-08 | mismatch=+3.907985e-14
    [RECOURSE COMPONENT CHECK] classified_delta=+1.791763e+04 | block_delta=+1.791763e+04 | mismatch=-5.056791e-10
  TSO node=None year=2035 day=Summer | previous=6.625104e+07 | current=6.623578e+07 | delta=-1.525806e+04 | abs_delta=1.525806e+04
    [RECOURSE JUMP][TSO PROX] year=2035 day=Summer | V max=0.000186 | PF max=0.002045 | ESS max=0.000013
    [RECOURSE COMPONENTS] gen=-2.032062e+04 | flex=+5.062607e+03 | load_curt=+0.000000e+00 | res_curt=+0.000000e+00 | ess_usage=+0.000000e+00 | slacks=+3.488765e-12 | ess_comp=-4.853601e-02
    [SLACK COMPONENTS] voltage=+3.495870e-12 | node_P=+0.000000e+00 | node_Q=+0.000000e+00 | branch_ij=+0.000000e+00 | branch_ji=+0.000000e+00 | flex_P=+0.000000e+00 | flex_Q=+0.000000e+00
    [SLACK COMPONENT CHECK] classified_delta=+3.495870e-12 | objective_slack_delta=+3.488765e-12 | mismatch=+7.105427e-15
    [RECOURSE COMPONENT CHECK] classified_delta=-1.525806e+04 | block_delta=-1.525806e+04 | mismatch=-5.138645e-09
[INFO]		 - Recourse stationarity failed. 102774.499628 > 81793.717009
[ADMM RHO] V | primal max ratio=0.000 | primal mean ratio=0.000 | primal selected=0.000 | dual mean ratio=0.010 | increase threshold=5.0 | decrease threshold=5.0 | action=held
[ADMM RHO] PF | primal max ratio=0.157 | primal mean ratio=0.011 | primal selected=0.157 | dual mean ratio=0.091 | increase threshold=5.0 | decrease threshold=3.0 | action=held
[ADMM RHO] ESS | primal max ratio=0.006 | primal mean ratio=0.004 | primal selected=0.006 | dual mean ratio=0.007 | increase threshold=5.0 | decrease threshold=5.0 | action=held
[INFO]		 - ADMM cycle 68 | Primal (V max/mean | PF max/mean | ESS max/mean) = 0.000005/0.000000 | 0.001574/0.000011 | 0.000566/0.000036 | Dual (V max/mean | PF max/mean | ESS max/mean) = 0.000419/0.000098 | 0.022981/0.000905 | 0.001094/0.000072 | Recourse change = 102774.499628 (tol. 81793.717009) | Stable cycles = 0/1 | Penalty actions (V/PF/ESS) = held/held/held
[INFO] 	 - Iteration 68: 35.98 s
[INFO] 	 - ADMM Iteration 69
[INFO] 		 - Updating distribution networks:
[INFO] 			 - Running SMOPF, Network case33_1, 2025, Spring...
[INFO] 			 - Running SMOPF, Network case33_1, 2025, Summer...
[INFO] 			 - Running SMOPF, Network case33_1, 2025, Autumn...
[INFO] 			 - Running SMOPF, Network case33_1, 2025, Winter...
[INFO] 			 - Running SMOPF, Network case33_1, 2030, Spring...
[INFO] 			 - Running SMOPF, Network case33_1, 2030, Summer...
[INFO] 			 - Running SMOPF, Network case33_1, 2030, Autumn...
[INFO] 			 - Running SMOPF, Network case33_1, 2030, Winter...
[INFO] 			 - Running SMOPF, Network case33_1, 2035, Spring...
[INFO] 			 - Running SMOPF, Network case33_1, 2035, Summer...
[INFO] 			 - Running SMOPF, Network case33_1, 2035, Autumn...
[INFO] 			 - Running SMOPF, Network case33_1, 2035, Winter...
[INFO] 			 - Running SMOPF, Network case33_2, 2025, Spring...
[WARNING] Network primary solve did not converge for case33_2, year=2025, day=Spring: status=warning, termination=maxIterations, message=Ipopt 3.14.18\x3a Maximum Number of Iterations Exceeded. | warm_start=True
[WARNING] ADMM penalties for case33_2, year=2025, day=Spring: rho_v=2.25, rho_pf=5.20246, rho_ess=1
[WARNING] IPOPT primary solve log for case33_2, year=2025, day=Spring: /Users/micaelsimoes/Projects/share-resource-planning-no_esso-degradation/data/SRP1/Results/P56A/evals/p515g1b_baseline/logs/optim_log_case33_2_2025_Spring.log
[INFO] Retrying network solve once for case33_2, year=2025, day=Spring, cold start, with warm_start_init_point=no.
[INFO] Network recovery solve succeeded for case33_2, year=2025, day=Spring.
[INFO] 			 - Running SMOPF, Network case33_2, 2025, Summer...
[INFO] 			 - Running SMOPF, Network case33_2, 2025, Autumn...
[INFO] 			 - Running SMOPF, Network case33_2, 2025, Winter...
[INFO] 			 - Running SMOPF, Network case33_2, 2030, Spring...
[INFO] 			 - Running SMOPF, Network case33_2, 2030, Summer...
[INFO] 			 - Running SMOPF, Network case33_2, 2030, Autumn...
[INFO] 			 - Running SMOPF, Network case33_2, 2030, Winter...
[INFO] 			 - Running SMOPF, Network case33_2, 2035, Spring...
[INFO] 			 - Running SMOPF, Network case33_2, 2035, Summer...
[INFO] 			 - Running SMOPF, Network case33_2, 2035, Autumn...
[INFO] 			 - Running SMOPF, Network case33_2, 2035, Winter...
[INFO] 			 - Running SMOPF, Network case33_3, 2025, Spring...
[INFO] 			 - Running SMOPF, Network case33_3, 2025, Summer...
[INFO] 			 - Running SMOPF, Network case33_3, 2025, Autumn...
[INFO] 			 - Running SMOPF, Network case33_3, 2025, Winter...
[INFO] 			 - Running SMOPF, Network case33_3, 2030, Spring...
[INFO] 			 - Running SMOPF, Network case33_3, 2030, Summer...
[INFO] 			 - Running SMOPF, Network case33_3, 2030, Autumn...
[INFO] 			 - Running SMOPF, Network case33_3, 2030, Winter...
[INFO] 			 - Running SMOPF, Network case33_3, 2035, Spring...
[INFO] 			 - Running SMOPF, Network case33_3, 2035, Summer...
[INFO] 			 - Running SMOPF, Network case33_3, 2035, Autumn...
[INFO] 			 - Running SMOPF, Network case33_3, 2035, Winter...
[INFO] 		 - Updating transmission network...
[INFO] 			 - Running SMOPF, Network case9, 2025, Spring...
[INFO] 			 - Running SMOPF, Network case9, 2025, Summer...
[INFO] 			 - Running SMOPF, Network case9, 2025, Autumn...
[INFO] 			 - Running SMOPF, Network case9, 2025, Winter...
[INFO] 			 - Running SMOPF, Network case9, 2030, Spring...
[INFO] 			 - Running SMOPF, Network case9, 2030, Summer...
[INFO] 			 - Running SMOPF, Network case9, 2030, Autumn...
[INFO] 			 - Running SMOPF, Network case9, 2030, Winter...
[INFO] 			 - Running SMOPF, Network case9, 2035, Spring...
[INFO] 			 - Running SMOPF, Network case9, 2035, Summer...
[INFO] 			 - Running SMOPF, Network case9, 2035, Autumn...
[INFO] 			 - Running SMOPF, Network case9, 2035, Winter...
[TSO PROX] cycle=69 | updated_blocks=12 | held_failed_blocks=0 | V max=0.000186 | PF max=0.004560 | ESS max=0.000280
[TSO PROX][V MAX] node=5, year=2035, day=Summer, period=19 | dV=0.064129 kV | normalized=0.000186
[TSO PROX][PF MAX] node=7, year=2035, day=Spring, period=14, type=P | delta=0.456021 MW | normalized=0.004560
[TSO PROX][ESS MAX] node=9, year=2035, day=Autumn, period=23, type=P | delta=0.000543 MW | normalized=0.000280
[INFO] 		 - Updating SharedESS...
[INFO] 		 - Running Shared ESS optimization (subproblem)...
[INFO] 			 - Node 5...
[INFO] Shared ESS complementarity diagnostics for ESS node=5: ratio_max=8.514744e-06 n_periods=288 mu_final=9.738135e-12 s_obj=1.000000e-01 eps=1.000000e-05 bound=2.804583e-03 measured=2.647646e-03
[INFO] 			 - Node 7...
[INFO] Shared ESS complementarity diagnostics for ESS node=7: ratio_max=7.259910e-06 n_periods=288 mu_final=1.008449e-11 s_obj=1.000000e-01 eps=1.000000e-05 bound=2.904333e-03 measured=2.638708e-03
[INFO] 			 - Node 9...
[INFO] Shared ESS complementarity diagnostics for ESS node=9: ratio_max=6.681944e-06 n_periods=288 mu_final=1.586683e-11 s_obj=1.000000e-01 eps=1.000000e-05 bound=4.569647e-03 measured=2.629225e-03
[INFO]		 - Primal residuals ok!
[INFO]		 - Dual residuals ok!
[RECOURSE JUMP] cycle=69 | abs_change=1.243082e+05 | tol=8.178344e+04 | signed_change=-1.243082e+05
[RECOURSE JUMP] Reconciliation | previous=8.178344e+08 | current=8.177101e+08 | block_delta=-1.243082e+05 | mismatch=+1.192093e-07
[RECOURSE JUMP] Aggregate signed changes:
  TSO | delta=-1.711060e+05
  DSO node=7 | delta=+5.117626e+04
  DSO node=5 | delta=-8.613281e+03
  DSO node=9 | delta=+4.234840e+03
  SALVAGE | delta=+1.848100e-34
[RECOURSE JUMP] Largest 10 block changes:
  TSO node=None year=2035 day=Spring | previous=5.779818e+07 | current=5.770573e+07 | delta=-9.244897e+04 | abs_delta=9.244897e+04
    [RECOURSE JUMP][TSO PROX] year=2035 day=Spring | V max=0.000138 | PF max=0.004560 | ESS max=0.000017
    [RECOURSE COMPONENTS] gen=-1.524667e+05 | flex=+6.001770e+04 | load_curt=+0.000000e+00 | res_curt=+0.000000e+00 | ess_usage=+0.000000e+00 | slacks=-2.035438e-08 | ess_comp=+2.165272e-03
    [SLACK COMPONENTS] voltage=-1.336485e-08 | node_P=+0.000000e+00 | node_Q=+0.000000e+00 | branch_ij=+0.000000e+00 | branch_ji=+0.000000e+00 | flex_P=-3.494766e-09 | flex_Q=-3.494766e-09
    [SLACK COMPONENT CHECK] classified_delta=-2.035438e-08 | objective_slack_delta=-2.035438e-08 | mismatch=+5.329071e-15
    [RECOURSE COMPONENT CHECK] classified_delta=-9.244897e+04 | block_delta=-9.244897e+04 | mismatch=-1.331500e-08
  TSO node=None year=2030 day=Spring | previous=5.663823e+07 | current=5.658863e+07 | delta=-4.960246e+04 | abs_delta=4.960246e+04
    [RECOURSE JUMP][TSO PROX] year=2030 day=Spring | V max=0.000100 | PF max=0.003620 | ESS max=0.000015
    [RECOURSE COMPONENTS] gen=-7.978713e+04 | flex=+3.018467e+04 | load_curt=+0.000000e+00 | res_curt=+0.000000e+00 | ess_usage=+0.000000e+00 | slacks=+9.140138e-10 | ess_comp=+1.914003e-03
    [SLACK COMPONENTS] voltage=+6.012684e-10 | node_P=+0.000000e+00 | node_Q=+0.000000e+00 | branch_ij=+0.000000e+00 | branch_ji=+0.000000e+00 | flex_P=+1.563785e-10 | flex_Q=+1.563785e-10
    [SLACK COMPONENT CHECK] classified_delta=+9.140253e-10 | objective_slack_delta=+9.140138e-10 | mismatch=+1.154632e-14
    [RECOURSE COMPONENT CHECK] classified_delta=-4.960246e+04 | block_delta=-4.960246e+04 | mismatch=-1.678563e-08
  TSO node=None year=2025 day=Spring | previous=7.612285e+07 | current=7.608033e+07 | delta=-4.252075e+04 | abs_delta=4.252075e+04
    [RECOURSE JUMP][TSO PROX] year=2025 day=Spring | V max=0.000102 | PF max=0.003468 | ESS max=0.000268
    [RECOURSE COMPONENTS] gen=-6.077633e+04 | flex=+1.825557e+04 | load_curt=+0.000000e+00 | res_curt=+0.000000e+00 | ess_usage=+0.000000e+00 | slacks=+3.318235e-12 | ess_comp=+7.426430e-03
    [SLACK COMPONENTS] voltage=+3.325340e-12 | node_P=+0.000000e+00 | node_Q=+0.000000e+00 | branch_ij=+0.000000e+00 | branch_ji=+0.000000e+00 | flex_P=+0.000000e+00 | flex_Q=+0.000000e+00
    [SLACK COMPONENT CHECK] classified_delta=+3.325340e-12 | objective_slack_delta=+3.318235e-12 | mismatch=+7.105427e-15
    [RECOURSE COMPONENT CHECK] classified_delta=-4.252075e+04 | block_delta=-4.252075e+04 | mismatch=+1.003355e-08
  DSO node=7 year=2035 day=Spring | previous=7.002647e+06 | current=7.030737e+06 | delta=+2.809062e+04 | abs_delta=2.809062e+04
    [RECOURSE COMPONENTS] gen=+0.000000e+00 | flex=+2.809067e+04 | load_curt=+0.000000e+00 | res_curt=-4.478191e-02 | ess_usage=+0.000000e+00 | slacks=+2.821297e-05 | ess_comp=+3.072316e-05
    [SLACK COMPONENTS] voltage=-2.923164e-06 | node_P=+0.000000e+00 | node_Q=+0.000000e+00 | branch_ij=+0.000000e+00 | branch_ji=+0.000000e+00 | flex_P=+3.113613e-05 | flex_Q=+0.000000e+00
    [SLACK COMPONENT CHECK] classified_delta=+2.821297e-05 | objective_slack_delta=+2.821297e-05 | mismatch=+1.101341e-13
    [RECOURSE COMPONENT CHECK] classified_delta=+2.809062e+04 | block_delta=+2.809062e+04 | mismatch=-2.295565e-09
  TSO node=None year=2025 day=Summer | previous=9.343193e+07 | current=9.345576e+07 | delta=+2.383263e+04 | abs_delta=2.383263e+04
    [RECOURSE JUMP][TSO PROX] year=2025 day=Summer | V max=0.000129 | PF max=0.002206 | ESS max=0.000279
    [RECOURSE COMPONENTS] gen=+6.582633e+04 | flex=-4.199370e+04 | load_curt=+0.000000e+00 | res_curt=+0.000000e+00 | ess_usage=+0.000000e+00 | slacks=+8.107293e-12 | ess_comp=+7.001321e-06
    [SLACK COMPONENTS] voltage=+8.100187e-12 | node_P=+0.000000e+00 | node_Q=+0.000000e+00 | branch_ij=+0.000000e+00 | branch_ji=+0.000000e+00 | flex_P=+0.000000e+00 | flex_Q=+0.000000e+00
    [SLACK COMPONENT CHECK] classified_delta=+8.100187e-12 | objective_slack_delta=+8.107293e-12 | mismatch=-7.105427e-15
    [RECOURSE COMPONENT CHECK] classified_delta=+2.383263e+04 | block_delta=+2.383263e+04 | mismatch=+4.300091e-09
  DSO node=7 year=2030 day=Spring | previous=4.057420e+06 | current=4.078762e+06 | delta=+2.134253e+04 | abs_delta=2.134253e+04
    [RECOURSE COMPONENTS] gen=+0.000000e+00 | flex=+2.134444e+04 | load_curt=+0.000000e+00 | res_curt=-1.908724e+00 | ess_usage=+0.000000e+00 | slacks=-5.207238e-06 | ess_comp=+8.880470e-05
    [SLACK COMPONENTS] voltage=-4.309858e-07 | node_P=+0.000000e+00 | node_Q=+0.000000e+00 | branch_ij=+0.000000e+00 | branch_ji=+0.000000e+00 | flex_P=-4.776252e-06 | flex_Q=+0.000000e+00
    [SLACK COMPONENT CHECK] classified_delta=-5.207238e-06 | objective_slack_delta=-5.207238e-06 | mismatch=+1.492140e-13
    [RECOURSE COMPONENT CHECK] classified_delta=+2.134253e+04 | block_delta=+2.134253e+04 | mismatch=-2.364686e-10
  DSO node=9 year=2025 day=Summer | previous=1.707996e+06 | current=1.688675e+06 | delta=-1.932028e+04 | abs_delta=1.932028e+04
    [RECOURSE COMPONENTS] gen=+0.000000e+00 | flex=-1.931914e+04 | load_curt=+0.000000e+00 | res_curt=-1.158496e+00 | ess_usage=+0.000000e+00 | slacks=+9.737958e-06 | ess_comp=+2.306631e-02
    [SLACK COMPONENTS] voltage=+1.007090e-07 | node_P=+0.000000e+00 | node_Q=+0.000000e+00 | branch_ij=+0.000000e+00 | branch_ji=+0.000000e+00 | flex_P=+9.636095e-06 | flex_Q=+1.153143e-09
    [SLACK COMPONENT CHECK] classified_delta=+9.737957e-06 | objective_slack_delta=+9.737958e-06 | mismatch=-1.165290e-12
    [RECOURSE COMPONENT CHECK] classified_delta=-1.932028e+04 | block_delta=-1.932028e+04 | mismatch=+3.965397e-10
  DSO node=9 year=2035 day=Spring | previous=1.016856e+07 | current=1.018651e+07 | delta=+1.794613e+04 | abs_delta=1.794613e+04
    [RECOURSE COMPONENTS] gen=+0.000000e+00 | flex=+1.794672e+04 | load_curt=+0.000000e+00 | res_curt=-5.838359e-01 | ess_usage=+0.000000e+00 | slacks=+1.614675e-05 | ess_comp=+7.655880e-05
    [SLACK COMPONENTS] voltage=-9.123431e-07 | node_P=+0.000000e+00 | node_Q=+0.000000e+00 | branch_ij=+0.000000e+00 | branch_ji=+0.000000e+00 | flex_P=+1.705909e-05 | flex_Q=+0.000000e+00
    [SLACK COMPONENT CHECK] classified_delta=+1.614675e-05 | objective_slack_delta=+1.614675e-05 | mismatch=-2.486900e-14
    [RECOURSE COMPONENT CHECK] classified_delta=+1.794613e+04 | block_delta=+1.794613e+04 | mismatch=-9.167707e-10
  DSO node=7 year=2025 day=Spring | previous=4.203697e+06 | current=4.221550e+06 | delta=+1.785250e+04 | abs_delta=1.785250e+04
    [RECOURSE COMPONENTS] gen=+0.000000e+00 | flex=+1.785221e+04 | load_curt=+0.000000e+00 | res_curt=+7.175663e-02 | ess_usage=+0.000000e+00 | slacks=+1.472459e-07 | ess_comp=+2.229190e-01
    [SLACK COMPONENTS] voltage=+4.827359e-08 | node_P=+0.000000e+00 | node_Q=+0.000000e+00 | branch_ij=+0.000000e+00 | branch_ji=+0.000000e+00 | flex_P=+9.897230e-08 | flex_Q=+0.000000e+00
    [SLACK COMPONENT CHECK] classified_delta=+1.472459e-07 | objective_slack_delta=+1.472459e-07 | mismatch=+1.065814e-14
    [RECOURSE COMPONENT CHECK] classified_delta=+1.785250e+04 | block_delta=+1.785250e+04 | mismatch=+4.838512e-10
  DSO node=7 year=2025 day=Summer | previous=1.059211e+06 | current=1.045883e+06 | delta=-1.332815e+04 | abs_delta=1.332815e+04
    [RECOURSE COMPONENTS] gen=+0.000000e+00 | flex=-1.332795e+04 | load_curt=+0.000000e+00 | res_curt=-1.888494e-01 | ess_usage=+0.000000e+00 | slacks=+4.949749e-07 | ess_comp=-5.663542e-03
    [SLACK COMPONENTS] voltage=+7.878043e-08 | node_P=+0.000000e+00 | node_Q=+0.000000e+00 | branch_ij=+0.000000e+00 | branch_ji=+0.000000e+00 | flex_P=+4.161945e-07 | flex_Q=+0.000000e+00
    [SLACK COMPONENT CHECK] classified_delta=+4.949750e-07 | objective_slack_delta=+4.949749e-07 | mismatch=+3.907985e-14
    [RECOURSE COMPONENT CHECK] classified_delta=-1.332815e+04 | block_delta=-1.332815e+04 | mismatch=+1.764420e-10
[INFO]		 - Recourse stationarity failed. 124308.221263 > 81783.439559
[ADMM RHO] V | primal max ratio=0.001 | primal mean ratio=0.000 | primal selected=0.001 | dual mean ratio=0.010 | increase threshold=5.0 | decrease threshold=5.0 | action=held
[ADMM RHO] PF | primal max ratio=0.070 | primal mean ratio=0.015 | primal selected=0.070 | dual mean ratio=0.085 | increase threshold=5.0 | decrease threshold=3.0 | action=held
[ADMM RHO] ESS | primal max ratio=0.005 | primal mean ratio=0.003 | primal selected=0.005 | dual mean ratio=0.007 | increase threshold=5.0 | decrease threshold=5.0 | action=held
[INFO]		 - ADMM cycle 69 | Primal (V max/mean | PF max/mean | ESS max/mean) = 0.000012/0.000000 | 0.000697/0.000015 | 0.000475/0.000032 | Dual (V max/mean | PF max/mean | ESS max/mean) = 0.000418/0.000098 | 0.023850/0.000848 | 0.001166/0.000071 | Recourse change = 124308.221263 (tol. 81783.439559) | Stable cycles = 0/1 | Penalty actions (V/PF/ESS) = held/held/held
[INFO] 	 - Iteration 69: 32.06 s
[INFO] 	 - ADMM Iteration 70
[INFO] 		 - Updating distribution networks:
[INFO] 			 - Running SMOPF, Network case33_1, 2025, Spring...
[INFO] 			 - Running SMOPF, Network case33_1, 2025, Summer...
[INFO] 			 - Running SMOPF, Network case33_1, 2025, Autumn...
[INFO] 			 - Running SMOPF, Network case33_1, 2025, Winter...
[INFO] 			 - Running SMOPF, Network case33_1, 2030, Spring...
[INFO] 			 - Running SMOPF, Network case33_1, 2030, Summer...
[INFO] 			 - Running SMOPF, Network case33_1, 2030, Autumn...
[INFO] 			 - Running SMOPF, Network case33_1, 2030, Winter...
[INFO] 			 - Running SMOPF, Network case33_1, 2035, Spring...
[INFO] 			 - Running SMOPF, Network case33_1, 2035, Summer...
[INFO] 			 - Running SMOPF, Network case33_1, 2035, Autumn...
[INFO] 			 - Running SMOPF, Network case33_1, 2035, Winter...
[INFO] 			 - Running SMOPF, Network case33_2, 2025, Spring...
[INFO] 			 - Running SMOPF, Network case33_2, 2025, Summer...
[INFO] 			 - Running SMOPF, Network case33_2, 2025, Autumn...
[INFO] 			 - Running SMOPF, Network case33_2, 2025, Winter...
[INFO] 			 - Running SMOPF, Network case33_2, 2030, Spring...
[INFO] 			 - Running SMOPF, Network case33_2, 2030, Summer...
[INFO] 			 - Running SMOPF, Network case33_2, 2030, Autumn...
[INFO] 			 - Running SMOPF, Network case33_2, 2030, Winter...
[INFO] 			 - Running SMOPF, Network case33_2, 2035, Spring...
[INFO] 			 - Running SMOPF, Network case33_2, 2035, Summer...
[INFO] 			 - Running SMOPF, Network case33_2, 2035, Autumn...
[INFO] 			 - Running SMOPF, Network case33_2, 2035, Winter...
[INFO] 			 - Running SMOPF, Network case33_3, 2025, Spring...
[INFO] 			 - Running SMOPF, Network case33_3, 2025, Summer...
[INFO] 			 - Running SMOPF, Network case33_3, 2025, Autumn...
[INFO] 			 - Running SMOPF, Network case33_3, 2025, Winter...
[INFO] 			 - Running SMOPF, Network case33_3, 2030, Spring...
[INFO] 			 - Running SMOPF, Network case33_3, 2030, Summer...
[INFO] 			 - Running SMOPF, Network case33_3, 2030, Autumn...
[INFO] 			 - Running SMOPF, Network case33_3, 2030, Winter...
[INFO] 			 - Running SMOPF, Network case33_3, 2035, Spring...
[INFO] 			 - Running SMOPF, Network case33_3, 2035, Summer...
[INFO] 			 - Running SMOPF, Network case33_3, 2035, Autumn...
[INFO] 			 - Running SMOPF, Network case33_3, 2035, Winter...
[INFO] 		 - Updating transmission network...
[INFO] 			 - Running SMOPF, Network case9, 2025, Spring...
[INFO] 			 - Running SMOPF, Network case9, 2025, Summer...
[INFO] 			 - Running SMOPF, Network case9, 2025, Autumn...
[INFO] 			 - Running SMOPF, Network case9, 2025, Winter...
[INFO] 			 - Running SMOPF, Network case9, 2030, Spring...
[INFO] 			 - Running SMOPF, Network case9, 2030, Summer...
[INFO] 			 - Running SMOPF, Network case9, 2030, Autumn...
[INFO] 			 - Running SMOPF, Network case9, 2030, Winter...
[INFO] 			 - Running SMOPF, Network case9, 2035, Spring...
[INFO] 			 - Running SMOPF, Network case9, 2035, Summer...
[INFO] 			 - Running SMOPF, Network case9, 2035, Autumn...
[INFO] 			 - Running SMOPF, Network case9, 2035, Winter...
[TSO PROX] cycle=70 | updated_blocks=12 | held_failed_blocks=0 | V max=0.000186 | PF max=0.004649 | ESS max=0.000279
[TSO PROX][V MAX] node=5, year=2035, day=Summer, period=19 | dV=0.064080 kV | normalized=0.000186
[TSO PROX][PF MAX] node=7, year=2035, day=Spring, period=14, type=P | delta=0.464935 MW | normalized=0.004649
[TSO PROX][ESS MAX] node=5, year=2025, day=Summer, period=14, type=P | delta=0.000541 MW | normalized=0.000279
[INFO] 		 - Updating SharedESS...
[INFO] 		 - Running Shared ESS optimization (subproblem)...
[INFO] 			 - Node 5...
[INFO] Shared ESS complementarity diagnostics for ESS node=5: ratio_max=7.963758e-06 n_periods=288 mu_final=1.001141e-11 s_obj=1.000000e-01 eps=1.000000e-05 bound=2.883287e-03 measured=2.645180e-03
[INFO] 			 - Node 7...
[INFO] Shared ESS complementarity diagnostics for ESS node=7: ratio_max=7.261742e-06 n_periods=288 mu_final=9.929054e-12 s_obj=1.000000e-01 eps=1.000000e-05 bound=2.859568e-03 measured=2.642018e-03
[INFO] 			 - Node 9...
[INFO] Shared ESS complementarity diagnostics for ESS node=9: ratio_max=7.158136e-06 n_periods=288 mu_final=1.007186e-11 s_obj=1.000000e-01 eps=1.000000e-05 bound=2.900696e-03 measured=2.637745e-03
[INFO]		 - Primal residuals ok!
[INFO]		 - Dual residuals ok!
[RECOURSE JUMP] cycle=70 | abs_change=1.205414e+05 | tol=8.177101e+04 | signed_change=-1.205414e+05
[RECOURSE JUMP] Reconciliation | previous=8.177101e+08 | current=8.175895e+08 | block_delta=-1.205414e+05 | mismatch=-2.384186e-07
[RECOURSE JUMP] Aggregate signed changes:
  TSO | delta=-1.774016e+05
  DSO node=7 | delta=+5.125277e+04
  DSO node=9 | delta=+7.029548e+03
  DSO node=5 | delta=-1.422103e+03
  SALVAGE | delta=+3.528503e-36
[RECOURSE JUMP] Largest 10 block changes:
  TSO node=None year=2035 day=Spring | previous=5.770573e+07 | current=5.762404e+07 | delta=-8.168740e+04 | abs_delta=8.168740e+04
    [RECOURSE JUMP][TSO PROX] year=2035 day=Spring | V max=0.000139 | PF max=0.004649 | ESS max=0.000017
    [RECOURSE COMPONENTS] gen=-1.366187e+05 | flex=+5.493130e+04 | load_curt=+0.000000e+00 | res_curt=+0.000000e+00 | ess_usage=+0.000000e+00 | slacks=-1.131633e-08 | ess_comp=+1.857507e-03
    [SLACK COMPONENTS] voltage=-7.419089e-09 | node_P=+0.000000e+00 | node_Q=+0.000000e+00 | branch_ij=+0.000000e+00 | branch_ji=+0.000000e+00 | flex_P=-1.948626e-09 | flex_Q=-1.948626e-09
    [SLACK COMPONENT CHECK] classified_delta=-1.131634e-08 | objective_slack_delta=-1.131633e-08 | mismatch=-1.065814e-14
    [RECOURSE COMPONENT CHECK] classified_delta=-8.168740e+04 | block_delta=-8.168740e+04 | mismatch=+1.005537e-08
  TSO node=None year=2030 day=Spring | previous=5.658863e+07 | current=5.652719e+07 | delta=-6.143371e+04 | abs_delta=6.143371e+04
    [RECOURSE JUMP][TSO PROX] year=2030 day=Spring | V max=0.000100 | PF max=0.003547 | ESS max=0.000037
    [RECOURSE COMPONENTS] gen=-9.822684e+04 | flex=+3.679312e+04 | load_curt=+0.000000e+00 | res_curt=+0.000000e+00 | ess_usage=+0.000000e+00 | slacks=+8.235794e-09 | ess_comp=+5.828059e-03
    [SLACK COMPONENTS] voltage=+5.420368e-09 | node_P=+0.000000e+00 | node_Q=+0.000000e+00 | branch_ij=+0.000000e+00 | branch_ji=+0.000000e+00 | flex_P=+1.407716e-09 | flex_Q=+1.407716e-09
    [SLACK COMPONENT CHECK] classified_delta=+8.235800e-09 | objective_slack_delta=+8.235794e-09 | mismatch=+6.217249e-15
    [RECOURSE COMPONENT CHECK] classified_delta=-6.143371e+04 | block_delta=-6.143371e+04 | mismatch=+3.477908e-09
  TSO node=None year=2025 day=Spring | previous=7.608033e+07 | current=7.603628e+07 | delta=-4.405160e+04 | abs_delta=4.405160e+04
    [RECOURSE JUMP][TSO PROX] year=2025 day=Spring | V max=0.000097 | PF max=0.003468 | ESS max=0.000131
    [RECOURSE COMPONENTS] gen=-6.438035e+04 | flex=+2.032874e+04 | load_curt=+0.000000e+00 | res_curt=+0.000000e+00 | ess_usage=+0.000000e+00 | slacks=+3.410605e-12 | ess_comp=+7.242487e-03
    [SLACK COMPONENTS] voltage=+3.403500e-12 | node_P=+0.000000e+00 | node_Q=+0.000000e+00 | branch_ij=+0.000000e+00 | branch_ji=+0.000000e+00 | flex_P=+0.000000e+00 | flex_Q=+0.000000e+00
    [SLACK COMPONENT CHECK] classified_delta=+3.403500e-12 | objective_slack_delta=+3.410605e-12 | mismatch=-7.105427e-15
    [RECOURSE COMPONENT CHECK] classified_delta=-4.405160e+04 | block_delta=-4.405160e+04 | mismatch=-1.702574e-08
  DSO node=7 year=2035 day=Spring | previous=7.030737e+06 | current=7.058327e+06 | delta=+2.758943e+04 | abs_delta=2.758943e+04
    [RECOURSE COMPONENTS] gen=+0.000000e+00 | flex=+2.758938e+04 | load_curt=+0.000000e+00 | res_curt=+5.381918e-02 | ess_usage=+0.000000e+00 | slacks=+1.893076e-05 | ess_comp=+2.105733e-05
    [SLACK COMPONENTS] voltage=-4.240525e-07 | node_P=+0.000000e+00 | node_Q=+0.000000e+00 | branch_ij=+0.000000e+00 | branch_ji=+0.000000e+00 | flex_P=+1.935482e-05 | flex_Q=+0.000000e+00
    [SLACK COMPONENT CHECK] classified_delta=+1.893076e-05 | objective_slack_delta=+1.893076e-05 | mismatch=+0.000000e+00
    [RECOURSE COMPONENT CHECK] classified_delta=+2.758943e+04 | block_delta=+2.758943e+04 | mismatch=+8.476491e-10
  TSO node=None year=2025 day=Summer | previous=9.345576e+07 | current=9.348169e+07 | delta=+2.593541e+04 | abs_delta=2.593541e+04
    [RECOURSE JUMP][TSO PROX] year=2025 day=Summer | V max=0.000128 | PF max=0.002014 | ESS max=0.000279
    [RECOURSE COMPONENTS] gen=+6.725964e+04 | flex=-4.132423e+04 | load_curt=+0.000000e+00 | res_curt=+0.000000e+00 | ess_usage=+0.000000e+00 | slacks=+8.128609e-12 | ess_comp=+1.012269e-05
    [SLACK COMPONENTS] voltage=+8.128609e-12 | node_P=+0.000000e+00 | node_Q=+0.000000e+00 | branch_ij=+0.000000e+00 | branch_ji=+0.000000e+00 | flex_P=+0.000000e+00 | flex_Q=+0.000000e+00
    [SLACK COMPONENT CHECK] classified_delta=+8.128609e-12 | objective_slack_delta=+8.128609e-12 | mismatch=+0.000000e+00
    [RECOURSE COMPONENT CHECK] classified_delta=+2.593541e+04 | block_delta=+2.593541e+04 | mismatch=-5.431502e-09
  DSO node=7 year=2030 day=Spring | previous=4.078762e+06 | current=4.100265e+06 | delta=+2.150264e+04 | abs_delta=2.150264e+04
    [RECOURSE COMPONENTS] gen=+0.000000e+00 | flex=+2.150448e+04 | load_curt=+0.000000e+00 | res_curt=-1.836367e+00 | ess_usage=+0.000000e+00 | slacks=-3.596085e-06 | ess_comp=+1.294087e-04
    [SLACK COMPONENTS] voltage=-3.147940e-07 | node_P=+0.000000e+00 | node_Q=+0.000000e+00 | branch_ij=+0.000000e+00 | branch_ji=+0.000000e+00 | flex_P=-3.281291e-06 | flex_Q=+0.000000e+00
    [SLACK COMPONENT CHECK] classified_delta=-3.596085e-06 | objective_slack_delta=-3.596085e-06 | mismatch=-5.684342e-14
    [RECOURSE COMPONENT CHECK] classified_delta=+2.150264e+04 | block_delta=+2.150264e+04 | mismatch=+4.729372e-11
  DSO node=9 year=2025 day=Summer | previous=1.688675e+06 | current=1.668311e+06 | delta=-2.036451e+04 | abs_delta=2.036451e+04
    [RECOURSE COMPONENTS] gen=+0.000000e+00 | flex=-2.036325e+04 | load_curt=+0.000000e+00 | res_curt=-1.227344e+00 | ess_usage=+0.000000e+00 | slacks=+1.226331e-05 | ess_comp=-2.405795e-02
    [SLACK COMPONENTS] voltage=+6.149034e-07 | node_P=+0.000000e+00 | node_Q=+0.000000e+00 | branch_ij=+0.000000e+00 | branch_ji=+0.000000e+00 | flex_P=+1.164956e-05 | flex_Q=-1.153143e-09
    [SLACK COMPONENT CHECK] classified_delta=+1.226331e-05 | objective_slack_delta=+1.226331e-05 | mismatch=+1.033840e-12
    [RECOURSE COMPONENT CHECK] classified_delta=-2.036451e+04 | block_delta=-2.036451e+04 | mismatch=+3.637979e-11
  DSO node=9 year=2035 day=Spring | previous=1.018651e+07 | current=1.020433e+07 | delta=+1.782560e+04 | abs_delta=1.782560e+04
    [RECOURSE COMPONENTS] gen=+0.000000e+00 | flex=+1.782606e+04 | load_curt=+0.000000e+00 | res_curt=-4.646523e-01 | ess_usage=+0.000000e+00 | slacks=+1.483151e-05 | ess_comp=+8.773489e-05
    [SLACK COMPONENTS] voltage=-1.082265e-07 | node_P=+0.000000e+00 | node_Q=+0.000000e+00 | branch_ij=+0.000000e+00 | branch_ji=+0.000000e+00 | flex_P=+1.493973e-05 | flex_Q=+0.000000e+00
    [SLACK COMPONENT CHECK] classified_delta=+1.483151e-05 | objective_slack_delta=+1.483151e-05 | mismatch=-7.105427e-14
    [RECOURSE COMPONENT CHECK] classified_delta=+1.782560e+04 | block_delta=+1.782560e+04 | mismatch=+8.076313e-10
  DSO node=7 year=2025 day=Spring | previous=4.221550e+06 | current=4.239355e+06 | delta=+1.780524e+04 | abs_delta=1.780524e+04
    [RECOURSE COMPONENTS] gen=+0.000000e+00 | flex=+1.780517e+04 | load_curt=+0.000000e+00 | res_curt=+6.733204e-02 | ess_usage=+0.000000e+00 | slacks=+1.387161e-07 | ess_comp=-3.295794e-04
    [SLACK COMPONENTS] voltage=+4.918377e-08 | node_P=+0.000000e+00 | node_Q=+0.000000e+00 | branch_ij=+0.000000e+00 | branch_ji=+0.000000e+00 | flex_P=+8.953245e-08 | flex_Q=+0.000000e+00
    [SLACK COMPONENT CHECK] classified_delta=+1.387162e-07 | objective_slack_delta=+1.387161e-07 | mismatch=+8.881784e-14
    [RECOURSE COMPONENT CHECK] classified_delta=+1.780524e+04 | block_delta=+1.780524e+04 | mismatch=+4.220055e-10
  DSO node=7 year=2025 day=Summer | previous=1.045883e+06 | current=1.032616e+06 | delta=-1.326777e+04 | abs_delta=1.326777e+04
    [RECOURSE COMPONENTS] gen=+0.000000e+00 | flex=-1.326759e+04 | load_curt=+0.000000e+00 | res_curt=-1.822863e-01 | ess_usage=+0.000000e+00 | slacks=-1.963911e-07 | ess_comp=+5.491599e-03
    [SLACK COMPONENTS] voltage=+4.296237e-08 | node_P=+0.000000e+00 | node_Q=+0.000000e+00 | branch_ij=+0.000000e+00 | branch_ji=+0.000000e+00 | flex_P=-2.393535e-07 | flex_Q=+0.000000e+00
    [SLACK COMPONENT CHECK] classified_delta=-1.963911e-07 | objective_slack_delta=-1.963911e-07 | mismatch=-3.552714e-14
    [RECOURSE COMPONENT CHECK] classified_delta=-1.326777e+04 | block_delta=-1.326777e+04 | mismatch=-1.982698e-10
[INFO]		 - Recourse stationarity failed. 120541.391165 > 81771.008736
[ADMM RHO] V | primal max ratio=0.001 | primal mean ratio=0.000 | primal selected=0.001 | dual mean ratio=0.010 | increase threshold=5.0 | decrease threshold=5.0 | action=held
[ADMM RHO] PF | primal max ratio=0.053 | primal mean ratio=0.014 | primal selected=0.053 | dual mean ratio=0.083 | increase threshold=5.0 | decrease threshold=3.0 | action=held
[ADMM RHO] ESS | primal max ratio=0.004 | primal mean ratio=0.003 | primal selected=0.004 | dual mean ratio=0.007 | increase threshold=5.0 | decrease threshold=5.0 | action=held
[INFO]		 - ADMM cycle 70 | Primal (V max/mean | PF max/mean | ESS max/mean) = 0.000008/0.000000 | 0.000530/0.000014 | 0.000374/0.000026 | Dual (V max/mean | PF max/mean | ESS max/mean) = 0.000418/0.000098 | 0.024188/0.000825 | 0.001215/0.000071 | Recourse change = 120541.391165 (tol. 81771.008736) | Stable cycles = 0/1 | Penalty actions (V/PF/ESS) = held/held/held
[INFO] 	 - Iteration 70: 30.69 s
[INFO] 	 - ADMM Iteration 71
[INFO] 		 - Updating distribution networks:
[INFO] 			 - Running SMOPF, Network case33_1, 2025, Spring...
[INFO] 			 - Running SMOPF, Network case33_1, 2025, Summer...
[INFO] 			 - Running SMOPF, Network case33_1, 2025, Autumn...
[INFO] 			 - Running SMOPF, Network case33_1, 2025, Winter...
[INFO] 			 - Running SMOPF, Network case33_1, 2030, Spring...
[INFO] 			 - Running SMOPF, Network case33_1, 2030, Summer...
[INFO] 			 - Running SMOPF, Network case33_1, 2030, Autumn...
[INFO] 			 - Running SMOPF, Network case33_1, 2030, Winter...
[INFO] 			 - Running SMOPF, Network case33_1, 2035, Spring...
[INFO] 			 - Running SMOPF, Network case33_1, 2035, Summer...
[INFO] 			 - Running SMOPF, Network case33_1, 2035, Autumn...
[INFO] 			 - Running SMOPF, Network case33_1, 2035, Winter...
[INFO] 			 - Running SMOPF, Network case33_2, 2025, Spring...
[INFO] 			 - Running SMOPF, Network case33_2, 2025, Summer...
[INFO] 			 - Running SMOPF, Network case33_2, 2025, Autumn...
[INFO] 			 - Running SMOPF, Network case33_2, 2025, Winter...
[INFO] 			 - Running SMOPF, Network case33_2, 2030, Spring...
[INFO] 			 - Running SMOPF, Network case33_2, 2030, Summer...
[INFO] 			 - Running SMOPF, Network case33_2, 2030, Autumn...
[INFO] 			 - Running SMOPF, Network case33_2, 2030, Winter...
[INFO] 			 - Running SMOPF, Network case33_2, 2035, Spring...
[INFO] 			 - Running SMOPF, Network case33_2, 2035, Summer...
[INFO] 			 - Running SMOPF, Network case33_2, 2035, Autumn...
[INFO] 			 - Running SMOPF, Network case33_2, 2035, Winter...
[INFO] 			 - Running SMOPF, Network case33_3, 2025, Spring...
[INFO] 			 - Running SMOPF, Network case33_3, 2025, Summer...
[INFO] 			 - Running SMOPF, Network case33_3, 2025, Autumn...
[INFO] 			 - Running SMOPF, Network case33_3, 2025, Winter...
[INFO] 			 - Running SMOPF, Network case33_3, 2030, Spring...
[INFO] 			 - Running SMOPF, Network case33_3, 2030, Summer...
[INFO] 			 - Running SMOPF, Network case33_3, 2030, Autumn...
[INFO] 			 - Running SMOPF, Network case33_3, 2030, Winter...
[INFO] 			 - Running SMOPF, Network case33_3, 2035, Spring...
[INFO] 			 - Running SMOPF, Network case33_3, 2035, Summer...
[INFO] 			 - Running SMOPF, Network case33_3, 2035, Autumn...
[INFO] 			 - Running SMOPF, Network case33_3, 2035, Winter...
[INFO] 		 - Updating transmission network...
[INFO] 			 - Running SMOPF, Network case9, 2025, Spring...
[INFO] 			 - Running SMOPF, Network case9, 2025, Summer...
[INFO] 			 - Running SMOPF, Network case9, 2025, Autumn...
[INFO] 			 - Running SMOPF, Network case9, 2025, Winter...
[INFO] 			 - Running SMOPF, Network case9, 2030, Spring...
[INFO] 			 - Running SMOPF, Network case9, 2030, Summer...
[INFO] 			 - Running SMOPF, Network case9, 2030, Autumn...
[INFO] 			 - Running SMOPF, Network case9, 2030, Winter...
[INFO] 			 - Running SMOPF, Network case9, 2035, Spring...
[INFO] 			 - Running SMOPF, Network case9, 2035, Summer...
[INFO] 			 - Running SMOPF, Network case9, 2035, Autumn...
[INFO] 			 - Running SMOPF, Network case9, 2035, Winter...
[TSO PROX] cycle=71 | updated_blocks=12 | held_failed_blocks=0 | V max=0.000186 | PF max=0.004674 | ESS max=0.000279
[TSO PROX][V MAX] node=5, year=2035, day=Summer, period=19 | dV=0.064032 kV | normalized=0.000186
[TSO PROX][PF MAX] node=7, year=2035, day=Spring, period=14, type=P | delta=0.467389 MW | normalized=0.004674
[TSO PROX][ESS MAX] node=5, year=2025, day=Summer, period=14, type=P | delta=0.000541 MW | normalized=0.000279
[INFO] 		 - Updating SharedESS...
[INFO] 		 - Running Shared ESS optimization (subproblem)...
[INFO] 			 - Node 5...
[INFO] Shared ESS complementarity diagnostics for ESS node=5: ratio_max=7.159057e-06 n_periods=288 mu_final=9.788539e-12 s_obj=1.000000e-01 eps=1.000000e-05 bound=2.819099e-03 measured=2.636886e-03
[INFO] 			 - Node 7...
[INFO] Shared ESS complementarity diagnostics for ESS node=7: ratio_max=7.263210e-06 n_periods=288 mu_final=9.763135e-12 s_obj=1.000000e-01 eps=1.000000e-05 bound=2.811783e-03 measured=2.635358e-03
[INFO] 			 - Node 9...
[INFO] Shared ESS complementarity diagnostics for ESS node=9: ratio_max=7.092729e-06 n_periods=288 mu_final=1.009616e-11 s_obj=1.000000e-01 eps=1.000000e-05 bound=2.907695e-03 measured=2.635632e-03
[INFO]		 - Primal residuals ok!
[INFO]		 - Dual residuals ok!
[INFO]		 - Recourse stationarity ok!
[ADMM RHO] V | primal max ratio=0.001 | primal mean ratio=0.000 | primal selected=0.001 | dual mean ratio=0.010 | increase threshold=5.0 | decrease threshold=5.0 | action=held
[ADMM RHO] PF | primal max ratio=0.176 | primal mean ratio=0.014 | primal selected=0.176 | dual mean ratio=0.081 | increase threshold=5.0 | decrease threshold=3.0 | action=held
[ADMM RHO] ESS | primal max ratio=0.003 | primal mean ratio=0.002 | primal selected=0.003 | dual mean ratio=0.007 | increase threshold=5.0 | decrease threshold=5.0 | action=held
[INFO]		 - ADMM cycle 71 | Primal (V max/mean | PF max/mean | ESS max/mean) = 0.000010/0.000000 | 0.001757/0.000014 | 0.000263/0.000021 | Dual (V max/mean | PF max/mean | ESS max/mean) = 0.000418/0.000098 | 0.024316/0.000805 | 0.001240/0.000069 | Recourse change = 69273.040441 (tol. 81758.954597) | Stable cycles = 1/1 | Penalty actions (V/PF/ESS) = held/held/held
[INFO] 	 - Iteration 71: 30.86 s
[INFO] 	 - ADMM converged in 71 iteration(s).
[INFO] 	 - Execution time: 2468.12 s
[P5.15-G baseline] recourse=817520272.9327419 cycles=71 solves=3694 local_failures=0 wall=2479s
   EFC/day max across nodes: 1.1029296490574436 (threshold 1.4612)
   detector grouping clean: True (observed 216 / expected 216)
   network failures: {'n_blocks': 22, 'classes': {'recovered_tier1': 22, 'recovered_tier2': 0, 'unrecovered': 0, 'not_attempted': 0, 'indeterminate': 0, 'recovered': 22}, 'n_frozen_snapshots': 2, 'n_esso_recovery_events': 0, 'path': 'data/SRP1/Results/P515G1B/network_failures_baseline.jsonl'}
