[P5.15-S36-TIMING] run OFF (recorder not installed) -- 2 cycles, cold, s35ref config class.
[P5.15-S36-TIMING off] capture-path pre-flight passed: {'tso_total_gen_cost': True, 'tso_total_flex_cost': True, 'tso_total_load_curt_cost': True, 'tso_total_gen_curt_penalty': True, 'tso_total_ess_utilization_cost_penalty': True, 'tso_slack_flex_q_balance_up_present': True, 'mch_adn_interface_flexibility_cost': True, 'mch_gen_curtailment_definitional_value': True, 'mch_ess_complementarity_bilinear_value': True, 'mch_load_is_tso_adn_interface': True, 'srp_get_local_detector_components': True, 'srp_get_operational_recourse_components': True, 'srp_get_admm_block_weight': True, 'esso_get_feasibility_violation': True, 'tso_detector_components_evaluate': True, 'tso_adn_interface_flex_cost_evaluate': True, 'tso_interface_delta_p_present': True, 'tso_interface_delta_q_present': True, 'tso_interface_settlement_present': True, 'tso_interface_settlement_weight_present': True, 'tso_expected_interface_pf_p_will_exist_after_admm_setup': True, 'dso_interface_settlement_present': True, 'dso_interface_settlement_weight_present': True, 'srp_get_interface_reporting_detail': True, 'srp_get_operational_interface_settlement_blocks': True, 'srp_get_local_interface_settlement': True, 's35ref_spec_file_hash_matches': True, 's35ref_spec_file_hash_observed': '995548ababa1b428e9bc4354a078ffd8322cc54d00f04b9ef7a694e43311c7ba', 's35ref_predecessor_spec_sha256_matches_s34': True, 'boyd_eps_source_is_case_file': True, 'boyd_eps_abs_is_1e-5': True, 'boyd_eps_rel_is_1e-4': True, 'objective_scale_is_93635360': True, 'objective_scale_source_is_case_file': True, 'objective_scale_assert_factor_at_least_1': True, 'srp_resolve_common_admm_objective_scale_callable': True, 'al_scale_esso_present': True, 'al_scale_esso_mode_is_sigma_over_median_block_weight': True, 'srp_resolve_esso_al_scale_callable': True, 'srp_update_shared_energy_storage_model_to_admm_accepts_al_scale_esso': True, 'shared_ess_reference_rating_mva_is_2p5': True, 'srp_admm_shared_ess_reference_mva_callable': True, 'initial_rho_v_pf_ess_matches_spec_v5': True, 'initial_rho_snapshot': {'v': {'case9': 0.0077, 'case33_1': 0.0077, 'case33_2': 0.0077, 'case33_3': 0.0077}, 'pf': {'case9': 0.198, 'case33_1': 0.198, 'case33_2': 0.198, 'case33_3': 0.198}, 'ess': {'case9': 0.1125, 'case33_1': 0.1125, 'case33_2': 0.1125, 'case33_3': 0.1125, 'esso': 0.1125}}, 'freeze_after_unchanged_cycles_is_10': True, 'freeze_backstop_cycle_is_60': True, 'minimum_consecutive_converged_cycles_is_3': True, 'srp_update_admm_penalties_accepts_freeze_state': True, 'srp_init_admm_freeze_state_callable': True, 'srp_get_admm_boyd_residual_metrics': True, 'boyd_field_r_in_source': True, 'boyd_field_s_in_source': True, 'boyd_field_s_rho_part_in_source': True, 'boyd_field_s_proximal_part_in_source': True, 'boyd_field_eps_pri_in_source': True, 'boyd_field_eps_dual_in_source': True, 'boyd_field_norm_x_in_source': True, 'boyd_field_norm_z_in_source': True, 'boyd_field_norm_y_in_source': True, 'boyd_field_primal_ratio_in_source': True, 'boyd_field_dual_ratio_in_source': True, 'boyd_field_dual_ratio_balance_in_source': True, 'admm_diagnostics_key_boyd_v_r_present': True, 'admm_diagnostics_key_boyd_v_s_present': True, 'admm_diagnostics_key_boyd_v_s_rho_part_present': True, 'admm_diagnostics_key_boyd_v_s_proximal_part_present': True, 'admm_diagnostics_key_boyd_v_proximal_share_present': True, 'admm_diagnostics_key_boyd_v_eps_pri_present': True, 'admm_diagnostics_key_boyd_v_eps_dual_present': True, 'admm_diagnostics_key_boyd_v_norm_x_present': True, 'admm_diagnostics_key_boyd_v_norm_z_present': True, 'admm_diagnostics_key_boyd_v_norm_y_present': True, 'admm_diagnostics_key_boyd_v_primal_ratio_present': True, 'admm_diagnostics_key_boyd_v_dual_ratio_present': True, 'admm_diagnostics_key_boyd_v_dual_ratio_balance_present': True, 'admm_diagnostics_key_boyd_v_primal_pass_present': True, 'admm_diagnostics_key_boyd_v_dual_pass_present': True, 'admm_diagnostics_key_boyd_v_channel_pass_present': True, 'admm_diagnostics_key_boyd_pf_r_present': True, 'admm_diagnostics_key_boyd_pf_s_present': True, 'admm_diagnostics_key_boyd_pf_s_rho_part_present': True, 'admm_diagnostics_key_boyd_pf_s_proximal_part_present': True, 'admm_diagnostics_key_boyd_pf_eps_pri_present': True, 'admm_diagnostics_key_boyd_pf_eps_dual_present': True, 'admm_diagnostics_key_boyd_pf_norm_x_present': True, 'admm_diagnostics_key_boyd_pf_norm_z_present': True, 'admm_diagnostics_key_boyd_pf_norm_y_present': True, 'admm_diagnostics_key_boyd_pf_primal_ratio_present': True, 'admm_diagnostics_key_boyd_pf_dual_ratio_present': True, 'admm_diagnostics_key_boyd_pf_dual_ratio_balance_present': True, 'admm_diagnostics_key_boyd_pf_channel_pass_present': True, 'admm_diagnostics_key_boyd_ess_r_present': True, 'admm_diagnostics_key_boyd_ess_s_present': True, 'admm_diagnostics_key_boyd_ess_s_rho_part_present': True, 'admm_diagnostics_key_boyd_ess_s_proximal_part_present': True, 'admm_diagnostics_key_boyd_ess_eps_pri_present': True, 'admm_diagnostics_key_boyd_ess_eps_dual_present': True, 'admm_diagnostics_key_boyd_ess_norm_x_present': True, 'admm_diagnostics_key_boyd_ess_norm_z_present': True, 'admm_diagnostics_key_boyd_ess_norm_y_present': True, 'admm_diagnostics_key_boyd_ess_norm_y_tso_present': True, 'admm_diagnostics_key_boyd_ess_norm_y_dso_present': True, 'admm_diagnostics_key_boyd_ess_norm_y_esso_present': True, 'admm_diagnostics_key_boyd_ess_primal_ratio_present': True, 'admm_diagnostics_key_boyd_ess_dual_ratio_present': True, 'admm_diagnostics_key_boyd_ess_dual_ratio_balance_present': True, 'admm_diagnostics_key_boyd_ess_channel_pass_present': True, 'admm_diagnostics_key_boyd_all_pass_present': True, 'admm_diagnostics_key_boyd_stop_present': True, 'admm_diagnostics_key_boyd_eps_abs_present': True, 'admm_diagnostics_key_boyd_eps_rel_present': True, 'admm_diagnostics_key_boyd_eps_source_present': True, 'admm_diagnostics_key_rho_v_before_present': True, 'admm_diagnostics_key_rho_v_after_present': True, 'admm_diagnostics_key_rho_v_action_present': True, 'admm_diagnostics_key_rho_pf_before_present': True, 'admm_diagnostics_key_rho_pf_after_present': True, 'admm_diagnostics_key_rho_pf_action_present': True, 'admm_diagnostics_key_rho_ess_before_present': True, 'admm_diagnostics_key_rho_ess_after_present': True, 'admm_diagnostics_key_rho_ess_action_present': True, 'admm_diagnostics_key_objective_change_ratio_present': True, 'admm_diagnostics_key_objective_change_abs_present': True, 'admm_diagnostics_key_objective_tolerance_present': True, 'admm_diagnostics_key_gap_proxy_G_present': True, 'admm_diagnostics_key_gap_proxy_G_reason_present': True, 'admm_diagnostics_key_gap_proxy_Q_present': True, 'admm_diagnostics_key_gap_proxy_G_over_Q_present': True, 'admm_diagnostics_key_recourse_present': True, 'admm_diagnostics_key_gross_operational_cost_present': True, 'admm_diagnostics_key_gamma_v_before_present': True, 'admm_diagnostics_key_gamma_v_after_present': True, 'admm_diagnostics_key_gamma_pf_before_present': True, 'admm_diagnostics_key_gamma_pf_after_present': True, 'admm_diagnostics_key_gamma_ess_before_present': True, 'admm_diagnostics_key_gamma_ess_after_present': True, 'admm_diagnostics_key_rho_freeze_active_present': True, 'admm_diagnostics_key_freeze_after_cycle_present': True, 'admm_diagnostics_key_gamma_policy_present': True, 'admm_diagnostics_key_gamma_tau_present': True, 'admm_diagnostics_key_sigma_fixed_present': True, 'admm_diagnostics_key_sigma_computed_present': True, 'admm_diagnostics_key_al_scale_esso_present': True, 'admm_diagnostics_key_shared_ess_reference_rating_mva_present': True, 'admm_diagnostics_key_freeze_after_unchanged_cycles_present': True, 'admm_diagnostics_key_freeze_backstop_cycle_present': True, 'admm_diagnostics_key_rho_frozen_v_present': True, 'admm_diagnostics_key_rho_frozen_pf_present': True, 'admm_diagnostics_key_rho_frozen_ess_present': True, 'admm_diagnostics_key_rho_unchanged_streak_v_present': True, 'admm_diagnostics_key_rho_unchanged_streak_pf_present': True, 'admm_diagnostics_key_rho_unchanged_streak_ess_present': True, 'admm_diagnostics_key_rho_at_clamp_v_present': True, 'admm_diagnostics_key_rho_at_clamp_pf_present': True, 'admm_diagnostics_key_rho_at_clamp_ess_present': True, 'admm_diagnostics_key_efc_per_day_max_present': True, 'srp_get_admm_efc_per_day_max_callable': True, 'prox_gamma_v_mutable_in_source': True, 'write_interface_voltage_terminal_callable': True, 'write_component_levels_terminal_callable': True, 'write_interface_settlement_detail_s31c_callable': True, 'srp_get_operational_recourse_block_components_callable': True, 'srp_get_operational_objective_component_blocks_callable': True, 's34_capture_hooks_callable': True, 's35ref_capture_hooks_callable': True, 'write_boyd_terminal_s35ref_callable': True, 's31c_g_baseline_reference_exists': True, 's32_g_baseline_reference_exists': True, 's33e2_g_baseline_reference_exists': True, 's33e2_leak_classification_baseline_exists': True, 's34_g_baseline_reference_exists': True, 'active_distribution_network_nodes_nonempty': True, 'soh_floor_rows_identified_pre_solve': True, 'soh_floor_identification_error': None, 'soh_floor_row_counts_by_node': {5: 6, 7: 6, 9: 6}, 'soh_floor_row_count_uniform_across_nodes': True}
[INFO] Running OPERATIONAL PLANNING (DISTRIBUTED)...
[INFO]	 - Initializing...
[INFO] 		 - Distribution Network node 5...
[INFO] 			 - Running SMOPF, Network case33_1, 2025, Spring...
[INFO] 			 - Running SMOPF, Network case33_1, 2025, Summer...
[INFO] 			 - Running SMOPF, Network case33_1, 2025, Autumn...
[INFO] 			 - Running SMOPF, Network case33_1, 2025, Winter...
[INFO] 			 - Running SMOPF, Network case33_1, 2030, Spring...
[INFO] 			 - Running SMOPF, Network case33_1, 2030, Summer...
[INFO] 			 - Running SMOPF, Network case33_1, 2030, Autumn...
[INFO] 			 - Running SMOPF, Network case33_1, 2030, Winter...
[INFO] 			 - Running SMOPF, Network case33_1, 2035, Spring...
[INFO] 			 - Running SMOPF, Network case33_1, 2035, Summer...
[INFO] 			 - Running SMOPF, Network case33_1, 2035, Autumn...
[INFO] 			 - Running SMOPF, Network case33_1, 2035, Winter...
[INFO] 		 - Distribution Network node 7...
[INFO] 			 - Running SMOPF, Network case33_2, 2025, Spring...
[INFO] 			 - Running SMOPF, Network case33_2, 2025, Summer...
[INFO] 			 - Running SMOPF, Network case33_2, 2025, Autumn...
[INFO] 			 - Running SMOPF, Network case33_2, 2025, Winter...
[INFO] 			 - Running SMOPF, Network case33_2, 2030, Spring...
[INFO] 			 - Running SMOPF, Network case33_2, 2030, Summer...
[INFO] 			 - Running SMOPF, Network case33_2, 2030, Autumn...
[INFO] 			 - Running SMOPF, Network case33_2, 2030, Winter...
[INFO] 			 - Running SMOPF, Network case33_2, 2035, Spring...
[INFO] 			 - Running SMOPF, Network case33_2, 2035, Summer...
[INFO] 			 - Running SMOPF, Network case33_2, 2035, Autumn...
[INFO] 			 - Running SMOPF, Network case33_2, 2035, Winter...
[INFO] 		 - Distribution Network node 9...
[INFO] 			 - Running SMOPF, Network case33_3, 2025, Spring...
[INFO] 			 - Running SMOPF, Network case33_3, 2025, Summer...
[INFO] 			 - Running SMOPF, Network case33_3, 2025, Autumn...
[INFO] 			 - Running SMOPF, Network case33_3, 2025, Winter...
[INFO] 			 - Running SMOPF, Network case33_3, 2030, Spring...
[INFO] 			 - Running SMOPF, Network case33_3, 2030, Summer...
[INFO] 			 - Running SMOPF, Network case33_3, 2030, Autumn...
[INFO] 			 - Running SMOPF, Network case33_3, 2030, Winter...
[INFO] 			 - Running SMOPF, Network case33_3, 2035, Spring...
[INFO] 			 - Running SMOPF, Network case33_3, 2035, Summer...
[INFO] 			 - Running SMOPF, Network case33_3, 2035, Autumn...
[INFO] 			 - Running SMOPF, Network case33_3, 2035, Winter...
[INFO] 		 - Transmission Network...
[INFO] 			 - Running SMOPF, Network case9, 2025, Spring...
[INFO] 			 - Running SMOPF, Network case9, 2025, Summer...
[INFO] 			 - Running SMOPF, Network case9, 2025, Autumn...
[INFO] 			 - Running SMOPF, Network case9, 2025, Winter...
[INFO] 			 - Running SMOPF, Network case9, 2030, Spring...
[INFO] 			 - Running SMOPF, Network case9, 2030, Summer...
[INFO] 			 - Running SMOPF, Network case9, 2030, Autumn...
[INFO] 			 - Running SMOPF, Network case9, 2030, Winter...
[INFO] 			 - Running SMOPF, Network case9, 2035, Spring...
[INFO] 			 - Running SMOPF, Network case9, 2035, Summer...
[INFO] 			 - Running SMOPF, Network case9, 2035, Autumn...
[INFO] 			 - Running SMOPF, Network case9, 2035, Winter...
[INFO] 		 - Running Shared ESS optimization (subproblem)...
[INFO] 			 - Node 5...
[INFO] Shared ESS complementarity diagnostics for ESS node=5: ratio_max=8.663330e-06 n_periods=288 mu_final=1.497458e-11 s_obj=1.000000e-01 eps=1.000000e-05 bound=4.312679e-03 measured=2.312858e-03
[INFO] 			 - Node 7...
[INFO] Shared ESS complementarity diagnostics for ESS node=7: ratio_max=8.664933e-06 n_periods=288 mu_final=1.499878e-11 s_obj=1.000000e-01 eps=1.000000e-05 bound=4.319650e-03 measured=2.305958e-03
[INFO] 			 - Node 9...
[INFO] Shared ESS complementarity diagnostics for ESS node=9: ratio_max=8.662105e-06 n_periods=288 mu_final=1.497387e-11 s_obj=1.000000e-01 eps=1.000000e-05 bound=4.312474e-03 measured=2.313052e-03
[ADMM OF SCALE] n=48 | min=2.430192e+07 | median=4.563872e+07 | max=9.363536e+07 | selected=9.363536e+07
[ADMM OF SCALE] Largest weighted objectives:
  TSO node=None year=2035 day=Winter | base=-9.363536e+07 | scenario=0.000000e+00 | total=-9.363536e+07
  TSO node=None year=2030 day=Autumn | base=-8.831557e+07 | scenario=0.000000e+00 | total=-8.831557e+07
  TSO node=None year=2030 day=Winter | base=-7.463930e+07 | scenario=0.000000e+00 | total=-7.463930e+07
  TSO node=None year=2035 day=Spring | base=-6.233022e+07 | scenario=0.000000e+00 | total=-6.233022e+07
  TSO node=None year=2035 day=Summer | base=-5.846825e+07 | scenario=0.000000e+00 | total=-5.846825e+07
  TSO node=None year=2035 day=Autumn | base=-5.808004e+07 | scenario=0.000000e+00 | total=-5.808004e+07
  TSO node=None year=2030 day=Summer | base=-5.747069e+07 | scenario=0.000000e+00 | total=-5.747069e+07
  DSO node=7 year=2035 day=Spring | base=5.722320e+07 | scenario=0.000000e+00 | total=5.722320e+07
  DSO node=9 year=2025 day=Winter | base=5.578761e+07 | scenario=0.000000e+00 | total=5.578761e+07
  DSO node=5 year=2035 day=Spring | base=5.561607e+07 | scenario=0.000000e+00 | total=5.561607e+07
[ADMM OF SCALE] Fixed sigma in force sigma_fixed=9.363536e+07 | sigma_computed=9.363536e+07 | ratio=1.000000e+00 | assert_factor=3.000
[ADMM ESSO AL SCALE] mode=sigma_over_median_block_weight | sigma=9.363536e+07 | median_block_weight=4.121075e+02 | al_scale_esso=2.272110e+05
[INFO] 	 - ADMM Iteration 1
[INFO] 		 - Updating distribution networks:
[INFO] 			 - Running SMOPF, Network case33_1, 2025, Spring...
[INFO] 			 - Running SMOPF, Network case33_1, 2025, Summer...
[INFO] 			 - Running SMOPF, Network case33_1, 2025, Autumn...
[INFO] 			 - Running SMOPF, Network case33_1, 2025, Winter...
[INFO] 			 - Running SMOPF, Network case33_1, 2030, Spring...
[INFO] 			 - Running SMOPF, Network case33_1, 2030, Summer...
[INFO] 			 - Running SMOPF, Network case33_1, 2030, Autumn...
[INFO] 			 - Running SMOPF, Network case33_1, 2030, Winter...
[INFO] 			 - Running SMOPF, Network case33_1, 2035, Spring...
[INFO] 			 - Running SMOPF, Network case33_1, 2035, Summer...
[INFO] 			 - Running SMOPF, Network case33_1, 2035, Autumn...
[INFO] 			 - Running SMOPF, Network case33_1, 2035, Winter...
[INFO] 			 - Running SMOPF, Network case33_2, 2025, Spring...
[INFO] 			 - Running SMOPF, Network case33_2, 2025, Summer...
[INFO] 			 - Running SMOPF, Network case33_2, 2025, Autumn...
[INFO] 			 - Running SMOPF, Network case33_2, 2025, Winter...
[INFO] 			 - Running SMOPF, Network case33_2, 2030, Spring...
[INFO] 			 - Running SMOPF, Network case33_2, 2030, Summer...
[INFO] 			 - Running SMOPF, Network case33_2, 2030, Autumn...
[INFO] 			 - Running SMOPF, Network case33_2, 2030, Winter...
[INFO] 			 - Running SMOPF, Network case33_2, 2035, Spring...
[INFO] 			 - Running SMOPF, Network case33_2, 2035, Summer...
[INFO] 			 - Running SMOPF, Network case33_2, 2035, Autumn...
[INFO] 			 - Running SMOPF, Network case33_2, 2035, Winter...
[INFO] 			 - Running SMOPF, Network case33_3, 2025, Spring...
[INFO] 			 - Running SMOPF, Network case33_3, 2025, Summer...
[INFO] 			 - Running SMOPF, Network case33_3, 2025, Autumn...
[INFO] 			 - Running SMOPF, Network case33_3, 2025, Winter...
[INFO] 			 - Running SMOPF, Network case33_3, 2030, Spring...
[INFO] 			 - Running SMOPF, Network case33_3, 2030, Summer...
[INFO] 			 - Running SMOPF, Network case33_3, 2030, Autumn...
[INFO] 			 - Running SMOPF, Network case33_3, 2030, Winter...
[INFO] 			 - Running SMOPF, Network case33_3, 2035, Spring...
[INFO] 			 - Running SMOPF, Network case33_3, 2035, Summer...
[INFO] 			 - Running SMOPF, Network case33_3, 2035, Autumn...
[INFO] 			 - Running SMOPF, Network case33_3, 2035, Winter...
[INFO] 		 - Updating transmission network...
[INFO] 			 - Running SMOPF, Network case9, 2025, Spring...
[INFO] 			 - Running SMOPF, Network case9, 2025, Summer...
[INFO] 			 - Running SMOPF, Network case9, 2025, Autumn...
[INFO] 			 - Running SMOPF, Network case9, 2025, Winter...
[INFO] 			 - Running SMOPF, Network case9, 2030, Spring...
[INFO] 			 - Running SMOPF, Network case9, 2030, Summer...
[INFO] 			 - Running SMOPF, Network case9, 2030, Autumn...
[INFO] 			 - Running SMOPF, Network case9, 2030, Winter...
[INFO] 			 - Running SMOPF, Network case9, 2035, Spring...
[INFO] 			 - Running SMOPF, Network case9, 2035, Summer...
[INFO] 			 - Running SMOPF, Network case9, 2035, Autumn...
[INFO] 			 - Running SMOPF, Network case9, 2035, Winter...
[TSO PROX] cycle=1 | updated_blocks=12 | held_failed_blocks=0 | V max=0.015917 | PF max=0.275999 | ESS max=0.000467
[TSO PROX][V MAX] node=5, year=2035, day=Winter, period=4 | dV=5.491305 kV | normalized=0.015917
[TSO PROX][PF MAX] node=5, year=2025, day=Spring, period=9, type=P | delta=55.199744 MW | normalized=0.275999
[TSO PROX][ESS MAX] node=7, year=2035, day=Summer, period=15, type=P | delta=0.002335 MW | normalized=0.000467
[INFO] 		 - Updating SharedESS...
[INFO] 		 - Running Shared ESS optimization (subproblem)...
[INFO] 			 - Node 5...
[INFO] Shared ESS complementarity diagnostics for ESS node=5: ratio_max=9.373753e-06 n_periods=288 mu_final=8.819252e-11 s_obj=1.000000e-01 eps=1.000000e-05 bound=2.539945e-02 measured=3.467638e-03
[INFO] 			 - Node 7...
[INFO] Shared ESS complementarity diagnostics for ESS node=7: ratio_max=9.373753e-06 n_periods=288 mu_final=8.819215e-11 s_obj=1.000000e-01 eps=1.000000e-05 bound=2.539934e-02 measured=3.467637e-03
[INFO] 			 - Node 9...
[INFO] Shared ESS complementarity diagnostics for ESS node=9: ratio_max=9.373753e-06 n_periods=288 mu_final=8.819188e-11 s_obj=1.000000e-01 eps=1.000000e-05 bound=2.539926e-02 measured=3.467638e-03
[DIAG][V MAX] node=5, year=2035, day=Winter, period=4 | TSO=349.590027 kV, DSO=343.197461 kV, diff=6.392565 kV, base=345.000000 kV, normalized=0.018529, rho(TSO/DSO)=0.007700/0.007700
[DIAG][PF MAX] node=7, year=2035, day=Spring, period=14, type=P | TSO=51.793971 MW, DSO=84.359938 MW, diff=32.565966 MW, rating=100.000000 MVA, normalized=0.325660, rho(TSO/DSO)=0.198000/0.198000
[INFO]		 - interface Vmag max primal residual failed. 0.018529 > 0.010000
[INFO]		 - interface Vmag mean primal residual failed. 0.007256 > 0.001000
[INFO]		 - interface PF max primal residual failed. 0.325660 > 0.010000
[INFO]		 - interface PF mean primal residual failed. 0.061844 > 0.001000
[INFO]		 - interface PF mean dual residual failed. 0.023562 > 0.010000
[INFO]		 - Recourse stationarity requires one previous successful cycle.
[ADMM RHO] V | primal max ratio=1.853 | primal mean ratio=7.256 | primal selected=7.256 | dual mean ratio=0.004 | increase threshold=5.0 | decrease threshold=5.0 | action=increased
[ADMM RHO BOYD] V | r=2.472674e-01 | s=1.997300e-03 | eps_pri=3.241848e-03 | eps_dual=2.940800e-04 | primal_ratio=7.627360e+01 | dual_ratio=6.791689e+00 | dual_ratio_balance=4.802450e+00 | rho_before=7.700000e-03 | rho_after=1.155000e-02 | gamma_before=7.700000e-03 | gamma_after=1.155000e-02 | action=increased
[ADMM RHO] PF | primal max ratio=32.566 | primal mean ratio=61.844 | primal selected=61.844 | dual mean ratio=2.356 | increase threshold=5.0 | decrease threshold=3.0 | action=held
[ADMM RHO BOYD] PF | r=3.488823e+00 | s=1.444630e+00 | eps_pri=1.386918e-03 | eps_dual=5.195609e-04 | primal_ratio=2.515522e+03 | dual_ratio=2.780482e+03 | dual_ratio_balance=1.966098e+03 | rho_before=1.980000e-01 | rho_after=1.980000e-01 | gamma_before=1.980000e-01 | gamma_after=1.980000e-01 | action=held
[ADMM RHO] ESS | primal max ratio=0.003 | primal mean ratio=0.002 | primal selected=0.003 | dual mean ratio=0.000 | increase threshold=5.0 | decrease threshold=5.0 | action=increased
[ADMM RHO BOYD] ESS | r=1.755214e-03 | s=2.545760e-04 | eps_pri=1.300261e-03 | eps_dual=7.200197e-04 | primal_ratio=1.349894e+00 | dual_ratio=3.535681e-01 | dual_ratio_balance=2.050378e-01 | rho_before=1.125000e-01 | rho_after=1.687500e-01 | gamma_before=1.125000e-01 | gamma_after=1.687500e-01 | action=increased
[INFO]		 - ADMM cycle 1 | Primal (V max/mean | PF max/mean | ESS max/mean) = 0.018529/0.007256 | 0.325660/0.061844 | 0.000307/0.000017 | Dual (V max/mean | PF max/mean | ESS max/mean) = 0.000126/0.000039 | 0.128943/0.023562 | 0.000018/0.000002 | Recourse change = N/A (tol. N/A) | Stable cycles = 0/3 | Penalty actions (V/PF/ESS) = increased/held/increased
[INFO] 	 - Iteration 1: 33.46 s
[INFO] 	 - ADMM Iteration 2
[INFO] 		 - Updating distribution networks:
[INFO] 			 - Running SMOPF, Network case33_1, 2025, Spring...
[INFO] 			 - Running SMOPF, Network case33_1, 2025, Summer...
[INFO] 			 - Running SMOPF, Network case33_1, 2025, Autumn...
[INFO] 			 - Running SMOPF, Network case33_1, 2025, Winter...
[INFO] 			 - Running SMOPF, Network case33_1, 2030, Spring...
[INFO] 			 - Running SMOPF, Network case33_1, 2030, Summer...
[INFO] 			 - Running SMOPF, Network case33_1, 2030, Autumn...
[INFO] 			 - Running SMOPF, Network case33_1, 2030, Winter...
[WARNING] Network primary solve did not converge for case33_1, year=2030, day=Winter: status=warning, termination=maxIterations, message=Ipopt 3.14.18\x3a Maximum Number of Iterations Exceeded. | warm_start=True
[WARNING] ADMM penalties for case33_1, year=2030, day=Winter: rho_v=0.01155, rho_pf=0.198, rho_ess=0.16875
[WARNING] IPOPT primary solve log for case33_1, year=2030, day=Winter: /Users/micaelsimoes/Projects/share-resource-planning-no_esso-degradation/data/SRP1/Results/P56A/evals/p515s36_timing_off/logs/optim_log_case33_1_2030_Winter.log
[INFO] Retrying network solve once for case33_1, year=2030, day=Winter, cold start, with warm_start_init_point=no.
[INFO] Network recovery solve succeeded for case33_1, year=2030, day=Winter.
[INFO] 			 - Running SMOPF, Network case33_1, 2035, Spring...
[INFO] 			 - Running SMOPF, Network case33_1, 2035, Summer...
[INFO] 			 - Running SMOPF, Network case33_1, 2035, Autumn...
[INFO] 			 - Running SMOPF, Network case33_1, 2035, Winter...
[INFO] 			 - Running SMOPF, Network case33_2, 2025, Spring...
[INFO] 			 - Running SMOPF, Network case33_2, 2025, Summer...
[INFO] 			 - Running SMOPF, Network case33_2, 2025, Autumn...
[INFO] 			 - Running SMOPF, Network case33_2, 2025, Winter...
[INFO] 			 - Running SMOPF, Network case33_2, 2030, Spring...
[INFO] 			 - Running SMOPF, Network case33_2, 2030, Summer...
[INFO] 			 - Running SMOPF, Network case33_2, 2030, Autumn...
[INFO] 			 - Running SMOPF, Network case33_2, 2030, Winter...
[INFO] 			 - Running SMOPF, Network case33_2, 2035, Spring...
[INFO] 			 - Running SMOPF, Network case33_2, 2035, Summer...
[INFO] 			 - Running SMOPF, Network case33_2, 2035, Autumn...
[INFO] 			 - Running SMOPF, Network case33_2, 2035, Winter...
[INFO] 			 - Running SMOPF, Network case33_3, 2025, Spring...
[INFO] 			 - Running SMOPF, Network case33_3, 2025, Summer...
[INFO] 			 - Running SMOPF, Network case33_3, 2025, Autumn...
[INFO] 			 - Running SMOPF, Network case33_3, 2025, Winter...
[INFO] 			 - Running SMOPF, Network case33_3, 2030, Spring...
[INFO] 			 - Running SMOPF, Network case33_3, 2030, Summer...
[INFO] 			 - Running SMOPF, Network case33_3, 2030, Autumn...
[INFO] 			 - Running SMOPF, Network case33_3, 2030, Winter...
[INFO] 			 - Running SMOPF, Network case33_3, 2035, Spring...
[INFO] 			 - Running SMOPF, Network case33_3, 2035, Summer...
[INFO] 			 - Running SMOPF, Network case33_3, 2035, Autumn...
[INFO] 			 - Running SMOPF, Network case33_3, 2035, Winter...
[INFO] 		 - Updating transmission network...
[INFO] 			 - Running SMOPF, Network case9, 2025, Spring...
[INFO] 			 - Running SMOPF, Network case9, 2025, Summer...
[INFO] 			 - Running SMOPF, Network case9, 2025, Autumn...
[INFO] 			 - Running SMOPF, Network case9, 2025, Winter...
[INFO] 			 - Running SMOPF, Network case9, 2030, Spring...
[INFO] 			 - Running SMOPF, Network case9, 2030, Summer...
[INFO] 			 - Running SMOPF, Network case9, 2030, Autumn...
[INFO] 			 - Running SMOPF, Network case9, 2030, Winter...
[INFO] 			 - Running SMOPF, Network case9, 2035, Spring...
[INFO] 			 - Running SMOPF, Network case9, 2035, Summer...
[INFO] 			 - Running SMOPF, Network case9, 2035, Autumn...
[INFO] 			 - Running SMOPF, Network case9, 2035, Winter...
[TSO PROX] cycle=2 | updated_blocks=12 | held_failed_blocks=0 | V max=0.015487 | PF max=0.193088 | ESS max=0.000302
[TSO PROX][V MAX] node=5, year=2025, day=Winter, period=22 | dV=5.342927 kV | normalized=0.015487
[TSO PROX][PF MAX] node=5, year=2025, day=Spring, period=12, type=P | delta=38.617683 MW | normalized=0.193088
[TSO PROX][ESS MAX] node=9, year=2035, day=Summer, period=15, type=P | delta=0.001511 MW | normalized=0.000302
[INFO] 		 - Updating SharedESS...
[INFO] 		 - Running Shared ESS optimization (subproblem)...
[INFO] 			 - Node 5...
[INFO] Shared ESS complementarity diagnostics for ESS node=5: ratio_max=6.310054e-06 n_periods=288 mu_final=1.202587e-11 s_obj=1.000000e-01 eps=1.000000e-05 bound=3.463452e-03 measured=2.898633e-03
[INFO] 			 - Node 7...
[INFO] Shared ESS complementarity diagnostics for ESS node=7: ratio_max=8.589296e-06 n_periods=288 mu_final=1.171487e-11 s_obj=1.000000e-01 eps=1.000000e-05 bound=3.373882e-03 measured=2.903392e-03
[INFO] 			 - Node 9...
[INFO] Shared ESS complementarity diagnostics for ESS node=9: ratio_max=7.846408e-06 n_periods=288 mu_final=1.228899e-11 s_obj=1.000000e-01 eps=1.000000e-05 bound=3.539228e-03 measured=2.896640e-03
[DIAG][PF MAX] node=5, year=2035, day=Summer, period=22, type=P | TSO=67.836542 MW, DSO=32.140521 MW, diff=35.696021 MW, rating=200.000000 MVA, normalized=0.178480, rho(TSO/DSO)=0.198000/0.198000
[INFO]		 - interface Vmag mean primal residual failed. 0.002836 > 0.001000
[INFO]		 - interface PF max primal residual failed. 0.178480 > 0.010000
[INFO]		 - interface PF mean primal residual failed. 0.061375 > 0.001000
[INFO]		 - Dual residuals ok!
[RECOURSE JUMP] cycle=2 | abs_change=2.172784e+08 | tol=1.122165e+05 | signed_change=+2.172784e+08
[RECOURSE JUMP] Reconciliation | previous=9.048869e+08 | current=1.122165e+09 | block_delta=+2.172784e+08 | mismatch=-4.768372e-07
[RECOURSE JUMP] Aggregate signed changes:
  TSO | delta=+2.836735e+08
  DSO node=9 | delta=-2.670971e+07
  DSO node=5 | delta=-2.008663e+07
  DSO node=7 | delta=-1.959878e+07
  SALVAGE | delta=+7.560839e-36
[RECOURSE JUMP] Largest 10 block changes:
  TSO node=None year=2025 day=Winter | previous=8.412965e+07 | current=1.259611e+08 | delta=+4.183148e+07 | abs_delta=4.183148e+07
    [RECOURSE JUMP][TSO PROX] year=2025 day=Winter | V max=0.015487 | PF max=0.113865 | ESS max=0.000043
    [RECOURSE COMPONENTS] gen=+4.183148e+07 | flex=+0.000000e+00 | load_curt=+0.000000e+00 | res_curt=+0.000000e+00 | ess_usage=+0.000000e+00 | slacks=-1.855440e-10 | ess_comp=+5.820850e-06
    [SLACK COMPONENTS] voltage=-1.855440e-10 | node_P=+0.000000e+00 | node_Q=+0.000000e+00 | branch_ij=+0.000000e+00 | branch_ji=+0.000000e+00 | flex_P=+0.000000e+00 | flex_Q=+0.000000e+00
    [SLACK COMPONENT CHECK] classified_delta=-1.855440e-10 | objective_slack_delta=-1.855440e-10 | mismatch=+0.000000e+00
    [RECOURSE COMPONENT CHECK] classified_delta=+4.183148e+07 | block_delta=+4.183148e+07 | mismatch=+7.450581e-09
  TSO node=None year=2025 day=Autumn | previous=7.668079e+07 | current=1.151080e+08 | delta=+3.842718e+07 | abs_delta=3.842718e+07
    [RECOURSE JUMP][TSO PROX] year=2025 day=Autumn | V max=0.014898 | PF max=0.117667 | ESS max=0.000046
    [RECOURSE COMPONENTS] gen=+3.842718e+07 | flex=+0.000000e+00 | load_curt=+0.000000e+00 | res_curt=+0.000000e+00 | ess_usage=+0.000000e+00 | slacks=-1.200533e-10 | ess_comp=+4.420492e-06
    [SLACK COMPONENTS] voltage=-1.200533e-10 | node_P=+0.000000e+00 | node_Q=+0.000000e+00 | branch_ij=+0.000000e+00 | branch_ji=+0.000000e+00 | flex_P=+0.000000e+00 | flex_Q=+0.000000e+00
    [SLACK COMPONENT CHECK] classified_delta=-1.200533e-10 | objective_slack_delta=-1.200533e-10 | mismatch=+0.000000e+00
    [RECOURSE COMPONENT CHECK] classified_delta=+3.842718e+07 | block_delta=+3.842718e+07 | mismatch=+7.450581e-09
  TSO node=None year=2025 day=Summer | previous=7.962486e+07 | current=1.153190e+08 | delta=+3.569415e+07 | abs_delta=3.569415e+07
    [RECOURSE JUMP][TSO PROX] year=2025 day=Summer | V max=0.012267 | PF max=0.141727 | ESS max=0.000046
    [RECOURSE COMPONENTS] gen=+3.569415e+07 | flex=+0.000000e+00 | load_curt=+0.000000e+00 | res_curt=+0.000000e+00 | ess_usage=+0.000000e+00 | slacks=-8.368062e-11 | ess_comp=+8.584864e-07
    [SLACK COMPONENTS] voltage=-8.368062e-11 | node_P=+0.000000e+00 | node_Q=+0.000000e+00 | branch_ij=+0.000000e+00 | branch_ji=+0.000000e+00 | flex_P=+0.000000e+00 | flex_Q=+0.000000e+00
    [SLACK COMPONENT CHECK] classified_delta=-8.368062e-11 | objective_slack_delta=-8.368062e-11 | mismatch=+0.000000e+00
    [RECOURSE COMPONENT CHECK] classified_delta=+3.569415e+07 | block_delta=+3.569415e+07 | mismatch=+7.450581e-09
  TSO node=None year=2025 day=Spring | previous=7.586566e+07 | current=1.057581e+08 | delta=+2.989239e+07 | abs_delta=2.989239e+07
    [RECOURSE JUMP][TSO PROX] year=2025 day=Spring | V max=0.012207 | PF max=0.193088 | ESS max=0.000060
    [RECOURSE COMPONENTS] gen=+2.989239e+07 | flex=+0.000000e+00 | load_curt=+0.000000e+00 | res_curt=+0.000000e+00 | ess_usage=+0.000000e+00 | slacks=+7.254641e-12 | ess_comp=+8.733725e-07
    [SLACK COMPONENTS] voltage=+7.254641e-12 | node_P=+0.000000e+00 | node_Q=+0.000000e+00 | branch_ij=+0.000000e+00 | branch_ji=+0.000000e+00 | flex_P=+0.000000e+00 | flex_Q=+0.000000e+00
    [SLACK COMPONENT CHECK] classified_delta=+7.254641e-12 | objective_slack_delta=+7.254641e-12 | mismatch=+0.000000e+00
    [RECOURSE COMPONENT CHECK] classified_delta=+2.989239e+07 | block_delta=+2.989239e+07 | mismatch=-7.450581e-09
  TSO node=None year=2030 day=Summer | previous=5.771087e+07 | current=8.047376e+07 | delta=+2.276289e+07 | abs_delta=2.276289e+07
    [RECOURSE JUMP][TSO PROX] year=2030 day=Summer | V max=0.009403 | PF max=0.100003 | ESS max=0.000053
    [RECOURSE COMPONENTS] gen=+2.276289e+07 | flex=+0.000000e+00 | load_curt=+0.000000e+00 | res_curt=+0.000000e+00 | ess_usage=+0.000000e+00 | slacks=+7.982521e-10 | ess_comp=-4.264353e-06
    [SLACK COMPONENTS] voltage=+7.982521e-10 | node_P=+0.000000e+00 | node_Q=+0.000000e+00 | branch_ij=+0.000000e+00 | branch_ji=+0.000000e+00 | flex_P=+0.000000e+00 | flex_Q=+0.000000e+00
    [SLACK COMPONENT CHECK] classified_delta=+7.982521e-10 | objective_slack_delta=+7.982521e-10 | mismatch=+0.000000e+00
    [RECOURSE COMPONENT CHECK] classified_delta=+2.276289e+07 | block_delta=+2.276289e+07 | mismatch=-1.117587e-08
  TSO node=None year=2030 day=Winter | previous=4.105169e+07 | current=6.042666e+07 | delta=+1.937497e+07 | abs_delta=1.937497e+07
    [RECOURSE JUMP][TSO PROX] year=2030 day=Winter | V max=0.012930 | PF max=0.092128 | ESS max=0.000043
    [RECOURSE COMPONENTS] gen=+1.937497e+07 | flex=+0.000000e+00 | load_curt=+0.000000e+00 | res_curt=+0.000000e+00 | ess_usage=+0.000000e+00 | slacks=+6.759393e-11 | ess_comp=+4.053865e-06
    [SLACK COMPONENTS] voltage=+6.759393e-11 | node_P=+0.000000e+00 | node_Q=+0.000000e+00 | branch_ij=+0.000000e+00 | branch_ji=+0.000000e+00 | flex_P=+0.000000e+00 | flex_Q=+0.000000e+00
    [SLACK COMPONENT CHECK] classified_delta=+6.759393e-11 | objective_slack_delta=+6.759393e-11 | mismatch=+0.000000e+00
    [RECOURSE COMPONENT CHECK] classified_delta=+1.937497e+07 | block_delta=+1.937497e+07 | mismatch=-1.490116e-08
  TSO node=None year=2030 day=Spring | previous=5.573490e+07 | current=7.414023e+07 | delta=+1.840533e+07 | abs_delta=1.840533e+07
    [RECOURSE JUMP][TSO PROX] year=2030 day=Spring | V max=0.010136 | PF max=0.176865 | ESS max=0.000060
    [RECOURSE COMPONENTS] gen=+1.840533e+07 | flex=+0.000000e+00 | load_curt=+0.000000e+00 | res_curt=+0.000000e+00 | ess_usage=+0.000000e+00 | slacks=+1.596945e-10 | ess_comp=-3.070853e-06
    [SLACK COMPONENTS] voltage=+1.596945e-10 | node_P=+0.000000e+00 | node_Q=+0.000000e+00 | branch_ij=+0.000000e+00 | branch_ji=+0.000000e+00 | flex_P=+0.000000e+00 | flex_Q=+0.000000e+00
    [SLACK COMPONENT CHECK] classified_delta=+1.596945e-10 | objective_slack_delta=+1.596945e-10 | mismatch=+0.000000e+00
    [RECOURSE COMPONENT CHECK] classified_delta=+1.840533e+07 | block_delta=+1.840533e+07 | mismatch=-7.450581e-09
  TSO node=None year=2035 day=Winter | previous=3.722252e+07 | current=5.504093e+07 | delta=+1.781841e+07 | abs_delta=1.781841e+07
    [RECOURSE JUMP][TSO PROX] year=2035 day=Winter | V max=0.013350 | PF max=0.093376 | ESS max=0.000042
    [RECOURSE COMPONENTS] gen=+1.781841e+07 | flex=+0.000000e+00 | load_curt=+0.000000e+00 | res_curt=+0.000000e+00 | ess_usage=+0.000000e+00 | slacks=-1.997748e-09 | ess_comp=+6.472097e-06
    [SLACK COMPONENTS] voltage=-1.997748e-09 | node_P=+0.000000e+00 | node_Q=+0.000000e+00 | branch_ij=+0.000000e+00 | branch_ji=+0.000000e+00 | flex_P=+0.000000e+00 | flex_Q=+0.000000e+00
    [SLACK COMPONENT CHECK] classified_delta=-1.997748e-09 | objective_slack_delta=-1.997748e-09 | mismatch=+0.000000e+00
    [RECOURSE COMPONENT CHECK] classified_delta=+1.781841e+07 | block_delta=+1.781841e+07 | mismatch=-7.450581e-09
  TSO node=None year=2035 day=Summer | previous=5.511359e+07 | current=7.160025e+07 | delta=+1.648666e+07 | abs_delta=1.648666e+07
    [RECOURSE JUMP][TSO PROX] year=2035 day=Summer | V max=0.014407 | PF max=0.098422 | ESS max=0.000302
    [RECOURSE COMPONENTS] gen=+1.648666e+07 | flex=+0.000000e+00 | load_curt=+0.000000e+00 | res_curt=-0.000000e+00 | ess_usage=+0.000000e+00 | slacks=+7.344880e-11 | ess_comp=+1.223366e-06
    [SLACK COMPONENTS] voltage=+7.344880e-11 | node_P=+0.000000e+00 | node_Q=+0.000000e+00 | branch_ij=+0.000000e+00 | branch_ji=+0.000000e+00 | flex_P=+0.000000e+00 | flex_Q=+0.000000e+00
    [SLACK COMPONENT CHECK] classified_delta=+7.344880e-11 | objective_slack_delta=+7.344880e-11 | mismatch=+0.000000e+00
    [RECOURSE COMPONENT CHECK] classified_delta=+1.648666e+07 | block_delta=+1.648666e+07 | mismatch=-5.587935e-09
  TSO node=None year=2035 day=Spring | previous=6.168699e+07 | current=7.749537e+07 | delta=+1.580838e+07 | abs_delta=1.580838e+07
    [RECOURSE JUMP][TSO PROX] year=2035 day=Spring | V max=0.011832 | PF max=0.156987 | ESS max=0.000076
    [RECOURSE COMPONENTS] gen=+1.580838e+07 | flex=+0.000000e+00 | load_curt=+0.000000e+00 | res_curt=+0.000000e+00 | ess_usage=+0.000000e+00 | slacks=+1.927773e-10 | ess_comp=-3.193558e-06
    [SLACK COMPONENTS] voltage=+1.927773e-10 | node_P=+0.000000e+00 | node_Q=+0.000000e+00 | branch_ij=+0.000000e+00 | branch_ji=+0.000000e+00 | flex_P=+0.000000e+00 | flex_Q=+0.000000e+00
    [SLACK COMPONENT CHECK] classified_delta=+1.927773e-10 | objective_slack_delta=+1.927773e-10 | mismatch=+0.000000e+00
    [RECOURSE COMPONENT CHECK] classified_delta=+1.580838e+07 | block_delta=+1.580838e+07 | mismatch=-1.303852e-08
[INFO]		 - Recourse stationarity failed. 217278393.034991 > 112216.529075
[ADMM RHO] V | primal max ratio=0.844 | primal mean ratio=2.836 | primal selected=2.836 | dual mean ratio=0.010 | increase threshold=5.0 | decrease threshold=5.0 | action=held
[ADMM RHO BOYD] V | r=9.865669e-02 | s=3.205643e-03 | eps_pri=3.259194e-03 | eps_dual=2.941654e-04 | primal_ratio=3.027027e+01 | dual_ratio=1.089742e+01 | dual_ratio_balance=7.705637e+00 | rho_before=1.155000e-02 | rho_after=1.155000e-02 | gamma_before=1.155000e-02 | gamma_after=1.155000e-02 | action=held
[ADMM RHO] PF | primal max ratio=17.848 | primal mean ratio=61.375 | primal selected=61.375 | dual mean ratio=0.987 | increase threshold=5.0 | decrease threshold=3.0 | action=held
[ADMM RHO BOYD] PF | r=2.815491e+00 | s=7.135914e-01 | eps_pri=1.421824e-03 | eps_dual=4.682996e-04 | primal_ratio=1.980196e+03 | dual_ratio=1.523792e+03 | dual_ratio_balance=1.077484e+03 | rho_before=1.980000e-01 | rho_after=1.980000e-01 | gamma_before=1.980000e-01 | gamma_after=1.980000e-01 | action=held
[ADMM RHO] ESS | primal max ratio=0.001 | primal mean ratio=0.001 | primal selected=0.001 | dual mean ratio=0.000 | increase threshold=5.0 | decrease threshold=5.0 | action=held
[ADMM RHO BOYD] ESS | r=1.201659e-03 | s=2.783156e-04 | eps_pri=1.300235e-03 | eps_dual=7.200364e-04 | primal_ratio=9.241859e-01 | dual_ratio=3.865298e-01 | dual_ratio_balance=3.152677e-01 | rho_before=1.687500e-01 | rho_after=1.687500e-01 | gamma_before=1.687500e-01 | gamma_after=1.687500e-01 | action=held
[INFO]		 - ADMM cycle 2 | Primal (V max/mean | PF max/mean | ESS max/mean) = 0.008436/0.002836 | 0.178480/0.061375 | 0.000102/0.000012 | Dual (V max/mean | PF max/mean | ESS max/mean) = 0.000337/0.000095 | 0.063679/0.009873 | 0.000015/0.000002 | Recourse change = 217278393.034991 (tol. 112216.529075) | Stable cycles = 0/3 | Penalty actions (V/PF/ESS) = held/held/held
[INFO] 	 - Iteration 2: 39.46 s
[WARNING] 	 - ADMM did NOT converge in 2 iterations!
[INFO] 	 - Execution time: 101.28 s
[S31 Part 3] component_levels_terminal.json written: /Users/micaelsimoes/Projects/share-resource-planning-no_esso-degradation/data/SRP1/Results/P515S36/step36_timing/off/component_levels_terminal.json
[S31C Part 3] interface_settlement_detail_s31c.json written: /Users/micaelsimoes/Projects/share-resource-planning-no_esso-degradation/data/SRP1/Results/P515S36/step36_timing/off/interface_settlement_detail_s31c.json
[S33E2] interface_voltage_terminal.json written: /Users/micaelsimoes/Projects/share-resource-planning-no_esso-degradation/data/SRP1/Results/P515S36/step36_timing/off/interface_voltage_terminal.json
[S35REF] boyd_terminal.json written: /Users/micaelsimoes/Projects/share-resource-planning-no_esso-degradation/data/SRP1/Results/P515S36/step36_timing/off/boyd_terminal.json
[P5.15-G off] recourse=1122165290.754859 cycles=2 solves=154 local_failures=0 wall=101s
   EFC/day max across nodes: 1.1917893075793056 (threshold 1.4612)
   detector grouping clean: True (observed 9 / expected 9)
   network failures: {'n_blocks': 1, 'classes': {'recovered_tier1': 1, 'recovered_tier2': 0, 'unrecovered': 0, 'not_attempted': 0, 'indeterminate': 0, 'recovered': 1}, 'n_frozen_snapshots': 0, 'n_esso_recovery_events': 0, 'path': 'data/SRP1/Results/P515S36/step36_timing/off/network_failures_off.jsonl'}
[P5.15-S36-TIMING] run ON (recorder installed, report_timing cross-check) -- 2 cycles, cold.
[P5.15-S36-TIMING on] capture-path pre-flight passed: {'tso_total_gen_cost': True, 'tso_total_flex_cost': True, 'tso_total_load_curt_cost': True, 'tso_total_gen_curt_penalty': True, 'tso_total_ess_utilization_cost_penalty': True, 'tso_slack_flex_q_balance_up_present': True, 'mch_adn_interface_flexibility_cost': True, 'mch_gen_curtailment_definitional_value': True, 'mch_ess_complementarity_bilinear_value': True, 'mch_load_is_tso_adn_interface': True, 'srp_get_local_detector_components': True, 'srp_get_operational_recourse_components': True, 'srp_get_admm_block_weight': True, 'esso_get_feasibility_violation': True, 'tso_detector_components_evaluate': True, 'tso_adn_interface_flex_cost_evaluate': True, 'tso_interface_delta_p_present': True, 'tso_interface_delta_q_present': True, 'tso_interface_settlement_present': True, 'tso_interface_settlement_weight_present': True, 'tso_expected_interface_pf_p_will_exist_after_admm_setup': True, 'dso_interface_settlement_present': True, 'dso_interface_settlement_weight_present': True, 'srp_get_interface_reporting_detail': True, 'srp_get_operational_interface_settlement_blocks': True, 'srp_get_local_interface_settlement': True, 's35ref_spec_file_hash_matches': True, 's35ref_spec_file_hash_observed': '995548ababa1b428e9bc4354a078ffd8322cc54d00f04b9ef7a694e43311c7ba', 's35ref_predecessor_spec_sha256_matches_s34': True, 'boyd_eps_source_is_case_file': True, 'boyd_eps_abs_is_1e-5': True, 'boyd_eps_rel_is_1e-4': True, 'objective_scale_is_93635360': True, 'objective_scale_source_is_case_file': True, 'objective_scale_assert_factor_at_least_1': True, 'srp_resolve_common_admm_objective_scale_callable': True, 'al_scale_esso_present': True, 'al_scale_esso_mode_is_sigma_over_median_block_weight': True, 'srp_resolve_esso_al_scale_callable': True, 'srp_update_shared_energy_storage_model_to_admm_accepts_al_scale_esso': True, 'shared_ess_reference_rating_mva_is_2p5': True, 'srp_admm_shared_ess_reference_mva_callable': True, 'initial_rho_v_pf_ess_matches_spec_v5': True, 'initial_rho_snapshot': {'v': {'case9': 0.0077, 'case33_1': 0.0077, 'case33_2': 0.0077, 'case33_3': 0.0077}, 'pf': {'case9': 0.198, 'case33_1': 0.198, 'case33_2': 0.198, 'case33_3': 0.198}, 'ess': {'case9': 0.1125, 'case33_1': 0.1125, 'case33_2': 0.1125, 'case33_3': 0.1125, 'esso': 0.1125}}, 'freeze_after_unchanged_cycles_is_10': True, 'freeze_backstop_cycle_is_60': True, 'minimum_consecutive_converged_cycles_is_3': True, 'srp_update_admm_penalties_accepts_freeze_state': True, 'srp_init_admm_freeze_state_callable': True, 'srp_get_admm_boyd_residual_metrics': True, 'boyd_field_r_in_source': True, 'boyd_field_s_in_source': True, 'boyd_field_s_rho_part_in_source': True, 'boyd_field_s_proximal_part_in_source': True, 'boyd_field_eps_pri_in_source': True, 'boyd_field_eps_dual_in_source': True, 'boyd_field_norm_x_in_source': True, 'boyd_field_norm_z_in_source': True, 'boyd_field_norm_y_in_source': True, 'boyd_field_primal_ratio_in_source': True, 'boyd_field_dual_ratio_in_source': True, 'boyd_field_dual_ratio_balance_in_source': True, 'admm_diagnostics_key_boyd_v_r_present': True, 'admm_diagnostics_key_boyd_v_s_present': True, 'admm_diagnostics_key_boyd_v_s_rho_part_present': True, 'admm_diagnostics_key_boyd_v_s_proximal_part_present': True, 'admm_diagnostics_key_boyd_v_proximal_share_present': True, 'admm_diagnostics_key_boyd_v_eps_pri_present': True, 'admm_diagnostics_key_boyd_v_eps_dual_present': True, 'admm_diagnostics_key_boyd_v_norm_x_present': True, 'admm_diagnostics_key_boyd_v_norm_z_present': True, 'admm_diagnostics_key_boyd_v_norm_y_present': True, 'admm_diagnostics_key_boyd_v_primal_ratio_present': True, 'admm_diagnostics_key_boyd_v_dual_ratio_present': True, 'admm_diagnostics_key_boyd_v_dual_ratio_balance_present': True, 'admm_diagnostics_key_boyd_v_primal_pass_present': True, 'admm_diagnostics_key_boyd_v_dual_pass_present': True, 'admm_diagnostics_key_boyd_v_channel_pass_present': True, 'admm_diagnostics_key_boyd_pf_r_present': True, 'admm_diagnostics_key_boyd_pf_s_present': True, 'admm_diagnostics_key_boyd_pf_s_rho_part_present': True, 'admm_diagnostics_key_boyd_pf_s_proximal_part_present': True, 'admm_diagnostics_key_boyd_pf_eps_pri_present': True, 'admm_diagnostics_key_boyd_pf_eps_dual_present': True, 'admm_diagnostics_key_boyd_pf_norm_x_present': True, 'admm_diagnostics_key_boyd_pf_norm_z_present': True, 'admm_diagnostics_key_boyd_pf_norm_y_present': True, 'admm_diagnostics_key_boyd_pf_primal_ratio_present': True, 'admm_diagnostics_key_boyd_pf_dual_ratio_present': True, 'admm_diagnostics_key_boyd_pf_dual_ratio_balance_present': True, 'admm_diagnostics_key_boyd_pf_channel_pass_present': True, 'admm_diagnostics_key_boyd_ess_r_present': True, 'admm_diagnostics_key_boyd_ess_s_present': True, 'admm_diagnostics_key_boyd_ess_s_rho_part_present': True, 'admm_diagnostics_key_boyd_ess_s_proximal_part_present': True, 'admm_diagnostics_key_boyd_ess_eps_pri_present': True, 'admm_diagnostics_key_boyd_ess_eps_dual_present': True, 'admm_diagnostics_key_boyd_ess_norm_x_present': True, 'admm_diagnostics_key_boyd_ess_norm_z_present': True, 'admm_diagnostics_key_boyd_ess_norm_y_present': True, 'admm_diagnostics_key_boyd_ess_norm_y_tso_present': True, 'admm_diagnostics_key_boyd_ess_norm_y_dso_present': True, 'admm_diagnostics_key_boyd_ess_norm_y_esso_present': True, 'admm_diagnostics_key_boyd_ess_primal_ratio_present': True, 'admm_diagnostics_key_boyd_ess_dual_ratio_present': True, 'admm_diagnostics_key_boyd_ess_dual_ratio_balance_present': True, 'admm_diagnostics_key_boyd_ess_channel_pass_present': True, 'admm_diagnostics_key_boyd_all_pass_present': True, 'admm_diagnostics_key_boyd_stop_present': True, 'admm_diagnostics_key_boyd_eps_abs_present': True, 'admm_diagnostics_key_boyd_eps_rel_present': True, 'admm_diagnostics_key_boyd_eps_source_present': True, 'admm_diagnostics_key_rho_v_before_present': True, 'admm_diagnostics_key_rho_v_after_present': True, 'admm_diagnostics_key_rho_v_action_present': True, 'admm_diagnostics_key_rho_pf_before_present': True, 'admm_diagnostics_key_rho_pf_after_present': True, 'admm_diagnostics_key_rho_pf_action_present': True, 'admm_diagnostics_key_rho_ess_before_present': True, 'admm_diagnostics_key_rho_ess_after_present': True, 'admm_diagnostics_key_rho_ess_action_present': True, 'admm_diagnostics_key_objective_change_ratio_present': True, 'admm_diagnostics_key_objective_change_abs_present': True, 'admm_diagnostics_key_objective_tolerance_present': True, 'admm_diagnostics_key_gap_proxy_G_present': True, 'admm_diagnostics_key_gap_proxy_G_reason_present': True, 'admm_diagnostics_key_gap_proxy_Q_present': True, 'admm_diagnostics_key_gap_proxy_G_over_Q_present': True, 'admm_diagnostics_key_recourse_present': True, 'admm_diagnostics_key_gross_operational_cost_present': True, 'admm_diagnostics_key_gamma_v_before_present': True, 'admm_diagnostics_key_gamma_v_after_present': True, 'admm_diagnostics_key_gamma_pf_before_present': True, 'admm_diagnostics_key_gamma_pf_after_present': True, 'admm_diagnostics_key_gamma_ess_before_present': True, 'admm_diagnostics_key_gamma_ess_after_present': True, 'admm_diagnostics_key_rho_freeze_active_present': True, 'admm_diagnostics_key_freeze_after_cycle_present': True, 'admm_diagnostics_key_gamma_policy_present': True, 'admm_diagnostics_key_gamma_tau_present': True, 'admm_diagnostics_key_sigma_fixed_present': True, 'admm_diagnostics_key_sigma_computed_present': True, 'admm_diagnostics_key_al_scale_esso_present': True, 'admm_diagnostics_key_shared_ess_reference_rating_mva_present': True, 'admm_diagnostics_key_freeze_after_unchanged_cycles_present': True, 'admm_diagnostics_key_freeze_backstop_cycle_present': True, 'admm_diagnostics_key_rho_frozen_v_present': True, 'admm_diagnostics_key_rho_frozen_pf_present': True, 'admm_diagnostics_key_rho_frozen_ess_present': True, 'admm_diagnostics_key_rho_unchanged_streak_v_present': True, 'admm_diagnostics_key_rho_unchanged_streak_pf_present': True, 'admm_diagnostics_key_rho_unchanged_streak_ess_present': True, 'admm_diagnostics_key_rho_at_clamp_v_present': True, 'admm_diagnostics_key_rho_at_clamp_pf_present': True, 'admm_diagnostics_key_rho_at_clamp_ess_present': True, 'admm_diagnostics_key_efc_per_day_max_present': True, 'srp_get_admm_efc_per_day_max_callable': True, 'prox_gamma_v_mutable_in_source': True, 'write_interface_voltage_terminal_callable': True, 'write_component_levels_terminal_callable': True, 'write_interface_settlement_detail_s31c_callable': True, 'srp_get_operational_recourse_block_components_callable': True, 'srp_get_operational_objective_component_blocks_callable': True, 's34_capture_hooks_callable': True, 's35ref_capture_hooks_callable': True, 'write_boyd_terminal_s35ref_callable': True, 's31c_g_baseline_reference_exists': True, 's32_g_baseline_reference_exists': True, 's33e2_g_baseline_reference_exists': True, 's33e2_leak_classification_baseline_exists': True, 's34_g_baseline_reference_exists': True, 'active_distribution_network_nodes_nonempty': True, 'soh_floor_rows_identified_pre_solve': True, 'soh_floor_identification_error': None, 'soh_floor_row_counts_by_node': {5: 6, 7: 6, 9: 6}, 'soh_floor_row_count_uniform_across_nodes': True}
[INFO] Running OPERATIONAL PLANNING (DISTRIBUTED)...
[INFO]	 - Initializing...
[INFO] 		 - Distribution Network node 5...
[INFO] 			 - Running SMOPF, Network case33_1, 2025, Spring...
        0.12 seconds required to write file
        0.12 seconds required for presolve
        0.46 seconds required for solver
        0.00 seconds required to read logfile 
        0.01 seconds required to read solution file
        0.01 seconds required for postsolve
[INFO] 			 - Running SMOPF, Network case33_1, 2025, Summer...
        0.13 seconds required to write file
        0.13 seconds required for presolve
        0.33 seconds required for solver
        0.00 seconds required to read logfile 
        0.01 seconds required to read solution file
        0.01 seconds required for postsolve
[INFO] 			 - Running SMOPF, Network case33_1, 2025, Autumn...
        0.13 seconds required to write file
        0.13 seconds required for presolve
        0.41 seconds required for solver
        0.00 seconds required to read logfile 
        0.01 seconds required to read solution file
        0.01 seconds required for postsolve
[INFO] 			 - Running SMOPF, Network case33_1, 2025, Winter...
        0.12 seconds required to write file
        0.12 seconds required for presolve
        0.36 seconds required for solver
        0.00 seconds required to read logfile 
        0.01 seconds required to read solution file
        0.01 seconds required for postsolve
[INFO] 			 - Running SMOPF, Network case33_1, 2030, Spring...
        0.12 seconds required to write file
        0.12 seconds required for presolve
        0.33 seconds required for solver
        0.00 seconds required to read logfile 
        0.01 seconds required to read solution file
        0.01 seconds required for postsolve
[INFO] 			 - Running SMOPF, Network case33_1, 2030, Summer...
        0.12 seconds required to write file
        0.12 seconds required for presolve
        0.39 seconds required for solver
        0.00 seconds required to read logfile 
        0.01 seconds required to read solution file
        0.01 seconds required for postsolve
[INFO] 			 - Running SMOPF, Network case33_1, 2030, Autumn...
        0.13 seconds required to write file
        0.13 seconds required for presolve
        0.33 seconds required for solver
        0.00 seconds required to read logfile 
        0.01 seconds required to read solution file
        0.01 seconds required for postsolve
[INFO] 			 - Running SMOPF, Network case33_1, 2030, Winter...
        0.12 seconds required to write file
        0.12 seconds required for presolve
        0.36 seconds required for solver
        0.00 seconds required to read logfile 
        0.01 seconds required to read solution file
        0.01 seconds required for postsolve
[INFO] 			 - Running SMOPF, Network case33_1, 2035, Spring...
        0.13 seconds required to write file
        0.13 seconds required for presolve
        0.27 seconds required for solver
        0.00 seconds required to read logfile 
        0.01 seconds required to read solution file
        0.01 seconds required for postsolve
[INFO] 			 - Running SMOPF, Network case33_1, 2035, Summer...
        0.12 seconds required to write file
        0.12 seconds required for presolve
        0.38 seconds required for solver
        0.00 seconds required to read logfile 
        0.01 seconds required to read solution file
        0.01 seconds required for postsolve
[INFO] 			 - Running SMOPF, Network case33_1, 2035, Autumn...
        0.12 seconds required to write file
        0.12 seconds required for presolve
        0.37 seconds required for solver
        0.00 seconds required to read logfile 
        0.01 seconds required to read solution file
        0.01 seconds required for postsolve
[INFO] 			 - Running SMOPF, Network case33_1, 2035, Winter...
        0.12 seconds required to write file
        0.12 seconds required for presolve
        0.30 seconds required for solver
        0.00 seconds required to read logfile 
        0.01 seconds required to read solution file
        0.01 seconds required for postsolve
[INFO] 		 - Distribution Network node 7...
[INFO] 			 - Running SMOPF, Network case33_2, 2025, Spring...
        0.12 seconds required to write file
        0.12 seconds required for presolve
        0.38 seconds required for solver
        0.00 seconds required to read logfile 
        0.01 seconds required to read solution file
        0.01 seconds required for postsolve
[INFO] 			 - Running SMOPF, Network case33_2, 2025, Summer...
        0.12 seconds required to write file
        0.12 seconds required for presolve
        0.37 seconds required for solver
        0.00 seconds required to read logfile 
        0.01 seconds required to read solution file
        0.01 seconds required for postsolve
[INFO] 			 - Running SMOPF, Network case33_2, 2025, Autumn...
        0.12 seconds required to write file
        0.12 seconds required for presolve
        0.31 seconds required for solver
        0.00 seconds required to read logfile 
        0.01 seconds required to read solution file
        0.01 seconds required for postsolve
[INFO] 			 - Running SMOPF, Network case33_2, 2025, Winter...
        0.12 seconds required to write file
        0.12 seconds required for presolve
        0.38 seconds required for solver
        0.00 seconds required to read logfile 
        0.01 seconds required to read solution file
        0.01 seconds required for postsolve
[INFO] 			 - Running SMOPF, Network case33_2, 2030, Spring...
        0.12 seconds required to write file
        0.12 seconds required for presolve
        0.31 seconds required for solver
        0.00 seconds required to read logfile 
        0.01 seconds required to read solution file
        0.01 seconds required for postsolve
[INFO] 			 - Running SMOPF, Network case33_2, 2030, Summer...
        0.12 seconds required to write file
        0.12 seconds required for presolve
        0.33 seconds required for solver
        0.00 seconds required to read logfile 
        0.01 seconds required to read solution file
        0.01 seconds required for postsolve
[INFO] 			 - Running SMOPF, Network case33_2, 2030, Autumn...
        0.12 seconds required to write file
        0.12 seconds required for presolve
        0.33 seconds required for solver
        0.00 seconds required to read logfile 
        0.01 seconds required to read solution file
        0.01 seconds required for postsolve
[INFO] 			 - Running SMOPF, Network case33_2, 2030, Winter...
        0.12 seconds required to write file
        0.12 seconds required for presolve
        0.33 seconds required for solver
        0.00 seconds required to read logfile 
        0.01 seconds required to read solution file
        0.01 seconds required for postsolve
[INFO] 			 - Running SMOPF, Network case33_2, 2035, Spring...
        0.12 seconds required to write file
        0.12 seconds required for presolve
        0.38 seconds required for solver
        0.00 seconds required to read logfile 
        0.01 seconds required to read solution file
        0.01 seconds required for postsolve
[INFO] 			 - Running SMOPF, Network case33_2, 2035, Summer...
        0.12 seconds required to write file
        0.12 seconds required for presolve
        0.29 seconds required for solver
        0.00 seconds required to read logfile 
        0.01 seconds required to read solution file
        0.01 seconds required for postsolve
[INFO] 			 - Running SMOPF, Network case33_2, 2035, Autumn...
        0.12 seconds required to write file
        0.12 seconds required for presolve
        0.29 seconds required for solver
        0.00 seconds required to read logfile 
        0.01 seconds required to read solution file
        0.01 seconds required for postsolve
[INFO] 			 - Running SMOPF, Network case33_2, 2035, Winter...
        0.12 seconds required to write file
        0.12 seconds required for presolve
        0.43 seconds required for solver
        0.00 seconds required to read logfile 
        0.01 seconds required to read solution file
        0.01 seconds required for postsolve
[INFO] 		 - Distribution Network node 9...
[INFO] 			 - Running SMOPF, Network case33_3, 2025, Spring...
        0.12 seconds required to write file
        0.12 seconds required for presolve
        0.31 seconds required for solver
        0.00 seconds required to read logfile 
        0.01 seconds required to read solution file
        0.01 seconds required for postsolve
[INFO] 			 - Running SMOPF, Network case33_3, 2025, Summer...
        0.12 seconds required to write file
        0.12 seconds required for presolve
        0.40 seconds required for solver
        0.00 seconds required to read logfile 
        0.01 seconds required to read solution file
        0.01 seconds required for postsolve
[INFO] 			 - Running SMOPF, Network case33_3, 2025, Autumn...
        0.12 seconds required to write file
        0.12 seconds required for presolve
        0.33 seconds required for solver
        0.00 seconds required to read logfile 
        0.01 seconds required to read solution file
        0.01 seconds required for postsolve
[INFO] 			 - Running SMOPF, Network case33_3, 2025, Winter...
        0.12 seconds required to write file
        0.12 seconds required for presolve
        0.43 seconds required for solver
        0.00 seconds required to read logfile 
        0.01 seconds required to read solution file
        0.01 seconds required for postsolve
[INFO] 			 - Running SMOPF, Network case33_3, 2030, Spring...
        0.12 seconds required to write file
        0.12 seconds required for presolve
        0.33 seconds required for solver
        0.00 seconds required to read logfile 
        0.01 seconds required to read solution file
        0.01 seconds required for postsolve
[INFO] 			 - Running SMOPF, Network case33_3, 2030, Summer...
        0.12 seconds required to write file
        0.12 seconds required for presolve
        0.41 seconds required for solver
        0.00 seconds required to read logfile 
        0.01 seconds required to read solution file
        0.01 seconds required for postsolve
[INFO] 			 - Running SMOPF, Network case33_3, 2030, Autumn...
        0.15 seconds required to write file
        0.15 seconds required for presolve
        0.32 seconds required for solver
        0.00 seconds required to read logfile 
        0.01 seconds required to read solution file
        0.01 seconds required for postsolve
[INFO] 			 - Running SMOPF, Network case33_3, 2030, Winter...
        0.12 seconds required to write file
        0.12 seconds required for presolve
        0.37 seconds required for solver
        0.00 seconds required to read logfile 
        0.01 seconds required to read solution file
        0.01 seconds required for postsolve
[INFO] 			 - Running SMOPF, Network case33_3, 2035, Spring...
        0.12 seconds required to write file
        0.12 seconds required for presolve
        0.34 seconds required for solver
        0.00 seconds required to read logfile 
        0.01 seconds required to read solution file
        0.01 seconds required for postsolve
[INFO] 			 - Running SMOPF, Network case33_3, 2035, Summer...
        0.12 seconds required to write file
        0.12 seconds required for presolve
        0.39 seconds required for solver
        0.00 seconds required to read logfile 
        0.01 seconds required to read solution file
        0.01 seconds required for postsolve
[INFO] 			 - Running SMOPF, Network case33_3, 2035, Autumn...
        0.12 seconds required to write file
        0.12 seconds required for presolve
        0.35 seconds required for solver
        0.00 seconds required to read logfile 
        0.01 seconds required to read solution file
        0.01 seconds required for postsolve
[INFO] 			 - Running SMOPF, Network case33_3, 2035, Winter...
        0.12 seconds required to write file
        0.12 seconds required for presolve
        0.32 seconds required for solver
        0.00 seconds required to read logfile 
        0.01 seconds required to read solution file
        0.01 seconds required for postsolve
[INFO] 		 - Transmission Network...
[INFO] 			 - Running SMOPF, Network case9, 2025, Spring...
        0.04 seconds required to write file
        0.04 seconds required for presolve
        0.10 seconds required for solver
        0.00 seconds required to read logfile 
        0.00 seconds required to read solution file
        0.00 seconds required for postsolve
[INFO] 			 - Running SMOPF, Network case9, 2025, Summer...
        0.04 seconds required to write file
        0.04 seconds required for presolve
        0.09 seconds required for solver
        0.00 seconds required to read logfile 
        0.00 seconds required to read solution file
        0.00 seconds required for postsolve
[INFO] 			 - Running SMOPF, Network case9, 2025, Autumn...
        0.04 seconds required to write file
        0.04 seconds required for presolve
        0.10 seconds required for solver
        0.00 seconds required to read logfile 
        0.00 seconds required to read solution file
        0.00 seconds required for postsolve
[INFO] 			 - Running SMOPF, Network case9, 2025, Winter...
        0.04 seconds required to write file
        0.04 seconds required for presolve
        0.09 seconds required for solver
        0.00 seconds required to read logfile 
        0.00 seconds required to read solution file
        0.00 seconds required for postsolve
[INFO] 			 - Running SMOPF, Network case9, 2030, Spring...
        0.04 seconds required to write file
        0.04 seconds required for presolve
        0.08 seconds required for solver
        0.00 seconds required to read logfile 
        0.00 seconds required to read solution file
        0.00 seconds required for postsolve
[INFO] 			 - Running SMOPF, Network case9, 2030, Summer...
        0.04 seconds required to write file
        0.04 seconds required for presolve
        0.10 seconds required for solver
        0.00 seconds required to read logfile 
        0.00 seconds required to read solution file
        0.00 seconds required for postsolve
[INFO] 			 - Running SMOPF, Network case9, 2030, Autumn...
        0.04 seconds required to write file
        0.04 seconds required for presolve
        0.09 seconds required for solver
        0.00 seconds required to read logfile 
        0.00 seconds required to read solution file
        0.00 seconds required for postsolve
[INFO] 			 - Running SMOPF, Network case9, 2030, Winter...
        0.04 seconds required to write file
        0.04 seconds required for presolve
        0.09 seconds required for solver
        0.00 seconds required to read logfile 
        0.00 seconds required to read solution file
        0.00 seconds required for postsolve
[INFO] 			 - Running SMOPF, Network case9, 2035, Spring...
        0.04 seconds required to write file
        0.04 seconds required for presolve
        0.12 seconds required for solver
        0.00 seconds required to read logfile 
        0.00 seconds required to read solution file
        0.00 seconds required for postsolve
[INFO] 			 - Running SMOPF, Network case9, 2035, Summer...
        0.04 seconds required to write file
        0.04 seconds required for presolve
        0.10 seconds required for solver
        0.00 seconds required to read logfile 
        0.00 seconds required to read solution file
        0.00 seconds required for postsolve
[INFO] 			 - Running SMOPF, Network case9, 2035, Autumn...
        0.04 seconds required to write file
        0.04 seconds required for presolve
        0.09 seconds required for solver
        0.00 seconds required to read logfile 
        0.00 seconds required to read solution file
        0.05 seconds required for postsolve
[INFO] 			 - Running SMOPF, Network case9, 2035, Winter...
        0.04 seconds required to write file
        0.12 seconds required for presolve
        0.11 seconds required for solver
        0.00 seconds required to read logfile 
        0.00 seconds required to read solution file
        0.00 seconds required for postsolve
[INFO] 		 - Running Shared ESS optimization (subproblem)...
[INFO] 			 - Node 5...
        0.02 seconds required to write file
        0.02 seconds required for presolve
        0.03 seconds required for solver
        0.00 seconds required to read logfile 
        0.00 seconds required to read solution file
        0.00 seconds required for postsolve
[INFO] Shared ESS complementarity diagnostics for ESS node=5: ratio_max=8.663330e-06 n_periods=288 mu_final=1.497458e-11 s_obj=1.000000e-01 eps=1.000000e-05 bound=4.312679e-03 measured=2.312858e-03
[INFO] 			 - Node 7...
        0.02 seconds required to write file
        0.02 seconds required for presolve
        0.03 seconds required for solver
        0.00 seconds required to read logfile 
        0.00 seconds required to read solution file
        0.00 seconds required for postsolve
[INFO] Shared ESS complementarity diagnostics for ESS node=7: ratio_max=8.664933e-06 n_periods=288 mu_final=1.499878e-11 s_obj=1.000000e-01 eps=1.000000e-05 bound=4.319650e-03 measured=2.305958e-03
[INFO] 			 - Node 9...
        0.02 seconds required to write file
        0.02 seconds required for presolve
        0.03 seconds required for solver
        0.00 seconds required to read logfile 
        0.00 seconds required to read solution file
        0.00 seconds required for postsolve
[INFO] Shared ESS complementarity diagnostics for ESS node=9: ratio_max=8.662105e-06 n_periods=288 mu_final=1.497387e-11 s_obj=1.000000e-01 eps=1.000000e-05 bound=4.312474e-03 measured=2.313052e-03
[ADMM OF SCALE] n=48 | min=2.430192e+07 | median=4.563872e+07 | max=9.363536e+07 | selected=9.363536e+07
[ADMM OF SCALE] Largest weighted objectives:
  TSO node=None year=2035 day=Winter | base=-9.363536e+07 | scenario=0.000000e+00 | total=-9.363536e+07
  TSO node=None year=2030 day=Autumn | base=-8.831557e+07 | scenario=0.000000e+00 | total=-8.831557e+07
  TSO node=None year=2030 day=Winter | base=-7.463930e+07 | scenario=0.000000e+00 | total=-7.463930e+07
  TSO node=None year=2035 day=Spring | base=-6.233022e+07 | scenario=0.000000e+00 | total=-6.233022e+07
  TSO node=None year=2035 day=Summer | base=-5.846825e+07 | scenario=0.000000e+00 | total=-5.846825e+07
  TSO node=None year=2035 day=Autumn | base=-5.808004e+07 | scenario=0.000000e+00 | total=-5.808004e+07
  TSO node=None year=2030 day=Summer | base=-5.747069e+07 | scenario=0.000000e+00 | total=-5.747069e+07
  DSO node=7 year=2035 day=Spring | base=5.722320e+07 | scenario=0.000000e+00 | total=5.722320e+07
  DSO node=9 year=2025 day=Winter | base=5.578761e+07 | scenario=0.000000e+00 | total=5.578761e+07
  DSO node=5 year=2035 day=Spring | base=5.561607e+07 | scenario=0.000000e+00 | total=5.561607e+07
[ADMM OF SCALE] Fixed sigma in force sigma_fixed=9.363536e+07 | sigma_computed=9.363536e+07 | ratio=1.000000e+00 | assert_factor=3.000
[ADMM ESSO AL SCALE] mode=sigma_over_median_block_weight | sigma=9.363536e+07 | median_block_weight=4.121075e+02 | al_scale_esso=2.272110e+05
[INFO] 	 - ADMM Iteration 1
[INFO] 		 - Updating distribution networks:
[INFO] 			 - Running SMOPF, Network case33_1, 2025, Spring...
        0.15 seconds required to write file
        0.15 seconds required for presolve
        0.41 seconds required for solver
        0.00 seconds required to read logfile 
        0.01 seconds required to read solution file
        0.01 seconds required for postsolve
[INFO] 			 - Running SMOPF, Network case33_1, 2025, Summer...
        0.15 seconds required to write file
        0.15 seconds required for presolve
        0.79 seconds required for solver
        0.00 seconds required to read logfile 
        0.01 seconds required to read solution file
        0.01 seconds required for postsolve
[INFO] 			 - Running SMOPF, Network case33_1, 2025, Autumn...
        0.14 seconds required to write file
        0.14 seconds required for presolve
        0.41 seconds required for solver
        0.00 seconds required to read logfile 
        0.01 seconds required to read solution file
        0.01 seconds required for postsolve
[INFO] 			 - Running SMOPF, Network case33_1, 2025, Winter...
        0.15 seconds required to write file
        0.15 seconds required for presolve
        0.43 seconds required for solver
        0.00 seconds required to read logfile 
        0.01 seconds required to read solution file
        0.01 seconds required for postsolve
[INFO] 			 - Running SMOPF, Network case33_1, 2030, Spring...
        0.15 seconds required to write file
        0.15 seconds required for presolve
        0.47 seconds required for solver
        0.00 seconds required to read logfile 
        0.01 seconds required to read solution file
        0.01 seconds required for postsolve
[INFO] 			 - Running SMOPF, Network case33_1, 2030, Summer...
        0.15 seconds required to write file
        0.15 seconds required for presolve
        0.53 seconds required for solver
        0.00 seconds required to read logfile 
        0.01 seconds required to read solution file
        0.01 seconds required for postsolve
[INFO] 			 - Running SMOPF, Network case33_1, 2030, Autumn...
        0.15 seconds required to write file
        0.15 seconds required for presolve
        0.46 seconds required for solver
        0.00 seconds required to read logfile 
        0.01 seconds required to read solution file
        0.01 seconds required for postsolve
[INFO] 			 - Running SMOPF, Network case33_1, 2030, Winter...
        0.15 seconds required to write file
        0.15 seconds required for presolve
        0.41 seconds required for solver
        0.00 seconds required to read logfile 
        0.01 seconds required to read solution file
        0.01 seconds required for postsolve
[INFO] 			 - Running SMOPF, Network case33_1, 2035, Spring...
        0.15 seconds required to write file
        0.15 seconds required for presolve
        0.43 seconds required for solver
        0.00 seconds required to read logfile 
        0.01 seconds required to read solution file
        0.01 seconds required for postsolve
[INFO] 			 - Running SMOPF, Network case33_1, 2035, Summer...
        0.15 seconds required to write file
        0.15 seconds required for presolve
        0.49 seconds required for solver
        0.00 seconds required to read logfile 
        0.01 seconds required to read solution file
        0.01 seconds required for postsolve
[INFO] 			 - Running SMOPF, Network case33_1, 2035, Autumn...
        0.14 seconds required to write file
        0.14 seconds required for presolve
        0.39 seconds required for solver
        0.00 seconds required to read logfile 
        0.01 seconds required to read solution file
        0.01 seconds required for postsolve
[INFO] 			 - Running SMOPF, Network case33_1, 2035, Winter...
        0.15 seconds required to write file
        0.15 seconds required for presolve
        0.40 seconds required for solver
        0.00 seconds required to read logfile 
        0.01 seconds required to read solution file
        0.01 seconds required for postsolve
[INFO] 			 - Running SMOPF, Network case33_2, 2025, Spring...
        0.14 seconds required to write file
        0.14 seconds required for presolve
        0.38 seconds required for solver
        0.00 seconds required to read logfile 
        0.02 seconds required to read solution file
        0.02 seconds required for postsolve
[INFO] 			 - Running SMOPF, Network case33_2, 2025, Summer...
        0.15 seconds required to write file
        0.15 seconds required for presolve
        0.41 seconds required for solver
        0.00 seconds required to read logfile 
        0.01 seconds required to read solution file
        0.01 seconds required for postsolve
[INFO] 			 - Running SMOPF, Network case33_2, 2025, Autumn...
        0.14 seconds required to write file
        0.14 seconds required for presolve
        0.57 seconds required for solver
        0.00 seconds required to read logfile 
        0.03 seconds required to read solution file
        0.03 seconds required for postsolve
[INFO] 			 - Running SMOPF, Network case33_2, 2025, Winter...
        0.16 seconds required to write file
        0.16 seconds required for presolve
        0.43 seconds required for solver
        0.00 seconds required to read logfile 
        0.03 seconds required to read solution file
        0.03 seconds required for postsolve
[INFO] 			 - Running SMOPF, Network case33_2, 2030, Spring...
        0.16 seconds required to write file
        0.16 seconds required for presolve
        0.51 seconds required for solver
        0.00 seconds required to read logfile 
        0.01 seconds required to read solution file
        0.01 seconds required for postsolve
[INFO] 			 - Running SMOPF, Network case33_2, 2030, Summer...
        0.15 seconds required to write file
        0.15 seconds required for presolve
        0.42 seconds required for solver
        0.00 seconds required to read logfile 
        0.02 seconds required to read solution file
        0.02 seconds required for postsolve
[INFO] 			 - Running SMOPF, Network case33_2, 2030, Autumn...
        0.14 seconds required to write file
        0.15 seconds required for presolve
        0.47 seconds required for solver
        0.00 seconds required to read logfile 
        1.28 seconds required to read solution file
        1.28 seconds required for postsolve
[INFO] 			 - Running SMOPF, Network case33_2, 2030, Winter...
        0.14 seconds required to write file
        0.14 seconds required for presolve
        0.48 seconds required for solver
        0.00 seconds required to read logfile 
        0.03 seconds required to read solution file
        0.04 seconds required for postsolve
[INFO] 			 - Running SMOPF, Network case33_2, 2035, Spring...
        0.15 seconds required to write file
        0.15 seconds required for presolve
        0.42 seconds required for solver
        0.00 seconds required to read logfile 
        0.03 seconds required to read solution file
        0.03 seconds required for postsolve
[INFO] 			 - Running SMOPF, Network case33_2, 2035, Summer...
        0.15 seconds required to write file
        0.15 seconds required for presolve
        0.49 seconds required for solver
        0.00 seconds required to read logfile 
        0.03 seconds required to read solution file
        0.03 seconds required for postsolve
[INFO] 			 - Running SMOPF, Network case33_2, 2035, Autumn...
        0.15 seconds required to write file
        0.15 seconds required for presolve
        0.45 seconds required for solver
        0.00 seconds required to read logfile 
        0.03 seconds required to read solution file
        0.03 seconds required for postsolve
[INFO] 			 - Running SMOPF, Network case33_2, 2035, Winter...
        0.14 seconds required to write file
        0.14 seconds required for presolve
        0.43 seconds required for solver
        0.00 seconds required to read logfile 
        0.02 seconds required to read solution file
        0.02 seconds required for postsolve
[INFO] 			 - Running SMOPF, Network case33_3, 2025, Spring...
        0.15 seconds required to write file
        0.15 seconds required for presolve
        0.56 seconds required for solver
        0.00 seconds required to read logfile 
        0.01 seconds required to read solution file
        0.01 seconds required for postsolve
[INFO] 			 - Running SMOPF, Network case33_3, 2025, Summer...
        0.15 seconds required to write file
        0.15 seconds required for presolve
        0.47 seconds required for solver
        0.00 seconds required to read logfile 
        0.01 seconds required to read solution file
        0.01 seconds required for postsolve
[INFO] 			 - Running SMOPF, Network case33_3, 2025, Autumn...
        0.15 seconds required to write file
        0.15 seconds required for presolve
        0.42 seconds required for solver
        0.00 seconds required to read logfile 
        0.01 seconds required to read solution file
        0.01 seconds required for postsolve
[INFO] 			 - Running SMOPF, Network case33_3, 2025, Winter...
        0.14 seconds required to write file
        0.14 seconds required for presolve
        0.49 seconds required for solver
        0.00 seconds required to read logfile 
        0.01 seconds required to read solution file
        0.01 seconds required for postsolve
[INFO] 			 - Running SMOPF, Network case33_3, 2030, Spring...
        0.14 seconds required to write file
        0.15 seconds required for presolve
        0.47 seconds required for solver
        0.00 seconds required to read logfile 
        0.01 seconds required to read solution file
        0.01 seconds required for postsolve
[INFO] 			 - Running SMOPF, Network case33_3, 2030, Summer...
        0.14 seconds required to write file
        0.14 seconds required for presolve
        0.46 seconds required for solver
        0.00 seconds required to read logfile 
        0.01 seconds required to read solution file
        0.01 seconds required for postsolve
[INFO] 			 - Running SMOPF, Network case33_3, 2030, Autumn...
        0.15 seconds required to write file
        0.15 seconds required for presolve
        0.39 seconds required for solver
        0.00 seconds required to read logfile 
        0.01 seconds required to read solution file
        0.01 seconds required for postsolve
[INFO] 			 - Running SMOPF, Network case33_3, 2030, Winter...
        0.14 seconds required to write file
        0.14 seconds required for presolve
        0.53 seconds required for solver
        0.00 seconds required to read logfile 
        0.01 seconds required to read solution file
        0.01 seconds required for postsolve
[INFO] 			 - Running SMOPF, Network case33_3, 2035, Spring...
        0.15 seconds required to write file
        0.15 seconds required for presolve
        0.45 seconds required for solver
        0.00 seconds required to read logfile 
        0.01 seconds required to read solution file
        0.01 seconds required for postsolve
[INFO] 			 - Running SMOPF, Network case33_3, 2035, Summer...
        0.14 seconds required to write file
        0.14 seconds required for presolve
        0.43 seconds required for solver
        0.00 seconds required to read logfile 
        0.01 seconds required to read solution file
        0.01 seconds required for postsolve
[INFO] 			 - Running SMOPF, Network case33_3, 2035, Autumn...
        0.14 seconds required to write file
        0.14 seconds required for presolve
        0.48 seconds required for solver
        0.00 seconds required to read logfile 
        0.01 seconds required to read solution file
        0.01 seconds required for postsolve
[INFO] 			 - Running SMOPF, Network case33_3, 2035, Winter...
        0.14 seconds required to write file
        0.14 seconds required for presolve
        0.38 seconds required for solver
        0.00 seconds required to read logfile 
        0.01 seconds required to read solution file
        0.01 seconds required for postsolve
[INFO] 		 - Updating transmission network...
[INFO] 			 - Running SMOPF, Network case9, 2025, Spring...
        0.05 seconds required to write file
        0.05 seconds required for presolve
        0.12 seconds required for solver
        0.00 seconds required to read logfile 
        0.01 seconds required to read solution file
        0.01 seconds required for postsolve
[INFO] 			 - Running SMOPF, Network case9, 2025, Summer...
        0.05 seconds required to write file
        0.05 seconds required for presolve
        0.12 seconds required for solver
        0.00 seconds required to read logfile 
        0.01 seconds required to read solution file
        0.01 seconds required for postsolve
[INFO] 			 - Running SMOPF, Network case9, 2025, Autumn...
        0.05 seconds required to write file
        0.05 seconds required for presolve
        0.11 seconds required for solver
        0.00 seconds required to read logfile 
        0.01 seconds required to read solution file
        0.01 seconds required for postsolve
[INFO] 			 - Running SMOPF, Network case9, 2025, Winter...
        0.05 seconds required to write file
        0.05 seconds required for presolve
        0.12 seconds required for solver
        0.00 seconds required to read logfile 
        0.01 seconds required to read solution file
        0.01 seconds required for postsolve
[INFO] 			 - Running SMOPF, Network case9, 2030, Spring...
        0.05 seconds required to write file
        0.05 seconds required for presolve
        0.12 seconds required for solver
        0.00 seconds required to read logfile 
        1.50 seconds required to read solution file
        1.50 seconds required for postsolve
[INFO] 			 - Running SMOPF, Network case9, 2030, Summer...
        0.05 seconds required to write file
        0.05 seconds required for presolve
        0.12 seconds required for solver
        0.00 seconds required to read logfile 
        0.01 seconds required to read solution file
        0.01 seconds required for postsolve
[INFO] 			 - Running SMOPF, Network case9, 2030, Autumn...
        0.06 seconds required to write file
        0.06 seconds required for presolve
        0.11 seconds required for solver
        0.00 seconds required to read logfile 
        0.01 seconds required to read solution file
        0.01 seconds required for postsolve
[INFO] 			 - Running SMOPF, Network case9, 2030, Winter...
        0.06 seconds required to write file
        0.06 seconds required for presolve
        0.11 seconds required for solver
        0.00 seconds required to read logfile 
        0.01 seconds required to read solution file
        0.01 seconds required for postsolve
[INFO] 			 - Running SMOPF, Network case9, 2035, Spring...
        0.06 seconds required to write file
        0.06 seconds required for presolve
        0.12 seconds required for solver
        0.00 seconds required to read logfile 
        0.01 seconds required to read solution file
        0.01 seconds required for postsolve
[INFO] 			 - Running SMOPF, Network case9, 2035, Summer...
        0.05 seconds required to write file
        0.05 seconds required for presolve
        0.12 seconds required for solver
        0.00 seconds required to read logfile 
        0.01 seconds required to read solution file
        0.01 seconds required for postsolve
[INFO] 			 - Running SMOPF, Network case9, 2035, Autumn...
        0.05 seconds required to write file
        0.05 seconds required for presolve
        0.11 seconds required for solver
        0.00 seconds required to read logfile 
        0.01 seconds required to read solution file
        0.01 seconds required for postsolve
[INFO] 			 - Running SMOPF, Network case9, 2035, Winter...
        0.06 seconds required to write file
        0.06 seconds required for presolve
        0.10 seconds required for solver
        0.00 seconds required to read logfile 
        0.01 seconds required to read solution file
        0.01 seconds required for postsolve
[TSO PROX] cycle=1 | updated_blocks=12 | held_failed_blocks=0 | V max=0.015917 | PF max=0.275999 | ESS max=0.000467
[TSO PROX][V MAX] node=5, year=2035, day=Winter, period=4 | dV=5.491305 kV | normalized=0.015917
[TSO PROX][PF MAX] node=5, year=2025, day=Spring, period=9, type=P | delta=55.199744 MW | normalized=0.275999
[TSO PROX][ESS MAX] node=7, year=2035, day=Summer, period=15, type=P | delta=0.002335 MW | normalized=0.000467
[INFO] 		 - Updating SharedESS...
[INFO] 		 - Running Shared ESS optimization (subproblem)...
[INFO] 			 - Node 5...
        0.03 seconds required to write file
        0.03 seconds required for presolve
        0.04 seconds required for solver
        0.00 seconds required to read logfile 
        0.00 seconds required to read solution file
        0.00 seconds required for postsolve
[INFO] Shared ESS complementarity diagnostics for ESS node=5: ratio_max=9.373753e-06 n_periods=288 mu_final=8.819252e-11 s_obj=1.000000e-01 eps=1.000000e-05 bound=2.539945e-02 measured=3.467638e-03
[INFO] 			 - Node 7...
        0.03 seconds required to write file
        0.03 seconds required for presolve
        0.04 seconds required for solver
        0.00 seconds required to read logfile 
        0.00 seconds required to read solution file
        0.00 seconds required for postsolve
[INFO] Shared ESS complementarity diagnostics for ESS node=7: ratio_max=9.373753e-06 n_periods=288 mu_final=8.819215e-11 s_obj=1.000000e-01 eps=1.000000e-05 bound=2.539934e-02 measured=3.467637e-03
[INFO] 			 - Node 9...
        0.03 seconds required to write file
        0.03 seconds required for presolve
        0.04 seconds required for solver
        0.00 seconds required to read logfile 
        0.00 seconds required to read solution file
        0.00 seconds required for postsolve
[INFO] Shared ESS complementarity diagnostics for ESS node=9: ratio_max=9.373753e-06 n_periods=288 mu_final=8.819188e-11 s_obj=1.000000e-01 eps=1.000000e-05 bound=2.539926e-02 measured=3.467638e-03
[DIAG][V MAX] node=5, year=2035, day=Winter, period=4 | TSO=349.590027 kV, DSO=343.197461 kV, diff=6.392565 kV, base=345.000000 kV, normalized=0.018529, rho(TSO/DSO)=0.007700/0.007700
[DIAG][PF MAX] node=7, year=2035, day=Spring, period=14, type=P | TSO=51.793971 MW, DSO=84.359938 MW, diff=32.565966 MW, rating=100.000000 MVA, normalized=0.325660, rho(TSO/DSO)=0.198000/0.198000
[INFO]		 - interface Vmag max primal residual failed. 0.018529 > 0.010000
[INFO]		 - interface Vmag mean primal residual failed. 0.007256 > 0.001000
[INFO]		 - interface PF max primal residual failed. 0.325660 > 0.010000
[INFO]		 - interface PF mean primal residual failed. 0.061844 > 0.001000
[INFO]		 - interface PF mean dual residual failed. 0.023562 > 0.010000
[INFO]		 - Recourse stationarity requires one previous successful cycle.
[ADMM RHO] V | primal max ratio=1.853 | primal mean ratio=7.256 | primal selected=7.256 | dual mean ratio=0.004 | increase threshold=5.0 | decrease threshold=5.0 | action=increased
[ADMM RHO BOYD] V | r=2.472674e-01 | s=1.997300e-03 | eps_pri=3.241848e-03 | eps_dual=2.940800e-04 | primal_ratio=7.627360e+01 | dual_ratio=6.791689e+00 | dual_ratio_balance=4.802450e+00 | rho_before=7.700000e-03 | rho_after=1.155000e-02 | gamma_before=7.700000e-03 | gamma_after=1.155000e-02 | action=increased
[ADMM RHO] PF | primal max ratio=32.566 | primal mean ratio=61.844 | primal selected=61.844 | dual mean ratio=2.356 | increase threshold=5.0 | decrease threshold=3.0 | action=held
[ADMM RHO BOYD] PF | r=3.488823e+00 | s=1.444630e+00 | eps_pri=1.386918e-03 | eps_dual=5.195609e-04 | primal_ratio=2.515522e+03 | dual_ratio=2.780482e+03 | dual_ratio_balance=1.966098e+03 | rho_before=1.980000e-01 | rho_after=1.980000e-01 | gamma_before=1.980000e-01 | gamma_after=1.980000e-01 | action=held
[ADMM RHO] ESS | primal max ratio=0.003 | primal mean ratio=0.002 | primal selected=0.003 | dual mean ratio=0.000 | increase threshold=5.0 | decrease threshold=5.0 | action=increased
[ADMM RHO BOYD] ESS | r=1.755214e-03 | s=2.545760e-04 | eps_pri=1.300261e-03 | eps_dual=7.200197e-04 | primal_ratio=1.349894e+00 | dual_ratio=3.535681e-01 | dual_ratio_balance=2.050378e-01 | rho_before=1.125000e-01 | rho_after=1.687500e-01 | gamma_before=1.125000e-01 | gamma_after=1.687500e-01 | action=increased
[INFO]		 - ADMM cycle 1 | Primal (V max/mean | PF max/mean | ESS max/mean) = 0.018529/0.007256 | 0.325660/0.061844 | 0.000307/0.000017 | Dual (V max/mean | PF max/mean | ESS max/mean) = 0.000126/0.000039 | 0.128943/0.023562 | 0.000018/0.000002 | Recourse change = N/A (tol. N/A) | Stable cycles = 0/3 | Penalty actions (V/PF/ESS) = increased/held/increased
[INFO] 	 - Iteration 1: 35.14 s
[INFO] 	 - ADMM Iteration 2
[INFO] 		 - Updating distribution networks:
[INFO] 			 - Running SMOPF, Network case33_1, 2025, Spring...
        0.15 seconds required to write file
        0.15 seconds required for presolve
        0.43 seconds required for solver
        0.00 seconds required to read logfile 
        0.01 seconds required to read solution file
        0.01 seconds required for postsolve
[INFO] 			 - Running SMOPF, Network case33_1, 2025, Summer...
        0.15 seconds required to write file
        0.15 seconds required for presolve
        0.45 seconds required for solver
        0.00 seconds required to read logfile 
        0.01 seconds required to read solution file
        0.01 seconds required for postsolve
[INFO] 			 - Running SMOPF, Network case33_1, 2025, Autumn...
        0.15 seconds required to write file
        0.15 seconds required for presolve
        0.42 seconds required for solver
        0.00 seconds required to read logfile 
        0.01 seconds required to read solution file
        0.01 seconds required for postsolve
[INFO] 			 - Running SMOPF, Network case33_1, 2025, Winter...
        0.15 seconds required to write file
        0.15 seconds required for presolve
        1.00 seconds required for solver
        0.00 seconds required to read logfile 
        0.01 seconds required to read solution file
        0.01 seconds required for postsolve
[INFO] 			 - Running SMOPF, Network case33_1, 2030, Spring...
        0.15 seconds required to write file
        0.15 seconds required for presolve
        0.39 seconds required for solver
        0.00 seconds required to read logfile 
        0.01 seconds required to read solution file
        0.01 seconds required for postsolve
[INFO] 			 - Running SMOPF, Network case33_1, 2030, Summer...
        0.15 seconds required to write file
        0.15 seconds required for presolve
        0.69 seconds required for solver
        0.00 seconds required to read logfile 
        0.01 seconds required to read solution file
        0.01 seconds required for postsolve
[INFO] 			 - Running SMOPF, Network case33_1, 2030, Autumn...
        0.15 seconds required to write file
        0.15 seconds required for presolve
        0.38 seconds required for solver
        0.00 seconds required to read logfile 
        0.01 seconds required to read solution file
        0.01 seconds required for postsolve
[INFO] 			 - Running SMOPF, Network case33_1, 2030, Winter...
        0.15 seconds required to write file
        0.15 seconds required for presolve
        4.50 seconds required for solver
        0.00 seconds required to read logfile 
        0.01 seconds required to read solution file
        0.01 seconds required for postsolve
[WARNING] Network primary solve did not converge for case33_1, year=2030, day=Winter: status=warning, termination=maxIterations, message=Ipopt 3.14.18\x3a Maximum Number of Iterations Exceeded. | warm_start=True
[WARNING] ADMM penalties for case33_1, year=2030, day=Winter: rho_v=0.01155, rho_pf=0.198, rho_ess=0.16875
[WARNING] IPOPT primary solve log for case33_1, year=2030, day=Winter: /Users/micaelsimoes/Projects/share-resource-planning-no_esso-degradation/data/SRP1/Results/P56A/evals/p515s36_timing_on/logs/optim_log_case33_1_2030_Winter.log
[INFO] Retrying network solve once for case33_1, year=2030, day=Winter, cold start, with warm_start_init_point=no.
        0.13 seconds required to write file
        0.13 seconds required for presolve
        0.43 seconds required for solver
        0.00 seconds required to read logfile 
        0.01 seconds required to read solution file
        0.01 seconds required for postsolve
[INFO] Network recovery solve succeeded for case33_1, year=2030, day=Winter.
[INFO] 			 - Running SMOPF, Network case33_1, 2035, Spring...
        0.15 seconds required to write file
        0.15 seconds required for presolve
        0.54 seconds required for solver
        0.00 seconds required to read logfile 
        0.01 seconds required to read solution file
        0.01 seconds required for postsolve
[INFO] 			 - Running SMOPF, Network case33_1, 2035, Summer...
        0.15 seconds required to write file
        0.15 seconds required for presolve
        0.45 seconds required for solver
        0.00 seconds required to read logfile 
        0.01 seconds required to read solution file
        0.01 seconds required for postsolve
[INFO] 			 - Running SMOPF, Network case33_1, 2035, Autumn...
        0.14 seconds required to write file
        0.14 seconds required for presolve
        0.38 seconds required for solver
        0.00 seconds required to read logfile 
        0.01 seconds required to read solution file
        0.01 seconds required for postsolve
[INFO] 			 - Running SMOPF, Network case33_1, 2035, Winter...
        0.15 seconds required to write file
        0.15 seconds required for presolve
        0.34 seconds required for solver
        0.00 seconds required to read logfile 
        0.01 seconds required to read solution file
        0.01 seconds required for postsolve
[INFO] 			 - Running SMOPF, Network case33_2, 2025, Spring...
        0.14 seconds required to write file
        0.14 seconds required for presolve
        0.41 seconds required for solver
        0.00 seconds required to read logfile 
        0.02 seconds required to read solution file
        0.03 seconds required for postsolve
[INFO] 			 - Running SMOPF, Network case33_2, 2025, Summer...
        0.14 seconds required to write file
        0.14 seconds required for presolve
        0.39 seconds required for solver
        0.00 seconds required to read logfile 
        0.03 seconds required to read solution file
        0.03 seconds required for postsolve
[INFO] 			 - Running SMOPF, Network case33_2, 2025, Autumn...
        0.14 seconds required to write file
        0.14 seconds required for presolve
        0.46 seconds required for solver
        0.00 seconds required to read logfile 
        0.03 seconds required to read solution file
        0.03 seconds required for postsolve
[INFO] 			 - Running SMOPF, Network case33_2, 2025, Winter...
        0.15 seconds required to write file
        0.16 seconds required for presolve
        0.40 seconds required for solver
        0.00 seconds required to read logfile 
        1.52 seconds required to read solution file
        1.52 seconds required for postsolve
[INFO] 			 - Running SMOPF, Network case33_2, 2030, Spring...
        0.15 seconds required to write file
        0.15 seconds required for presolve
        0.39 seconds required for solver
        0.00 seconds required to read logfile 
        0.04 seconds required to read solution file
        0.04 seconds required for postsolve
[INFO] 			 - Running SMOPF, Network case33_2, 2030, Summer...
        0.15 seconds required to write file
        0.15 seconds required for presolve
        0.37 seconds required for solver
        0.00 seconds required to read logfile 
        0.04 seconds required to read solution file
        0.04 seconds required for postsolve
[INFO] 			 - Running SMOPF, Network case33_2, 2030, Autumn...
        0.15 seconds required to write file
        0.15 seconds required for presolve
        0.50 seconds required for solver
        0.00 seconds required to read logfile 
        0.01 seconds required to read solution file
        0.01 seconds required for postsolve
[INFO] 			 - Running SMOPF, Network case33_2, 2030, Winter...
        0.15 seconds required to write file
        0.15 seconds required for presolve
        0.43 seconds required for solver
        0.00 seconds required to read logfile 
        0.03 seconds required to read solution file
        0.03 seconds required for postsolve
[INFO] 			 - Running SMOPF, Network case33_2, 2035, Spring...
        0.14 seconds required to write file
        0.14 seconds required for presolve
        0.39 seconds required for solver
        0.00 seconds required to read logfile 
        0.03 seconds required to read solution file
        0.03 seconds required for postsolve
[INFO] 			 - Running SMOPF, Network case33_2, 2035, Summer...
        0.14 seconds required to write file
        0.14 seconds required for presolve
        0.37 seconds required for solver
        0.00 seconds required to read logfile 
        0.01 seconds required to read solution file
        0.01 seconds required for postsolve
[INFO] 			 - Running SMOPF, Network case33_2, 2035, Autumn...
        0.14 seconds required to write file
        0.14 seconds required for presolve
        0.48 seconds required for solver
        0.00 seconds required to read logfile 
        0.03 seconds required to read solution file
        0.03 seconds required for postsolve
[INFO] 			 - Running SMOPF, Network case33_2, 2035, Winter...
        0.14 seconds required to write file
        0.14 seconds required for presolve
        0.40 seconds required for solver
        0.00 seconds required to read logfile 
        1.59 seconds required to read solution file
        1.59 seconds required for postsolve
[INFO] 			 - Running SMOPF, Network case33_3, 2025, Spring...
        0.15 seconds required to write file
        0.15 seconds required for presolve
        0.48 seconds required for solver
        0.00 seconds required to read logfile 
        0.01 seconds required to read solution file
        0.01 seconds required for postsolve
[INFO] 			 - Running SMOPF, Network case33_3, 2025, Summer...
        0.16 seconds required to write file
        0.16 seconds required for presolve
        0.36 seconds required for solver
        0.00 seconds required to read logfile 
        0.01 seconds required to read solution file
        0.01 seconds required for postsolve
[INFO] 			 - Running SMOPF, Network case33_3, 2025, Autumn...
        0.15 seconds required to write file
        0.16 seconds required for presolve
        0.35 seconds required for solver
        0.00 seconds required to read logfile 
        0.01 seconds required to read solution file
        0.02 seconds required for postsolve
[INFO] 			 - Running SMOPF, Network case33_3, 2025, Winter...
        0.15 seconds required to write file
        0.15 seconds required for presolve
        0.39 seconds required for solver
        0.00 seconds required to read logfile 
        0.01 seconds required to read solution file
        0.01 seconds required for postsolve
[INFO] 			 - Running SMOPF, Network case33_3, 2030, Spring...
        0.15 seconds required to write file
        0.15 seconds required for presolve
        0.39 seconds required for solver
        0.00 seconds required to read logfile 
        0.01 seconds required to read solution file
        0.02 seconds required for postsolve
[INFO] 			 - Running SMOPF, Network case33_3, 2030, Summer...
        0.15 seconds required to write file
        0.15 seconds required for presolve
        0.44 seconds required for solver
        0.00 seconds required to read logfile 
        0.01 seconds required to read solution file
        0.01 seconds required for postsolve
[INFO] 			 - Running SMOPF, Network case33_3, 2030, Autumn...
        0.15 seconds required to write file
        0.15 seconds required for presolve
        0.42 seconds required for solver
        0.00 seconds required to read logfile 
        0.01 seconds required to read solution file
        0.01 seconds required for postsolve
[INFO] 			 - Running SMOPF, Network case33_3, 2030, Winter...
        0.15 seconds required to write file
        0.15 seconds required for presolve
        0.42 seconds required for solver
        0.00 seconds required to read logfile 
        0.01 seconds required to read solution file
        0.01 seconds required for postsolve
[INFO] 			 - Running SMOPF, Network case33_3, 2035, Spring...
        0.15 seconds required to write file
        0.15 seconds required for presolve
        0.46 seconds required for solver
        0.00 seconds required to read logfile 
        0.01 seconds required to read solution file
        0.01 seconds required for postsolve
[INFO] 			 - Running SMOPF, Network case33_3, 2035, Summer...
        0.15 seconds required to write file
        0.15 seconds required for presolve
        0.48 seconds required for solver
        0.00 seconds required to read logfile 
        0.01 seconds required to read solution file
        0.01 seconds required for postsolve
[INFO] 			 - Running SMOPF, Network case33_3, 2035, Autumn...
        0.15 seconds required to write file
        0.15 seconds required for presolve
        0.43 seconds required for solver
        0.00 seconds required to read logfile 
        0.01 seconds required to read solution file
        0.01 seconds required for postsolve
[INFO] 			 - Running SMOPF, Network case33_3, 2035, Winter...
        0.15 seconds required to write file
        0.15 seconds required for presolve
        0.40 seconds required for solver
        0.00 seconds required to read logfile 
        0.01 seconds required to read solution file
        0.01 seconds required for postsolve
[INFO] 		 - Updating transmission network...
[INFO] 			 - Running SMOPF, Network case9, 2025, Spring...
        0.07 seconds required to write file
        0.07 seconds required for presolve
        0.10 seconds required for solver
        0.00 seconds required to read logfile 
        0.00 seconds required to read solution file
        0.00 seconds required for postsolve
[INFO] 			 - Running SMOPF, Network case9, 2025, Summer...
        0.06 seconds required to write file
        0.06 seconds required for presolve
        0.11 seconds required for solver
        0.00 seconds required to read logfile 
        0.00 seconds required to read solution file
        0.00 seconds required for postsolve
[INFO] 			 - Running SMOPF, Network case9, 2025, Autumn...
        0.06 seconds required to write file
        0.06 seconds required for presolve
        0.10 seconds required for solver
        0.00 seconds required to read logfile 
        0.00 seconds required to read solution file
        0.01 seconds required for postsolve
[INFO] 			 - Running SMOPF, Network case9, 2025, Winter...
        0.06 seconds required to write file
        0.06 seconds required for presolve
        0.09 seconds required for solver
        0.00 seconds required to read logfile 
        0.00 seconds required to read solution file
        0.00 seconds required for postsolve
[INFO] 			 - Running SMOPF, Network case9, 2030, Spring...
        0.06 seconds required to write file
        0.06 seconds required for presolve
        0.11 seconds required for solver
        0.00 seconds required to read logfile 
        0.00 seconds required to read solution file
        0.00 seconds required for postsolve
[INFO] 			 - Running SMOPF, Network case9, 2030, Summer...
        0.06 seconds required to write file
        0.06 seconds required for presolve
        0.12 seconds required for solver
        0.00 seconds required to read logfile 
        0.00 seconds required to read solution file
        0.00 seconds required for postsolve
[INFO] 			 - Running SMOPF, Network case9, 2030, Autumn...
        0.06 seconds required to write file
        0.06 seconds required for presolve
        0.10 seconds required for solver
        0.00 seconds required to read logfile 
        0.00 seconds required to read solution file
        0.01 seconds required for postsolve
[INFO] 			 - Running SMOPF, Network case9, 2030, Winter...
        0.06 seconds required to write file
        0.06 seconds required for presolve
        0.09 seconds required for solver
        0.00 seconds required to read logfile 
        0.00 seconds required to read solution file
        0.01 seconds required for postsolve
[INFO] 			 - Running SMOPF, Network case9, 2035, Spring...
        0.06 seconds required to write file
        0.06 seconds required for presolve
        0.10 seconds required for solver
        0.00 seconds required to read logfile 
        0.00 seconds required to read solution file
        0.01 seconds required for postsolve
[INFO] 			 - Running SMOPF, Network case9, 2035, Summer...
        0.06 seconds required to write file
        0.06 seconds required for presolve
        0.11 seconds required for solver
        0.00 seconds required to read logfile 
        0.00 seconds required to read solution file
        0.00 seconds required for postsolve
[INFO] 			 - Running SMOPF, Network case9, 2035, Autumn...
        0.06 seconds required to write file
        0.06 seconds required for presolve
        0.09 seconds required for solver
        0.00 seconds required to read logfile 
        0.00 seconds required to read solution file
        0.00 seconds required for postsolve
[INFO] 			 - Running SMOPF, Network case9, 2035, Winter...
        0.06 seconds required to write file
        0.06 seconds required for presolve
        0.09 seconds required for solver
        0.00 seconds required to read logfile 
        0.00 seconds required to read solution file
        0.01 seconds required for postsolve
[TSO PROX] cycle=2 | updated_blocks=12 | held_failed_blocks=0 | V max=0.015487 | PF max=0.193088 | ESS max=0.000302
[TSO PROX][V MAX] node=5, year=2025, day=Winter, period=22 | dV=5.342927 kV | normalized=0.015487
[TSO PROX][PF MAX] node=5, year=2025, day=Spring, period=12, type=P | delta=38.617683 MW | normalized=0.193088
[TSO PROX][ESS MAX] node=9, year=2035, day=Summer, period=15, type=P | delta=0.001511 MW | normalized=0.000302
[INFO] 		 - Updating SharedESS...
[INFO] 		 - Running Shared ESS optimization (subproblem)...
[INFO] 			 - Node 5...
        0.03 seconds required to write file
        0.03 seconds required for presolve
        0.04 seconds required for solver
        0.00 seconds required to read logfile 
        0.00 seconds required to read solution file
        0.00 seconds required for postsolve
[INFO] Shared ESS complementarity diagnostics for ESS node=5: ratio_max=6.310054e-06 n_periods=288 mu_final=1.202587e-11 s_obj=1.000000e-01 eps=1.000000e-05 bound=3.463452e-03 measured=2.898633e-03
[INFO] 			 - Node 7...
        0.03 seconds required to write file
        0.03 seconds required for presolve
        0.04 seconds required for solver
        0.00 seconds required to read logfile 
        0.00 seconds required to read solution file
        0.00 seconds required for postsolve
[INFO] Shared ESS complementarity diagnostics for ESS node=7: ratio_max=8.589296e-06 n_periods=288 mu_final=1.171487e-11 s_obj=1.000000e-01 eps=1.000000e-05 bound=3.373882e-03 measured=2.903392e-03
[INFO] 			 - Node 9...
        0.03 seconds required to write file
        0.03 seconds required for presolve
        0.04 seconds required for solver
        0.00 seconds required to read logfile 
        0.00 seconds required to read solution file
        0.00 seconds required for postsolve
[INFO] Shared ESS complementarity diagnostics for ESS node=9: ratio_max=7.846408e-06 n_periods=288 mu_final=1.228899e-11 s_obj=1.000000e-01 eps=1.000000e-05 bound=3.539228e-03 measured=2.896640e-03
[DIAG][PF MAX] node=5, year=2035, day=Summer, period=22, type=P | TSO=67.836542 MW, DSO=32.140521 MW, diff=35.696021 MW, rating=200.000000 MVA, normalized=0.178480, rho(TSO/DSO)=0.198000/0.198000
[INFO]		 - interface Vmag mean primal residual failed. 0.002836 > 0.001000
[INFO]		 - interface PF max primal residual failed. 0.178480 > 0.010000
[INFO]		 - interface PF mean primal residual failed. 0.061375 > 0.001000
[INFO]		 - Dual residuals ok!
[RECOURSE JUMP] cycle=2 | abs_change=2.172784e+08 | tol=1.122165e+05 | signed_change=+2.172784e+08
[RECOURSE JUMP] Reconciliation | previous=9.048869e+08 | current=1.122165e+09 | block_delta=+2.172784e+08 | mismatch=-4.768372e-07
[RECOURSE JUMP] Aggregate signed changes:
  TSO | delta=+2.836735e+08
  DSO node=9 | delta=-2.670971e+07
  DSO node=5 | delta=-2.008663e+07
  DSO node=7 | delta=-1.959878e+07
  SALVAGE | delta=+7.560839e-36
[RECOURSE JUMP] Largest 10 block changes:
  TSO node=None year=2025 day=Winter | previous=8.412965e+07 | current=1.259611e+08 | delta=+4.183148e+07 | abs_delta=4.183148e+07
    [RECOURSE JUMP][TSO PROX] year=2025 day=Winter | V max=0.015487 | PF max=0.113865 | ESS max=0.000043
    [RECOURSE COMPONENTS] gen=+4.183148e+07 | flex=+0.000000e+00 | load_curt=+0.000000e+00 | res_curt=+0.000000e+00 | ess_usage=+0.000000e+00 | slacks=-1.855440e-10 | ess_comp=+5.820850e-06
    [SLACK COMPONENTS] voltage=-1.855440e-10 | node_P=+0.000000e+00 | node_Q=+0.000000e+00 | branch_ij=+0.000000e+00 | branch_ji=+0.000000e+00 | flex_P=+0.000000e+00 | flex_Q=+0.000000e+00
    [SLACK COMPONENT CHECK] classified_delta=-1.855440e-10 | objective_slack_delta=-1.855440e-10 | mismatch=+0.000000e+00
    [RECOURSE COMPONENT CHECK] classified_delta=+4.183148e+07 | block_delta=+4.183148e+07 | mismatch=+7.450581e-09
  TSO node=None year=2025 day=Autumn | previous=7.668079e+07 | current=1.151080e+08 | delta=+3.842718e+07 | abs_delta=3.842718e+07
    [RECOURSE JUMP][TSO PROX] year=2025 day=Autumn | V max=0.014898 | PF max=0.117667 | ESS max=0.000046
    [RECOURSE COMPONENTS] gen=+3.842718e+07 | flex=+0.000000e+00 | load_curt=+0.000000e+00 | res_curt=+0.000000e+00 | ess_usage=+0.000000e+00 | slacks=-1.200533e-10 | ess_comp=+4.420492e-06
    [SLACK COMPONENTS] voltage=-1.200533e-10 | node_P=+0.000000e+00 | node_Q=+0.000000e+00 | branch_ij=+0.000000e+00 | branch_ji=+0.000000e+00 | flex_P=+0.000000e+00 | flex_Q=+0.000000e+00
    [SLACK COMPONENT CHECK] classified_delta=-1.200533e-10 | objective_slack_delta=-1.200533e-10 | mismatch=+0.000000e+00
    [RECOURSE COMPONENT CHECK] classified_delta=+3.842718e+07 | block_delta=+3.842718e+07 | mismatch=+7.450581e-09
  TSO node=None year=2025 day=Summer | previous=7.962486e+07 | current=1.153190e+08 | delta=+3.569415e+07 | abs_delta=3.569415e+07
    [RECOURSE JUMP][TSO PROX] year=2025 day=Summer | V max=0.012267 | PF max=0.141727 | ESS max=0.000046
    [RECOURSE COMPONENTS] gen=+3.569415e+07 | flex=+0.000000e+00 | load_curt=+0.000000e+00 | res_curt=+0.000000e+00 | ess_usage=+0.000000e+00 | slacks=-8.368062e-11 | ess_comp=+8.584864e-07
    [SLACK COMPONENTS] voltage=-8.368062e-11 | node_P=+0.000000e+00 | node_Q=+0.000000e+00 | branch_ij=+0.000000e+00 | branch_ji=+0.000000e+00 | flex_P=+0.000000e+00 | flex_Q=+0.000000e+00
    [SLACK COMPONENT CHECK] classified_delta=-8.368062e-11 | objective_slack_delta=-8.368062e-11 | mismatch=+0.000000e+00
    [RECOURSE COMPONENT CHECK] classified_delta=+3.569415e+07 | block_delta=+3.569415e+07 | mismatch=+7.450581e-09
  TSO node=None year=2025 day=Spring | previous=7.586566e+07 | current=1.057581e+08 | delta=+2.989239e+07 | abs_delta=2.989239e+07
    [RECOURSE JUMP][TSO PROX] year=2025 day=Spring | V max=0.012207 | PF max=0.193088 | ESS max=0.000060
    [RECOURSE COMPONENTS] gen=+2.989239e+07 | flex=+0.000000e+00 | load_curt=+0.000000e+00 | res_curt=+0.000000e+00 | ess_usage=+0.000000e+00 | slacks=+7.254641e-12 | ess_comp=+8.733725e-07
    [SLACK COMPONENTS] voltage=+7.254641e-12 | node_P=+0.000000e+00 | node_Q=+0.000000e+00 | branch_ij=+0.000000e+00 | branch_ji=+0.000000e+00 | flex_P=+0.000000e+00 | flex_Q=+0.000000e+00
    [SLACK COMPONENT CHECK] classified_delta=+7.254641e-12 | objective_slack_delta=+7.254641e-12 | mismatch=+0.000000e+00
    [RECOURSE COMPONENT CHECK] classified_delta=+2.989239e+07 | block_delta=+2.989239e+07 | mismatch=-7.450581e-09
  TSO node=None year=2030 day=Summer | previous=5.771087e+07 | current=8.047376e+07 | delta=+2.276289e+07 | abs_delta=2.276289e+07
    [RECOURSE JUMP][TSO PROX] year=2030 day=Summer | V max=0.009403 | PF max=0.100003 | ESS max=0.000053
    [RECOURSE COMPONENTS] gen=+2.276289e+07 | flex=+0.000000e+00 | load_curt=+0.000000e+00 | res_curt=+0.000000e+00 | ess_usage=+0.000000e+00 | slacks=+7.982521e-10 | ess_comp=-4.264353e-06
    [SLACK COMPONENTS] voltage=+7.982521e-10 | node_P=+0.000000e+00 | node_Q=+0.000000e+00 | branch_ij=+0.000000e+00 | branch_ji=+0.000000e+00 | flex_P=+0.000000e+00 | flex_Q=+0.000000e+00
    [SLACK COMPONENT CHECK] classified_delta=+7.982521e-10 | objective_slack_delta=+7.982521e-10 | mismatch=+0.000000e+00
    [RECOURSE COMPONENT CHECK] classified_delta=+2.276289e+07 | block_delta=+2.276289e+07 | mismatch=-1.117587e-08
  TSO node=None year=2030 day=Winter | previous=4.105169e+07 | current=6.042666e+07 | delta=+1.937497e+07 | abs_delta=1.937497e+07
    [RECOURSE JUMP][TSO PROX] year=2030 day=Winter | V max=0.012930 | PF max=0.092128 | ESS max=0.000043
    [RECOURSE COMPONENTS] gen=+1.937497e+07 | flex=+0.000000e+00 | load_curt=+0.000000e+00 | res_curt=+0.000000e+00 | ess_usage=+0.000000e+00 | slacks=+6.759393e-11 | ess_comp=+4.053865e-06
    [SLACK COMPONENTS] voltage=+6.759393e-11 | node_P=+0.000000e+00 | node_Q=+0.000000e+00 | branch_ij=+0.000000e+00 | branch_ji=+0.000000e+00 | flex_P=+0.000000e+00 | flex_Q=+0.000000e+00
    [SLACK COMPONENT CHECK] classified_delta=+6.759393e-11 | objective_slack_delta=+6.759393e-11 | mismatch=+0.000000e+00
    [RECOURSE COMPONENT CHECK] classified_delta=+1.937497e+07 | block_delta=+1.937497e+07 | mismatch=-1.490116e-08
  TSO node=None year=2030 day=Spring | previous=5.573490e+07 | current=7.414023e+07 | delta=+1.840533e+07 | abs_delta=1.840533e+07
    [RECOURSE JUMP][TSO PROX] year=2030 day=Spring | V max=0.010136 | PF max=0.176865 | ESS max=0.000060
    [RECOURSE COMPONENTS] gen=+1.840533e+07 | flex=+0.000000e+00 | load_curt=+0.000000e+00 | res_curt=+0.000000e+00 | ess_usage=+0.000000e+00 | slacks=+1.596945e-10 | ess_comp=-3.070853e-06
    [SLACK COMPONENTS] voltage=+1.596945e-10 | node_P=+0.000000e+00 | node_Q=+0.000000e+00 | branch_ij=+0.000000e+00 | branch_ji=+0.000000e+00 | flex_P=+0.000000e+00 | flex_Q=+0.000000e+00
    [SLACK COMPONENT CHECK] classified_delta=+1.596945e-10 | objective_slack_delta=+1.596945e-10 | mismatch=+0.000000e+00
    [RECOURSE COMPONENT CHECK] classified_delta=+1.840533e+07 | block_delta=+1.840533e+07 | mismatch=-7.450581e-09
  TSO node=None year=2035 day=Winter | previous=3.722252e+07 | current=5.504093e+07 | delta=+1.781841e+07 | abs_delta=1.781841e+07
    [RECOURSE JUMP][TSO PROX] year=2035 day=Winter | V max=0.013350 | PF max=0.093376 | ESS max=0.000042
    [RECOURSE COMPONENTS] gen=+1.781841e+07 | flex=+0.000000e+00 | load_curt=+0.000000e+00 | res_curt=+0.000000e+00 | ess_usage=+0.000000e+00 | slacks=-1.997748e-09 | ess_comp=+6.472097e-06
    [SLACK COMPONENTS] voltage=-1.997748e-09 | node_P=+0.000000e+00 | node_Q=+0.000000e+00 | branch_ij=+0.000000e+00 | branch_ji=+0.000000e+00 | flex_P=+0.000000e+00 | flex_Q=+0.000000e+00
    [SLACK COMPONENT CHECK] classified_delta=-1.997748e-09 | objective_slack_delta=-1.997748e-09 | mismatch=+0.000000e+00
    [RECOURSE COMPONENT CHECK] classified_delta=+1.781841e+07 | block_delta=+1.781841e+07 | mismatch=-7.450581e-09
  TSO node=None year=2035 day=Summer | previous=5.511359e+07 | current=7.160025e+07 | delta=+1.648666e+07 | abs_delta=1.648666e+07
    [RECOURSE JUMP][TSO PROX] year=2035 day=Summer | V max=0.014407 | PF max=0.098422 | ESS max=0.000302
    [RECOURSE COMPONENTS] gen=+1.648666e+07 | flex=+0.000000e+00 | load_curt=+0.000000e+00 | res_curt=-0.000000e+00 | ess_usage=+0.000000e+00 | slacks=+7.344880e-11 | ess_comp=+1.223366e-06
    [SLACK COMPONENTS] voltage=+7.344880e-11 | node_P=+0.000000e+00 | node_Q=+0.000000e+00 | branch_ij=+0.000000e+00 | branch_ji=+0.000000e+00 | flex_P=+0.000000e+00 | flex_Q=+0.000000e+00
    [SLACK COMPONENT CHECK] classified_delta=+7.344880e-11 | objective_slack_delta=+7.344880e-11 | mismatch=+0.000000e+00
    [RECOURSE COMPONENT CHECK] classified_delta=+1.648666e+07 | block_delta=+1.648666e+07 | mismatch=-5.587935e-09
  TSO node=None year=2035 day=Spring | previous=6.168699e+07 | current=7.749537e+07 | delta=+1.580838e+07 | abs_delta=1.580838e+07
    [RECOURSE JUMP][TSO PROX] year=2035 day=Spring | V max=0.011832 | PF max=0.156987 | ESS max=0.000076
    [RECOURSE COMPONENTS] gen=+1.580838e+07 | flex=+0.000000e+00 | load_curt=+0.000000e+00 | res_curt=+0.000000e+00 | ess_usage=+0.000000e+00 | slacks=+1.927773e-10 | ess_comp=-3.193558e-06
    [SLACK COMPONENTS] voltage=+1.927773e-10 | node_P=+0.000000e+00 | node_Q=+0.000000e+00 | branch_ij=+0.000000e+00 | branch_ji=+0.000000e+00 | flex_P=+0.000000e+00 | flex_Q=+0.000000e+00
    [SLACK COMPONENT CHECK] classified_delta=+1.927773e-10 | objective_slack_delta=+1.927773e-10 | mismatch=+0.000000e+00
    [RECOURSE COMPONENT CHECK] classified_delta=+1.580838e+07 | block_delta=+1.580838e+07 | mismatch=-1.303852e-08
[INFO]		 - Recourse stationarity failed. 217278393.034991 > 112216.529075
[ADMM RHO] V | primal max ratio=0.844 | primal mean ratio=2.836 | primal selected=2.836 | dual mean ratio=0.010 | increase threshold=5.0 | decrease threshold=5.0 | action=held
[ADMM RHO BOYD] V | r=9.865669e-02 | s=3.205643e-03 | eps_pri=3.259194e-03 | eps_dual=2.941654e-04 | primal_ratio=3.027027e+01 | dual_ratio=1.089742e+01 | dual_ratio_balance=7.705637e+00 | rho_before=1.155000e-02 | rho_after=1.155000e-02 | gamma_before=1.155000e-02 | gamma_after=1.155000e-02 | action=held
[ADMM RHO] PF | primal max ratio=17.848 | primal mean ratio=61.375 | primal selected=61.375 | dual mean ratio=0.987 | increase threshold=5.0 | decrease threshold=3.0 | action=held
[ADMM RHO BOYD] PF | r=2.815491e+00 | s=7.135914e-01 | eps_pri=1.421824e-03 | eps_dual=4.682996e-04 | primal_ratio=1.980196e+03 | dual_ratio=1.523792e+03 | dual_ratio_balance=1.077484e+03 | rho_before=1.980000e-01 | rho_after=1.980000e-01 | gamma_before=1.980000e-01 | gamma_after=1.980000e-01 | action=held
[ADMM RHO] ESS | primal max ratio=0.001 | primal mean ratio=0.001 | primal selected=0.001 | dual mean ratio=0.000 | increase threshold=5.0 | decrease threshold=5.0 | action=held
[ADMM RHO BOYD] ESS | r=1.201659e-03 | s=2.783156e-04 | eps_pri=1.300235e-03 | eps_dual=7.200364e-04 | primal_ratio=9.241859e-01 | dual_ratio=3.865298e-01 | dual_ratio_balance=3.152677e-01 | rho_before=1.687500e-01 | rho_after=1.687500e-01 | gamma_before=1.687500e-01 | gamma_after=1.687500e-01 | action=held
[INFO]		 - ADMM cycle 2 | Primal (V max/mean | PF max/mean | ESS max/mean) = 0.008436/0.002836 | 0.178480/0.061375 | 0.000102/0.000012 | Dual (V max/mean | PF max/mean | ESS max/mean) = 0.000337/0.000095 | 0.063679/0.009873 | 0.000015/0.000002 | Recourse change = 217278393.034991 (tol. 112216.529075) | Stable cycles = 0/3 | Penalty actions (V/PF/ESS) = held/held/held
[INFO] 	 - Iteration 2: 38.73 s
[WARNING] 	 - ADMM did NOT converge in 2 iterations!
[INFO] 	 - Execution time: 104.61 s
[S31 Part 3] component_levels_terminal.json written: /Users/micaelsimoes/Projects/share-resource-planning-no_esso-degradation/data/SRP1/Results/P515S36/step36_timing/on/component_levels_terminal.json
[S31C Part 3] interface_settlement_detail_s31c.json written: /Users/micaelsimoes/Projects/share-resource-planning-no_esso-degradation/data/SRP1/Results/P515S36/step36_timing/on/interface_settlement_detail_s31c.json
[S33E2] interface_voltage_terminal.json written: /Users/micaelsimoes/Projects/share-resource-planning-no_esso-degradation/data/SRP1/Results/P515S36/step36_timing/on/interface_voltage_terminal.json
[S35REF] boyd_terminal.json written: /Users/micaelsimoes/Projects/share-resource-planning-no_esso-degradation/data/SRP1/Results/P515S36/step36_timing/on/boyd_terminal.json
[P5.15-G on] recourse=1122165290.754859 cycles=2 solves=154 local_failures=0 wall=105s
   EFC/day max across nodes: 1.1917893075793056 (threshold 1.4612)
   detector grouping clean: True (observed 9 / expected 9)
   network failures: {'n_blocks': 1, 'classes': {'recovered_tier1': 1, 'recovered_tier2': 0, 'unrecovered': 0, 'not_attempted': 0, 'indeterminate': 0, 'recovered': 1}, 'n_frozen_snapshots': 0, 'n_esso_recovery_events': 0, 'path': 'data/SRP1/Results/P515S36/step36_timing/on/network_failures_on.jsonl'}
[P5.15-S36-TIMING] wrote 537 raw phase-timing records.
[P5.15-S36-TIMING] bitwise identity (off vs on): False (1 diffs) -- see /Users/micaelsimoes/Projects/share-resource-planning-no_esso-degradation/data/SRP1/Results/P515S36/step36_timing/bitwise_identity_check.json
[P5.15-S36-TIMING] wrote /Users/micaelsimoes/Projects/share-resource-planning-no_esso-degradation/data/SRP1/Results/P515S36/step36_timing/phase_timing_analysis.json
[P5.15-S36-TIMING] verdict (X=70%): False (ratio=0.286873935524061)
[P5.15-S36-TIMING] projected 8-worker speedup: 1.0378316843473432
[P5.15-S36-TIMING] total wall time: 219.5 s
[P5.15-S36-TIMING] wrote sha256 manifest: /Users/micaelsimoes/Projects/share-resource-planning-no_esso-degradation/data/SRP1/Results/P515S36/step36_timing/manifest_sha256.json
