22:24:36 [W11] P5.15 Addendum 27 item 5(a), W11 -- SRP1 snapshot-off FAILURE-BRANCH bitwise gate: pristine snapshot clones off vs on, at a cap that reaches real local-solve failures and the cycle at which a snapshot is written
22:24:36 [W11] git HEAD 31f1ba6edc9255928a706434158e49a7f90d15fb; output root data/SRP1/Results/P515S45/snapshot_off_failure_gate
22:24:36 [W11] CAP=8: cap 8 = the smallest cap that includes BOTH the first failure (cycle 3, five cycles of margin) AND the snapshot-writing cycle (cycle 7, one cycle of margin)
22:24:36 [W11] reference first failure: {'cycle': 3, 'agent': 'DSO', 'node_id': 5, 'network_name': 'case33_1', 'year': '2030', 'day': 'Winter', 'primary_termination': 'maxIterations', 'class': 'recovered_tier1'}
22:24:36 [W11] reference snapshots: [{'cycle': 7, 'label': 'matched_success', 'agent': 'DSO', 'node_id': 7, 'network_name': 'case33_2', 'year': 2025, 'day': 'Autumn'}, {'cycle': 7, 'label': 'matched_success', 'agent': 'TSO', 'network_name': 'case9', 'year': 2025, 'day': 'Summer'}]
22:24:36 [W11] thread caps: before={'OMP_NUM_THREADS': None, 'MKL_NUM_THREADS': None, 'OPENBLAS_NUM_THREADS': None, 'VECLIB_MAXIMUM_THREADS': None, 'NUMEXPR_NUM_THREADS': None} after={'OMP_NUM_THREADS': '1', 'MKL_NUM_THREADS': '1', 'OPENBLAS_NUM_THREADS': '1', 'VECLIB_MAXIMUM_THREADS': '1', 'NUMEXPR_NUM_THREADS': '1'}
22:24:36 [W11] preconditions passed; capture-path checklist: 58 items, all true
22:24:36 [W11] instance: candidate_key=578636daa6d6360d6701764c73ddf795e53c2c37e511e21be1400024f8f6350c canonical={'investment_year': 2025, 'nodes': {'5': [0.96875, 3.875], '7': [0.96875, 3.875], '9': [0.96875, 3.875]}}
22:24:36 [W11] DECLARED BEFORE THE RUN: 51 solves/cycle; base = 459 per arm, 918 both arms; identity observed_arm == base + 1 * recovered_tier1 + 2 * recovered_tier2 (recovery counts from the arm own network_failures_summary)
22:24:36 [W11] legacy run lock acquired (.p515_g_gate.lock)
22:24:36 [W11] --- ARM ON: run_admm_arm cap 8, snapshots='on' ---
[INFO] Running OPERATIONAL PLANNING (DISTRIBUTED)...
[INFO]	 - Initializing...
[INFO] 		 - Distribution Network node 5...
[INFO] 			 - Running SMOPF, Network case33_1, 2025, Spring...
[INFO] 			 - Running SMOPF, Network case33_1, 2025, Summer...
[INFO] 			 - Running SMOPF, Network case33_1, 2025, Autumn...
[INFO] 			 - Running SMOPF, Network case33_1, 2025, Winter...
[INFO] 			 - Running SMOPF, Network case33_1, 2030, Spring...
[INFO] 			 - Running SMOPF, Network case33_1, 2030, Summer...
[INFO] 			 - Running SMOPF, Network case33_1, 2030, Autumn...
[INFO] 			 - Running SMOPF, Network case33_1, 2030, Winter...
[INFO] 			 - Running SMOPF, Network case33_1, 2035, Spring...
[INFO] 			 - Running SMOPF, Network case33_1, 2035, Summer...
[INFO] 			 - Running SMOPF, Network case33_1, 2035, Autumn...
[INFO] 			 - Running SMOPF, Network case33_1, 2035, Winter...
[INFO] 		 - Distribution Network node 7...
[INFO] 			 - Running SMOPF, Network case33_2, 2025, Spring...
[INFO] 			 - Running SMOPF, Network case33_2, 2025, Summer...
[INFO] 			 - Running SMOPF, Network case33_2, 2025, Autumn...
[INFO] 			 - Running SMOPF, Network case33_2, 2025, Winter...
[INFO] 			 - Running SMOPF, Network case33_2, 2030, Spring...
[INFO] 			 - Running SMOPF, Network case33_2, 2030, Summer...
[INFO] 			 - Running SMOPF, Network case33_2, 2030, Autumn...
[INFO] 			 - Running SMOPF, Network case33_2, 2030, Winter...
[INFO] 			 - Running SMOPF, Network case33_2, 2035, Spring...
[INFO] 			 - Running SMOPF, Network case33_2, 2035, Summer...
[INFO] 			 - Running SMOPF, Network case33_2, 2035, Autumn...
[INFO] 			 - Running SMOPF, Network case33_2, 2035, Winter...
[INFO] 		 - Distribution Network node 9...
[INFO] 			 - Running SMOPF, Network case33_3, 2025, Spring...
[INFO] 			 - Running SMOPF, Network case33_3, 2025, Summer...
[INFO] 			 - Running SMOPF, Network case33_3, 2025, Autumn...
[INFO] 			 - Running SMOPF, Network case33_3, 2025, Winter...
[INFO] 			 - Running SMOPF, Network case33_3, 2030, Spring...
[INFO] 			 - Running SMOPF, Network case33_3, 2030, Summer...
[INFO] 			 - Running SMOPF, Network case33_3, 2030, Autumn...
[INFO] 			 - Running SMOPF, Network case33_3, 2030, Winter...
[INFO] 			 - Running SMOPF, Network case33_3, 2035, Spring...
[INFO] 			 - Running SMOPF, Network case33_3, 2035, Summer...
[INFO] 			 - Running SMOPF, Network case33_3, 2035, Autumn...
[INFO] 			 - Running SMOPF, Network case33_3, 2035, Winter...
[INFO] 		 - Transmission Network...
[INFO] 			 - Running SMOPF, Network case9, 2025, Spring...
[INFO] 			 - Running SMOPF, Network case9, 2025, Summer...
[INFO] 			 - Running SMOPF, Network case9, 2025, Autumn...
[INFO] 			 - Running SMOPF, Network case9, 2025, Winter...
[INFO] 			 - Running SMOPF, Network case9, 2030, Spring...
[INFO] 			 - Running SMOPF, Network case9, 2030, Summer...
[INFO] 			 - Running SMOPF, Network case9, 2030, Autumn...
[INFO] 			 - Running SMOPF, Network case9, 2030, Winter...
[INFO] 			 - Running SMOPF, Network case9, 2035, Spring...
[INFO] 			 - Running SMOPF, Network case9, 2035, Summer...
[INFO] 			 - Running SMOPF, Network case9, 2035, Autumn...
[INFO] 			 - Running SMOPF, Network case9, 2035, Winter...
[INFO] 		 - Running Shared ESS optimization (subproblem)...
[INFO] 			 - Node 5...
[INFO] Shared ESS complementarity diagnostics for ESS node=5: ratio_max=8.663330e-06 n_periods=288 mu_final=1.497458e-11 s_obj=1.000000e-01 eps=1.000000e-05 bound=4.312679e-03 measured=2.312858e-03
[INFO] 			 - Node 7...
[INFO] Shared ESS complementarity diagnostics for ESS node=7: ratio_max=8.664933e-06 n_periods=288 mu_final=1.499878e-11 s_obj=1.000000e-01 eps=1.000000e-05 bound=4.319650e-03 measured=2.305958e-03
[INFO] 			 - Node 9...
[INFO] Shared ESS complementarity diagnostics for ESS node=9: ratio_max=8.662105e-06 n_periods=288 mu_final=1.497387e-11 s_obj=1.000000e-01 eps=1.000000e-05 bound=4.312474e-03 measured=2.313052e-03
[ADMM OF SCALE] n=48 | min=2.430192e+07 | median=4.563872e+07 | max=9.363536e+07 | selected=9.363536e+07
[ADMM OF SCALE] Largest weighted objectives:
  TSO node=None year=2035 day=Winter | base=-9.363536e+07 | scenario=0.000000e+00 | total=-9.363536e+07
  TSO node=None year=2030 day=Autumn | base=-8.831557e+07 | scenario=0.000000e+00 | total=-8.831557e+07
  TSO node=None year=2030 day=Winter | base=-7.463930e+07 | scenario=0.000000e+00 | total=-7.463930e+07
  TSO node=None year=2035 day=Spring | base=-6.233022e+07 | scenario=0.000000e+00 | total=-6.233022e+07
  TSO node=None year=2035 day=Summer | base=-5.846825e+07 | scenario=0.000000e+00 | total=-5.846825e+07
  TSO node=None year=2035 day=Autumn | base=-5.808004e+07 | scenario=0.000000e+00 | total=-5.808004e+07
  TSO node=None year=2030 day=Summer | base=-5.747069e+07 | scenario=0.000000e+00 | total=-5.747069e+07
  DSO node=7 year=2035 day=Spring | base=5.722320e+07 | scenario=0.000000e+00 | total=5.722320e+07
  DSO node=9 year=2025 day=Winter | base=5.578761e+07 | scenario=0.000000e+00 | total=5.578761e+07
  DSO node=5 year=2035 day=Spring | base=5.561607e+07 | scenario=0.000000e+00 | total=5.561607e+07
[ADMM OF SCALE] Fixed sigma in force sigma_fixed=9.363536e+07 | sigma_computed=9.363536e+07 | ratio=1.000000e+00 | assert_factor=3.000
[ADMM ESSO AL SCALE] mode=sigma_over_median_block_weight | sigma=9.363536e+07 | median_block_weight=4.121075e+02 | al_scale_esso=2.272110e+05
[INFO] 	 - ADMM Iteration 1
[INFO] 		 - Updating distribution networks:
[INFO] 			 - Running SMOPF, Network case33_1, 2025, Spring...
[INFO] 			 - Running SMOPF, Network case33_1, 2025, Summer...
[INFO] 			 - Running SMOPF, Network case33_1, 2025, Autumn...
[INFO] 			 - Running SMOPF, Network case33_1, 2025, Winter...
[INFO] 			 - Running SMOPF, Network case33_1, 2030, Spring...
[INFO] 			 - Running SMOPF, Network case33_1, 2030, Summer...
[INFO] 			 - Running SMOPF, Network case33_1, 2030, Autumn...
[INFO] 			 - Running SMOPF, Network case33_1, 2030, Winter...
[INFO] 			 - Running SMOPF, Network case33_1, 2035, Spring...
[INFO] 			 - Running SMOPF, Network case33_1, 2035, Summer...
[INFO] 			 - Running SMOPF, Network case33_1, 2035, Autumn...
[INFO] 			 - Running SMOPF, Network case33_1, 2035, Winter...
[INFO] 			 - Running SMOPF, Network case33_2, 2025, Spring...
[INFO] 			 - Running SMOPF, Network case33_2, 2025, Summer...
[INFO] 			 - Running SMOPF, Network case33_2, 2025, Autumn...
[INFO] 			 - Running SMOPF, Network case33_2, 2025, Winter...
[INFO] 			 - Running SMOPF, Network case33_2, 2030, Spring...
[INFO] 			 - Running SMOPF, Network case33_2, 2030, Summer...
[INFO] 			 - Running SMOPF, Network case33_2, 2030, Autumn...
[INFO] 			 - Running SMOPF, Network case33_2, 2030, Winter...
[INFO] 			 - Running SMOPF, Network case33_2, 2035, Spring...
[INFO] 			 - Running SMOPF, Network case33_2, 2035, Summer...
[INFO] 			 - Running SMOPF, Network case33_2, 2035, Autumn...
[INFO] 			 - Running SMOPF, Network case33_2, 2035, Winter...
[INFO] 			 - Running SMOPF, Network case33_3, 2025, Spring...
[INFO] 			 - Running SMOPF, Network case33_3, 2025, Summer...
[INFO] 			 - Running SMOPF, Network case33_3, 2025, Autumn...
[INFO] 			 - Running SMOPF, Network case33_3, 2025, Winter...
[INFO] 			 - Running SMOPF, Network case33_3, 2030, Spring...
[INFO] 			 - Running SMOPF, Network case33_3, 2030, Summer...
[INFO] 			 - Running SMOPF, Network case33_3, 2030, Autumn...
[INFO] 			 - Running SMOPF, Network case33_3, 2030, Winter...
[INFO] 			 - Running SMOPF, Network case33_3, 2035, Spring...
[INFO] 			 - Running SMOPF, Network case33_3, 2035, Summer...
[INFO] 			 - Running SMOPF, Network case33_3, 2035, Autumn...
[INFO] 			 - Running SMOPF, Network case33_3, 2035, Winter...
[INFO] 		 - Updating transmission network...
[INFO] 			 - Running SMOPF, Network case9, 2025, Spring...
[INFO] 			 - Running SMOPF, Network case9, 2025, Summer...
[INFO] 			 - Running SMOPF, Network case9, 2025, Autumn...
[INFO] 			 - Running SMOPF, Network case9, 2025, Winter...
[INFO] 			 - Running SMOPF, Network case9, 2030, Spring...
[INFO] 			 - Running SMOPF, Network case9, 2030, Summer...
[INFO] 			 - Running SMOPF, Network case9, 2030, Autumn...
[INFO] 			 - Running SMOPF, Network case9, 2030, Winter...
[INFO] 			 - Running SMOPF, Network case9, 2035, Spring...
[INFO] 			 - Running SMOPF, Network case9, 2035, Summer...
[INFO] 			 - Running SMOPF, Network case9, 2035, Autumn...
[INFO] 			 - Running SMOPF, Network case9, 2035, Winter...
[TSO PROX] cycle=1 | updated_blocks=12 | held_failed_blocks=0 | V max=0.084652 | PF max=0.549710 | ESS max=0.127345
[TSO PROX][V MAX] node=5, year=2035, day=Summer, period=22 | dV=29.204784 kV | normalized=0.084652
[TSO PROX][PF MAX] node=5, year=2025, day=Spring, period=9, type=P | delta=109.941947 MW | normalized=0.549710
[TSO PROX][ESS MAX] node=5, year=2025, day=Autumn, period=18, type=P | delta=0.636726 MW | normalized=0.127345
[INFO] 		 - Updating SharedESS...
[INFO] 		 - Running Shared ESS optimization (subproblem)...
[INFO] 			 - Node 5...
[INFO] Shared ESS complementarity diagnostics for ESS node=5: ratio_max=9.338863e-06 n_periods=288 mu_final=1.197520e-11 s_obj=1.000000e-01 eps=1.000000e-05 bound=3.448859e-03 measured=3.002143e-03
[INFO] 			 - Node 7...
[INFO] Shared ESS complementarity diagnostics for ESS node=7: ratio_max=9.392658e-06 n_periods=288 mu_final=1.090586e-11 s_obj=1.000000e-01 eps=1.000000e-05 bound=3.140887e-03 measured=3.164456e-03
[INFO] 			 - Node 9...
[INFO] Shared ESS complementarity diagnostics for ESS node=9: ratio_max=9.373477e-06 n_periods=288 mu_final=1.126412e-11 s_obj=1.000000e-01 eps=1.000000e-05 bound=3.244067e-03 measured=3.283780e-03
[DIAG][V MAX] node=5, year=2035, day=Summer, period=22 | TSO=373.045955 kV, DSO=342.682360 kV, diff=30.363595 kV, base=345.000000 kV, normalized=0.088010, rho(TSO/DSO)=0.007700/0.007700
[DIAG][PF MAX] node=5, year=2035, day=Summer, period=22, type=P | TSO=102.784983 MW, DSO=32.265354 MW, diff=70.519629 MW, rating=200.000000 MVA, normalized=0.352598, rho(TSO/DSO)=0.198000/0.198000
[INFO]		 - interface Vmag max primal residual failed. 0.088010 > 0.010000
[INFO]		 - interface Vmag mean primal residual failed. 0.032598 > 0.001000
[INFO]		 - interface PF max primal residual failed. 0.352598 > 0.010000
[INFO]		 - interface PF mean primal residual failed. 0.143476 > 0.001000
[INFO]		 - interface PF mean dual residual failed. 0.034626 > 0.010000
[INFO]		 - Recourse stationarity requires one previous successful cycle.
[ADMM RHO] V | primal max ratio=8.801 | primal mean ratio=32.598 | primal selected=32.598 | dual mean ratio=0.014 | increase threshold=5.0 | decrease threshold=5.0 | action=increased
[ADMM RHO BOYD] V | r=1.085291e+00 | s=7.981864e-03 | eps_pri=3.319081e-03 | eps_dual=2.947370e-04 | primal_ratio=3.269855e+02 | dual_ratio=2.708131e+01 | dual_ratio_balance=2.708131e+01 | rho_before=7.700000e-03 | rho_after=1.155000e-02 | gamma_before=0.000000e+00 | gamma_after=0.000000e+00 | action=increased
[ADMM RHO] PF | primal max ratio=35.260 | primal mean ratio=143.476 | primal selected=143.476 | dual mean ratio=3.463 | increase threshold=5.0 | decrease threshold=3.0 | action=held
[ADMM RHO BOYD] PF | r=6.648838e+00 | s=2.030228e+00 | eps_pri=1.619218e-03 | eps_dual=4.208293e-04 | primal_ratio=4.106203e+03 | dual_ratio=4.824351e+03 | dual_ratio_balance=4.824351e+03 | rho_before=1.980000e-01 | rho_after=1.980000e-01 | gamma_before=0.000000e+00 | gamma_after=0.000000e+00 | action=held
[ADMM RHO] ESS | primal max ratio=0.849 | primal mean ratio=0.908 | primal selected=0.908 | dual mean ratio=0.007 | increase threshold=5.0 | decrease threshold=5.0 | action=exempt (fixed)
[ADMM RHO BOYD] ESS | r=1.225113e+00 | s=8.663498e-03 | eps_pri=8.700639e-04 | eps_dual=7.212251e-04 | primal_ratio=1.408072e+03 | dual_ratio=1.201220e+01 | dual_ratio_balance=1.201220e+01 | rho_before=1.000000e-02 | rho_after=1.000000e-02 | gamma_before=0.000000e+00 | gamma_after=0.000000e+00 | action=exempt (fixed)
[INFO]		 - ADMM cycle 1 | Primal (V max/mean | PF max/mean | ESS max/mean) = 0.088010/0.032598 | 0.352598/0.143476 | 0.084925/0.009080 | Dual (V max/mean | PF max/mean | ESS max/mean) = 0.000652/0.000138 | 0.128943/0.034626 | 0.000424/0.000068 | Recourse change = N/A (tol. N/A) | Stable cycles = 0/10 | Penalty actions (V/PF/ESS) = increased/held/exempt (fixed)
[INFO] 	 - Iteration 1: 27.28 s
[INFO] 	 - ADMM Iteration 2
[INFO] 		 - Updating distribution networks:
[INFO] 			 - Running SMOPF, Network case33_1, 2025, Spring...
[INFO] 			 - Running SMOPF, Network case33_1, 2025, Summer...
[INFO] 			 - Running SMOPF, Network case33_1, 2025, Autumn...
[INFO] 			 - Running SMOPF, Network case33_1, 2025, Winter...
[INFO] 			 - Running SMOPF, Network case33_1, 2030, Spring...
[INFO] 			 - Running SMOPF, Network case33_1, 2030, Summer...
[INFO] 			 - Running SMOPF, Network case33_1, 2030, Autumn...
[INFO] 			 - Running SMOPF, Network case33_1, 2030, Winter...
[INFO] 			 - Running SMOPF, Network case33_1, 2035, Spring...
[INFO] 			 - Running SMOPF, Network case33_1, 2035, Summer...
[INFO] 			 - Running SMOPF, Network case33_1, 2035, Autumn...
[INFO] 			 - Running SMOPF, Network case33_1, 2035, Winter...
[INFO] 			 - Running SMOPF, Network case33_2, 2025, Spring...
[INFO] 			 - Running SMOPF, Network case33_2, 2025, Summer...
[INFO] 			 - Running SMOPF, Network case33_2, 2025, Autumn...
[INFO] 			 - Running SMOPF, Network case33_2, 2025, Winter...
[INFO] 			 - Running SMOPF, Network case33_2, 2030, Spring...
[INFO] 			 - Running SMOPF, Network case33_2, 2030, Summer...
[INFO] 			 - Running SMOPF, Network case33_2, 2030, Autumn...
[INFO] 			 - Running SMOPF, Network case33_2, 2030, Winter...
[INFO] 			 - Running SMOPF, Network case33_2, 2035, Spring...
[INFO] 			 - Running SMOPF, Network case33_2, 2035, Summer...
[INFO] 			 - Running SMOPF, Network case33_2, 2035, Autumn...
[INFO] 			 - Running SMOPF, Network case33_2, 2035, Winter...
[INFO] 			 - Running SMOPF, Network case33_3, 2025, Spring...
[INFO] 			 - Running SMOPF, Network case33_3, 2025, Summer...
[INFO] 			 - Running SMOPF, Network case33_3, 2025, Autumn...
[INFO] 			 - Running SMOPF, Network case33_3, 2025, Winter...
[INFO] 			 - Running SMOPF, Network case33_3, 2030, Spring...
[INFO] 			 - Running SMOPF, Network case33_3, 2030, Summer...
[INFO] 			 - Running SMOPF, Network case33_3, 2030, Autumn...
[INFO] 			 - Running SMOPF, Network case33_3, 2030, Winter...
[INFO] 			 - Running SMOPF, Network case33_3, 2035, Spring...
[INFO] 			 - Running SMOPF, Network case33_3, 2035, Summer...
[INFO] 			 - Running SMOPF, Network case33_3, 2035, Autumn...
[INFO] 			 - Running SMOPF, Network case33_3, 2035, Winter...
[INFO] 		 - Updating transmission network...
[INFO] 			 - Running SMOPF, Network case9, 2025, Spring...
[INFO] 			 - Running SMOPF, Network case9, 2025, Summer...
[INFO] 			 - Running SMOPF, Network case9, 2025, Autumn...
[INFO] 			 - Running SMOPF, Network case9, 2025, Winter...
[INFO] 			 - Running SMOPF, Network case9, 2030, Spring...
[INFO] 			 - Running SMOPF, Network case9, 2030, Summer...
[INFO] 			 - Running SMOPF, Network case9, 2030, Autumn...
[INFO] 			 - Running SMOPF, Network case9, 2030, Winter...
[INFO] 			 - Running SMOPF, Network case9, 2035, Spring...
[INFO] 			 - Running SMOPF, Network case9, 2035, Summer...
[INFO] 			 - Running SMOPF, Network case9, 2035, Autumn...
[INFO] 			 - Running SMOPF, Network case9, 2035, Winter...
[TSO PROX] cycle=2 | updated_blocks=12 | held_failed_blocks=0 | V max=0.021945 | PF max=0.304642 | ESS max=0.065966
[TSO PROX][V MAX] node=5, year=2035, day=Summer, period=22 | dV=7.570950 kV | normalized=0.021945
[TSO PROX][PF MAX] node=5, year=2025, day=Spring, period=20, type=P | delta=60.928362 MW | normalized=0.304642
[TSO PROX][ESS MAX] node=7, year=2035, day=Autumn, period=20, type=P | delta=0.329831 MW | normalized=0.065966
[INFO] 		 - Updating SharedESS...
[INFO] 		 - Running Shared ESS optimization (subproblem)...
[INFO] 			 - Node 5...
[INFO] Shared ESS complementarity diagnostics for ESS node=5: ratio_max=5.936656e-06 n_periods=288 mu_final=1.116291e-11 s_obj=1.000000e-01 eps=1.000000e-05 bound=3.214918e-03 measured=2.620977e-03
[INFO] 			 - Node 7...
[INFO] Shared ESS complementarity diagnostics for ESS node=7: ratio_max=5.984932e-06 n_periods=288 mu_final=1.124213e-11 s_obj=1.000000e-01 eps=1.000000e-05 bound=3.237733e-03 measured=2.619859e-03
[INFO] 			 - Node 9...
[INFO] Shared ESS complementarity diagnostics for ESS node=9: ratio_max=5.091083e-06 n_periods=288 mu_final=9.130244e-12 s_obj=1.000000e-01 eps=1.000000e-05 bound=2.629510e-03 measured=2.618042e-03
[DIAG][V MAX] node=9, year=2025, day=Spring, period=23 | TSO=362.278169 kV, DSO=379.498470 kV, diff=17.220301 kV, base=345.000000 kV, normalized=0.049914, rho(TSO/DSO)=0.011550/0.011550
[DIAG][PF MAX] node=5, year=2035, day=Spring, period=7, type=P | TSO=13.216912 MW, DSO=-25.603052 MW, diff=38.819965 MW, rating=200.000000 MVA, normalized=0.194100, rho(TSO/DSO)=0.198000/0.198000
[INFO]		 - interface Vmag max primal residual failed. 0.049914 > 0.010000
[INFO]		 - interface Vmag mean primal residual failed. 0.015795 > 0.001000
[INFO]		 - interface PF max primal residual failed. 0.194100 > 0.010000
[INFO]		 - interface PF mean primal residual failed. 0.003159 > 0.001000
[INFO]		 - interface PF mean dual residual failed. 0.016445 > 0.010000
[RECOURSE JUMP] cycle=2 | abs_change=8.457171e+08 | tol=1.586460e+05 | signed_change=-8.457171e+08
[RECOURSE JUMP] Reconciliation | previous=1.586460e+09 | current=7.407428e+08 | block_delta=-8.457171e+08 | mismatch=+7.152557e-07
[RECOURSE JUMP] Aggregate signed changes:
  TSO | delta=-7.779685e+08
  DSO node=5 | delta=-3.084385e+07
  DSO node=9 | delta=-2.420414e+07
  DSO node=7 | delta=-1.270064e+07
  SALVAGE | delta=-7.780080e-35
[RECOURSE JUMP] Largest 10 block changes:
  TSO node=None year=2025 day=Spring | previous=1.518750e+08 | current=5.281065e+07 | delta=-9.906439e+07 | abs_delta=9.906439e+07
    [RECOURSE JUMP][TSO PROX] year=2025 day=Spring | V max=0.012895 | PF max=0.304642 | ESS max=0.019822
    [RECOURSE COMPONENTS] gen=-9.906439e+07 | flex=+0.000000e+00 | load_curt=+0.000000e+00 | res_curt=+0.000000e+00 | ess_usage=+0.000000e+00 | slacks=+2.058016e-10 | ess_comp=-2.281880e-04
    [SLACK COMPONENTS] voltage=+2.058016e-10 | node_P=+0.000000e+00 | node_Q=+0.000000e+00 | branch_ij=+0.000000e+00 | branch_ji=+0.000000e+00 | flex_P=+0.000000e+00 | flex_Q=+0.000000e+00
    [SLACK COMPONENT CHECK] classified_delta=+2.058016e-10 | objective_slack_delta=+2.058016e-10 | mismatch=+0.000000e+00
    [RECOURSE COMPONENT CHECK] classified_delta=-9.906439e+07 | block_delta=-9.906439e+07 | mismatch=+1.490116e-08
  TSO node=None year=2035 day=Spring | previous=1.230133e+08 | current=3.726158e+07 | delta=-8.575172e+07 | abs_delta=8.575172e+07
    [RECOURSE JUMP][TSO PROX] year=2035 day=Spring | V max=0.018871 | PF max=0.260157 | ESS max=0.061822
    [RECOURSE COMPONENTS] gen=-8.575172e+07 | flex=+0.000000e+00 | load_curt=+0.000000e+00 | res_curt=+0.000000e+00 | ess_usage=+0.000000e+00 | slacks=+1.600355e-10 | ess_comp=-3.454903e-04
    [SLACK COMPONENTS] voltage=+1.600355e-10 | node_P=+0.000000e+00 | node_Q=+0.000000e+00 | branch_ij=+0.000000e+00 | branch_ji=+0.000000e+00 | flex_P=+0.000000e+00 | flex_Q=+0.000000e+00
    [SLACK COMPONENT CHECK] classified_delta=+1.600355e-10 | objective_slack_delta=+1.600355e-10 | mismatch=+0.000000e+00
    [RECOURSE COMPONENT CHECK] classified_delta=-8.575172e+07 | block_delta=-8.575172e+07 | mismatch=+1.490116e-08
  TSO node=None year=2025 day=Summer | previous=1.592161e+08 | current=7.383346e+07 | delta=-8.538265e+07 | abs_delta=8.538265e+07
    [RECOURSE JUMP][TSO PROX] year=2025 day=Summer | V max=0.011792 | PF max=0.303497 | ESS max=0.018879
    [RECOURSE COMPONENTS] gen=-8.538265e+07 | flex=+0.000000e+00 | load_curt=+0.000000e+00 | res_curt=+0.000000e+00 | ess_usage=+0.000000e+00 | slacks=+5.371845e-10 | ess_comp=-1.848477e-04
    [SLACK COMPONENTS] voltage=+5.371845e-10 | node_P=+0.000000e+00 | node_Q=+0.000000e+00 | branch_ij=+0.000000e+00 | branch_ji=+0.000000e+00 | flex_P=+0.000000e+00 | flex_Q=+0.000000e+00
    [SLACK COMPONENT CHECK] classified_delta=+5.371845e-10 | objective_slack_delta=+5.371845e-10 | mismatch=+0.000000e+00
    [RECOURSE COMPONENT CHECK] classified_delta=-8.538265e+07 | block_delta=-8.538265e+07 | mismatch=+2.980232e-08
  TSO node=None year=2025 day=Winter | previous=1.683114e+08 | current=8.434167e+07 | delta=-8.396976e+07 | abs_delta=8.396976e+07
    [RECOURSE JUMP][TSO PROX] year=2025 day=Winter | V max=0.014643 | PF max=0.211211 | ESS max=0.028081
    [RECOURSE COMPONENTS] gen=-8.396976e+07 | flex=+0.000000e+00 | load_curt=+0.000000e+00 | res_curt=+0.000000e+00 | ess_usage=+0.000000e+00 | slacks=+1.097959e-09 | ess_comp=-1.229970e-05
    [SLACK COMPONENTS] voltage=+1.097959e-09 | node_P=+0.000000e+00 | node_Q=+0.000000e+00 | branch_ij=+0.000000e+00 | branch_ji=+0.000000e+00 | flex_P=+0.000000e+00 | flex_Q=+0.000000e+00
    [SLACK COMPONENT CHECK] classified_delta=+1.097959e-09 | objective_slack_delta=+1.097959e-09 | mismatch=+0.000000e+00
    [RECOURSE COMPONENT CHECK] classified_delta=-8.396976e+07 | block_delta=-8.396976e+07 | mismatch=-2.980232e-08
  TSO node=None year=2030 day=Spring | previous=1.115004e+08 | current=2.926256e+07 | delta=-8.223784e+07 | abs_delta=8.223784e+07
    [RECOURSE JUMP][TSO PROX] year=2030 day=Spring | V max=0.012878 | PF max=0.255208 | ESS max=0.025869
    [RECOURSE COMPONENTS] gen=-8.223784e+07 | flex=+0.000000e+00 | load_curt=+0.000000e+00 | res_curt=+0.000000e+00 | ess_usage=+0.000000e+00 | slacks=+4.830270e-11 | ess_comp=-3.383686e-04
    [SLACK COMPONENTS] voltage=+4.830270e-11 | node_P=+0.000000e+00 | node_Q=+0.000000e+00 | branch_ij=+0.000000e+00 | branch_ji=+0.000000e+00 | flex_P=+0.000000e+00 | flex_Q=+0.000000e+00
    [SLACK COMPONENT CHECK] classified_delta=+4.830270e-11 | objective_slack_delta=+4.830270e-11 | mismatch=+0.000000e+00
    [RECOURSE COMPONENT CHECK] classified_delta=-8.223784e+07 | block_delta=-8.223784e+07 | mismatch=+1.490116e-08
  TSO node=None year=2025 day=Autumn | previous=1.533567e+08 | current=7.812166e+07 | delta=-7.523506e+07 | abs_delta=7.523506e+07
    [RECOURSE JUMP][TSO PROX] year=2025 day=Autumn | V max=0.019282 | PF max=0.221634 | ESS max=0.040501
    [RECOURSE COMPONENTS] gen=-7.523506e+07 | flex=+0.000000e+00 | load_curt=+0.000000e+00 | res_curt=+0.000000e+00 | ess_usage=+0.000000e+00 | slacks=+9.705516e-10 | ess_comp=-3.949597e-05
    [SLACK COMPONENTS] voltage=+9.705516e-10 | node_P=+0.000000e+00 | node_Q=+0.000000e+00 | branch_ij=+0.000000e+00 | branch_ji=+0.000000e+00 | flex_P=+0.000000e+00 | flex_Q=+0.000000e+00
    [SLACK COMPONENT CHECK] classified_delta=+9.705516e-10 | objective_slack_delta=+9.705516e-10 | mismatch=+0.000000e+00
    [RECOURSE COMPONENT CHECK] classified_delta=-7.523506e+07 | block_delta=-7.523506e+07 | mismatch=+1.490116e-08
  TSO node=None year=2030 day=Summer | previous=1.153161e+08 | current=5.105868e+07 | delta=-6.425737e+07 | abs_delta=6.425737e+07
    [RECOURSE JUMP][TSO PROX] year=2030 day=Summer | V max=0.012768 | PF max=0.220576 | ESS max=0.028855
    [RECOURSE COMPONENTS] gen=-6.425737e+07 | flex=+0.000000e+00 | load_curt=+0.000000e+00 | res_curt=+0.000000e+00 | ess_usage=+0.000000e+00 | slacks=+1.660325e-10 | ess_comp=-3.292457e-04
    [SLACK COMPONENTS] voltage=+1.660325e-10 | node_P=+0.000000e+00 | node_Q=+0.000000e+00 | branch_ij=+0.000000e+00 | branch_ji=+0.000000e+00 | flex_P=+0.000000e+00 | flex_Q=+0.000000e+00
    [SLACK COMPONENT CHECK] classified_delta=+1.660325e-10 | objective_slack_delta=+1.660325e-10 | mismatch=+0.000000e+00
    [RECOURSE COMPONENT CHECK] classified_delta=-6.425737e+07 | block_delta=-6.425737e+07 | mismatch=-7.450581e-09
  TSO node=None year=2035 day=Summer | previous=1.100333e+08 | current=4.675021e+07 | delta=-6.328312e+07 | abs_delta=6.328312e+07
    [RECOURSE JUMP][TSO PROX] year=2035 day=Summer | V max=0.021945 | PF max=0.265494 | ESS max=0.051252
    [RECOURSE COMPONENTS] gen=-6.328312e+07 | flex=+0.000000e+00 | load_curt=+0.000000e+00 | res_curt=+0.000000e+00 | ess_usage=+0.000000e+00 | slacks=-1.207923e-13 | ess_comp=-2.458630e-04
    [SLACK COMPONENTS] voltage=-1.207923e-13 | node_P=+0.000000e+00 | node_Q=+0.000000e+00 | branch_ij=+0.000000e+00 | branch_ji=+0.000000e+00 | flex_P=+0.000000e+00 | flex_Q=+0.000000e+00
    [SLACK COMPONENT CHECK] classified_delta=-1.207923e-13 | objective_slack_delta=-1.207923e-13 | mismatch=+0.000000e+00
    [RECOURSE COMPONENT CHECK] classified_delta=-6.328312e+07 | block_delta=-6.328312e+07 | mismatch=+1.490116e-08
  TSO node=None year=2030 day=Winter | previous=8.208326e+07 | current=3.865796e+07 | delta=-4.342530e+07 | abs_delta=4.342530e+07
    [RECOURSE JUMP][TSO PROX] year=2030 day=Winter | V max=0.014631 | PF max=0.154120 | ESS max=0.051059
    [RECOURSE COMPONENTS] gen=-4.342530e+07 | flex=+0.000000e+00 | load_curt=+0.000000e+00 | res_curt=+0.000000e+00 | ess_usage=+0.000000e+00 | slacks=-4.160938e-11 | ess_comp=-6.003228e-05
    [SLACK COMPONENTS] voltage=-4.160938e-11 | node_P=+0.000000e+00 | node_Q=+0.000000e+00 | branch_ij=+0.000000e+00 | branch_ji=+0.000000e+00 | flex_P=+0.000000e+00 | flex_Q=+0.000000e+00
    [SLACK COMPONENT CHECK] classified_delta=-4.160938e-11 | objective_slack_delta=-4.160938e-11 | mismatch=+0.000000e+00
    [RECOURSE COMPONENT CHECK] classified_delta=-4.342530e+07 | block_delta=-4.342530e+07 | mismatch=+7.450581e-09
  TSO node=None year=2035 day=Winter | previous=7.432345e+07 | current=3.708009e+07 | delta=-3.724335e+07 | abs_delta=3.724335e+07
    [RECOURSE JUMP][TSO PROX] year=2035 day=Winter | V max=0.016167 | PF max=0.128499 | ESS max=0.022767
    [RECOURSE COMPONENTS] gen=-3.724335e+07 | flex=+0.000000e+00 | load_curt=+0.000000e+00 | res_curt=+0.000000e+00 | ess_usage=+0.000000e+00 | slacks=-6.953229e-10 | ess_comp=-5.172087e-05
    [SLACK COMPONENTS] voltage=-6.953229e-10 | node_P=+0.000000e+00 | node_Q=+0.000000e+00 | branch_ij=+0.000000e+00 | branch_ji=+0.000000e+00 | flex_P=+0.000000e+00 | flex_Q=+0.000000e+00
    [SLACK COMPONENT CHECK] classified_delta=-6.953229e-10 | objective_slack_delta=-6.953229e-10 | mismatch=+0.000000e+00
    [RECOURSE COMPONENT CHECK] classified_delta=-3.724335e+07 | block_delta=-3.724335e+07 | mismatch=+0.000000e+00
[INFO]		 - Recourse stationarity failed. 845717094.982562 > 158645.992456
[ADMM RHO] V | primal max ratio=4.991 | primal mean ratio=15.795 | primal selected=15.795 | dual mean ratio=0.034 | increase threshold=5.0 | decrease threshold=5.0 | action=increased
[ADMM RHO BOYD] V | r=5.920546e-01 | s=2.492141e-03 | eps_pri=3.378624e-03 | eps_dual=2.941897e-04 | primal_ratio=1.752354e+02 | dual_ratio=8.471204e+00 | dual_ratio_balance=8.471204e+00 | rho_before=1.155000e-02 | rho_after=1.732500e-02 | gamma_before=0.000000e+00 | gamma_after=0.000000e+00 | action=increased
[ADMM RHO] PF | primal max ratio=19.410 | primal mean ratio=3.159 | primal selected=19.410 | dual mean ratio=1.644 | increase threshold=5.0 | decrease threshold=3.0 | action=decreased
[ADMM RHO BOYD] PF | r=4.661932e-01 | s=8.814951e-01 | eps_pri=1.291221e-03 | eps_dual=4.246863e-04 | primal_ratio=3.610483e+02 | dual_ratio=2.075638e+03 | dual_ratio_balance=2.075638e+03 | rho_before=1.980000e-01 | rho_after=1.320000e-01 | gamma_before=0.000000e+00 | gamma_after=0.000000e+00 | action=decreased
[ADMM RHO] ESS | primal max ratio=0.442 | primal mean ratio=0.251 | primal selected=0.442 | dual mean ratio=0.008 | increase threshold=5.0 | decrease threshold=5.0 | action=exempt (fixed)
[ADMM RHO BOYD] ESS | r=3.598359e-01 | s=1.042867e-02 | eps_pri=9.134365e-04 | eps_dual=7.214748e-04 | primal_ratio=3.939364e+02 | dual_ratio=1.445466e+01 | dual_ratio_balance=1.445466e+01 | rho_before=1.000000e-02 | rho_after=1.000000e-02 | gamma_before=0.000000e+00 | gamma_after=0.000000e+00 | action=exempt (fixed)
[INFO]		 - ADMM cycle 2 | Primal (V max/mean | PF max/mean | ESS max/mean) = 0.049914/0.015795 | 0.194100/0.003159 | 0.044180/0.002507 | Dual (V max/mean | PF max/mean | ESS max/mean) = 0.001274/0.000340 | 0.064172/0.016445 | 0.000504/0.000083 | Recourse change = 845717094.982562 (tol. 158645.992456) | Stable cycles = 0/10 | Penalty actions (V/PF/ESS) = increased/decreased/exempt (fixed)
[INFO] 	 - Iteration 2: 28.20 s
[INFO] 	 - ADMM Iteration 3
[INFO] 		 - Updating distribution networks:
[INFO] 			 - Running SMOPF, Network case33_1, 2025, Spring...
[INFO] 			 - Running SMOPF, Network case33_1, 2025, Summer...
[INFO] 			 - Running SMOPF, Network case33_1, 2025, Autumn...
[INFO] 			 - Running SMOPF, Network case33_1, 2025, Winter...
[INFO] 			 - Running SMOPF, Network case33_1, 2030, Spring...
[INFO] 			 - Running SMOPF, Network case33_1, 2030, Summer...
[INFO] 			 - Running SMOPF, Network case33_1, 2030, Autumn...
[INFO] 			 - Running SMOPF, Network case33_1, 2030, Winter...
[WARNING] Network primary solve did not converge for case33_1, year=2030, day=Winter: status=warning, termination=maxIterations, message=Ipopt 3.14.18\x3a Maximum Number of Iterations Exceeded. | warm_start=True
[WARNING] ADMM penalties for case33_1, year=2030, day=Winter: rho_v=0.017325, rho_pf=0.132, rho_ess=0.01
[WARNING] IPOPT primary solve log for case33_1, year=2030, day=Winter: /Users/micaelsimoes/Projects/share-resource-planning-no_esso-degradation/data/SRP1/Results/P56A/evals/p515s44_s45_w11_snapoff_fail_on_578636daa6d6360d_run/logs/optim_log_case33_1_2030_Winter.log
[INFO] Retrying network solve once for case33_1, year=2030, day=Winter, cold start, with warm_start_init_point=no.
[INFO] Network recovery solve succeeded for case33_1, year=2030, day=Winter.
[INFO] 			 - Running SMOPF, Network case33_1, 2035, Spring...
[INFO] 			 - Running SMOPF, Network case33_1, 2035, Summer...
[INFO] 			 - Running SMOPF, Network case33_1, 2035, Autumn...
[INFO] 			 - Running SMOPF, Network case33_1, 2035, Winter...
[INFO] 			 - Running SMOPF, Network case33_2, 2025, Spring...
[INFO] 			 - Running SMOPF, Network case33_2, 2025, Summer...
[INFO] 			 - Running SMOPF, Network case33_2, 2025, Autumn...
[INFO] 			 - Running SMOPF, Network case33_2, 2025, Winter...
[INFO] 			 - Running SMOPF, Network case33_2, 2030, Spring...
[INFO] 			 - Running SMOPF, Network case33_2, 2030, Summer...
[INFO] 			 - Running SMOPF, Network case33_2, 2030, Autumn...
[INFO] 			 - Running SMOPF, Network case33_2, 2030, Winter...
[INFO] 			 - Running SMOPF, Network case33_2, 2035, Spring...
[INFO] 			 - Running SMOPF, Network case33_2, 2035, Summer...
[INFO] 			 - Running SMOPF, Network case33_2, 2035, Autumn...
[INFO] 			 - Running SMOPF, Network case33_2, 2035, Winter...
[INFO] 			 - Running SMOPF, Network case33_3, 2025, Spring...
[INFO] 			 - Running SMOPF, Network case33_3, 2025, Summer...
[INFO] 			 - Running SMOPF, Network case33_3, 2025, Autumn...
[INFO] 			 - Running SMOPF, Network case33_3, 2025, Winter...
[INFO] 			 - Running SMOPF, Network case33_3, 2030, Spring...
[INFO] 			 - Running SMOPF, Network case33_3, 2030, Summer...
[INFO] 			 - Running SMOPF, Network case33_3, 2030, Autumn...
[INFO] 			 - Running SMOPF, Network case33_3, 2030, Winter...
[INFO] 			 - Running SMOPF, Network case33_3, 2035, Spring...
[INFO] 			 - Running SMOPF, Network case33_3, 2035, Summer...
[INFO] 			 - Running SMOPF, Network case33_3, 2035, Autumn...
[INFO] 			 - Running SMOPF, Network case33_3, 2035, Winter...
[INFO] 		 - Updating transmission network...
[INFO] 			 - Running SMOPF, Network case9, 2025, Spring...
[INFO] 			 - Running SMOPF, Network case9, 2025, Summer...
[INFO] 			 - Running SMOPF, Network case9, 2025, Autumn...
[INFO] 			 - Running SMOPF, Network case9, 2025, Winter...
[INFO] 			 - Running SMOPF, Network case9, 2030, Spring...
[INFO] 			 - Running SMOPF, Network case9, 2030, Summer...
[INFO] 			 - Running SMOPF, Network case9, 2030, Autumn...
[INFO] 			 - Running SMOPF, Network case9, 2030, Winter...
[INFO] 			 - Running SMOPF, Network case9, 2035, Spring...
[INFO] 			 - Running SMOPF, Network case9, 2035, Summer...
[INFO] 			 - Running SMOPF, Network case9, 2035, Autumn...
[INFO] 			 - Running SMOPF, Network case9, 2035, Winter...
[TSO PROX] cycle=3 | updated_blocks=12 | held_failed_blocks=0 | V max=0.016543 | PF max=0.193181 | ESS max=0.073979
[TSO PROX][V MAX] node=7, year=2035, day=Spring, period=9 | dV=5.707355 kV | normalized=0.016543
[TSO PROX][PF MAX] node=7, year=2035, day=Spring, period=13, type=P | delta=19.318092 MW | normalized=0.193181
[TSO PROX][ESS MAX] node=9, year=2035, day=Summer, period=10, type=P | delta=0.369896 MW | normalized=0.073979
[INFO] 		 - Updating SharedESS...
[INFO] 		 - Running Shared ESS optimization (subproblem)...
[INFO] 			 - Node 5...
[INFO] Shared ESS complementarity diagnostics for ESS node=5: ratio_max=5.771509e-06 n_periods=288 mu_final=1.077782e-11 s_obj=1.000000e-01 eps=1.000000e-05 bound=3.104012e-03 measured=2.641526e-03
[INFO] 			 - Node 7...
[INFO] Shared ESS complementarity diagnostics for ESS node=7: ratio_max=4.997761e-06 n_periods=288 mu_final=9.102695e-12 s_obj=1.000000e-01 eps=1.000000e-05 bound=2.621576e-03 measured=2.620750e-03
[INFO] 			 - Node 9...
[INFO] Shared ESS complementarity diagnostics for ESS node=9: ratio_max=5.061152e-06 n_periods=288 mu_final=9.107945e-12 s_obj=1.000000e-01 eps=1.000000e-05 bound=2.623088e-03 measured=2.620693e-03
[DIAG][V MAX] node=9, year=2035, day=Summer, period=20 | TSO=367.703466 kV, DSO=372.549710 kV, diff=4.846244 kV, base=345.000000 kV, normalized=0.014047, rho(TSO/DSO)=0.017325/0.017325
[DIAG][PF MAX] node=5, year=2035, day=Summer, period=10, type=P | TSO=23.910008 MW, DSO=56.496116 MW, diff=32.586108 MW, rating=200.000000 MVA, normalized=0.162931, rho(TSO/DSO)=0.132000/0.132000
[INFO]		 - interface Vmag max primal residual failed. 0.014047 > 0.010000
[INFO]		 - interface Vmag mean primal residual failed. 0.001579 > 0.001000
[INFO]		 - interface PF max primal residual failed. 0.162931 > 0.010000
[INFO]		 - interface PF mean primal residual failed. 0.003771 > 0.001000
[INFO]		 - Dual residuals ok!
[RECOURSE JUMP] cycle=3 | abs_change=3.633093e+07 | tol=7.407428e+04 | signed_change=-3.633093e+07
[RECOURSE JUMP] Reconciliation | previous=7.407428e+08 | current=7.044119e+08 | block_delta=-3.633093e+07 | mismatch=-3.576279e-07
[RECOURSE JUMP] Aggregate signed changes:
  TSO | delta=-6.776673e+07
  DSO node=9 | delta=+1.126986e+07
  DSO node=7 | delta=+1.073819e+07
  DSO node=5 | delta=+9.427754e+06
  SALVAGE | delta=+8.462665e-35
[RECOURSE JUMP] Largest 10 block changes:
  TSO node=None year=2035 day=Summer | previous=4.675021e+07 | current=2.845214e+07 | delta=-1.829807e+07 | abs_delta=1.829807e+07
    [RECOURSE JUMP][TSO PROX] year=2035 day=Summer | V max=0.007182 | PF max=0.141958 | ESS max=0.073979
    [RECOURSE COMPONENTS] gen=-1.829807e+07 | flex=+0.000000e+00 | load_curt=+0.000000e+00 | res_curt=-0.000000e+00 | ess_usage=+0.000000e+00 | slacks=+1.089688e-10 | ess_comp=+2.551654e-04
    [SLACK COMPONENTS] voltage=+1.089688e-10 | node_P=+0.000000e+00 | node_Q=+0.000000e+00 | branch_ij=+0.000000e+00 | branch_ji=+0.000000e+00 | flex_P=+0.000000e+00 | flex_Q=+0.000000e+00
    [SLACK COMPONENT CHECK] classified_delta=+1.089688e-10 | objective_slack_delta=+1.089688e-10 | mismatch=+0.000000e+00
    [RECOURSE COMPONENT CHECK] classified_delta=-1.829807e+07 | block_delta=-1.829807e+07 | mismatch=+0.000000e+00
  TSO node=None year=2025 day=Spring | previous=5.281065e+07 | current=4.196317e+07 | delta=-1.084747e+07 | abs_delta=1.084747e+07
    [RECOURSE JUMP][TSO PROX] year=2025 day=Spring | V max=0.011830 | PF max=0.144369 | ESS max=0.021151
    [RECOURSE COMPONENTS] gen=-1.084747e+07 | flex=+0.000000e+00 | load_curt=+0.000000e+00 | res_curt=+0.000000e+00 | ess_usage=+0.000000e+00 | slacks=+3.165965e-10 | ess_comp=+1.699852e-04
    [SLACK COMPONENTS] voltage=+3.165965e-10 | node_P=+0.000000e+00 | node_Q=+0.000000e+00 | branch_ij=+0.000000e+00 | branch_ji=+0.000000e+00 | flex_P=+0.000000e+00 | flex_Q=+0.000000e+00
    [SLACK COMPONENT CHECK] classified_delta=+3.165965e-10 | objective_slack_delta=+3.165965e-10 | mismatch=+0.000000e+00
    [RECOURSE COMPONENT CHECK] classified_delta=-1.084747e+07 | block_delta=-1.084747e+07 | mismatch=+7.450581e-09
  TSO node=None year=2025 day=Summer | previous=7.383346e+07 | current=6.499471e+07 | delta=-8.838751e+06 | abs_delta=8.838751e+06
    [RECOURSE JUMP][TSO PROX] year=2025 day=Summer | V max=0.008103 | PF max=0.095540 | ESS max=0.017148
    [RECOURSE COMPONENTS] gen=-8.838751e+06 | flex=+0.000000e+00 | load_curt=+0.000000e+00 | res_curt=+0.000000e+00 | ess_usage=+0.000000e+00 | slacks=+4.142251e-10 | ess_comp=+1.421550e-04
    [SLACK COMPONENTS] voltage=+4.142251e-10 | node_P=+0.000000e+00 | node_Q=+0.000000e+00 | branch_ij=+0.000000e+00 | branch_ji=+0.000000e+00 | flex_P=+0.000000e+00 | flex_Q=+0.000000e+00
    [SLACK COMPONENT CHECK] classified_delta=+4.142251e-10 | objective_slack_delta=+4.142251e-10 | mismatch=+0.000000e+00
    [RECOURSE COMPONENT CHECK] classified_delta=-8.838751e+06 | block_delta=-8.838751e+06 | mismatch=+5.587935e-09
  TSO node=None year=2030 day=Summer | previous=5.105868e+07 | current=4.293923e+07 | delta=-8.119452e+06 | abs_delta=8.119452e+06
    [RECOURSE JUMP][TSO PROX] year=2030 day=Summer | V max=0.009868 | PF max=0.127794 | ESS max=0.025284
    [RECOURSE COMPONENTS] gen=-8.119452e+06 | flex=+0.000000e+00 | load_curt=+0.000000e+00 | res_curt=+0.000000e+00 | ess_usage=+0.000000e+00 | slacks=+1.344773e-10 | ess_comp=+1.142654e-04
    [SLACK COMPONENTS] voltage=+1.344773e-10 | node_P=+0.000000e+00 | node_Q=+0.000000e+00 | branch_ij=+0.000000e+00 | branch_ji=+0.000000e+00 | flex_P=+0.000000e+00 | flex_Q=+0.000000e+00
    [SLACK COMPONENT CHECK] classified_delta=+1.344773e-10 | objective_slack_delta=+1.344773e-10 | mismatch=+0.000000e+00
    [RECOURSE COMPONENT CHECK] classified_delta=-8.119452e+06 | block_delta=-8.119452e+06 | mismatch=-1.117587e-08
  TSO node=None year=2035 day=Spring | previous=3.726158e+07 | current=3.122862e+07 | delta=-6.032959e+06 | abs_delta=6.032959e+06
    [RECOURSE JUMP][TSO PROX] year=2035 day=Spring | V max=0.016543 | PF max=0.193181 | ESS max=0.034792
    [RECOURSE COMPONENTS] gen=-6.032959e+06 | flex=+0.000000e+00 | load_curt=+0.000000e+00 | res_curt=+0.000000e+00 | ess_usage=+0.000000e+00 | slacks=+5.527454e-10 | ess_comp=+2.370069e-04
    [SLACK COMPONENTS] voltage=+5.527454e-10 | node_P=+0.000000e+00 | node_Q=+0.000000e+00 | branch_ij=+0.000000e+00 | branch_ji=+0.000000e+00 | flex_P=+0.000000e+00 | flex_Q=+0.000000e+00
    [SLACK COMPONENT CHECK] classified_delta=+5.527454e-10 | objective_slack_delta=+5.527454e-10 | mismatch=+0.000000e+00
    [RECOURSE COMPONENT CHECK] classified_delta=-6.032959e+06 | block_delta=-6.032959e+06 | mismatch=-6.519258e-09
  TSO node=None year=2030 day=Spring | previous=2.926256e+07 | current=2.477096e+07 | delta=-4.491600e+06 | abs_delta=4.491600e+06
    [RECOURSE JUMP][TSO PROX] year=2030 day=Spring | V max=0.013545 | PF max=0.182388 | ESS max=0.025766
    [RECOURSE COMPONENTS] gen=-4.491600e+06 | flex=+0.000000e+00 | load_curt=+0.000000e+00 | res_curt=+0.000000e+00 | ess_usage=+0.000000e+00 | slacks=+2.062279e-10 | ess_comp=+8.719215e-05
    [SLACK COMPONENTS] voltage=+2.062279e-10 | node_P=+0.000000e+00 | node_Q=+0.000000e+00 | branch_ij=+0.000000e+00 | branch_ji=+0.000000e+00 | flex_P=+0.000000e+00 | flex_Q=+0.000000e+00
    [SLACK COMPONENT CHECK] classified_delta=+2.062279e-10 | objective_slack_delta=+2.062279e-10 | mismatch=+0.000000e+00
    [RECOURSE COMPONENT CHECK] classified_delta=-4.491600e+06 | block_delta=-4.491600e+06 | mismatch=-1.862645e-09
  TSO node=None year=2025 day=Winter | previous=8.434167e+07 | current=8.013948e+07 | delta=-4.202197e+06 | abs_delta=4.202197e+06
    [RECOURSE JUMP][TSO PROX] year=2025 day=Winter | V max=0.009059 | PF max=0.057567 | ESS max=0.026855
    [RECOURSE COMPONENTS] gen=-4.202197e+06 | flex=+0.000000e+00 | load_curt=+0.000000e+00 | res_curt=+0.000000e+00 | ess_usage=+0.000000e+00 | slacks=+1.120121e-09 | ess_comp=-1.150829e-06
    [SLACK COMPONENTS] voltage=+1.120121e-09 | node_P=+0.000000e+00 | node_Q=+0.000000e+00 | branch_ij=+0.000000e+00 | branch_ji=+0.000000e+00 | flex_P=+0.000000e+00 | flex_Q=+0.000000e+00
    [SLACK COMPONENT CHECK] classified_delta=+1.120121e-09 | objective_slack_delta=+1.120121e-09 | mismatch=+0.000000e+00
    [RECOURSE COMPONENT CHECK] classified_delta=-4.202197e+06 | block_delta=-4.202197e+06 | mismatch=+1.210719e-08
  DSO node=5 year=2035 day=Summer | previous=6.177854e+06 | current=1.017444e+07 | delta=+3.996585e+06 | abs_delta=3.996585e+06
    [RECOURSE COMPONENTS] gen=+0.000000e+00 | flex=+3.996585e+06 | load_curt=+0.000000e+00 | res_curt=+0.000000e+00 | ess_usage=+0.000000e+00 | slacks=+7.613368e-04 | ess_comp=+7.538736e-07
    [SLACK COMPONENTS] voltage=+2.335309e-05 | node_P=+0.000000e+00 | node_Q=+0.000000e+00 | branch_ij=+0.000000e+00 | branch_ji=+0.000000e+00 | flex_P=+7.379837e-04 | flex_Q=+0.000000e+00
    [SLACK COMPONENT CHECK] classified_delta=+7.613368e-04 | objective_slack_delta=+7.613368e-04 | mismatch=-6.750156e-14
    [RECOURSE COMPONENT CHECK] classified_delta=+3.996585e+06 | block_delta=+3.996585e+06 | mismatch=+1.396984e-09
  DSO node=9 year=2035 day=Summer | previous=8.669711e+06 | current=1.166202e+07 | delta=+2.992310e+06 | abs_delta=2.992310e+06
    [RECOURSE COMPONENTS] gen=+0.000000e+00 | flex=+2.992310e+06 | load_curt=+0.000000e+00 | res_curt=+0.000000e+00 | ess_usage=+0.000000e+00 | slacks=+8.746696e-04 | ess_comp=+7.533309e-07
    [SLACK COMPONENTS] voltage=+3.739048e-05 | node_P=+0.000000e+00 | node_Q=+0.000000e+00 | branch_ij=+0.000000e+00 | branch_ji=+0.000000e+00 | flex_P=+8.372791e-04 | flex_Q=+0.000000e+00
    [SLACK COMPONENT CHECK] classified_delta=+8.746696e-04 | objective_slack_delta=+8.746696e-04 | mismatch=+9.947598e-14
    [RECOURSE COMPONENT CHECK] classified_delta=+2.992310e+06 | block_delta=+2.992310e+06 | mismatch=+4.656613e-10
  TSO node=None year=2025 day=Autumn | previous=7.812166e+07 | current=7.531144e+07 | delta=-2.810221e+06 | abs_delta=2.810221e+06
    [RECOURSE JUMP][TSO PROX] year=2025 day=Autumn | V max=0.010513 | PF max=0.034347 | ESS max=0.036951
    [RECOURSE COMPONENTS] gen=-2.810221e+06 | flex=+0.000000e+00 | load_curt=+0.000000e+00 | res_curt=+0.000000e+00 | ess_usage=+0.000000e+00 | slacks=+1.067129e-09 | ess_comp=+4.930759e-05
    [SLACK COMPONENTS] voltage=+1.067129e-09 | node_P=+0.000000e+00 | node_Q=+0.000000e+00 | branch_ij=+0.000000e+00 | branch_ji=+0.000000e+00 | flex_P=+0.000000e+00 | flex_Q=+0.000000e+00
    [SLACK COMPONENT CHECK] classified_delta=+1.067129e-09 | objective_slack_delta=+1.067129e-09 | mismatch=+0.000000e+00
    [RECOURSE COMPONENT CHECK] classified_delta=-2.810221e+06 | block_delta=-2.810221e+06 | mismatch=+4.656613e-10
[INFO]		 - Recourse stationarity failed. 36330927.417606 > 74074.282957
[ADMM RHO] V | primal max ratio=1.405 | primal mean ratio=1.579 | primal selected=1.579 | dual mean ratio=0.016 | increase threshold=5.0 | decrease threshold=5.0 | action=held
[ADMM RHO BOYD] V | r=6.417160e-02 | s=2.341397e-03 | eps_pri=3.344190e-03 | eps_dual=2.941729e-04 | primal_ratio=1.918898e+01 | dual_ratio=7.959254e+00 | dual_ratio_balance=7.959254e+00 | rho_before=1.732500e-02 | rho_after=1.732500e-02 | gamma_before=0.000000e+00 | gamma_after=0.000000e+00 | action=held
[ADMM RHO] PF | primal max ratio=16.293 | primal mean ratio=3.771 | primal selected=16.293 | dual mean ratio=0.299 | increase threshold=5.0 | decrease threshold=3.0 | action=held
[ADMM RHO BOYD] PF | r=6.067103e-01 | s=1.879083e-01 | eps_pri=1.310680e-03 | eps_dual=4.290271e-04 | primal_ratio=4.628973e+02 | dual_ratio=4.379871e+02 | dual_ratio_balance=4.379871e+02 | rho_before=1.320000e-01 | rho_after=1.320000e-01 | gamma_before=0.000000e+00 | gamma_after=0.000000e+00 | action=held
[ADMM RHO] ESS | primal max ratio=0.342 | primal mean ratio=0.250 | primal selected=0.342 | dual mean ratio=0.005 | increase threshold=5.0 | decrease threshold=5.0 | action=exempt (fixed)
[ADMM RHO BOYD] ESS | r=3.634247e-01 | s=6.486606e-03 | eps_pri=9.752488e-04 | eps_dual=7.213509e-04 | primal_ratio=3.726482e+02 | dual_ratio=8.992302e+00 | dual_ratio_balance=8.992302e+00 | rho_before=1.000000e-02 | rho_after=1.000000e-02 | gamma_before=0.000000e+00 | gamma_after=0.000000e+00 | action=exempt (fixed)
[INFO]		 - ADMM cycle 3 | Primal (V max/mean | PF max/mean | ESS max/mean) = 0.014047/0.001579 | 0.162931/0.003771 | 0.034197/0.002499 | Dual (V max/mean | PF max/mean | ESS max/mean) = 0.000955/0.000160 | 0.032185/0.002994 | 0.000403/0.000050 | Recourse change = 36330927.417606 (tol. 74074.282957) | Stable cycles = 0/10 | Penalty actions (V/PF/ESS) = held/held/exempt (fixed)
[INFO] 	 - Iteration 3: 33.19 s
[INFO] 	 - ADMM Iteration 4
[INFO] 		 - Updating distribution networks:
[INFO] 			 - Running SMOPF, Network case33_1, 2025, Spring...
[INFO] 			 - Running SMOPF, Network case33_1, 2025, Summer...
[INFO] 			 - Running SMOPF, Network case33_1, 2025, Autumn...
[INFO] 			 - Running SMOPF, Network case33_1, 2025, Winter...
[INFO] 			 - Running SMOPF, Network case33_1, 2030, Spring...
[INFO] 			 - Running SMOPF, Network case33_1, 2030, Summer...
[INFO] 			 - Running SMOPF, Network case33_1, 2030, Autumn...
[INFO] 			 - Running SMOPF, Network case33_1, 2030, Winter...
[INFO] 			 - Running SMOPF, Network case33_1, 2035, Spring...
[INFO] 			 - Running SMOPF, Network case33_1, 2035, Summer...
[INFO] 			 - Running SMOPF, Network case33_1, 2035, Autumn...
[INFO] 			 - Running SMOPF, Network case33_1, 2035, Winter...
[INFO] 			 - Running SMOPF, Network case33_2, 2025, Spring...
[INFO] 			 - Running SMOPF, Network case33_2, 2025, Summer...
[INFO] 			 - Running SMOPF, Network case33_2, 2025, Autumn...
[INFO] 			 - Running SMOPF, Network case33_2, 2025, Winter...
[INFO] 			 - Running SMOPF, Network case33_2, 2030, Spring...
[INFO] 			 - Running SMOPF, Network case33_2, 2030, Summer...
[INFO] 			 - Running SMOPF, Network case33_2, 2030, Autumn...
[INFO] 			 - Running SMOPF, Network case33_2, 2030, Winter...
[INFO] 			 - Running SMOPF, Network case33_2, 2035, Spring...
[INFO] 			 - Running SMOPF, Network case33_2, 2035, Summer...
[INFO] 			 - Running SMOPF, Network case33_2, 2035, Autumn...
[INFO] 			 - Running SMOPF, Network case33_2, 2035, Winter...
[INFO] 			 - Running SMOPF, Network case33_3, 2025, Spring...
[INFO] 			 - Running SMOPF, Network case33_3, 2025, Summer...
[INFO] 			 - Running SMOPF, Network case33_3, 2025, Autumn...
[INFO] 			 - Running SMOPF, Network case33_3, 2025, Winter...
[INFO] 			 - Running SMOPF, Network case33_3, 2030, Spring...
[INFO] 			 - Running SMOPF, Network case33_3, 2030, Summer...
[INFO] 			 - Running SMOPF, Network case33_3, 2030, Autumn...
[INFO] 			 - Running SMOPF, Network case33_3, 2030, Winter...
[INFO] 			 - Running SMOPF, Network case33_3, 2035, Spring...
[INFO] 			 - Running SMOPF, Network case33_3, 2035, Summer...
[INFO] 			 - Running SMOPF, Network case33_3, 2035, Autumn...
[INFO] 			 - Running SMOPF, Network case33_3, 2035, Winter...
[INFO] 		 - Updating transmission network...
[INFO] 			 - Running SMOPF, Network case9, 2025, Spring...
[INFO] 			 - Running SMOPF, Network case9, 2025, Summer...
[INFO] 			 - Running SMOPF, Network case9, 2025, Autumn...
[INFO] 			 - Running SMOPF, Network case9, 2025, Winter...
[INFO] 			 - Running SMOPF, Network case9, 2030, Spring...
[INFO] 			 - Running SMOPF, Network case9, 2030, Summer...
[INFO] 			 - Running SMOPF, Network case9, 2030, Autumn...
[INFO] 			 - Running SMOPF, Network case9, 2030, Winter...
[INFO] 			 - Running SMOPF, Network case9, 2035, Spring...
[INFO] 			 - Running SMOPF, Network case9, 2035, Summer...
[INFO] 			 - Running SMOPF, Network case9, 2035, Autumn...
[INFO] 			 - Running SMOPF, Network case9, 2035, Winter...
[TSO PROX] cycle=4 | updated_blocks=12 | held_failed_blocks=0 | V max=0.015076 | PF max=0.148841 | ESS max=0.023769
[TSO PROX][V MAX] node=5, year=2035, day=Spring, period=9 | dV=5.201134 kV | normalized=0.015076
[TSO PROX][PF MAX] node=7, year=2025, day=Spring, period=12, type=P | delta=14.884139 MW | normalized=0.148841
[TSO PROX][ESS MAX] node=7, year=2035, day=Summer, period=9, type=P | delta=0.118843 MW | normalized=0.023769
[INFO] 		 - Updating SharedESS...
[INFO] 		 - Running Shared ESS optimization (subproblem)...
[INFO] 			 - Node 5...
[INFO] Shared ESS complementarity diagnostics for ESS node=5: ratio_max=9.247180e-06 n_periods=288 mu_final=1.184865e-11 s_obj=1.000000e-01 eps=1.000000e-05 bound=3.412412e-03 measured=2.625362e-03
[INFO] 			 - Node 7...
[INFO] Shared ESS complementarity diagnostics for ESS node=7: ratio_max=8.485078e-06 n_periods=288 mu_final=9.611586e-12 s_obj=1.000000e-01 eps=1.000000e-05 bound=2.768137e-03 measured=2.633295e-03
[INFO] 			 - Node 9...
[INFO] Shared ESS complementarity diagnostics for ESS node=9: ratio_max=8.627870e-06 n_periods=288 mu_final=9.537326e-12 s_obj=1.000000e-01 eps=1.000000e-05 bound=2.746750e-03 measured=2.630961e-03
[DIAG][PF MAX] node=5, year=2035, day=Spring, period=0, type=P | TSO=26.862756 MW, DSO=6.806276 MW, diff=20.056480 MW, rating=200.000000 MVA, normalized=0.100282, rho(TSO/DSO)=0.132000/0.132000
[INFO]		 - interface PF max primal residual failed. 0.100282 > 0.010000
[INFO]		 - interface PF mean primal residual failed. 0.003019 > 0.001000
[INFO]		 - Dual residuals ok!
[RECOURSE JUMP] cycle=4 | abs_change=5.194863e+06 | tol=7.044119e+04 | signed_change=-5.194863e+06
[RECOURSE JUMP] Reconciliation | previous=7.044119e+08 | current=6.992170e+08 | block_delta=-5.194863e+06 | mismatch=+1.192093e-07
[RECOURSE JUMP] Aggregate signed changes:
  TSO | delta=-1.485900e+07
  DSO node=7 | delta=+6.359390e+06
  DSO node=9 | delta=+2.490556e+06
  DSO node=5 | delta=+8.141872e+05
  SALVAGE | delta=-5.400644e-35
[RECOURSE JUMP] Largest 10 block changes:
  TSO node=None year=2030 day=Summer | previous=4.293923e+07 | current=3.954894e+07 | delta=-3.390291e+06 | abs_delta=3.390291e+06
    [RECOURSE JUMP][TSO PROX] year=2030 day=Summer | V max=0.010009 | PF max=0.099050 | ESS max=0.019591
    [RECOURSE COMPONENTS] gen=-3.390291e+06 | flex=+0.000000e+00 | load_curt=+0.000000e+00 | res_curt=+0.000000e+00 | ess_usage=+0.000000e+00 | slacks=+2.072227e-10 | ess_comp=+1.801442e-04
    [SLACK COMPONENTS] voltage=+2.072227e-10 | node_P=+0.000000e+00 | node_Q=+0.000000e+00 | branch_ij=+0.000000e+00 | branch_ji=+0.000000e+00 | flex_P=+0.000000e+00 | flex_Q=+0.000000e+00
    [SLACK COMPONENT CHECK] classified_delta=+2.072227e-10 | objective_slack_delta=+2.072227e-10 | mismatch=+0.000000e+00
    [RECOURSE COMPONENT CHECK] classified_delta=-3.390291e+06 | block_delta=-3.390291e+06 | mismatch=+4.190952e-09
  TSO node=None year=2030 day=Spring | previous=2.477096e+07 | current=2.179458e+07 | delta=-2.976375e+06 | abs_delta=2.976375e+06
    [RECOURSE JUMP][TSO PROX] year=2030 day=Spring | V max=0.013717 | PF max=0.136197 | ESS max=0.020575
    [RECOURSE COMPONENTS] gen=-2.976375e+06 | flex=+0.000000e+00 | load_curt=+0.000000e+00 | res_curt=+0.000000e+00 | ess_usage=+0.000000e+00 | slacks=+3.755787e-10 | ess_comp=+1.196719e-04
    [SLACK COMPONENTS] voltage=+3.755787e-10 | node_P=+0.000000e+00 | node_Q=+0.000000e+00 | branch_ij=+0.000000e+00 | branch_ji=+0.000000e+00 | flex_P=+0.000000e+00 | flex_Q=+0.000000e+00
    [SLACK COMPONENT CHECK] classified_delta=+3.755787e-10 | objective_slack_delta=+3.755787e-10 | mismatch=+0.000000e+00
    [RECOURSE COMPONENT CHECK] classified_delta=-2.976375e+06 | block_delta=-2.976375e+06 | mismatch=-2.793968e-09
  TSO node=None year=2025 day=Summer | previous=6.499471e+07 | current=6.225023e+07 | delta=-2.744483e+06 | abs_delta=2.744483e+06
    [RECOURSE JUMP][TSO PROX] year=2025 day=Summer | V max=0.008776 | PF max=0.091445 | ESS max=0.016762
    [RECOURSE COMPONENTS] gen=-2.744483e+06 | flex=+0.000000e+00 | load_curt=+0.000000e+00 | res_curt=+0.000000e+00 | ess_usage=+0.000000e+00 | slacks=+4.399681e-10 | ess_comp=+2.418133e-04
    [SLACK COMPONENTS] voltage=+4.399681e-10 | node_P=+0.000000e+00 | node_Q=+0.000000e+00 | branch_ij=+0.000000e+00 | branch_ji=+0.000000e+00 | flex_P=+0.000000e+00 | flex_Q=+0.000000e+00
    [SLACK COMPONENT CHECK] classified_delta=+4.399681e-10 | objective_slack_delta=+4.399681e-10 | mismatch=+0.000000e+00
    [RECOURSE COMPONENT CHECK] classified_delta=-2.744483e+06 | block_delta=-2.744483e+06 | mismatch=-2.328306e-09
  TSO node=None year=2025 day=Spring | previous=4.196317e+07 | current=3.964325e+07 | delta=-2.319929e+06 | abs_delta=2.319929e+06
    [RECOURSE JUMP][TSO PROX] year=2025 day=Spring | V max=0.012682 | PF max=0.148841 | ESS max=0.017963
    [RECOURSE COMPONENTS] gen=-2.319929e+06 | flex=+0.000000e+00 | load_curt=+0.000000e+00 | res_curt=+0.000000e+00 | ess_usage=+0.000000e+00 | slacks=+4.273915e-10 | ess_comp=+2.978581e-04
    [SLACK COMPONENTS] voltage=+4.273915e-10 | node_P=+0.000000e+00 | node_Q=+0.000000e+00 | branch_ij=+0.000000e+00 | branch_ji=+0.000000e+00 | flex_P=+0.000000e+00 | flex_Q=+0.000000e+00
    [SLACK COMPONENT CHECK] classified_delta=+4.273915e-10 | objective_slack_delta=+4.273915e-10 | mismatch=+0.000000e+00
    [RECOURSE COMPONENT CHECK] classified_delta=-2.319929e+06 | block_delta=-2.319929e+06 | mismatch=-8.381903e-09
  TSO node=None year=2035 day=Summer | previous=2.845214e+07 | current=3.021294e+07 | delta=+1.760806e+06 | abs_delta=1.760806e+06
    [RECOURSE JUMP][TSO PROX] year=2035 day=Summer | V max=0.008202 | PF max=0.112508 | ESS max=0.023769
    [RECOURSE COMPONENTS] gen=+1.760806e+06 | flex=+0.000000e+00 | load_curt=+0.000000e+00 | res_curt=+0.000000e+00 | ess_usage=+0.000000e+00 | slacks=+1.493348e-10 | ess_comp=+2.970298e-04
    [SLACK COMPONENTS] voltage=+1.493348e-10 | node_P=+0.000000e+00 | node_Q=+0.000000e+00 | branch_ij=+0.000000e+00 | branch_ji=+0.000000e+00 | flex_P=+0.000000e+00 | flex_Q=+0.000000e+00
    [SLACK COMPONENT CHECK] classified_delta=+1.493348e-10 | objective_slack_delta=+1.493348e-10 | mismatch=+0.000000e+00
    [RECOURSE COMPONENT CHECK] classified_delta=+1.760806e+06 | block_delta=+1.760806e+06 | mismatch=+1.396984e-09
  DSO node=7 year=2025 day=Spring | previous=6.834885e+06 | current=8.155341e+06 | delta=+1.320456e+06 | abs_delta=1.320456e+06
    [RECOURSE COMPONENTS] gen=+0.000000e+00 | flex=+1.320456e+06 | load_curt=+0.000000e+00 | res_curt=+0.000000e+00 | ess_usage=+0.000000e+00 | slacks=+2.521269e-04 | ess_comp=+2.108204e-06
    [SLACK COMPONENTS] voltage=-4.191328e-06 | node_P=+0.000000e+00 | node_Q=+0.000000e+00 | branch_ij=+0.000000e+00 | branch_ji=+0.000000e+00 | flex_P=+2.563182e-04 | flex_Q=+0.000000e+00
    [SLACK COMPONENT CHECK] classified_delta=+2.521269e-04 | objective_slack_delta=+2.521269e-04 | mismatch=+2.842171e-14
    [RECOURSE COMPONENT CHECK] classified_delta=+1.320456e+06 | block_delta=+1.320456e+06 | mismatch=+0.000000e+00
  DSO node=7 year=2030 day=Spring | previous=7.378376e+06 | current=8.625438e+06 | delta=+1.247062e+06 | abs_delta=1.247062e+06
    [RECOURSE COMPONENTS] gen=+0.000000e+00 | flex=+1.247062e+06 | load_curt=+0.000000e+00 | res_curt=+0.000000e+00 | ess_usage=+0.000000e+00 | slacks=-1.303019e-05 | ess_comp=+2.453550e-06
    [SLACK COMPONENTS] voltage=-1.744510e-05 | node_P=+0.000000e+00 | node_Q=+0.000000e+00 | branch_ij=+0.000000e+00 | branch_ji=+0.000000e+00 | flex_P=+4.414907e-06 | flex_Q=+0.000000e+00
    [SLACK COMPONENT CHECK] classified_delta=-1.303019e-05 | objective_slack_delta=-1.303019e-05 | mismatch=-7.815970e-14
    [RECOURSE COMPONENT CHECK] classified_delta=+1.247062e+06 | block_delta=+1.247062e+06 | mismatch=-1.396984e-09
  DSO node=7 year=2035 day=Spring | previous=9.775040e+06 | current=1.092886e+07 | delta=+1.153822e+06 | abs_delta=1.153822e+06
    [RECOURSE COMPONENTS] gen=+0.000000e+00 | flex=+1.153822e+06 | load_curt=+0.000000e+00 | res_curt=+0.000000e+00 | ess_usage=+0.000000e+00 | slacks=-1.444943e-04 | ess_comp=+2.836802e-06
    [SLACK COMPONENTS] voltage=-1.278865e-05 | node_P=+0.000000e+00 | node_Q=+0.000000e+00 | branch_ij=+0.000000e+00 | branch_ji=+0.000000e+00 | flex_P=-1.317057e-04 | flex_Q=+0.000000e+00
    [SLACK COMPONENT CHECK] classified_delta=-1.444943e-04 | objective_slack_delta=-1.444943e-04 | mismatch=+3.552714e-15
    [RECOURSE COMPONENT CHECK] classified_delta=+1.153822e+06 | block_delta=+1.153822e+06 | mismatch=+2.095476e-09
  TSO node=None year=2035 day=Autumn | previous=2.868101e+07 | current=2.757002e+07 | delta=-1.110988e+06 | abs_delta=1.110988e+06
    [RECOURSE JUMP][TSO PROX] year=2035 day=Autumn | V max=0.007471 | PF max=0.042970 | ESS max=0.021479
    [RECOURSE COMPONENTS] gen=-1.110988e+06 | flex=+0.000000e+00 | load_curt=+0.000000e+00 | res_curt=+0.000000e+00 | ess_usage=+0.000000e+00 | slacks=+1.447944e-10 | ess_comp=+1.688408e-04
    [SLACK COMPONENTS] voltage=+1.447944e-10 | node_P=+0.000000e+00 | node_Q=+0.000000e+00 | branch_ij=+0.000000e+00 | branch_ji=+0.000000e+00 | flex_P=+0.000000e+00 | flex_Q=+0.000000e+00
    [SLACK COMPONENT CHECK] classified_delta=+1.447944e-10 | objective_slack_delta=+1.447944e-10 | mismatch=+0.000000e+00
    [RECOURSE COMPONENT CHECK] classified_delta=-1.110988e+06 | block_delta=-1.110988e+06 | mismatch=-3.958121e-09
  TSO node=None year=2035 day=Winter | previous=3.469618e+07 | current=3.365527e+07 | delta=-1.040910e+06 | abs_delta=1.040910e+06
    [RECOURSE JUMP][TSO PROX] year=2035 day=Winter | V max=0.007557 | PF max=0.025470 | ESS max=0.014718
    [RECOURSE COMPONENTS] gen=-1.040910e+06 | flex=+0.000000e+00 | load_curt=+0.000000e+00 | res_curt=+0.000000e+00 | ess_usage=+0.000000e+00 | slacks=+3.692904e-10 | ess_comp=+6.554550e-05
    [SLACK COMPONENTS] voltage=+3.692904e-10 | node_P=+0.000000e+00 | node_Q=+0.000000e+00 | branch_ij=+0.000000e+00 | branch_ji=+0.000000e+00 | flex_P=+0.000000e+00 | flex_Q=+0.000000e+00
    [SLACK COMPONENT CHECK] classified_delta=+3.692904e-10 | objective_slack_delta=+3.692904e-10 | mismatch=+0.000000e+00
    [RECOURSE COMPONENT CHECK] classified_delta=-1.040910e+06 | block_delta=-1.040910e+06 | mismatch=+3.143214e-09
[INFO]		 - Recourse stationarity failed. 5194862.850693 > 70441.190216
[ADMM RHO] V | primal max ratio=0.353 | primal mean ratio=0.693 | primal selected=0.693 | dual mean ratio=0.007 | increase threshold=5.0 | decrease threshold=5.0 | action=held
[ADMM RHO BOYD] V | r=2.632333e-02 | s=2.337533e-03 | eps_pri=3.352462e-03 | eps_dual=2.941725e-04 | primal_ratio=7.851942e+00 | dual_ratio=7.946129e+00 | dual_ratio_balance=7.946129e+00 | rho_before=1.732500e-02 | rho_after=1.732500e-02 | gamma_before=0.000000e+00 | gamma_after=0.000000e+00 | action=held
[ADMM RHO] PF | primal max ratio=10.028 | primal mean ratio=3.019 | primal selected=10.028 | dual mean ratio=0.120 | increase threshold=5.0 | decrease threshold=3.0 | action=held
[ADMM RHO BOYD] PF | r=4.881021e-01 | s=1.074438e-01 | eps_pri=1.335366e-03 | eps_dual=4.344541e-04 | primal_ratio=3.655193e+02 | dual_ratio=2.473075e+02 | dual_ratio_balance=2.473075e+02 | rho_before=1.320000e-01 | rho_after=1.320000e-01 | gamma_before=0.000000e+00 | gamma_after=0.000000e+00 | action=held
[ADMM RHO] ESS | primal max ratio=0.324 | primal mean ratio=0.324 | primal selected=0.324 | dual mean ratio=0.003 | increase threshold=5.0 | decrease threshold=5.0 | action=exempt (fixed)
[ADMM RHO BOYD] ESS | r=4.347228e-01 | s=4.087334e-03 | eps_pri=9.886443e-04 | eps_dual=7.212979e-04 | primal_ratio=4.397161e+02 | dual_ratio=5.666638e+00 | dual_ratio_balance=5.666638e+00 | rho_before=1.000000e-02 | rho_after=1.000000e-02 | gamma_before=0.000000e+00 | gamma_after=0.000000e+00 | action=exempt (fixed)
[INFO]		 - ADMM cycle 4 | Primal (V max/mean | PF max/mean | ESS max/mean) = 0.003529/0.000693 | 0.100282/0.003019 | 0.032441/0.003239 | Dual (V max/mean | PF max/mean | ESS max/mean) = 0.000370/0.000069 | 0.019649/0.001198 | 0.000276/0.000033 | Recourse change = 5194862.850693 (tol. 70441.190216) | Stable cycles = 0/10 | Penalty actions (V/PF/ESS) = held/held/exempt (fixed)
[INFO] 	 - Iteration 4: 31.93 s
[INFO] 	 - ADMM Iteration 5
[INFO] 		 - Updating distribution networks:
[INFO] 			 - Running SMOPF, Network case33_1, 2025, Spring...
[INFO] 			 - Running SMOPF, Network case33_1, 2025, Summer...
[INFO] 			 - Running SMOPF, Network case33_1, 2025, Autumn...
[INFO] 			 - Running SMOPF, Network case33_1, 2025, Winter...
[INFO] 			 - Running SMOPF, Network case33_1, 2030, Spring...
[INFO] 			 - Running SMOPF, Network case33_1, 2030, Summer...
[WARNING] Network primary solve did not converge for case33_1, year=2030, day=Summer: status=warning, termination=maxIterations, message=Ipopt 3.14.18\x3a Maximum Number of Iterations Exceeded. | warm_start=True
[WARNING] ADMM penalties for case33_1, year=2030, day=Summer: rho_v=0.017325, rho_pf=0.132, rho_ess=0.01
[WARNING] IPOPT primary solve log for case33_1, year=2030, day=Summer: /Users/micaelsimoes/Projects/share-resource-planning-no_esso-degradation/data/SRP1/Results/P56A/evals/p515s44_s45_w11_snapoff_fail_on_578636daa6d6360d_run/logs/optim_log_case33_1_2030_Summer.log
[INFO] Retrying network solve once for case33_1, year=2030, day=Summer, cold start, with warm_start_init_point=no.
[INFO] Network recovery solve succeeded for case33_1, year=2030, day=Summer.
[INFO] 			 - Running SMOPF, Network case33_1, 2030, Autumn...
[INFO] 			 - Running SMOPF, Network case33_1, 2030, Winter...
[INFO] 			 - Running SMOPF, Network case33_1, 2035, Spring...
[INFO] 			 - Running SMOPF, Network case33_1, 2035, Summer...
[INFO] 			 - Running SMOPF, Network case33_1, 2035, Autumn...
[INFO] 			 - Running SMOPF, Network case33_1, 2035, Winter...
[INFO] 			 - Running SMOPF, Network case33_2, 2025, Spring...
[INFO] 			 - Running SMOPF, Network case33_2, 2025, Summer...
[INFO] 			 - Running SMOPF, Network case33_2, 2025, Autumn...
[INFO] 			 - Running SMOPF, Network case33_2, 2025, Winter...
[INFO] 			 - Running SMOPF, Network case33_2, 2030, Spring...
[INFO] 			 - Running SMOPF, Network case33_2, 2030, Summer...
[INFO] 			 - Running SMOPF, Network case33_2, 2030, Autumn...
[INFO] 			 - Running SMOPF, Network case33_2, 2030, Winter...
[INFO] 			 - Running SMOPF, Network case33_2, 2035, Spring...
[INFO] 			 - Running SMOPF, Network case33_2, 2035, Summer...
[INFO] 			 - Running SMOPF, Network case33_2, 2035, Autumn...
[INFO] 			 - Running SMOPF, Network case33_2, 2035, Winter...
[INFO] 			 - Running SMOPF, Network case33_3, 2025, Spring...
[INFO] 			 - Running SMOPF, Network case33_3, 2025, Summer...
[INFO] 			 - Running SMOPF, Network case33_3, 2025, Autumn...
[INFO] 			 - Running SMOPF, Network case33_3, 2025, Winter...
[INFO] 			 - Running SMOPF, Network case33_3, 2030, Spring...
[WARNING] Network primary solve did not converge for case33_3, year=2030, day=Spring: status=warning, termination=maxIterations, message=Ipopt 3.14.18\x3a Maximum Number of Iterations Exceeded. | warm_start=True
[WARNING] ADMM penalties for case33_3, year=2030, day=Spring: rho_v=0.017325, rho_pf=0.132, rho_ess=0.01
[WARNING] IPOPT primary solve log for case33_3, year=2030, day=Spring: /Users/micaelsimoes/Projects/share-resource-planning-no_esso-degradation/data/SRP1/Results/P56A/evals/p515s44_s45_w11_snapoff_fail_on_578636daa6d6360d_run/logs/optim_log_case33_3_2030_Spring.log
[INFO] Retrying network solve once for case33_3, year=2030, day=Spring, cold start, with warm_start_init_point=no.
[INFO] Network recovery solve succeeded for case33_3, year=2030, day=Spring.
[INFO] 			 - Running SMOPF, Network case33_3, 2030, Summer...
[INFO] 			 - Running SMOPF, Network case33_3, 2030, Autumn...
[INFO] 			 - Running SMOPF, Network case33_3, 2030, Winter...
[INFO] 			 - Running SMOPF, Network case33_3, 2035, Spring...
[INFO] 			 - Running SMOPF, Network case33_3, 2035, Summer...
[INFO] 			 - Running SMOPF, Network case33_3, 2035, Autumn...
[INFO] 			 - Running SMOPF, Network case33_3, 2035, Winter...
[INFO] 		 - Updating transmission network...
[INFO] 			 - Running SMOPF, Network case9, 2025, Spring...
[INFO] 			 - Running SMOPF, Network case9, 2025, Summer...
[INFO] 			 - Running SMOPF, Network case9, 2025, Autumn...
[INFO] 			 - Running SMOPF, Network case9, 2025, Winter...
[INFO] 			 - Running SMOPF, Network case9, 2030, Spring...
[INFO] 			 - Running SMOPF, Network case9, 2030, Summer...
[INFO] 			 - Running SMOPF, Network case9, 2030, Autumn...
[INFO] 			 - Running SMOPF, Network case9, 2030, Winter...
[INFO] 			 - Running SMOPF, Network case9, 2035, Spring...
[INFO] 			 - Running SMOPF, Network case9, 2035, Summer...
[INFO] 			 - Running SMOPF, Network case9, 2035, Autumn...
[INFO] 			 - Running SMOPF, Network case9, 2035, Winter...
[TSO PROX] cycle=5 | updated_blocks=12 | held_failed_blocks=0 | V max=0.015128 | PF max=0.100470 | ESS max=0.029543
[TSO PROX][V MAX] node=5, year=2030, day=Spring, period=9 | dV=5.219062 kV | normalized=0.015128
[TSO PROX][PF MAX] node=7, year=2025, day=Spring, period=11, type=P | delta=10.046983 MW | normalized=0.100470
[TSO PROX][ESS MAX] node=7, year=2025, day=Autumn, period=18, type=P | delta=0.147714 MW | normalized=0.029543
[INFO] 		 - Updating SharedESS...
[INFO] 		 - Running Shared ESS optimization (subproblem)...
[INFO] 			 - Node 5...
[INFO] Shared ESS complementarity diagnostics for ESS node=5: ratio_max=4.892740e-06 n_periods=288 mu_final=9.309890e-12 s_obj=1.000000e-01 eps=1.000000e-05 bound=2.681248e-03 measured=2.610877e-03
[INFO] 			 - Node 7...
[INFO] Shared ESS complementarity diagnostics for ESS node=7: ratio_max=4.872935e-06 n_periods=288 mu_final=9.100985e-12 s_obj=1.000000e-01 eps=1.000000e-05 bound=2.621084e-03 measured=2.615015e-03
[INFO] 			 - Node 9...
[INFO] Shared ESS complementarity diagnostics for ESS node=9: ratio_max=4.900471e-06 n_periods=288 mu_final=9.326281e-12 s_obj=1.000000e-01 eps=1.000000e-05 bound=2.685969e-03 measured=2.610876e-03
[DIAG][V MAX] node=5, year=2035, day=Spring, period=9 | TSO=372.761599 kV, DSO=376.300730 kV, diff=3.539131 kV, base=345.000000 kV, normalized=0.010258, rho(TSO/DSO)=0.017325/0.017325
[DIAG][PF MAX] node=5, year=2035, day=Spring, period=0, type=P | TSO=27.931753 MW, DSO=6.806593 MW, diff=21.125161 MW, rating=200.000000 MVA, normalized=0.105626, rho(TSO/DSO)=0.132000/0.132000
[INFO]		 - interface Vmag max primal residual failed. 0.010258 > 0.010000
[INFO]		 - interface PF max primal residual failed. 0.105626 > 0.010000
[INFO]		 - interface PF mean primal residual failed. 0.002673 > 0.001000
[INFO]		 - Dual residuals ok!
[RECOURSE JUMP] cycle=5 | abs_change=7.321939e+06 | tol=6.992170e+04 | signed_change=-7.321939e+06
[RECOURSE JUMP] Reconciliation | previous=6.992170e+08 | current=6.918951e+08 | block_delta=-7.321939e+06 | mismatch=-3.576279e-07
[RECOURSE JUMP] Aggregate signed changes:
  TSO | delta=-1.293445e+07
  DSO node=7 | delta=+4.155192e+06
  DSO node=9 | delta=+1.243119e+06
  DSO node=5 | delta=+2.141998e+05
  SALVAGE | delta=+5.427285e-35
[RECOURSE JUMP] Largest 10 block changes:
  TSO node=None year=2025 day=Spring | previous=3.964325e+07 | current=3.763493e+07 | delta=-2.008317e+06 | abs_delta=2.008317e+06
    [RECOURSE JUMP][TSO PROX] year=2025 day=Spring | V max=0.012636 | PF max=0.100470 | ESS max=0.014973
    [RECOURSE COMPONENTS] gen=-2.008317e+06 | flex=+0.000000e+00 | load_curt=+0.000000e+00 | res_curt=+0.000000e+00 | ess_usage=+0.000000e+00 | slacks=+7.164616e-10 | ess_comp=+1.393787e-04
    [SLACK COMPONENTS] voltage=+7.164616e-10 | node_P=+0.000000e+00 | node_Q=+0.000000e+00 | branch_ij=+0.000000e+00 | branch_ji=+0.000000e+00 | flex_P=+0.000000e+00 | flex_Q=+0.000000e+00
    [SLACK COMPONENT CHECK] classified_delta=+7.164616e-10 | objective_slack_delta=+7.164616e-10 | mismatch=+0.000000e+00
    [RECOURSE COMPONENT CHECK] classified_delta=-2.008317e+06 | block_delta=-2.008317e+06 | mismatch=-6.053597e-09
  TSO node=None year=2025 day=Summer | previous=6.225023e+07 | current=6.046554e+07 | delta=-1.784692e+06 | abs_delta=1.784692e+06
    [RECOURSE JUMP][TSO PROX] year=2025 day=Summer | V max=0.009146 | PF max=0.086152 | ESS max=0.015177
    [RECOURSE COMPONENTS] gen=-1.784692e+06 | flex=+0.000000e+00 | load_curt=+0.000000e+00 | res_curt=+0.000000e+00 | ess_usage=+0.000000e+00 | slacks=+6.288161e-10 | ess_comp=+1.012170e-04
    [SLACK COMPONENTS] voltage=+6.288161e-10 | node_P=+0.000000e+00 | node_Q=+0.000000e+00 | branch_ij=+0.000000e+00 | branch_ji=+0.000000e+00 | flex_P=+0.000000e+00 | flex_Q=+0.000000e+00
    [SLACK COMPONENT CHECK] classified_delta=+6.288161e-10 | objective_slack_delta=+6.288161e-10 | mismatch=+0.000000e+00
    [RECOURSE COMPONENT CHECK] classified_delta=-1.784692e+06 | block_delta=-1.784692e+06 | mismatch=-5.820766e-09
  TSO node=None year=2030 day=Summer | previous=3.954894e+07 | current=3.816660e+07 | delta=-1.382344e+06 | abs_delta=1.382344e+06
    [RECOURSE JUMP][TSO PROX] year=2030 day=Summer | V max=0.010854 | PF max=0.095990 | ESS max=0.013429
    [RECOURSE COMPONENTS] gen=-1.382344e+06 | flex=+0.000000e+00 | load_curt=+0.000000e+00 | res_curt=+0.000000e+00 | ess_usage=+0.000000e+00 | slacks=+3.723457e-10 | ess_comp=-1.881920e-05
    [SLACK COMPONENTS] voltage=+3.723457e-10 | node_P=+0.000000e+00 | node_Q=+0.000000e+00 | branch_ij=+0.000000e+00 | branch_ji=+0.000000e+00 | flex_P=+0.000000e+00 | flex_Q=+0.000000e+00
    [SLACK COMPONENT CHECK] classified_delta=+3.723457e-10 | objective_slack_delta=+3.723457e-10 | mismatch=+0.000000e+00
    [RECOURSE COMPONENT CHECK] classified_delta=-1.382344e+06 | block_delta=-1.382344e+06 | mismatch=+1.396984e-09
  TSO node=None year=2035 day=Autumn | previous=2.757002e+07 | current=2.620096e+07 | delta=-1.369060e+06 | abs_delta=1.369060e+06
    [RECOURSE JUMP][TSO PROX] year=2035 day=Autumn | V max=0.007593 | PF max=0.042587 | ESS max=0.018850
    [RECOURSE COMPONENTS] gen=-1.369060e+06 | flex=+0.000000e+00 | load_curt=+0.000000e+00 | res_curt=+0.000000e+00 | ess_usage=+0.000000e+00 | slacks=+2.279137e-10 | ess_comp=+2.756112e-05
    [SLACK COMPONENTS] voltage=+2.279137e-10 | node_P=+0.000000e+00 | node_Q=+0.000000e+00 | branch_ij=+0.000000e+00 | branch_ji=+0.000000e+00 | flex_P=+0.000000e+00 | flex_Q=+0.000000e+00
    [SLACK COMPONENT CHECK] classified_delta=+2.279137e-10 | objective_slack_delta=+2.279137e-10 | mismatch=+0.000000e+00
    [RECOURSE COMPONENT CHECK] classified_delta=-1.369060e+06 | block_delta=-1.369060e+06 | mismatch=+5.355105e-09
  TSO node=None year=2030 day=Winter | previous=3.721432e+07 | current=3.589570e+07 | delta=-1.318624e+06 | abs_delta=1.318624e+06
    [RECOURSE JUMP][TSO PROX] year=2030 day=Winter | V max=0.006004 | PF max=0.019689 | ESS max=0.017243
    [RECOURSE COMPONENTS] gen=-1.318624e+06 | flex=+0.000000e+00 | load_curt=+0.000000e+00 | res_curt=+0.000000e+00 | ess_usage=+0.000000e+00 | slacks=+3.990195e-10 | ess_comp=+7.407499e-05
    [SLACK COMPONENTS] voltage=+3.990195e-10 | node_P=+0.000000e+00 | node_Q=+0.000000e+00 | branch_ij=+0.000000e+00 | branch_ji=+0.000000e+00 | flex_P=+0.000000e+00 | flex_Q=+0.000000e+00
    [SLACK COMPONENT CHECK] classified_delta=+3.990195e-10 | objective_slack_delta=+3.990195e-10 | mismatch=+0.000000e+00
    [RECOURSE COMPONENT CHECK] classified_delta=-1.318624e+06 | block_delta=-1.318624e+06 | mismatch=+1.676381e-08
  TSO node=None year=2035 day=Summer | previous=3.021294e+07 | current=2.912403e+07 | delta=-1.088917e+06 | abs_delta=1.088917e+06
    [RECOURSE JUMP][TSO PROX] year=2035 day=Summer | V max=0.008128 | PF max=0.089043 | ESS max=0.013303
    [RECOURSE COMPONENTS] gen=-1.088917e+06 | flex=+0.000000e+00 | load_curt=+0.000000e+00 | res_curt=+0.000000e+00 | ess_usage=+0.000000e+00 | slacks=+2.119904e-10 | ess_comp=-1.364122e-05
    [SLACK COMPONENTS] voltage=+2.119904e-10 | node_P=+0.000000e+00 | node_Q=+0.000000e+00 | branch_ij=+0.000000e+00 | branch_ji=+0.000000e+00 | flex_P=+0.000000e+00 | flex_Q=+0.000000e+00
    [SLACK COMPONENT CHECK] classified_delta=+2.119904e-10 | objective_slack_delta=+2.119904e-10 | mismatch=+0.000000e+00
    [RECOURSE COMPONENT CHECK] classified_delta=-1.088917e+06 | block_delta=-1.088917e+06 | mismatch=-1.024455e-08
  TSO node=None year=2035 day=Spring | previous=3.037334e+07 | current=2.932467e+07 | delta=-1.048672e+06 | abs_delta=1.048672e+06
    [RECOURSE JUMP][TSO PROX] year=2035 day=Spring | V max=0.014133 | PF max=0.086666 | ESS max=0.016639
    [RECOURSE COMPONENTS] gen=-1.048672e+06 | flex=+0.000000e+00 | load_curt=+0.000000e+00 | res_curt=+0.000000e+00 | ess_usage=+0.000000e+00 | slacks=+1.437733e-09 | ess_comp=-2.077292e-04
    [SLACK COMPONENTS] voltage=+1.437733e-09 | node_P=+0.000000e+00 | node_Q=+0.000000e+00 | branch_ij=+0.000000e+00 | branch_ji=+0.000000e+00 | flex_P=+0.000000e+00 | flex_Q=+0.000000e+00
    [SLACK COMPONENT CHECK] classified_delta=+1.437733e-09 | objective_slack_delta=+1.437733e-09 | mismatch=+0.000000e+00
    [RECOURSE COMPONENT CHECK] classified_delta=-1.048672e+06 | block_delta=-1.048672e+06 | mismatch=-1.862645e-09
  TSO node=None year=2030 day=Spring | previous=2.179458e+07 | current=2.100051e+07 | delta=-7.940689e+05 | abs_delta=7.940689e+05
    [RECOURSE JUMP][TSO PROX] year=2030 day=Spring | V max=0.015128 | PF max=0.085383 | ESS max=0.015483
    [RECOURSE COMPONENTS] gen=-7.940689e+05 | flex=+0.000000e+00 | load_curt=+0.000000e+00 | res_curt=+0.000000e+00 | ess_usage=+0.000000e+00 | slacks=+7.588312e-10 | ess_comp=-1.023750e-04
    [SLACK COMPONENTS] voltage=+7.588312e-10 | node_P=+0.000000e+00 | node_Q=+0.000000e+00 | branch_ij=+0.000000e+00 | branch_ji=+0.000000e+00 | flex_P=+0.000000e+00 | flex_Q=+0.000000e+00
    [SLACK COMPONENT CHECK] classified_delta=+7.588312e-10 | objective_slack_delta=+7.588312e-10 | mismatch=+0.000000e+00
    [RECOURSE COMPONENT CHECK] classified_delta=-7.940689e+05 | block_delta=-7.940689e+05 | mismatch=+4.656613e-10
  DSO node=7 year=2025 day=Summer | previous=5.086194e+06 | current=5.876108e+06 | delta=+7.899133e+05 | abs_delta=7.899133e+05
    [RECOURSE COMPONENTS] gen=+0.000000e+00 | flex=+7.899133e+05 | load_curt=+0.000000e+00 | res_curt=+0.000000e+00 | ess_usage=+0.000000e+00 | slacks=-5.956336e-05 | ess_comp=+1.002106e-06
    [SLACK COMPONENTS] voltage=+6.630989e-07 | node_P=+0.000000e+00 | node_Q=+0.000000e+00 | branch_ij=+0.000000e+00 | branch_ji=+0.000000e+00 | flex_P=-6.022646e-05 | flex_Q=+0.000000e+00
    [SLACK COMPONENT CHECK] classified_delta=-5.956336e-05 | objective_slack_delta=-5.956336e-05 | mismatch=-8.526513e-14
    [RECOURSE COMPONENT CHECK] classified_delta=+7.899133e+05 | block_delta=+7.899133e+05 | mismatch=+1.280569e-09
  DSO node=7 year=2035 day=Summer | previous=8.466611e+06 | current=9.246680e+06 | delta=+7.800693e+05 | abs_delta=7.800693e+05
    [RECOURSE COMPONENTS] gen=+0.000000e+00 | flex=+7.800693e+05 | load_curt=+0.000000e+00 | res_curt=+0.000000e+00 | ess_usage=+0.000000e+00 | slacks=-2.043865e-04 | ess_comp=+5.778333e-07
    [SLACK COMPONENTS] voltage=-6.638751e-06 | node_P=+0.000000e+00 | node_Q=+0.000000e+00 | branch_ij=+0.000000e+00 | branch_ji=+0.000000e+00 | flex_P=-1.977478e-04 | flex_Q=+0.000000e+00
    [SLACK COMPONENT CHECK] classified_delta=-2.043865e-04 | objective_slack_delta=-2.043865e-04 | mismatch=-1.492140e-13
    [RECOURSE COMPONENT CHECK] classified_delta=+7.800693e+05 | block_delta=+7.800693e+05 | mismatch=+1.164153e-10
[INFO]		 - Recourse stationarity failed. 7321938.513007 > 69921.703931
[ADMM RHO] V | primal max ratio=1.026 | primal mean ratio=0.328 | primal selected=1.026 | dual mean ratio=0.007 | increase threshold=5.0 | decrease threshold=5.0 | action=held
[ADMM RHO BOYD] V | r=1.975835e-02 | s=2.278824e-03 | eps_pri=3.362477e-03 | eps_dual=2.941679e-04 | primal_ratio=5.876130e+00 | dual_ratio=7.746677e+00 | dual_ratio_balance=7.746677e+00 | rho_before=1.732500e-02 | rho_after=1.732500e-02 | gamma_before=0.000000e+00 | gamma_after=0.000000e+00 | action=held
[ADMM RHO] PF | primal max ratio=10.563 | primal mean ratio=2.673 | primal selected=10.563 | dual mean ratio=0.070 | increase threshold=5.0 | decrease threshold=3.0 | action=held
[ADMM RHO BOYD] PF | r=4.467646e-01 | s=6.688656e-02 | eps_pri=1.348815e-03 | eps_dual=4.395866e-04 | primal_ratio=3.312276e+02 | dual_ratio=1.521579e+02 | dual_ratio_balance=1.521579e+02 | rho_before=1.320000e-01 | rho_after=1.320000e-01 | gamma_before=0.000000e+00 | gamma_after=0.000000e+00 | action=held
[ADMM RHO] ESS | primal max ratio=0.206 | primal mean ratio=0.121 | primal selected=0.206 | dual mean ratio=0.003 | increase threshold=5.0 | decrease threshold=5.0 | action=exempt (fixed)
[ADMM RHO BOYD] ESS | r=1.594587e-01 | s=4.415566e-03 | eps_pri=9.886719e-04 | eps_dual=7.213035e-04 | primal_ratio=1.612858e+02 | dual_ratio=6.121649e+00 | dual_ratio_balance=6.121649e+00 | rho_before=1.000000e-02 | rho_after=1.000000e-02 | gamma_before=0.000000e+00 | gamma_after=0.000000e+00 | action=exempt (fixed)
[INFO]		 - ADMM cycle 5 | Primal (V max/mean | PF max/mean | ESS max/mean) = 0.010258/0.000328 | 0.105626/0.002673 | 0.020593/0.001205 | Dual (V max/mean | PF max/mean | ESS max/mean) = 0.000304/0.000067 | 0.013261/0.000704 | 0.000241/0.000035 | Recourse change = 7321938.513007 (tol. 69921.703931) | Stable cycles = 0/10 | Penalty actions (V/PF/ESS) = held/held/exempt (fixed)
[INFO] 	 - Iteration 5: 36.42 s
[INFO] 	 - ADMM Iteration 6
[INFO] 		 - Updating distribution networks:
[INFO] 			 - Running SMOPF, Network case33_1, 2025, Spring...
[WARNING] Network primary solve did not converge for case33_1, year=2025, day=Spring: status=warning, termination=maxIterations, message=Ipopt 3.14.18\x3a Maximum Number of Iterations Exceeded. | warm_start=True
[WARNING] ADMM penalties for case33_1, year=2025, day=Spring: rho_v=0.017325, rho_pf=0.132, rho_ess=0.01
[WARNING] IPOPT primary solve log for case33_1, year=2025, day=Spring: /Users/micaelsimoes/Projects/share-resource-planning-no_esso-degradation/data/SRP1/Results/P56A/evals/p515s44_s45_w11_snapoff_fail_on_578636daa6d6360d_run/logs/optim_log_case33_1_2025_Spring.log
[INFO] Retrying network solve once for case33_1, year=2025, day=Spring, cold start, with warm_start_init_point=no.
[INFO] Network recovery solve succeeded for case33_1, year=2025, day=Spring.
[INFO] 			 - Running SMOPF, Network case33_1, 2025, Summer...
[INFO] 			 - Running SMOPF, Network case33_1, 2025, Autumn...
[INFO] 			 - Running SMOPF, Network case33_1, 2025, Winter...
[INFO] 			 - Running SMOPF, Network case33_1, 2030, Spring...
[INFO] 			 - Running SMOPF, Network case33_1, 2030, Summer...
[INFO] 			 - Running SMOPF, Network case33_1, 2030, Autumn...
[INFO] 			 - Running SMOPF, Network case33_1, 2030, Winter...
[INFO] 			 - Running SMOPF, Network case33_1, 2035, Spring...
[INFO] 			 - Running SMOPF, Network case33_1, 2035, Summer...
[INFO] 			 - Running SMOPF, Network case33_1, 2035, Autumn...
[INFO] 			 - Running SMOPF, Network case33_1, 2035, Winter...
[INFO] 			 - Running SMOPF, Network case33_2, 2025, Spring...
[INFO] 			 - Running SMOPF, Network case33_2, 2025, Summer...
[INFO] 			 - Running SMOPF, Network case33_2, 2025, Autumn...
[INFO] 			 - Running SMOPF, Network case33_2, 2025, Winter...
[INFO] 			 - Running SMOPF, Network case33_2, 2030, Spring...
[INFO] 			 - Running SMOPF, Network case33_2, 2030, Summer...
[INFO] 			 - Running SMOPF, Network case33_2, 2030, Autumn...
[INFO] 			 - Running SMOPF, Network case33_2, 2030, Winter...
[INFO] 			 - Running SMOPF, Network case33_2, 2035, Spring...
[INFO] 			 - Running SMOPF, Network case33_2, 2035, Summer...
[INFO] 			 - Running SMOPF, Network case33_2, 2035, Autumn...
[INFO] 			 - Running SMOPF, Network case33_2, 2035, Winter...
[INFO] 			 - Running SMOPF, Network case33_3, 2025, Spring...
[INFO] 			 - Running SMOPF, Network case33_3, 2025, Summer...
[INFO] 			 - Running SMOPF, Network case33_3, 2025, Autumn...
[INFO] 			 - Running SMOPF, Network case33_3, 2025, Winter...
[INFO] 			 - Running SMOPF, Network case33_3, 2030, Spring...
[INFO] 			 - Running SMOPF, Network case33_3, 2030, Summer...
[INFO] 			 - Running SMOPF, Network case33_3, 2030, Autumn...
[INFO] 			 - Running SMOPF, Network case33_3, 2030, Winter...
[INFO] 			 - Running SMOPF, Network case33_3, 2035, Spring...
[INFO] 			 - Running SMOPF, Network case33_3, 2035, Summer...
[INFO] 			 - Running SMOPF, Network case33_3, 2035, Autumn...
[INFO] 			 - Running SMOPF, Network case33_3, 2035, Winter...
[INFO] 		 - Updating transmission network...
[INFO] 			 - Running SMOPF, Network case9, 2025, Spring...
[INFO] 			 - Running SMOPF, Network case9, 2025, Summer...
[INFO] 			 - Running SMOPF, Network case9, 2025, Autumn...
[INFO] 			 - Running SMOPF, Network case9, 2025, Winter...
[INFO] 			 - Running SMOPF, Network case9, 2030, Spring...
[INFO] 			 - Running SMOPF, Network case9, 2030, Summer...
[INFO] 			 - Running SMOPF, Network case9, 2030, Autumn...
[INFO] 			 - Running SMOPF, Network case9, 2030, Winter...
[INFO] 			 - Running SMOPF, Network case9, 2035, Spring...
[INFO] 			 - Running SMOPF, Network case9, 2035, Summer...
[INFO] 			 - Running SMOPF, Network case9, 2035, Autumn...
[INFO] 			 - Running SMOPF, Network case9, 2035, Winter...
[TSO PROX] cycle=6 | updated_blocks=12 | held_failed_blocks=0 | V max=0.014672 | PF max=0.104273 | ESS max=0.021976
[TSO PROX][V MAX] node=5, year=2030, day=Spring, period=9 | dV=5.061776 kV | normalized=0.014672
[TSO PROX][PF MAX] node=5, year=2035, day=Spring, period=18, type=P | delta=20.854571 MW | normalized=0.104273
[TSO PROX][ESS MAX] node=5, year=2025, day=Autumn, period=18, type=P | delta=0.109878 MW | normalized=0.021976
[INFO] 		 - Updating SharedESS...
[INFO] 		 - Running Shared ESS optimization (subproblem)...
[INFO] 			 - Node 5...
[INFO] Shared ESS complementarity diagnostics for ESS node=5: ratio_max=4.884771e-06 n_periods=288 mu_final=9.102008e-12 s_obj=1.000000e-01 eps=1.000000e-05 bound=2.621378e-03 measured=2.615606e-03
[INFO] 			 - Node 7...
[INFO] Shared ESS complementarity diagnostics for ESS node=7: ratio_max=4.918431e-06 n_periods=288 mu_final=9.098191e-12 s_obj=1.000000e-01 eps=1.000000e-05 bound=2.620279e-03 measured=2.615175e-03
[INFO] 			 - Node 9...
[INFO] Shared ESS complementarity diagnostics for ESS node=9: ratio_max=4.892535e-06 n_periods=288 mu_final=9.100618e-12 s_obj=1.000000e-01 eps=1.000000e-05 bound=2.620978e-03 measured=2.615873e-03
[DIAG][PF MAX] node=5, year=2035, day=Spring, period=19, type=P | TSO=21.558181 MW, DSO=5.395550 MW, diff=16.162631 MW, rating=200.000000 MVA, normalized=0.080813, rho(TSO/DSO)=0.132000/0.132000
[INFO]		 - interface PF max primal residual failed. 0.080813 > 0.010000
[INFO]		 - interface PF mean primal residual failed. 0.002332 > 0.001000
[INFO]		 - Dual residuals ok!
[RECOURSE JUMP] cycle=6 | abs_change=7.155615e+06 | tol=6.918951e+04 | signed_change=-7.155615e+06
[RECOURSE JUMP] Reconciliation | previous=6.918951e+08 | current=6.847395e+08 | block_delta=-7.155615e+06 | mismatch=+4.768372e-07
[RECOURSE JUMP] Aggregate signed changes:
  TSO | delta=-9.363738e+06
  DSO node=7 | delta=+2.574268e+06
  DSO node=5 | delta=-5.981123e+05
  DSO node=9 | delta=+2.319665e+05
  SALVAGE | delta=-5.304364e-37
[RECOURSE JUMP] Largest 10 block changes:
  TSO node=None year=2035 day=Spring | previous=2.932467e+07 | current=2.706852e+07 | delta=-2.256146e+06 | abs_delta=2.256146e+06
    [RECOURSE JUMP][TSO PROX] year=2035 day=Spring | V max=0.013621 | PF max=0.104273 | ESS max=0.021800
    [RECOURSE COMPONENTS] gen=-2.256146e+06 | flex=+0.000000e+00 | load_curt=+0.000000e+00 | res_curt=+0.000000e+00 | ess_usage=+0.000000e+00 | slacks=+2.037595e-09 | ess_comp=-3.073775e-04
    [SLACK COMPONENTS] voltage=+2.037595e-09 | node_P=+0.000000e+00 | node_Q=+0.000000e+00 | branch_ij=+0.000000e+00 | branch_ji=+0.000000e+00 | flex_P=+0.000000e+00 | flex_Q=+0.000000e+00
    [SLACK COMPONENT CHECK] classified_delta=+2.037595e-09 | objective_slack_delta=+2.037595e-09 | mismatch=+0.000000e+00
    [RECOURSE COMPONENT CHECK] classified_delta=-2.256146e+06 | block_delta=-2.256146e+06 | mismatch=+5.587935e-09
  TSO node=None year=2025 day=Spring | previous=3.763493e+07 | current=3.568896e+07 | delta=-1.945963e+06 | abs_delta=1.945963e+06
    [RECOURSE JUMP][TSO PROX] year=2025 day=Spring | V max=0.012140 | PF max=0.090056 | ESS max=0.016984
    [RECOURSE COMPONENTS] gen=-1.945963e+06 | flex=+0.000000e+00 | load_curt=+0.000000e+00 | res_curt=+0.000000e+00 | ess_usage=+0.000000e+00 | slacks=+1.359126e-09 | ess_comp=-4.248419e-05
    [SLACK COMPONENTS] voltage=+1.359126e-09 | node_P=+0.000000e+00 | node_Q=+0.000000e+00 | branch_ij=+0.000000e+00 | branch_ji=+0.000000e+00 | flex_P=+0.000000e+00 | flex_Q=+0.000000e+00
    [SLACK COMPONENT CHECK] classified_delta=+1.359126e-09 | objective_slack_delta=+1.359126e-09 | mismatch=+0.000000e+00
    [RECOURSE COMPONENT CHECK] classified_delta=-1.945963e+06 | block_delta=-1.945963e+06 | mismatch=+7.916242e-09
  TSO node=None year=2035 day=Summer | previous=2.912403e+07 | current=2.760136e+07 | delta=-1.522665e+06 | abs_delta=1.522665e+06
    [RECOURSE JUMP][TSO PROX] year=2035 day=Summer | V max=0.008017 | PF max=0.077246 | ESS max=0.012028
    [RECOURSE COMPONENTS] gen=-1.522665e+06 | flex=+0.000000e+00 | load_curt=+0.000000e+00 | res_curt=+0.000000e+00 | ess_usage=+0.000000e+00 | slacks=+2.848992e-10 | ess_comp=-2.021642e-04
    [SLACK COMPONENTS] voltage=+2.848992e-10 | node_P=+0.000000e+00 | node_Q=+0.000000e+00 | branch_ij=+0.000000e+00 | branch_ji=+0.000000e+00 | flex_P=+0.000000e+00 | flex_Q=+0.000000e+00
    [SLACK COMPONENT CHECK] classified_delta=+2.848992e-10 | objective_slack_delta=+2.848992e-10 | mismatch=+0.000000e+00
    [RECOURSE COMPONENT CHECK] classified_delta=-1.522665e+06 | block_delta=-1.522665e+06 | mismatch=+7.450581e-09
  TSO node=None year=2025 day=Summer | previous=6.046554e+07 | current=5.941850e+07 | delta=-1.047035e+06 | abs_delta=1.047035e+06
    [RECOURSE JUMP][TSO PROX] year=2025 day=Summer | V max=0.008956 | PF max=0.079791 | ESS max=0.011646
    [RECOURSE COMPONENTS] gen=-1.047035e+06 | flex=+0.000000e+00 | load_curt=+0.000000e+00 | res_curt=+0.000000e+00 | ess_usage=+0.000000e+00 | slacks=+8.819825e-10 | ess_comp=-5.719735e-05
    [SLACK COMPONENTS] voltage=+8.819825e-10 | node_P=+0.000000e+00 | node_Q=+0.000000e+00 | branch_ij=+0.000000e+00 | branch_ji=+0.000000e+00 | flex_P=+0.000000e+00 | flex_Q=+0.000000e+00
    [SLACK COMPONENT CHECK] classified_delta=+8.819825e-10 | objective_slack_delta=+8.819825e-10 | mismatch=+0.000000e+00
    [RECOURSE COMPONENT CHECK] classified_delta=-1.047035e+06 | block_delta=-1.047035e+06 | mismatch=+1.746230e-09
  DSO node=5 year=2035 day=Spring | previous=1.270202e+07 | current=1.183354e+07 | delta=-8.684784e+05 | abs_delta=8.684784e+05
    [RECOURSE COMPONENTS] gen=+0.000000e+00 | flex=-8.684784e+05 | load_curt=+0.000000e+00 | res_curt=+0.000000e+00 | ess_usage=+0.000000e+00 | slacks=-3.532364e-04 | ess_comp=-1.402090e-06
    [SLACK COMPONENTS] voltage=-8.009775e-06 | node_P=+0.000000e+00 | node_Q=+0.000000e+00 | branch_ij=+0.000000e+00 | branch_ji=+0.000000e+00 | flex_P=-3.452266e-04 | flex_Q=+0.000000e+00
    [SLACK COMPONENT CHECK] classified_delta=-3.532364e-04 | objective_slack_delta=-3.532364e-04 | mismatch=-2.842171e-14
    [RECOURSE COMPONENT CHECK] classified_delta=-8.684784e+05 | block_delta=-8.684784e+05 | mismatch=+1.746230e-09
  TSO node=None year=2030 day=Summer | previous=3.816660e+07 | current=3.733642e+07 | delta=-8.301782e+05 | abs_delta=8.301782e+05
    [RECOURSE JUMP][TSO PROX] year=2030 day=Summer | V max=0.010683 | PF max=0.063405 | ESS max=0.012367
    [RECOURSE COMPONENTS] gen=-8.301782e+05 | flex=+0.000000e+00 | load_curt=+0.000000e+00 | res_curt=+0.000000e+00 | ess_usage=+0.000000e+00 | slacks=+5.581668e-10 | ess_comp=-1.573950e-04
    [SLACK COMPONENTS] voltage=+5.581668e-10 | node_P=+0.000000e+00 | node_Q=+0.000000e+00 | branch_ij=+0.000000e+00 | branch_ji=+0.000000e+00 | flex_P=+0.000000e+00 | flex_Q=+0.000000e+00
    [SLACK COMPONENT CHECK] classified_delta=+5.581668e-10 | objective_slack_delta=+5.581668e-10 | mismatch=+0.000000e+00
    [RECOURSE COMPONENT CHECK] classified_delta=-8.301782e+05 | block_delta=-8.301782e+05 | mismatch=-9.313226e-10
  TSO node=None year=2035 day=Autumn | previous=2.620096e+07 | current=2.545828e+07 | delta=-7.426809e+05 | abs_delta=7.426809e+05
    [RECOURSE JUMP][TSO PROX] year=2035 day=Autumn | V max=0.007873 | PF max=0.031134 | ESS max=0.017396
    [RECOURSE COMPONENTS] gen=-7.426809e+05 | flex=+0.000000e+00 | load_curt=+0.000000e+00 | res_curt=+0.000000e+00 | ess_usage=+0.000000e+00 | slacks=+3.143654e-10 | ess_comp=-8.074083e-05
    [SLACK COMPONENTS] voltage=+3.143654e-10 | node_P=+0.000000e+00 | node_Q=+0.000000e+00 | branch_ij=+0.000000e+00 | branch_ji=+0.000000e+00 | flex_P=+0.000000e+00 | flex_Q=+0.000000e+00
    [SLACK COMPONENT CHECK] classified_delta=+3.143654e-10 | objective_slack_delta=+3.143654e-10 | mismatch=+0.000000e+00
    [RECOURSE COMPONENT CHECK] classified_delta=-7.426809e+05 | block_delta=-7.426809e+05 | mismatch=-2.211891e-09
  DSO node=7 year=2025 day=Spring | previous=8.890615e+06 | current=9.491651e+06 | delta=+6.010358e+05 | abs_delta=6.010358e+05
    [RECOURSE COMPONENTS] gen=+0.000000e+00 | flex=+6.010358e+05 | load_curt=+0.000000e+00 | res_curt=+0.000000e+00 | ess_usage=+0.000000e+00 | slacks=-4.835201e-05 | ess_comp=-5.727508e-07
    [SLACK COMPONENTS] voltage=+3.881197e-06 | node_P=+0.000000e+00 | node_Q=+0.000000e+00 | branch_ij=+0.000000e+00 | branch_ji=+0.000000e+00 | flex_P=-5.223321e-05 | flex_Q=+0.000000e+00
    [SLACK COMPONENT CHECK] classified_delta=-4.835201e-05 | objective_slack_delta=-4.835201e-05 | mismatch=+1.243450e-13
    [RECOURSE COMPONENT CHECK] classified_delta=+6.010358e+05 | block_delta=+6.010358e+05 | mismatch=-5.820766e-10
  TSO node=None year=2030 day=Winter | previous=3.589570e+07 | current=3.531505e+07 | delta=-5.806462e+05 | abs_delta=5.806462e+05
    [RECOURSE JUMP][TSO PROX] year=2030 day=Winter | V max=0.005532 | PF max=0.012162 | ESS max=0.016427
    [RECOURSE COMPONENTS] gen=-5.806462e+05 | flex=+0.000000e+00 | load_curt=+0.000000e+00 | res_curt=+0.000000e+00 | ess_usage=+0.000000e+00 | slacks=+4.909069e-10 | ess_comp=-3.236958e-05
    [SLACK COMPONENTS] voltage=+4.909069e-10 | node_P=+0.000000e+00 | node_Q=+0.000000e+00 | branch_ij=+0.000000e+00 | branch_ji=+0.000000e+00 | flex_P=+0.000000e+00 | flex_Q=+0.000000e+00
    [SLACK COMPONENT CHECK] classified_delta=+4.909069e-10 | objective_slack_delta=+4.909069e-10 | mismatch=+0.000000e+00
    [RECOURSE COMPONENT CHECK] classified_delta=-5.806462e+05 | block_delta=-5.806462e+05 | mismatch=-1.129229e-08
  DSO node=7 year=2025 day=Summer | previous=5.876108e+06 | current=6.390830e+06 | delta=+5.147220e+05 | abs_delta=5.147220e+05
    [RECOURSE COMPONENTS] gen=+0.000000e+00 | flex=+5.147220e+05 | load_curt=+0.000000e+00 | res_curt=+0.000000e+00 | ess_usage=+0.000000e+00 | slacks=+6.348376e-05 | ess_comp=-5.575486e-07
    [SLACK COMPONENTS] voltage=-2.958582e-06 | node_P=+0.000000e+00 | node_Q=+0.000000e+00 | branch_ij=+0.000000e+00 | branch_ji=+0.000000e+00 | flex_P=+6.644235e-05 | flex_Q=+0.000000e+00
    [SLACK COMPONENT CHECK] classified_delta=+6.348376e-05 | objective_slack_delta=+6.348376e-05 | mismatch=+1.527667e-13
    [RECOURSE COMPONENT CHECK] classified_delta=+5.147220e+05 | block_delta=+5.147220e+05 | mismatch=+3.259629e-09
[INFO]		 - Recourse stationarity failed. 7155615.164817 > 69189.510079
[ADMM RHO] V | primal max ratio=0.502 | primal mean ratio=0.207 | primal selected=0.502 | dual mean ratio=0.006 | increase threshold=5.0 | decrease threshold=5.0 | action=held
[ADMM RHO BOYD] V | r=1.218062e-02 | s=2.228015e-03 | eps_pri=3.371812e-03 | eps_dual=2.941636e-04 | primal_ratio=3.612485e+00 | dual_ratio=7.574068e+00 | dual_ratio_balance=7.574068e+00 | rho_before=1.732500e-02 | rho_after=1.732500e-02 | gamma_before=0.000000e+00 | gamma_after=0.000000e+00 | action=held
[ADMM RHO] PF | primal max ratio=8.081 | primal mean ratio=2.332 | primal selected=8.081 | dual mean ratio=0.048 | increase threshold=5.0 | decrease threshold=3.0 | action=held
[ADMM RHO BOYD] PF | r=3.828185e-01 | s=5.261106e-02 | eps_pri=1.356460e-03 | eps_dual=4.438053e-04 | primal_ratio=2.822189e+02 | dual_ratio=1.185453e+02 | dual_ratio_balance=1.185453e+02 | rho_before=1.320000e-01 | rho_after=1.320000e-01 | gamma_before=0.000000e+00 | gamma_after=0.000000e+00 | action=held
[ADMM RHO] ESS | primal max ratio=0.135 | primal mean ratio=0.093 | primal selected=0.135 | dual mean ratio=0.003 | increase threshold=5.0 | decrease threshold=5.0 | action=exempt (fixed)
[ADMM RHO BOYD] ESS | r=1.377914e-01 | s=3.439733e-03 | eps_pri=1.004711e-03 | eps_dual=7.212894e-04 | primal_ratio=1.371453e+02 | dual_ratio=4.768866e+00 | dual_ratio_balance=4.768866e+00 | rho_before=1.000000e-02 | rho_after=1.000000e-02 | gamma_before=0.000000e+00 | gamma_after=0.000000e+00 | action=exempt (fixed)
[INFO]		 - ADMM cycle 6 | Primal (V max/mean | PF max/mean | ESS max/mean) = 0.005019/0.000207 | 0.080813/0.002332 | 0.013482/0.000933 | Dual (V max/mean | PF max/mean | ESS max/mean) = 0.000262/0.000064 | 0.013863/0.000476 | 0.000191/0.000027 | Recourse change = 7155615.164817 (tol. 69189.510079) | Stable cycles = 0/10 | Penalty actions (V/PF/ESS) = held/held/exempt (fixed)
[INFO] 	 - Iteration 6: 31.45 s
[INFO] 	 - ADMM Iteration 7
[INFO] 		 - Updating distribution networks:
[INFO] 			 - Running SMOPF, Network case33_1, 2025, Spring...
[WARNING] Network primary solve did not converge for case33_1, year=2025, day=Spring: status=warning, termination=maxIterations, message=Ipopt 3.14.18\x3a Maximum Number of Iterations Exceeded. | warm_start=True
[WARNING] ADMM penalties for case33_1, year=2025, day=Spring: rho_v=0.017325, rho_pf=0.132, rho_ess=0.01
[WARNING] IPOPT primary solve log for case33_1, year=2025, day=Spring: /Users/micaelsimoes/Projects/share-resource-planning-no_esso-degradation/data/SRP1/Results/P56A/evals/p515s44_s45_w11_snapoff_fail_on_578636daa6d6360d_run/logs/optim_log_case33_1_2025_Spring.log
[INFO] Retrying network solve once for case33_1, year=2025, day=Spring, cold start, with warm_start_init_point=no.
[INFO] Network recovery solve succeeded for case33_1, year=2025, day=Spring.
[INFO] 			 - Running SMOPF, Network case33_1, 2025, Summer...
[INFO] 			 - Running SMOPF, Network case33_1, 2025, Autumn...
[INFO] 			 - Running SMOPF, Network case33_1, 2025, Winter...
[WARNING] Network primary solve did not converge for case33_1, year=2025, day=Winter: status=warning, termination=maxIterations, message=Ipopt 3.14.18\x3a Maximum Number of Iterations Exceeded. | warm_start=True
[WARNING] ADMM penalties for case33_1, year=2025, day=Winter: rho_v=0.017325, rho_pf=0.132, rho_ess=0.01
[WARNING] IPOPT primary solve log for case33_1, year=2025, day=Winter: /Users/micaelsimoes/Projects/share-resource-planning-no_esso-degradation/data/SRP1/Results/P56A/evals/p515s44_s45_w11_snapoff_fail_on_578636daa6d6360d_run/logs/optim_log_case33_1_2025_Winter.log
[INFO] Retrying network solve once for case33_1, year=2025, day=Winter, cold start, with warm_start_init_point=no.
[INFO] Network recovery solve succeeded for case33_1, year=2025, day=Winter.
[INFO] 			 - Running SMOPF, Network case33_1, 2030, Spring...
[INFO] 			 - Running SMOPF, Network case33_1, 2030, Summer...
[INFO] 			 - Running SMOPF, Network case33_1, 2030, Autumn...
[INFO] 			 - Running SMOPF, Network case33_1, 2030, Winter...
[INFO] 			 - Running SMOPF, Network case33_1, 2035, Spring...
[INFO] 			 - Running SMOPF, Network case33_1, 2035, Summer...
[INFO] 			 - Running SMOPF, Network case33_1, 2035, Autumn...
[INFO] 			 - Running SMOPF, Network case33_1, 2035, Winter...
[INFO] 			 - Running SMOPF, Network case33_2, 2025, Spring...
[INFO] 			 - Running SMOPF, Network case33_2, 2025, Summer...
[INFO] 			 - Running SMOPF, Network case33_2, 2025, Autumn...
[INFO] 			 - Running SMOPF, Network case33_2, 2025, Winter...
[INFO] 			 - Running SMOPF, Network case33_2, 2030, Spring...
[WARNING] Network primary solve did not converge for case33_2, year=2030, day=Spring: status=warning, termination=maxIterations, message=Ipopt 3.14.18\x3a Maximum Number of Iterations Exceeded. | warm_start=True
[WARNING] ADMM penalties for case33_2, year=2030, day=Spring: rho_v=0.017325, rho_pf=0.132, rho_ess=0.01
[WARNING] IPOPT primary solve log for case33_2, year=2030, day=Spring: /Users/micaelsimoes/Projects/share-resource-planning-no_esso-degradation/data/SRP1/Results/P56A/evals/p515s44_s45_w11_snapoff_fail_on_578636daa6d6360d_run/logs/optim_log_case33_2_2030_Spring.log
[INFO] Retrying network solve once for case33_2, year=2030, day=Spring, cold start, with warm_start_init_point=no.
[INFO] Network recovery solve succeeded for case33_2, year=2030, day=Spring.
[INFO] 			 - Running SMOPF, Network case33_2, 2030, Summer...
[INFO] 			 - Running SMOPF, Network case33_2, 2030, Autumn...
[INFO] 			 - Running SMOPF, Network case33_2, 2030, Winter...
[INFO] 			 - Running SMOPF, Network case33_2, 2035, Spring...
[INFO] 			 - Running SMOPF, Network case33_2, 2035, Summer...
[INFO] 			 - Running SMOPF, Network case33_2, 2035, Autumn...
[INFO] 			 - Running SMOPF, Network case33_2, 2035, Winter...
[DEBUG][FROZEN SMOPF] Saved matched_success pre-solve block to /Users/micaelsimoes/Projects/share-resource-planning-no_esso-degradation/data/SRP1/Results/P515S45/snapshot_off_failure_gate/on/results/FrozenSMOPF/matched_success_DSO_node7_case33_2_2025_Autumn_cycle7.pkl
[INFO] 			 - Running SMOPF, Network case33_3, 2025, Spring...
[INFO] 			 - Running SMOPF, Network case33_3, 2025, Summer...
[INFO] 			 - Running SMOPF, Network case33_3, 2025, Autumn...
[INFO] 			 - Running SMOPF, Network case33_3, 2025, Winter...
[INFO] 			 - Running SMOPF, Network case33_3, 2030, Spring...
[INFO] 			 - Running SMOPF, Network case33_3, 2030, Summer...
[INFO] 			 - Running SMOPF, Network case33_3, 2030, Autumn...
[INFO] 			 - Running SMOPF, Network case33_3, 2030, Winter...
[INFO] 			 - Running SMOPF, Network case33_3, 2035, Spring...
[INFO] 			 - Running SMOPF, Network case33_3, 2035, Summer...
[INFO] 			 - Running SMOPF, Network case33_3, 2035, Autumn...
[INFO] 			 - Running SMOPF, Network case33_3, 2035, Winter...
[INFO] 		 - Updating transmission network...
[INFO] 			 - Running SMOPF, Network case9, 2025, Spring...
[INFO] 			 - Running SMOPF, Network case9, 2025, Summer...
[INFO] 			 - Running SMOPF, Network case9, 2025, Autumn...
[INFO] 			 - Running SMOPF, Network case9, 2025, Winter...
[INFO] 			 - Running SMOPF, Network case9, 2030, Spring...
[INFO] 			 - Running SMOPF, Network case9, 2030, Summer...
[INFO] 			 - Running SMOPF, Network case9, 2030, Autumn...
[INFO] 			 - Running SMOPF, Network case9, 2030, Winter...
[INFO] 			 - Running SMOPF, Network case9, 2035, Spring...
[INFO] 			 - Running SMOPF, Network case9, 2035, Summer...
[WARNING] Network primary solve did not converge for case9, year=2035, day=Summer: status=warning, termination=maxIterations, message=Ipopt 3.14.18\x3a Maximum Number of Iterations Exceeded. | warm_start=True
[WARNING] ADMM penalties for case9, year=2035, day=Summer: rho_v=0.017325, rho_pf=0.132, rho_ess=0.01
[WARNING] IPOPT primary solve log for case9, year=2035, day=Summer: /Users/micaelsimoes/Projects/share-resource-planning-no_esso-degradation/data/SRP1/Results/P56A/evals/p515s44_s45_w11_snapoff_fail_on_578636daa6d6360d_run/logs/optim_log_case9_2035_Summer.log
[INFO] Retrying network solve once for case9, year=2035, day=Summer, cold start, with acceptable_iter=1, acceptable_tol=0.0001, warm_start_init_point=no.
[INFO] Network recovery solve succeeded for case9, year=2035, day=Summer.
[INFO] 			 - Running SMOPF, Network case9, 2035, Autumn...
[INFO] 			 - Running SMOPF, Network case9, 2035, Winter...
[DEBUG][FROZEN SMOPF] Saved matched_success pre-solve block to /Users/micaelsimoes/Projects/share-resource-planning-no_esso-degradation/data/SRP1/Results/P515S45/snapshot_off_failure_gate/on/results/FrozenSMOPF/matched_success_TSO_case9_2025_Summer_cycle7.pkl
[TSO PROX] cycle=7 | updated_blocks=12 | held_failed_blocks=0 | V max=0.009716 | PF max=0.116497 | ESS max=0.018250
[TSO PROX][V MAX] node=5, year=2030, day=Summer, period=12 | dV=3.352135 kV | normalized=0.009716
[TSO PROX][PF MAX] node=5, year=2035, day=Spring, period=9, type=P | delta=23.299409 MW | normalized=0.116497
[TSO PROX][ESS MAX] node=5, year=2025, day=Autumn, period=19, type=P | delta=0.091252 MW | normalized=0.018250
[INFO] 		 - Updating SharedESS...
[INFO] 		 - Running Shared ESS optimization (subproblem)...
[INFO] 			 - Node 5...
[INFO] Shared ESS complementarity diagnostics for ESS node=5: ratio_max=5.548535e-06 n_periods=288 mu_final=9.703084e-12 s_obj=1.000000e-01 eps=1.000000e-05 bound=2.794488e-03 measured=2.619105e-03
[INFO] 			 - Node 7...
[INFO] Shared ESS complementarity diagnostics for ESS node=7: ratio_max=4.981246e-06 n_periods=288 mu_final=9.103813e-12 s_obj=1.000000e-01 eps=1.000000e-05 bound=2.621898e-03 measured=2.617822e-03
[INFO] 			 - Node 9...
[INFO] Shared ESS complementarity diagnostics for ESS node=9: ratio_max=5.008837e-06 n_periods=288 mu_final=9.118588e-12 s_obj=1.000000e-01 eps=1.000000e-05 bound=2.626153e-03 measured=2.618273e-03
[DIAG][V MAX] node=5, year=2035, day=Spring, period=10 | TSO=374.496654 kV, DSO=378.252307 kV, diff=3.755654 kV, base=345.000000 kV, normalized=0.010886, rho(TSO/DSO)=0.017325/0.017325
[DIAG][PF MAX] node=5, year=2035, day=Spring, period=20, type=P | TSO=24.435333 MW, DSO=8.256944 MW, diff=16.178389 MW, rating=200.000000 MVA, normalized=0.080892, rho(TSO/DSO)=0.132000/0.132000
[INFO]		 - interface Vmag max primal residual failed. 0.010886 > 0.010000
[INFO]		 - interface PF max primal residual failed. 0.080892 > 0.010000
[INFO]		 - interface PF mean primal residual failed. 0.002069 > 0.001000
[INFO]		 - Dual residuals ok!
[RECOURSE JUMP] cycle=7 | abs_change=4.998338e+06 | tol=6.847395e+04 | signed_change=-4.998338e+06
[RECOURSE JUMP] Reconciliation | previous=6.847395e+08 | current=6.797411e+08 | block_delta=-4.998338e+06 | mismatch=+1.192093e-07
[RECOURSE JUMP] Aggregate signed changes:
  TSO | delta=-6.073047e+06
  DSO node=7 | delta=+1.461534e+06
  DSO node=5 | delta=-4.563104e+05
  DSO node=9 | delta=+6.948528e+04
  SALVAGE | delta=-1.892488e-50
[RECOURSE JUMP] Largest 10 block changes:
  TSO node=None year=2035 day=Spring | previous=2.706852e+07 | current=2.523602e+07 | delta=-1.832506e+06 | abs_delta=1.832506e+06
    [RECOURSE JUMP][TSO PROX] year=2035 day=Spring | V max=0.009334 | PF max=0.116497 | ESS max=0.016722
    [RECOURSE COMPONENTS] gen=-1.832506e+06 | flex=+0.000000e+00 | load_curt=+0.000000e+00 | res_curt=+0.000000e+00 | ess_usage=+0.000000e+00 | slacks=+1.557403e-09 | ess_comp=-1.313262e-04
    [SLACK COMPONENTS] voltage=+1.557403e-09 | node_P=+0.000000e+00 | node_Q=+0.000000e+00 | branch_ij=+0.000000e+00 | branch_ji=+0.000000e+00 | flex_P=+0.000000e+00 | flex_Q=+0.000000e+00
    [SLACK COMPONENT CHECK] classified_delta=+1.557403e-09 | objective_slack_delta=+1.557403e-09 | mismatch=+0.000000e+00
    [RECOURSE COMPONENT CHECK] classified_delta=-1.832506e+06 | block_delta=-1.832506e+06 | mismatch=-4.423782e-09
  TSO node=None year=2025 day=Spring | previous=3.568896e+07 | current=3.424345e+07 | delta=-1.445512e+06 | abs_delta=1.445512e+06
    [RECOURSE JUMP][TSO PROX] year=2025 day=Spring | V max=0.008488 | PF max=0.064745 | ESS max=0.013038
    [RECOURSE COMPONENTS] gen=-1.445512e+06 | flex=+0.000000e+00 | load_curt=+0.000000e+00 | res_curt=+0.000000e+00 | ess_usage=+0.000000e+00 | slacks=+1.988063e-09 | ess_comp=-2.292895e-05
    [SLACK COMPONENTS] voltage=+1.988063e-09 | node_P=+0.000000e+00 | node_Q=+0.000000e+00 | branch_ij=+0.000000e+00 | branch_ji=+0.000000e+00 | flex_P=+0.000000e+00 | flex_Q=+0.000000e+00
    [SLACK COMPONENT CHECK] classified_delta=+1.988063e-09 | objective_slack_delta=+1.988063e-09 | mismatch=+0.000000e+00
    [RECOURSE COMPONENT CHECK] classified_delta=-1.445512e+06 | block_delta=-1.445512e+06 | mismatch=-1.396984e-09
  TSO node=None year=2030 day=Summer | previous=3.733642e+07 | current=3.649938e+07 | delta=-8.370420e+05 | abs_delta=8.370420e+05
    [RECOURSE JUMP][TSO PROX] year=2030 day=Summer | V max=0.009716 | PF max=0.052729 | ESS max=0.008941
    [RECOURSE COMPONENTS] gen=-8.370420e+05 | flex=+0.000000e+00 | load_curt=+0.000000e+00 | res_curt=+0.000000e+00 | ess_usage=+0.000000e+00 | slacks=+7.497860e-10 | ess_comp=-8.554937e-05
    [SLACK COMPONENTS] voltage=+7.497860e-10 | node_P=+0.000000e+00 | node_Q=+0.000000e+00 | branch_ij=+0.000000e+00 | branch_ji=+0.000000e+00 | flex_P=+0.000000e+00 | flex_Q=+0.000000e+00
    [SLACK COMPONENT CHECK] classified_delta=+7.497860e-10 | objective_slack_delta=+7.497860e-10 | mismatch=+0.000000e+00
    [RECOURSE COMPONENT CHECK] classified_delta=-8.370420e+05 | block_delta=-8.370420e+05 | mismatch=-8.614734e-09
  TSO node=None year=2025 day=Summer | previous=5.941850e+07 | current=5.875509e+07 | delta=-6.634167e+05 | abs_delta=6.634167e+05
    [RECOURSE JUMP][TSO PROX] year=2025 day=Summer | V max=0.008155 | PF max=0.047922 | ESS max=0.010358
    [RECOURSE COMPONENTS] gen=-6.634167e+05 | flex=+0.000000e+00 | load_curt=+0.000000e+00 | res_curt=+0.000000e+00 | ess_usage=+0.000000e+00 | slacks=+1.169191e-09 | ess_comp=-4.774405e-05
    [SLACK COMPONENTS] voltage=+1.169191e-09 | node_P=+0.000000e+00 | node_Q=+0.000000e+00 | branch_ij=+0.000000e+00 | branch_ji=+0.000000e+00 | flex_P=+0.000000e+00 | flex_Q=+0.000000e+00
    [SLACK COMPONENT CHECK] classified_delta=+1.169191e-09 | objective_slack_delta=+1.169191e-09 | mismatch=+0.000000e+00
    [RECOURSE COMPONENT CHECK] classified_delta=-6.634167e+05 | block_delta=-6.634167e+05 | mismatch=+4.656613e-10
  DSO node=5 year=2035 day=Spring | previous=1.183354e+07 | current=1.125372e+07 | delta=-5.798288e+05 | abs_delta=5.798288e+05
    [RECOURSE COMPONENTS] gen=+0.000000e+00 | flex=-5.798288e+05 | load_curt=+0.000000e+00 | res_curt=+0.000000e+00 | ess_usage=+0.000000e+00 | slacks=-2.519368e-04 | ess_comp=-1.516980e-07
    [SLACK COMPONENTS] voltage=-3.095564e-06 | node_P=+0.000000e+00 | node_Q=+0.000000e+00 | branch_ij=+0.000000e+00 | branch_ji=+0.000000e+00 | flex_P=-2.488413e-04 | flex_Q=+0.000000e+00
    [SLACK COMPONENT CHECK] classified_delta=-2.519368e-04 | objective_slack_delta=-2.519368e-04 | mismatch=-2.131628e-14
    [RECOURSE COMPONENT CHECK] classified_delta=-5.798288e+05 | block_delta=-5.798288e+05 | mismatch=-1.862645e-09
  TSO node=None year=2035 day=Summer | previous=2.760136e+07 | current=2.713378e+07 | delta=-4.675788e+05 | abs_delta=4.675788e+05
    [RECOURSE JUMP][TSO PROX] year=2035 day=Summer | V max=0.007255 | PF max=0.039205 | ESS max=0.007542
    [RECOURSE COMPONENTS] gen=-4.677441e+05 | flex=+0.000000e+00 | load_curt=+0.000000e+00 | res_curt=+0.000000e+00 | ess_usage=+0.000000e+00 | slacks=+1.611993e+02 | ess_comp=+4.103660e+00
    [SLACK COMPONENTS] voltage=+1.611993e+02 | node_P=+0.000000e+00 | node_Q=+0.000000e+00 | branch_ij=+0.000000e+00 | branch_ji=+0.000000e+00 | flex_P=+0.000000e+00 | flex_Q=+0.000000e+00
    [SLACK COMPONENT CHECK] classified_delta=+1.611993e+02 | objective_slack_delta=+1.611993e+02 | mismatch=+0.000000e+00
    [RECOURSE COMPONENT CHECK] classified_delta=-4.675788e+05 | block_delta=-4.675788e+05 | mismatch=-2.793968e-09
  DSO node=7 year=2025 day=Spring | previous=9.491651e+06 | current=9.871313e+06 | delta=+3.796619e+05 | abs_delta=3.796619e+05
    [RECOURSE COMPONENTS] gen=+0.000000e+00 | flex=+3.796619e+05 | load_curt=+0.000000e+00 | res_curt=+0.000000e+00 | ess_usage=+0.000000e+00 | slacks=+6.540829e-05 | ess_comp=-6.221566e-07
    [SLACK COMPONENTS] voltage=+4.189259e-06 | node_P=+0.000000e+00 | node_Q=+0.000000e+00 | branch_ij=+0.000000e+00 | branch_ji=+0.000000e+00 | flex_P=+6.121903e-05 | flex_Q=+0.000000e+00
    [SLACK COMPONENT CHECK] classified_delta=+6.540829e-05 | objective_slack_delta=+6.540829e-05 | mismatch=-1.421085e-13
    [RECOURSE COMPONENT CHECK] classified_delta=+3.796619e+05 | block_delta=+3.796619e+05 | mismatch=-4.074536e-10
  DSO node=7 year=2025 day=Summer | previous=6.390830e+06 | current=6.713633e+06 | delta=+3.228029e+05 | abs_delta=3.228029e+05
    [RECOURSE COMPONENTS] gen=+0.000000e+00 | flex=+3.228029e+05 | load_curt=+0.000000e+00 | res_curt=+0.000000e+00 | ess_usage=+0.000000e+00 | slacks=+1.272202e-05 | ess_comp=-4.324628e-07
    [SLACK COMPONENTS] voltage=+2.982294e-06 | node_P=+0.000000e+00 | node_Q=+0.000000e+00 | branch_ij=+0.000000e+00 | branch_ji=+0.000000e+00 | flex_P=+9.739730e-06 | flex_Q=+0.000000e+00
    [SLACK COMPONENT CHECK] classified_delta=+1.272202e-05 | objective_slack_delta=+1.272202e-05 | mismatch=-1.598721e-13
    [RECOURSE COMPONENT CHECK] classified_delta=+3.228029e+05 | block_delta=+3.228029e+05 | mismatch=-1.746230e-10
  TSO node=None year=2030 day=Autumn | previous=2.537898e+07 | current=2.506492e+07 | delta=-3.140561e+05 | abs_delta=3.140561e+05
    [RECOURSE JUMP][TSO PROX] year=2030 day=Autumn | V max=0.008009 | PF max=0.007285 | ESS max=0.016815
    [RECOURSE COMPONENTS] gen=-3.140561e+05 | flex=+0.000000e+00 | load_curt=+0.000000e+00 | res_curt=+0.000000e+00 | ess_usage=+0.000000e+00 | slacks=+6.431122e-10 | ess_comp=-4.189936e-05
    [SLACK COMPONENTS] voltage=+6.431122e-10 | node_P=+0.000000e+00 | node_Q=+0.000000e+00 | branch_ij=+0.000000e+00 | branch_ji=+0.000000e+00 | flex_P=+0.000000e+00 | flex_Q=+0.000000e+00
    [SLACK COMPONENT CHECK] classified_delta=+6.431122e-10 | objective_slack_delta=+6.431122e-10 | mismatch=+0.000000e+00
    [RECOURSE COMPONENT CHECK] classified_delta=-3.140561e+05 | block_delta=-3.140561e+05 | mismatch=-4.132744e-09
  DSO node=9 year=2035 day=Spring | previous=1.350128e+07 | current=1.319712e+07 | delta=-3.041604e+05 | abs_delta=3.041604e+05
    [RECOURSE COMPONENTS] gen=+0.000000e+00 | flex=-3.041604e+05 | load_curt=+0.000000e+00 | res_curt=+0.000000e+00 | ess_usage=+0.000000e+00 | slacks=-2.504966e-04 | ess_comp=-1.437336e-07
    [SLACK COMPONENTS] voltage=-1.295941e-06 | node_P=+0.000000e+00 | node_Q=+0.000000e+00 | branch_ij=+0.000000e+00 | branch_ji=+0.000000e+00 | flex_P=-2.492007e-04 | flex_Q=+0.000000e+00
    [SLACK COMPONENT CHECK] classified_delta=-2.504966e-04 | objective_slack_delta=-2.504966e-04 | mismatch=-7.105427e-15
    [RECOURSE COMPONENT CHECK] classified_delta=-3.041604e+05 | block_delta=-3.041604e+05 | mismatch=+2.793968e-09
[INFO]		 - Recourse stationarity failed. 4998338.327625 > 68473.948563
[ADMM RHO] V | primal max ratio=1.089 | primal mean ratio=0.240 | primal selected=1.089 | dual mean ratio=0.006 | increase threshold=5.0 | decrease threshold=5.0 | action=held
[ADMM RHO BOYD] V | r=2.467406e-02 | s=2.065858e-03 | eps_pri=3.379952e-03 | eps_dual=2.941516e-04 | primal_ratio=7.300121e+00 | dual_ratio=7.023107e+00 | dual_ratio_balance=7.023107e+00 | rho_before=1.732500e-02 | rho_after=1.732500e-02 | gamma_before=0.000000e+00 | gamma_after=0.000000e+00 | action=held
[ADMM RHO] PF | primal max ratio=8.089 | primal mean ratio=2.069 | primal selected=8.089 | dual mean ratio=0.031 | increase threshold=5.0 | decrease threshold=3.0 | action=held
[ADMM RHO BOYD] PF | r=3.398654e-01 | s=3.994486e-02 | eps_pri=1.360822e-03 | eps_dual=4.471413e-04 | primal_ratio=2.497501e+02 | dual_ratio=8.933386e+01 | dual_ratio_balance=8.933386e+01 | rho_before=1.320000e-01 | rho_after=1.320000e-01 | gamma_before=0.000000e+00 | gamma_after=0.000000e+00 | action=held
[ADMM RHO] ESS | primal max ratio=0.119 | primal mean ratio=0.068 | primal selected=0.119 | dual mean ratio=0.002 | increase threshold=5.0 | decrease threshold=5.0 | action=exempt (fixed)
[ADMM RHO BOYD] ESS | r=1.006921e-01 | s=3.035813e-03 | eps_pri=1.025389e-03 | eps_dual=7.212836e-04 | primal_ratio=9.819890e+01 | dual_ratio=4.208904e+00 | dual_ratio_balance=4.208904e+00 | rho_before=1.000000e-02 | rho_after=1.000000e-02 | gamma_before=0.000000e+00 | gamma_after=0.000000e+00 | action=exempt (fixed)
[INFO]		 - ADMM cycle 7 | Primal (V max/mean | PF max/mean | ESS max/mean) = 0.010886/0.000240 | 0.080892/0.002069 | 0.011899/0.000678 | Dual (V max/mean | PF max/mean | ESS max/mean) = 0.000229/0.000058 | 0.015485/0.000307 | 0.000197/0.000023 | Recourse change = 4998338.327625 (tol. 68473.948563) | Stable cycles = 0/10 | Penalty actions (V/PF/ESS) = held/held/exempt (fixed)
[INFO] 	 - Iteration 7: 47.42 s
[INFO] 	 - ADMM Iteration 8
[INFO] 		 - Updating distribution networks:
[INFO] 			 - Running SMOPF, Network case33_1, 2025, Spring...
[INFO] 			 - Running SMOPF, Network case33_1, 2025, Summer...
[INFO] 			 - Running SMOPF, Network case33_1, 2025, Autumn...
[INFO] 			 - Running SMOPF, Network case33_1, 2025, Winter...
[INFO] 			 - Running SMOPF, Network case33_1, 2030, Spring...
[INFO] 			 - Running SMOPF, Network case33_1, 2030, Summer...
[INFO] 			 - Running SMOPF, Network case33_1, 2030, Autumn...
[INFO] 			 - Running SMOPF, Network case33_1, 2030, Winter...
[INFO] 			 - Running SMOPF, Network case33_1, 2035, Spring...
[INFO] 			 - Running SMOPF, Network case33_1, 2035, Summer...
[INFO] 			 - Running SMOPF, Network case33_1, 2035, Autumn...
[INFO] 			 - Running SMOPF, Network case33_1, 2035, Winter...
[INFO] 			 - Running SMOPF, Network case33_2, 2025, Spring...
[INFO] 			 - Running SMOPF, Network case33_2, 2025, Summer...
[INFO] 			 - Running SMOPF, Network case33_2, 2025, Autumn...
[INFO] 			 - Running SMOPF, Network case33_2, 2025, Winter...
[INFO] 			 - Running SMOPF, Network case33_2, 2030, Spring...
[INFO] 			 - Running SMOPF, Network case33_2, 2030, Summer...
[INFO] 			 - Running SMOPF, Network case33_2, 2030, Autumn...
[INFO] 			 - Running SMOPF, Network case33_2, 2030, Winter...
[INFO] 			 - Running SMOPF, Network case33_2, 2035, Spring...
[INFO] 			 - Running SMOPF, Network case33_2, 2035, Summer...
[INFO] 			 - Running SMOPF, Network case33_2, 2035, Autumn...
[INFO] 			 - Running SMOPF, Network case33_2, 2035, Winter...
[INFO] 			 - Running SMOPF, Network case33_3, 2025, Spring...
[INFO] 			 - Running SMOPF, Network case33_3, 2025, Summer...
[INFO] 			 - Running SMOPF, Network case33_3, 2025, Autumn...
[INFO] 			 - Running SMOPF, Network case33_3, 2025, Winter...
[INFO] 			 - Running SMOPF, Network case33_3, 2030, Spring...
[INFO] 			 - Running SMOPF, Network case33_3, 2030, Summer...
[INFO] 			 - Running SMOPF, Network case33_3, 2030, Autumn...
[INFO] 			 - Running SMOPF, Network case33_3, 2030, Winter...
[INFO] 			 - Running SMOPF, Network case33_3, 2035, Spring...
[INFO] 			 - Running SMOPF, Network case33_3, 2035, Summer...
[INFO] 			 - Running SMOPF, Network case33_3, 2035, Autumn...
[INFO] 			 - Running SMOPF, Network case33_3, 2035, Winter...
[INFO] 		 - Updating transmission network...
[INFO] 			 - Running SMOPF, Network case9, 2025, Spring...
[INFO] 			 - Running SMOPF, Network case9, 2025, Summer...
[INFO] 			 - Running SMOPF, Network case9, 2025, Autumn...
[INFO] 			 - Running SMOPF, Network case9, 2025, Winter...
[INFO] 			 - Running SMOPF, Network case9, 2030, Spring...
[INFO] 			 - Running SMOPF, Network case9, 2030, Summer...
[INFO] 			 - Running SMOPF, Network case9, 2030, Autumn...
[INFO] 			 - Running SMOPF, Network case9, 2030, Winter...
[INFO] 			 - Running SMOPF, Network case9, 2035, Spring...
[INFO] 			 - Running SMOPF, Network case9, 2035, Summer...
[INFO] 			 - Running SMOPF, Network case9, 2035, Autumn...
[INFO] 			 - Running SMOPF, Network case9, 2035, Winter...
[TSO PROX] cycle=8 | updated_blocks=12 | held_failed_blocks=0 | V max=0.011699 | PF max=0.122888 | ESS max=0.021774
[TSO PROX][V MAX] node=5, year=2030, day=Summer, period=11 | dV=4.036131 kV | normalized=0.011699
[TSO PROX][PF MAX] node=9, year=2035, day=Spring, period=9, type=P | delta=18.433134 MW | normalized=0.122888
[TSO PROX][ESS MAX] node=5, year=2025, day=Autumn, period=19, type=P | delta=0.108872 MW | normalized=0.021774
[INFO] 		 - Updating SharedESS...
[INFO] 		 - Running Shared ESS optimization (subproblem)...
[INFO] 			 - Node 5...
[INFO] Shared ESS complementarity diagnostics for ESS node=5: ratio_max=5.052165e-06 n_periods=288 mu_final=9.153412e-12 s_obj=1.000000e-01 eps=1.000000e-05 bound=2.636183e-03 measured=2.618766e-03
[INFO] 			 - Node 7...
[INFO] Shared ESS complementarity diagnostics for ESS node=7: ratio_max=5.062818e-06 n_periods=288 mu_final=9.180907e-12 s_obj=1.000000e-01 eps=1.000000e-05 bound=2.644101e-03 measured=2.617728e-03
[INFO] 			 - Node 9...
[INFO] Shared ESS complementarity diagnostics for ESS node=9: ratio_max=5.308088e-06 n_periods=288 mu_final=9.427402e-12 s_obj=1.000000e-01 eps=1.000000e-05 bound=2.715092e-03 measured=2.619786e-03
[DIAG][PF MAX] node=5, year=2030, day=Spring, period=1, type=P | TSO=20.547113 MW, DSO=9.069623 MW, diff=11.477490 MW, rating=200.000000 MVA, normalized=0.057387, rho(TSO/DSO)=0.132000/0.132000
[INFO]		 - interface PF max primal residual failed. 0.057387 > 0.010000
[INFO]		 - interface PF mean primal residual failed. 0.001583 > 0.001000
[INFO]		 - Dual residuals ok!
[RECOURSE JUMP] cycle=8 | abs_change=7.283465e+06 | tol=6.797411e+04 | signed_change=-7.283465e+06
[RECOURSE JUMP] Reconciliation | previous=6.797411e+08 | current=6.724577e+08 | block_delta=-7.283465e+06 | mismatch=-3.576279e-07
[RECOURSE JUMP] Aggregate signed changes:
  TSO | delta=-7.180821e+06
  DSO node=7 | delta=+9.503204e+05
  DSO node=5 | delta=-7.031652e+05
  DSO node=9 | delta=-3.497984e+05
  SALVAGE | delta=+2.300029e-50
[RECOURSE JUMP] Largest 10 block changes:
  TSO node=None year=2035 day=Spring | previous=2.523602e+07 | current=2.302767e+07 | delta=-2.208347e+06 | abs_delta=2.208347e+06
    [RECOURSE JUMP][TSO PROX] year=2035 day=Spring | V max=0.011203 | PF max=0.122888 | ESS max=0.012428
    [RECOURSE COMPONENTS] gen=-2.208347e+06 | flex=+0.000000e+00 | load_curt=+0.000000e+00 | res_curt=+0.000000e+00 | ess_usage=+0.000000e+00 | slacks=+1.790731e-09 | ess_comp=+1.691894e-04
    [SLACK COMPONENTS] voltage=+1.790731e-09 | node_P=+0.000000e+00 | node_Q=+0.000000e+00 | branch_ij=+0.000000e+00 | branch_ji=+0.000000e+00 | flex_P=+0.000000e+00 | flex_Q=+0.000000e+00
    [SLACK COMPONENT CHECK] classified_delta=+1.790731e-09 | objective_slack_delta=+1.790731e-09 | mismatch=+0.000000e+00
    [RECOURSE COMPONENT CHECK] classified_delta=-2.208347e+06 | block_delta=-2.208347e+06 | mismatch=+6.984919e-09
  TSO node=None year=2030 day=Spring | previous=2.125644e+07 | current=1.983497e+07 | delta=-1.421472e+06 | abs_delta=1.421472e+06
    [RECOURSE JUMP][TSO PROX] year=2030 day=Spring | V max=0.010488 | PF max=0.053921 | ESS max=0.010854
    [RECOURSE COMPONENTS] gen=-1.421472e+06 | flex=+0.000000e+00 | load_curt=+0.000000e+00 | res_curt=+0.000000e+00 | ess_usage=+0.000000e+00 | slacks=+2.673573e-09 | ess_comp=-9.609158e-05
    [SLACK COMPONENTS] voltage=+2.673573e-09 | node_P=+0.000000e+00 | node_Q=+0.000000e+00 | branch_ij=+0.000000e+00 | branch_ji=+0.000000e+00 | flex_P=+0.000000e+00 | flex_Q=+0.000000e+00
    [SLACK COMPONENT CHECK] classified_delta=+2.673573e-09 | objective_slack_delta=+2.673573e-09 | mismatch=+0.000000e+00
    [RECOURSE COMPONENT CHECK] classified_delta=-1.421472e+06 | block_delta=-1.421472e+06 | mismatch=-2.561137e-09
  TSO node=None year=2025 day=Spring | previous=3.424345e+07 | current=3.306012e+07 | delta=-1.183334e+06 | abs_delta=1.183334e+06
    [RECOURSE JUMP][TSO PROX] year=2025 day=Spring | V max=0.010054 | PF max=0.085623 | ESS max=0.017316
    [RECOURSE COMPONENTS] gen=-1.183334e+06 | flex=+0.000000e+00 | load_curt=+0.000000e+00 | res_curt=+0.000000e+00 | ess_usage=+0.000000e+00 | slacks=+2.396625e-09 | ess_comp=-9.089195e-06
    [SLACK COMPONENTS] voltage=+2.396625e-09 | node_P=+0.000000e+00 | node_Q=+0.000000e+00 | branch_ij=+0.000000e+00 | branch_ji=+0.000000e+00 | flex_P=+0.000000e+00 | flex_Q=+0.000000e+00
    [SLACK COMPONENT CHECK] classified_delta=+2.396625e-09 | objective_slack_delta=+2.396625e-09 | mismatch=+0.000000e+00
    [RECOURSE COMPONENT CHECK] classified_delta=-1.183334e+06 | block_delta=-1.183334e+06 | mismatch=+2.793968e-09
  TSO node=None year=2030 day=Summer | previous=3.649938e+07 | current=3.563337e+07 | delta=-8.660050e+05 | abs_delta=8.660050e+05
    [RECOURSE JUMP][TSO PROX] year=2030 day=Summer | V max=0.011699 | PF max=0.035400 | ESS max=0.012746
    [RECOURSE COMPONENTS] gen=-8.660050e+05 | flex=+0.000000e+00 | load_curt=+0.000000e+00 | res_curt=+0.000000e+00 | ess_usage=+0.000000e+00 | slacks=+1.471534e-09 | ess_comp=+8.790501e-06
    [SLACK COMPONENTS] voltage=+1.471534e-09 | node_P=+0.000000e+00 | node_Q=+0.000000e+00 | branch_ij=+0.000000e+00 | branch_ji=+0.000000e+00 | flex_P=+0.000000e+00 | flex_Q=+0.000000e+00
    [SLACK COMPONENT CHECK] classified_delta=+1.471534e-09 | objective_slack_delta=+1.471534e-09 | mismatch=+0.000000e+00
    [RECOURSE COMPONENT CHECK] classified_delta=-8.660050e+05 | block_delta=-8.660050e+05 | mismatch=+1.525041e-08
  TSO node=None year=2035 day=Summer | previous=2.713378e+07 | current=2.626814e+07 | delta=-8.656435e+05 | abs_delta=8.656435e+05
    [RECOURSE JUMP][TSO PROX] year=2035 day=Summer | V max=0.008978 | PF max=0.044760 | ESS max=0.012419
    [RECOURSE COMPONENTS] gen=-8.654782e+05 | flex=+0.000000e+00 | load_curt=+0.000000e+00 | res_curt=-0.000000e+00 | ess_usage=+0.000000e+00 | slacks=-1.611993e+02 | ess_comp=-4.103746e+00
    [SLACK COMPONENTS] voltage=-1.611993e+02 | node_P=+0.000000e+00 | node_Q=+0.000000e+00 | branch_ij=+0.000000e+00 | branch_ji=+0.000000e+00 | flex_P=+0.000000e+00 | flex_Q=+0.000000e+00
    [SLACK COMPONENT CHECK] classified_delta=-1.611993e+02 | objective_slack_delta=-1.611993e+02 | mismatch=+0.000000e+00
    [RECOURSE COMPONENT CHECK] classified_delta=-8.656435e+05 | block_delta=-8.656435e+05 | mismatch=-8.149073e-10
  DSO node=5 year=2035 day=Spring | previous=1.125372e+07 | current=1.077513e+07 | delta=-4.785873e+05 | abs_delta=4.785873e+05
    [RECOURSE COMPONENTS] gen=+0.000000e+00 | flex=-4.785873e+05 | load_curt=+0.000000e+00 | res_curt=+0.000000e+00 | ess_usage=+0.000000e+00 | slacks=-2.243373e-04 | ess_comp=+2.128115e-06
    [SLACK COMPONENTS] voltage=-1.506756e-06 | node_P=+0.000000e+00 | node_Q=+0.000000e+00 | branch_ij=+0.000000e+00 | branch_ji=+0.000000e+00 | flex_P=-2.228305e-04 | flex_Q=+0.000000e+00
    [SLACK COMPONENT CHECK] classified_delta=-2.243373e-04 | objective_slack_delta=-2.243373e-04 | mismatch=+1.598721e-13
    [RECOURSE COMPONENT CHECK] classified_delta=-4.785873e+05 | block_delta=-4.785873e+05 | mismatch=-1.164153e-09
  DSO node=9 year=2035 day=Spring | previous=1.319712e+07 | current=1.273789e+07 | delta=-4.592334e+05 | abs_delta=4.592334e+05
    [RECOURSE COMPONENTS] gen=+0.000000e+00 | flex=-4.592334e+05 | load_curt=+0.000000e+00 | res_curt=+0.000000e+00 | ess_usage=+0.000000e+00 | slacks=-1.799292e-04 | ess_comp=+2.166289e-06
    [SLACK COMPONENTS] voltage=-9.935409e-07 | node_P=+0.000000e+00 | node_Q=+0.000000e+00 | branch_ij=+0.000000e+00 | branch_ji=+0.000000e+00 | flex_P=-1.789357e-04 | flex_Q=+0.000000e+00
    [SLACK COMPONENT CHECK] classified_delta=-1.799292e-04 | objective_slack_delta=-1.799292e-04 | mismatch=+2.131628e-14
    [RECOURSE COMPONENT CHECK] classified_delta=-4.592334e+05 | block_delta=-4.592334e+05 | mismatch=+5.238689e-10
  TSO node=None year=2025 day=Summer | previous=5.875509e+07 | current=5.844709e+07 | delta=-3.079920e+05 | abs_delta=3.079920e+05
    [RECOURSE JUMP][TSO PROX] year=2025 day=Summer | V max=0.010096 | PF max=0.050808 | ESS max=0.012818
    [RECOURSE COMPONENTS] gen=-3.079920e+05 | flex=+0.000000e+00 | load_curt=+0.000000e+00 | res_curt=+0.000000e+00 | ess_usage=+0.000000e+00 | slacks=+2.304397e-09 | ess_comp=-1.222546e-05
    [SLACK COMPONENTS] voltage=+2.304397e-09 | node_P=+0.000000e+00 | node_Q=+0.000000e+00 | branch_ij=+0.000000e+00 | branch_ji=+0.000000e+00 | flex_P=+0.000000e+00 | flex_Q=+0.000000e+00
    [SLACK COMPONENT CHECK] classified_delta=+2.304397e-09 | objective_slack_delta=+2.304397e-09 | mismatch=+0.000000e+00
    [RECOURSE COMPONENT CHECK] classified_delta=-3.079920e+05 | block_delta=-3.079920e+05 | mismatch=+1.071021e-08
  DSO node=5 year=2030 day=Spring | previous=1.091012e+07 | current=1.062924e+07 | delta=-2.808804e+05 | abs_delta=2.808804e+05
    [RECOURSE COMPONENTS] gen=+0.000000e+00 | flex=-2.808804e+05 | load_curt=+0.000000e+00 | res_curt=+0.000000e+00 | ess_usage=+0.000000e+00 | slacks=-1.498784e-04 | ess_comp=+1.926412e-07
    [SLACK COMPONENTS] voltage=-6.218125e-06 | node_P=+0.000000e+00 | node_Q=+0.000000e+00 | branch_ij=+0.000000e+00 | branch_ji=+0.000000e+00 | flex_P=-1.436602e-04 | flex_Q=+0.000000e+00
    [SLACK COMPONENT CHECK] classified_delta=-1.498784e-04 | objective_slack_delta=-1.498784e-04 | mismatch=+1.243450e-13
    [RECOURSE COMPONENT CHECK] classified_delta=-2.808804e+05 | block_delta=-2.808804e+05 | mismatch=+2.037268e-09
  DSO node=7 year=2025 day=Summer | previous=6.713633e+06 | current=6.952265e+06 | delta=+2.386328e+05 | abs_delta=2.386328e+05
    [RECOURSE COMPONENTS] gen=+0.000000e+00 | flex=+2.386328e+05 | load_curt=+0.000000e+00 | res_curt=+0.000000e+00 | ess_usage=+0.000000e+00 | slacks=+4.105056e-05 | ess_comp=-4.097212e-08
    [SLACK COMPONENTS] voltage=+2.414769e-06 | node_P=+0.000000e+00 | node_Q=+0.000000e+00 | branch_ij=+0.000000e+00 | branch_ji=+0.000000e+00 | flex_P=+3.863580e-05 | flex_Q=+0.000000e+00
    [SLACK COMPONENT CHECK] classified_delta=+4.105056e-05 | objective_slack_delta=+4.105056e-05 | mismatch=+4.618528e-14
    [RECOURSE COMPONENT CHECK] classified_delta=+2.386328e+05 | block_delta=+2.386328e+05 | mismatch=-2.619345e-10
[INFO]		 - Recourse stationarity failed. 7283464.700052 > 67974.114730
[ADMM RHO] V | primal max ratio=0.730 | primal mean ratio=0.221 | primal selected=0.730 | dual mean ratio=0.006 | increase threshold=5.0 | decrease threshold=5.0 | action=held
[ADMM RHO BOYD] V | r=2.056958e-02 | s=1.933576e-03 | eps_pri=3.388946e-03 | eps_dual=2.941409e-04 | primal_ratio=6.069611e+00 | dual_ratio=6.573638e+00 | dual_ratio_balance=6.573638e+00 | rho_before=1.732500e-02 | rho_after=1.732500e-02 | gamma_before=0.000000e+00 | gamma_after=0.000000e+00 | action=held
[ADMM RHO] PF | primal max ratio=5.739 | primal mean ratio=1.583 | primal selected=5.739 | dual mean ratio=0.027 | increase threshold=5.0 | decrease threshold=3.0 | action=held
[ADMM RHO BOYD] PF | r=2.591598e-01 | s=3.117517e-02 | eps_pri=1.362315e-03 | eps_dual=4.504928e-04 | primal_ratio=1.902348e+02 | dual_ratio=6.920236e+01 | dual_ratio_balance=6.920236e+01 | rho_before=1.320000e-01 | rho_after=1.320000e-01 | gamma_before=0.000000e+00 | gamma_after=0.000000e+00 | action=held
[ADMM RHO] ESS | primal max ratio=0.099 | primal mean ratio=0.059 | primal selected=0.099 | dual mean ratio=0.002 | increase threshold=5.0 | decrease threshold=5.0 | action=exempt (fixed)
[ADMM RHO BOYD] ESS | r=9.017580e-02 | s=2.721432e-03 | eps_pri=1.047027e-03 | eps_dual=7.212767e-04 | primal_ratio=8.612558e+01 | dual_ratio=3.773076e+00 | dual_ratio_balance=3.773076e+00 | rho_before=1.000000e-02 | rho_after=1.000000e-02 | gamma_before=0.000000e+00 | gamma_after=0.000000e+00 | action=exempt (fixed)
[INFO]		 - ADMM cycle 8 | Primal (V max/mean | PF max/mean | ESS max/mean) = 0.007300/0.000221 | 0.057387/0.001583 | 0.009944/0.000586 | Dual (V max/mean | PF max/mean | ESS max/mean) = 0.000219/0.000060 | 0.016240/0.000266 | 0.000196/0.000021 | Recourse change = 7283464.700052 (tol. 67974.114730) | Stable cycles = 0/10 | Penalty actions (V/PF/ESS) = held/held/exempt (fixed)
[INFO] 	 - Iteration 8: 33.56 s
[WARNING] 	 - ADMM did NOT converge in 8 iterations!
[INFO] 	 - Execution time: 300.89 s
[S31 Part 3] component_levels_terminal.json written: /Users/micaelsimoes/Projects/share-resource-planning-no_esso-degradation/data/SRP1/Results/P515S45/snapshot_off_failure_gate/on/component_levels_terminal.json
[S31C Part 3] interface_settlement_detail_s31c.json written: /Users/micaelsimoes/Projects/share-resource-planning-no_esso-degradation/data/SRP1/Results/P515S45/snapshot_off_failure_gate/on/interface_settlement_detail_s31c.json
[S33E2] interface_voltage_terminal.json written: /Users/micaelsimoes/Projects/share-resource-planning-no_esso-degradation/data/SRP1/Results/P515S45/snapshot_off_failure_gate/on/interface_voltage_terminal.json
[S35REF] boyd_terminal.json written: /Users/micaelsimoes/Projects/share-resource-planning-no_esso-degradation/data/SRP1/Results/P515S45/snapshot_off_failure_gate/on/boyd_terminal.json
[P5.15-G s39_D] recourse=672457682.6010332 cycles=8 solves=467 local_failures=0 wall=301s
   EFC/day max across nodes: 0.8050845932609342 (threshold 1.4612)
   detector grouping clean: True (observed 27 / expected 27)
   network failures: {'n_blocks': 8, 'classes': {'recovered_tier1': 8, 'recovered_tier2': 0, 'unrecovered': 0, 'not_attempted': 0, 'indeterminate': 0, 'recovered': 8}, 'n_frozen_snapshots': 2, 'n_esso_recovery_events': 0, 'path': 'data/SRP1/Results/P515S45/snapshot_off_failure_gate/on/network_failures_s39_D.jsonl'}
22:29:49 [W11] arm on: cycles=8 recourse=672457682.6010332 gross=672457682.6010332 clones=26 captures=192 solves=467 failures={'n_blocks': 8, 'classes': {'recovered_tier1': 8, 'recovered_tier2': 0, 'unrecovered': 0, 'not_attempted': 0, 'indeterminate': 0, 'recovered': 8}, 'n_frozen_snapshots': 2, 'n_esso_recovery_events': 0, 'path': 'data/SRP1/Results/P515S45/snapshot_off_failure_gate/on/network_failures_s39_D.jsonl'} snapshots_dir=['matched_success_DSO_node7_case33_2_2025_Autumn_cycle7.pkl', 'matched_success_TSO_case9_2025_Summer_cycle7.pkl'] wall=301.9s
22:29:49 [W11] --- ARM OFF: run_admm_arm cap 8, snapshots='off' ---
[INFO] Running OPERATIONAL PLANNING (DISTRIBUTED)...
[INFO]	 - Initializing...
[INFO] 		 - Distribution Network node 5...
[INFO] 			 - Running SMOPF, Network case33_1, 2025, Spring...
[INFO] 			 - Running SMOPF, Network case33_1, 2025, Summer...
[INFO] 			 - Running SMOPF, Network case33_1, 2025, Autumn...
[INFO] 			 - Running SMOPF, Network case33_1, 2025, Winter...
[INFO] 			 - Running SMOPF, Network case33_1, 2030, Spring...
[INFO] 			 - Running SMOPF, Network case33_1, 2030, Summer...
[INFO] 			 - Running SMOPF, Network case33_1, 2030, Autumn...
[INFO] 			 - Running SMOPF, Network case33_1, 2030, Winter...
[INFO] 			 - Running SMOPF, Network case33_1, 2035, Spring...
[INFO] 			 - Running SMOPF, Network case33_1, 2035, Summer...
[INFO] 			 - Running SMOPF, Network case33_1, 2035, Autumn...
[INFO] 			 - Running SMOPF, Network case33_1, 2035, Winter...
[INFO] 		 - Distribution Network node 7...
[INFO] 			 - Running SMOPF, Network case33_2, 2025, Spring...
[INFO] 			 - Running SMOPF, Network case33_2, 2025, Summer...
[INFO] 			 - Running SMOPF, Network case33_2, 2025, Autumn...
[INFO] 			 - Running SMOPF, Network case33_2, 2025, Winter...
[INFO] 			 - Running SMOPF, Network case33_2, 2030, Spring...
[INFO] 			 - Running SMOPF, Network case33_2, 2030, Summer...
[INFO] 			 - Running SMOPF, Network case33_2, 2030, Autumn...
[INFO] 			 - Running SMOPF, Network case33_2, 2030, Winter...
[INFO] 			 - Running SMOPF, Network case33_2, 2035, Spring...
[INFO] 			 - Running SMOPF, Network case33_2, 2035, Summer...
[INFO] 			 - Running SMOPF, Network case33_2, 2035, Autumn...
[INFO] 			 - Running SMOPF, Network case33_2, 2035, Winter...
[INFO] 		 - Distribution Network node 9...
[INFO] 			 - Running SMOPF, Network case33_3, 2025, Spring...
[INFO] 			 - Running SMOPF, Network case33_3, 2025, Summer...
[INFO] 			 - Running SMOPF, Network case33_3, 2025, Autumn...
[INFO] 			 - Running SMOPF, Network case33_3, 2025, Winter...
[INFO] 			 - Running SMOPF, Network case33_3, 2030, Spring...
[INFO] 			 - Running SMOPF, Network case33_3, 2030, Summer...
[INFO] 			 - Running SMOPF, Network case33_3, 2030, Autumn...
[INFO] 			 - Running SMOPF, Network case33_3, 2030, Winter...
[INFO] 			 - Running SMOPF, Network case33_3, 2035, Spring...
[INFO] 			 - Running SMOPF, Network case33_3, 2035, Summer...
[INFO] 			 - Running SMOPF, Network case33_3, 2035, Autumn...
[INFO] 			 - Running SMOPF, Network case33_3, 2035, Winter...
[INFO] 		 - Transmission Network...
[INFO] 			 - Running SMOPF, Network case9, 2025, Spring...
[INFO] 			 - Running SMOPF, Network case9, 2025, Summer...
[INFO] 			 - Running SMOPF, Network case9, 2025, Autumn...
[INFO] 			 - Running SMOPF, Network case9, 2025, Winter...
[INFO] 			 - Running SMOPF, Network case9, 2030, Spring...
[INFO] 			 - Running SMOPF, Network case9, 2030, Summer...
[INFO] 			 - Running SMOPF, Network case9, 2030, Autumn...
[INFO] 			 - Running SMOPF, Network case9, 2030, Winter...
[INFO] 			 - Running SMOPF, Network case9, 2035, Spring...
[INFO] 			 - Running SMOPF, Network case9, 2035, Summer...
[INFO] 			 - Running SMOPF, Network case9, 2035, Autumn...
[INFO] 			 - Running SMOPF, Network case9, 2035, Winter...
[INFO] 		 - Running Shared ESS optimization (subproblem)...
[INFO] 			 - Node 5...
[INFO] Shared ESS complementarity diagnostics for ESS node=5: ratio_max=8.663330e-06 n_periods=288 mu_final=1.497458e-11 s_obj=1.000000e-01 eps=1.000000e-05 bound=4.312679e-03 measured=2.312858e-03
[INFO] 			 - Node 7...
[INFO] Shared ESS complementarity diagnostics for ESS node=7: ratio_max=8.664933e-06 n_periods=288 mu_final=1.499878e-11 s_obj=1.000000e-01 eps=1.000000e-05 bound=4.319650e-03 measured=2.305958e-03
[INFO] 			 - Node 9...
[INFO] Shared ESS complementarity diagnostics for ESS node=9: ratio_max=8.662105e-06 n_periods=288 mu_final=1.497387e-11 s_obj=1.000000e-01 eps=1.000000e-05 bound=4.312474e-03 measured=2.313052e-03
[ADMM OF SCALE] n=48 | min=2.430192e+07 | median=4.563872e+07 | max=9.363536e+07 | selected=9.363536e+07
[ADMM OF SCALE] Largest weighted objectives:
  TSO node=None year=2035 day=Winter | base=-9.363536e+07 | scenario=0.000000e+00 | total=-9.363536e+07
  TSO node=None year=2030 day=Autumn | base=-8.831557e+07 | scenario=0.000000e+00 | total=-8.831557e+07
  TSO node=None year=2030 day=Winter | base=-7.463930e+07 | scenario=0.000000e+00 | total=-7.463930e+07
  TSO node=None year=2035 day=Spring | base=-6.233022e+07 | scenario=0.000000e+00 | total=-6.233022e+07
  TSO node=None year=2035 day=Summer | base=-5.846825e+07 | scenario=0.000000e+00 | total=-5.846825e+07
  TSO node=None year=2035 day=Autumn | base=-5.808004e+07 | scenario=0.000000e+00 | total=-5.808004e+07
  TSO node=None year=2030 day=Summer | base=-5.747069e+07 | scenario=0.000000e+00 | total=-5.747069e+07
  DSO node=7 year=2035 day=Spring | base=5.722320e+07 | scenario=0.000000e+00 | total=5.722320e+07
  DSO node=9 year=2025 day=Winter | base=5.578761e+07 | scenario=0.000000e+00 | total=5.578761e+07
  DSO node=5 year=2035 day=Spring | base=5.561607e+07 | scenario=0.000000e+00 | total=5.561607e+07
[ADMM OF SCALE] Fixed sigma in force sigma_fixed=9.363536e+07 | sigma_computed=9.363536e+07 | ratio=1.000000e+00 | assert_factor=3.000
[ADMM ESSO AL SCALE] mode=sigma_over_median_block_weight | sigma=9.363536e+07 | median_block_weight=4.121075e+02 | al_scale_esso=2.272110e+05
[INFO] 	 - ADMM Iteration 1
[INFO] 		 - Updating distribution networks:
[INFO] 			 - Running SMOPF, Network case33_1, 2025, Spring...
[INFO] 			 - Running SMOPF, Network case33_1, 2025, Summer...
[INFO] 			 - Running SMOPF, Network case33_1, 2025, Autumn...
[INFO] 			 - Running SMOPF, Network case33_1, 2025, Winter...
[INFO] 			 - Running SMOPF, Network case33_1, 2030, Spring...
[INFO] 			 - Running SMOPF, Network case33_1, 2030, Summer...
[INFO] 			 - Running SMOPF, Network case33_1, 2030, Autumn...
[INFO] 			 - Running SMOPF, Network case33_1, 2030, Winter...
[INFO] 			 - Running SMOPF, Network case33_1, 2035, Spring...
[INFO] 			 - Running SMOPF, Network case33_1, 2035, Summer...
[INFO] 			 - Running SMOPF, Network case33_1, 2035, Autumn...
[INFO] 			 - Running SMOPF, Network case33_1, 2035, Winter...
[INFO] 			 - Running SMOPF, Network case33_2, 2025, Spring...
[INFO] 			 - Running SMOPF, Network case33_2, 2025, Summer...
[INFO] 			 - Running SMOPF, Network case33_2, 2025, Autumn...
[INFO] 			 - Running SMOPF, Network case33_2, 2025, Winter...
[INFO] 			 - Running SMOPF, Network case33_2, 2030, Spring...
[INFO] 			 - Running SMOPF, Network case33_2, 2030, Summer...
[INFO] 			 - Running SMOPF, Network case33_2, 2030, Autumn...
[INFO] 			 - Running SMOPF, Network case33_2, 2030, Winter...
[INFO] 			 - Running SMOPF, Network case33_2, 2035, Spring...
[INFO] 			 - Running SMOPF, Network case33_2, 2035, Summer...
[INFO] 			 - Running SMOPF, Network case33_2, 2035, Autumn...
[INFO] 			 - Running SMOPF, Network case33_2, 2035, Winter...
[INFO] 			 - Running SMOPF, Network case33_3, 2025, Spring...
[INFO] 			 - Running SMOPF, Network case33_3, 2025, Summer...
[INFO] 			 - Running SMOPF, Network case33_3, 2025, Autumn...
[INFO] 			 - Running SMOPF, Network case33_3, 2025, Winter...
[INFO] 			 - Running SMOPF, Network case33_3, 2030, Spring...
[INFO] 			 - Running SMOPF, Network case33_3, 2030, Summer...
[INFO] 			 - Running SMOPF, Network case33_3, 2030, Autumn...
[INFO] 			 - Running SMOPF, Network case33_3, 2030, Winter...
[INFO] 			 - Running SMOPF, Network case33_3, 2035, Spring...
[INFO] 			 - Running SMOPF, Network case33_3, 2035, Summer...
[INFO] 			 - Running SMOPF, Network case33_3, 2035, Autumn...
[INFO] 			 - Running SMOPF, Network case33_3, 2035, Winter...
[INFO] 		 - Updating transmission network...
[INFO] 			 - Running SMOPF, Network case9, 2025, Spring...
[INFO] 			 - Running SMOPF, Network case9, 2025, Summer...
[INFO] 			 - Running SMOPF, Network case9, 2025, Autumn...
[INFO] 			 - Running SMOPF, Network case9, 2025, Winter...
[INFO] 			 - Running SMOPF, Network case9, 2030, Spring...
[INFO] 			 - Running SMOPF, Network case9, 2030, Summer...
[INFO] 			 - Running SMOPF, Network case9, 2030, Autumn...
[INFO] 			 - Running SMOPF, Network case9, 2030, Winter...
[INFO] 			 - Running SMOPF, Network case9, 2035, Spring...
[INFO] 			 - Running SMOPF, Network case9, 2035, Summer...
[INFO] 			 - Running SMOPF, Network case9, 2035, Autumn...
[INFO] 			 - Running SMOPF, Network case9, 2035, Winter...
[TSO PROX] cycle=1 | updated_blocks=12 | held_failed_blocks=0 | V max=0.084652 | PF max=0.549710 | ESS max=0.127345
[TSO PROX][V MAX] node=5, year=2035, day=Summer, period=22 | dV=29.204784 kV | normalized=0.084652
[TSO PROX][PF MAX] node=5, year=2025, day=Spring, period=9, type=P | delta=109.941947 MW | normalized=0.549710
[TSO PROX][ESS MAX] node=5, year=2025, day=Autumn, period=18, type=P | delta=0.636726 MW | normalized=0.127345
[INFO] 		 - Updating SharedESS...
[INFO] 		 - Running Shared ESS optimization (subproblem)...
[INFO] 			 - Node 5...
[INFO] Shared ESS complementarity diagnostics for ESS node=5: ratio_max=9.338863e-06 n_periods=288 mu_final=1.197520e-11 s_obj=1.000000e-01 eps=1.000000e-05 bound=3.448859e-03 measured=3.002143e-03
[INFO] 			 - Node 7...
[INFO] Shared ESS complementarity diagnostics for ESS node=7: ratio_max=9.392658e-06 n_periods=288 mu_final=1.090586e-11 s_obj=1.000000e-01 eps=1.000000e-05 bound=3.140887e-03 measured=3.164456e-03
[INFO] 			 - Node 9...
[INFO] Shared ESS complementarity diagnostics for ESS node=9: ratio_max=9.373477e-06 n_periods=288 mu_final=1.126412e-11 s_obj=1.000000e-01 eps=1.000000e-05 bound=3.244067e-03 measured=3.283780e-03
[DIAG][V MAX] node=5, year=2035, day=Summer, period=22 | TSO=373.045955 kV, DSO=342.682360 kV, diff=30.363595 kV, base=345.000000 kV, normalized=0.088010, rho(TSO/DSO)=0.007700/0.007700
[DIAG][PF MAX] node=5, year=2035, day=Summer, period=22, type=P | TSO=102.784983 MW, DSO=32.265354 MW, diff=70.519629 MW, rating=200.000000 MVA, normalized=0.352598, rho(TSO/DSO)=0.198000/0.198000
[INFO]		 - interface Vmag max primal residual failed. 0.088010 > 0.010000
[INFO]		 - interface Vmag mean primal residual failed. 0.032598 > 0.001000
[INFO]		 - interface PF max primal residual failed. 0.352598 > 0.010000
[INFO]		 - interface PF mean primal residual failed. 0.143476 > 0.001000
[INFO]		 - interface PF mean dual residual failed. 0.034626 > 0.010000
[INFO]		 - Recourse stationarity requires one previous successful cycle.
[ADMM RHO] V | primal max ratio=8.801 | primal mean ratio=32.598 | primal selected=32.598 | dual mean ratio=0.014 | increase threshold=5.0 | decrease threshold=5.0 | action=increased
[ADMM RHO BOYD] V | r=1.085291e+00 | s=7.981864e-03 | eps_pri=3.319081e-03 | eps_dual=2.947370e-04 | primal_ratio=3.269855e+02 | dual_ratio=2.708131e+01 | dual_ratio_balance=2.708131e+01 | rho_before=7.700000e-03 | rho_after=1.155000e-02 | gamma_before=0.000000e+00 | gamma_after=0.000000e+00 | action=increased
[ADMM RHO] PF | primal max ratio=35.260 | primal mean ratio=143.476 | primal selected=143.476 | dual mean ratio=3.463 | increase threshold=5.0 | decrease threshold=3.0 | action=held
[ADMM RHO BOYD] PF | r=6.648838e+00 | s=2.030228e+00 | eps_pri=1.619218e-03 | eps_dual=4.208293e-04 | primal_ratio=4.106203e+03 | dual_ratio=4.824351e+03 | dual_ratio_balance=4.824351e+03 | rho_before=1.980000e-01 | rho_after=1.980000e-01 | gamma_before=0.000000e+00 | gamma_after=0.000000e+00 | action=held
[ADMM RHO] ESS | primal max ratio=0.849 | primal mean ratio=0.908 | primal selected=0.908 | dual mean ratio=0.007 | increase threshold=5.0 | decrease threshold=5.0 | action=exempt (fixed)
[ADMM RHO BOYD] ESS | r=1.225113e+00 | s=8.663498e-03 | eps_pri=8.700639e-04 | eps_dual=7.212251e-04 | primal_ratio=1.408072e+03 | dual_ratio=1.201220e+01 | dual_ratio_balance=1.201220e+01 | rho_before=1.000000e-02 | rho_after=1.000000e-02 | gamma_before=0.000000e+00 | gamma_after=0.000000e+00 | action=exempt (fixed)
[INFO]		 - ADMM cycle 1 | Primal (V max/mean | PF max/mean | ESS max/mean) = 0.088010/0.032598 | 0.352598/0.143476 | 0.084925/0.009080 | Dual (V max/mean | PF max/mean | ESS max/mean) = 0.000652/0.000138 | 0.128943/0.034626 | 0.000424/0.000068 | Recourse change = N/A (tol. N/A) | Stable cycles = 0/10 | Penalty actions (V/PF/ESS) = increased/held/exempt (fixed)
[INFO] 	 - Iteration 1: 26.94 s
[INFO] 	 - ADMM Iteration 2
[INFO] 		 - Updating distribution networks:
[INFO] 			 - Running SMOPF, Network case33_1, 2025, Spring...
[INFO] 			 - Running SMOPF, Network case33_1, 2025, Summer...
[INFO] 			 - Running SMOPF, Network case33_1, 2025, Autumn...
[INFO] 			 - Running SMOPF, Network case33_1, 2025, Winter...
[INFO] 			 - Running SMOPF, Network case33_1, 2030, Spring...
[INFO] 			 - Running SMOPF, Network case33_1, 2030, Summer...
[INFO] 			 - Running SMOPF, Network case33_1, 2030, Autumn...
[INFO] 			 - Running SMOPF, Network case33_1, 2030, Winter...
[INFO] 			 - Running SMOPF, Network case33_1, 2035, Spring...
[INFO] 			 - Running SMOPF, Network case33_1, 2035, Summer...
[INFO] 			 - Running SMOPF, Network case33_1, 2035, Autumn...
[INFO] 			 - Running SMOPF, Network case33_1, 2035, Winter...
[INFO] 			 - Running SMOPF, Network case33_2, 2025, Spring...
[INFO] 			 - Running SMOPF, Network case33_2, 2025, Summer...
[INFO] 			 - Running SMOPF, Network case33_2, 2025, Autumn...
[INFO] 			 - Running SMOPF, Network case33_2, 2025, Winter...
[INFO] 			 - Running SMOPF, Network case33_2, 2030, Spring...
[INFO] 			 - Running SMOPF, Network case33_2, 2030, Summer...
[INFO] 			 - Running SMOPF, Network case33_2, 2030, Autumn...
[INFO] 			 - Running SMOPF, Network case33_2, 2030, Winter...
[INFO] 			 - Running SMOPF, Network case33_2, 2035, Spring...
[INFO] 			 - Running SMOPF, Network case33_2, 2035, Summer...
[INFO] 			 - Running SMOPF, Network case33_2, 2035, Autumn...
[INFO] 			 - Running SMOPF, Network case33_2, 2035, Winter...
[INFO] 			 - Running SMOPF, Network case33_3, 2025, Spring...
[INFO] 			 - Running SMOPF, Network case33_3, 2025, Summer...
[INFO] 			 - Running SMOPF, Network case33_3, 2025, Autumn...
[INFO] 			 - Running SMOPF, Network case33_3, 2025, Winter...
[INFO] 			 - Running SMOPF, Network case33_3, 2030, Spring...
[INFO] 			 - Running SMOPF, Network case33_3, 2030, Summer...
[INFO] 			 - Running SMOPF, Network case33_3, 2030, Autumn...
[INFO] 			 - Running SMOPF, Network case33_3, 2030, Winter...
[INFO] 			 - Running SMOPF, Network case33_3, 2035, Spring...
[INFO] 			 - Running SMOPF, Network case33_3, 2035, Summer...
[INFO] 			 - Running SMOPF, Network case33_3, 2035, Autumn...
[INFO] 			 - Running SMOPF, Network case33_3, 2035, Winter...
[INFO] 		 - Updating transmission network...
[INFO] 			 - Running SMOPF, Network case9, 2025, Spring...
[INFO] 			 - Running SMOPF, Network case9, 2025, Summer...
[INFO] 			 - Running SMOPF, Network case9, 2025, Autumn...
[INFO] 			 - Running SMOPF, Network case9, 2025, Winter...
[INFO] 			 - Running SMOPF, Network case9, 2030, Spring...
[INFO] 			 - Running SMOPF, Network case9, 2030, Summer...
[INFO] 			 - Running SMOPF, Network case9, 2030, Autumn...
[INFO] 			 - Running SMOPF, Network case9, 2030, Winter...
[INFO] 			 - Running SMOPF, Network case9, 2035, Spring...
[INFO] 			 - Running SMOPF, Network case9, 2035, Summer...
[INFO] 			 - Running SMOPF, Network case9, 2035, Autumn...
[INFO] 			 - Running SMOPF, Network case9, 2035, Winter...
[TSO PROX] cycle=2 | updated_blocks=12 | held_failed_blocks=0 | V max=0.021945 | PF max=0.304642 | ESS max=0.065966
[TSO PROX][V MAX] node=5, year=2035, day=Summer, period=22 | dV=7.570950 kV | normalized=0.021945
[TSO PROX][PF MAX] node=5, year=2025, day=Spring, period=20, type=P | delta=60.928362 MW | normalized=0.304642
[TSO PROX][ESS MAX] node=7, year=2035, day=Autumn, period=20, type=P | delta=0.329831 MW | normalized=0.065966
[INFO] 		 - Updating SharedESS...
[INFO] 		 - Running Shared ESS optimization (subproblem)...
[INFO] 			 - Node 5...
[INFO] Shared ESS complementarity diagnostics for ESS node=5: ratio_max=5.936656e-06 n_periods=288 mu_final=1.116291e-11 s_obj=1.000000e-01 eps=1.000000e-05 bound=3.214918e-03 measured=2.620977e-03
[INFO] 			 - Node 7...
[INFO] Shared ESS complementarity diagnostics for ESS node=7: ratio_max=5.984932e-06 n_periods=288 mu_final=1.124213e-11 s_obj=1.000000e-01 eps=1.000000e-05 bound=3.237733e-03 measured=2.619859e-03
[INFO] 			 - Node 9...
[INFO] Shared ESS complementarity diagnostics for ESS node=9: ratio_max=5.091083e-06 n_periods=288 mu_final=9.130244e-12 s_obj=1.000000e-01 eps=1.000000e-05 bound=2.629510e-03 measured=2.618042e-03
[DIAG][V MAX] node=9, year=2025, day=Spring, period=23 | TSO=362.278169 kV, DSO=379.498470 kV, diff=17.220301 kV, base=345.000000 kV, normalized=0.049914, rho(TSO/DSO)=0.011550/0.011550
[DIAG][PF MAX] node=5, year=2035, day=Spring, period=7, type=P | TSO=13.216912 MW, DSO=-25.603052 MW, diff=38.819965 MW, rating=200.000000 MVA, normalized=0.194100, rho(TSO/DSO)=0.198000/0.198000
[INFO]		 - interface Vmag max primal residual failed. 0.049914 > 0.010000
[INFO]		 - interface Vmag mean primal residual failed. 0.015795 > 0.001000
[INFO]		 - interface PF max primal residual failed. 0.194100 > 0.010000
[INFO]		 - interface PF mean primal residual failed. 0.003159 > 0.001000
[INFO]		 - interface PF mean dual residual failed. 0.016445 > 0.010000
[RECOURSE JUMP] cycle=2 | abs_change=8.457171e+08 | tol=1.586460e+05 | signed_change=-8.457171e+08
[RECOURSE JUMP] Reconciliation | previous=1.586460e+09 | current=7.407428e+08 | block_delta=-8.457171e+08 | mismatch=+7.152557e-07
[RECOURSE JUMP] Aggregate signed changes:
  TSO | delta=-7.779685e+08
  DSO node=5 | delta=-3.084385e+07
  DSO node=9 | delta=-2.420414e+07
  DSO node=7 | delta=-1.270064e+07
  SALVAGE | delta=-7.780080e-35
[RECOURSE JUMP] Largest 10 block changes:
  TSO node=None year=2025 day=Spring | previous=1.518750e+08 | current=5.281065e+07 | delta=-9.906439e+07 | abs_delta=9.906439e+07
    [RECOURSE JUMP][TSO PROX] year=2025 day=Spring | V max=0.012895 | PF max=0.304642 | ESS max=0.019822
    [RECOURSE COMPONENTS] gen=-9.906439e+07 | flex=+0.000000e+00 | load_curt=+0.000000e+00 | res_curt=+0.000000e+00 | ess_usage=+0.000000e+00 | slacks=+2.058016e-10 | ess_comp=-2.281880e-04
    [SLACK COMPONENTS] voltage=+2.058016e-10 | node_P=+0.000000e+00 | node_Q=+0.000000e+00 | branch_ij=+0.000000e+00 | branch_ji=+0.000000e+00 | flex_P=+0.000000e+00 | flex_Q=+0.000000e+00
    [SLACK COMPONENT CHECK] classified_delta=+2.058016e-10 | objective_slack_delta=+2.058016e-10 | mismatch=+0.000000e+00
    [RECOURSE COMPONENT CHECK] classified_delta=-9.906439e+07 | block_delta=-9.906439e+07 | mismatch=+1.490116e-08
  TSO node=None year=2035 day=Spring | previous=1.230133e+08 | current=3.726158e+07 | delta=-8.575172e+07 | abs_delta=8.575172e+07
    [RECOURSE JUMP][TSO PROX] year=2035 day=Spring | V max=0.018871 | PF max=0.260157 | ESS max=0.061822
    [RECOURSE COMPONENTS] gen=-8.575172e+07 | flex=+0.000000e+00 | load_curt=+0.000000e+00 | res_curt=+0.000000e+00 | ess_usage=+0.000000e+00 | slacks=+1.600355e-10 | ess_comp=-3.454903e-04
    [SLACK COMPONENTS] voltage=+1.600355e-10 | node_P=+0.000000e+00 | node_Q=+0.000000e+00 | branch_ij=+0.000000e+00 | branch_ji=+0.000000e+00 | flex_P=+0.000000e+00 | flex_Q=+0.000000e+00
    [SLACK COMPONENT CHECK] classified_delta=+1.600355e-10 | objective_slack_delta=+1.600355e-10 | mismatch=+0.000000e+00
    [RECOURSE COMPONENT CHECK] classified_delta=-8.575172e+07 | block_delta=-8.575172e+07 | mismatch=+1.490116e-08
  TSO node=None year=2025 day=Summer | previous=1.592161e+08 | current=7.383346e+07 | delta=-8.538265e+07 | abs_delta=8.538265e+07
    [RECOURSE JUMP][TSO PROX] year=2025 day=Summer | V max=0.011792 | PF max=0.303497 | ESS max=0.018879
    [RECOURSE COMPONENTS] gen=-8.538265e+07 | flex=+0.000000e+00 | load_curt=+0.000000e+00 | res_curt=+0.000000e+00 | ess_usage=+0.000000e+00 | slacks=+5.371845e-10 | ess_comp=-1.848477e-04
    [SLACK COMPONENTS] voltage=+5.371845e-10 | node_P=+0.000000e+00 | node_Q=+0.000000e+00 | branch_ij=+0.000000e+00 | branch_ji=+0.000000e+00 | flex_P=+0.000000e+00 | flex_Q=+0.000000e+00
    [SLACK COMPONENT CHECK] classified_delta=+5.371845e-10 | objective_slack_delta=+5.371845e-10 | mismatch=+0.000000e+00
    [RECOURSE COMPONENT CHECK] classified_delta=-8.538265e+07 | block_delta=-8.538265e+07 | mismatch=+2.980232e-08
  TSO node=None year=2025 day=Winter | previous=1.683114e+08 | current=8.434167e+07 | delta=-8.396976e+07 | abs_delta=8.396976e+07
    [RECOURSE JUMP][TSO PROX] year=2025 day=Winter | V max=0.014643 | PF max=0.211211 | ESS max=0.028081
    [RECOURSE COMPONENTS] gen=-8.396976e+07 | flex=+0.000000e+00 | load_curt=+0.000000e+00 | res_curt=+0.000000e+00 | ess_usage=+0.000000e+00 | slacks=+1.097959e-09 | ess_comp=-1.229970e-05
    [SLACK COMPONENTS] voltage=+1.097959e-09 | node_P=+0.000000e+00 | node_Q=+0.000000e+00 | branch_ij=+0.000000e+00 | branch_ji=+0.000000e+00 | flex_P=+0.000000e+00 | flex_Q=+0.000000e+00
    [SLACK COMPONENT CHECK] classified_delta=+1.097959e-09 | objective_slack_delta=+1.097959e-09 | mismatch=+0.000000e+00
    [RECOURSE COMPONENT CHECK] classified_delta=-8.396976e+07 | block_delta=-8.396976e+07 | mismatch=-2.980232e-08
  TSO node=None year=2030 day=Spring | previous=1.115004e+08 | current=2.926256e+07 | delta=-8.223784e+07 | abs_delta=8.223784e+07
    [RECOURSE JUMP][TSO PROX] year=2030 day=Spring | V max=0.012878 | PF max=0.255208 | ESS max=0.025869
    [RECOURSE COMPONENTS] gen=-8.223784e+07 | flex=+0.000000e+00 | load_curt=+0.000000e+00 | res_curt=+0.000000e+00 | ess_usage=+0.000000e+00 | slacks=+4.830270e-11 | ess_comp=-3.383686e-04
    [SLACK COMPONENTS] voltage=+4.830270e-11 | node_P=+0.000000e+00 | node_Q=+0.000000e+00 | branch_ij=+0.000000e+00 | branch_ji=+0.000000e+00 | flex_P=+0.000000e+00 | flex_Q=+0.000000e+00
    [SLACK COMPONENT CHECK] classified_delta=+4.830270e-11 | objective_slack_delta=+4.830270e-11 | mismatch=+0.000000e+00
    [RECOURSE COMPONENT CHECK] classified_delta=-8.223784e+07 | block_delta=-8.223784e+07 | mismatch=+1.490116e-08
  TSO node=None year=2025 day=Autumn | previous=1.533567e+08 | current=7.812166e+07 | delta=-7.523506e+07 | abs_delta=7.523506e+07
    [RECOURSE JUMP][TSO PROX] year=2025 day=Autumn | V max=0.019282 | PF max=0.221634 | ESS max=0.040501
    [RECOURSE COMPONENTS] gen=-7.523506e+07 | flex=+0.000000e+00 | load_curt=+0.000000e+00 | res_curt=+0.000000e+00 | ess_usage=+0.000000e+00 | slacks=+9.705516e-10 | ess_comp=-3.949597e-05
    [SLACK COMPONENTS] voltage=+9.705516e-10 | node_P=+0.000000e+00 | node_Q=+0.000000e+00 | branch_ij=+0.000000e+00 | branch_ji=+0.000000e+00 | flex_P=+0.000000e+00 | flex_Q=+0.000000e+00
    [SLACK COMPONENT CHECK] classified_delta=+9.705516e-10 | objective_slack_delta=+9.705516e-10 | mismatch=+0.000000e+00
    [RECOURSE COMPONENT CHECK] classified_delta=-7.523506e+07 | block_delta=-7.523506e+07 | mismatch=+1.490116e-08
  TSO node=None year=2030 day=Summer | previous=1.153161e+08 | current=5.105868e+07 | delta=-6.425737e+07 | abs_delta=6.425737e+07
    [RECOURSE JUMP][TSO PROX] year=2030 day=Summer | V max=0.012768 | PF max=0.220576 | ESS max=0.028855
    [RECOURSE COMPONENTS] gen=-6.425737e+07 | flex=+0.000000e+00 | load_curt=+0.000000e+00 | res_curt=+0.000000e+00 | ess_usage=+0.000000e+00 | slacks=+1.660325e-10 | ess_comp=-3.292457e-04
    [SLACK COMPONENTS] voltage=+1.660325e-10 | node_P=+0.000000e+00 | node_Q=+0.000000e+00 | branch_ij=+0.000000e+00 | branch_ji=+0.000000e+00 | flex_P=+0.000000e+00 | flex_Q=+0.000000e+00
    [SLACK COMPONENT CHECK] classified_delta=+1.660325e-10 | objective_slack_delta=+1.660325e-10 | mismatch=+0.000000e+00
    [RECOURSE COMPONENT CHECK] classified_delta=-6.425737e+07 | block_delta=-6.425737e+07 | mismatch=-7.450581e-09
  TSO node=None year=2035 day=Summer | previous=1.100333e+08 | current=4.675021e+07 | delta=-6.328312e+07 | abs_delta=6.328312e+07
    [RECOURSE JUMP][TSO PROX] year=2035 day=Summer | V max=0.021945 | PF max=0.265494 | ESS max=0.051252
    [RECOURSE COMPONENTS] gen=-6.328312e+07 | flex=+0.000000e+00 | load_curt=+0.000000e+00 | res_curt=+0.000000e+00 | ess_usage=+0.000000e+00 | slacks=-1.207923e-13 | ess_comp=-2.458630e-04
    [SLACK COMPONENTS] voltage=-1.207923e-13 | node_P=+0.000000e+00 | node_Q=+0.000000e+00 | branch_ij=+0.000000e+00 | branch_ji=+0.000000e+00 | flex_P=+0.000000e+00 | flex_Q=+0.000000e+00
    [SLACK COMPONENT CHECK] classified_delta=-1.207923e-13 | objective_slack_delta=-1.207923e-13 | mismatch=+0.000000e+00
    [RECOURSE COMPONENT CHECK] classified_delta=-6.328312e+07 | block_delta=-6.328312e+07 | mismatch=+1.490116e-08
  TSO node=None year=2030 day=Winter | previous=8.208326e+07 | current=3.865796e+07 | delta=-4.342530e+07 | abs_delta=4.342530e+07
    [RECOURSE JUMP][TSO PROX] year=2030 day=Winter | V max=0.014631 | PF max=0.154120 | ESS max=0.051059
    [RECOURSE COMPONENTS] gen=-4.342530e+07 | flex=+0.000000e+00 | load_curt=+0.000000e+00 | res_curt=+0.000000e+00 | ess_usage=+0.000000e+00 | slacks=-4.160938e-11 | ess_comp=-6.003228e-05
    [SLACK COMPONENTS] voltage=-4.160938e-11 | node_P=+0.000000e+00 | node_Q=+0.000000e+00 | branch_ij=+0.000000e+00 | branch_ji=+0.000000e+00 | flex_P=+0.000000e+00 | flex_Q=+0.000000e+00
    [SLACK COMPONENT CHECK] classified_delta=-4.160938e-11 | objective_slack_delta=-4.160938e-11 | mismatch=+0.000000e+00
    [RECOURSE COMPONENT CHECK] classified_delta=-4.342530e+07 | block_delta=-4.342530e+07 | mismatch=+7.450581e-09
  TSO node=None year=2035 day=Winter | previous=7.432345e+07 | current=3.708009e+07 | delta=-3.724335e+07 | abs_delta=3.724335e+07
    [RECOURSE JUMP][TSO PROX] year=2035 day=Winter | V max=0.016167 | PF max=0.128499 | ESS max=0.022767
    [RECOURSE COMPONENTS] gen=-3.724335e+07 | flex=+0.000000e+00 | load_curt=+0.000000e+00 | res_curt=+0.000000e+00 | ess_usage=+0.000000e+00 | slacks=-6.953229e-10 | ess_comp=-5.172087e-05
    [SLACK COMPONENTS] voltage=-6.953229e-10 | node_P=+0.000000e+00 | node_Q=+0.000000e+00 | branch_ij=+0.000000e+00 | branch_ji=+0.000000e+00 | flex_P=+0.000000e+00 | flex_Q=+0.000000e+00
    [SLACK COMPONENT CHECK] classified_delta=-6.953229e-10 | objective_slack_delta=-6.953229e-10 | mismatch=+0.000000e+00
    [RECOURSE COMPONENT CHECK] classified_delta=-3.724335e+07 | block_delta=-3.724335e+07 | mismatch=+0.000000e+00
[INFO]		 - Recourse stationarity failed. 845717094.982562 > 158645.992456
[ADMM RHO] V | primal max ratio=4.991 | primal mean ratio=15.795 | primal selected=15.795 | dual mean ratio=0.034 | increase threshold=5.0 | decrease threshold=5.0 | action=increased
[ADMM RHO BOYD] V | r=5.920546e-01 | s=2.492141e-03 | eps_pri=3.378624e-03 | eps_dual=2.941897e-04 | primal_ratio=1.752354e+02 | dual_ratio=8.471204e+00 | dual_ratio_balance=8.471204e+00 | rho_before=1.155000e-02 | rho_after=1.732500e-02 | gamma_before=0.000000e+00 | gamma_after=0.000000e+00 | action=increased
[ADMM RHO] PF | primal max ratio=19.410 | primal mean ratio=3.159 | primal selected=19.410 | dual mean ratio=1.644 | increase threshold=5.0 | decrease threshold=3.0 | action=decreased
[ADMM RHO BOYD] PF | r=4.661932e-01 | s=8.814951e-01 | eps_pri=1.291221e-03 | eps_dual=4.246863e-04 | primal_ratio=3.610483e+02 | dual_ratio=2.075638e+03 | dual_ratio_balance=2.075638e+03 | rho_before=1.980000e-01 | rho_after=1.320000e-01 | gamma_before=0.000000e+00 | gamma_after=0.000000e+00 | action=decreased
[ADMM RHO] ESS | primal max ratio=0.442 | primal mean ratio=0.251 | primal selected=0.442 | dual mean ratio=0.008 | increase threshold=5.0 | decrease threshold=5.0 | action=exempt (fixed)
[ADMM RHO BOYD] ESS | r=3.598359e-01 | s=1.042867e-02 | eps_pri=9.134365e-04 | eps_dual=7.214748e-04 | primal_ratio=3.939364e+02 | dual_ratio=1.445466e+01 | dual_ratio_balance=1.445466e+01 | rho_before=1.000000e-02 | rho_after=1.000000e-02 | gamma_before=0.000000e+00 | gamma_after=0.000000e+00 | action=exempt (fixed)
[INFO]		 - ADMM cycle 2 | Primal (V max/mean | PF max/mean | ESS max/mean) = 0.049914/0.015795 | 0.194100/0.003159 | 0.044180/0.002507 | Dual (V max/mean | PF max/mean | ESS max/mean) = 0.001274/0.000340 | 0.064172/0.016445 | 0.000504/0.000083 | Recourse change = 845717094.982562 (tol. 158645.992456) | Stable cycles = 0/10 | Penalty actions (V/PF/ESS) = increased/decreased/exempt (fixed)
[INFO] 	 - Iteration 2: 28.97 s
[INFO] 	 - ADMM Iteration 3
[INFO] 		 - Updating distribution networks:
[INFO] 			 - Running SMOPF, Network case33_1, 2025, Spring...
[INFO] 			 - Running SMOPF, Network case33_1, 2025, Summer...
[INFO] 			 - Running SMOPF, Network case33_1, 2025, Autumn...
[INFO] 			 - Running SMOPF, Network case33_1, 2025, Winter...
[INFO] 			 - Running SMOPF, Network case33_1, 2030, Spring...
[INFO] 			 - Running SMOPF, Network case33_1, 2030, Summer...
[INFO] 			 - Running SMOPF, Network case33_1, 2030, Autumn...
[INFO] 			 - Running SMOPF, Network case33_1, 2030, Winter...
[WARNING] Network primary solve did not converge for case33_1, year=2030, day=Winter: status=warning, termination=maxIterations, message=Ipopt 3.14.18\x3a Maximum Number of Iterations Exceeded. | warm_start=True
[WARNING] ADMM penalties for case33_1, year=2030, day=Winter: rho_v=0.017325, rho_pf=0.132, rho_ess=0.01
[WARNING] IPOPT primary solve log for case33_1, year=2030, day=Winter: /Users/micaelsimoes/Projects/share-resource-planning-no_esso-degradation/data/SRP1/Results/P56A/evals/p515s44_s45_w11_snapoff_fail_off_578636daa6d6360d_run/logs/optim_log_case33_1_2030_Winter.log
[INFO] Retrying network solve once for case33_1, year=2030, day=Winter, cold start, with warm_start_init_point=no.
[INFO] Network recovery solve succeeded for case33_1, year=2030, day=Winter.
[INFO] 			 - Running SMOPF, Network case33_1, 2035, Spring...
[INFO] 			 - Running SMOPF, Network case33_1, 2035, Summer...
[INFO] 			 - Running SMOPF, Network case33_1, 2035, Autumn...
[INFO] 			 - Running SMOPF, Network case33_1, 2035, Winter...
[INFO] 			 - Running SMOPF, Network case33_2, 2025, Spring...
[INFO] 			 - Running SMOPF, Network case33_2, 2025, Summer...
[INFO] 			 - Running SMOPF, Network case33_2, 2025, Autumn...
[INFO] 			 - Running SMOPF, Network case33_2, 2025, Winter...
[INFO] 			 - Running SMOPF, Network case33_2, 2030, Spring...
[INFO] 			 - Running SMOPF, Network case33_2, 2030, Summer...
[INFO] 			 - Running SMOPF, Network case33_2, 2030, Autumn...
[INFO] 			 - Running SMOPF, Network case33_2, 2030, Winter...
[INFO] 			 - Running SMOPF, Network case33_2, 2035, Spring...
[INFO] 			 - Running SMOPF, Network case33_2, 2035, Summer...
[INFO] 			 - Running SMOPF, Network case33_2, 2035, Autumn...
[INFO] 			 - Running SMOPF, Network case33_2, 2035, Winter...
[INFO] 			 - Running SMOPF, Network case33_3, 2025, Spring...
[INFO] 			 - Running SMOPF, Network case33_3, 2025, Summer...
[INFO] 			 - Running SMOPF, Network case33_3, 2025, Autumn...
[INFO] 			 - Running SMOPF, Network case33_3, 2025, Winter...
[INFO] 			 - Running SMOPF, Network case33_3, 2030, Spring...
[INFO] 			 - Running SMOPF, Network case33_3, 2030, Summer...
[INFO] 			 - Running SMOPF, Network case33_3, 2030, Autumn...
[INFO] 			 - Running SMOPF, Network case33_3, 2030, Winter...
[INFO] 			 - Running SMOPF, Network case33_3, 2035, Spring...
[INFO] 			 - Running SMOPF, Network case33_3, 2035, Summer...
[INFO] 			 - Running SMOPF, Network case33_3, 2035, Autumn...
[INFO] 			 - Running SMOPF, Network case33_3, 2035, Winter...
[INFO] 		 - Updating transmission network...
[INFO] 			 - Running SMOPF, Network case9, 2025, Spring...
[INFO] 			 - Running SMOPF, Network case9, 2025, Summer...
[INFO] 			 - Running SMOPF, Network case9, 2025, Autumn...
[INFO] 			 - Running SMOPF, Network case9, 2025, Winter...
[INFO] 			 - Running SMOPF, Network case9, 2030, Spring...
[INFO] 			 - Running SMOPF, Network case9, 2030, Summer...
[INFO] 			 - Running SMOPF, Network case9, 2030, Autumn...
[INFO] 			 - Running SMOPF, Network case9, 2030, Winter...
[INFO] 			 - Running SMOPF, Network case9, 2035, Spring...
[INFO] 			 - Running SMOPF, Network case9, 2035, Summer...
[INFO] 			 - Running SMOPF, Network case9, 2035, Autumn...
[INFO] 			 - Running SMOPF, Network case9, 2035, Winter...
[TSO PROX] cycle=3 | updated_blocks=12 | held_failed_blocks=0 | V max=0.016543 | PF max=0.193181 | ESS max=0.073979
[TSO PROX][V MAX] node=7, year=2035, day=Spring, period=9 | dV=5.707355 kV | normalized=0.016543
[TSO PROX][PF MAX] node=7, year=2035, day=Spring, period=13, type=P | delta=19.318092 MW | normalized=0.193181
[TSO PROX][ESS MAX] node=9, year=2035, day=Summer, period=10, type=P | delta=0.369896 MW | normalized=0.073979
[INFO] 		 - Updating SharedESS...
[INFO] 		 - Running Shared ESS optimization (subproblem)...
[INFO] 			 - Node 5...
[INFO] Shared ESS complementarity diagnostics for ESS node=5: ratio_max=5.771509e-06 n_periods=288 mu_final=1.077782e-11 s_obj=1.000000e-01 eps=1.000000e-05 bound=3.104012e-03 measured=2.641526e-03
[INFO] 			 - Node 7...
[INFO] Shared ESS complementarity diagnostics for ESS node=7: ratio_max=4.997761e-06 n_periods=288 mu_final=9.102695e-12 s_obj=1.000000e-01 eps=1.000000e-05 bound=2.621576e-03 measured=2.620750e-03
[INFO] 			 - Node 9...
[INFO] Shared ESS complementarity diagnostics for ESS node=9: ratio_max=5.061152e-06 n_periods=288 mu_final=9.107945e-12 s_obj=1.000000e-01 eps=1.000000e-05 bound=2.623088e-03 measured=2.620693e-03
[DIAG][V MAX] node=9, year=2035, day=Summer, period=20 | TSO=367.703466 kV, DSO=372.549710 kV, diff=4.846244 kV, base=345.000000 kV, normalized=0.014047, rho(TSO/DSO)=0.017325/0.017325
[DIAG][PF MAX] node=5, year=2035, day=Summer, period=10, type=P | TSO=23.910008 MW, DSO=56.496116 MW, diff=32.586108 MW, rating=200.000000 MVA, normalized=0.162931, rho(TSO/DSO)=0.132000/0.132000
[INFO]		 - interface Vmag max primal residual failed. 0.014047 > 0.010000
[INFO]		 - interface Vmag mean primal residual failed. 0.001579 > 0.001000
[INFO]		 - interface PF max primal residual failed. 0.162931 > 0.010000
[INFO]		 - interface PF mean primal residual failed. 0.003771 > 0.001000
[INFO]		 - Dual residuals ok!
[RECOURSE JUMP] cycle=3 | abs_change=3.633093e+07 | tol=7.407428e+04 | signed_change=-3.633093e+07
[RECOURSE JUMP] Reconciliation | previous=7.407428e+08 | current=7.044119e+08 | block_delta=-3.633093e+07 | mismatch=-3.576279e-07
[RECOURSE JUMP] Aggregate signed changes:
  TSO | delta=-6.776673e+07
  DSO node=9 | delta=+1.126986e+07
  DSO node=7 | delta=+1.073819e+07
  DSO node=5 | delta=+9.427754e+06
  SALVAGE | delta=+8.462665e-35
[RECOURSE JUMP] Largest 10 block changes:
  TSO node=None year=2035 day=Summer | previous=4.675021e+07 | current=2.845214e+07 | delta=-1.829807e+07 | abs_delta=1.829807e+07
    [RECOURSE JUMP][TSO PROX] year=2035 day=Summer | V max=0.007182 | PF max=0.141958 | ESS max=0.073979
    [RECOURSE COMPONENTS] gen=-1.829807e+07 | flex=+0.000000e+00 | load_curt=+0.000000e+00 | res_curt=-0.000000e+00 | ess_usage=+0.000000e+00 | slacks=+1.089688e-10 | ess_comp=+2.551654e-04
    [SLACK COMPONENTS] voltage=+1.089688e-10 | node_P=+0.000000e+00 | node_Q=+0.000000e+00 | branch_ij=+0.000000e+00 | branch_ji=+0.000000e+00 | flex_P=+0.000000e+00 | flex_Q=+0.000000e+00
    [SLACK COMPONENT CHECK] classified_delta=+1.089688e-10 | objective_slack_delta=+1.089688e-10 | mismatch=+0.000000e+00
    [RECOURSE COMPONENT CHECK] classified_delta=-1.829807e+07 | block_delta=-1.829807e+07 | mismatch=+0.000000e+00
  TSO node=None year=2025 day=Spring | previous=5.281065e+07 | current=4.196317e+07 | delta=-1.084747e+07 | abs_delta=1.084747e+07
    [RECOURSE JUMP][TSO PROX] year=2025 day=Spring | V max=0.011830 | PF max=0.144369 | ESS max=0.021151
    [RECOURSE COMPONENTS] gen=-1.084747e+07 | flex=+0.000000e+00 | load_curt=+0.000000e+00 | res_curt=+0.000000e+00 | ess_usage=+0.000000e+00 | slacks=+3.165965e-10 | ess_comp=+1.699852e-04
    [SLACK COMPONENTS] voltage=+3.165965e-10 | node_P=+0.000000e+00 | node_Q=+0.000000e+00 | branch_ij=+0.000000e+00 | branch_ji=+0.000000e+00 | flex_P=+0.000000e+00 | flex_Q=+0.000000e+00
    [SLACK COMPONENT CHECK] classified_delta=+3.165965e-10 | objective_slack_delta=+3.165965e-10 | mismatch=+0.000000e+00
    [RECOURSE COMPONENT CHECK] classified_delta=-1.084747e+07 | block_delta=-1.084747e+07 | mismatch=+7.450581e-09
  TSO node=None year=2025 day=Summer | previous=7.383346e+07 | current=6.499471e+07 | delta=-8.838751e+06 | abs_delta=8.838751e+06
    [RECOURSE JUMP][TSO PROX] year=2025 day=Summer | V max=0.008103 | PF max=0.095540 | ESS max=0.017148
    [RECOURSE COMPONENTS] gen=-8.838751e+06 | flex=+0.000000e+00 | load_curt=+0.000000e+00 | res_curt=+0.000000e+00 | ess_usage=+0.000000e+00 | slacks=+4.142251e-10 | ess_comp=+1.421550e-04
    [SLACK COMPONENTS] voltage=+4.142251e-10 | node_P=+0.000000e+00 | node_Q=+0.000000e+00 | branch_ij=+0.000000e+00 | branch_ji=+0.000000e+00 | flex_P=+0.000000e+00 | flex_Q=+0.000000e+00
    [SLACK COMPONENT CHECK] classified_delta=+4.142251e-10 | objective_slack_delta=+4.142251e-10 | mismatch=+0.000000e+00
    [RECOURSE COMPONENT CHECK] classified_delta=-8.838751e+06 | block_delta=-8.838751e+06 | mismatch=+5.587935e-09
  TSO node=None year=2030 day=Summer | previous=5.105868e+07 | current=4.293923e+07 | delta=-8.119452e+06 | abs_delta=8.119452e+06
    [RECOURSE JUMP][TSO PROX] year=2030 day=Summer | V max=0.009868 | PF max=0.127794 | ESS max=0.025284
    [RECOURSE COMPONENTS] gen=-8.119452e+06 | flex=+0.000000e+00 | load_curt=+0.000000e+00 | res_curt=+0.000000e+00 | ess_usage=+0.000000e+00 | slacks=+1.344773e-10 | ess_comp=+1.142654e-04
    [SLACK COMPONENTS] voltage=+1.344773e-10 | node_P=+0.000000e+00 | node_Q=+0.000000e+00 | branch_ij=+0.000000e+00 | branch_ji=+0.000000e+00 | flex_P=+0.000000e+00 | flex_Q=+0.000000e+00
    [SLACK COMPONENT CHECK] classified_delta=+1.344773e-10 | objective_slack_delta=+1.344773e-10 | mismatch=+0.000000e+00
    [RECOURSE COMPONENT CHECK] classified_delta=-8.119452e+06 | block_delta=-8.119452e+06 | mismatch=-1.117587e-08
  TSO node=None year=2035 day=Spring | previous=3.726158e+07 | current=3.122862e+07 | delta=-6.032959e+06 | abs_delta=6.032959e+06
    [RECOURSE JUMP][TSO PROX] year=2035 day=Spring | V max=0.016543 | PF max=0.193181 | ESS max=0.034792
    [RECOURSE COMPONENTS] gen=-6.032959e+06 | flex=+0.000000e+00 | load_curt=+0.000000e+00 | res_curt=+0.000000e+00 | ess_usage=+0.000000e+00 | slacks=+5.527454e-10 | ess_comp=+2.370069e-04
    [SLACK COMPONENTS] voltage=+5.527454e-10 | node_P=+0.000000e+00 | node_Q=+0.000000e+00 | branch_ij=+0.000000e+00 | branch_ji=+0.000000e+00 | flex_P=+0.000000e+00 | flex_Q=+0.000000e+00
    [SLACK COMPONENT CHECK] classified_delta=+5.527454e-10 | objective_slack_delta=+5.527454e-10 | mismatch=+0.000000e+00
    [RECOURSE COMPONENT CHECK] classified_delta=-6.032959e+06 | block_delta=-6.032959e+06 | mismatch=-6.519258e-09
  TSO node=None year=2030 day=Spring | previous=2.926256e+07 | current=2.477096e+07 | delta=-4.491600e+06 | abs_delta=4.491600e+06
    [RECOURSE JUMP][TSO PROX] year=2030 day=Spring | V max=0.013545 | PF max=0.182388 | ESS max=0.025766
    [RECOURSE COMPONENTS] gen=-4.491600e+06 | flex=+0.000000e+00 | load_curt=+0.000000e+00 | res_curt=+0.000000e+00 | ess_usage=+0.000000e+00 | slacks=+2.062279e-10 | ess_comp=+8.719215e-05
    [SLACK COMPONENTS] voltage=+2.062279e-10 | node_P=+0.000000e+00 | node_Q=+0.000000e+00 | branch_ij=+0.000000e+00 | branch_ji=+0.000000e+00 | flex_P=+0.000000e+00 | flex_Q=+0.000000e+00
    [SLACK COMPONENT CHECK] classified_delta=+2.062279e-10 | objective_slack_delta=+2.062279e-10 | mismatch=+0.000000e+00
    [RECOURSE COMPONENT CHECK] classified_delta=-4.491600e+06 | block_delta=-4.491600e+06 | mismatch=-1.862645e-09
  TSO node=None year=2025 day=Winter | previous=8.434167e+07 | current=8.013948e+07 | delta=-4.202197e+06 | abs_delta=4.202197e+06
    [RECOURSE JUMP][TSO PROX] year=2025 day=Winter | V max=0.009059 | PF max=0.057567 | ESS max=0.026855
    [RECOURSE COMPONENTS] gen=-4.202197e+06 | flex=+0.000000e+00 | load_curt=+0.000000e+00 | res_curt=+0.000000e+00 | ess_usage=+0.000000e+00 | slacks=+1.120121e-09 | ess_comp=-1.150829e-06
    [SLACK COMPONENTS] voltage=+1.120121e-09 | node_P=+0.000000e+00 | node_Q=+0.000000e+00 | branch_ij=+0.000000e+00 | branch_ji=+0.000000e+00 | flex_P=+0.000000e+00 | flex_Q=+0.000000e+00
    [SLACK COMPONENT CHECK] classified_delta=+1.120121e-09 | objective_slack_delta=+1.120121e-09 | mismatch=+0.000000e+00
    [RECOURSE COMPONENT CHECK] classified_delta=-4.202197e+06 | block_delta=-4.202197e+06 | mismatch=+1.210719e-08
  DSO node=5 year=2035 day=Summer | previous=6.177854e+06 | current=1.017444e+07 | delta=+3.996585e+06 | abs_delta=3.996585e+06
    [RECOURSE COMPONENTS] gen=+0.000000e+00 | flex=+3.996585e+06 | load_curt=+0.000000e+00 | res_curt=+0.000000e+00 | ess_usage=+0.000000e+00 | slacks=+7.613368e-04 | ess_comp=+7.538736e-07
    [SLACK COMPONENTS] voltage=+2.335309e-05 | node_P=+0.000000e+00 | node_Q=+0.000000e+00 | branch_ij=+0.000000e+00 | branch_ji=+0.000000e+00 | flex_P=+7.379837e-04 | flex_Q=+0.000000e+00
    [SLACK COMPONENT CHECK] classified_delta=+7.613368e-04 | objective_slack_delta=+7.613368e-04 | mismatch=-6.750156e-14
    [RECOURSE COMPONENT CHECK] classified_delta=+3.996585e+06 | block_delta=+3.996585e+06 | mismatch=+1.396984e-09
  DSO node=9 year=2035 day=Summer | previous=8.669711e+06 | current=1.166202e+07 | delta=+2.992310e+06 | abs_delta=2.992310e+06
    [RECOURSE COMPONENTS] gen=+0.000000e+00 | flex=+2.992310e+06 | load_curt=+0.000000e+00 | res_curt=+0.000000e+00 | ess_usage=+0.000000e+00 | slacks=+8.746696e-04 | ess_comp=+7.533309e-07
    [SLACK COMPONENTS] voltage=+3.739048e-05 | node_P=+0.000000e+00 | node_Q=+0.000000e+00 | branch_ij=+0.000000e+00 | branch_ji=+0.000000e+00 | flex_P=+8.372791e-04 | flex_Q=+0.000000e+00
    [SLACK COMPONENT CHECK] classified_delta=+8.746696e-04 | objective_slack_delta=+8.746696e-04 | mismatch=+9.947598e-14
    [RECOURSE COMPONENT CHECK] classified_delta=+2.992310e+06 | block_delta=+2.992310e+06 | mismatch=+4.656613e-10
  TSO node=None year=2025 day=Autumn | previous=7.812166e+07 | current=7.531144e+07 | delta=-2.810221e+06 | abs_delta=2.810221e+06
    [RECOURSE JUMP][TSO PROX] year=2025 day=Autumn | V max=0.010513 | PF max=0.034347 | ESS max=0.036951
    [RECOURSE COMPONENTS] gen=-2.810221e+06 | flex=+0.000000e+00 | load_curt=+0.000000e+00 | res_curt=+0.000000e+00 | ess_usage=+0.000000e+00 | slacks=+1.067129e-09 | ess_comp=+4.930759e-05
    [SLACK COMPONENTS] voltage=+1.067129e-09 | node_P=+0.000000e+00 | node_Q=+0.000000e+00 | branch_ij=+0.000000e+00 | branch_ji=+0.000000e+00 | flex_P=+0.000000e+00 | flex_Q=+0.000000e+00
    [SLACK COMPONENT CHECK] classified_delta=+1.067129e-09 | objective_slack_delta=+1.067129e-09 | mismatch=+0.000000e+00
    [RECOURSE COMPONENT CHECK] classified_delta=-2.810221e+06 | block_delta=-2.810221e+06 | mismatch=+4.656613e-10
[INFO]		 - Recourse stationarity failed. 36330927.417606 > 74074.282957
[ADMM RHO] V | primal max ratio=1.405 | primal mean ratio=1.579 | primal selected=1.579 | dual mean ratio=0.016 | increase threshold=5.0 | decrease threshold=5.0 | action=held
[ADMM RHO BOYD] V | r=6.417160e-02 | s=2.341397e-03 | eps_pri=3.344190e-03 | eps_dual=2.941729e-04 | primal_ratio=1.918898e+01 | dual_ratio=7.959254e+00 | dual_ratio_balance=7.959254e+00 | rho_before=1.732500e-02 | rho_after=1.732500e-02 | gamma_before=0.000000e+00 | gamma_after=0.000000e+00 | action=held
[ADMM RHO] PF | primal max ratio=16.293 | primal mean ratio=3.771 | primal selected=16.293 | dual mean ratio=0.299 | increase threshold=5.0 | decrease threshold=3.0 | action=held
[ADMM RHO BOYD] PF | r=6.067103e-01 | s=1.879083e-01 | eps_pri=1.310680e-03 | eps_dual=4.290271e-04 | primal_ratio=4.628973e+02 | dual_ratio=4.379871e+02 | dual_ratio_balance=4.379871e+02 | rho_before=1.320000e-01 | rho_after=1.320000e-01 | gamma_before=0.000000e+00 | gamma_after=0.000000e+00 | action=held
[ADMM RHO] ESS | primal max ratio=0.342 | primal mean ratio=0.250 | primal selected=0.342 | dual mean ratio=0.005 | increase threshold=5.0 | decrease threshold=5.0 | action=exempt (fixed)
[ADMM RHO BOYD] ESS | r=3.634247e-01 | s=6.486606e-03 | eps_pri=9.752488e-04 | eps_dual=7.213509e-04 | primal_ratio=3.726482e+02 | dual_ratio=8.992302e+00 | dual_ratio_balance=8.992302e+00 | rho_before=1.000000e-02 | rho_after=1.000000e-02 | gamma_before=0.000000e+00 | gamma_after=0.000000e+00 | action=exempt (fixed)
[INFO]		 - ADMM cycle 3 | Primal (V max/mean | PF max/mean | ESS max/mean) = 0.014047/0.001579 | 0.162931/0.003771 | 0.034197/0.002499 | Dual (V max/mean | PF max/mean | ESS max/mean) = 0.000955/0.000160 | 0.032185/0.002994 | 0.000403/0.000050 | Recourse change = 36330927.417606 (tol. 74074.282957) | Stable cycles = 0/10 | Penalty actions (V/PF/ESS) = held/held/exempt (fixed)
[INFO] 	 - Iteration 3: 32.74 s
[INFO] 	 - ADMM Iteration 4
[INFO] 		 - Updating distribution networks:
[INFO] 			 - Running SMOPF, Network case33_1, 2025, Spring...
[INFO] 			 - Running SMOPF, Network case33_1, 2025, Summer...
[INFO] 			 - Running SMOPF, Network case33_1, 2025, Autumn...
[INFO] 			 - Running SMOPF, Network case33_1, 2025, Winter...
[INFO] 			 - Running SMOPF, Network case33_1, 2030, Spring...
[INFO] 			 - Running SMOPF, Network case33_1, 2030, Summer...
[INFO] 			 - Running SMOPF, Network case33_1, 2030, Autumn...
[INFO] 			 - Running SMOPF, Network case33_1, 2030, Winter...
[INFO] 			 - Running SMOPF, Network case33_1, 2035, Spring...
[INFO] 			 - Running SMOPF, Network case33_1, 2035, Summer...
[INFO] 			 - Running SMOPF, Network case33_1, 2035, Autumn...
[INFO] 			 - Running SMOPF, Network case33_1, 2035, Winter...
[INFO] 			 - Running SMOPF, Network case33_2, 2025, Spring...
[INFO] 			 - Running SMOPF, Network case33_2, 2025, Summer...
[INFO] 			 - Running SMOPF, Network case33_2, 2025, Autumn...
[INFO] 			 - Running SMOPF, Network case33_2, 2025, Winter...
[INFO] 			 - Running SMOPF, Network case33_2, 2030, Spring...
[INFO] 			 - Running SMOPF, Network case33_2, 2030, Summer...
[INFO] 			 - Running SMOPF, Network case33_2, 2030, Autumn...
[INFO] 			 - Running SMOPF, Network case33_2, 2030, Winter...
[INFO] 			 - Running SMOPF, Network case33_2, 2035, Spring...
[INFO] 			 - Running SMOPF, Network case33_2, 2035, Summer...
[INFO] 			 - Running SMOPF, Network case33_2, 2035, Autumn...
[INFO] 			 - Running SMOPF, Network case33_2, 2035, Winter...
[INFO] 			 - Running SMOPF, Network case33_3, 2025, Spring...
[INFO] 			 - Running SMOPF, Network case33_3, 2025, Summer...
[INFO] 			 - Running SMOPF, Network case33_3, 2025, Autumn...
[INFO] 			 - Running SMOPF, Network case33_3, 2025, Winter...
[INFO] 			 - Running SMOPF, Network case33_3, 2030, Spring...
[INFO] 			 - Running SMOPF, Network case33_3, 2030, Summer...
[INFO] 			 - Running SMOPF, Network case33_3, 2030, Autumn...
[INFO] 			 - Running SMOPF, Network case33_3, 2030, Winter...
[INFO] 			 - Running SMOPF, Network case33_3, 2035, Spring...
[INFO] 			 - Running SMOPF, Network case33_3, 2035, Summer...
[INFO] 			 - Running SMOPF, Network case33_3, 2035, Autumn...
[INFO] 			 - Running SMOPF, Network case33_3, 2035, Winter...
[INFO] 		 - Updating transmission network...
[INFO] 			 - Running SMOPF, Network case9, 2025, Spring...
[INFO] 			 - Running SMOPF, Network case9, 2025, Summer...
[INFO] 			 - Running SMOPF, Network case9, 2025, Autumn...
[INFO] 			 - Running SMOPF, Network case9, 2025, Winter...
[INFO] 			 - Running SMOPF, Network case9, 2030, Spring...
[INFO] 			 - Running SMOPF, Network case9, 2030, Summer...
[INFO] 			 - Running SMOPF, Network case9, 2030, Autumn...
[INFO] 			 - Running SMOPF, Network case9, 2030, Winter...
[INFO] 			 - Running SMOPF, Network case9, 2035, Spring...
[INFO] 			 - Running SMOPF, Network case9, 2035, Summer...
[INFO] 			 - Running SMOPF, Network case9, 2035, Autumn...
[INFO] 			 - Running SMOPF, Network case9, 2035, Winter...
[TSO PROX] cycle=4 | updated_blocks=12 | held_failed_blocks=0 | V max=0.015076 | PF max=0.148841 | ESS max=0.023769
[TSO PROX][V MAX] node=5, year=2035, day=Spring, period=9 | dV=5.201134 kV | normalized=0.015076
[TSO PROX][PF MAX] node=7, year=2025, day=Spring, period=12, type=P | delta=14.884139 MW | normalized=0.148841
[TSO PROX][ESS MAX] node=7, year=2035, day=Summer, period=9, type=P | delta=0.118843 MW | normalized=0.023769
[INFO] 		 - Updating SharedESS...
[INFO] 		 - Running Shared ESS optimization (subproblem)...
[INFO] 			 - Node 5...
[INFO] Shared ESS complementarity diagnostics for ESS node=5: ratio_max=9.247180e-06 n_periods=288 mu_final=1.184865e-11 s_obj=1.000000e-01 eps=1.000000e-05 bound=3.412412e-03 measured=2.625362e-03
[INFO] 			 - Node 7...
[INFO] Shared ESS complementarity diagnostics for ESS node=7: ratio_max=8.485078e-06 n_periods=288 mu_final=9.611586e-12 s_obj=1.000000e-01 eps=1.000000e-05 bound=2.768137e-03 measured=2.633295e-03
[INFO] 			 - Node 9...
[INFO] Shared ESS complementarity diagnostics for ESS node=9: ratio_max=8.627870e-06 n_periods=288 mu_final=9.537326e-12 s_obj=1.000000e-01 eps=1.000000e-05 bound=2.746750e-03 measured=2.630961e-03
[DIAG][PF MAX] node=5, year=2035, day=Spring, period=0, type=P | TSO=26.862756 MW, DSO=6.806276 MW, diff=20.056480 MW, rating=200.000000 MVA, normalized=0.100282, rho(TSO/DSO)=0.132000/0.132000
[INFO]		 - interface PF max primal residual failed. 0.100282 > 0.010000
[INFO]		 - interface PF mean primal residual failed. 0.003019 > 0.001000
[INFO]		 - Dual residuals ok!
[RECOURSE JUMP] cycle=4 | abs_change=5.194863e+06 | tol=7.044119e+04 | signed_change=-5.194863e+06
[RECOURSE JUMP] Reconciliation | previous=7.044119e+08 | current=6.992170e+08 | block_delta=-5.194863e+06 | mismatch=+1.192093e-07
[RECOURSE JUMP] Aggregate signed changes:
  TSO | delta=-1.485900e+07
  DSO node=7 | delta=+6.359390e+06
  DSO node=9 | delta=+2.490556e+06
  DSO node=5 | delta=+8.141872e+05
  SALVAGE | delta=-5.400644e-35
[RECOURSE JUMP] Largest 10 block changes:
  TSO node=None year=2030 day=Summer | previous=4.293923e+07 | current=3.954894e+07 | delta=-3.390291e+06 | abs_delta=3.390291e+06
    [RECOURSE JUMP][TSO PROX] year=2030 day=Summer | V max=0.010009 | PF max=0.099050 | ESS max=0.019591
    [RECOURSE COMPONENTS] gen=-3.390291e+06 | flex=+0.000000e+00 | load_curt=+0.000000e+00 | res_curt=+0.000000e+00 | ess_usage=+0.000000e+00 | slacks=+2.072227e-10 | ess_comp=+1.801442e-04
    [SLACK COMPONENTS] voltage=+2.072227e-10 | node_P=+0.000000e+00 | node_Q=+0.000000e+00 | branch_ij=+0.000000e+00 | branch_ji=+0.000000e+00 | flex_P=+0.000000e+00 | flex_Q=+0.000000e+00
    [SLACK COMPONENT CHECK] classified_delta=+2.072227e-10 | objective_slack_delta=+2.072227e-10 | mismatch=+0.000000e+00
    [RECOURSE COMPONENT CHECK] classified_delta=-3.390291e+06 | block_delta=-3.390291e+06 | mismatch=+4.190952e-09
  TSO node=None year=2030 day=Spring | previous=2.477096e+07 | current=2.179458e+07 | delta=-2.976375e+06 | abs_delta=2.976375e+06
    [RECOURSE JUMP][TSO PROX] year=2030 day=Spring | V max=0.013717 | PF max=0.136197 | ESS max=0.020575
    [RECOURSE COMPONENTS] gen=-2.976375e+06 | flex=+0.000000e+00 | load_curt=+0.000000e+00 | res_curt=+0.000000e+00 | ess_usage=+0.000000e+00 | slacks=+3.755787e-10 | ess_comp=+1.196719e-04
    [SLACK COMPONENTS] voltage=+3.755787e-10 | node_P=+0.000000e+00 | node_Q=+0.000000e+00 | branch_ij=+0.000000e+00 | branch_ji=+0.000000e+00 | flex_P=+0.000000e+00 | flex_Q=+0.000000e+00
    [SLACK COMPONENT CHECK] classified_delta=+3.755787e-10 | objective_slack_delta=+3.755787e-10 | mismatch=+0.000000e+00
    [RECOURSE COMPONENT CHECK] classified_delta=-2.976375e+06 | block_delta=-2.976375e+06 | mismatch=-2.793968e-09
  TSO node=None year=2025 day=Summer | previous=6.499471e+07 | current=6.225023e+07 | delta=-2.744483e+06 | abs_delta=2.744483e+06
    [RECOURSE JUMP][TSO PROX] year=2025 day=Summer | V max=0.008776 | PF max=0.091445 | ESS max=0.016762
    [RECOURSE COMPONENTS] gen=-2.744483e+06 | flex=+0.000000e+00 | load_curt=+0.000000e+00 | res_curt=+0.000000e+00 | ess_usage=+0.000000e+00 | slacks=+4.399681e-10 | ess_comp=+2.418133e-04
    [SLACK COMPONENTS] voltage=+4.399681e-10 | node_P=+0.000000e+00 | node_Q=+0.000000e+00 | branch_ij=+0.000000e+00 | branch_ji=+0.000000e+00 | flex_P=+0.000000e+00 | flex_Q=+0.000000e+00
    [SLACK COMPONENT CHECK] classified_delta=+4.399681e-10 | objective_slack_delta=+4.399681e-10 | mismatch=+0.000000e+00
    [RECOURSE COMPONENT CHECK] classified_delta=-2.744483e+06 | block_delta=-2.744483e+06 | mismatch=-2.328306e-09
  TSO node=None year=2025 day=Spring | previous=4.196317e+07 | current=3.964325e+07 | delta=-2.319929e+06 | abs_delta=2.319929e+06
    [RECOURSE JUMP][TSO PROX] year=2025 day=Spring | V max=0.012682 | PF max=0.148841 | ESS max=0.017963
    [RECOURSE COMPONENTS] gen=-2.319929e+06 | flex=+0.000000e+00 | load_curt=+0.000000e+00 | res_curt=+0.000000e+00 | ess_usage=+0.000000e+00 | slacks=+4.273915e-10 | ess_comp=+2.978581e-04
    [SLACK COMPONENTS] voltage=+4.273915e-10 | node_P=+0.000000e+00 | node_Q=+0.000000e+00 | branch_ij=+0.000000e+00 | branch_ji=+0.000000e+00 | flex_P=+0.000000e+00 | flex_Q=+0.000000e+00
    [SLACK COMPONENT CHECK] classified_delta=+4.273915e-10 | objective_slack_delta=+4.273915e-10 | mismatch=+0.000000e+00
    [RECOURSE COMPONENT CHECK] classified_delta=-2.319929e+06 | block_delta=-2.319929e+06 | mismatch=-8.381903e-09
  TSO node=None year=2035 day=Summer | previous=2.845214e+07 | current=3.021294e+07 | delta=+1.760806e+06 | abs_delta=1.760806e+06
    [RECOURSE JUMP][TSO PROX] year=2035 day=Summer | V max=0.008202 | PF max=0.112508 | ESS max=0.023769
    [RECOURSE COMPONENTS] gen=+1.760806e+06 | flex=+0.000000e+00 | load_curt=+0.000000e+00 | res_curt=+0.000000e+00 | ess_usage=+0.000000e+00 | slacks=+1.493348e-10 | ess_comp=+2.970298e-04
    [SLACK COMPONENTS] voltage=+1.493348e-10 | node_P=+0.000000e+00 | node_Q=+0.000000e+00 | branch_ij=+0.000000e+00 | branch_ji=+0.000000e+00 | flex_P=+0.000000e+00 | flex_Q=+0.000000e+00
    [SLACK COMPONENT CHECK] classified_delta=+1.493348e-10 | objective_slack_delta=+1.493348e-10 | mismatch=+0.000000e+00
    [RECOURSE COMPONENT CHECK] classified_delta=+1.760806e+06 | block_delta=+1.760806e+06 | mismatch=+1.396984e-09
  DSO node=7 year=2025 day=Spring | previous=6.834885e+06 | current=8.155341e+06 | delta=+1.320456e+06 | abs_delta=1.320456e+06
    [RECOURSE COMPONENTS] gen=+0.000000e+00 | flex=+1.320456e+06 | load_curt=+0.000000e+00 | res_curt=+0.000000e+00 | ess_usage=+0.000000e+00 | slacks=+2.521269e-04 | ess_comp=+2.108204e-06
    [SLACK COMPONENTS] voltage=-4.191328e-06 | node_P=+0.000000e+00 | node_Q=+0.000000e+00 | branch_ij=+0.000000e+00 | branch_ji=+0.000000e+00 | flex_P=+2.563182e-04 | flex_Q=+0.000000e+00
    [SLACK COMPONENT CHECK] classified_delta=+2.521269e-04 | objective_slack_delta=+2.521269e-04 | mismatch=+2.842171e-14
    [RECOURSE COMPONENT CHECK] classified_delta=+1.320456e+06 | block_delta=+1.320456e+06 | mismatch=+0.000000e+00
  DSO node=7 year=2030 day=Spring | previous=7.378376e+06 | current=8.625438e+06 | delta=+1.247062e+06 | abs_delta=1.247062e+06
    [RECOURSE COMPONENTS] gen=+0.000000e+00 | flex=+1.247062e+06 | load_curt=+0.000000e+00 | res_curt=+0.000000e+00 | ess_usage=+0.000000e+00 | slacks=-1.303019e-05 | ess_comp=+2.453550e-06
    [SLACK COMPONENTS] voltage=-1.744510e-05 | node_P=+0.000000e+00 | node_Q=+0.000000e+00 | branch_ij=+0.000000e+00 | branch_ji=+0.000000e+00 | flex_P=+4.414907e-06 | flex_Q=+0.000000e+00
    [SLACK COMPONENT CHECK] classified_delta=-1.303019e-05 | objective_slack_delta=-1.303019e-05 | mismatch=-7.815970e-14
    [RECOURSE COMPONENT CHECK] classified_delta=+1.247062e+06 | block_delta=+1.247062e+06 | mismatch=-1.396984e-09
  DSO node=7 year=2035 day=Spring | previous=9.775040e+06 | current=1.092886e+07 | delta=+1.153822e+06 | abs_delta=1.153822e+06
    [RECOURSE COMPONENTS] gen=+0.000000e+00 | flex=+1.153822e+06 | load_curt=+0.000000e+00 | res_curt=+0.000000e+00 | ess_usage=+0.000000e+00 | slacks=-1.444943e-04 | ess_comp=+2.836802e-06
    [SLACK COMPONENTS] voltage=-1.278865e-05 | node_P=+0.000000e+00 | node_Q=+0.000000e+00 | branch_ij=+0.000000e+00 | branch_ji=+0.000000e+00 | flex_P=-1.317057e-04 | flex_Q=+0.000000e+00
    [SLACK COMPONENT CHECK] classified_delta=-1.444943e-04 | objective_slack_delta=-1.444943e-04 | mismatch=+3.552714e-15
    [RECOURSE COMPONENT CHECK] classified_delta=+1.153822e+06 | block_delta=+1.153822e+06 | mismatch=+2.095476e-09
  TSO node=None year=2035 day=Autumn | previous=2.868101e+07 | current=2.757002e+07 | delta=-1.110988e+06 | abs_delta=1.110988e+06
    [RECOURSE JUMP][TSO PROX] year=2035 day=Autumn | V max=0.007471 | PF max=0.042970 | ESS max=0.021479
    [RECOURSE COMPONENTS] gen=-1.110988e+06 | flex=+0.000000e+00 | load_curt=+0.000000e+00 | res_curt=+0.000000e+00 | ess_usage=+0.000000e+00 | slacks=+1.447944e-10 | ess_comp=+1.688408e-04
    [SLACK COMPONENTS] voltage=+1.447944e-10 | node_P=+0.000000e+00 | node_Q=+0.000000e+00 | branch_ij=+0.000000e+00 | branch_ji=+0.000000e+00 | flex_P=+0.000000e+00 | flex_Q=+0.000000e+00
    [SLACK COMPONENT CHECK] classified_delta=+1.447944e-10 | objective_slack_delta=+1.447944e-10 | mismatch=+0.000000e+00
    [RECOURSE COMPONENT CHECK] classified_delta=-1.110988e+06 | block_delta=-1.110988e+06 | mismatch=-3.958121e-09
  TSO node=None year=2035 day=Winter | previous=3.469618e+07 | current=3.365527e+07 | delta=-1.040910e+06 | abs_delta=1.040910e+06
    [RECOURSE JUMP][TSO PROX] year=2035 day=Winter | V max=0.007557 | PF max=0.025470 | ESS max=0.014718
    [RECOURSE COMPONENTS] gen=-1.040910e+06 | flex=+0.000000e+00 | load_curt=+0.000000e+00 | res_curt=+0.000000e+00 | ess_usage=+0.000000e+00 | slacks=+3.692904e-10 | ess_comp=+6.554550e-05
    [SLACK COMPONENTS] voltage=+3.692904e-10 | node_P=+0.000000e+00 | node_Q=+0.000000e+00 | branch_ij=+0.000000e+00 | branch_ji=+0.000000e+00 | flex_P=+0.000000e+00 | flex_Q=+0.000000e+00
    [SLACK COMPONENT CHECK] classified_delta=+3.692904e-10 | objective_slack_delta=+3.692904e-10 | mismatch=+0.000000e+00
    [RECOURSE COMPONENT CHECK] classified_delta=-1.040910e+06 | block_delta=-1.040910e+06 | mismatch=+3.143214e-09
[INFO]		 - Recourse stationarity failed. 5194862.850693 > 70441.190216
[ADMM RHO] V | primal max ratio=0.353 | primal mean ratio=0.693 | primal selected=0.693 | dual mean ratio=0.007 | increase threshold=5.0 | decrease threshold=5.0 | action=held
[ADMM RHO BOYD] V | r=2.632333e-02 | s=2.337533e-03 | eps_pri=3.352462e-03 | eps_dual=2.941725e-04 | primal_ratio=7.851942e+00 | dual_ratio=7.946129e+00 | dual_ratio_balance=7.946129e+00 | rho_before=1.732500e-02 | rho_after=1.732500e-02 | gamma_before=0.000000e+00 | gamma_after=0.000000e+00 | action=held
[ADMM RHO] PF | primal max ratio=10.028 | primal mean ratio=3.019 | primal selected=10.028 | dual mean ratio=0.120 | increase threshold=5.0 | decrease threshold=3.0 | action=held
[ADMM RHO BOYD] PF | r=4.881021e-01 | s=1.074438e-01 | eps_pri=1.335366e-03 | eps_dual=4.344541e-04 | primal_ratio=3.655193e+02 | dual_ratio=2.473075e+02 | dual_ratio_balance=2.473075e+02 | rho_before=1.320000e-01 | rho_after=1.320000e-01 | gamma_before=0.000000e+00 | gamma_after=0.000000e+00 | action=held
[ADMM RHO] ESS | primal max ratio=0.324 | primal mean ratio=0.324 | primal selected=0.324 | dual mean ratio=0.003 | increase threshold=5.0 | decrease threshold=5.0 | action=exempt (fixed)
[ADMM RHO BOYD] ESS | r=4.347228e-01 | s=4.087334e-03 | eps_pri=9.886443e-04 | eps_dual=7.212979e-04 | primal_ratio=4.397161e+02 | dual_ratio=5.666638e+00 | dual_ratio_balance=5.666638e+00 | rho_before=1.000000e-02 | rho_after=1.000000e-02 | gamma_before=0.000000e+00 | gamma_after=0.000000e+00 | action=exempt (fixed)
[INFO]		 - ADMM cycle 4 | Primal (V max/mean | PF max/mean | ESS max/mean) = 0.003529/0.000693 | 0.100282/0.003019 | 0.032441/0.003239 | Dual (V max/mean | PF max/mean | ESS max/mean) = 0.000370/0.000069 | 0.019649/0.001198 | 0.000276/0.000033 | Recourse change = 5194862.850693 (tol. 70441.190216) | Stable cycles = 0/10 | Penalty actions (V/PF/ESS) = held/held/exempt (fixed)
[INFO] 	 - Iteration 4: 30.54 s
[INFO] 	 - ADMM Iteration 5
[INFO] 		 - Updating distribution networks:
[INFO] 			 - Running SMOPF, Network case33_1, 2025, Spring...
[INFO] 			 - Running SMOPF, Network case33_1, 2025, Summer...
[INFO] 			 - Running SMOPF, Network case33_1, 2025, Autumn...
[INFO] 			 - Running SMOPF, Network case33_1, 2025, Winter...
[INFO] 			 - Running SMOPF, Network case33_1, 2030, Spring...
[INFO] 			 - Running SMOPF, Network case33_1, 2030, Summer...
[WARNING] Network primary solve did not converge for case33_1, year=2030, day=Summer: status=warning, termination=maxIterations, message=Ipopt 3.14.18\x3a Maximum Number of Iterations Exceeded. | warm_start=True
[WARNING] ADMM penalties for case33_1, year=2030, day=Summer: rho_v=0.017325, rho_pf=0.132, rho_ess=0.01
[WARNING] IPOPT primary solve log for case33_1, year=2030, day=Summer: /Users/micaelsimoes/Projects/share-resource-planning-no_esso-degradation/data/SRP1/Results/P56A/evals/p515s44_s45_w11_snapoff_fail_off_578636daa6d6360d_run/logs/optim_log_case33_1_2030_Summer.log
[INFO] Retrying network solve once for case33_1, year=2030, day=Summer, cold start, with warm_start_init_point=no.
[INFO] Network recovery solve succeeded for case33_1, year=2030, day=Summer.
[INFO] 			 - Running SMOPF, Network case33_1, 2030, Autumn...
[INFO] 			 - Running SMOPF, Network case33_1, 2030, Winter...
[INFO] 			 - Running SMOPF, Network case33_1, 2035, Spring...
[INFO] 			 - Running SMOPF, Network case33_1, 2035, Summer...
[INFO] 			 - Running SMOPF, Network case33_1, 2035, Autumn...
[INFO] 			 - Running SMOPF, Network case33_1, 2035, Winter...
[INFO] 			 - Running SMOPF, Network case33_2, 2025, Spring...
[INFO] 			 - Running SMOPF, Network case33_2, 2025, Summer...
[INFO] 			 - Running SMOPF, Network case33_2, 2025, Autumn...
[INFO] 			 - Running SMOPF, Network case33_2, 2025, Winter...
[INFO] 			 - Running SMOPF, Network case33_2, 2030, Spring...
[INFO] 			 - Running SMOPF, Network case33_2, 2030, Summer...
[INFO] 			 - Running SMOPF, Network case33_2, 2030, Autumn...
[INFO] 			 - Running SMOPF, Network case33_2, 2030, Winter...
[INFO] 			 - Running SMOPF, Network case33_2, 2035, Spring...
[INFO] 			 - Running SMOPF, Network case33_2, 2035, Summer...
[INFO] 			 - Running SMOPF, Network case33_2, 2035, Autumn...
[INFO] 			 - Running SMOPF, Network case33_2, 2035, Winter...
[INFO] 			 - Running SMOPF, Network case33_3, 2025, Spring...
[INFO] 			 - Running SMOPF, Network case33_3, 2025, Summer...
[INFO] 			 - Running SMOPF, Network case33_3, 2025, Autumn...
[INFO] 			 - Running SMOPF, Network case33_3, 2025, Winter...
[INFO] 			 - Running SMOPF, Network case33_3, 2030, Spring...
[WARNING] Network primary solve did not converge for case33_3, year=2030, day=Spring: status=warning, termination=maxIterations, message=Ipopt 3.14.18\x3a Maximum Number of Iterations Exceeded. | warm_start=True
[WARNING] ADMM penalties for case33_3, year=2030, day=Spring: rho_v=0.017325, rho_pf=0.132, rho_ess=0.01
[WARNING] IPOPT primary solve log for case33_3, year=2030, day=Spring: /Users/micaelsimoes/Projects/share-resource-planning-no_esso-degradation/data/SRP1/Results/P56A/evals/p515s44_s45_w11_snapoff_fail_off_578636daa6d6360d_run/logs/optim_log_case33_3_2030_Spring.log
[INFO] Retrying network solve once for case33_3, year=2030, day=Spring, cold start, with warm_start_init_point=no.
[INFO] Network recovery solve succeeded for case33_3, year=2030, day=Spring.
[INFO] 			 - Running SMOPF, Network case33_3, 2030, Summer...
[INFO] 			 - Running SMOPF, Network case33_3, 2030, Autumn...
[INFO] 			 - Running SMOPF, Network case33_3, 2030, Winter...
[INFO] 			 - Running SMOPF, Network case33_3, 2035, Spring...
[INFO] 			 - Running SMOPF, Network case33_3, 2035, Summer...
[INFO] 			 - Running SMOPF, Network case33_3, 2035, Autumn...
[INFO] 			 - Running SMOPF, Network case33_3, 2035, Winter...
[INFO] 		 - Updating transmission network...
[INFO] 			 - Running SMOPF, Network case9, 2025, Spring...
[INFO] 			 - Running SMOPF, Network case9, 2025, Summer...
[INFO] 			 - Running SMOPF, Network case9, 2025, Autumn...
[INFO] 			 - Running SMOPF, Network case9, 2025, Winter...
[INFO] 			 - Running SMOPF, Network case9, 2030, Spring...
[INFO] 			 - Running SMOPF, Network case9, 2030, Summer...
[INFO] 			 - Running SMOPF, Network case9, 2030, Autumn...
[INFO] 			 - Running SMOPF, Network case9, 2030, Winter...
[INFO] 			 - Running SMOPF, Network case9, 2035, Spring...
[INFO] 			 - Running SMOPF, Network case9, 2035, Summer...
[INFO] 			 - Running SMOPF, Network case9, 2035, Autumn...
[INFO] 			 - Running SMOPF, Network case9, 2035, Winter...
[TSO PROX] cycle=5 | updated_blocks=12 | held_failed_blocks=0 | V max=0.015128 | PF max=0.100470 | ESS max=0.029543
[TSO PROX][V MAX] node=5, year=2030, day=Spring, period=9 | dV=5.219062 kV | normalized=0.015128
[TSO PROX][PF MAX] node=7, year=2025, day=Spring, period=11, type=P | delta=10.046983 MW | normalized=0.100470
[TSO PROX][ESS MAX] node=7, year=2025, day=Autumn, period=18, type=P | delta=0.147714 MW | normalized=0.029543
[INFO] 		 - Updating SharedESS...
[INFO] 		 - Running Shared ESS optimization (subproblem)...
[INFO] 			 - Node 5...
[INFO] Shared ESS complementarity diagnostics for ESS node=5: ratio_max=4.892740e-06 n_periods=288 mu_final=9.309890e-12 s_obj=1.000000e-01 eps=1.000000e-05 bound=2.681248e-03 measured=2.610877e-03
[INFO] 			 - Node 7...
[INFO] Shared ESS complementarity diagnostics for ESS node=7: ratio_max=4.872935e-06 n_periods=288 mu_final=9.100985e-12 s_obj=1.000000e-01 eps=1.000000e-05 bound=2.621084e-03 measured=2.615015e-03
[INFO] 			 - Node 9...
[INFO] Shared ESS complementarity diagnostics for ESS node=9: ratio_max=4.900471e-06 n_periods=288 mu_final=9.326281e-12 s_obj=1.000000e-01 eps=1.000000e-05 bound=2.685969e-03 measured=2.610876e-03
[DIAG][V MAX] node=5, year=2035, day=Spring, period=9 | TSO=372.761599 kV, DSO=376.300730 kV, diff=3.539131 kV, base=345.000000 kV, normalized=0.010258, rho(TSO/DSO)=0.017325/0.017325
[DIAG][PF MAX] node=5, year=2035, day=Spring, period=0, type=P | TSO=27.931753 MW, DSO=6.806593 MW, diff=21.125161 MW, rating=200.000000 MVA, normalized=0.105626, rho(TSO/DSO)=0.132000/0.132000
[INFO]		 - interface Vmag max primal residual failed. 0.010258 > 0.010000
[INFO]		 - interface PF max primal residual failed. 0.105626 > 0.010000
[INFO]		 - interface PF mean primal residual failed. 0.002673 > 0.001000
[INFO]		 - Dual residuals ok!
[RECOURSE JUMP] cycle=5 | abs_change=7.321939e+06 | tol=6.992170e+04 | signed_change=-7.321939e+06
[RECOURSE JUMP] Reconciliation | previous=6.992170e+08 | current=6.918951e+08 | block_delta=-7.321939e+06 | mismatch=-3.576279e-07
[RECOURSE JUMP] Aggregate signed changes:
  TSO | delta=-1.293445e+07
  DSO node=7 | delta=+4.155192e+06
  DSO node=9 | delta=+1.243119e+06
  DSO node=5 | delta=+2.141998e+05
  SALVAGE | delta=+5.427285e-35
[RECOURSE JUMP] Largest 10 block changes:
  TSO node=None year=2025 day=Spring | previous=3.964325e+07 | current=3.763493e+07 | delta=-2.008317e+06 | abs_delta=2.008317e+06
    [RECOURSE JUMP][TSO PROX] year=2025 day=Spring | V max=0.012636 | PF max=0.100470 | ESS max=0.014973
    [RECOURSE COMPONENTS] gen=-2.008317e+06 | flex=+0.000000e+00 | load_curt=+0.000000e+00 | res_curt=+0.000000e+00 | ess_usage=+0.000000e+00 | slacks=+7.164616e-10 | ess_comp=+1.393787e-04
    [SLACK COMPONENTS] voltage=+7.164616e-10 | node_P=+0.000000e+00 | node_Q=+0.000000e+00 | branch_ij=+0.000000e+00 | branch_ji=+0.000000e+00 | flex_P=+0.000000e+00 | flex_Q=+0.000000e+00
    [SLACK COMPONENT CHECK] classified_delta=+7.164616e-10 | objective_slack_delta=+7.164616e-10 | mismatch=+0.000000e+00
    [RECOURSE COMPONENT CHECK] classified_delta=-2.008317e+06 | block_delta=-2.008317e+06 | mismatch=-6.053597e-09
  TSO node=None year=2025 day=Summer | previous=6.225023e+07 | current=6.046554e+07 | delta=-1.784692e+06 | abs_delta=1.784692e+06
    [RECOURSE JUMP][TSO PROX] year=2025 day=Summer | V max=0.009146 | PF max=0.086152 | ESS max=0.015177
    [RECOURSE COMPONENTS] gen=-1.784692e+06 | flex=+0.000000e+00 | load_curt=+0.000000e+00 | res_curt=+0.000000e+00 | ess_usage=+0.000000e+00 | slacks=+6.288161e-10 | ess_comp=+1.012170e-04
    [SLACK COMPONENTS] voltage=+6.288161e-10 | node_P=+0.000000e+00 | node_Q=+0.000000e+00 | branch_ij=+0.000000e+00 | branch_ji=+0.000000e+00 | flex_P=+0.000000e+00 | flex_Q=+0.000000e+00
    [SLACK COMPONENT CHECK] classified_delta=+6.288161e-10 | objective_slack_delta=+6.288161e-10 | mismatch=+0.000000e+00
    [RECOURSE COMPONENT CHECK] classified_delta=-1.784692e+06 | block_delta=-1.784692e+06 | mismatch=-5.820766e-09
  TSO node=None year=2030 day=Summer | previous=3.954894e+07 | current=3.816660e+07 | delta=-1.382344e+06 | abs_delta=1.382344e+06
    [RECOURSE JUMP][TSO PROX] year=2030 day=Summer | V max=0.010854 | PF max=0.095990 | ESS max=0.013429
    [RECOURSE COMPONENTS] gen=-1.382344e+06 | flex=+0.000000e+00 | load_curt=+0.000000e+00 | res_curt=+0.000000e+00 | ess_usage=+0.000000e+00 | slacks=+3.723457e-10 | ess_comp=-1.881920e-05
    [SLACK COMPONENTS] voltage=+3.723457e-10 | node_P=+0.000000e+00 | node_Q=+0.000000e+00 | branch_ij=+0.000000e+00 | branch_ji=+0.000000e+00 | flex_P=+0.000000e+00 | flex_Q=+0.000000e+00
    [SLACK COMPONENT CHECK] classified_delta=+3.723457e-10 | objective_slack_delta=+3.723457e-10 | mismatch=+0.000000e+00
    [RECOURSE COMPONENT CHECK] classified_delta=-1.382344e+06 | block_delta=-1.382344e+06 | mismatch=+1.396984e-09
  TSO node=None year=2035 day=Autumn | previous=2.757002e+07 | current=2.620096e+07 | delta=-1.369060e+06 | abs_delta=1.369060e+06
    [RECOURSE JUMP][TSO PROX] year=2035 day=Autumn | V max=0.007593 | PF max=0.042587 | ESS max=0.018850
    [RECOURSE COMPONENTS] gen=-1.369060e+06 | flex=+0.000000e+00 | load_curt=+0.000000e+00 | res_curt=+0.000000e+00 | ess_usage=+0.000000e+00 | slacks=+2.279137e-10 | ess_comp=+2.756112e-05
    [SLACK COMPONENTS] voltage=+2.279137e-10 | node_P=+0.000000e+00 | node_Q=+0.000000e+00 | branch_ij=+0.000000e+00 | branch_ji=+0.000000e+00 | flex_P=+0.000000e+00 | flex_Q=+0.000000e+00
    [SLACK COMPONENT CHECK] classified_delta=+2.279137e-10 | objective_slack_delta=+2.279137e-10 | mismatch=+0.000000e+00
    [RECOURSE COMPONENT CHECK] classified_delta=-1.369060e+06 | block_delta=-1.369060e+06 | mismatch=+5.355105e-09
  TSO node=None year=2030 day=Winter | previous=3.721432e+07 | current=3.589570e+07 | delta=-1.318624e+06 | abs_delta=1.318624e+06
    [RECOURSE JUMP][TSO PROX] year=2030 day=Winter | V max=0.006004 | PF max=0.019689 | ESS max=0.017243
    [RECOURSE COMPONENTS] gen=-1.318624e+06 | flex=+0.000000e+00 | load_curt=+0.000000e+00 | res_curt=+0.000000e+00 | ess_usage=+0.000000e+00 | slacks=+3.990195e-10 | ess_comp=+7.407499e-05
    [SLACK COMPONENTS] voltage=+3.990195e-10 | node_P=+0.000000e+00 | node_Q=+0.000000e+00 | branch_ij=+0.000000e+00 | branch_ji=+0.000000e+00 | flex_P=+0.000000e+00 | flex_Q=+0.000000e+00
    [SLACK COMPONENT CHECK] classified_delta=+3.990195e-10 | objective_slack_delta=+3.990195e-10 | mismatch=+0.000000e+00
    [RECOURSE COMPONENT CHECK] classified_delta=-1.318624e+06 | block_delta=-1.318624e+06 | mismatch=+1.676381e-08
  TSO node=None year=2035 day=Summer | previous=3.021294e+07 | current=2.912403e+07 | delta=-1.088917e+06 | abs_delta=1.088917e+06
    [RECOURSE JUMP][TSO PROX] year=2035 day=Summer | V max=0.008128 | PF max=0.089043 | ESS max=0.013303
    [RECOURSE COMPONENTS] gen=-1.088917e+06 | flex=+0.000000e+00 | load_curt=+0.000000e+00 | res_curt=+0.000000e+00 | ess_usage=+0.000000e+00 | slacks=+2.119904e-10 | ess_comp=-1.364122e-05
    [SLACK COMPONENTS] voltage=+2.119904e-10 | node_P=+0.000000e+00 | node_Q=+0.000000e+00 | branch_ij=+0.000000e+00 | branch_ji=+0.000000e+00 | flex_P=+0.000000e+00 | flex_Q=+0.000000e+00
    [SLACK COMPONENT CHECK] classified_delta=+2.119904e-10 | objective_slack_delta=+2.119904e-10 | mismatch=+0.000000e+00
    [RECOURSE COMPONENT CHECK] classified_delta=-1.088917e+06 | block_delta=-1.088917e+06 | mismatch=-1.024455e-08
  TSO node=None year=2035 day=Spring | previous=3.037334e+07 | current=2.932467e+07 | delta=-1.048672e+06 | abs_delta=1.048672e+06
    [RECOURSE JUMP][TSO PROX] year=2035 day=Spring | V max=0.014133 | PF max=0.086666 | ESS max=0.016639
    [RECOURSE COMPONENTS] gen=-1.048672e+06 | flex=+0.000000e+00 | load_curt=+0.000000e+00 | res_curt=+0.000000e+00 | ess_usage=+0.000000e+00 | slacks=+1.437733e-09 | ess_comp=-2.077292e-04
    [SLACK COMPONENTS] voltage=+1.437733e-09 | node_P=+0.000000e+00 | node_Q=+0.000000e+00 | branch_ij=+0.000000e+00 | branch_ji=+0.000000e+00 | flex_P=+0.000000e+00 | flex_Q=+0.000000e+00
    [SLACK COMPONENT CHECK] classified_delta=+1.437733e-09 | objective_slack_delta=+1.437733e-09 | mismatch=+0.000000e+00
    [RECOURSE COMPONENT CHECK] classified_delta=-1.048672e+06 | block_delta=-1.048672e+06 | mismatch=-1.862645e-09
  TSO node=None year=2030 day=Spring | previous=2.179458e+07 | current=2.100051e+07 | delta=-7.940689e+05 | abs_delta=7.940689e+05
    [RECOURSE JUMP][TSO PROX] year=2030 day=Spring | V max=0.015128 | PF max=0.085383 | ESS max=0.015483
    [RECOURSE COMPONENTS] gen=-7.940689e+05 | flex=+0.000000e+00 | load_curt=+0.000000e+00 | res_curt=+0.000000e+00 | ess_usage=+0.000000e+00 | slacks=+7.588312e-10 | ess_comp=-1.023750e-04
    [SLACK COMPONENTS] voltage=+7.588312e-10 | node_P=+0.000000e+00 | node_Q=+0.000000e+00 | branch_ij=+0.000000e+00 | branch_ji=+0.000000e+00 | flex_P=+0.000000e+00 | flex_Q=+0.000000e+00
    [SLACK COMPONENT CHECK] classified_delta=+7.588312e-10 | objective_slack_delta=+7.588312e-10 | mismatch=+0.000000e+00
    [RECOURSE COMPONENT CHECK] classified_delta=-7.940689e+05 | block_delta=-7.940689e+05 | mismatch=+4.656613e-10
  DSO node=7 year=2025 day=Summer | previous=5.086194e+06 | current=5.876108e+06 | delta=+7.899133e+05 | abs_delta=7.899133e+05
    [RECOURSE COMPONENTS] gen=+0.000000e+00 | flex=+7.899133e+05 | load_curt=+0.000000e+00 | res_curt=+0.000000e+00 | ess_usage=+0.000000e+00 | slacks=-5.956336e-05 | ess_comp=+1.002106e-06
    [SLACK COMPONENTS] voltage=+6.630989e-07 | node_P=+0.000000e+00 | node_Q=+0.000000e+00 | branch_ij=+0.000000e+00 | branch_ji=+0.000000e+00 | flex_P=-6.022646e-05 | flex_Q=+0.000000e+00
    [SLACK COMPONENT CHECK] classified_delta=-5.956336e-05 | objective_slack_delta=-5.956336e-05 | mismatch=-8.526513e-14
    [RECOURSE COMPONENT CHECK] classified_delta=+7.899133e+05 | block_delta=+7.899133e+05 | mismatch=+1.280569e-09
  DSO node=7 year=2035 day=Summer | previous=8.466611e+06 | current=9.246680e+06 | delta=+7.800693e+05 | abs_delta=7.800693e+05
    [RECOURSE COMPONENTS] gen=+0.000000e+00 | flex=+7.800693e+05 | load_curt=+0.000000e+00 | res_curt=+0.000000e+00 | ess_usage=+0.000000e+00 | slacks=-2.043865e-04 | ess_comp=+5.778333e-07
    [SLACK COMPONENTS] voltage=-6.638751e-06 | node_P=+0.000000e+00 | node_Q=+0.000000e+00 | branch_ij=+0.000000e+00 | branch_ji=+0.000000e+00 | flex_P=-1.977478e-04 | flex_Q=+0.000000e+00
    [SLACK COMPONENT CHECK] classified_delta=-2.043865e-04 | objective_slack_delta=-2.043865e-04 | mismatch=-1.492140e-13
    [RECOURSE COMPONENT CHECK] classified_delta=+7.800693e+05 | block_delta=+7.800693e+05 | mismatch=+1.164153e-10
[INFO]		 - Recourse stationarity failed. 7321938.513007 > 69921.703931
[ADMM RHO] V | primal max ratio=1.026 | primal mean ratio=0.328 | primal selected=1.026 | dual mean ratio=0.007 | increase threshold=5.0 | decrease threshold=5.0 | action=held
[ADMM RHO BOYD] V | r=1.975835e-02 | s=2.278824e-03 | eps_pri=3.362477e-03 | eps_dual=2.941679e-04 | primal_ratio=5.876130e+00 | dual_ratio=7.746677e+00 | dual_ratio_balance=7.746677e+00 | rho_before=1.732500e-02 | rho_after=1.732500e-02 | gamma_before=0.000000e+00 | gamma_after=0.000000e+00 | action=held
[ADMM RHO] PF | primal max ratio=10.563 | primal mean ratio=2.673 | primal selected=10.563 | dual mean ratio=0.070 | increase threshold=5.0 | decrease threshold=3.0 | action=held
[ADMM RHO BOYD] PF | r=4.467646e-01 | s=6.688656e-02 | eps_pri=1.348815e-03 | eps_dual=4.395866e-04 | primal_ratio=3.312276e+02 | dual_ratio=1.521579e+02 | dual_ratio_balance=1.521579e+02 | rho_before=1.320000e-01 | rho_after=1.320000e-01 | gamma_before=0.000000e+00 | gamma_after=0.000000e+00 | action=held
[ADMM RHO] ESS | primal max ratio=0.206 | primal mean ratio=0.121 | primal selected=0.206 | dual mean ratio=0.003 | increase threshold=5.0 | decrease threshold=5.0 | action=exempt (fixed)
[ADMM RHO BOYD] ESS | r=1.594587e-01 | s=4.415566e-03 | eps_pri=9.886719e-04 | eps_dual=7.213035e-04 | primal_ratio=1.612858e+02 | dual_ratio=6.121649e+00 | dual_ratio_balance=6.121649e+00 | rho_before=1.000000e-02 | rho_after=1.000000e-02 | gamma_before=0.000000e+00 | gamma_after=0.000000e+00 | action=exempt (fixed)
[INFO]		 - ADMM cycle 5 | Primal (V max/mean | PF max/mean | ESS max/mean) = 0.010258/0.000328 | 0.105626/0.002673 | 0.020593/0.001205 | Dual (V max/mean | PF max/mean | ESS max/mean) = 0.000304/0.000067 | 0.013261/0.000704 | 0.000241/0.000035 | Recourse change = 7321938.513007 (tol. 69921.703931) | Stable cycles = 0/10 | Penalty actions (V/PF/ESS) = held/held/exempt (fixed)
[INFO] 	 - Iteration 5: 35.97 s
[INFO] 	 - ADMM Iteration 6
[INFO] 		 - Updating distribution networks:
[INFO] 			 - Running SMOPF, Network case33_1, 2025, Spring...
[WARNING] Network primary solve did not converge for case33_1, year=2025, day=Spring: status=warning, termination=maxIterations, message=Ipopt 3.14.18\x3a Maximum Number of Iterations Exceeded. | warm_start=True
[WARNING] ADMM penalties for case33_1, year=2025, day=Spring: rho_v=0.017325, rho_pf=0.132, rho_ess=0.01
[WARNING] IPOPT primary solve log for case33_1, year=2025, day=Spring: /Users/micaelsimoes/Projects/share-resource-planning-no_esso-degradation/data/SRP1/Results/P56A/evals/p515s44_s45_w11_snapoff_fail_off_578636daa6d6360d_run/logs/optim_log_case33_1_2025_Spring.log
[INFO] Retrying network solve once for case33_1, year=2025, day=Spring, cold start, with warm_start_init_point=no.
[INFO] Network recovery solve succeeded for case33_1, year=2025, day=Spring.
[INFO] 			 - Running SMOPF, Network case33_1, 2025, Summer...
[INFO] 			 - Running SMOPF, Network case33_1, 2025, Autumn...
[INFO] 			 - Running SMOPF, Network case33_1, 2025, Winter...
[INFO] 			 - Running SMOPF, Network case33_1, 2030, Spring...
[INFO] 			 - Running SMOPF, Network case33_1, 2030, Summer...
[INFO] 			 - Running SMOPF, Network case33_1, 2030, Autumn...
[INFO] 			 - Running SMOPF, Network case33_1, 2030, Winter...
[INFO] 			 - Running SMOPF, Network case33_1, 2035, Spring...
[INFO] 			 - Running SMOPF, Network case33_1, 2035, Summer...
[INFO] 			 - Running SMOPF, Network case33_1, 2035, Autumn...
[INFO] 			 - Running SMOPF, Network case33_1, 2035, Winter...
[INFO] 			 - Running SMOPF, Network case33_2, 2025, Spring...
[INFO] 			 - Running SMOPF, Network case33_2, 2025, Summer...
[INFO] 			 - Running SMOPF, Network case33_2, 2025, Autumn...
[INFO] 			 - Running SMOPF, Network case33_2, 2025, Winter...
[INFO] 			 - Running SMOPF, Network case33_2, 2030, Spring...
[INFO] 			 - Running SMOPF, Network case33_2, 2030, Summer...
[INFO] 			 - Running SMOPF, Network case33_2, 2030, Autumn...
[INFO] 			 - Running SMOPF, Network case33_2, 2030, Winter...
[INFO] 			 - Running SMOPF, Network case33_2, 2035, Spring...
[INFO] 			 - Running SMOPF, Network case33_2, 2035, Summer...
[INFO] 			 - Running SMOPF, Network case33_2, 2035, Autumn...
[INFO] 			 - Running SMOPF, Network case33_2, 2035, Winter...
[INFO] 			 - Running SMOPF, Network case33_3, 2025, Spring...
[INFO] 			 - Running SMOPF, Network case33_3, 2025, Summer...
[INFO] 			 - Running SMOPF, Network case33_3, 2025, Autumn...
[INFO] 			 - Running SMOPF, Network case33_3, 2025, Winter...
[INFO] 			 - Running SMOPF, Network case33_3, 2030, Spring...
[INFO] 			 - Running SMOPF, Network case33_3, 2030, Summer...
[INFO] 			 - Running SMOPF, Network case33_3, 2030, Autumn...
[INFO] 			 - Running SMOPF, Network case33_3, 2030, Winter...
[INFO] 			 - Running SMOPF, Network case33_3, 2035, Spring...
[INFO] 			 - Running SMOPF, Network case33_3, 2035, Summer...
[INFO] 			 - Running SMOPF, Network case33_3, 2035, Autumn...
[INFO] 			 - Running SMOPF, Network case33_3, 2035, Winter...
[INFO] 		 - Updating transmission network...
[INFO] 			 - Running SMOPF, Network case9, 2025, Spring...
[INFO] 			 - Running SMOPF, Network case9, 2025, Summer...
[INFO] 			 - Running SMOPF, Network case9, 2025, Autumn...
[INFO] 			 - Running SMOPF, Network case9, 2025, Winter...
[INFO] 			 - Running SMOPF, Network case9, 2030, Spring...
[INFO] 			 - Running SMOPF, Network case9, 2030, Summer...
[INFO] 			 - Running SMOPF, Network case9, 2030, Autumn...
[INFO] 			 - Running SMOPF, Network case9, 2030, Winter...
[INFO] 			 - Running SMOPF, Network case9, 2035, Spring...
[INFO] 			 - Running SMOPF, Network case9, 2035, Summer...
[INFO] 			 - Running SMOPF, Network case9, 2035, Autumn...
[INFO] 			 - Running SMOPF, Network case9, 2035, Winter...
[TSO PROX] cycle=6 | updated_blocks=12 | held_failed_blocks=0 | V max=0.014672 | PF max=0.104273 | ESS max=0.021976
[TSO PROX][V MAX] node=5, year=2030, day=Spring, period=9 | dV=5.061776 kV | normalized=0.014672
[TSO PROX][PF MAX] node=5, year=2035, day=Spring, period=18, type=P | delta=20.854571 MW | normalized=0.104273
[TSO PROX][ESS MAX] node=5, year=2025, day=Autumn, period=18, type=P | delta=0.109878 MW | normalized=0.021976
[INFO] 		 - Updating SharedESS...
[INFO] 		 - Running Shared ESS optimization (subproblem)...
[INFO] 			 - Node 5...
[INFO] Shared ESS complementarity diagnostics for ESS node=5: ratio_max=4.884771e-06 n_periods=288 mu_final=9.102008e-12 s_obj=1.000000e-01 eps=1.000000e-05 bound=2.621378e-03 measured=2.615606e-03
[INFO] 			 - Node 7...
[INFO] Shared ESS complementarity diagnostics for ESS node=7: ratio_max=4.918431e-06 n_periods=288 mu_final=9.098191e-12 s_obj=1.000000e-01 eps=1.000000e-05 bound=2.620279e-03 measured=2.615175e-03
[INFO] 			 - Node 9...
[INFO] Shared ESS complementarity diagnostics for ESS node=9: ratio_max=4.892535e-06 n_periods=288 mu_final=9.100618e-12 s_obj=1.000000e-01 eps=1.000000e-05 bound=2.620978e-03 measured=2.615873e-03
[DIAG][PF MAX] node=5, year=2035, day=Spring, period=19, type=P | TSO=21.558181 MW, DSO=5.395550 MW, diff=16.162631 MW, rating=200.000000 MVA, normalized=0.080813, rho(TSO/DSO)=0.132000/0.132000
[INFO]		 - interface PF max primal residual failed. 0.080813 > 0.010000
[INFO]		 - interface PF mean primal residual failed. 0.002332 > 0.001000
[INFO]		 - Dual residuals ok!
[RECOURSE JUMP] cycle=6 | abs_change=7.155615e+06 | tol=6.918951e+04 | signed_change=-7.155615e+06
[RECOURSE JUMP] Reconciliation | previous=6.918951e+08 | current=6.847395e+08 | block_delta=-7.155615e+06 | mismatch=+4.768372e-07
[RECOURSE JUMP] Aggregate signed changes:
  TSO | delta=-9.363738e+06
  DSO node=7 | delta=+2.574268e+06
  DSO node=5 | delta=-5.981123e+05
  DSO node=9 | delta=+2.319665e+05
  SALVAGE | delta=-5.304364e-37
[RECOURSE JUMP] Largest 10 block changes:
  TSO node=None year=2035 day=Spring | previous=2.932467e+07 | current=2.706852e+07 | delta=-2.256146e+06 | abs_delta=2.256146e+06
    [RECOURSE JUMP][TSO PROX] year=2035 day=Spring | V max=0.013621 | PF max=0.104273 | ESS max=0.021800
    [RECOURSE COMPONENTS] gen=-2.256146e+06 | flex=+0.000000e+00 | load_curt=+0.000000e+00 | res_curt=+0.000000e+00 | ess_usage=+0.000000e+00 | slacks=+2.037595e-09 | ess_comp=-3.073775e-04
    [SLACK COMPONENTS] voltage=+2.037595e-09 | node_P=+0.000000e+00 | node_Q=+0.000000e+00 | branch_ij=+0.000000e+00 | branch_ji=+0.000000e+00 | flex_P=+0.000000e+00 | flex_Q=+0.000000e+00
    [SLACK COMPONENT CHECK] classified_delta=+2.037595e-09 | objective_slack_delta=+2.037595e-09 | mismatch=+0.000000e+00
    [RECOURSE COMPONENT CHECK] classified_delta=-2.256146e+06 | block_delta=-2.256146e+06 | mismatch=+5.587935e-09
  TSO node=None year=2025 day=Spring | previous=3.763493e+07 | current=3.568896e+07 | delta=-1.945963e+06 | abs_delta=1.945963e+06
    [RECOURSE JUMP][TSO PROX] year=2025 day=Spring | V max=0.012140 | PF max=0.090056 | ESS max=0.016984
    [RECOURSE COMPONENTS] gen=-1.945963e+06 | flex=+0.000000e+00 | load_curt=+0.000000e+00 | res_curt=+0.000000e+00 | ess_usage=+0.000000e+00 | slacks=+1.359126e-09 | ess_comp=-4.248419e-05
    [SLACK COMPONENTS] voltage=+1.359126e-09 | node_P=+0.000000e+00 | node_Q=+0.000000e+00 | branch_ij=+0.000000e+00 | branch_ji=+0.000000e+00 | flex_P=+0.000000e+00 | flex_Q=+0.000000e+00
    [SLACK COMPONENT CHECK] classified_delta=+1.359126e-09 | objective_slack_delta=+1.359126e-09 | mismatch=+0.000000e+00
    [RECOURSE COMPONENT CHECK] classified_delta=-1.945963e+06 | block_delta=-1.945963e+06 | mismatch=+7.916242e-09
  TSO node=None year=2035 day=Summer | previous=2.912403e+07 | current=2.760136e+07 | delta=-1.522665e+06 | abs_delta=1.522665e+06
    [RECOURSE JUMP][TSO PROX] year=2035 day=Summer | V max=0.008017 | PF max=0.077246 | ESS max=0.012028
    [RECOURSE COMPONENTS] gen=-1.522665e+06 | flex=+0.000000e+00 | load_curt=+0.000000e+00 | res_curt=+0.000000e+00 | ess_usage=+0.000000e+00 | slacks=+2.848992e-10 | ess_comp=-2.021642e-04
    [SLACK COMPONENTS] voltage=+2.848992e-10 | node_P=+0.000000e+00 | node_Q=+0.000000e+00 | branch_ij=+0.000000e+00 | branch_ji=+0.000000e+00 | flex_P=+0.000000e+00 | flex_Q=+0.000000e+00
    [SLACK COMPONENT CHECK] classified_delta=+2.848992e-10 | objective_slack_delta=+2.848992e-10 | mismatch=+0.000000e+00
    [RECOURSE COMPONENT CHECK] classified_delta=-1.522665e+06 | block_delta=-1.522665e+06 | mismatch=+7.450581e-09
  TSO node=None year=2025 day=Summer | previous=6.046554e+07 | current=5.941850e+07 | delta=-1.047035e+06 | abs_delta=1.047035e+06
    [RECOURSE JUMP][TSO PROX] year=2025 day=Summer | V max=0.008956 | PF max=0.079791 | ESS max=0.011646
    [RECOURSE COMPONENTS] gen=-1.047035e+06 | flex=+0.000000e+00 | load_curt=+0.000000e+00 | res_curt=+0.000000e+00 | ess_usage=+0.000000e+00 | slacks=+8.819825e-10 | ess_comp=-5.719735e-05
    [SLACK COMPONENTS] voltage=+8.819825e-10 | node_P=+0.000000e+00 | node_Q=+0.000000e+00 | branch_ij=+0.000000e+00 | branch_ji=+0.000000e+00 | flex_P=+0.000000e+00 | flex_Q=+0.000000e+00
    [SLACK COMPONENT CHECK] classified_delta=+8.819825e-10 | objective_slack_delta=+8.819825e-10 | mismatch=+0.000000e+00
    [RECOURSE COMPONENT CHECK] classified_delta=-1.047035e+06 | block_delta=-1.047035e+06 | mismatch=+1.746230e-09
  DSO node=5 year=2035 day=Spring | previous=1.270202e+07 | current=1.183354e+07 | delta=-8.684784e+05 | abs_delta=8.684784e+05
    [RECOURSE COMPONENTS] gen=+0.000000e+00 | flex=-8.684784e+05 | load_curt=+0.000000e+00 | res_curt=+0.000000e+00 | ess_usage=+0.000000e+00 | slacks=-3.532364e-04 | ess_comp=-1.402090e-06
    [SLACK COMPONENTS] voltage=-8.009775e-06 | node_P=+0.000000e+00 | node_Q=+0.000000e+00 | branch_ij=+0.000000e+00 | branch_ji=+0.000000e+00 | flex_P=-3.452266e-04 | flex_Q=+0.000000e+00
    [SLACK COMPONENT CHECK] classified_delta=-3.532364e-04 | objective_slack_delta=-3.532364e-04 | mismatch=-2.842171e-14
    [RECOURSE COMPONENT CHECK] classified_delta=-8.684784e+05 | block_delta=-8.684784e+05 | mismatch=+1.746230e-09
  TSO node=None year=2030 day=Summer | previous=3.816660e+07 | current=3.733642e+07 | delta=-8.301782e+05 | abs_delta=8.301782e+05
    [RECOURSE JUMP][TSO PROX] year=2030 day=Summer | V max=0.010683 | PF max=0.063405 | ESS max=0.012367
    [RECOURSE COMPONENTS] gen=-8.301782e+05 | flex=+0.000000e+00 | load_curt=+0.000000e+00 | res_curt=+0.000000e+00 | ess_usage=+0.000000e+00 | slacks=+5.581668e-10 | ess_comp=-1.573950e-04
    [SLACK COMPONENTS] voltage=+5.581668e-10 | node_P=+0.000000e+00 | node_Q=+0.000000e+00 | branch_ij=+0.000000e+00 | branch_ji=+0.000000e+00 | flex_P=+0.000000e+00 | flex_Q=+0.000000e+00
    [SLACK COMPONENT CHECK] classified_delta=+5.581668e-10 | objective_slack_delta=+5.581668e-10 | mismatch=+0.000000e+00
    [RECOURSE COMPONENT CHECK] classified_delta=-8.301782e+05 | block_delta=-8.301782e+05 | mismatch=-9.313226e-10
  TSO node=None year=2035 day=Autumn | previous=2.620096e+07 | current=2.545828e+07 | delta=-7.426809e+05 | abs_delta=7.426809e+05
    [RECOURSE JUMP][TSO PROX] year=2035 day=Autumn | V max=0.007873 | PF max=0.031134 | ESS max=0.017396
    [RECOURSE COMPONENTS] gen=-7.426809e+05 | flex=+0.000000e+00 | load_curt=+0.000000e+00 | res_curt=+0.000000e+00 | ess_usage=+0.000000e+00 | slacks=+3.143654e-10 | ess_comp=-8.074083e-05
    [SLACK COMPONENTS] voltage=+3.143654e-10 | node_P=+0.000000e+00 | node_Q=+0.000000e+00 | branch_ij=+0.000000e+00 | branch_ji=+0.000000e+00 | flex_P=+0.000000e+00 | flex_Q=+0.000000e+00
    [SLACK COMPONENT CHECK] classified_delta=+3.143654e-10 | objective_slack_delta=+3.143654e-10 | mismatch=+0.000000e+00
    [RECOURSE COMPONENT CHECK] classified_delta=-7.426809e+05 | block_delta=-7.426809e+05 | mismatch=-2.211891e-09
  DSO node=7 year=2025 day=Spring | previous=8.890615e+06 | current=9.491651e+06 | delta=+6.010358e+05 | abs_delta=6.010358e+05
    [RECOURSE COMPONENTS] gen=+0.000000e+00 | flex=+6.010358e+05 | load_curt=+0.000000e+00 | res_curt=+0.000000e+00 | ess_usage=+0.000000e+00 | slacks=-4.835201e-05 | ess_comp=-5.727508e-07
    [SLACK COMPONENTS] voltage=+3.881197e-06 | node_P=+0.000000e+00 | node_Q=+0.000000e+00 | branch_ij=+0.000000e+00 | branch_ji=+0.000000e+00 | flex_P=-5.223321e-05 | flex_Q=+0.000000e+00
    [SLACK COMPONENT CHECK] classified_delta=-4.835201e-05 | objective_slack_delta=-4.835201e-05 | mismatch=+1.243450e-13
    [RECOURSE COMPONENT CHECK] classified_delta=+6.010358e+05 | block_delta=+6.010358e+05 | mismatch=-5.820766e-10
  TSO node=None year=2030 day=Winter | previous=3.589570e+07 | current=3.531505e+07 | delta=-5.806462e+05 | abs_delta=5.806462e+05
    [RECOURSE JUMP][TSO PROX] year=2030 day=Winter | V max=0.005532 | PF max=0.012162 | ESS max=0.016427
    [RECOURSE COMPONENTS] gen=-5.806462e+05 | flex=+0.000000e+00 | load_curt=+0.000000e+00 | res_curt=+0.000000e+00 | ess_usage=+0.000000e+00 | slacks=+4.909069e-10 | ess_comp=-3.236958e-05
    [SLACK COMPONENTS] voltage=+4.909069e-10 | node_P=+0.000000e+00 | node_Q=+0.000000e+00 | branch_ij=+0.000000e+00 | branch_ji=+0.000000e+00 | flex_P=+0.000000e+00 | flex_Q=+0.000000e+00
    [SLACK COMPONENT CHECK] classified_delta=+4.909069e-10 | objective_slack_delta=+4.909069e-10 | mismatch=+0.000000e+00
    [RECOURSE COMPONENT CHECK] classified_delta=-5.806462e+05 | block_delta=-5.806462e+05 | mismatch=-1.129229e-08
  DSO node=7 year=2025 day=Summer | previous=5.876108e+06 | current=6.390830e+06 | delta=+5.147220e+05 | abs_delta=5.147220e+05
    [RECOURSE COMPONENTS] gen=+0.000000e+00 | flex=+5.147220e+05 | load_curt=+0.000000e+00 | res_curt=+0.000000e+00 | ess_usage=+0.000000e+00 | slacks=+6.348376e-05 | ess_comp=-5.575486e-07
    [SLACK COMPONENTS] voltage=-2.958582e-06 | node_P=+0.000000e+00 | node_Q=+0.000000e+00 | branch_ij=+0.000000e+00 | branch_ji=+0.000000e+00 | flex_P=+6.644235e-05 | flex_Q=+0.000000e+00
    [SLACK COMPONENT CHECK] classified_delta=+6.348376e-05 | objective_slack_delta=+6.348376e-05 | mismatch=+1.527667e-13
    [RECOURSE COMPONENT CHECK] classified_delta=+5.147220e+05 | block_delta=+5.147220e+05 | mismatch=+3.259629e-09
[INFO]		 - Recourse stationarity failed. 7155615.164817 > 69189.510079
[ADMM RHO] V | primal max ratio=0.502 | primal mean ratio=0.207 | primal selected=0.502 | dual mean ratio=0.006 | increase threshold=5.0 | decrease threshold=5.0 | action=held
[ADMM RHO BOYD] V | r=1.218062e-02 | s=2.228015e-03 | eps_pri=3.371812e-03 | eps_dual=2.941636e-04 | primal_ratio=3.612485e+00 | dual_ratio=7.574068e+00 | dual_ratio_balance=7.574068e+00 | rho_before=1.732500e-02 | rho_after=1.732500e-02 | gamma_before=0.000000e+00 | gamma_after=0.000000e+00 | action=held
[ADMM RHO] PF | primal max ratio=8.081 | primal mean ratio=2.332 | primal selected=8.081 | dual mean ratio=0.048 | increase threshold=5.0 | decrease threshold=3.0 | action=held
[ADMM RHO BOYD] PF | r=3.828185e-01 | s=5.261106e-02 | eps_pri=1.356460e-03 | eps_dual=4.438053e-04 | primal_ratio=2.822189e+02 | dual_ratio=1.185453e+02 | dual_ratio_balance=1.185453e+02 | rho_before=1.320000e-01 | rho_after=1.320000e-01 | gamma_before=0.000000e+00 | gamma_after=0.000000e+00 | action=held
[ADMM RHO] ESS | primal max ratio=0.135 | primal mean ratio=0.093 | primal selected=0.135 | dual mean ratio=0.003 | increase threshold=5.0 | decrease threshold=5.0 | action=exempt (fixed)
[ADMM RHO BOYD] ESS | r=1.377914e-01 | s=3.439733e-03 | eps_pri=1.004711e-03 | eps_dual=7.212894e-04 | primal_ratio=1.371453e+02 | dual_ratio=4.768866e+00 | dual_ratio_balance=4.768866e+00 | rho_before=1.000000e-02 | rho_after=1.000000e-02 | gamma_before=0.000000e+00 | gamma_after=0.000000e+00 | action=exempt (fixed)
[INFO]		 - ADMM cycle 6 | Primal (V max/mean | PF max/mean | ESS max/mean) = 0.005019/0.000207 | 0.080813/0.002332 | 0.013482/0.000933 | Dual (V max/mean | PF max/mean | ESS max/mean) = 0.000262/0.000064 | 0.013863/0.000476 | 0.000191/0.000027 | Recourse change = 7155615.164817 (tol. 69189.510079) | Stable cycles = 0/10 | Penalty actions (V/PF/ESS) = held/held/exempt (fixed)
[INFO] 	 - Iteration 6: 32.25 s
[INFO] 	 - ADMM Iteration 7
[INFO] 		 - Updating distribution networks:
[INFO] 			 - Running SMOPF, Network case33_1, 2025, Spring...
[WARNING] Network primary solve did not converge for case33_1, year=2025, day=Spring: status=warning, termination=maxIterations, message=Ipopt 3.14.18\x3a Maximum Number of Iterations Exceeded. | warm_start=True
[WARNING] ADMM penalties for case33_1, year=2025, day=Spring: rho_v=0.017325, rho_pf=0.132, rho_ess=0.01
[WARNING] IPOPT primary solve log for case33_1, year=2025, day=Spring: /Users/micaelsimoes/Projects/share-resource-planning-no_esso-degradation/data/SRP1/Results/P56A/evals/p515s44_s45_w11_snapoff_fail_off_578636daa6d6360d_run/logs/optim_log_case33_1_2025_Spring.log
[INFO] Retrying network solve once for case33_1, year=2025, day=Spring, cold start, with warm_start_init_point=no.
[INFO] Network recovery solve succeeded for case33_1, year=2025, day=Spring.
[INFO] 			 - Running SMOPF, Network case33_1, 2025, Summer...
[INFO] 			 - Running SMOPF, Network case33_1, 2025, Autumn...
[INFO] 			 - Running SMOPF, Network case33_1, 2025, Winter...
[WARNING] Network primary solve did not converge for case33_1, year=2025, day=Winter: status=warning, termination=maxIterations, message=Ipopt 3.14.18\x3a Maximum Number of Iterations Exceeded. | warm_start=True
[WARNING] ADMM penalties for case33_1, year=2025, day=Winter: rho_v=0.017325, rho_pf=0.132, rho_ess=0.01
[WARNING] IPOPT primary solve log for case33_1, year=2025, day=Winter: /Users/micaelsimoes/Projects/share-resource-planning-no_esso-degradation/data/SRP1/Results/P56A/evals/p515s44_s45_w11_snapoff_fail_off_578636daa6d6360d_run/logs/optim_log_case33_1_2025_Winter.log
[INFO] Retrying network solve once for case33_1, year=2025, day=Winter, cold start, with warm_start_init_point=no.
[INFO] Network recovery solve succeeded for case33_1, year=2025, day=Winter.
[INFO] 			 - Running SMOPF, Network case33_1, 2030, Spring...
[INFO] 			 - Running SMOPF, Network case33_1, 2030, Summer...
[INFO] 			 - Running SMOPF, Network case33_1, 2030, Autumn...
[INFO] 			 - Running SMOPF, Network case33_1, 2030, Winter...
[INFO] 			 - Running SMOPF, Network case33_1, 2035, Spring...
[INFO] 			 - Running SMOPF, Network case33_1, 2035, Summer...
[INFO] 			 - Running SMOPF, Network case33_1, 2035, Autumn...
[INFO] 			 - Running SMOPF, Network case33_1, 2035, Winter...
[INFO] 			 - Running SMOPF, Network case33_2, 2025, Spring...
[INFO] 			 - Running SMOPF, Network case33_2, 2025, Summer...
[INFO] 			 - Running SMOPF, Network case33_2, 2025, Autumn...
[INFO] 			 - Running SMOPF, Network case33_2, 2025, Winter...
[INFO] 			 - Running SMOPF, Network case33_2, 2030, Spring...
[WARNING] Network primary solve did not converge for case33_2, year=2030, day=Spring: status=warning, termination=maxIterations, message=Ipopt 3.14.18\x3a Maximum Number of Iterations Exceeded. | warm_start=True
[WARNING] ADMM penalties for case33_2, year=2030, day=Spring: rho_v=0.017325, rho_pf=0.132, rho_ess=0.01
[WARNING] IPOPT primary solve log for case33_2, year=2030, day=Spring: /Users/micaelsimoes/Projects/share-resource-planning-no_esso-degradation/data/SRP1/Results/P56A/evals/p515s44_s45_w11_snapoff_fail_off_578636daa6d6360d_run/logs/optim_log_case33_2_2030_Spring.log
[INFO] Retrying network solve once for case33_2, year=2030, day=Spring, cold start, with warm_start_init_point=no.
[INFO] Network recovery solve succeeded for case33_2, year=2030, day=Spring.
[INFO] 			 - Running SMOPF, Network case33_2, 2030, Summer...
[INFO] 			 - Running SMOPF, Network case33_2, 2030, Autumn...
[INFO] 			 - Running SMOPF, Network case33_2, 2030, Winter...
[INFO] 			 - Running SMOPF, Network case33_2, 2035, Spring...
[INFO] 			 - Running SMOPF, Network case33_2, 2035, Summer...
[INFO] 			 - Running SMOPF, Network case33_2, 2035, Autumn...
[INFO] 			 - Running SMOPF, Network case33_2, 2035, Winter...
[INFO][FROZEN SMOPF] cycle-7 DSO node=7 comparator snapshot SKIPPED (dso_snapshot_capture_mode=off)
[INFO] 			 - Running SMOPF, Network case33_3, 2025, Spring...
[INFO] 			 - Running SMOPF, Network case33_3, 2025, Summer...
[INFO] 			 - Running SMOPF, Network case33_3, 2025, Autumn...
[INFO] 			 - Running SMOPF, Network case33_3, 2025, Winter...
[INFO] 			 - Running SMOPF, Network case33_3, 2030, Spring...
[INFO] 			 - Running SMOPF, Network case33_3, 2030, Summer...
[INFO] 			 - Running SMOPF, Network case33_3, 2030, Autumn...
[INFO] 			 - Running SMOPF, Network case33_3, 2030, Winter...
[INFO] 			 - Running SMOPF, Network case33_3, 2035, Spring...
[INFO] 			 - Running SMOPF, Network case33_3, 2035, Summer...
[INFO] 			 - Running SMOPF, Network case33_3, 2035, Autumn...
[INFO] 			 - Running SMOPF, Network case33_3, 2035, Winter...
[INFO] 		 - Updating transmission network...
[INFO] 			 - Running SMOPF, Network case9, 2025, Spring...
[INFO] 			 - Running SMOPF, Network case9, 2025, Summer...
[INFO] 			 - Running SMOPF, Network case9, 2025, Autumn...
[INFO] 			 - Running SMOPF, Network case9, 2025, Winter...
[INFO] 			 - Running SMOPF, Network case9, 2030, Spring...
[INFO] 			 - Running SMOPF, Network case9, 2030, Summer...
[INFO] 			 - Running SMOPF, Network case9, 2030, Autumn...
[INFO] 			 - Running SMOPF, Network case9, 2030, Winter...
[INFO] 			 - Running SMOPF, Network case9, 2035, Spring...
[INFO] 			 - Running SMOPF, Network case9, 2035, Summer...
[WARNING] Network primary solve did not converge for case9, year=2035, day=Summer: status=warning, termination=maxIterations, message=Ipopt 3.14.18\x3a Maximum Number of Iterations Exceeded. | warm_start=True
[WARNING] ADMM penalties for case9, year=2035, day=Summer: rho_v=0.017325, rho_pf=0.132, rho_ess=0.01
[WARNING] IPOPT primary solve log for case9, year=2035, day=Summer: /Users/micaelsimoes/Projects/share-resource-planning-no_esso-degradation/data/SRP1/Results/P56A/evals/p515s44_s45_w11_snapoff_fail_off_578636daa6d6360d_run/logs/optim_log_case9_2035_Summer.log
[INFO] Retrying network solve once for case9, year=2035, day=Summer, cold start, with acceptable_iter=1, acceptable_tol=0.0001, warm_start_init_point=no.
[INFO] Network recovery solve succeeded for case9, year=2035, day=Summer.
[INFO] 			 - Running SMOPF, Network case9, 2035, Autumn...
[INFO] 			 - Running SMOPF, Network case9, 2035, Winter...
[INFO][FROZEN SMOPF] cycle-7 TSO comparator snapshot SKIPPED (tso_snapshot_capture_mode=off)
[TSO PROX] cycle=7 | updated_blocks=12 | held_failed_blocks=0 | V max=0.009716 | PF max=0.116497 | ESS max=0.018250
[TSO PROX][V MAX] node=5, year=2030, day=Summer, period=12 | dV=3.352135 kV | normalized=0.009716
[TSO PROX][PF MAX] node=5, year=2035, day=Spring, period=9, type=P | delta=23.299409 MW | normalized=0.116497
[TSO PROX][ESS MAX] node=5, year=2025, day=Autumn, period=19, type=P | delta=0.091252 MW | normalized=0.018250
[INFO] 		 - Updating SharedESS...
[INFO] 		 - Running Shared ESS optimization (subproblem)...
[INFO] 			 - Node 5...
[INFO] Shared ESS complementarity diagnostics for ESS node=5: ratio_max=5.548535e-06 n_periods=288 mu_final=9.703084e-12 s_obj=1.000000e-01 eps=1.000000e-05 bound=2.794488e-03 measured=2.619105e-03
[INFO] 			 - Node 7...
[INFO] Shared ESS complementarity diagnostics for ESS node=7: ratio_max=4.981246e-06 n_periods=288 mu_final=9.103813e-12 s_obj=1.000000e-01 eps=1.000000e-05 bound=2.621898e-03 measured=2.617822e-03
[INFO] 			 - Node 9...
[INFO] Shared ESS complementarity diagnostics for ESS node=9: ratio_max=5.008837e-06 n_periods=288 mu_final=9.118588e-12 s_obj=1.000000e-01 eps=1.000000e-05 bound=2.626153e-03 measured=2.618273e-03
[DIAG][V MAX] node=5, year=2035, day=Spring, period=10 | TSO=374.496654 kV, DSO=378.252307 kV, diff=3.755654 kV, base=345.000000 kV, normalized=0.010886, rho(TSO/DSO)=0.017325/0.017325
[DIAG][PF MAX] node=5, year=2035, day=Spring, period=20, type=P | TSO=24.435333 MW, DSO=8.256944 MW, diff=16.178389 MW, rating=200.000000 MVA, normalized=0.080892, rho(TSO/DSO)=0.132000/0.132000
[INFO]		 - interface Vmag max primal residual failed. 0.010886 > 0.010000
[INFO]		 - interface PF max primal residual failed. 0.080892 > 0.010000
[INFO]		 - interface PF mean primal residual failed. 0.002069 > 0.001000
[INFO]		 - Dual residuals ok!
[RECOURSE JUMP] cycle=7 | abs_change=4.998338e+06 | tol=6.847395e+04 | signed_change=-4.998338e+06
[RECOURSE JUMP] Reconciliation | previous=6.847395e+08 | current=6.797411e+08 | block_delta=-4.998338e+06 | mismatch=+1.192093e-07
[RECOURSE JUMP] Aggregate signed changes:
  TSO | delta=-6.073047e+06
  DSO node=7 | delta=+1.461534e+06
  DSO node=5 | delta=-4.563104e+05
  DSO node=9 | delta=+6.948528e+04
  SALVAGE | delta=-1.892488e-50
[RECOURSE JUMP] Largest 10 block changes:
  TSO node=None year=2035 day=Spring | previous=2.706852e+07 | current=2.523602e+07 | delta=-1.832506e+06 | abs_delta=1.832506e+06
    [RECOURSE JUMP][TSO PROX] year=2035 day=Spring | V max=0.009334 | PF max=0.116497 | ESS max=0.016722
    [RECOURSE COMPONENTS] gen=-1.832506e+06 | flex=+0.000000e+00 | load_curt=+0.000000e+00 | res_curt=+0.000000e+00 | ess_usage=+0.000000e+00 | slacks=+1.557403e-09 | ess_comp=-1.313262e-04
    [SLACK COMPONENTS] voltage=+1.557403e-09 | node_P=+0.000000e+00 | node_Q=+0.000000e+00 | branch_ij=+0.000000e+00 | branch_ji=+0.000000e+00 | flex_P=+0.000000e+00 | flex_Q=+0.000000e+00
    [SLACK COMPONENT CHECK] classified_delta=+1.557403e-09 | objective_slack_delta=+1.557403e-09 | mismatch=+0.000000e+00
    [RECOURSE COMPONENT CHECK] classified_delta=-1.832506e+06 | block_delta=-1.832506e+06 | mismatch=-4.423782e-09
  TSO node=None year=2025 day=Spring | previous=3.568896e+07 | current=3.424345e+07 | delta=-1.445512e+06 | abs_delta=1.445512e+06
    [RECOURSE JUMP][TSO PROX] year=2025 day=Spring | V max=0.008488 | PF max=0.064745 | ESS max=0.013038
    [RECOURSE COMPONENTS] gen=-1.445512e+06 | flex=+0.000000e+00 | load_curt=+0.000000e+00 | res_curt=+0.000000e+00 | ess_usage=+0.000000e+00 | slacks=+1.988063e-09 | ess_comp=-2.292895e-05
    [SLACK COMPONENTS] voltage=+1.988063e-09 | node_P=+0.000000e+00 | node_Q=+0.000000e+00 | branch_ij=+0.000000e+00 | branch_ji=+0.000000e+00 | flex_P=+0.000000e+00 | flex_Q=+0.000000e+00
    [SLACK COMPONENT CHECK] classified_delta=+1.988063e-09 | objective_slack_delta=+1.988063e-09 | mismatch=+0.000000e+00
    [RECOURSE COMPONENT CHECK] classified_delta=-1.445512e+06 | block_delta=-1.445512e+06 | mismatch=-1.396984e-09
  TSO node=None year=2030 day=Summer | previous=3.733642e+07 | current=3.649938e+07 | delta=-8.370420e+05 | abs_delta=8.370420e+05
    [RECOURSE JUMP][TSO PROX] year=2030 day=Summer | V max=0.009716 | PF max=0.052729 | ESS max=0.008941
    [RECOURSE COMPONENTS] gen=-8.370420e+05 | flex=+0.000000e+00 | load_curt=+0.000000e+00 | res_curt=+0.000000e+00 | ess_usage=+0.000000e+00 | slacks=+7.497860e-10 | ess_comp=-8.554937e-05
    [SLACK COMPONENTS] voltage=+7.497860e-10 | node_P=+0.000000e+00 | node_Q=+0.000000e+00 | branch_ij=+0.000000e+00 | branch_ji=+0.000000e+00 | flex_P=+0.000000e+00 | flex_Q=+0.000000e+00
    [SLACK COMPONENT CHECK] classified_delta=+7.497860e-10 | objective_slack_delta=+7.497860e-10 | mismatch=+0.000000e+00
    [RECOURSE COMPONENT CHECK] classified_delta=-8.370420e+05 | block_delta=-8.370420e+05 | mismatch=-8.614734e-09
  TSO node=None year=2025 day=Summer | previous=5.941850e+07 | current=5.875509e+07 | delta=-6.634167e+05 | abs_delta=6.634167e+05
    [RECOURSE JUMP][TSO PROX] year=2025 day=Summer | V max=0.008155 | PF max=0.047922 | ESS max=0.010358
    [RECOURSE COMPONENTS] gen=-6.634167e+05 | flex=+0.000000e+00 | load_curt=+0.000000e+00 | res_curt=+0.000000e+00 | ess_usage=+0.000000e+00 | slacks=+1.169191e-09 | ess_comp=-4.774405e-05
    [SLACK COMPONENTS] voltage=+1.169191e-09 | node_P=+0.000000e+00 | node_Q=+0.000000e+00 | branch_ij=+0.000000e+00 | branch_ji=+0.000000e+00 | flex_P=+0.000000e+00 | flex_Q=+0.000000e+00
    [SLACK COMPONENT CHECK] classified_delta=+1.169191e-09 | objective_slack_delta=+1.169191e-09 | mismatch=+0.000000e+00
    [RECOURSE COMPONENT CHECK] classified_delta=-6.634167e+05 | block_delta=-6.634167e+05 | mismatch=+4.656613e-10
  DSO node=5 year=2035 day=Spring | previous=1.183354e+07 | current=1.125372e+07 | delta=-5.798288e+05 | abs_delta=5.798288e+05
    [RECOURSE COMPONENTS] gen=+0.000000e+00 | flex=-5.798288e+05 | load_curt=+0.000000e+00 | res_curt=+0.000000e+00 | ess_usage=+0.000000e+00 | slacks=-2.519368e-04 | ess_comp=-1.516980e-07
    [SLACK COMPONENTS] voltage=-3.095564e-06 | node_P=+0.000000e+00 | node_Q=+0.000000e+00 | branch_ij=+0.000000e+00 | branch_ji=+0.000000e+00 | flex_P=-2.488413e-04 | flex_Q=+0.000000e+00
    [SLACK COMPONENT CHECK] classified_delta=-2.519368e-04 | objective_slack_delta=-2.519368e-04 | mismatch=-2.131628e-14
    [RECOURSE COMPONENT CHECK] classified_delta=-5.798288e+05 | block_delta=-5.798288e+05 | mismatch=-1.862645e-09
  TSO node=None year=2035 day=Summer | previous=2.760136e+07 | current=2.713378e+07 | delta=-4.675788e+05 | abs_delta=4.675788e+05
    [RECOURSE JUMP][TSO PROX] year=2035 day=Summer | V max=0.007255 | PF max=0.039205 | ESS max=0.007542
    [RECOURSE COMPONENTS] gen=-4.677441e+05 | flex=+0.000000e+00 | load_curt=+0.000000e+00 | res_curt=+0.000000e+00 | ess_usage=+0.000000e+00 | slacks=+1.611993e+02 | ess_comp=+4.103660e+00
    [SLACK COMPONENTS] voltage=+1.611993e+02 | node_P=+0.000000e+00 | node_Q=+0.000000e+00 | branch_ij=+0.000000e+00 | branch_ji=+0.000000e+00 | flex_P=+0.000000e+00 | flex_Q=+0.000000e+00
    [SLACK COMPONENT CHECK] classified_delta=+1.611993e+02 | objective_slack_delta=+1.611993e+02 | mismatch=+0.000000e+00
    [RECOURSE COMPONENT CHECK] classified_delta=-4.675788e+05 | block_delta=-4.675788e+05 | mismatch=-2.793968e-09
  DSO node=7 year=2025 day=Spring | previous=9.491651e+06 | current=9.871313e+06 | delta=+3.796619e+05 | abs_delta=3.796619e+05
    [RECOURSE COMPONENTS] gen=+0.000000e+00 | flex=+3.796619e+05 | load_curt=+0.000000e+00 | res_curt=+0.000000e+00 | ess_usage=+0.000000e+00 | slacks=+6.540829e-05 | ess_comp=-6.221566e-07
    [SLACK COMPONENTS] voltage=+4.189259e-06 | node_P=+0.000000e+00 | node_Q=+0.000000e+00 | branch_ij=+0.000000e+00 | branch_ji=+0.000000e+00 | flex_P=+6.121903e-05 | flex_Q=+0.000000e+00
    [SLACK COMPONENT CHECK] classified_delta=+6.540829e-05 | objective_slack_delta=+6.540829e-05 | mismatch=-1.421085e-13
    [RECOURSE COMPONENT CHECK] classified_delta=+3.796619e+05 | block_delta=+3.796619e+05 | mismatch=-4.074536e-10
  DSO node=7 year=2025 day=Summer | previous=6.390830e+06 | current=6.713633e+06 | delta=+3.228029e+05 | abs_delta=3.228029e+05
    [RECOURSE COMPONENTS] gen=+0.000000e+00 | flex=+3.228029e+05 | load_curt=+0.000000e+00 | res_curt=+0.000000e+00 | ess_usage=+0.000000e+00 | slacks=+1.272202e-05 | ess_comp=-4.324628e-07
    [SLACK COMPONENTS] voltage=+2.982294e-06 | node_P=+0.000000e+00 | node_Q=+0.000000e+00 | branch_ij=+0.000000e+00 | branch_ji=+0.000000e+00 | flex_P=+9.739730e-06 | flex_Q=+0.000000e+00
    [SLACK COMPONENT CHECK] classified_delta=+1.272202e-05 | objective_slack_delta=+1.272202e-05 | mismatch=-1.598721e-13
    [RECOURSE COMPONENT CHECK] classified_delta=+3.228029e+05 | block_delta=+3.228029e+05 | mismatch=-1.746230e-10
  TSO node=None year=2030 day=Autumn | previous=2.537898e+07 | current=2.506492e+07 | delta=-3.140561e+05 | abs_delta=3.140561e+05
    [RECOURSE JUMP][TSO PROX] year=2030 day=Autumn | V max=0.008009 | PF max=0.007285 | ESS max=0.016815
    [RECOURSE COMPONENTS] gen=-3.140561e+05 | flex=+0.000000e+00 | load_curt=+0.000000e+00 | res_curt=+0.000000e+00 | ess_usage=+0.000000e+00 | slacks=+6.431122e-10 | ess_comp=-4.189936e-05
    [SLACK COMPONENTS] voltage=+6.431122e-10 | node_P=+0.000000e+00 | node_Q=+0.000000e+00 | branch_ij=+0.000000e+00 | branch_ji=+0.000000e+00 | flex_P=+0.000000e+00 | flex_Q=+0.000000e+00
    [SLACK COMPONENT CHECK] classified_delta=+6.431122e-10 | objective_slack_delta=+6.431122e-10 | mismatch=+0.000000e+00
    [RECOURSE COMPONENT CHECK] classified_delta=-3.140561e+05 | block_delta=-3.140561e+05 | mismatch=-4.132744e-09
  DSO node=9 year=2035 day=Spring | previous=1.350128e+07 | current=1.319712e+07 | delta=-3.041604e+05 | abs_delta=3.041604e+05
    [RECOURSE COMPONENTS] gen=+0.000000e+00 | flex=-3.041604e+05 | load_curt=+0.000000e+00 | res_curt=+0.000000e+00 | ess_usage=+0.000000e+00 | slacks=-2.504966e-04 | ess_comp=-1.437336e-07
    [SLACK COMPONENTS] voltage=-1.295941e-06 | node_P=+0.000000e+00 | node_Q=+0.000000e+00 | branch_ij=+0.000000e+00 | branch_ji=+0.000000e+00 | flex_P=-2.492007e-04 | flex_Q=+0.000000e+00
    [SLACK COMPONENT CHECK] classified_delta=-2.504966e-04 | objective_slack_delta=-2.504966e-04 | mismatch=-7.105427e-15
    [RECOURSE COMPONENT CHECK] classified_delta=-3.041604e+05 | block_delta=-3.041604e+05 | mismatch=+2.793968e-09
[INFO]		 - Recourse stationarity failed. 4998338.327625 > 68473.948563
[ADMM RHO] V | primal max ratio=1.089 | primal mean ratio=0.240 | primal selected=1.089 | dual mean ratio=0.006 | increase threshold=5.0 | decrease threshold=5.0 | action=held
[ADMM RHO BOYD] V | r=2.467406e-02 | s=2.065858e-03 | eps_pri=3.379952e-03 | eps_dual=2.941516e-04 | primal_ratio=7.300121e+00 | dual_ratio=7.023107e+00 | dual_ratio_balance=7.023107e+00 | rho_before=1.732500e-02 | rho_after=1.732500e-02 | gamma_before=0.000000e+00 | gamma_after=0.000000e+00 | action=held
[ADMM RHO] PF | primal max ratio=8.089 | primal mean ratio=2.069 | primal selected=8.089 | dual mean ratio=0.031 | increase threshold=5.0 | decrease threshold=3.0 | action=held
[ADMM RHO BOYD] PF | r=3.398654e-01 | s=3.994486e-02 | eps_pri=1.360822e-03 | eps_dual=4.471413e-04 | primal_ratio=2.497501e+02 | dual_ratio=8.933386e+01 | dual_ratio_balance=8.933386e+01 | rho_before=1.320000e-01 | rho_after=1.320000e-01 | gamma_before=0.000000e+00 | gamma_after=0.000000e+00 | action=held
[ADMM RHO] ESS | primal max ratio=0.119 | primal mean ratio=0.068 | primal selected=0.119 | dual mean ratio=0.002 | increase threshold=5.0 | decrease threshold=5.0 | action=exempt (fixed)
[ADMM RHO BOYD] ESS | r=1.006921e-01 | s=3.035813e-03 | eps_pri=1.025389e-03 | eps_dual=7.212836e-04 | primal_ratio=9.819890e+01 | dual_ratio=4.208904e+00 | dual_ratio_balance=4.208904e+00 | rho_before=1.000000e-02 | rho_after=1.000000e-02 | gamma_before=0.000000e+00 | gamma_after=0.000000e+00 | action=exempt (fixed)
[INFO]		 - ADMM cycle 7 | Primal (V max/mean | PF max/mean | ESS max/mean) = 0.010886/0.000240 | 0.080892/0.002069 | 0.011899/0.000678 | Dual (V max/mean | PF max/mean | ESS max/mean) = 0.000229/0.000058 | 0.015485/0.000307 | 0.000197/0.000023 | Recourse change = 4998338.327625 (tol. 68473.948563) | Stable cycles = 0/10 | Penalty actions (V/PF/ESS) = held/held/exempt (fixed)
[INFO] 	 - Iteration 7: 44.81 s
[INFO] 	 - ADMM Iteration 8
[INFO] 		 - Updating distribution networks:
[INFO] 			 - Running SMOPF, Network case33_1, 2025, Spring...
[INFO] 			 - Running SMOPF, Network case33_1, 2025, Summer...
[INFO] 			 - Running SMOPF, Network case33_1, 2025, Autumn...
[INFO] 			 - Running SMOPF, Network case33_1, 2025, Winter...
[INFO] 			 - Running SMOPF, Network case33_1, 2030, Spring...
[INFO] 			 - Running SMOPF, Network case33_1, 2030, Summer...
[INFO] 			 - Running SMOPF, Network case33_1, 2030, Autumn...
[INFO] 			 - Running SMOPF, Network case33_1, 2030, Winter...
[INFO] 			 - Running SMOPF, Network case33_1, 2035, Spring...
[INFO] 			 - Running SMOPF, Network case33_1, 2035, Summer...
[INFO] 			 - Running SMOPF, Network case33_1, 2035, Autumn...
[INFO] 			 - Running SMOPF, Network case33_1, 2035, Winter...
[INFO] 			 - Running SMOPF, Network case33_2, 2025, Spring...
[INFO] 			 - Running SMOPF, Network case33_2, 2025, Summer...
[INFO] 			 - Running SMOPF, Network case33_2, 2025, Autumn...
[INFO] 			 - Running SMOPF, Network case33_2, 2025, Winter...
[INFO] 			 - Running SMOPF, Network case33_2, 2030, Spring...
[INFO] 			 - Running SMOPF, Network case33_2, 2030, Summer...
[INFO] 			 - Running SMOPF, Network case33_2, 2030, Autumn...
[INFO] 			 - Running SMOPF, Network case33_2, 2030, Winter...
[INFO] 			 - Running SMOPF, Network case33_2, 2035, Spring...
[INFO] 			 - Running SMOPF, Network case33_2, 2035, Summer...
[INFO] 			 - Running SMOPF, Network case33_2, 2035, Autumn...
[INFO] 			 - Running SMOPF, Network case33_2, 2035, Winter...
[INFO] 			 - Running SMOPF, Network case33_3, 2025, Spring...
[INFO] 			 - Running SMOPF, Network case33_3, 2025, Summer...
[INFO] 			 - Running SMOPF, Network case33_3, 2025, Autumn...
[INFO] 			 - Running SMOPF, Network case33_3, 2025, Winter...
[INFO] 			 - Running SMOPF, Network case33_3, 2030, Spring...
[INFO] 			 - Running SMOPF, Network case33_3, 2030, Summer...
[INFO] 			 - Running SMOPF, Network case33_3, 2030, Autumn...
[INFO] 			 - Running SMOPF, Network case33_3, 2030, Winter...
[INFO] 			 - Running SMOPF, Network case33_3, 2035, Spring...
[INFO] 			 - Running SMOPF, Network case33_3, 2035, Summer...
[INFO] 			 - Running SMOPF, Network case33_3, 2035, Autumn...
[INFO] 			 - Running SMOPF, Network case33_3, 2035, Winter...
[INFO] 		 - Updating transmission network...
[INFO] 			 - Running SMOPF, Network case9, 2025, Spring...
[INFO] 			 - Running SMOPF, Network case9, 2025, Summer...
[INFO] 			 - Running SMOPF, Network case9, 2025, Autumn...
[INFO] 			 - Running SMOPF, Network case9, 2025, Winter...
[INFO] 			 - Running SMOPF, Network case9, 2030, Spring...
[INFO] 			 - Running SMOPF, Network case9, 2030, Summer...
[INFO] 			 - Running SMOPF, Network case9, 2030, Autumn...
[INFO] 			 - Running SMOPF, Network case9, 2030, Winter...
[INFO] 			 - Running SMOPF, Network case9, 2035, Spring...
[INFO] 			 - Running SMOPF, Network case9, 2035, Summer...
[INFO] 			 - Running SMOPF, Network case9, 2035, Autumn...
[INFO] 			 - Running SMOPF, Network case9, 2035, Winter...
[TSO PROX] cycle=8 | updated_blocks=12 | held_failed_blocks=0 | V max=0.011699 | PF max=0.122888 | ESS max=0.021774
[TSO PROX][V MAX] node=5, year=2030, day=Summer, period=11 | dV=4.036131 kV | normalized=0.011699
[TSO PROX][PF MAX] node=9, year=2035, day=Spring, period=9, type=P | delta=18.433134 MW | normalized=0.122888
[TSO PROX][ESS MAX] node=5, year=2025, day=Autumn, period=19, type=P | delta=0.108872 MW | normalized=0.021774
[INFO] 		 - Updating SharedESS...
[INFO] 		 - Running Shared ESS optimization (subproblem)...
[INFO] 			 - Node 5...
[INFO] Shared ESS complementarity diagnostics for ESS node=5: ratio_max=5.052165e-06 n_periods=288 mu_final=9.153412e-12 s_obj=1.000000e-01 eps=1.000000e-05 bound=2.636183e-03 measured=2.618766e-03
[INFO] 			 - Node 7...
[INFO] Shared ESS complementarity diagnostics for ESS node=7: ratio_max=5.062818e-06 n_periods=288 mu_final=9.180907e-12 s_obj=1.000000e-01 eps=1.000000e-05 bound=2.644101e-03 measured=2.617728e-03
[INFO] 			 - Node 9...
[INFO] Shared ESS complementarity diagnostics for ESS node=9: ratio_max=5.308088e-06 n_periods=288 mu_final=9.427402e-12 s_obj=1.000000e-01 eps=1.000000e-05 bound=2.715092e-03 measured=2.619786e-03
[DIAG][PF MAX] node=5, year=2030, day=Spring, period=1, type=P | TSO=20.547113 MW, DSO=9.069623 MW, diff=11.477490 MW, rating=200.000000 MVA, normalized=0.057387, rho(TSO/DSO)=0.132000/0.132000
[INFO]		 - interface PF max primal residual failed. 0.057387 > 0.010000
[INFO]		 - interface PF mean primal residual failed. 0.001583 > 0.001000
[INFO]		 - Dual residuals ok!
[RECOURSE JUMP] cycle=8 | abs_change=7.283465e+06 | tol=6.797411e+04 | signed_change=-7.283465e+06
[RECOURSE JUMP] Reconciliation | previous=6.797411e+08 | current=6.724577e+08 | block_delta=-7.283465e+06 | mismatch=-3.576279e-07
[RECOURSE JUMP] Aggregate signed changes:
  TSO | delta=-7.180821e+06
  DSO node=7 | delta=+9.503204e+05
  DSO node=5 | delta=-7.031652e+05
  DSO node=9 | delta=-3.497984e+05
  SALVAGE | delta=+2.300029e-50
[RECOURSE JUMP] Largest 10 block changes:
  TSO node=None year=2035 day=Spring | previous=2.523602e+07 | current=2.302767e+07 | delta=-2.208347e+06 | abs_delta=2.208347e+06
    [RECOURSE JUMP][TSO PROX] year=2035 day=Spring | V max=0.011203 | PF max=0.122888 | ESS max=0.012428
    [RECOURSE COMPONENTS] gen=-2.208347e+06 | flex=+0.000000e+00 | load_curt=+0.000000e+00 | res_curt=+0.000000e+00 | ess_usage=+0.000000e+00 | slacks=+1.790731e-09 | ess_comp=+1.691894e-04
    [SLACK COMPONENTS] voltage=+1.790731e-09 | node_P=+0.000000e+00 | node_Q=+0.000000e+00 | branch_ij=+0.000000e+00 | branch_ji=+0.000000e+00 | flex_P=+0.000000e+00 | flex_Q=+0.000000e+00
    [SLACK COMPONENT CHECK] classified_delta=+1.790731e-09 | objective_slack_delta=+1.790731e-09 | mismatch=+0.000000e+00
    [RECOURSE COMPONENT CHECK] classified_delta=-2.208347e+06 | block_delta=-2.208347e+06 | mismatch=+6.984919e-09
  TSO node=None year=2030 day=Spring | previous=2.125644e+07 | current=1.983497e+07 | delta=-1.421472e+06 | abs_delta=1.421472e+06
    [RECOURSE JUMP][TSO PROX] year=2030 day=Spring | V max=0.010488 | PF max=0.053921 | ESS max=0.010854
    [RECOURSE COMPONENTS] gen=-1.421472e+06 | flex=+0.000000e+00 | load_curt=+0.000000e+00 | res_curt=+0.000000e+00 | ess_usage=+0.000000e+00 | slacks=+2.673573e-09 | ess_comp=-9.609158e-05
    [SLACK COMPONENTS] voltage=+2.673573e-09 | node_P=+0.000000e+00 | node_Q=+0.000000e+00 | branch_ij=+0.000000e+00 | branch_ji=+0.000000e+00 | flex_P=+0.000000e+00 | flex_Q=+0.000000e+00
    [SLACK COMPONENT CHECK] classified_delta=+2.673573e-09 | objective_slack_delta=+2.673573e-09 | mismatch=+0.000000e+00
    [RECOURSE COMPONENT CHECK] classified_delta=-1.421472e+06 | block_delta=-1.421472e+06 | mismatch=-2.561137e-09
  TSO node=None year=2025 day=Spring | previous=3.424345e+07 | current=3.306012e+07 | delta=-1.183334e+06 | abs_delta=1.183334e+06
    [RECOURSE JUMP][TSO PROX] year=2025 day=Spring | V max=0.010054 | PF max=0.085623 | ESS max=0.017316
    [RECOURSE COMPONENTS] gen=-1.183334e+06 | flex=+0.000000e+00 | load_curt=+0.000000e+00 | res_curt=+0.000000e+00 | ess_usage=+0.000000e+00 | slacks=+2.396625e-09 | ess_comp=-9.089195e-06
    [SLACK COMPONENTS] voltage=+2.396625e-09 | node_P=+0.000000e+00 | node_Q=+0.000000e+00 | branch_ij=+0.000000e+00 | branch_ji=+0.000000e+00 | flex_P=+0.000000e+00 | flex_Q=+0.000000e+00
    [SLACK COMPONENT CHECK] classified_delta=+2.396625e-09 | objective_slack_delta=+2.396625e-09 | mismatch=+0.000000e+00
    [RECOURSE COMPONENT CHECK] classified_delta=-1.183334e+06 | block_delta=-1.183334e+06 | mismatch=+2.793968e-09
  TSO node=None year=2030 day=Summer | previous=3.649938e+07 | current=3.563337e+07 | delta=-8.660050e+05 | abs_delta=8.660050e+05
    [RECOURSE JUMP][TSO PROX] year=2030 day=Summer | V max=0.011699 | PF max=0.035400 | ESS max=0.012746
    [RECOURSE COMPONENTS] gen=-8.660050e+05 | flex=+0.000000e+00 | load_curt=+0.000000e+00 | res_curt=+0.000000e+00 | ess_usage=+0.000000e+00 | slacks=+1.471534e-09 | ess_comp=+8.790501e-06
    [SLACK COMPONENTS] voltage=+1.471534e-09 | node_P=+0.000000e+00 | node_Q=+0.000000e+00 | branch_ij=+0.000000e+00 | branch_ji=+0.000000e+00 | flex_P=+0.000000e+00 | flex_Q=+0.000000e+00
    [SLACK COMPONENT CHECK] classified_delta=+1.471534e-09 | objective_slack_delta=+1.471534e-09 | mismatch=+0.000000e+00
    [RECOURSE COMPONENT CHECK] classified_delta=-8.660050e+05 | block_delta=-8.660050e+05 | mismatch=+1.525041e-08
  TSO node=None year=2035 day=Summer | previous=2.713378e+07 | current=2.626814e+07 | delta=-8.656435e+05 | abs_delta=8.656435e+05
    [RECOURSE JUMP][TSO PROX] year=2035 day=Summer | V max=0.008978 | PF max=0.044760 | ESS max=0.012419
    [RECOURSE COMPONENTS] gen=-8.654782e+05 | flex=+0.000000e+00 | load_curt=+0.000000e+00 | res_curt=-0.000000e+00 | ess_usage=+0.000000e+00 | slacks=-1.611993e+02 | ess_comp=-4.103746e+00
    [SLACK COMPONENTS] voltage=-1.611993e+02 | node_P=+0.000000e+00 | node_Q=+0.000000e+00 | branch_ij=+0.000000e+00 | branch_ji=+0.000000e+00 | flex_P=+0.000000e+00 | flex_Q=+0.000000e+00
    [SLACK COMPONENT CHECK] classified_delta=-1.611993e+02 | objective_slack_delta=-1.611993e+02 | mismatch=+0.000000e+00
    [RECOURSE COMPONENT CHECK] classified_delta=-8.656435e+05 | block_delta=-8.656435e+05 | mismatch=-8.149073e-10
  DSO node=5 year=2035 day=Spring | previous=1.125372e+07 | current=1.077513e+07 | delta=-4.785873e+05 | abs_delta=4.785873e+05
    [RECOURSE COMPONENTS] gen=+0.000000e+00 | flex=-4.785873e+05 | load_curt=+0.000000e+00 | res_curt=+0.000000e+00 | ess_usage=+0.000000e+00 | slacks=-2.243373e-04 | ess_comp=+2.128115e-06
    [SLACK COMPONENTS] voltage=-1.506756e-06 | node_P=+0.000000e+00 | node_Q=+0.000000e+00 | branch_ij=+0.000000e+00 | branch_ji=+0.000000e+00 | flex_P=-2.228305e-04 | flex_Q=+0.000000e+00
    [SLACK COMPONENT CHECK] classified_delta=-2.243373e-04 | objective_slack_delta=-2.243373e-04 | mismatch=+1.598721e-13
    [RECOURSE COMPONENT CHECK] classified_delta=-4.785873e+05 | block_delta=-4.785873e+05 | mismatch=-1.164153e-09
  DSO node=9 year=2035 day=Spring | previous=1.319712e+07 | current=1.273789e+07 | delta=-4.592334e+05 | abs_delta=4.592334e+05
    [RECOURSE COMPONENTS] gen=+0.000000e+00 | flex=-4.592334e+05 | load_curt=+0.000000e+00 | res_curt=+0.000000e+00 | ess_usage=+0.000000e+00 | slacks=-1.799292e-04 | ess_comp=+2.166289e-06
    [SLACK COMPONENTS] voltage=-9.935409e-07 | node_P=+0.000000e+00 | node_Q=+0.000000e+00 | branch_ij=+0.000000e+00 | branch_ji=+0.000000e+00 | flex_P=-1.789357e-04 | flex_Q=+0.000000e+00
    [SLACK COMPONENT CHECK] classified_delta=-1.799292e-04 | objective_slack_delta=-1.799292e-04 | mismatch=+2.131628e-14
    [RECOURSE COMPONENT CHECK] classified_delta=-4.592334e+05 | block_delta=-4.592334e+05 | mismatch=+5.238689e-10
  TSO node=None year=2025 day=Summer | previous=5.875509e+07 | current=5.844709e+07 | delta=-3.079920e+05 | abs_delta=3.079920e+05
    [RECOURSE JUMP][TSO PROX] year=2025 day=Summer | V max=0.010096 | PF max=0.050808 | ESS max=0.012818
    [RECOURSE COMPONENTS] gen=-3.079920e+05 | flex=+0.000000e+00 | load_curt=+0.000000e+00 | res_curt=+0.000000e+00 | ess_usage=+0.000000e+00 | slacks=+2.304397e-09 | ess_comp=-1.222546e-05
    [SLACK COMPONENTS] voltage=+2.304397e-09 | node_P=+0.000000e+00 | node_Q=+0.000000e+00 | branch_ij=+0.000000e+00 | branch_ji=+0.000000e+00 | flex_P=+0.000000e+00 | flex_Q=+0.000000e+00
    [SLACK COMPONENT CHECK] classified_delta=+2.304397e-09 | objective_slack_delta=+2.304397e-09 | mismatch=+0.000000e+00
    [RECOURSE COMPONENT CHECK] classified_delta=-3.079920e+05 | block_delta=-3.079920e+05 | mismatch=+1.071021e-08
  DSO node=5 year=2030 day=Spring | previous=1.091012e+07 | current=1.062924e+07 | delta=-2.808804e+05 | abs_delta=2.808804e+05
    [RECOURSE COMPONENTS] gen=+0.000000e+00 | flex=-2.808804e+05 | load_curt=+0.000000e+00 | res_curt=+0.000000e+00 | ess_usage=+0.000000e+00 | slacks=-1.498784e-04 | ess_comp=+1.926412e-07
    [SLACK COMPONENTS] voltage=-6.218125e-06 | node_P=+0.000000e+00 | node_Q=+0.000000e+00 | branch_ij=+0.000000e+00 | branch_ji=+0.000000e+00 | flex_P=-1.436602e-04 | flex_Q=+0.000000e+00
    [SLACK COMPONENT CHECK] classified_delta=-1.498784e-04 | objective_slack_delta=-1.498784e-04 | mismatch=+1.243450e-13
    [RECOURSE COMPONENT CHECK] classified_delta=-2.808804e+05 | block_delta=-2.808804e+05 | mismatch=+2.037268e-09
  DSO node=7 year=2025 day=Summer | previous=6.713633e+06 | current=6.952265e+06 | delta=+2.386328e+05 | abs_delta=2.386328e+05
    [RECOURSE COMPONENTS] gen=+0.000000e+00 | flex=+2.386328e+05 | load_curt=+0.000000e+00 | res_curt=+0.000000e+00 | ess_usage=+0.000000e+00 | slacks=+4.105056e-05 | ess_comp=-4.097212e-08
    [SLACK COMPONENTS] voltage=+2.414769e-06 | node_P=+0.000000e+00 | node_Q=+0.000000e+00 | branch_ij=+0.000000e+00 | branch_ji=+0.000000e+00 | flex_P=+3.863580e-05 | flex_Q=+0.000000e+00
    [SLACK COMPONENT CHECK] classified_delta=+4.105056e-05 | objective_slack_delta=+4.105056e-05 | mismatch=+4.618528e-14
    [RECOURSE COMPONENT CHECK] classified_delta=+2.386328e+05 | block_delta=+2.386328e+05 | mismatch=-2.619345e-10
[INFO]		 - Recourse stationarity failed. 7283464.700052 > 67974.114730
[ADMM RHO] V | primal max ratio=0.730 | primal mean ratio=0.221 | primal selected=0.730 | dual mean ratio=0.006 | increase threshold=5.0 | decrease threshold=5.0 | action=held
[ADMM RHO BOYD] V | r=2.056958e-02 | s=1.933576e-03 | eps_pri=3.388946e-03 | eps_dual=2.941409e-04 | primal_ratio=6.069611e+00 | dual_ratio=6.573638e+00 | dual_ratio_balance=6.573638e+00 | rho_before=1.732500e-02 | rho_after=1.732500e-02 | gamma_before=0.000000e+00 | gamma_after=0.000000e+00 | action=held
[ADMM RHO] PF | primal max ratio=5.739 | primal mean ratio=1.583 | primal selected=5.739 | dual mean ratio=0.027 | increase threshold=5.0 | decrease threshold=3.0 | action=held
[ADMM RHO BOYD] PF | r=2.591598e-01 | s=3.117517e-02 | eps_pri=1.362315e-03 | eps_dual=4.504928e-04 | primal_ratio=1.902348e+02 | dual_ratio=6.920236e+01 | dual_ratio_balance=6.920236e+01 | rho_before=1.320000e-01 | rho_after=1.320000e-01 | gamma_before=0.000000e+00 | gamma_after=0.000000e+00 | action=held
[ADMM RHO] ESS | primal max ratio=0.099 | primal mean ratio=0.059 | primal selected=0.099 | dual mean ratio=0.002 | increase threshold=5.0 | decrease threshold=5.0 | action=exempt (fixed)
[ADMM RHO BOYD] ESS | r=9.017580e-02 | s=2.721432e-03 | eps_pri=1.047027e-03 | eps_dual=7.212767e-04 | primal_ratio=8.612558e+01 | dual_ratio=3.773076e+00 | dual_ratio_balance=3.773076e+00 | rho_before=1.000000e-02 | rho_after=1.000000e-02 | gamma_before=0.000000e+00 | gamma_after=0.000000e+00 | action=exempt (fixed)
[INFO]		 - ADMM cycle 8 | Primal (V max/mean | PF max/mean | ESS max/mean) = 0.007300/0.000221 | 0.057387/0.001583 | 0.009944/0.000586 | Dual (V max/mean | PF max/mean | ESS max/mean) = 0.000219/0.000060 | 0.016240/0.000266 | 0.000196/0.000021 | Recourse change = 7283464.700052 (tol. 67974.114730) | Stable cycles = 0/10 | Penalty actions (V/PF/ESS) = held/held/exempt (fixed)
[INFO] 	 - Iteration 8: 32.76 s
[WARNING] 	 - ADMM did NOT converge in 8 iterations!
[INFO] 	 - Execution time: 295.24 s
[S31 Part 3] component_levels_terminal.json written: /Users/micaelsimoes/Projects/share-resource-planning-no_esso-degradation/data/SRP1/Results/P515S45/snapshot_off_failure_gate/off/component_levels_terminal.json
[S31C Part 3] interface_settlement_detail_s31c.json written: /Users/micaelsimoes/Projects/share-resource-planning-no_esso-degradation/data/SRP1/Results/P515S45/snapshot_off_failure_gate/off/interface_settlement_detail_s31c.json
[S33E2] interface_voltage_terminal.json written: /Users/micaelsimoes/Projects/share-resource-planning-no_esso-degradation/data/SRP1/Results/P515S45/snapshot_off_failure_gate/off/interface_voltage_terminal.json
[S35REF] boyd_terminal.json written: /Users/micaelsimoes/Projects/share-resource-planning-no_esso-degradation/data/SRP1/Results/P515S45/snapshot_off_failure_gate/off/boyd_terminal.json
[P5.15-G s39_D] recourse=672457682.6010332 cycles=8 solves=467 local_failures=0 wall=295s
   EFC/day max across nodes: 0.8050845932609342 (threshold 1.4612)
   detector grouping clean: True (observed 27 / expected 27)
   network failures: {'n_blocks': 8, 'classes': {'recovered_tier1': 8, 'recovered_tier2': 0, 'unrecovered': 0, 'not_attempted': 0, 'indeterminate': 0, 'recovered': 8}, 'n_frozen_snapshots': 0, 'n_esso_recovery_events': 0, 'path': 'data/SRP1/Results/P515S45/snapshot_off_failure_gate/off/network_failures_s39_D.jsonl'}
22:34:45 [W11] arm off: cycles=8 recourse=672457682.6010332 gross=672457682.6010332 clones=0 captures=0 solves=467 failures={'n_blocks': 8, 'classes': {'recovered_tier1': 8, 'recovered_tier2': 0, 'unrecovered': 0, 'not_attempted': 0, 'indeterminate': 0, 'recovered': 8}, 'n_frozen_snapshots': 0, 'n_esso_recovery_events': 0, 'path': 'data/SRP1/Results/P515S45/snapshot_off_failure_gate/off/network_failures_s39_D.jsonl'} snapshots_dir=[] wall=296.0s
22:34:45 [W11] comparing the two arms bitwise ...
22:34:45 [W11]   g_s39_D.json: {'provenance': 7, 'tie_order': 0, 'genuine': 0}
22:34:45 [W11]   boyd_terminal.json: {'provenance': 1, 'tie_order': 0, 'genuine': 0}
22:34:45 [W11]   component_levels_terminal.json: {'provenance': 0, 'tie_order': 0, 'genuine': 0}
22:34:45 [W11]   interface_settlement_detail_s31c.json: {'provenance': 0, 'tie_order': 0, 'genuine': 0}
22:34:45 [W11]   interface_voltage_terminal.json: {'provenance': 0, 'tie_order': 0, 'genuine': 0}
22:34:45 [W11]   recourse_jump_sidecar_baseline.jsonl: rows={'on': 8, 'off': 8} {'provenance': 0, 'tie_order': 0, 'genuine': 0}
22:34:45 [W11]   ess_entry_stride_baseline.jsonl: rows={'on': 8, 'off': 8} {'provenance': 0, 'tie_order': 0, 'genuine': 0}
22:34:45 [W11]   soh_floor_sidecar_baseline.jsonl: rows={'on': 8, 'off': 8} {'provenance': 0, 'tie_order': 0, 'genuine': 0}
22:34:46 [W11]   pf_entry_stride_s39_D.jsonl: rows={'on': 8, 'off': 8} {'provenance': 0, 'tie_order': 0, 'genuine': 0}
22:34:46 [W11]   ess_exempt_until_state_s39_D.jsonl: rows={'on': 8, 'off': 8} {'provenance': 0, 'tie_order': 0, 'genuine': 0}
22:34:46 [W11]   aa_per_cycle.jsonl: rows={'on': 8, 'off': 8} {'provenance': 0, 'tie_order': 0, 'genuine': 0}
22:34:46 [W11]   per_cycle_record.jsonl: rows={'on': 8, 'off': 8} {'provenance': 0, 'tie_order': 0, 'genuine': 0}
22:34:46 [W11] wrote data/SRP1/Results/P515S45/snapshot_off_failure_gate/gate.json
22:34:46 [W11] wrote data/SRP1/Results/P515S45/snapshot_off_failure_gate/manifest_sha256.json (95 files)
22:34:46 [W11] GATE_PASS=True
22:34:46 [W11]   OK  both_arms_ran_the_full_cap
22:34:46 [W11]   OK  snapshot_setting_verified_both_arms
22:34:46 [W11]   OK  all_compared_files_present
22:34:46 [W11]   OK  zero_genuine_diffs
22:34:46 [W11]   OK  trajectory_fields_identical
22:34:46 [W11]   OK  arm_on_wrote_at_least_one_pkl
22:34:46 [W11]   OK  arm_on_n_frozen_snapshots_positive
22:34:46 [W11]   OK  arm_on_snapshot_capture_paths_agree
22:34:46 [W11]   OK  arm_on_clones_and_captures_positive
22:34:46 [W11]   OK  arm_on_clone_identity_holds
22:34:46 [W11]   OK  arm_on_capture_identity_holds
22:34:46 [W11]   OK  arm_off_clones_and_captures_exactly_zero
22:34:46 [W11]   OK  arm_off_wrote_no_pkl_snapshot
22:34:46 [W11]   OK  arm_off_n_frozen_snapshots_zero
22:34:46 [W11]   OK  arm_off_marker_identity_holds
22:34:46 [W11]   OK  arm_off_warning_lines_match_markers
22:34:46 [W11]   OK  arm_off_printed_both_cycle7_skips
22:34:46 [W11]   OK  arm_on_printed_no_cycle7_skips
22:34:46 [W11]   OK  no_snapshot_writer_failure_lines
22:34:46 [W11]   OK  at_least_one_real_failure_in_each_arm
22:34:46 [W11]   OK  failure_accounting_identical
22:34:46 [W11]   OK  no_indeterminate_failure_classes
22:34:46 [W11]   OK  solve_reconciliation_identity_holds
22:34:46 [W11]   OK  process_guard_verified_exactly
22:34:46 [W11]   OK  no_solves_outside_the_arms
22:34:46 [W11]   OK  no_blocked_solver_calls
22:34:46 [W11]   OK  shared_frozen_smopf_untouched
22:34:46 [W11] diff classification totals: {'provenance': 8, 'tie_order': 0, 'genuine': 0}; trajectory mismatches: 0
22:34:46 [W11] clone/capture: on={'clone': 26, 'capture': 192} off={'clone': 0, 'capture': 0}
22:34:46 [W11] arm ON snapshots: 2 pkl ['matched_success_DSO_node7_case33_2_2025_Autumn_cycle7.pkl', 'matched_success_TSO_case9_2025_Summer_cycle7.pkl']
22:34:46 [W11] arm OFF: markers=0 expected=0 vacuous=True cycle7_skips={'tso': 1, 'dso_node7': 1}
22:34:46 [W11] failure accounting on={'recovered_tier1': 8, 'recovered_tier2': 0, 'unrecovered': 0, 'not_attempted': 0, 'indeterminate': 0, 'recovered': 8}
22:34:46 [W11] failure accounting off={'recovered_tier1': 8, 'recovered_tier2': 0, 'unrecovered': 0, 'not_attempted': 0, 'indeterminate': 0, 'recovered': 8}
22:34:46 [W11] solves: {'on': {'base_declared': 459, 'recovered_tier1': 8, 'recovered_tier2': 0, 'expected_after_reconciliation': 467, 'observed': 467, 'identity_holds': True, 'expected_block_counts_from_planning': {'tso_blocks': 12, 'dso_blocks': 36, 'network_blocks': 48, 'esso_models': 3, 'solves_per_cycle': 51}, 'planning_derivation_agrees_with_case_file': True, 'arm_inner_guard_counts': {'permitted_solve': 467, 'permitted_exec': 467, 'blocked_solve': 0, 'blocked_exec': 0}}, 'off': {'base_declared': 459, 'recovered_tier1': 8, 'recovered_tier2': 0, 'expected_after_reconciliation': 467, 'observed': 467, 'identity_holds': True, 'expected_block_counts_from_planning': {'tso_blocks': 12, 'dso_blocks': 36, 'network_blocks': 48, 'esso_models': 3, 'solves_per_cycle': 51}, 'planning_derivation_agrees_with_case_file': True, 'arm_inner_guard_counts': {'permitted_solve': 467, 'permitted_exec': 467, 'blocked_solve': 0, 'blocked_exec': 0}}}
22:34:46 [W11] NON-GATING vs the committed AA-on reference: reproduces=True n_diffs=0 first=None
22:34:46 [W11] NOTE: the marker/warning branch was NOT exercised -- every failure recovered, so no block reached it. The marker identity above holds at 0 == 0 and is NOT evidence that the marker writer works.
