=== D-POLICY OPEN-LOOP REPLAY on data/SRP1/Results/P515S38_A_TAU0_run/g_s38_A_tau0.json ===
[ADMM RHO] V | primal max ratio=8.801 | primal mean ratio=32.598 | primal selected=32.598 | dual mean ratio=0.014 | increase threshold=5.0 | decrease threshold=5.0 | action=increased
[ADMM RHO BOYD] V | r=1.085291e+00 | s=7.981864e-03 | eps_pri=3.319081e-03 | eps_dual=2.947370e-04 | primal_ratio=3.269855e+02 | dual_ratio=2.708131e+01 | dual_ratio_balance=2.708131e+01 | rho_before=7.700000e-03 | rho_after=1.155000e-02 | gamma_before=0.000000e+00 | gamma_after=0.000000e+00 | action=increased
[ADMM RHO] PF | primal max ratio=35.260 | primal mean ratio=143.476 | primal selected=143.476 | dual mean ratio=3.463 | increase threshold=5.0 | decrease threshold=3.0 | action=held
[ADMM RHO BOYD] PF | r=6.648838e+00 | s=2.030228e+00 | eps_pri=1.619218e-03 | eps_dual=4.208293e-04 | primal_ratio=4.106203e+03 | dual_ratio=4.824351e+03 | dual_ratio_balance=4.824351e+03 | rho_before=1.980000e-01 | rho_after=1.980000e-01 | gamma_before=0.000000e+00 | gamma_after=0.000000e+00 | action=held
[ADMM RHO] ESS | primal max ratio=0.849 | primal mean ratio=0.908 | primal selected=0.908 | dual mean ratio=0.007 | increase threshold=5.0 | decrease threshold=5.0 | action=exempt (fixed)
[ADMM RHO BOYD] ESS | r=1.225113e+00 | s=8.663498e-03 | eps_pri=8.700639e-04 | eps_dual=7.212251e-04 | primal_ratio=1.408072e+03 | dual_ratio=1.201220e+01 | dual_ratio_balance=1.201220e+01 | rho_before=1.000000e-02 | rho_after=1.000000e-02 | gamma_before=0.000000e+00 | gamma_after=0.000000e+00 | action=exempt (fixed)
[ADMM RHO] V | primal max ratio=4.991 | primal mean ratio=15.795 | primal selected=15.795 | dual mean ratio=0.034 | increase threshold=5.0 | decrease threshold=5.0 | action=increased
[ADMM RHO BOYD] V | r=5.920546e-01 | s=2.492141e-03 | eps_pri=3.378624e-03 | eps_dual=2.941897e-04 | primal_ratio=1.752354e+02 | dual_ratio=8.471204e+00 | dual_ratio_balance=8.471204e+00 | rho_before=1.155000e-02 | rho_after=1.732500e-02 | gamma_before=0.000000e+00 | gamma_after=0.000000e+00 | action=increased
[ADMM RHO] PF | primal max ratio=19.410 | primal mean ratio=3.159 | primal selected=19.410 | dual mean ratio=1.644 | increase threshold=5.0 | decrease threshold=3.0 | action=decreased
[ADMM RHO BOYD] PF | r=4.661932e-01 | s=8.814951e-01 | eps_pri=1.291221e-03 | eps_dual=4.246863e-04 | primal_ratio=3.610483e+02 | dual_ratio=2.075638e+03 | dual_ratio_balance=2.075638e+03 | rho_before=1.980000e-01 | rho_after=1.320000e-01 | gamma_before=0.000000e+00 | gamma_after=0.000000e+00 | action=decreased
[ADMM RHO] ESS | primal max ratio=0.442 | primal mean ratio=0.251 | primal selected=0.442 | dual mean ratio=0.008 | increase threshold=5.0 | decrease threshold=5.0 | action=exempt (fixed)
[ADMM RHO BOYD] ESS | r=3.598359e-01 | s=1.042867e-02 | eps_pri=9.134365e-04 | eps_dual=7.214748e-04 | primal_ratio=3.939364e+02 | dual_ratio=1.445466e+01 | dual_ratio_balance=1.445466e+01 | rho_before=1.000000e-02 | rho_after=1.000000e-02 | gamma_before=0.000000e+00 | gamma_after=0.000000e+00 | action=exempt (fixed)
[ADMM RHO] V | primal max ratio=1.417 | primal mean ratio=1.475 | primal selected=1.475 | dual mean ratio=0.016 | increase threshold=5.0 | decrease threshold=5.0 | action=held
[ADMM RHO BOYD] V | r=5.982422e-02 | s=2.264699e-03 | eps_pri=3.344190e-03 | eps_dual=2.941652e-04 | primal_ratio=1.788900e+01 | dual_ratio=7.698731e+00 | dual_ratio_balance=7.698731e+00 | rho_before=1.732500e-02 | rho_after=1.732500e-02 | gamma_before=0.000000e+00 | gamma_after=0.000000e+00 | action=held
[ADMM RHO] PF | primal max ratio=11.242 | primal mean ratio=2.838 | primal selected=11.242 | dual mean ratio=0.365 | increase threshold=5.0 | decrease threshold=3.0 | action=held
[ADMM RHO BOYD] PF | r=4.756458e-01 | s=2.207031e-01 | eps_pri=1.298705e-03 | eps_dual=4.305945e-04 | primal_ratio=3.662462e+02 | dual_ratio=5.125543e+02 | dual_ratio_balance=5.125543e+02 | rho_before=1.320000e-01 | rho_after=1.320000e-01 | gamma_before=0.000000e+00 | gamma_after=0.000000e+00 | action=held
[ADMM RHO] ESS | primal max ratio=0.357 | primal mean ratio=0.255 | primal selected=0.357 | dual mean ratio=0.005 | increase threshold=5.0 | decrease threshold=5.0 | action=exempt (fixed)
[ADMM RHO BOYD] ESS | r=3.710543e-01 | s=6.486175e-03 | eps_pri=9.751955e-04 | eps_dual=7.213506e-04 | primal_ratio=3.804922e+02 | dual_ratio=8.991710e+00 | dual_ratio_balance=8.991710e+00 | rho_before=1.000000e-02 | rho_after=1.000000e-02 | gamma_before=0.000000e+00 | gamma_after=0.000000e+00 | action=exempt (fixed)
[ADMM RHO] V | primal max ratio=0.285 | primal mean ratio=0.618 | primal selected=0.618 | dual mean ratio=0.007 | increase threshold=5.0 | decrease threshold=5.0 | action=held
[ADMM RHO BOYD] V | r=2.328155e-02 | s=2.230230e-03 | eps_pri=3.352198e-03 | eps_dual=2.941618e-04 | primal_ratio=6.945162e+00 | dual_ratio=7.581643e+00 | dual_ratio_balance=7.581643e+00 | rho_before=1.732500e-02 | rho_after=1.732500e-02 | gamma_before=0.000000e+00 | gamma_after=0.000000e+00 | action=held
[ADMM RHO] PF | primal max ratio=8.462 | primal mean ratio=2.171 | primal selected=8.462 | dual mean ratio=0.168 | increase threshold=5.0 | decrease threshold=3.0 | action=held
[ADMM RHO BOYD] PF | r=3.722003e-01 | s=1.352787e-01 | eps_pri=1.315512e-03 | eps_dual=4.366630e-04 | primal_ratio=2.829319e+02 | dual_ratio=3.098010e+02 | dual_ratio_balance=3.098010e+02 | rho_before=1.320000e-01 | rho_after=1.320000e-01 | gamma_before=0.000000e+00 | gamma_after=0.000000e+00 | action=held
[ADMM RHO] ESS | primal max ratio=0.235 | primal mean ratio=0.325 | primal selected=0.325 | dual mean ratio=0.003 | increase threshold=5.0 | decrease threshold=5.0 | action=exempt (fixed)
[ADMM RHO BOYD] ESS | r=4.365571e-01 | s=4.110334e-03 | eps_pri=9.884854e-04 | eps_dual=7.212977e-04 | primal_ratio=4.416424e+02 | dual_ratio=5.698526e+00 | dual_ratio_balance=5.698526e+00 | rho_before=1.000000e-02 | rho_after=1.000000e-02 | gamma_before=0.000000e+00 | gamma_after=0.000000e+00 | action=exempt (fixed)
[ADMM RHO] V | primal max ratio=0.445 | primal mean ratio=0.311 | primal selected=0.445 | dual mean ratio=0.006 | increase threshold=5.0 | decrease threshold=5.0 | action=held
[ADMM RHO BOYD] V | r=1.447785e-02 | s=2.197930e-03 | eps_pri=3.361091e-03 | eps_dual=2.941589e-04 | primal_ratio=4.307485e+00 | dual_ratio=7.471914e+00 | dual_ratio_balance=7.471914e+00 | rho_before=1.732500e-02 | rho_after=1.732500e-02 | gamma_before=0.000000e+00 | gamma_after=0.000000e+00 | action=held
[ADMM RHO] PF | primal max ratio=7.577 | primal mean ratio=1.848 | primal selected=7.577 | dual mean ratio=0.105 | increase threshold=5.0 | decrease threshold=3.0 | action=held
[ADMM RHO BOYD] PF | r=3.316717e-01 | s=9.798018e-02 | eps_pri=1.327433e-03 | eps_dual=4.418749e-04 | primal_ratio=2.498595e+02 | dual_ratio=2.217374e+02 | dual_ratio_balance=2.217374e+02 | rho_before=1.320000e-01 | rho_after=1.320000e-01 | gamma_before=0.000000e+00 | gamma_after=0.000000e+00 | action=held
[ADMM RHO] ESS | primal max ratio=0.251 | primal mean ratio=0.131 | primal selected=0.251 | dual mean ratio=0.003 | increase threshold=5.0 | decrease threshold=5.0 | action=exempt (fixed)
[ADMM RHO BOYD] ESS | r=1.721699e-01 | s=4.393116e-03 | eps_pri=9.880978e-04 | eps_dual=7.213020e-04 | primal_ratio=1.742438e+02 | dual_ratio=6.090536e+00 | dual_ratio_balance=6.090536e+00 | rho_before=1.000000e-02 | rho_after=1.000000e-02 | gamma_before=0.000000e+00 | gamma_after=0.000000e+00 | action=exempt (fixed)
[ADMM RHO] V | primal max ratio=0.628 | primal mean ratio=0.217 | primal selected=0.628 | dual mean ratio=0.006 | increase threshold=5.0 | decrease threshold=5.0 | action=held
[ADMM RHO BOYD] V | r=1.390385e-02 | s=2.153213e-03 | eps_pri=3.369821e-03 | eps_dual=2.941554e-04 | primal_ratio=4.125990e+00 | dual_ratio=7.319984e+00 | dual_ratio_balance=7.319984e+00 | rho_before=1.732500e-02 | rho_after=1.732500e-02 | gamma_before=0.000000e+00 | gamma_after=0.000000e+00 | action=held
[ADMM RHO] PF | primal max ratio=6.420 | primal mean ratio=1.673 | primal selected=6.420 | dual mean ratio=0.071 | increase threshold=5.0 | decrease threshold=3.0 | action=held
[ADMM RHO BOYD] PF | r=2.854513e-01 | s=7.196826e-02 | eps_pri=1.335221e-03 | eps_dual=4.462600e-04 | primal_ratio=2.137857e+02 | dual_ratio=1.612698e+02 | dual_ratio_balance=1.612698e+02 | rho_before=1.320000e-01 | rho_after=1.320000e-01 | gamma_before=0.000000e+00 | gamma_after=0.000000e+00 | action=held
[ADMM RHO] ESS | primal max ratio=0.167 | primal mean ratio=0.095 | primal selected=0.167 | dual mean ratio=0.003 | increase threshold=5.0 | decrease threshold=5.0 | action=exempt (fixed)
[ADMM RHO BOYD] ESS | r=1.464095e-01 | s=3.574412e-03 | eps_pri=1.002971e-03 | eps_dual=7.212908e-04 | primal_ratio=1.459758e+02 | dual_ratio=4.955577e+00 | dual_ratio_balance=4.955577e+00 | rho_before=1.000000e-02 | rho_after=1.000000e-02 | gamma_before=0.000000e+00 | gamma_after=0.000000e+00 | action=exempt (fixed)
[ADMM RHO] V | primal max ratio=0.694 | primal mean ratio=0.196 | primal selected=0.694 | dual mean ratio=0.006 | increase threshold=5.0 | decrease threshold=5.0 | action=held
[ADMM RHO BOYD] V | r=1.601400e-02 | s=2.062079e-03 | eps_pri=3.378257e-03 | eps_dual=2.941483e-04 | primal_ratio=4.740315e+00 | dual_ratio=7.010339e+00 | dual_ratio_balance=7.010339e+00 | rho_before=1.732500e-02 | rho_after=1.732500e-02 | gamma_before=0.000000e+00 | gamma_after=0.000000e+00 | action=held
[ADMM RHO] PF | primal max ratio=6.653 | primal mean ratio=1.423 | primal selected=6.653 | dual mean ratio=0.051 | increase threshold=5.0 | decrease threshold=3.0 | action=held
[ADMM RHO BOYD] PF | r=2.433648e-01 | s=6.002034e-02 | eps_pri=1.340968e-03 | eps_dual=4.499713e-04 | primal_ratio=1.814844e+02 | dual_ratio=1.333871e+02 | dual_ratio_balance=1.333871e+02 | rho_before=1.320000e-01 | rho_after=1.320000e-01 | gamma_before=0.000000e+00 | gamma_after=0.000000e+00 | action=held
[ADMM RHO] ESS | primal max ratio=0.129 | primal mean ratio=0.092 | primal selected=0.129 | dual mean ratio=0.002 | increase threshold=5.0 | decrease threshold=5.0 | action=exempt (fixed)
[ADMM RHO BOYD] ESS | r=1.307223e-01 | s=3.101336e-03 | eps_pri=1.023342e-03 | eps_dual=7.212844e-04 | primal_ratio=1.277405e+02 | dual_ratio=4.299740e+00 | dual_ratio_balance=4.299740e+00 | rho_before=1.000000e-02 | rho_after=1.000000e-02 | gamma_before=0.000000e+00 | gamma_after=0.000000e+00 | action=exempt (fixed)
[ADMM RHO] V | primal max ratio=0.964 | primal mean ratio=0.234 | primal selected=0.964 | dual mean ratio=0.006 | increase threshold=5.0 | decrease threshold=5.0 | action=held
[ADMM RHO BOYD] V | r=2.549391e-02 | s=1.927044e-03 | eps_pri=3.386087e-03 | eps_dual=2.941384e-04 | primal_ratio=7.529019e+00 | dual_ratio=6.551486e+00 | dual_ratio_balance=6.551486e+00 | rho_before=1.732500e-02 | rho_after=1.732500e-02 | gamma_before=0.000000e+00 | gamma_after=0.000000e+00 | action=held
[ADMM RHO] PF | primal max ratio=5.452 | primal mean ratio=1.144 | primal selected=5.452 | dual mean ratio=0.041 | increase threshold=5.0 | decrease threshold=3.0 | action=held
[ADMM RHO BOYD] PF | r=1.890612e-01 | s=5.072841e-02 | eps_pri=1.344845e-03 | eps_dual=4.527267e-04 | primal_ratio=1.405821e+02 | dual_ratio=1.120509e+02 | dual_ratio_balance=1.120509e+02 | rho_before=1.320000e-01 | rho_after=1.320000e-01 | gamma_before=0.000000e+00 | gamma_after=0.000000e+00 | action=held
[ADMM RHO] ESS | primal max ratio=0.104 | primal mean ratio=0.058 | primal selected=0.104 | dual mean ratio=0.002 | increase threshold=5.0 | decrease threshold=5.0 | action=exempt (fixed)
[ADMM RHO BOYD] ESS | r=9.301406e-02 | s=2.787697e-03 | eps_pri=1.041510e-03 | eps_dual=7.212777e-04 | primal_ratio=8.930692e+01 | dual_ratio=3.864943e+00 | dual_ratio_balance=3.864943e+00 | rho_before=1.000000e-02 | rho_after=1.000000e-02 | gamma_before=0.000000e+00 | gamma_after=0.000000e+00 | action=exempt (fixed)
[ADMM RHO] V | primal max ratio=0.633 | primal mean ratio=0.193 | primal selected=0.633 | dual mean ratio=0.005 | increase threshold=5.0 | decrease threshold=5.0 | action=held
[ADMM RHO BOYD] V | r=1.758086e-02 | s=1.834122e-03 | eps_pri=3.393082e-03 | eps_dual=2.941313e-04 | primal_ratio=5.181386e+00 | dual_ratio=6.235725e+00 | dual_ratio_balance=6.235725e+00 | rho_before=1.732500e-02 | rho_after=1.732500e-02 | gamma_before=0.000000e+00 | gamma_after=0.000000e+00 | action=held
[ADMM RHO] PF | primal max ratio=4.305 | primal mean ratio=0.871 | primal selected=4.305 | dual mean ratio=0.032 | increase threshold=5.0 | decrease threshold=3.0 | action=held
[ADMM RHO BOYD] PF | r=1.509854e-01 | s=3.908397e-02 | eps_pri=1.347275e-03 | eps_dual=4.547134e-04 | primal_ratio=1.120672e+02 | dual_ratio=8.595298e+01 | dual_ratio_balance=8.595298e+01 | rho_before=1.320000e-01 | rho_after=1.320000e-01 | gamma_before=0.000000e+00 | gamma_after=0.000000e+00 | action=held
[ADMM RHO] ESS | primal max ratio=0.115 | primal mean ratio=0.050 | primal selected=0.115 | dual mean ratio=0.002 | increase threshold=5.0 | decrease threshold=5.0 | action=exempt (fixed)
[ADMM RHO BOYD] ESS | r=8.454657e-02 | s=2.637193e-03 | eps_pri=1.056396e-03 | eps_dual=7.212733e-04 | primal_ratio=8.003302e+01 | dual_ratio=3.656302e+00 | dual_ratio_balance=3.656302e+00 | rho_before=1.000000e-02 | rho_after=1.000000e-02 | gamma_before=0.000000e+00 | gamma_after=0.000000e+00 | action=exempt (fixed)
[ADMM RHO] V | primal max ratio=0.848 | primal mean ratio=0.240 | primal selected=0.848 | dual mean ratio=0.005 | increase threshold=5.0 | decrease threshold=5.0 | action=held
[ADMM RHO BOYD] V | r=2.551375e-02 | s=1.672253e-03 | eps_pri=3.399538e-03 | eps_dual=2.941202e-04 | primal_ratio=7.505063e+00 | dual_ratio=5.685610e+00 | dual_ratio_balance=5.685610e+00 | rho_before=1.732500e-02 | rho_after=1.732500e-02 | gamma_before=0.000000e+00 | gamma_after=0.000000e+00 | action=held
[ADMM RHO] PF | primal max ratio=4.199 | primal mean ratio=0.587 | primal selected=4.199 | dual mean ratio=0.027 | increase threshold=5.0 | decrease threshold=3.0 | action=held
[ADMM RHO BOYD] PF | r=1.031707e-01 | s=3.270143e-02 | eps_pri=1.348096e-03 | eps_dual=4.559454e-04 | primal_ratio=7.653068e+01 | dual_ratio=7.172225e+01 | dual_ratio_balance=7.172225e+01 | rho_before=1.320000e-01 | rho_after=1.320000e-01 | gamma_before=0.000000e+00 | gamma_after=0.000000e+00 | action=held
[ADMM RHO] ESS | primal max ratio=0.116 | primal mean ratio=0.032 | primal selected=0.116 | dual mean ratio=0.002 | increase threshold=5.0 | decrease threshold=5.0 | action=exempt (fixed)
[ADMM RHO BOYD] ESS | r=5.645967e-02 | s=2.418389e-03 | eps_pri=1.068516e-03 | eps_dual=7.212708e-04 | primal_ratio=5.283934e+01 | dual_ratio=3.352956e+00 | dual_ratio_balance=3.352956e+00 | rho_before=1.000000e-02 | rho_after=1.000000e-02 | gamma_before=0.000000e+00 | gamma_after=0.000000e+00 | action=exempt (fixed)
[ADMM RHO] V | primal max ratio=0.823 | primal mean ratio=0.212 | primal selected=0.823 | dual mean ratio=0.004 | increase threshold=5.0 | decrease threshold=5.0 | action=held
[ADMM RHO BOYD] V | r=2.462888e-02 | s=1.521519e-03 | eps_pri=3.404928e-03 | eps_dual=2.941105e-04 | primal_ratio=7.233304e+00 | dual_ratio=5.173290e+00 | dual_ratio_balance=5.173290e+00 | rho_before=1.732500e-02 | rho_after=1.732500e-02 | gamma_before=0.000000e+00 | gamma_after=0.000000e+00 | action=held
[ADMM RHO] PF | primal max ratio=2.404 | primal mean ratio=0.363 | primal selected=2.404 | dual mean ratio=0.022 | increase threshold=5.0 | decrease threshold=3.0 | action=held
[ADMM RHO BOYD] PF | r=6.683668e-02 | s=2.834056e-02 | eps_pri=1.348200e-03 | eps_dual=4.564924e-04 | primal_ratio=4.957476e+01 | dual_ratio=6.208331e+01 | dual_ratio_balance=6.208331e+01 | rho_before=1.320000e-01 | rho_after=1.320000e-01 | gamma_before=0.000000e+00 | gamma_after=0.000000e+00 | action=held
[ADMM RHO] ESS | primal max ratio=0.051 | primal mean ratio=0.025 | primal selected=0.051 | dual mean ratio=0.002 | increase threshold=5.0 | decrease threshold=5.0 | action=exempt (fixed)
[ADMM RHO BOYD] ESS | r=4.210702e-02 | s=2.300977e-03 | eps_pri=1.081616e-03 | eps_dual=7.212684e-04 | primal_ratio=3.892971e+01 | dual_ratio=3.190181e+00 | dual_ratio_balance=3.190181e+00 | rho_before=1.000000e-02 | rho_after=1.000000e-02 | gamma_before=0.000000e+00 | gamma_after=0.000000e+00 | action=exempt (fixed)
[ADMM RHO] V | primal max ratio=0.420 | primal mean ratio=0.133 | primal selected=0.420 | dual mean ratio=0.004 | increase threshold=5.0 | decrease threshold=5.0 | action=held
[ADMM RHO BOYD] V | r=1.253745e-02 | s=1.424894e-03 | eps_pri=3.409613e-03 | eps_dual=2.941046e-04 | primal_ratio=3.677088e+00 | dual_ratio=4.844854e+00 | dual_ratio_balance=4.844854e+00 | rho_before=1.732500e-02 | rho_after=1.732500e-02 | gamma_before=0.000000e+00 | gamma_after=0.000000e+00 | action=held
[ADMM RHO] PF | primal max ratio=1.953 | primal mean ratio=0.233 | primal selected=1.953 | dual mean ratio=0.018 | increase threshold=5.0 | decrease threshold=3.0 | action=held
[ADMM RHO BOYD] PF | r=4.334480e-02 | s=2.378257e-02 | eps_pri=1.347987e-03 | eps_dual=4.564819e-04 | primal_ratio=3.215522e+01 | dual_ratio=5.209970e+01 | dual_ratio_balance=5.209970e+01 | rho_before=1.320000e-01 | rho_after=1.320000e-01 | gamma_before=0.000000e+00 | gamma_after=0.000000e+00 | action=held
[ADMM RHO] ESS | primal max ratio=0.065 | primal mean ratio=0.021 | primal selected=0.065 | dual mean ratio=0.002 | increase threshold=5.0 | decrease threshold=5.0 | action=exempt (fixed)
[ADMM RHO BOYD] ESS | r=4.309723e-02 | s=2.201553e-03 | eps_pri=1.095271e-03 | eps_dual=7.212667e-04 | primal_ratio=3.934846e+01 | dual_ratio=3.052343e+00 | dual_ratio_balance=3.052343e+00 | rho_before=1.000000e-02 | rho_after=1.000000e-02 | gamma_before=0.000000e+00 | gamma_after=0.000000e+00 | action=exempt (fixed)
[ADMM RHO] V | primal max ratio=0.591 | primal mean ratio=0.170 | primal selected=0.591 | dual mean ratio=0.004 | increase threshold=5.0 | decrease threshold=5.0 | action=held (frozen after 10 unchanged cycles)
[ADMM RHO BOYD] V | r=1.889239e-02 | s=1.306482e-03 | eps_pri=3.413955e-03 | eps_dual=2.940973e-04 | primal_ratio=5.533873e+00 | dual_ratio=4.442346e+00 | dual_ratio_balance=4.442346e+00 | rho_before=1.732500e-02 | rho_after=1.732500e-02 | gamma_before=0.000000e+00 | gamma_after=0.000000e+00 | action=held (frozen after 10 unchanged cycles)
[ADMM RHO] PF | primal max ratio=1.959 | primal mean ratio=0.329 | primal selected=1.959 | dual mean ratio=0.015 | increase threshold=5.0 | decrease threshold=3.0 | action=held (frozen after 10 unchanged cycles)
[ADMM RHO BOYD] PF | r=5.134039e-02 | s=2.073494e-02 | eps_pri=1.348247e-03 | eps_dual=4.560077e-04 | primal_ratio=3.807935e+01 | dual_ratio=4.547058e+01 | dual_ratio_balance=4.547058e+01 | rho_before=1.320000e-01 | rho_after=1.320000e-01 | gamma_before=0.000000e+00 | gamma_after=0.000000e+00 | action=held (frozen after 10 unchanged cycles)
[ADMM RHO] ESS | primal max ratio=0.061 | primal mean ratio=0.019 | primal selected=0.061 | dual mean ratio=0.001 | increase threshold=5.0 | decrease threshold=5.0 | action=exempt (fixed)
[ADMM RHO BOYD] ESS | r=3.763921e-02 | s=2.055354e-03 | eps_pri=1.107881e-03 | eps_dual=7.212655e-04 | primal_ratio=3.397405e+01 | dual_ratio=2.849650e+00 | dual_ratio_balance=2.849650e+00 | rho_before=1.000000e-02 | rho_after=1.000000e-02 | gamma_before=0.000000e+00 | gamma_after=0.000000e+00 | action=exempt (fixed)
[ADMM RHO] V | primal max ratio=0.657 | primal mean ratio=0.134 | primal selected=0.657 | dual mean ratio=0.003 | increase threshold=5.0 | decrease threshold=5.0 | action=held (frozen after 10 unchanged cycles)
[ADMM RHO BOYD] V | r=1.565754e-02 | s=1.218593e-03 | eps_pri=3.417608e-03 | eps_dual=2.940916e-04 | primal_ratio=4.581433e+00 | dual_ratio=4.143583e+00 | dual_ratio_balance=4.143583e+00 | rho_before=1.732500e-02 | rho_after=1.732500e-02 | gamma_before=0.000000e+00 | gamma_after=0.000000e+00 | action=held (frozen after 10 unchanged cycles)
[ADMM RHO] PF | primal max ratio=1.953 | primal mean ratio=0.369 | primal selected=1.953 | dual mean ratio=0.013 | increase threshold=5.0 | decrease threshold=3.0 | action=held (frozen after 10 unchanged cycles)
[ADMM RHO BOYD] PF | r=5.994007e-02 | s=1.808219e-02 | eps_pri=1.349161e-03 | eps_dual=4.552857e-04 | primal_ratio=4.442765e+01 | dual_ratio=3.971614e+01 | dual_ratio_balance=3.971614e+01 | rho_before=1.320000e-01 | rho_after=1.320000e-01 | gamma_before=0.000000e+00 | gamma_after=0.000000e+00 | action=held (frozen after 10 unchanged cycles)
[ADMM RHO] ESS | primal max ratio=0.067 | primal mean ratio=0.018 | primal selected=0.067 | dual mean ratio=0.001 | increase threshold=5.0 | decrease threshold=5.0 | action=exempt (fixed)
[ADMM RHO BOYD] ESS | r=3.625267e-02 | s=1.909461e-03 | eps_pri=1.118732e-03 | eps_dual=7.212647e-04 | primal_ratio=3.240513e+01 | dual_ratio=2.647379e+00 | dual_ratio_balance=2.647379e+00 | rho_before=1.000000e-02 | rho_after=1.000000e-02 | gamma_before=0.000000e+00 | gamma_after=0.000000e+00 | action=exempt (fixed)
[ADMM RHO] V | primal max ratio=0.453 | primal mean ratio=0.110 | primal selected=0.453 | dual mean ratio=0.003 | increase threshold=5.0 | decrease threshold=5.0 | action=held (frozen after 10 unchanged cycles)
[ADMM RHO BOYD] V | r=1.282340e-02 | s=1.152189e-03 | eps_pri=3.420923e-03 | eps_dual=2.940873e-04 | primal_ratio=3.748521e+00 | dual_ratio=3.917847e+00 | dual_ratio_balance=3.917847e+00 | rho_before=1.732500e-02 | rho_after=1.732500e-02 | gamma_before=0.000000e+00 | gamma_after=0.000000e+00 | action=held (frozen after 10 unchanged cycles)
[ADMM RHO] PF | primal max ratio=0.943 | primal mean ratio=0.355 | primal selected=0.943 | dual mean ratio=0.011 | increase threshold=5.0 | decrease threshold=3.0 | action=held (frozen after 10 unchanged cycles)
[ADMM RHO BOYD] PF | r=5.477190e-02 | s=1.631885e-02 | eps_pri=1.350473e-03 | eps_dual=4.545253e-04 | primal_ratio=4.055757e+01 | dual_ratio=3.590306e+01 | dual_ratio_balance=3.590306e+01 | rho_before=1.320000e-01 | rho_after=1.320000e-01 | gamma_before=0.000000e+00 | gamma_after=0.000000e+00 | action=held (frozen after 10 unchanged cycles)
[ADMM RHO] ESS | primal max ratio=0.047 | primal mean ratio=0.018 | primal selected=0.047 | dual mean ratio=0.001 | increase threshold=5.0 | decrease threshold=5.0 | action=exempt (fixed)
[ADMM RHO BOYD] ESS | r=3.456569e-02 | s=1.663097e-03 | eps_pri=1.126985e-03 | eps_dual=7.212637e-04 | primal_ratio=3.067093e+01 | dual_ratio=2.305810e+00 | dual_ratio_balance=2.305810e+00 | rho_before=1.000000e-02 | rho_after=1.000000e-02 | gamma_before=0.000000e+00 | gamma_after=0.000000e+00 | action=exempt (fixed)
[ADMM RHO] V | primal max ratio=0.612 | primal mean ratio=0.113 | primal selected=0.612 | dual mean ratio=0.003 | increase threshold=5.0 | decrease threshold=5.0 | action=held (frozen after 10 unchanged cycles)
[ADMM RHO BOYD] V | r=1.365578e-02 | s=1.060601e-03 | eps_pri=3.423903e-03 | eps_dual=2.940821e-04 | primal_ratio=3.988366e+00 | dual_ratio=3.606481e+00 | dual_ratio_balance=3.606481e+00 | rho_before=1.732500e-02 | rho_after=1.732500e-02 | gamma_before=0.000000e+00 | gamma_after=0.000000e+00 | action=held (frozen after 10 unchanged cycles)
[ADMM RHO] PF | primal max ratio=0.839 | primal mean ratio=0.297 | primal selected=0.839 | dual mean ratio=0.011 | increase threshold=5.0 | decrease threshold=3.0 | action=held (frozen after 10 unchanged cycles)
[ADMM RHO BOYD] PF | r=4.561582e-02 | s=1.562569e-02 | eps_pri=1.352042e-03 | eps_dual=4.538804e-04 | primal_ratio=3.373847e+01 | dual_ratio=3.442689e+01 | dual_ratio_balance=3.442689e+01 | rho_before=1.320000e-01 | rho_after=1.320000e-01 | gamma_before=0.000000e+00 | gamma_after=0.000000e+00 | action=held (frozen after 10 unchanged cycles)
[ADMM RHO] ESS | primal max ratio=0.047 | primal mean ratio=0.019 | primal selected=0.047 | dual mean ratio=0.001 | increase threshold=5.0 | decrease threshold=5.0 | action=exempt (fixed)
[ADMM RHO BOYD] ESS | r=3.625907e-02 | s=1.518029e-03 | eps_pri=1.134088e-03 | eps_dual=7.212628e-04 | primal_ratio=3.197202e+01 | dual_ratio=2.104682e+00 | dual_ratio_balance=2.104682e+00 | rho_before=1.000000e-02 | rho_after=1.000000e-02 | gamma_before=0.000000e+00 | gamma_after=0.000000e+00 | action=exempt (fixed)
[ADMM RHO] V | primal max ratio=0.493 | primal mean ratio=0.138 | primal selected=0.493 | dual mean ratio=0.002 | increase threshold=5.0 | decrease threshold=5.0 | action=held (frozen after 10 unchanged cycles)
[ADMM RHO BOYD] V | r=1.632178e-02 | s=9.525504e-04 | eps_pri=3.426410e-03 | eps_dual=2.940765e-04 | primal_ratio=4.763521e+00 | dual_ratio=3.239125e+00 | dual_ratio_balance=3.239125e+00 | rho_before=1.732500e-02 | rho_after=1.732500e-02 | gamma_before=0.000000e+00 | gamma_after=0.000000e+00 | action=held (frozen after 10 unchanged cycles)
[ADMM RHO] PF | primal max ratio=0.809 | primal mean ratio=0.237 | primal selected=0.809 | dual mean ratio=0.010 | increase threshold=5.0 | decrease threshold=3.0 | action=held (frozen after 10 unchanged cycles)
[ADMM RHO BOYD] PF | r=3.592242e-02 | s=1.471475e-02 | eps_pri=1.353620e-03 | eps_dual=4.534374e-04 | primal_ratio=2.653804e+01 | dual_ratio=3.245155e+01 | dual_ratio_balance=3.245155e+01 | rho_before=1.320000e-01 | rho_after=1.320000e-01 | gamma_before=0.000000e+00 | gamma_after=0.000000e+00 | action=held (frozen after 10 unchanged cycles)
[ADMM RHO] ESS | primal max ratio=0.061 | primal mean ratio=0.018 | primal selected=0.061 | dual mean ratio=0.001 | increase threshold=5.0 | decrease threshold=5.0 | action=exempt (fixed)
[ADMM RHO BOYD] ESS | r=3.570348e-02 | s=1.297088e-03 | eps_pri=1.139179e-03 | eps_dual=7.212618e-04 | primal_ratio=3.134142e+01 | dual_ratio=1.798359e+00 | dual_ratio_balance=1.798359e+00 | rho_before=1.000000e-02 | rho_after=1.000000e-02 | gamma_before=0.000000e+00 | gamma_after=0.000000e+00 | action=exempt (fixed)
[ADMM RHO] V | primal max ratio=0.564 | primal mean ratio=0.117 | primal selected=0.564 | dual mean ratio=0.002 | increase threshold=5.0 | decrease threshold=5.0 | action=held (frozen after 10 unchanged cycles)
[ADMM RHO BOYD] V | r=1.472118e-02 | s=8.530572e-04 | eps_pri=3.428315e-03 | eps_dual=2.940718e-04 | primal_ratio=4.294000e+00 | dual_ratio=2.900847e+00 | dual_ratio_balance=2.900847e+00 | rho_before=1.732500e-02 | rho_after=1.732500e-02 | gamma_before=0.000000e+00 | gamma_after=0.000000e+00 | action=held (frozen after 10 unchanged cycles)
[ADMM RHO] PF | primal max ratio=0.778 | primal mean ratio=0.170 | primal selected=0.778 | dual mean ratio=0.009 | increase threshold=5.0 | decrease threshold=3.0 | action=held (frozen after 10 unchanged cycles)
[ADMM RHO BOYD] PF | r=2.725193e-02 | s=1.301840e-02 | eps_pri=1.355020e-03 | eps_dual=4.532050e-04 | primal_ratio=2.011183e+01 | dual_ratio=2.872519e+01 | dual_ratio_balance=2.872519e+01 | rho_before=1.320000e-01 | rho_after=1.320000e-01 | gamma_before=0.000000e+00 | gamma_after=0.000000e+00 | action=held (frozen after 10 unchanged cycles)
[ADMM RHO] ESS | primal max ratio=0.042 | primal mean ratio=0.015 | primal selected=0.042 | dual mean ratio=0.001 | increase threshold=5.0 | decrease threshold=5.0 | action=exempt (fixed)
[ADMM RHO BOYD] ESS | r=3.233107e-02 | s=1.210903e-03 | eps_pri=1.143250e-03 | eps_dual=7.212610e-04 | primal_ratio=2.827995e+01 | dual_ratio=1.678870e+00 | dual_ratio_balance=1.678870e+00 | rho_before=1.000000e-02 | rho_after=1.000000e-02 | gamma_before=0.000000e+00 | gamma_after=0.000000e+00 | action=exempt (fixed)
[ADMM RHO] V | primal max ratio=0.348 | primal mean ratio=0.066 | primal selected=0.348 | dual mean ratio=0.002 | increase threshold=5.0 | decrease threshold=5.0 | action=held (frozen after 10 unchanged cycles)
[ADMM RHO BOYD] V | r=8.512346e-03 | s=8.111632e-04 | eps_pri=3.429883e-03 | eps_dual=2.940697e-04 | primal_ratio=2.481818e+00 | dual_ratio=2.758404e+00 | dual_ratio_balance=2.758404e+00 | rho_before=1.732500e-02 | rho_after=1.732500e-02 | gamma_before=0.000000e+00 | gamma_after=0.000000e+00 | action=held (frozen after 10 unchanged cycles)
[ADMM RHO] PF | primal max ratio=0.778 | primal mean ratio=0.106 | primal selected=0.778 | dual mean ratio=0.008 | increase threshold=5.0 | decrease threshold=3.0 | action=held (frozen after 10 unchanged cycles)
[ADMM RHO BOYD] PF | r=2.070712e-02 | s=1.192158e-02 | eps_pri=1.356301e-03 | eps_dual=4.531496e-04 | primal_ratio=1.526735e+01 | dual_ratio=2.630827e+01 | dual_ratio_balance=2.630827e+01 | rho_before=1.320000e-01 | rho_after=1.320000e-01 | gamma_before=0.000000e+00 | gamma_after=0.000000e+00 | action=held (frozen after 10 unchanged cycles)
[ADMM RHO] ESS | primal max ratio=0.049 | primal mean ratio=0.013 | primal selected=0.049 | dual mean ratio=0.001 | increase threshold=5.0 | decrease threshold=5.0 | action=exempt (fixed)
[ADMM RHO BOYD] ESS | r=2.761291e-02 | s=1.115793e-03 | eps_pri=1.147273e-03 | eps_dual=7.212602e-04 | primal_ratio=2.406831e+01 | dual_ratio=1.547005e+00 | dual_ratio_balance=1.547005e+00 | rho_before=1.000000e-02 | rho_after=1.000000e-02 | gamma_before=0.000000e+00 | gamma_after=0.000000e+00 | action=exempt (fixed)
[ADMM RHO] V | primal max ratio=0.331 | primal mean ratio=0.073 | primal selected=0.331 | dual mean ratio=0.002 | increase threshold=5.0 | decrease threshold=5.0 | action=held (frozen after 10 unchanged cycles)
[ADMM RHO BOYD] V | r=9.449965e-03 | s=7.534247e-04 | eps_pri=3.431362e-03 | eps_dual=2.940671e-04 | primal_ratio=2.753999e+00 | dual_ratio=2.562084e+00 | dual_ratio_balance=2.562084e+00 | rho_before=1.732500e-02 | rho_after=1.732500e-02 | gamma_before=0.000000e+00 | gamma_after=0.000000e+00 | action=held (frozen after 10 unchanged cycles)
[ADMM RHO] PF | primal max ratio=0.649 | primal mean ratio=0.080 | primal selected=0.649 | dual mean ratio=0.007 | increase threshold=5.0 | decrease threshold=3.0 | action=held (frozen after 10 unchanged cycles)
[ADMM RHO BOYD] PF | r=1.593973e-02 | s=1.057288e-02 | eps_pri=1.357421e-03 | eps_dual=4.532252e-04 | primal_ratio=1.174266e+01 | dual_ratio=2.332809e+01 | dual_ratio_balance=2.332809e+01 | rho_before=1.320000e-01 | rho_after=1.320000e-01 | gamma_before=0.000000e+00 | gamma_after=0.000000e+00 | action=held (frozen after 10 unchanged cycles)
[ADMM RHO] ESS | primal max ratio=0.038 | primal mean ratio=0.010 | primal selected=0.038 | dual mean ratio=0.001 | increase threshold=5.0 | decrease threshold=5.0 | action=exempt (fixed)
[ADMM RHO BOYD] ESS | r=2.323374e-02 | s=1.063315e-03 | eps_pri=1.151226e-03 | eps_dual=7.212595e-04 | primal_ratio=2.018174e+01 | dual_ratio=1.474248e+00 | dual_ratio_balance=1.474248e+00 | rho_before=1.000000e-02 | rho_after=1.000000e-02 | gamma_before=0.000000e+00 | gamma_after=0.000000e+00 | action=exempt (fixed)
[ADMM RHO] V | primal max ratio=0.415 | primal mean ratio=0.077 | primal selected=0.415 | dual mean ratio=0.002 | increase threshold=5.0 | decrease threshold=5.0 | action=held (frozen after 10 unchanged cycles)
[ADMM RHO BOYD] V | r=1.019882e-02 | s=6.919019e-04 | eps_pri=3.432516e-03 | eps_dual=2.940646e-04 | primal_ratio=2.971236e+00 | dual_ratio=2.352891e+00 | dual_ratio_balance=2.352891e+00 | rho_before=1.732500e-02 | rho_after=1.732500e-02 | gamma_before=0.000000e+00 | gamma_after=0.000000e+00 | action=held (frozen after 10 unchanged cycles)
[ADMM RHO] PF | primal max ratio=0.621 | primal mean ratio=0.090 | primal selected=0.621 | dual mean ratio=0.007 | increase threshold=5.0 | decrease threshold=3.0 | action=held (frozen after 10 unchanged cycles)
[ADMM RHO BOYD] PF | r=1.442430e-02 | s=9.801335e-03 | eps_pri=1.358396e-03 | eps_dual=4.533842e-04 | primal_ratio=1.061862e+01 | dual_ratio=2.161817e+01 | dual_ratio_balance=2.161817e+01 | rho_before=1.320000e-01 | rho_after=1.320000e-01 | gamma_before=0.000000e+00 | gamma_after=0.000000e+00 | action=held (frozen after 10 unchanged cycles)
[ADMM RHO] ESS | primal max ratio=0.040 | primal mean ratio=0.010 | primal selected=0.040 | dual mean ratio=0.001 | increase threshold=5.0 | decrease threshold=5.0 | action=exempt (fixed)
[ADMM RHO BOYD] ESS | r=2.235885e-02 | s=1.002201e-03 | eps_pri=1.154907e-03 | eps_dual=7.212588e-04 | primal_ratio=1.935986e+01 | dual_ratio=1.389517e+00 | dual_ratio_balance=1.389517e+00 | rho_before=1.000000e-02 | rho_after=1.000000e-02 | gamma_before=0.000000e+00 | gamma_after=0.000000e+00 | action=exempt (fixed)
[ADMM RHO] V | primal max ratio=0.141 | primal mean ratio=0.042 | primal selected=0.141 | dual mean ratio=0.002 | increase threshold=5.0 | decrease threshold=5.0 | action=held (frozen after 10 unchanged cycles)
[ADMM RHO BOYD] V | r=4.412912e-03 | s=6.598745e-04 | eps_pri=3.433423e-03 | eps_dual=2.940633e-04 | primal_ratio=1.285281e+00 | dual_ratio=2.243988e+00 | dual_ratio_balance=2.243988e+00 | rho_before=1.732500e-02 | rho_after=1.732500e-02 | gamma_before=0.000000e+00 | gamma_after=0.000000e+00 | action=held (frozen after 10 unchanged cycles)
[ADMM RHO] PF | primal max ratio=0.590 | primal mean ratio=0.104 | primal selected=0.590 | dual mean ratio=0.006 | increase threshold=5.0 | decrease threshold=3.0 | action=held (frozen after 10 unchanged cycles)
[ADMM RHO BOYD] PF | r=1.594066e-02 | s=8.531292e-03 | eps_pri=1.359184e-03 | eps_dual=4.535959e-04 | primal_ratio=1.172811e+01 | dual_ratio=1.880813e+01 | dual_ratio_balance=1.880813e+01 | rho_before=1.320000e-01 | rho_after=1.320000e-01 | gamma_before=0.000000e+00 | gamma_after=0.000000e+00 | action=held (frozen after 10 unchanged cycles)
[ADMM RHO] ESS | primal max ratio=0.043 | primal mean ratio=0.009 | primal selected=0.043 | dual mean ratio=0.001 | increase threshold=5.0 | decrease threshold=5.0 | action=exempt (fixed)
[ADMM RHO BOYD] ESS | r=2.080659e-02 | s=9.481075e-04 | eps_pri=1.158253e-03 | eps_dual=7.212582e-04 | primal_ratio=1.796376e+01 | dual_ratio=1.314519e+00 | dual_ratio_balance=1.314519e+00 | rho_before=1.000000e-02 | rho_after=1.000000e-02 | gamma_before=0.000000e+00 | gamma_after=0.000000e+00 | action=exempt (fixed)
[ADMM RHO] V | primal max ratio=0.272 | primal mean ratio=0.067 | primal selected=0.272 | dual mean ratio=0.001 | increase threshold=5.0 | decrease threshold=5.0 | action=held (frozen after 10 unchanged cycles)
[ADMM RHO BOYD] V | r=9.185929e-03 | s=6.076950e-04 | eps_pri=3.434284e-03 | eps_dual=2.940613e-04 | primal_ratio=2.674773e+00 | dual_ratio=2.066559e+00 | dual_ratio_balance=2.066559e+00 | rho_before=1.732500e-02 | rho_after=1.732500e-02 | gamma_before=0.000000e+00 | gamma_after=0.000000e+00 | action=held (frozen after 10 unchanged cycles)
[ADMM RHO] PF | primal max ratio=0.559 | primal mean ratio=0.106 | primal selected=0.559 | dual mean ratio=0.005 | increase threshold=5.0 | decrease threshold=3.0 | action=held (frozen after 10 unchanged cycles)
[ADMM RHO BOYD] PF | r=1.610305e-02 | s=7.541721e-03 | eps_pri=1.359707e-03 | eps_dual=4.538188e-04 | primal_ratio=1.184303e+01 | dual_ratio=1.661835e+01 | dual_ratio_balance=1.661835e+01 | rho_before=1.320000e-01 | rho_after=1.320000e-01 | gamma_before=0.000000e+00 | gamma_after=0.000000e+00 | action=held (frozen after 10 unchanged cycles)
[ADMM RHO] ESS | primal max ratio=0.037 | primal mean ratio=0.007 | primal selected=0.037 | dual mean ratio=0.001 | increase threshold=5.0 | decrease threshold=5.0 | action=exempt (fixed)
[ADMM RHO BOYD] ESS | r=1.652438e-02 | s=9.040420e-04 | eps_pri=1.161334e-03 | eps_dual=7.212577e-04 | primal_ratio=1.422879e+01 | dual_ratio=1.253424e+00 | dual_ratio_balance=1.253424e+00 | rho_before=1.000000e-02 | rho_after=1.000000e-02 | gamma_before=0.000000e+00 | gamma_after=0.000000e+00 | action=exempt (fixed)
[ADMM RHO] V | primal max ratio=0.142 | primal mean ratio=0.036 | primal selected=0.142 | dual mean ratio=0.001 | increase threshold=5.0 | decrease threshold=5.0 | action=held (frozen after 10 unchanged cycles)
[ADMM RHO BOYD] V | r=4.276604e-03 | s=5.890881e-04 | eps_pri=3.434871e-03 | eps_dual=2.940605e-04 | primal_ratio=1.245055e+00 | dual_ratio=2.003289e+00 | dual_ratio_balance=2.003289e+00 | rho_before=1.732500e-02 | rho_after=1.732500e-02 | gamma_before=0.000000e+00 | gamma_after=0.000000e+00 | action=held (frozen after 10 unchanged cycles)
[ADMM RHO] PF | primal max ratio=0.525 | primal mean ratio=0.096 | primal selected=0.525 | dual mean ratio=0.005 | increase threshold=5.0 | decrease threshold=3.0 | action=held (frozen after 10 unchanged cycles)
[ADMM RHO BOYD] PF | r=1.489827e-02 | s=7.253666e-03 | eps_pri=1.360154e-03 | eps_dual=4.540244e-04 | primal_ratio=1.095337e+01 | dual_ratio=1.597638e+01 | dual_ratio_balance=1.597638e+01 | rho_before=1.320000e-01 | rho_after=1.320000e-01 | gamma_before=0.000000e+00 | gamma_after=0.000000e+00 | action=held (frozen after 10 unchanged cycles)
[ADMM RHO] ESS | primal max ratio=0.041 | primal mean ratio=0.007 | primal selected=0.041 | dual mean ratio=0.001 | increase threshold=5.0 | decrease threshold=5.0 | action=exempt (fixed)
[ADMM RHO BOYD] ESS | r=1.700656e-02 | s=8.474072e-04 | eps_pri=1.164293e-03 | eps_dual=7.212572e-04 | primal_ratio=1.460677e+01 | dual_ratio=1.174903e+00 | dual_ratio_balance=1.174903e+00 | rho_before=1.000000e-02 | rho_after=1.000000e-02 | gamma_before=0.000000e+00 | gamma_after=0.000000e+00 | action=exempt (fixed)
[ADMM RHO] V | primal max ratio=0.313 | primal mean ratio=0.058 | primal selected=0.313 | dual mean ratio=0.001 | increase threshold=5.0 | decrease threshold=5.0 | action=held (frozen after 10 unchanged cycles)
[ADMM RHO BOYD] V | r=8.680151e-03 | s=5.345050e-04 | eps_pri=3.435392e-03 | eps_dual=2.940587e-04 | primal_ratio=2.526684e+00 | dual_ratio=1.817681e+00 | dual_ratio_balance=1.817681e+00 | rho_before=1.732500e-02 | rho_after=1.732500e-02 | gamma_before=0.000000e+00 | gamma_after=0.000000e+00 | action=held (frozen after 10 unchanged cycles)
[ADMM RHO] PF | primal max ratio=0.490 | primal mean ratio=0.076 | primal selected=0.490 | dual mean ratio=0.005 | increase threshold=5.0 | decrease threshold=3.0 | action=held (frozen after 10 unchanged cycles)
[ADMM RHO BOYD] PF | r=1.277078e-02 | s=7.046349e-03 | eps_pri=1.360549e-03 | eps_dual=4.541914e-04 | primal_ratio=9.386492e+00 | dual_ratio=1.551405e+01 | dual_ratio_balance=1.551405e+01 | rho_before=1.320000e-01 | rho_after=1.320000e-01 | gamma_before=0.000000e+00 | gamma_after=0.000000e+00 | action=held (frozen after 10 unchanged cycles)
[ADMM RHO] ESS | primal max ratio=0.033 | primal mean ratio=0.006 | primal selected=0.033 | dual mean ratio=0.001 | increase threshold=5.0 | decrease threshold=5.0 | action=exempt (fixed)
[ADMM RHO BOYD] ESS | r=1.599712e-02 | s=8.081340e-04 | eps_pri=1.166954e-03 | eps_dual=7.212567e-04 | primal_ratio=1.370844e+01 | dual_ratio=1.120453e+00 | dual_ratio_balance=1.120453e+00 | rho_before=1.000000e-02 | rho_after=1.000000e-02 | gamma_before=0.000000e+00 | gamma_after=0.000000e+00 | action=exempt (fixed)
[ADMM RHO] V | primal max ratio=0.203 | primal mean ratio=0.030 | primal selected=0.203 | dual mean ratio=0.001 | increase threshold=5.0 | decrease threshold=5.0 | action=held (frozen after 10 unchanged cycles)
[ADMM RHO BOYD] V | r=4.691235e-03 | s=5.180771e-04 | eps_pri=3.435674e-03 | eps_dual=2.940581e-04 | primal_ratio=1.365448e+00 | dual_ratio=1.761819e+00 | dual_ratio_balance=1.761819e+00 | rho_before=1.732500e-02 | rho_after=1.732500e-02 | gamma_before=0.000000e+00 | gamma_after=0.000000e+00 | action=held (frozen after 10 unchanged cycles)
[ADMM RHO] PF | primal max ratio=0.453 | primal mean ratio=0.052 | primal selected=0.453 | dual mean ratio=0.004 | increase threshold=5.0 | decrease threshold=3.0 | action=held (frozen after 10 unchanged cycles)
[ADMM RHO BOYD] PF | r=1.017534e-02 | s=6.654120e-03 | eps_pri=1.360889e-03 | eps_dual=4.543125e-04 | primal_ratio=7.476983e+00 | dual_ratio=1.464657e+01 | dual_ratio_balance=1.464657e+01 | rho_before=1.320000e-01 | rho_after=1.320000e-01 | gamma_before=0.000000e+00 | gamma_after=0.000000e+00 | action=held (frozen after 10 unchanged cycles)
[ADMM RHO] ESS | primal max ratio=0.027 | primal mean ratio=0.005 | primal selected=0.027 | dual mean ratio=0.001 | increase threshold=5.0 | decrease threshold=5.0 | action=exempt (fixed)
[ADMM RHO BOYD] ESS | r=1.348739e-02 | s=7.957085e-04 | eps_pri=1.169410e-03 | eps_dual=7.212563e-04 | primal_ratio=1.153350e+01 | dual_ratio=1.103226e+00 | dual_ratio_balance=1.103226e+00 | rho_before=1.000000e-02 | rho_after=1.000000e-02 | gamma_before=0.000000e+00 | gamma_after=0.000000e+00 | action=exempt (fixed)
[ADMM RHO] V | primal max ratio=0.156 | primal mean ratio=0.022 | primal selected=0.156 | dual mean ratio=0.001 | increase threshold=5.0 | decrease threshold=5.0 | action=held (frozen after 10 unchanged cycles)
[ADMM RHO BOYD] V | r=3.454527e-03 | s=4.965388e-04 | eps_pri=3.435958e-03 | eps_dual=2.940573e-04 | primal_ratio=1.005404e+00 | dual_ratio=1.688578e+00 | dual_ratio_balance=1.688578e+00 | rho_before=1.732500e-02 | rho_after=1.732500e-02 | gamma_before=0.000000e+00 | gamma_after=0.000000e+00 | action=held (frozen after 10 unchanged cycles)
[ADMM RHO] PF | primal max ratio=0.415 | primal mean ratio=0.039 | primal selected=0.415 | dual mean ratio=0.004 | increase threshold=5.0 | decrease threshold=3.0 | action=held (frozen after 10 unchanged cycles)
[ADMM RHO BOYD] PF | r=8.615807e-03 | s=6.141613e-03 | eps_pri=1.361151e-03 | eps_dual=4.543784e-04 | primal_ratio=6.329796e+00 | dual_ratio=1.351652e+01 | dual_ratio_balance=1.351652e+01 | rho_before=1.320000e-01 | rho_after=1.320000e-01 | gamma_before=0.000000e+00 | gamma_after=0.000000e+00 | action=held (frozen after 10 unchanged cycles)
[ADMM RHO] ESS | primal max ratio=0.020 | primal mean ratio=0.004 | primal selected=0.020 | dual mean ratio=0.001 | increase threshold=5.0 | decrease threshold=5.0 | action=exempt (fixed)
[ADMM RHO BOYD] ESS | r=1.038070e-02 | s=7.854802e-04 | eps_pri=1.171835e-03 | eps_dual=7.212559e-04 | primal_ratio=8.858498e+00 | dual_ratio=1.089045e+00 | dual_ratio_balance=1.089045e+00 | rho_before=1.000000e-02 | rho_after=1.000000e-02 | gamma_before=0.000000e+00 | gamma_after=0.000000e+00 | action=exempt (fixed)
[ADMM RHO] V | primal max ratio=0.210 | primal mean ratio=0.031 | primal selected=0.210 | dual mean ratio=0.001 | increase threshold=5.0 | decrease threshold=5.0 | action=held (frozen after 10 unchanged cycles)
[ADMM RHO BOYD] V | r=5.424630e-03 | s=4.694663e-04 | eps_pri=3.436188e-03 | eps_dual=2.940565e-04 | primal_ratio=1.578677e+00 | dual_ratio=1.596517e+00 | dual_ratio_balance=1.596517e+00 | rho_before=1.732500e-02 | rho_after=1.732500e-02 | gamma_before=0.000000e+00 | gamma_after=0.000000e+00 | action=held (frozen after 10 unchanged cycles)
[ADMM RHO] PF | primal max ratio=0.376 | primal mean ratio=0.039 | primal selected=0.376 | dual mean ratio=0.004 | increase threshold=5.0 | decrease threshold=3.0 | action=held (frozen after 10 unchanged cycles)
[ADMM RHO BOYD] PF | r=8.020271e-03 | s=5.843996e-03 | eps_pri=1.361385e-03 | eps_dual=4.543902e-04 | primal_ratio=5.891257e+00 | dual_ratio=1.286118e+01 | dual_ratio_balance=1.286118e+01 | rho_before=1.320000e-01 | rho_after=1.320000e-01 | gamma_before=0.000000e+00 | gamma_after=0.000000e+00 | action=held (frozen after 10 unchanged cycles)
[ADMM RHO] ESS | primal max ratio=0.018 | primal mean ratio=0.003 | primal selected=0.018 | dual mean ratio=0.001 | increase threshold=5.0 | decrease threshold=5.0 | action=exempt (fixed)
[ADMM RHO BOYD] ESS | r=7.582736e-03 | s=7.835239e-04 | eps_pri=1.174420e-03 | eps_dual=7.212556e-04 | primal_ratio=6.456581e+00 | dual_ratio=1.086333e+00 | dual_ratio_balance=1.086333e+00 | rho_before=1.000000e-02 | rho_after=1.000000e-02 | gamma_before=0.000000e+00 | gamma_after=0.000000e+00 | action=exempt (fixed)
[ADMM RHO] V | primal max ratio=0.188 | primal mean ratio=0.021 | primal selected=0.188 | dual mean ratio=0.001 | increase threshold=5.0 | decrease threshold=5.0 | action=held (frozen after 10 unchanged cycles)
[ADMM RHO BOYD] V | r=3.547793e-03 | s=4.543406e-04 | eps_pri=3.436305e-03 | eps_dual=2.940559e-04 | primal_ratio=1.032444e+00 | dual_ratio=1.545082e+00 | dual_ratio_balance=1.545082e+00 | rho_before=1.732500e-02 | rho_after=1.732500e-02 | gamma_before=0.000000e+00 | gamma_after=0.000000e+00 | action=held (frozen after 10 unchanged cycles)
[ADMM RHO] PF | primal max ratio=0.345 | primal mean ratio=0.039 | primal selected=0.345 | dual mean ratio=0.004 | increase threshold=5.0 | decrease threshold=3.0 | action=held (frozen after 10 unchanged cycles)
[ADMM RHO BOYD] PF | r=8.135717e-03 | s=5.606739e-03 | eps_pri=1.361660e-03 | eps_dual=4.543586e-04 | primal_ratio=5.974853e+00 | dual_ratio=1.233990e+01 | dual_ratio_balance=1.233990e+01 | rho_before=1.320000e-01 | rho_after=1.320000e-01 | gamma_before=0.000000e+00 | gamma_after=0.000000e+00 | action=held (frozen after 10 unchanged cycles)
[ADMM RHO] ESS | primal max ratio=0.022 | primal mean ratio=0.003 | primal selected=0.022 | dual mean ratio=0.001 | increase threshold=5.0 | decrease threshold=5.0 | action=exempt (fixed)
[ADMM RHO BOYD] ESS | r=7.237979e-03 | s=7.726146e-04 | eps_pri=1.177088e-03 | eps_dual=7.212552e-04 | primal_ratio=6.149058e+00 | dual_ratio=1.071208e+00 | dual_ratio_balance=1.071208e+00 | rho_before=1.000000e-02 | rho_after=1.000000e-02 | gamma_before=0.000000e+00 | gamma_after=0.000000e+00 | action=exempt (fixed)
[ADMM RHO] V | primal max ratio=0.200 | primal mean ratio=0.024 | primal selected=0.200 | dual mean ratio=0.001 | increase threshold=5.0 | decrease threshold=5.0 | action=held (frozen after 10 unchanged cycles)
[ADMM RHO BOYD] V | r=4.248803e-03 | s=4.366652e-04 | eps_pri=3.436390e-03 | eps_dual=2.940553e-04 | primal_ratio=1.236414e+00 | dual_ratio=1.484976e+00 | dual_ratio_balance=1.484976e+00 | rho_before=1.732500e-02 | rho_after=1.732500e-02 | gamma_before=0.000000e+00 | gamma_after=0.000000e+00 | action=held (frozen after 10 unchanged cycles)
[ADMM RHO] PF | primal max ratio=0.343 | primal mean ratio=0.046 | primal selected=0.343 | dual mean ratio=0.003 | increase threshold=5.0 | decrease threshold=3.0 | action=held (frozen after 10 unchanged cycles)
[ADMM RHO BOYD] PF | r=8.542505e-03 | s=5.342782e-03 | eps_pri=1.361970e-03 | eps_dual=4.542983e-04 | primal_ratio=6.272168e+00 | dual_ratio=1.176052e+01 | dual_ratio_balance=1.176052e+01 | rho_before=1.320000e-01 | rho_after=1.320000e-01 | gamma_before=0.000000e+00 | gamma_after=0.000000e+00 | action=held (frozen after 10 unchanged cycles)
[ADMM RHO] ESS | primal max ratio=0.029 | primal mean ratio=0.004 | primal selected=0.029 | dual mean ratio=0.000 | increase threshold=5.0 | decrease threshold=5.0 | action=exempt (fixed)
[ADMM RHO BOYD] ESS | r=1.116993e-02 | s=7.443857e-04 | eps_pri=1.179619e-03 | eps_dual=7.212547e-04 | primal_ratio=9.469097e+00 | dual_ratio=1.032071e+00 | dual_ratio_balance=1.032071e+00 | rho_before=1.000000e-02 | rho_after=1.000000e-02 | gamma_before=0.000000e+00 | gamma_after=0.000000e+00 | action=exempt (fixed)
[ADMM RHO] V | primal max ratio=0.137 | primal mean ratio=0.019 | primal selected=0.137 | dual mean ratio=0.001 | increase threshold=5.0 | decrease threshold=5.0 | action=held (frozen after 10 unchanged cycles)
[ADMM RHO BOYD] V | r=3.172226e-03 | s=4.249731e-04 | eps_pri=3.436399e-03 | eps_dual=2.940549e-04 | primal_ratio=9.231248e-01 | dual_ratio=1.445217e+00 | dual_ratio_balance=1.445217e+00 | rho_before=1.732500e-02 | rho_after=1.732500e-02 | gamma_before=0.000000e+00 | gamma_after=0.000000e+00 | action=held (frozen after 10 unchanged cycles)
[ADMM RHO] PF | primal max ratio=0.339 | primal mean ratio=0.049 | primal selected=0.339 | dual mean ratio=0.003 | increase threshold=5.0 | decrease threshold=3.0 | action=held (frozen after 10 unchanged cycles)
[ADMM RHO BOYD] PF | r=8.717708e-03 | s=4.935500e-03 | eps_pri=1.362271e-03 | eps_dual=4.542264e-04 | primal_ratio=6.399392e+00 | dual_ratio=1.086573e+01 | dual_ratio_balance=1.086573e+01 | rho_before=1.320000e-01 | rho_after=1.320000e-01 | gamma_before=0.000000e+00 | gamma_after=0.000000e+00 | action=held (frozen after 10 unchanged cycles)
[ADMM RHO] ESS | primal max ratio=0.060 | primal mean ratio=0.004 | primal selected=0.060 | dual mean ratio=0.000 | increase threshold=5.0 | decrease threshold=5.0 | action=exempt (fixed)
[ADMM RHO BOYD] ESS | r=1.451950e-02 | s=6.231467e-04 | eps_pri=1.181776e-03 | eps_dual=7.212540e-04 | primal_ratio=1.228618e+01 | dual_ratio=8.639768e-01 | dual_ratio_balance=8.639768e-01 | rho_before=1.000000e-02 | rho_after=1.000000e-02 | gamma_before=0.000000e+00 | gamma_after=0.000000e+00 | action=exempt (fixed)
[ADMM RHO] V | primal max ratio=0.101 | primal mean ratio=0.012 | primal selected=0.101 | dual mean ratio=0.001 | increase threshold=5.0 | decrease threshold=5.0 | action=held (frozen after 10 unchanged cycles)
[ADMM RHO BOYD] V | r=1.799853e-03 | s=4.173346e-04 | eps_pri=3.436382e-03 | eps_dual=2.940547e-04 | primal_ratio=5.237639e-01 | dual_ratio=1.419241e+00 | dual_ratio_balance=1.419241e+00 | rho_before=1.732500e-02 | rho_after=1.732500e-02 | gamma_before=0.000000e+00 | gamma_after=0.000000e+00 | action=held (frozen after 10 unchanged cycles)
[ADMM RHO] PF | primal max ratio=0.336 | primal mean ratio=0.049 | primal selected=0.336 | dual mean ratio=0.003 | increase threshold=5.0 | decrease threshold=3.0 | action=held (frozen after 10 unchanged cycles)
[ADMM RHO BOYD] PF | r=8.336959e-03 | s=4.732744e-03 | eps_pri=1.362568e-03 | eps_dual=4.541574e-04 | primal_ratio=6.118563e+00 | dual_ratio=1.042093e+01 | dual_ratio_balance=1.042093e+01 | rho_before=1.320000e-01 | rho_after=1.320000e-01 | gamma_before=0.000000e+00 | gamma_after=0.000000e+00 | action=held (frozen after 10 unchanged cycles)
[ADMM RHO] ESS | primal max ratio=0.051 | primal mean ratio=0.003 | primal selected=0.051 | dual mean ratio=0.000 | increase threshold=5.0 | decrease threshold=5.0 | action=exempt (fixed)
[ADMM RHO BOYD] ESS | r=1.245922e-02 | s=5.419741e-04 | eps_pri=1.183622e-03 | eps_dual=7.212533e-04 | primal_ratio=1.052635e+01 | dual_ratio=7.514338e-01 | dual_ratio_balance=7.514338e-01 | rho_before=1.000000e-02 | rho_after=1.000000e-02 | gamma_before=0.000000e+00 | gamma_after=0.000000e+00 | action=exempt (fixed)
[ADMM RHO] V | primal max ratio=0.136 | primal mean ratio=0.013 | primal selected=0.136 | dual mean ratio=0.001 | increase threshold=5.0 | decrease threshold=5.0 | action=held (frozen after 10 unchanged cycles)
[ADMM RHO BOYD] V | r=2.410461e-03 | s=4.089872e-04 | eps_pri=3.436360e-03 | eps_dual=2.940544e-04 | primal_ratio=7.014576e-01 | dual_ratio=1.390856e+00 | dual_ratio_balance=1.390856e+00 | rho_before=1.732500e-02 | rho_after=1.732500e-02 | gamma_before=0.000000e+00 | gamma_after=0.000000e+00 | action=held (frozen after 10 unchanged cycles)
[ADMM RHO] PF | primal max ratio=0.334 | primal mean ratio=0.044 | primal selected=0.334 | dual mean ratio=0.003 | increase threshold=5.0 | decrease threshold=3.0 | action=held (frozen after 10 unchanged cycles)
[ADMM RHO BOYD] PF | r=7.704568e-03 | s=4.625826e-03 | eps_pri=1.362879e-03 | eps_dual=4.541006e-04 | primal_ratio=5.653155e+00 | dual_ratio=1.018679e+01 | dual_ratio_balance=1.018679e+01 | rho_before=1.320000e-01 | rho_after=1.320000e-01 | gamma_before=0.000000e+00 | gamma_after=0.000000e+00 | action=held (frozen after 10 unchanged cycles)
[ADMM RHO] ESS | primal max ratio=0.020 | primal mean ratio=0.003 | primal selected=0.020 | dual mean ratio=0.000 | increase threshold=5.0 | decrease threshold=5.0 | action=exempt (fixed)
[ADMM RHO BOYD] ESS | r=8.146043e-03 | s=5.321017e-04 | eps_pri=1.185432e-03 | eps_dual=7.212527e-04 | primal_ratio=6.871790e+00 | dual_ratio=7.377466e-01 | dual_ratio_balance=7.377466e-01 | rho_before=1.000000e-02 | rho_after=1.000000e-02 | gamma_before=0.000000e+00 | gamma_after=0.000000e+00 | action=exempt (fixed)
[ADMM RHO] V | primal max ratio=0.088 | primal mean ratio=0.011 | primal selected=0.088 | dual mean ratio=0.001 | increase threshold=5.0 | decrease threshold=5.0 | action=held (frozen after 10 unchanged cycles)
[ADMM RHO BOYD] V | r=1.520397e-03 | s=4.016160e-04 | eps_pri=3.436312e-03 | eps_dual=2.940542e-04 | primal_ratio=4.424503e-01 | dual_ratio=1.365789e+00 | dual_ratio_balance=1.365789e+00 | rho_before=1.732500e-02 | rho_after=1.732500e-02 | gamma_before=0.000000e+00 | gamma_after=0.000000e+00 | action=held (frozen after 10 unchanged cycles)
[ADMM RHO] PF | primal max ratio=0.333 | primal mean ratio=0.036 | primal selected=0.333 | dual mean ratio=0.003 | increase threshold=5.0 | decrease threshold=3.0 | action=held (frozen after 10 unchanged cycles)
[ADMM RHO BOYD] PF | r=7.059511e-03 | s=4.483145e-03 | eps_pri=1.363197e-03 | eps_dual=4.540612e-04 | primal_ratio=5.178644e+00 | dual_ratio=9.873437e+00 | dual_ratio_balance=9.873437e+00 | rho_before=1.320000e-01 | rho_after=1.320000e-01 | gamma_before=0.000000e+00 | gamma_after=0.000000e+00 | action=held (frozen after 10 unchanged cycles)
[ADMM RHO] ESS | primal max ratio=0.015 | primal mean ratio=0.002 | primal selected=0.015 | dual mean ratio=0.000 | increase threshold=5.0 | decrease threshold=5.0 | action=exempt (fixed)
[ADMM RHO BOYD] ESS | r=6.032869e-03 | s=5.266463e-04 | eps_pri=1.187265e-03 | eps_dual=7.212521e-04 | primal_ratio=5.081315e+00 | dual_ratio=7.301833e-01 | dual_ratio_balance=7.301833e-01 | rho_before=1.000000e-02 | rho_after=1.000000e-02 | gamma_before=0.000000e+00 | gamma_after=0.000000e+00 | action=exempt (fixed)
[ADMM RHO] V | primal max ratio=0.117 | primal mean ratio=0.017 | primal selected=0.117 | dual mean ratio=0.001 | increase threshold=5.0 | decrease threshold=5.0 | action=held (frozen after 10 unchanged cycles)
[ADMM RHO BOYD] V | r=2.515119e-03 | s=3.911277e-04 | eps_pri=3.436246e-03 | eps_dual=2.940538e-04 | primal_ratio=7.319380e-01 | dual_ratio=1.330123e+00 | dual_ratio_balance=1.330123e+00 | rho_before=1.732500e-02 | rho_after=1.732500e-02 | gamma_before=0.000000e+00 | gamma_after=0.000000e+00 | action=held (frozen after 10 unchanged cycles)
[ADMM RHO] PF | primal max ratio=0.332 | primal mean ratio=0.029 | primal selected=0.332 | dual mean ratio=0.003 | increase threshold=5.0 | decrease threshold=3.0 | action=held (frozen after 10 unchanged cycles)
[ADMM RHO BOYD] PF | r=6.735377e-03 | s=4.314852e-03 | eps_pri=1.363494e-03 | eps_dual=4.540385e-04 | primal_ratio=4.939791e+00 | dual_ratio=9.503274e+00 | dual_ratio_balance=9.503274e+00 | rho_before=1.320000e-01 | rho_after=1.320000e-01 | gamma_before=0.000000e+00 | gamma_after=0.000000e+00 | action=held (frozen after 10 unchanged cycles)
[ADMM RHO] ESS | primal max ratio=0.016 | primal mean ratio=0.003 | primal selected=0.016 | dual mean ratio=0.000 | increase threshold=5.0 | decrease threshold=5.0 | action=increased
[ADMM RHO BOYD] ESS | r=7.349833e-03 | s=5.168089e-04 | eps_pri=1.189078e-03 | eps_dual=7.212514e-04 | primal_ratio=6.181119e+00 | dual_ratio=7.165447e-01 | dual_ratio_balance=7.165447e-01 | rho_before=1.000000e-02 | rho_after=1.500000e-02 | gamma_before=0.000000e+00 | gamma_after=0.000000e+00 | action=increased
[ADMM RHO] V | primal max ratio=0.095 | primal mean ratio=0.014 | primal selected=0.095 | dual mean ratio=0.001 | increase threshold=5.0 | decrease threshold=5.0 | action=held (frozen after 10 unchanged cycles)
[ADMM RHO BOYD] V | r=1.951279e-03 | s=3.862324e-04 | eps_pri=3.436132e-03 | eps_dual=2.940536e-04 | primal_ratio=5.678708e-01 | dual_ratio=1.313476e+00 | dual_ratio_balance=1.313476e+00 | rho_before=1.732500e-02 | rho_after=1.732500e-02 | gamma_before=0.000000e+00 | gamma_after=0.000000e+00 | action=held (frozen after 10 unchanged cycles)
[ADMM RHO] PF | primal max ratio=0.335 | primal mean ratio=0.026 | primal selected=0.335 | dual mean ratio=0.003 | increase threshold=5.0 | decrease threshold=3.0 | action=held (frozen after 10 unchanged cycles)
[ADMM RHO BOYD] PF | r=6.593584e-03 | s=4.195259e-03 | eps_pri=1.363779e-03 | eps_dual=4.540313e-04 | primal_ratio=4.834788e+00 | dual_ratio=9.240022e+00 | dual_ratio_balance=9.240022e+00 | rho_before=1.320000e-01 | rho_after=1.320000e-01 | gamma_before=0.000000e+00 | gamma_after=0.000000e+00 | action=held (frozen after 10 unchanged cycles)
[ADMM RHO] ESS | primal max ratio=0.014 | primal mean ratio=0.003 | primal selected=0.014 | dual mean ratio=0.000 | increase threshold=5.0 | decrease threshold=5.0 | action=increased
[ADMM RHO BOYD] ESS | r=6.835044e-03 | s=4.975304e-04 | eps_pri=1.190786e-03 | eps_dual=7.212508e-04 | primal_ratio=5.739945e+00 | dual_ratio=6.898161e-01 | dual_ratio_balance=6.898161e-01 | rho_before=1.500000e-02 | rho_after=2.250000e-02 | gamma_before=0.000000e+00 | gamma_after=0.000000e+00 | action=increased
[ADMM RHO] V | primal max ratio=0.135 | primal mean ratio=0.012 | primal selected=0.135 | dual mean ratio=0.001 | increase threshold=5.0 | decrease threshold=5.0 | action=held (frozen after 10 unchanged cycles)
[ADMM RHO BOYD] V | r=2.258001e-03 | s=3.760452e-04 | eps_pri=3.436035e-03 | eps_dual=2.940534e-04 | primal_ratio=6.571531e-01 | dual_ratio=1.278833e+00 | dual_ratio_balance=1.278833e+00 | rho_before=1.732500e-02 | rho_after=1.732500e-02 | gamma_before=0.000000e+00 | gamma_after=0.000000e+00 | action=held (frozen after 10 unchanged cycles)
[ADMM RHO] PF | primal max ratio=0.336 | primal mean ratio=0.028 | primal selected=0.336 | dual mean ratio=0.002 | increase threshold=5.0 | decrease threshold=3.0 | action=held (frozen after 10 unchanged cycles)
[ADMM RHO BOYD] PF | r=6.574803e-03 | s=4.076357e-03 | eps_pri=1.364051e-03 | eps_dual=4.540360e-04 | primal_ratio=4.820056e+00 | dual_ratio=8.978047e+00 | dual_ratio_balance=8.978047e+00 | rho_before=1.320000e-01 | rho_after=1.320000e-01 | gamma_before=0.000000e+00 | gamma_after=0.000000e+00 | action=held (frozen after 10 unchanged cycles)
[ADMM RHO] ESS | primal max ratio=0.015 | primal mean ratio=0.002 | primal selected=0.015 | dual mean ratio=0.000 | increase threshold=5.0 | decrease threshold=5.0 | action=increased
[ADMM RHO BOYD] ESS | r=6.485747e-03 | s=4.787324e-04 | eps_pri=1.192384e-03 | eps_dual=7.212502e-04 | primal_ratio=5.439310e+00 | dual_ratio=6.637536e-01 | dual_ratio_balance=6.637536e-01 | rho_before=2.250000e-02 | rho_after=3.375000e-02 | gamma_before=0.000000e+00 | gamma_after=0.000000e+00 | action=increased
[ADMM RHO] V | primal max ratio=0.129 | primal mean ratio=0.013 | primal selected=0.129 | dual mean ratio=0.001 | increase threshold=5.0 | decrease threshold=5.0 | action=held (frozen after 10 unchanged cycles)
[ADMM RHO BOYD] V | r=2.394933e-03 | s=3.672323e-04 | eps_pri=3.435888e-03 | eps_dual=2.940532e-04 | primal_ratio=6.970346e-01 | dual_ratio=1.248864e+00 | dual_ratio_balance=1.248864e+00 | rho_before=1.732500e-02 | rho_after=1.732500e-02 | gamma_before=0.000000e+00 | gamma_after=0.000000e+00 | action=held (frozen after 10 unchanged cycles)
[ADMM RHO] PF | primal max ratio=0.337 | primal mean ratio=0.029 | primal selected=0.337 | dual mean ratio=0.002 | increase threshold=5.0 | decrease threshold=3.0 | action=held (frozen after 10 unchanged cycles)
[ADMM RHO BOYD] PF | r=6.556751e-03 | s=3.972157e-03 | eps_pri=1.364307e-03 | eps_dual=4.540480e-04 | primal_ratio=4.805921e+00 | dual_ratio=8.748321e+00 | dual_ratio_balance=8.748321e+00 | rho_before=1.320000e-01 | rho_after=1.320000e-01 | gamma_before=0.000000e+00 | gamma_after=0.000000e+00 | action=held (frozen after 10 unchanged cycles)
[ADMM RHO] ESS | primal max ratio=0.017 | primal mean ratio=0.002 | primal selected=0.017 | dual mean ratio=0.000 | increase threshold=5.0 | decrease threshold=5.0 | action=increased
[ADMM RHO BOYD] ESS | r=6.268697e-03 | s=4.648709e-04 | eps_pri=1.193993e-03 | eps_dual=7.212496e-04 | primal_ratio=5.250195e+00 | dual_ratio=6.445353e-01 | dual_ratio_balance=6.445353e-01 | rho_before=3.375000e-02 | rho_after=5.062500e-02 | gamma_before=0.000000e+00 | gamma_after=0.000000e+00 | action=increased
[ADMM RHO] V | primal max ratio=0.124 | primal mean ratio=0.014 | primal selected=0.124 | dual mean ratio=0.001 | increase threshold=5.0 | decrease threshold=5.0 | action=held (frozen after 10 unchanged cycles)
[ADMM RHO BOYD] V | r=2.877989e-03 | s=3.544583e-04 | eps_pri=3.435710e-03 | eps_dual=2.940528e-04 | primal_ratio=8.376694e-01 | dual_ratio=1.205424e+00 | dual_ratio_balance=1.205424e+00 | rho_before=1.732500e-02 | rho_after=1.732500e-02 | gamma_before=0.000000e+00 | gamma_after=0.000000e+00 | action=held (frozen after 10 unchanged cycles)
[ADMM RHO] PF | primal max ratio=0.337 | primal mean ratio=0.027 | primal selected=0.337 | dual mean ratio=0.002 | increase threshold=5.0 | decrease threshold=3.0 | action=held (frozen after 10 unchanged cycles)
[ADMM RHO BOYD] PF | r=6.424589e-03 | s=3.886401e-03 | eps_pri=1.364554e-03 | eps_dual=4.540648e-04 | primal_ratio=4.708196e+00 | dual_ratio=8.559133e+00 | dual_ratio_balance=8.559133e+00 | rho_before=1.320000e-01 | rho_after=1.320000e-01 | gamma_before=0.000000e+00 | gamma_after=0.000000e+00 | action=held (frozen after 10 unchanged cycles)
[ADMM RHO] ESS | primal max ratio=0.016 | primal mean ratio=0.002 | primal selected=0.016 | dual mean ratio=0.000 | increase threshold=5.0 | decrease threshold=5.0 | action=increased
[ADMM RHO BOYD] ESS | r=5.528041e-03 | s=4.597912e-04 | eps_pri=1.195601e-03 | eps_dual=7.212491e-04 | primal_ratio=4.623649e+00 | dual_ratio=6.374929e-01 | dual_ratio_balance=6.374929e-01 | rho_before=5.062500e-02 | rho_after=7.593750e-02 | gamma_before=0.000000e+00 | gamma_after=0.000000e+00 | action=increased
[ADMM RHO] V | primal max ratio=0.130 | primal mean ratio=0.013 | primal selected=0.130 | dual mean ratio=0.001 | increase threshold=5.0 | decrease threshold=5.0 | action=held (frozen after 10 unchanged cycles)
[ADMM RHO BOYD] V | r=2.489655e-03 | s=3.455542e-04 | eps_pri=3.435537e-03 | eps_dual=2.940526e-04 | primal_ratio=7.246770e-01 | dual_ratio=1.175144e+00 | dual_ratio_balance=1.175144e+00 | rho_before=1.732500e-02 | rho_after=1.732500e-02 | gamma_before=0.000000e+00 | gamma_after=0.000000e+00 | action=held (frozen after 10 unchanged cycles)
[ADMM RHO] PF | primal max ratio=0.316 | primal mean ratio=0.023 | primal selected=0.316 | dual mean ratio=0.002 | increase threshold=5.0 | decrease threshold=3.0 | action=held (frozen after 10 unchanged cycles)
[ADMM RHO BOYD] PF | r=6.013515e-03 | s=3.806714e-03 | eps_pri=1.364795e-03 | eps_dual=4.540854e-04 | primal_ratio=4.406168e+00 | dual_ratio=8.383254e+00 | dual_ratio_balance=8.383254e+00 | rho_before=1.320000e-01 | rho_after=1.320000e-01 | gamma_before=0.000000e+00 | gamma_after=0.000000e+00 | action=held (frozen after 10 unchanged cycles)
[ADMM RHO] ESS | primal max ratio=0.019 | primal mean ratio=0.002 | primal selected=0.019 | dual mean ratio=0.000 | increase threshold=5.0 | decrease threshold=5.0 | action=increased
[ADMM RHO BOYD] ESS | r=5.264772e-03 | s=4.596557e-04 | eps_pri=1.197199e-03 | eps_dual=7.212486e-04 | primal_ratio=4.397573e+00 | dual_ratio=6.373056e-01 | dual_ratio_balance=6.373056e-01 | rho_before=7.593750e-02 | rho_after=1.139063e-01 | gamma_before=0.000000e+00 | gamma_after=0.000000e+00 | action=increased
[ADMM RHO] V | primal max ratio=0.107 | primal mean ratio=0.012 | primal selected=0.107 | dual mean ratio=0.001 | increase threshold=5.0 | decrease threshold=5.0 | action=held (frozen after 10 unchanged cycles)
[ADMM RHO BOYD] V | r=2.120507e-03 | s=3.369395e-04 | eps_pri=3.435342e-03 | eps_dual=2.940524e-04 | primal_ratio=6.172623e-01 | dual_ratio=1.145849e+00 | dual_ratio_balance=1.145849e+00 | rho_before=1.732500e-02 | rho_after=1.732500e-02 | gamma_before=0.000000e+00 | gamma_after=0.000000e+00 | action=held (frozen after 10 unchanged cycles)
[ADMM RHO] PF | primal max ratio=0.277 | primal mean ratio=0.016 | primal selected=0.277 | dual mean ratio=0.002 | increase threshold=5.0 | decrease threshold=3.0 | action=held (frozen after 10 unchanged cycles)
[ADMM RHO BOYD] PF | r=4.977660e-03 | s=3.747920e-03 | eps_pri=1.365029e-03 | eps_dual=4.541110e-04 | primal_ratio=3.646559e+00 | dual_ratio=8.253313e+00 | dual_ratio_balance=8.253313e+00 | rho_before=1.320000e-01 | rho_after=1.320000e-01 | gamma_before=0.000000e+00 | gamma_after=0.000000e+00 | action=held (frozen after 10 unchanged cycles)
[ADMM RHO] ESS | primal max ratio=0.016 | primal mean ratio=0.001 | primal selected=0.016 | dual mean ratio=0.000 | increase threshold=5.0 | decrease threshold=5.0 | action=increased
[ADMM RHO BOYD] ESS | r=4.525207e-03 | s=4.596844e-04 | eps_pri=1.198810e-03 | eps_dual=7.212481e-04 | primal_ratio=3.774749e+00 | dual_ratio=6.373458e-01 | dual_ratio_balance=6.373458e-01 | rho_before=1.139063e-01 | rho_after=1.708594e-01 | gamma_before=0.000000e+00 | gamma_after=0.000000e+00 | action=increased
[ADMM RHO] V | primal max ratio=0.097 | primal mean ratio=0.010 | primal selected=0.097 | dual mean ratio=0.001 | increase threshold=5.0 | decrease threshold=5.0 | action=held (frozen after 10 unchanged cycles)
[ADMM RHO BOYD] V | r=1.779483e-03 | s=3.289769e-04 | eps_pri=3.435112e-03 | eps_dual=2.940522e-04 | primal_ratio=5.180277e-01 | dual_ratio=1.118770e+00 | dual_ratio_balance=1.118770e+00 | rho_before=1.732500e-02 | rho_after=1.732500e-02 | gamma_before=0.000000e+00 | gamma_after=0.000000e+00 | action=held (frozen after 10 unchanged cycles)
[ADMM RHO] PF | primal max ratio=0.276 | primal mean ratio=0.014 | primal selected=0.276 | dual mean ratio=0.002 | increase threshold=5.0 | decrease threshold=3.0 | action=held (frozen after 10 unchanged cycles)
[ADMM RHO BOYD] PF | r=4.015672e-03 | s=3.669082e-03 | eps_pri=1.365258e-03 | eps_dual=4.541422e-04 | primal_ratio=2.941327e+00 | dual_ratio=8.079148e+00 | dual_ratio_balance=8.079148e+00 | rho_before=1.320000e-01 | rho_after=1.320000e-01 | gamma_before=0.000000e+00 | gamma_after=0.000000e+00 | action=held (frozen after 10 unchanged cycles)
[ADMM RHO] ESS | primal max ratio=0.018 | primal mean ratio=0.001 | primal selected=0.018 | dual mean ratio=0.000 | increase threshold=5.0 | decrease threshold=5.0 | action=increased
[ADMM RHO BOYD] ESS | r=4.533849e-03 | s=4.538278e-04 | eps_pri=1.200439e-03 | eps_dual=7.212476e-04 | primal_ratio=3.776825e+00 | dual_ratio=6.292261e-01 | dual_ratio_balance=6.292261e-01 | rho_before=1.708594e-01 | rho_after=2.562891e-01 | gamma_before=0.000000e+00 | gamma_after=0.000000e+00 | action=increased
[ADMM RHO] V | primal max ratio=0.120 | primal mean ratio=0.010 | primal selected=0.120 | dual mean ratio=0.001 | increase threshold=5.0 | decrease threshold=5.0 | action=held (frozen after 10 unchanged cycles)
[ADMM RHO BOYD] V | r=2.169534e-03 | s=3.200594e-04 | eps_pri=3.434863e-03 | eps_dual=2.940520e-04 | primal_ratio=6.316218e-01 | dual_ratio=1.088445e+00 | dual_ratio_balance=1.088445e+00 | rho_before=1.732500e-02 | rho_after=1.732500e-02 | gamma_before=0.000000e+00 | gamma_after=0.000000e+00 | action=held (frozen after 10 unchanged cycles)
[ADMM RHO] PF | primal max ratio=0.275 | primal mean ratio=0.012 | primal selected=0.275 | dual mean ratio=0.002 | increase threshold=5.0 | decrease threshold=3.0 | action=held (frozen after 10 unchanged cycles)
[ADMM RHO BOYD] PF | r=3.925782e-03 | s=3.585272e-03 | eps_pri=1.365484e-03 | eps_dual=4.541732e-04 | primal_ratio=2.875012e+00 | dual_ratio=7.894063e+00 | dual_ratio_balance=7.894063e+00 | rho_before=1.320000e-01 | rho_after=1.320000e-01 | gamma_before=0.000000e+00 | gamma_after=0.000000e+00 | action=held (frozen after 10 unchanged cycles)
[ADMM RHO] ESS | primal max ratio=0.013 | primal mean ratio=0.001 | primal selected=0.013 | dual mean ratio=0.000 | increase threshold=5.0 | decrease threshold=5.0 | action=increased
[ADMM RHO BOYD] ESS | r=5.049173e-03 | s=4.295213e-04 | eps_pri=1.201944e-03 | eps_dual=7.212471e-04 | primal_ratio=4.200839e+00 | dual_ratio=5.955259e-01 | dual_ratio_balance=5.955259e-01 | rho_before=2.562891e-01 | rho_after=3.844336e-01 | gamma_before=0.000000e+00 | gamma_after=0.000000e+00 | action=increased
[ADMM RHO] V | primal max ratio=0.060 | primal mean ratio=0.006 | primal selected=0.060 | dual mean ratio=0.001 | increase threshold=5.0 | decrease threshold=5.0 | action=held (frozen after 10 unchanged cycles)
[ADMM RHO BOYD] V | r=9.520563e-04 | s=3.167243e-04 | eps_pri=3.434600e-03 | eps_dual=2.940519e-04 | primal_ratio=2.771957e-01 | dual_ratio=1.077103e+00 | dual_ratio_balance=1.077103e+00 | rho_before=1.732500e-02 | rho_after=1.732500e-02 | gamma_before=0.000000e+00 | gamma_after=0.000000e+00 | action=held (frozen after 10 unchanged cycles)
[ADMM RHO] PF | primal max ratio=0.274 | primal mean ratio=0.012 | primal selected=0.274 | dual mean ratio=0.002 | increase threshold=5.0 | decrease threshold=3.0 | action=held (frozen after 10 unchanged cycles)
[ADMM RHO BOYD] PF | r=3.929895e-03 | s=3.504887e-03 | eps_pri=1.365707e-03 | eps_dual=4.542010e-04 | primal_ratio=2.877554e+00 | dual_ratio=7.716599e+00 | dual_ratio_balance=7.716599e+00 | rho_before=1.320000e-01 | rho_after=1.320000e-01 | gamma_before=0.000000e+00 | gamma_after=0.000000e+00 | action=held (frozen after 10 unchanged cycles)
[ADMM RHO] ESS | primal max ratio=0.014 | primal mean ratio=0.002 | primal selected=0.014 | dual mean ratio=0.000 | increase threshold=5.0 | decrease threshold=5.0 | action=increased
[ADMM RHO BOYD] ESS | r=5.535474e-03 | s=4.143958e-04 | eps_pri=1.203369e-03 | eps_dual=7.212467e-04 | primal_ratio=4.599982e+00 | dual_ratio=5.745549e-01 | dual_ratio_balance=5.745549e-01 | rho_before=3.844336e-01 | rho_after=5.766504e-01 | gamma_before=0.000000e+00 | gamma_after=0.000000e+00 | action=increased
[ADMM RHO] V | primal max ratio=0.018 | primal mean ratio=0.005 | primal selected=0.018 | dual mean ratio=0.001 | increase threshold=5.0 | decrease threshold=5.0 | action=held (frozen after 10 unchanged cycles)
[ADMM RHO BOYD] V | r=3.445488e-04 | s=3.139545e-04 | eps_pri=3.434343e-03 | eps_dual=2.940518e-04 | primal_ratio=1.003245e-01 | dual_ratio=1.067684e+00 | dual_ratio_balance=1.067684e+00 | rho_before=1.732500e-02 | rho_after=1.732500e-02 | gamma_before=0.000000e+00 | gamma_after=0.000000e+00 | action=held (frozen after 10 unchanged cycles)
[ADMM RHO] PF | primal max ratio=0.274 | primal mean ratio=0.011 | primal selected=0.274 | dual mean ratio=0.002 | increase threshold=5.0 | decrease threshold=3.0 | action=held (frozen after 10 unchanged cycles)
[ADMM RHO BOYD] PF | r=3.857729e-03 | s=3.218461e-03 | eps_pri=1.365883e-03 | eps_dual=4.542192e-04 | primal_ratio=2.824348e+00 | dual_ratio=7.085701e+00 | dual_ratio_balance=7.085701e+00 | rho_before=1.320000e-01 | rho_after=1.320000e-01 | gamma_before=0.000000e+00 | gamma_after=0.000000e+00 | action=held (frozen after 10 unchanged cycles)
[ADMM RHO] ESS | primal max ratio=0.013 | primal mean ratio=0.002 | primal selected=0.013 | dual mean ratio=0.000 | increase threshold=5.0 | decrease threshold=5.0 | action=increased
[ADMM RHO BOYD] ESS | r=5.304517e-03 | s=4.040056e-04 | eps_pri=1.204771e-03 | eps_dual=7.212462e-04 | primal_ratio=4.402926e+00 | dual_ratio=5.601493e-01 | dual_ratio_balance=5.601493e-01 | rho_before=5.766504e-01 | rho_after=8.649756e-01 | gamma_before=0.000000e+00 | gamma_after=0.000000e+00 | action=increased
[ADMM RHO] V | primal max ratio=0.142 | primal mean ratio=0.009 | primal selected=0.142 | dual mean ratio=0.001 | increase threshold=5.0 | decrease threshold=5.0 | action=held (frozen after 10 unchanged cycles)
[ADMM RHO BOYD] V | r=2.015556e-03 | s=3.048188e-04 | eps_pri=3.434083e-03 | eps_dual=2.940516e-04 | primal_ratio=5.869268e-01 | dual_ratio=1.036617e+00 | dual_ratio_balance=1.036617e+00 | rho_before=1.732500e-02 | rho_after=1.732500e-02 | gamma_before=0.000000e+00 | gamma_after=0.000000e+00 | action=held (frozen after 10 unchanged cycles)
[ADMM RHO] PF | primal max ratio=0.273 | primal mean ratio=0.011 | primal selected=0.273 | dual mean ratio=0.002 | increase threshold=5.0 | decrease threshold=3.0 | action=held (frozen after 10 unchanged cycles)
[ADMM RHO BOYD] PF | r=3.820040e-03 | s=3.142875e-03 | eps_pri=1.366051e-03 | eps_dual=4.542266e-04 | primal_ratio=2.796411e+00 | dual_ratio=6.919179e+00 | dual_ratio_balance=6.919179e+00 | rho_before=1.320000e-01 | rho_after=1.320000e-01 | gamma_before=0.000000e+00 | gamma_after=0.000000e+00 | action=held (frozen after 10 unchanged cycles)
[ADMM RHO] ESS | primal max ratio=0.012 | primal mean ratio=0.001 | primal selected=0.012 | dual mean ratio=0.000 | increase threshold=5.0 | decrease threshold=5.0 | action=increased
[ADMM RHO BOYD] ESS | r=4.510864e-03 | s=3.979163e-04 | eps_pri=1.206151e-03 | eps_dual=7.212458e-04 | primal_ratio=3.739884e+00 | dual_ratio=5.517069e-01 | dual_ratio_balance=5.517069e-01 | rho_before=8.649756e-01 | rho_after=1.297463e+00 | gamma_before=0.000000e+00 | gamma_after=0.000000e+00 | action=increased
[ADMM RHO] V | primal max ratio=0.098 | primal mean ratio=0.012 | primal selected=0.098 | dual mean ratio=0.001 | increase threshold=5.0 | decrease threshold=5.0 | action=held (frozen after 10 unchanged cycles)
[ADMM RHO BOYD] V | r=2.430122e-03 | s=2.969937e-04 | eps_pri=3.433794e-03 | eps_dual=2.940515e-04 | primal_ratio=7.077077e-01 | dual_ratio=1.010006e+00 | dual_ratio_balance=1.010006e+00 | rho_before=1.732500e-02 | rho_after=1.732500e-02 | gamma_before=0.000000e+00 | gamma_after=0.000000e+00 | action=held (frozen after 10 unchanged cycles)
[ADMM RHO] PF | primal max ratio=0.272 | primal mean ratio=0.012 | primal selected=0.272 | dual mean ratio=0.002 | increase threshold=5.0 | decrease threshold=3.0 | action=held (frozen after 10 unchanged cycles)
[ADMM RHO BOYD] PF | r=3.844474e-03 | s=3.073464e-03 | eps_pri=1.366221e-03 | eps_dual=4.542248e-04 | primal_ratio=2.813948e+00 | dual_ratio=6.766393e+00 | dual_ratio_balance=6.766393e+00 | rho_before=1.320000e-01 | rho_after=1.320000e-01 | gamma_before=0.000000e+00 | gamma_after=0.000000e+00 | action=held (frozen after 10 unchanged cycles)
[ADMM RHO] ESS | primal max ratio=0.010 | primal mean ratio=0.001 | primal selected=0.010 | dual mean ratio=0.000 | increase threshold=5.0 | decrease threshold=5.0 | action=increased
[ADMM RHO BOYD] ESS | r=3.445358e-03 | s=3.928862e-04 | eps_pri=1.207515e-03 | eps_dual=7.212454e-04 | primal_ratio=2.853262e+00 | dual_ratio=5.447330e-01 | dual_ratio_balance=5.447330e-01 | rho_before=1.297463e+00 | rho_after=1.946195e+00 | gamma_before=0.000000e+00 | gamma_after=0.000000e+00 | action=increased
[ADMM RHO] V | primal max ratio=0.079 | primal mean ratio=0.008 | primal selected=0.079 | dual mean ratio=0.001 | increase threshold=5.0 | decrease threshold=5.0 | action=held (frozen after 10 unchanged cycles)
[ADMM RHO BOYD] V | r=1.459515e-03 | s=2.905328e-04 | eps_pri=3.433519e-03 | eps_dual=2.940513e-04 | primal_ratio=4.250786e-01 | dual_ratio=9.880345e-01 | dual_ratio_balance=9.880345e-01 | rho_before=1.732500e-02 | rho_after=1.732500e-02 | gamma_before=0.000000e+00 | gamma_after=0.000000e+00 | action=held (frozen after 10 unchanged cycles)
[ADMM RHO] PF | primal max ratio=0.272 | primal mean ratio=0.013 | primal selected=0.272 | dual mean ratio=0.002 | increase threshold=5.0 | decrease threshold=3.0 | action=held (frozen after 10 unchanged cycles)
[ADMM RHO BOYD] PF | r=3.917480e-03 | s=3.003633e-03 | eps_pri=1.366393e-03 | eps_dual=4.542157e-04 | primal_ratio=2.867022e+00 | dual_ratio=6.612789e+00 | dual_ratio_balance=6.612789e+00 | rho_before=1.320000e-01 | rho_after=1.320000e-01 | gamma_before=0.000000e+00 | gamma_after=0.000000e+00 | action=held (frozen after 10 unchanged cycles)
[ADMM RHO] ESS | primal max ratio=0.008 | primal mean ratio=0.001 | primal selected=0.008 | dual mean ratio=0.000 | increase threshold=5.0 | decrease threshold=5.0 | action=held
[ADMM RHO BOYD] ESS | r=2.397265e-03 | s=3.921327e-04 | eps_pri=1.208915e-03 | eps_dual=7.212450e-04 | primal_ratio=1.982988e+00 | dual_ratio=5.436887e-01 | dual_ratio_balance=5.436887e-01 | rho_before=1.946195e+00 | rho_after=1.946195e+00 | gamma_before=0.000000e+00 | gamma_after=0.000000e+00 | action=held
[ADMM RHO] V | primal max ratio=0.094 | primal mean ratio=0.016 | primal selected=0.094 | dual mean ratio=0.001 | increase threshold=5.0 | decrease threshold=5.0 | action=held (frozen after 10 unchanged cycles)
[ADMM RHO BOYD] V | r=2.860566e-03 | s=2.764298e-04 | eps_pri=3.433256e-03 | eps_dual=2.940510e-04 | primal_ratio=8.331931e-01 | dual_ratio=9.400745e-01 | dual_ratio_balance=9.400745e-01 | rho_before=1.732500e-02 | rho_after=1.732500e-02 | gamma_before=0.000000e+00 | gamma_after=0.000000e+00 | action=held (frozen after 10 unchanged cycles)
[ADMM RHO] PF | primal max ratio=0.271 | primal mean ratio=0.014 | primal selected=0.271 | dual mean ratio=0.002 | increase threshold=5.0 | decrease threshold=3.0 | action=held (frozen after 10 unchanged cycles)
[ADMM RHO BOYD] PF | r=4.004932e-03 | s=2.935339e-03 | eps_pri=1.366569e-03 | eps_dual=4.542017e-04 | primal_ratio=2.930646e+00 | dual_ratio=6.462633e+00 | dual_ratio_balance=6.462633e+00 | rho_before=1.320000e-01 | rho_after=1.320000e-01 | gamma_before=0.000000e+00 | gamma_after=0.000000e+00 | action=held (frozen after 10 unchanged cycles)
[ADMM RHO] ESS | primal max ratio=0.012 | primal mean ratio=0.001 | primal selected=0.012 | dual mean ratio=0.000 | increase threshold=5.0 | decrease threshold=5.0 | action=held
[ADMM RHO BOYD] ESS | r=3.158924e-03 | s=3.851261e-04 | eps_pri=1.210306e-03 | eps_dual=7.212445e-04 | primal_ratio=2.610021e+00 | dual_ratio=5.339743e-01 | dual_ratio_balance=5.339743e-01 | rho_before=1.946195e+00 | rho_after=1.946195e+00 | gamma_before=0.000000e+00 | gamma_after=0.000000e+00 | action=held
[ADMM RHO] V | primal max ratio=0.096 | primal mean ratio=0.016 | primal selected=0.096 | dual mean ratio=0.000 | increase threshold=5.0 | decrease threshold=5.0 | action=held (frozen after 10 unchanged cycles)
[ADMM RHO BOYD] V | r=2.523496e-03 | s=2.665803e-04 | eps_pri=3.433001e-03 | eps_dual=2.940508e-04 | primal_ratio=7.350699e-01 | dual_ratio=9.065791e-01 | dual_ratio_balance=9.065791e-01 | rho_before=1.732500e-02 | rho_after=1.732500e-02 | gamma_before=0.000000e+00 | gamma_after=0.000000e+00 | action=held (frozen after 10 unchanged cycles)
[ADMM RHO] PF | primal max ratio=0.270 | primal mean ratio=0.015 | primal selected=0.270 | dual mean ratio=0.002 | increase threshold=5.0 | decrease threshold=3.0 | action=held (frozen after 10 unchanged cycles)
[ADMM RHO BOYD] PF | r=4.071945e-03 | s=2.868746e-03 | eps_pri=1.366746e-03 | eps_dual=4.541853e-04 | primal_ratio=2.979298e+00 | dual_ratio=6.316247e+00 | dual_ratio_balance=6.316247e+00 | rho_before=1.320000e-01 | rho_after=1.320000e-01 | gamma_before=0.000000e+00 | gamma_after=0.000000e+00 | action=held (frozen after 10 unchanged cycles)
[ADMM RHO] ESS | primal max ratio=0.014 | primal mean ratio=0.001 | primal selected=0.014 | dual mean ratio=0.000 | increase threshold=5.0 | decrease threshold=5.0 | action=increased
[ADMM RHO BOYD] ESS | r=4.027266e-03 | s=3.791706e-04 | eps_pri=1.211662e-03 | eps_dual=7.212441e-04 | primal_ratio=3.323754e+00 | dual_ratio=5.257175e-01 | dual_ratio_balance=5.257175e-01 | rho_before=1.946195e+00 | rho_after=2.919293e+00 | gamma_before=0.000000e+00 | gamma_after=0.000000e+00 | action=increased
[ADMM RHO] V | primal max ratio=0.068 | primal mean ratio=0.008 | primal selected=0.068 | dual mean ratio=0.000 | increase threshold=5.0 | decrease threshold=5.0 | action=held (frozen after 10 unchanged cycles)
[ADMM RHO BOYD] V | r=1.463692e-03 | s=2.625375e-04 | eps_pri=3.432761e-03 | eps_dual=2.940507e-04 | primal_ratio=4.263892e-01 | dual_ratio=8.928309e-01 | dual_ratio_balance=8.928309e-01 | rho_before=1.732500e-02 | rho_after=1.732500e-02 | gamma_before=0.000000e+00 | gamma_after=0.000000e+00 | action=held (frozen after 10 unchanged cycles)
[ADMM RHO] PF | primal max ratio=0.269 | primal mean ratio=0.014 | primal selected=0.269 | dual mean ratio=0.002 | increase threshold=5.0 | decrease threshold=3.0 | action=held (frozen after 10 unchanged cycles)
[ADMM RHO BOYD] PF | r=4.103373e-03 | s=2.803534e-03 | eps_pri=1.366923e-03 | eps_dual=4.541686e-04 | primal_ratio=3.001905e+00 | dual_ratio=6.172893e+00 | dual_ratio_balance=6.172893e+00 | rho_before=1.320000e-01 | rho_after=1.320000e-01 | gamma_before=0.000000e+00 | gamma_after=0.000000e+00 | action=held (frozen after 10 unchanged cycles)
[ADMM RHO] ESS | primal max ratio=0.015 | primal mean ratio=0.001 | primal selected=0.015 | dual mean ratio=0.000 | increase threshold=5.0 | decrease threshold=5.0 | action=increased
[ADMM RHO BOYD] ESS | r=5.260770e-03 | s=3.641166e-04 | eps_pri=1.212929e-03 | eps_dual=7.212437e-04 | primal_ratio=4.337244e+00 | dual_ratio=5.048454e-01 | dual_ratio_balance=5.048454e-01 | rho_before=2.919293e+00 | rho_after=4.378939e+00 | gamma_before=0.000000e+00 | gamma_after=0.000000e+00 | action=increased
[ADMM RHO] V | primal max ratio=0.024 | primal mean ratio=0.005 | primal selected=0.024 | dual mean ratio=0.000 | increase threshold=5.0 | decrease threshold=5.0 | action=held (frozen after 10 unchanged cycles)
[ADMM RHO BOYD] V | r=4.705517e-04 | s=2.600063e-04 | eps_pri=3.432526e-03 | eps_dual=2.940506e-04 | primal_ratio=1.370861e-01 | dual_ratio=8.842230e-01 | dual_ratio_balance=8.842230e-01 | rho_before=1.732500e-02 | rho_after=1.732500e-02 | gamma_before=0.000000e+00 | gamma_after=0.000000e+00 | action=held (frozen after 10 unchanged cycles)
[ADMM RHO] PF | primal max ratio=0.269 | primal mean ratio=0.014 | primal selected=0.269 | dual mean ratio=0.001 | increase threshold=5.0 | decrease threshold=3.0 | action=held (frozen after 10 unchanged cycles)
[ADMM RHO BOYD] PF | r=4.092538e-03 | s=2.741531e-03 | eps_pri=1.367098e-03 | eps_dual=4.541537e-04 | primal_ratio=2.993596e+00 | dual_ratio=6.036570e+00 | dual_ratio_balance=6.036570e+00 | rho_before=1.320000e-01 | rho_after=1.320000e-01 | gamma_before=0.000000e+00 | gamma_after=0.000000e+00 | action=held (frozen after 10 unchanged cycles)
[ADMM RHO] ESS | primal max ratio=0.014 | primal mean ratio=0.001 | primal selected=0.014 | dual mean ratio=0.000 | increase threshold=5.0 | decrease threshold=5.0 | action=increased
[ADMM RHO BOYD] ESS | r=4.515119e-03 | s=3.597953e-04 | eps_pri=1.214139e-03 | eps_dual=7.212433e-04 | primal_ratio=3.718782e+00 | dual_ratio=4.988543e-01 | dual_ratio_balance=4.988543e-01 | rho_before=4.378939e+00 | rho_after=6.568408e+00 | gamma_before=0.000000e+00 | gamma_after=0.000000e+00 | action=increased
[ADMM RHO] V | primal max ratio=0.069 | primal mean ratio=0.005 | primal selected=0.069 | dual mean ratio=0.000 | increase threshold=5.0 | decrease threshold=5.0 | action=held (frozen after 10 unchanged cycles)
[ADMM RHO BOYD] V | r=8.822899e-04 | s=2.558934e-04 | eps_pri=3.432289e-03 | eps_dual=2.940505e-04 | primal_ratio=2.570558e-01 | dual_ratio=8.702361e-01 | dual_ratio_balance=8.702361e-01 | rho_before=1.732500e-02 | rho_after=1.732500e-02 | gamma_before=0.000000e+00 | gamma_after=0.000000e+00 | action=held (frozen after 10 unchanged cycles)
[ADMM RHO] PF | primal max ratio=0.268 | primal mean ratio=0.013 | primal selected=0.268 | dual mean ratio=0.001 | increase threshold=5.0 | decrease threshold=3.0 | action=held (frozen after 10 unchanged cycles)
[ADMM RHO BOYD] PF | r=4.044993e-03 | s=2.685174e-03 | eps_pri=1.367271e-03 | eps_dual=4.541421e-04 | primal_ratio=2.958443e+00 | dual_ratio=5.912631e+00 | dual_ratio_balance=5.912631e+00 | rho_before=1.320000e-01 | rho_after=1.320000e-01 | gamma_before=0.000000e+00 | gamma_after=0.000000e+00 | action=held (frozen after 10 unchanged cycles)
[ADMM RHO] ESS | primal max ratio=0.006 | primal mean ratio=0.001 | primal selected=0.006 | dual mean ratio=0.000 | increase threshold=5.0 | decrease threshold=5.0 | action=held
[ADMM RHO BOYD] ESS | r=2.092246e-03 | s=3.579685e-04 | eps_pri=1.215365e-03 | eps_dual=7.212429e-04 | primal_ratio=1.721495e+00 | dual_ratio=4.963218e-01 | dual_ratio_balance=4.963218e-01 | rho_before=6.568408e+00 | rho_after=6.568408e+00 | gamma_before=0.000000e+00 | gamma_after=0.000000e+00 | action=held
[ADMM RHO] V | primal max ratio=0.099 | primal mean ratio=0.009 | primal selected=0.099 | dual mean ratio=0.000 | increase threshold=5.0 | decrease threshold=5.0 | action=held (frozen after 10 unchanged cycles)
[ADMM RHO BOYD] V | r=2.027584e-03 | s=2.492114e-04 | eps_pri=3.432070e-03 | eps_dual=2.940504e-04 | primal_ratio=5.907760e-01 | dual_ratio=8.475126e-01 | dual_ratio_balance=8.475126e-01 | rho_before=1.732500e-02 | rho_after=1.732500e-02 | gamma_before=0.000000e+00 | gamma_after=0.000000e+00 | action=held (frozen after 10 unchanged cycles)
[ADMM RHO] PF | primal max ratio=0.268 | primal mean ratio=0.012 | primal selected=0.268 | dual mean ratio=0.001 | increase threshold=5.0 | decrease threshold=3.0 | action=held (frozen after 10 unchanged cycles)
[ADMM RHO BOYD] PF | r=3.968900e-03 | s=2.629723e-03 | eps_pri=1.367443e-03 | eps_dual=4.541343e-04 | primal_ratio=2.902424e+00 | dual_ratio=5.790629e+00 | dual_ratio_balance=5.790629e+00 | rho_before=1.320000e-01 | rho_after=1.320000e-01 | gamma_before=0.000000e+00 | gamma_after=0.000000e+00 | action=held (frozen after 10 unchanged cycles)
[ADMM RHO] ESS | primal max ratio=0.004 | primal mean ratio=0.001 | primal selected=0.004 | dual mean ratio=0.000 | increase threshold=5.0 | decrease threshold=5.0 | action=held
[ADMM RHO BOYD] ESS | r=1.923343e-03 | s=3.531141e-04 | eps_pri=1.216621e-03 | eps_dual=7.212424e-04 | primal_ratio=1.580890e+00 | dual_ratio=4.895914e-01 | dual_ratio_balance=4.895914e-01 | rho_before=6.568408e+00 | rho_after=6.568408e+00 | gamma_before=0.000000e+00 | gamma_after=0.000000e+00 | action=held
[ADMM RHO] V | primal max ratio=0.044 | primal mean ratio=0.006 | primal selected=0.044 | dual mean ratio=0.000 | increase threshold=5.0 | decrease threshold=5.0 | action=held (frozen after 10 unchanged cycles)
[ADMM RHO BOYD] V | r=9.540347e-04 | s=2.455130e-04 | eps_pri=3.431853e-03 | eps_dual=2.940503e-04 | primal_ratio=2.779940e-01 | dual_ratio=8.349355e-01 | dual_ratio_balance=8.349355e-01 | rho_before=1.732500e-02 | rho_after=1.732500e-02 | gamma_before=0.000000e+00 | gamma_after=0.000000e+00 | action=held (frozen after 10 unchanged cycles)
[ADMM RHO] PF | primal max ratio=0.267 | primal mean ratio=0.012 | primal selected=0.267 | dual mean ratio=0.001 | increase threshold=5.0 | decrease threshold=3.0 | action=held (frozen after 10 unchanged cycles)
[ADMM RHO BOYD] PF | r=3.876402e-03 | s=2.574064e-03 | eps_pri=1.367615e-03 | eps_dual=4.541308e-04 | primal_ratio=2.834426e+00 | dual_ratio=5.668111e+00 | dual_ratio_balance=5.668111e+00 | rho_before=1.320000e-01 | rho_after=1.320000e-01 | gamma_before=0.000000e+00 | gamma_after=0.000000e+00 | action=held (frozen after 10 unchanged cycles)
[ADMM RHO] ESS | primal max ratio=0.006 | primal mean ratio=0.001 | primal selected=0.006 | dual mean ratio=0.000 | increase threshold=5.0 | decrease threshold=5.0 | action=increased
[ADMM RHO BOYD] ESS | r=3.011476e-03 | s=3.310677e-04 | eps_pri=1.217765e-03 | eps_dual=7.212420e-04 | primal_ratio=2.472954e+00 | dual_ratio=4.590244e-01 | dual_ratio_balance=4.590244e-01 | rho_before=6.568408e+00 | rho_after=9.852613e+00 | gamma_before=0.000000e+00 | gamma_after=0.000000e+00 | action=increased
[ADMM RHO] V | primal max ratio=0.084 | primal mean ratio=0.008 | primal selected=0.084 | dual mean ratio=0.000 | increase threshold=5.0 | decrease threshold=5.0 | action=held (frozen after 10 unchanged cycles)
[ADMM RHO BOYD] V | r=1.545419e-03 | s=2.390456e-04 | eps_pri=3.431644e-03 | eps_dual=2.940502e-04 | primal_ratio=4.503437e-01 | dual_ratio=8.129413e-01 | dual_ratio_balance=8.129413e-01 | rho_before=1.732500e-02 | rho_after=1.732500e-02 | gamma_before=0.000000e+00 | gamma_after=0.000000e+00 | action=held (frozen after 10 unchanged cycles)
[ADMM RHO] PF | primal max ratio=0.266 | primal mean ratio=0.011 | primal selected=0.266 | dual mean ratio=0.001 | increase threshold=5.0 | decrease threshold=3.0 | action=held (frozen after 10 unchanged cycles)
[ADMM RHO BOYD] PF | r=3.799355e-03 | s=2.520837e-03 | eps_pri=1.367784e-03 | eps_dual=4.541317e-04 | primal_ratio=2.777745e+00 | dual_ratio=5.550894e+00 | dual_ratio_balance=5.550894e+00 | rho_before=1.320000e-01 | rho_after=1.320000e-01 | gamma_before=0.000000e+00 | gamma_after=0.000000e+00 | action=held (frozen after 10 unchanged cycles)
[ADMM RHO] ESS | primal max ratio=0.006 | primal mean ratio=0.001 | primal selected=0.006 | dual mean ratio=0.000 | increase threshold=5.0 | decrease threshold=5.0 | action=increased
[ADMM RHO BOYD] ESS | r=3.379067e-03 | s=3.207310e-04 | eps_pri=1.218808e-03 | eps_dual=7.212416e-04 | primal_ratio=2.772436e+00 | dual_ratio=4.446929e-01 | dual_ratio_balance=4.446929e-01 | rho_before=9.852613e+00 | rho_after=1.477892e+01 | gamma_before=0.000000e+00 | gamma_after=0.000000e+00 | action=increased
[ADMM RHO] V | primal max ratio=0.102 | primal mean ratio=0.007 | primal selected=0.102 | dual mean ratio=0.000 | increase threshold=5.0 | decrease threshold=5.0 | action=held (frozen after 10 unchanged cycles)
[ADMM RHO BOYD] V | r=1.525122e-03 | s=2.322259e-04 | eps_pri=3.431451e-03 | eps_dual=2.940502e-04 | primal_ratio=4.444541e-01 | dual_ratio=7.897491e-01 | dual_ratio_balance=7.897491e-01 | rho_before=1.732500e-02 | rho_after=1.732500e-02 | gamma_before=0.000000e+00 | gamma_after=0.000000e+00 | action=held (frozen after 10 unchanged cycles)
[ADMM RHO] PF | primal max ratio=0.264 | primal mean ratio=0.010 | primal selected=0.264 | dual mean ratio=0.001 | increase threshold=5.0 | decrease threshold=3.0 | action=held (frozen after 10 unchanged cycles)
[ADMM RHO BOYD] PF | r=3.760436e-03 | s=2.466650e-03 | eps_pri=1.367950e-03 | eps_dual=4.541368e-04 | primal_ratio=2.748958e+00 | dual_ratio=5.431512e+00 | dual_ratio_balance=5.431512e+00 | rho_before=1.320000e-01 | rho_after=1.320000e-01 | gamma_before=0.000000e+00 | gamma_after=0.000000e+00 | action=held (frozen after 10 unchanged cycles)
[ADMM RHO] ESS | primal max ratio=0.006 | primal mean ratio=0.001 | primal selected=0.006 | dual mean ratio=0.000 | increase threshold=5.0 | decrease threshold=5.0 | action=increased
[ADMM RHO BOYD] ESS | r=2.944114e-03 | s=3.181275e-04 | eps_pri=1.219833e-03 | eps_dual=7.212411e-04 | primal_ratio=2.413539e+00 | dual_ratio=4.410834e-01 | dual_ratio_balance=4.410834e-01 | rho_before=1.477892e+01 | rho_after=2.216838e+01 | gamma_before=0.000000e+00 | gamma_after=0.000000e+00 | action=increased
[ADMM RHO] V | primal max ratio=0.068 | primal mean ratio=0.015 | primal selected=0.068 | dual mean ratio=0.000 | increase threshold=5.0 | decrease threshold=5.0 | action=held (frozen after 10 unchanged cycles)
[ADMM RHO BOYD] V | r=2.023646e-03 | s=2.198667e-04 | eps_pri=3.431265e-03 | eps_dual=2.940499e-04 | primal_ratio=5.897666e-01 | dual_ratio=7.477189e-01 | dual_ratio_balance=7.477189e-01 | rho_before=1.732500e-02 | rho_after=1.732500e-02 | gamma_before=0.000000e+00 | gamma_after=0.000000e+00 | action=held (frozen after 10 unchanged cycles)
[ADMM RHO] PF | primal max ratio=0.259 | primal mean ratio=0.009 | primal selected=0.259 | dual mean ratio=0.001 | increase threshold=5.0 | decrease threshold=3.0 | action=held (frozen after 10 unchanged cycles)
[ADMM RHO BOYD] PF | r=3.701606e-03 | s=2.411211e-03 | eps_pri=1.368112e-03 | eps_dual=4.541460e-04 | primal_ratio=2.705632e+00 | dual_ratio=5.309331e+00 | dual_ratio_balance=5.309331e+00 | rho_before=1.320000e-01 | rho_after=1.320000e-01 | gamma_before=0.000000e+00 | gamma_after=0.000000e+00 | action=held (frozen after 10 unchanged cycles)
[ADMM RHO] ESS | primal max ratio=0.012 | primal mean ratio=0.001 | primal selected=0.012 | dual mean ratio=0.000 | increase threshold=5.0 | decrease threshold=5.0 | action=increased
[ADMM RHO BOYD] ESS | r=4.428229e-03 | s=3.163763e-04 | eps_pri=1.220873e-03 | eps_dual=7.212405e-04 | primal_ratio=3.627101e+00 | dual_ratio=4.386558e-01 | dual_ratio_balance=4.386558e-01 | rho_before=2.216838e+01 | rho_after=3.325257e+01 | gamma_before=0.000000e+00 | gamma_after=0.000000e+00 | action=increased
[ADMM RHO] V | primal max ratio=0.114 | primal mean ratio=0.017 | primal selected=0.114 | dual mean ratio=0.000 | increase threshold=5.0 | decrease threshold=5.0 | action=held (frozen after 10 unchanged cycles)
[ADMM RHO BOYD] V | r=2.709339e-03 | s=2.108968e-04 | eps_pri=3.431117e-03 | eps_dual=2.940498e-04 | primal_ratio=7.896375e-01 | dual_ratio=7.172145e-01 | dual_ratio_balance=7.172145e-01 | rho_before=1.732500e-02 | rho_after=1.732500e-02 | gamma_before=0.000000e+00 | gamma_after=0.000000e+00 | action=held (frozen after 10 unchanged cycles)
[ADMM RHO] PF | primal max ratio=0.261 | primal mean ratio=0.008 | primal selected=0.261 | dual mean ratio=0.001 | increase threshold=5.0 | decrease threshold=3.0 | action=held (frozen after 10 unchanged cycles)
[ADMM RHO BOYD] PF | r=3.754190e-03 | s=2.356053e-03 | eps_pri=1.368269e-03 | eps_dual=4.541589e-04 | primal_ratio=2.743751e+00 | dual_ratio=5.187730e+00 | dual_ratio_balance=5.187730e+00 | rho_before=1.320000e-01 | rho_after=1.320000e-01 | gamma_before=0.000000e+00 | gamma_after=0.000000e+00 | action=held (frozen after 10 unchanged cycles)
[ADMM RHO] ESS | primal max ratio=0.010 | primal mean ratio=0.001 | primal selected=0.010 | dual mean ratio=0.000 | increase threshold=5.0 | decrease threshold=5.0 | action=increased
[ADMM RHO BOYD] ESS | r=3.147511e-03 | s=3.146967e-04 | eps_pri=1.221942e-03 | eps_dual=7.212400e-04 | primal_ratio=2.575826e+00 | dual_ratio=4.363273e-01 | dual_ratio_balance=4.363273e-01 | rho_before=3.325257e+01 | rho_after=4.987885e+01 | gamma_before=0.000000e+00 | gamma_after=0.000000e+00 | action=increased
[ADMM RHO] V | primal max ratio=0.097 | primal mean ratio=0.014 | primal selected=0.097 | dual mean ratio=0.000 | increase threshold=5.0 | decrease threshold=5.0 | action=held (frozen after 10 unchanged cycles)
[ADMM RHO BOYD] V | r=2.347055e-03 | s=2.008230e-04 | eps_pri=3.430977e-03 | eps_dual=2.940496e-04 | primal_ratio=6.840776e-01 | dual_ratio=6.829562e-01 | dual_ratio_balance=6.829562e-01 | rho_before=1.732500e-02 | rho_after=1.732500e-02 | gamma_before=0.000000e+00 | gamma_after=0.000000e+00 | action=held (frozen after 10 unchanged cycles)
[ADMM RHO] PF | primal max ratio=0.259 | primal mean ratio=0.007 | primal selected=0.259 | dual mean ratio=0.001 | increase threshold=5.0 | decrease threshold=3.0 | action=held (frozen after 10 unchanged cycles)
[ADMM RHO BOYD] PF | r=3.728119e-03 | s=2.304811e-03 | eps_pri=1.368423e-03 | eps_dual=4.541746e-04 | primal_ratio=2.724391e+00 | dual_ratio=5.074723e+00 | dual_ratio_balance=5.074723e+00 | rho_before=1.320000e-01 | rho_after=1.320000e-01 | gamma_before=0.000000e+00 | gamma_after=0.000000e+00 | action=held (frozen after 10 unchanged cycles)
[ADMM RHO] ESS | primal max ratio=0.009 | primal mean ratio=0.001 | primal selected=0.009 | dual mean ratio=0.000 | increase threshold=5.0 | decrease threshold=5.0 | action=increased
[ADMM RHO BOYD] ESS | r=3.456103e-03 | s=3.040681e-04 | eps_pri=1.222944e-03 | eps_dual=7.212395e-04 | primal_ratio=2.826051e+00 | dual_ratio=4.215910e-01 | dual_ratio_balance=4.215910e-01 | rho_before=4.987885e+01 | rho_after=7.481828e+01 | gamma_before=0.000000e+00 | gamma_after=0.000000e+00 | action=increased
[ADMM RHO] V | primal max ratio=0.066 | primal mean ratio=0.008 | primal selected=0.066 | dual mean ratio=0.000 | increase threshold=5.0 | decrease threshold=5.0 | action=held (frozen after 10 unchanged cycles)
[ADMM RHO BOYD] V | r=1.282638e-03 | s=1.957388e-04 | eps_pri=3.430831e-03 | eps_dual=2.940495e-04 | primal_ratio=3.738564e-01 | dual_ratio=6.656659e-01 | dual_ratio_balance=6.656659e-01 | rho_before=1.732500e-02 | rho_after=1.732500e-02 | gamma_before=0.000000e+00 | gamma_after=0.000000e+00 | action=held (frozen after 10 unchanged cycles)
[ADMM RHO] PF | primal max ratio=0.259 | primal mean ratio=0.008 | primal selected=0.259 | dual mean ratio=0.001 | increase threshold=5.0 | decrease threshold=3.0 | action=held (frozen after 10 unchanged cycles)
[ADMM RHO BOYD] PF | r=3.704486e-03 | s=2.255088e-03 | eps_pri=1.368573e-03 | eps_dual=4.541931e-04 | primal_ratio=2.706824e+00 | dual_ratio=4.965042e+00 | dual_ratio_balance=4.965042e+00 | rho_before=1.320000e-01 | rho_after=1.320000e-01 | gamma_before=0.000000e+00 | gamma_after=0.000000e+00 | action=held (frozen after 10 unchanged cycles)
[ADMM RHO] ESS | primal max ratio=0.008 | primal mean ratio=0.001 | primal selected=0.008 | dual mean ratio=0.000 | increase threshold=5.0 | decrease threshold=5.0 | action=increased
[ADMM RHO BOYD] ESS | r=3.868271e-03 | s=2.868463e-04 | eps_pri=1.223848e-03 | eps_dual=7.212390e-04 | primal_ratio=3.160744e+00 | dual_ratio=3.977132e-01 | dual_ratio_balance=3.977132e-01 | rho_before=7.481828e+01 | rho_after=1.122274e+02 | gamma_before=0.000000e+00 | gamma_after=0.000000e+00 | action=increased
[ADMM RHO] V | primal max ratio=0.072 | primal mean ratio=0.007 | primal selected=0.072 | dual mean ratio=0.000 | increase threshold=5.0 | decrease threshold=5.0 | action=held (frozen after 10 unchanged cycles)
[ADMM RHO BOYD] V | r=1.533165e-03 | s=1.892079e-04 | eps_pri=3.430685e-03 | eps_dual=2.940494e-04 | primal_ratio=4.468976e-01 | dual_ratio=6.434561e-01 | dual_ratio_balance=6.434561e-01 | rho_before=1.732500e-02 | rho_after=1.732500e-02 | gamma_before=0.000000e+00 | gamma_after=0.000000e+00 | action=held (frozen after 10 unchanged cycles)
[ADMM RHO] PF | primal max ratio=0.259 | primal mean ratio=0.008 | primal selected=0.259 | dual mean ratio=0.001 | increase threshold=5.0 | decrease threshold=3.0 | action=held (frozen after 10 unchanged cycles)
[ADMM RHO BOYD] PF | r=3.664994e-03 | s=2.211342e-03 | eps_pri=1.368719e-03 | eps_dual=4.542135e-04 | primal_ratio=2.677682e+00 | dual_ratio=4.868509e+00 | dual_ratio_balance=4.868509e+00 | rho_before=1.320000e-01 | rho_after=1.320000e-01 | gamma_before=0.000000e+00 | gamma_after=0.000000e+00 | action=held (frozen after 10 unchanged cycles)
[ADMM RHO] ESS | primal max ratio=0.008 | primal mean ratio=0.001 | primal selected=0.008 | dual mean ratio=0.000 | increase threshold=5.0 | decrease threshold=5.0 | action=increased
[ADMM RHO BOYD] ESS | r=3.860470e-03 | s=2.805691e-04 | eps_pri=1.224720e-03 | eps_dual=7.212384e-04 | primal_ratio=3.152126e+00 | dual_ratio=3.890102e-01 | dual_ratio_balance=3.890102e-01 | rho_before=1.122274e+02 | rho_after=1.683411e+02 | gamma_before=0.000000e+00 | gamma_after=0.000000e+00 | action=increased
[ADMM RHO] V | primal max ratio=0.075 | primal mean ratio=0.007 | primal selected=0.075 | dual mean ratio=0.000 | increase threshold=5.0 | decrease threshold=5.0 | action=held (frozen after 10 unchanged cycles)
[ADMM RHO BOYD] V | r=1.525523e-03 | s=1.840145e-04 | eps_pri=3.430539e-03 | eps_dual=2.940494e-04 | primal_ratio=4.446891e-01 | dual_ratio=6.257948e-01 | dual_ratio_balance=6.257948e-01 | rho_before=1.732500e-02 | rho_after=1.732500e-02 | gamma_before=0.000000e+00 | gamma_after=0.000000e+00 | action=held (frozen after 10 unchanged cycles)
[ADMM RHO] PF | primal max ratio=0.258 | primal mean ratio=0.008 | primal selected=0.258 | dual mean ratio=0.001 | increase threshold=5.0 | decrease threshold=3.0 | action=held (frozen after 10 unchanged cycles)
[ADMM RHO BOYD] PF | r=3.625012e-03 | s=2.169104e-03 | eps_pri=1.368862e-03 | eps_dual=4.542350e-04 | primal_ratio=2.648194e+00 | dual_ratio=4.775292e+00 | dual_ratio_balance=4.775292e+00 | rho_before=1.320000e-01 | rho_after=1.320000e-01 | gamma_before=0.000000e+00 | gamma_after=0.000000e+00 | action=held (frozen after 10 unchanged cycles)
[ADMM RHO] ESS | primal max ratio=0.008 | primal mean ratio=0.001 | primal selected=0.008 | dual mean ratio=0.000 | increase threshold=5.0 | decrease threshold=5.0 | action=increased
[ADMM RHO BOYD] ESS | r=3.284337e-03 | s=2.787137e-04 | eps_pri=1.225603e-03 | eps_dual=7.212379e-04 | primal_ratio=2.679772e+00 | dual_ratio=3.864380e-01 | dual_ratio_balance=3.864380e-01 | rho_before=1.683411e+02 | rho_after=2.525117e+02 | gamma_before=0.000000e+00 | gamma_after=0.000000e+00 | action=increased
[ADMM RHO] V | primal max ratio=0.023 | primal mean ratio=0.003 | primal selected=0.023 | dual mean ratio=0.000 | increase threshold=5.0 | decrease threshold=5.0 | action=held (frozen after 10 unchanged cycles)
[ADMM RHO BOYD] V | r=4.619664e-04 | s=1.823080e-04 | eps_pri=3.430394e-03 | eps_dual=2.940493e-04 | primal_ratio=1.346686e-01 | dual_ratio=6.199913e-01 | dual_ratio_balance=6.199913e-01 | rho_before=1.732500e-02 | rho_after=1.732500e-02 | gamma_before=0.000000e+00 | gamma_after=0.000000e+00 | action=held (frozen after 10 unchanged cycles)
[ADMM RHO] PF | primal max ratio=0.258 | primal mean ratio=0.008 | primal selected=0.258 | dual mean ratio=0.001 | increase threshold=5.0 | decrease threshold=3.0 | action=held (frozen after 10 unchanged cycles)
[ADMM RHO BOYD] PF | r=3.591436e-03 | s=2.128866e-03 | eps_pri=1.369001e-03 | eps_dual=4.542568e-04 | primal_ratio=2.623398e+00 | dual_ratio=4.686481e+00 | dual_ratio_balance=4.686481e+00 | rho_before=1.320000e-01 | rho_after=1.320000e-01 | gamma_before=0.000000e+00 | gamma_after=0.000000e+00 | action=held (frozen after 10 unchanged cycles)
[ADMM RHO] ESS | primal max ratio=0.008 | primal mean ratio=0.001 | primal selected=0.008 | dual mean ratio=0.000 | increase threshold=5.0 | decrease threshold=5.0 | action=increased
[ADMM RHO BOYD] ESS | r=3.098703e-03 | s=2.762392e-04 | eps_pri=1.226494e-03 | eps_dual=7.212374e-04 | primal_ratio=2.526472e+00 | dual_ratio=3.830073e-01 | dual_ratio_balance=3.830073e-01 | rho_before=2.525117e+02 | rho_after=3.787675e+02 | gamma_before=0.000000e+00 | gamma_after=0.000000e+00 | action=increased
[ADMM RHO] V | primal max ratio=0.015 | primal mean ratio=0.003 | primal selected=0.015 | dual mean ratio=0.000 | increase threshold=5.0 | decrease threshold=5.0 | action=held (frozen after 10 unchanged cycles)
[ADMM RHO BOYD] V | r=3.140018e-04 | s=1.801316e-04 | eps_pri=3.430253e-03 | eps_dual=2.940493e-04 | primal_ratio=9.153898e-02 | dual_ratio=6.125898e-01 | dual_ratio_balance=6.125898e-01 | rho_before=1.732500e-02 | rho_after=1.732500e-02 | gamma_before=0.000000e+00 | gamma_after=0.000000e+00 | action=held (frozen after 10 unchanged cycles)
[ADMM RHO] PF | primal max ratio=0.257 | primal mean ratio=0.008 | primal selected=0.257 | dual mean ratio=0.001 | increase threshold=5.0 | decrease threshold=3.0 | action=held (frozen after 10 unchanged cycles)
[ADMM RHO BOYD] PF | r=3.563732e-03 | s=2.088582e-03 | eps_pri=1.369139e-03 | eps_dual=4.542782e-04 | primal_ratio=2.602901e+00 | dual_ratio=4.597582e+00 | dual_ratio_balance=4.597582e+00 | rho_before=1.320000e-01 | rho_after=1.320000e-01 | gamma_before=0.000000e+00 | gamma_after=0.000000e+00 | action=held (frozen after 10 unchanged cycles)
[ADMM RHO] ESS | primal max ratio=0.009 | primal mean ratio=0.001 | primal selected=0.009 | dual mean ratio=0.000 | increase threshold=5.0 | decrease threshold=5.0 | action=increased
[ADMM RHO BOYD] ESS | r=3.113935e-03 | s=2.737639e-04 | eps_pri=1.227385e-03 | eps_dual=7.212369e-04 | primal_ratio=2.537048e+00 | dual_ratio=3.795756e-01 | dual_ratio_balance=3.795756e-01 | rho_before=3.787675e+02 | rho_after=5.681513e+02 | gamma_before=0.000000e+00 | gamma_after=0.000000e+00 | action=increased
[ADMM RHO] V | primal max ratio=0.076 | primal mean ratio=0.005 | primal selected=0.076 | dual mean ratio=0.000 | increase threshold=5.0 | decrease threshold=5.0 | action=held (frozen after 10 unchanged cycles)
[ADMM RHO BOYD] V | r=1.305610e-03 | s=1.755797e-04 | eps_pri=3.430116e-03 | eps_dual=2.940493e-04 | primal_ratio=3.806313e-01 | dual_ratio=5.971098e-01 | dual_ratio_balance=5.971098e-01 | rho_before=1.732500e-02 | rho_after=1.732500e-02 | gamma_before=0.000000e+00 | gamma_after=0.000000e+00 | action=held (frozen after 10 unchanged cycles)
[ADMM RHO] PF | primal max ratio=0.257 | primal mean ratio=0.008 | primal selected=0.257 | dual mean ratio=0.001 | increase threshold=5.0 | decrease threshold=3.0 | action=held (frozen after 10 unchanged cycles)
[ADMM RHO BOYD] PF | r=3.573876e-03 | s=2.049140e-03 | eps_pri=1.369274e-03 | eps_dual=4.542986e-04 | primal_ratio=2.610052e+00 | dual_ratio=4.510557e+00 | dual_ratio_balance=4.510557e+00 | rho_before=1.320000e-01 | rho_after=1.320000e-01 | gamma_before=0.000000e+00 | gamma_after=0.000000e+00 | action=held (frozen after 10 unchanged cycles)
[ADMM RHO] ESS | primal max ratio=0.009 | primal mean ratio=0.001 | primal selected=0.009 | dual mean ratio=0.000 | increase threshold=5.0 | decrease threshold=5.0 | action=increased
[ADMM RHO BOYD] ESS | r=3.247361e-03 | s=2.715630e-04 | eps_pri=1.228272e-03 | eps_dual=7.212364e-04 | primal_ratio=2.643844e+00 | dual_ratio=3.765243e-01 | dual_ratio_balance=3.765243e-01 | rho_before=5.681513e+02 | rho_after=8.522269e+02 | gamma_before=0.000000e+00 | gamma_after=0.000000e+00 | action=increased
[ADMM RHO] V | primal max ratio=0.049 | primal mean ratio=0.004 | primal selected=0.049 | dual mean ratio=0.000 | increase threshold=5.0 | decrease threshold=5.0 | action=held (frozen after 10 unchanged cycles)
[ADMM RHO BOYD] V | r=7.956446e-04 | s=1.732250e-04 | eps_pri=3.429979e-03 | eps_dual=2.940492e-04 | primal_ratio=2.319678e-01 | dual_ratio=5.891020e-01 | dual_ratio_balance=5.891020e-01 | rho_before=1.732500e-02 | rho_after=1.732500e-02 | gamma_before=0.000000e+00 | gamma_after=0.000000e+00 | action=held (frozen after 10 unchanged cycles)
[ADMM RHO] PF | primal max ratio=0.256 | primal mean ratio=0.008 | primal selected=0.256 | dual mean ratio=0.001 | increase threshold=5.0 | decrease threshold=3.0 | action=held (frozen after 10 unchanged cycles)
[ADMM RHO BOYD] PF | r=3.532988e-03 | s=2.012429e-03 | eps_pri=1.369405e-03 | eps_dual=4.543175e-04 | primal_ratio=2.579944e+00 | dual_ratio=4.429565e+00 | dual_ratio_balance=4.429565e+00 | rho_before=1.320000e-01 | rho_after=1.320000e-01 | gamma_before=0.000000e+00 | gamma_after=0.000000e+00 | action=held (frozen after 10 unchanged cycles)
[ADMM RHO] ESS | primal max ratio=0.009 | primal mean ratio=0.001 | primal selected=0.009 | dual mean ratio=0.000 | increase threshold=5.0 | decrease threshold=5.0 | action=increased
[ADMM RHO BOYD] ESS | r=3.257198e-03 | s=2.706394e-04 | eps_pri=1.229166e-03 | eps_dual=7.212359e-04 | primal_ratio=2.649926e+00 | dual_ratio=3.752439e-01 | dual_ratio_balance=3.752439e-01 | rho_before=8.522269e+02 | rho_after=1.278340e+03 | gamma_before=0.000000e+00 | gamma_after=0.000000e+00 | action=increased
[ADMM RHO] V | primal max ratio=0.031 | primal mean ratio=0.003 | primal selected=0.031 | dual mean ratio=0.000 | increase threshold=5.0 | decrease threshold=5.0 | action=held (frozen after 10 unchanged cycles)
[ADMM RHO BOYD] V | r=5.366468e-04 | s=1.704708e-04 | eps_pri=3.429845e-03 | eps_dual=2.940492e-04 | primal_ratio=1.564639e-01 | dual_ratio=5.797357e-01 | dual_ratio_balance=5.797357e-01 | rho_before=1.732500e-02 | rho_after=1.732500e-02 | gamma_before=0.000000e+00 | gamma_after=0.000000e+00 | action=held (frozen after 10 unchanged cycles)
[ADMM RHO] PF | primal max ratio=0.256 | primal mean ratio=0.007 | primal selected=0.256 | dual mean ratio=0.001 | increase threshold=5.0 | decrease threshold=3.0 | action=held (frozen after 10 unchanged cycles)
[ADMM RHO BOYD] PF | r=3.507937e-03 | s=1.976509e-03 | eps_pri=1.369534e-03 | eps_dual=4.543346e-04 | primal_ratio=2.561408e+00 | dual_ratio=4.350337e+00 | dual_ratio_balance=4.350337e+00 | rho_before=1.320000e-01 | rho_after=1.320000e-01 | gamma_before=0.000000e+00 | gamma_after=0.000000e+00 | action=held (frozen after 10 unchanged cycles)
[ADMM RHO] ESS | primal max ratio=0.009 | primal mean ratio=0.001 | primal selected=0.009 | dual mean ratio=0.000 | increase threshold=5.0 | decrease threshold=5.0 | action=increased
[ADMM RHO BOYD] ESS | r=3.178149e-03 | s=2.684549e-04 | eps_pri=1.230064e-03 | eps_dual=7.212354e-04 | primal_ratio=2.583727e+00 | dual_ratio=3.722153e-01 | dual_ratio_balance=3.722153e-01 | rho_before=1.278340e+03 | rho_after=1.917511e+03 | gamma_before=0.000000e+00 | gamma_after=0.000000e+00 | action=increased
[ADMM RHO] V | primal max ratio=0.056 | primal mean ratio=0.008 | primal selected=0.056 | dual mean ratio=0.000 | increase threshold=5.0 | decrease threshold=5.0 | action=held (frozen after 10 unchanged cycles)
[ADMM RHO BOYD] V | r=1.560648e-03 | s=1.629168e-04 | eps_pri=3.429723e-03 | eps_dual=2.940491e-04 | primal_ratio=4.550362e-01 | dual_ratio=5.540462e-01 | dual_ratio_balance=5.540462e-01 | rho_before=1.732500e-02 | rho_after=1.732500e-02 | gamma_before=0.000000e+00 | gamma_after=0.000000e+00 | action=held (frozen after 10 unchanged cycles)
[ADMM RHO] PF | primal max ratio=0.256 | primal mean ratio=0.006 | primal selected=0.256 | dual mean ratio=0.001 | increase threshold=5.0 | decrease threshold=3.0 | action=held (frozen after 10 unchanged cycles)
[ADMM RHO BOYD] PF | r=3.495580e-03 | s=1.941681e-03 | eps_pri=1.369664e-03 | eps_dual=4.543499e-04 | primal_ratio=2.552144e+00 | dual_ratio=4.273537e+00 | dual_ratio_balance=4.273537e+00 | rho_before=1.320000e-01 | rho_after=1.320000e-01 | gamma_before=0.000000e+00 | gamma_after=0.000000e+00 | action=held (frozen after 10 unchanged cycles)
[ADMM RHO] ESS | primal max ratio=0.010 | primal mean ratio=0.001 | primal selected=0.010 | dual mean ratio=0.000 | increase threshold=5.0 | decrease threshold=5.0 | action=increased
[ADMM RHO BOYD] ESS | r=3.582820e-03 | s=2.585955e-04 | eps_pri=1.230935e-03 | eps_dual=7.212349e-04 | primal_ratio=2.910649e+00 | dual_ratio=3.585454e-01 | dual_ratio_balance=3.585454e-01 | rho_before=1.917511e+03 | rho_after=2.876266e+03 | gamma_before=0.000000e+00 | gamma_after=0.000000e+00 | action=increased
[ADMM RHO] V | primal max ratio=0.053 | primal mean ratio=0.006 | primal selected=0.053 | dual mean ratio=0.000 | increase threshold=5.0 | decrease threshold=5.0 | action=held (frozen after 10 unchanged cycles)
[ADMM RHO BOYD] V | r=1.207570e-03 | s=1.590907e-04 | eps_pri=3.429606e-03 | eps_dual=2.940490e-04 | primal_ratio=3.521018e-01 | dual_ratio=5.410345e-01 | dual_ratio_balance=5.410345e-01 | rho_before=1.732500e-02 | rho_after=1.732500e-02 | gamma_before=0.000000e+00 | gamma_after=0.000000e+00 | action=held (frozen after 10 unchanged cycles)
[ADMM RHO] PF | primal max ratio=0.256 | primal mean ratio=0.006 | primal selected=0.256 | dual mean ratio=0.001 | increase threshold=5.0 | decrease threshold=3.0 | action=held (frozen after 10 unchanged cycles)
[ADMM RHO BOYD] PF | r=3.496590e-03 | s=1.907166e-03 | eps_pri=1.369793e-03 | eps_dual=4.543636e-04 | primal_ratio=2.552641e+00 | dual_ratio=4.197444e+00 | dual_ratio_balance=4.197444e+00 | rho_before=1.320000e-01 | rho_after=1.320000e-01 | gamma_before=0.000000e+00 | gamma_after=0.000000e+00 | action=held (frozen after 10 unchanged cycles)
[ADMM RHO] ESS | primal max ratio=0.010 | primal mean ratio=0.001 | primal selected=0.010 | dual mean ratio=0.000 | increase threshold=5.0 | decrease threshold=5.0 | action=increased
[ADMM RHO BOYD] ESS | r=3.869287e-03 | s=2.543665e-04 | eps_pri=1.231797e-03 | eps_dual=7.212344e-04 | primal_ratio=3.141172e+00 | dual_ratio=3.526822e-01 | dual_ratio_balance=3.526822e-01 | rho_before=2.876266e+03 | rho_after=4.314399e+03 | gamma_before=0.000000e+00 | gamma_after=0.000000e+00 | action=increased
[ADMM RHO] V | primal max ratio=0.032 | primal mean ratio=0.004 | primal selected=0.032 | dual mean ratio=0.000 | increase threshold=5.0 | decrease threshold=5.0 | action=held (frozen after 10 unchanged cycles)
[ADMM RHO BOYD] V | r=6.723560e-04 | s=1.565978e-04 | eps_pri=3.429492e-03 | eps_dual=2.940490e-04 | primal_ratio=1.960512e-01 | dual_ratio=5.325568e-01 | dual_ratio_balance=5.325568e-01 | rho_before=1.732500e-02 | rho_after=1.732500e-02 | gamma_before=0.000000e+00 | gamma_after=0.000000e+00 | action=held (frozen after 10 unchanged cycles)
[ADMM RHO] PF | primal max ratio=0.256 | primal mean ratio=0.006 | primal selected=0.256 | dual mean ratio=0.001 | increase threshold=5.0 | decrease threshold=3.0 | action=held (frozen after 10 unchanged cycles)
[ADMM RHO BOYD] PF | r=3.503753e-03 | s=1.872202e-03 | eps_pri=1.369922e-03 | eps_dual=4.543759e-04 | primal_ratio=2.557629e+00 | dual_ratio=4.120381e+00 | dual_ratio_balance=4.120381e+00 | rho_before=1.320000e-01 | rho_after=1.320000e-01 | gamma_before=0.000000e+00 | gamma_after=0.000000e+00 | action=held (frozen after 10 unchanged cycles)
[ADMM RHO] ESS | primal max ratio=0.009 | primal mean ratio=0.001 | primal selected=0.009 | dual mean ratio=0.000 | increase threshold=5.0 | decrease threshold=5.0 | action=increased
[ADMM RHO BOYD] ESS | r=3.344026e-03 | s=2.525247e-04 | eps_pri=1.232663e-03 | eps_dual=7.212339e-04 | primal_ratio=2.712846e+00 | dual_ratio=3.501287e-01 | dual_ratio_balance=3.501287e-01 | rho_before=4.314399e+03 | rho_after=6.471598e+03 | gamma_before=0.000000e+00 | gamma_after=0.000000e+00 | action=increased
[ADMM RHO] V | primal max ratio=0.033 | primal mean ratio=0.004 | primal selected=0.033 | dual mean ratio=0.000 | increase threshold=5.0 | decrease threshold=5.0 | action=held (frozen after 10 unchanged cycles)
[ADMM RHO BOYD] V | r=7.239145e-04 | s=1.533031e-04 | eps_pri=3.429380e-03 | eps_dual=2.940490e-04 | primal_ratio=2.110920e-01 | dual_ratio=5.213524e-01 | dual_ratio_balance=5.213524e-01 | rho_before=1.732500e-02 | rho_after=1.732500e-02 | gamma_before=0.000000e+00 | gamma_after=0.000000e+00 | action=held (frozen after 10 unchanged cycles)
[ADMM RHO] PF | primal max ratio=0.256 | primal mean ratio=0.007 | primal selected=0.256 | dual mean ratio=0.001 | increase threshold=5.0 | decrease threshold=3.0 | action=held (frozen after 10 unchanged cycles)
[ADMM RHO BOYD] PF | r=3.550984e-03 | s=1.835394e-03 | eps_pri=1.370052e-03 | eps_dual=4.543871e-04 | primal_ratio=2.591861e+00 | dual_ratio=4.039274e+00 | dual_ratio_balance=4.039274e+00 | rho_before=1.320000e-01 | rho_after=1.320000e-01 | gamma_before=0.000000e+00 | gamma_after=0.000000e+00 | action=held (frozen after 10 unchanged cycles)
[ADMM RHO] ESS | primal max ratio=0.009 | primal mean ratio=0.001 | primal selected=0.009 | dual mean ratio=0.000 | increase threshold=5.0 | decrease threshold=5.0 | action=increased
[ADMM RHO BOYD] ESS | r=2.969493e-03 | s=2.518964e-04 | eps_pri=1.233530e-03 | eps_dual=7.212334e-04 | primal_ratio=2.407313e+00 | dual_ratio=3.492578e-01 | dual_ratio_balance=3.492578e-01 | rho_before=6.471598e+03 | rho_after=9.707397e+03 | gamma_before=0.000000e+00 | gamma_after=0.000000e+00 | action=increased
[ADMM RHO] V | primal max ratio=0.062 | primal mean ratio=0.005 | primal selected=0.062 | dual mean ratio=0.000 | increase threshold=5.0 | decrease threshold=5.0 | action=held (frozen after 10 unchanged cycles)
[ADMM RHO BOYD] V | r=1.186023e-03 | s=1.489693e-04 | eps_pri=3.429264e-03 | eps_dual=2.940489e-04 | primal_ratio=3.458534e-01 | dual_ratio=5.066141e-01 | dual_ratio_balance=5.066141e-01 | rho_before=1.732500e-02 | rho_after=1.732500e-02 | gamma_before=0.000000e+00 | gamma_after=0.000000e+00 | action=held (frozen after 10 unchanged cycles)
[ADMM RHO] PF | primal max ratio=0.256 | primal mean ratio=0.007 | primal selected=0.256 | dual mean ratio=0.001 | increase threshold=5.0 | decrease threshold=3.0 | action=held (frozen after 10 unchanged cycles)
[ADMM RHO BOYD] PF | r=3.515730e-03 | s=1.802712e-03 | eps_pri=1.370176e-03 | eps_dual=4.543977e-04 | primal_ratio=2.565896e+00 | dual_ratio=3.967256e+00 | dual_ratio_balance=3.967256e+00 | rho_before=1.320000e-01 | rho_after=1.320000e-01 | gamma_before=0.000000e+00 | gamma_after=0.000000e+00 | action=held (frozen after 10 unchanged cycles)
[ADMM RHO] ESS | primal max ratio=0.009 | primal mean ratio=0.001 | primal selected=0.009 | dual mean ratio=0.000 | increase threshold=5.0 | decrease threshold=5.0 | action=increased
[ADMM RHO BOYD] ESS | r=3.025286e-03 | s=2.502322e-04 | eps_pri=1.234394e-03 | eps_dual=7.212330e-04 | primal_ratio=2.450827e+00 | dual_ratio=3.469505e-01 | dual_ratio_balance=3.469505e-01 | rho_before=9.707397e+03 | rho_after=1.000000e+04 | gamma_before=0.000000e+00 | gamma_after=0.000000e+00 | action=increased
[ADMM RHO] V | primal max ratio=0.059 | primal mean ratio=0.004 | primal selected=0.059 | dual mean ratio=0.000 | increase threshold=5.0 | decrease threshold=5.0 | action=held (frozen after 10 unchanged cycles)
[ADMM RHO BOYD] V | r=1.019125e-03 | s=1.449749e-04 | eps_pri=3.429141e-03 | eps_dual=2.940489e-04 | primal_ratio=2.971954e-01 | dual_ratio=4.930299e-01 | dual_ratio_balance=4.930299e-01 | rho_before=1.732500e-02 | rho_after=1.732500e-02 | gamma_before=0.000000e+00 | gamma_after=0.000000e+00 | action=held (frozen after 10 unchanged cycles)
[ADMM RHO] PF | primal max ratio=0.255 | primal mean ratio=0.007 | primal selected=0.255 | dual mean ratio=0.001 | increase threshold=5.0 | decrease threshold=3.0 | action=held (frozen after 10 unchanged cycles)
[ADMM RHO BOYD] PF | r=3.501322e-03 | s=1.772329e-03 | eps_pri=1.370299e-03 | eps_dual=4.544077e-04 | primal_ratio=2.555151e+00 | dual_ratio=3.900306e+00 | dual_ratio_balance=3.900306e+00 | rho_before=1.320000e-01 | rho_after=1.320000e-01 | gamma_before=0.000000e+00 | gamma_after=0.000000e+00 | action=held (frozen after 10 unchanged cycles)
[ADMM RHO] ESS | primal max ratio=0.009 | primal mean ratio=0.001 | primal selected=0.009 | dual mean ratio=0.000 | increase threshold=5.0 | decrease threshold=5.0 | action=increased
[ADMM RHO BOYD] ESS | r=3.177839e-03 | s=2.470396e-04 | eps_pri=1.235252e-03 | eps_dual=7.212325e-04 | primal_ratio=2.572624e+00 | dual_ratio=3.425243e-01 | dual_ratio_balance=3.425243e-01 | rho_before=1.000000e+04 | rho_after=1.000000e+04 | gamma_before=0.000000e+00 | gamma_after=0.000000e+00 | action=increased
[ADMM RHO] V | primal max ratio=0.057 | primal mean ratio=0.005 | primal selected=0.057 | dual mean ratio=0.000 | increase threshold=5.0 | decrease threshold=5.0 | action=held (frozen after 10 unchanged cycles)
[ADMM RHO BOYD] V | r=1.177364e-03 | s=1.402137e-04 | eps_pri=3.429035e-03 | eps_dual=2.940488e-04 | primal_ratio=3.433513e-01 | dual_ratio=4.768380e-01 | dual_ratio_balance=4.768380e-01 | rho_before=1.732500e-02 | rho_after=1.732500e-02 | gamma_before=0.000000e+00 | gamma_after=0.000000e+00 | action=held (frozen after 10 unchanged cycles)
[ADMM RHO] PF | primal max ratio=0.255 | primal mean ratio=0.008 | primal selected=0.255 | dual mean ratio=0.001 | increase threshold=5.0 | decrease threshold=3.0 | action=held (frozen after 10 unchanged cycles)
[ADMM RHO BOYD] PF | r=3.491509e-03 | s=1.742842e-03 | eps_pri=1.370422e-03 | eps_dual=4.544175e-04 | primal_ratio=2.547762e+00 | dual_ratio=3.835332e+00 | dual_ratio_balance=3.835332e+00 | rho_before=1.320000e-01 | rho_after=1.320000e-01 | gamma_before=0.000000e+00 | gamma_after=0.000000e+00 | action=held (frozen after 10 unchanged cycles)
[ADMM RHO] ESS | primal max ratio=0.009 | primal mean ratio=0.001 | primal selected=0.009 | dual mean ratio=0.000 | increase threshold=5.0 | decrease threshold=5.0 | action=increased
[ADMM RHO BOYD] ESS | r=3.191572e-03 | s=2.453929e-04 | eps_pri=1.236111e-03 | eps_dual=7.212321e-04 | primal_ratio=2.581945e+00 | dual_ratio=3.402413e-01 | dual_ratio_balance=3.402413e-01 | rho_before=1.000000e+04 | rho_after=1.000000e+04 | gamma_before=0.000000e+00 | gamma_after=0.000000e+00 | action=increased
[ADMM RHO] V | primal max ratio=0.046 | primal mean ratio=0.004 | primal selected=0.046 | dual mean ratio=0.000 | increase threshold=5.0 | decrease threshold=5.0 | action=held (frozen after 10 unchanged cycles)
[ADMM RHO BOYD] V | r=9.874796e-04 | s=1.373463e-04 | eps_pri=3.428938e-03 | eps_dual=2.940488e-04 | primal_ratio=2.879841e-01 | dual_ratio=4.670869e-01 | dual_ratio_balance=4.670869e-01 | rho_before=1.732500e-02 | rho_after=1.732500e-02 | gamma_before=0.000000e+00 | gamma_after=0.000000e+00 | action=held (frozen after 10 unchanged cycles)
[ADMM RHO] PF | primal max ratio=0.255 | primal mean ratio=0.008 | primal selected=0.255 | dual mean ratio=0.001 | increase threshold=5.0 | decrease threshold=3.0 | action=held (frozen after 10 unchanged cycles)
[ADMM RHO BOYD] PF | r=3.482576e-03 | s=1.713606e-03 | eps_pri=1.370544e-03 | eps_dual=4.544272e-04 | primal_ratio=2.541018e+00 | dual_ratio=3.770914e+00 | dual_ratio_balance=3.770914e+00 | rho_before=1.320000e-01 | rho_after=1.320000e-01 | gamma_before=0.000000e+00 | gamma_after=0.000000e+00 | action=held (frozen after 10 unchanged cycles)
[ADMM RHO] ESS | primal max ratio=0.009 | primal mean ratio=0.001 | primal selected=0.009 | dual mean ratio=0.000 | increase threshold=5.0 | decrease threshold=5.0 | action=increased
[ADMM RHO BOYD] ESS | r=2.944654e-03 | s=2.453147e-04 | eps_pri=1.236981e-03 | eps_dual=7.212316e-04 | primal_ratio=2.380518e+00 | dual_ratio=3.401331e-01 | dual_ratio_balance=3.401331e-01 | rho_before=1.000000e+04 | rho_after=1.000000e+04 | gamma_before=0.000000e+00 | gamma_after=0.000000e+00 | action=increased
[ADMM RHO] V | primal max ratio=0.019 | primal mean ratio=0.002 | primal selected=0.019 | dual mean ratio=0.000 | increase threshold=5.0 | decrease threshold=5.0 | action=held (frozen after 10 unchanged cycles)
[ADMM RHO BOYD] V | r=3.441995e-04 | s=1.360046e-04 | eps_pri=3.428845e-03 | eps_dual=2.940488e-04 | primal_ratio=1.003835e-01 | dual_ratio=4.625238e-01 | dual_ratio_balance=4.625238e-01 | rho_before=1.732500e-02 | rho_after=1.732500e-02 | gamma_before=0.000000e+00 | gamma_after=0.000000e+00 | action=held (frozen after 10 unchanged cycles)
[ADMM RHO] PF | primal max ratio=0.254 | primal mean ratio=0.008 | primal selected=0.254 | dual mean ratio=0.001 | increase threshold=5.0 | decrease threshold=3.0 | action=held (frozen after 10 unchanged cycles)
[ADMM RHO BOYD] PF | r=3.475220e-03 | s=1.684957e-03 | eps_pri=1.370664e-03 | eps_dual=4.544369e-04 | primal_ratio=2.535428e+00 | dual_ratio=3.707790e+00 | dual_ratio_balance=3.707790e+00 | rho_before=1.320000e-01 | rho_after=1.320000e-01 | gamma_before=0.000000e+00 | gamma_after=0.000000e+00 | action=held (frozen after 10 unchanged cycles)
[ADMM RHO] ESS | primal max ratio=0.009 | primal mean ratio=0.001 | primal selected=0.009 | dual mean ratio=0.000 | increase threshold=5.0 | decrease threshold=5.0 | action=increased
[ADMM RHO BOYD] ESS | r=3.006845e-03 | s=2.444991e-04 | eps_pri=1.237853e-03 | eps_dual=7.212312e-04 | primal_ratio=2.429080e+00 | dual_ratio=3.390023e-01 | dual_ratio_balance=3.390023e-01 | rho_before=1.000000e+04 | rho_after=1.000000e+04 | gamma_before=0.000000e+00 | gamma_after=0.000000e+00 | action=increased
[ADMM RHO] V | primal max ratio=0.040 | primal mean ratio=0.003 | primal selected=0.040 | dual mean ratio=0.000 | increase threshold=5.0 | decrease threshold=5.0 | action=held (frozen after 10 unchanged cycles)
[ADMM RHO BOYD] V | r=6.591193e-04 | s=1.339495e-04 | eps_pri=3.428757e-03 | eps_dual=2.940487e-04 | primal_ratio=1.922327e-01 | dual_ratio=4.555352e-01 | dual_ratio_balance=4.555352e-01 | rho_before=1.732500e-02 | rho_after=1.732500e-02 | gamma_before=0.000000e+00 | gamma_after=0.000000e+00 | action=held (frozen after 10 unchanged cycles)
[ADMM RHO] PF | primal max ratio=0.254 | primal mean ratio=0.008 | primal selected=0.254 | dual mean ratio=0.001 | increase threshold=5.0 | decrease threshold=3.0 | action=held (frozen after 10 unchanged cycles)
[ADMM RHO BOYD] PF | r=3.472341e-03 | s=1.647173e-03 | eps_pri=1.370783e-03 | eps_dual=4.544470e-04 | primal_ratio=2.533107e+00 | dual_ratio=3.624566e+00 | dual_ratio_balance=3.624566e+00 | rho_before=1.320000e-01 | rho_after=1.320000e-01 | gamma_before=0.000000e+00 | gamma_after=0.000000e+00 | action=held (frozen after 10 unchanged cycles)
[ADMM RHO] ESS | primal max ratio=0.009 | primal mean ratio=0.001 | primal selected=0.009 | dual mean ratio=0.000 | increase threshold=5.0 | decrease threshold=5.0 | action=increased
[ADMM RHO BOYD] ESS | r=3.189776e-03 | s=2.435759e-04 | eps_pri=1.238727e-03 | eps_dual=7.212307e-04 | primal_ratio=2.575043e+00 | dual_ratio=3.377226e-01 | dual_ratio_balance=3.377226e-01 | rho_before=1.000000e+04 | rho_after=1.000000e+04 | gamma_before=0.000000e+00 | gamma_after=0.000000e+00 | action=increased
[ADMM RHO] V | primal max ratio=0.022 | primal mean ratio=0.002 | primal selected=0.022 | dual mean ratio=0.000 | increase threshold=5.0 | decrease threshold=5.0 | action=held (frozen after 10 unchanged cycles)
[ADMM RHO BOYD] V | r=3.506618e-04 | s=1.327404e-04 | eps_pri=3.428672e-03 | eps_dual=2.940487e-04 | primal_ratio=1.022733e-01 | dual_ratio=4.514230e-01 | dual_ratio_balance=4.514230e-01 | rho_before=1.732500e-02 | rho_after=1.732500e-02 | gamma_before=0.000000e+00 | gamma_after=0.000000e+00 | action=held (frozen after 10 unchanged cycles)
[ADMM RHO] PF | primal max ratio=0.254 | primal mean ratio=0.008 | primal selected=0.254 | dual mean ratio=0.001 | increase threshold=5.0 | decrease threshold=3.0 | action=held (frozen after 10 unchanged cycles)
[ADMM RHO BOYD] PF | r=3.472251e-03 | s=1.616279e-03 | eps_pri=1.370901e-03 | eps_dual=4.544581e-04 | primal_ratio=2.532824e+00 | dual_ratio=3.556496e+00 | dual_ratio_balance=3.556496e+00 | rho_before=1.320000e-01 | rho_after=1.320000e-01 | gamma_before=0.000000e+00 | gamma_after=0.000000e+00 | action=held (frozen after 10 unchanged cycles)
[ADMM RHO] ESS | primal max ratio=0.009 | primal mean ratio=0.001 | primal selected=0.009 | dual mean ratio=0.000 | increase threshold=5.0 | decrease threshold=5.0 | action=increased
[ADMM RHO BOYD] ESS | r=3.406247e-03 | s=2.405937e-04 | eps_pri=1.239593e-03 | eps_dual=7.212303e-04 | primal_ratio=2.747875e+00 | dual_ratio=3.335879e-01 | dual_ratio_balance=3.335879e-01 | rho_before=1.000000e+04 | rho_after=1.000000e+04 | gamma_before=0.000000e+00 | gamma_after=0.000000e+00 | action=increased
[ADMM RHO] V | primal max ratio=0.029 | primal mean ratio=0.002 | primal selected=0.029 | dual mean ratio=0.000 | increase threshold=5.0 | decrease threshold=5.0 | action=held (frozen after 10 unchanged cycles)
[ADMM RHO BOYD] V | r=4.353429e-04 | s=1.310085e-04 | eps_pri=3.428586e-03 | eps_dual=2.940487e-04 | primal_ratio=1.269745e-01 | dual_ratio=4.455334e-01 | dual_ratio_balance=4.455334e-01 | rho_before=1.732500e-02 | rho_after=1.732500e-02 | gamma_before=0.000000e+00 | gamma_after=0.000000e+00 | action=held (frozen after 10 unchanged cycles)
[ADMM RHO] PF | primal max ratio=0.254 | primal mean ratio=0.008 | primal selected=0.254 | dual mean ratio=0.001 | increase threshold=5.0 | decrease threshold=3.0 | action=held (frozen after 10 unchanged cycles)
[ADMM RHO BOYD] PF | r=3.469010e-03 | s=1.589230e-03 | eps_pri=1.371017e-03 | eps_dual=4.544699e-04 | primal_ratio=2.530245e+00 | dual_ratio=3.496887e+00 | dual_ratio_balance=3.496887e+00 | rho_before=1.320000e-01 | rho_after=1.320000e-01 | gamma_before=0.000000e+00 | gamma_after=0.000000e+00 | action=held (frozen after 10 unchanged cycles)
[ADMM RHO] ESS | primal max ratio=0.009 | primal mean ratio=0.001 | primal selected=0.009 | dual mean ratio=0.000 | increase threshold=5.0 | decrease threshold=5.0 | action=increased
[ADMM RHO BOYD] ESS | r=3.450035e-03 | s=2.376419e-04 | eps_pri=1.240443e-03 | eps_dual=7.212299e-04 | primal_ratio=2.781292e+00 | dual_ratio=3.294954e-01 | dual_ratio_balance=3.294954e-01 | rho_before=1.000000e+04 | rho_after=1.000000e+04 | gamma_before=0.000000e+00 | gamma_after=0.000000e+00 | action=increased
[ADMM RHO] V | primal max ratio=0.024 | primal mean ratio=0.002 | primal selected=0.024 | dual mean ratio=0.000 | increase threshold=5.0 | decrease threshold=5.0 | action=held (frozen after 10 unchanged cycles)
[ADMM RHO BOYD] V | r=3.649720e-04 | s=1.296682e-04 | eps_pri=3.428499e-03 | eps_dual=2.940487e-04 | primal_ratio=1.064524e-01 | dual_ratio=4.409751e-01 | dual_ratio_balance=4.409751e-01 | rho_before=1.732500e-02 | rho_after=1.732500e-02 | gamma_before=0.000000e+00 | gamma_after=0.000000e+00 | action=held (frozen after 10 unchanged cycles)
[ADMM RHO] PF | primal max ratio=0.249 | primal mean ratio=0.008 | primal selected=0.249 | dual mean ratio=0.001 | increase threshold=5.0 | decrease threshold=3.0 | action=held (frozen after 10 unchanged cycles)
[ADMM RHO BOYD] PF | r=3.399112e-03 | s=1.563413e-03 | eps_pri=1.371130e-03 | eps_dual=4.544823e-04 | primal_ratio=2.479058e+00 | dual_ratio=3.439988e+00 | dual_ratio_balance=3.439988e+00 | rho_before=1.320000e-01 | rho_after=1.320000e-01 | gamma_before=0.000000e+00 | gamma_after=0.000000e+00 | action=held (frozen after 10 unchanged cycles)
[ADMM RHO] ESS | primal max ratio=0.009 | primal mean ratio=0.001 | primal selected=0.009 | dual mean ratio=0.000 | increase threshold=5.0 | decrease threshold=5.0 | action=increased
[ADMM RHO BOYD] ESS | r=3.348741e-03 | s=2.348371e-04 | eps_pri=1.241278e-03 | eps_dual=7.212294e-04 | primal_ratio=2.697818e+00 | dual_ratio=3.256066e-01 | dual_ratio_balance=3.256066e-01 | rho_before=1.000000e+04 | rho_after=1.000000e+04 | gamma_before=0.000000e+00 | gamma_after=0.000000e+00 | action=increased
[ADMM RHO] V | primal max ratio=0.042 | primal mean ratio=0.004 | primal selected=0.042 | dual mean ratio=0.000 | increase threshold=5.0 | decrease threshold=5.0 | action=held (frozen after 10 unchanged cycles)
[ADMM RHO BOYD] V | r=8.098654e-04 | s=1.259771e-04 | eps_pri=3.428416e-03 | eps_dual=2.940486e-04 | primal_ratio=2.362214e-01 | dual_ratio=4.284228e-01 | dual_ratio_balance=4.284228e-01 | rho_before=1.732500e-02 | rho_after=1.732500e-02 | gamma_before=0.000000e+00 | gamma_after=0.000000e+00 | action=held (frozen after 10 unchanged cycles)
[ADMM RHO] PF | primal max ratio=0.216 | primal mean ratio=0.006 | primal selected=0.216 | dual mean ratio=0.001 | increase threshold=5.0 | decrease threshold=3.0 | action=held (frozen after 10 unchanged cycles)
[ADMM RHO BOYD] PF | r=2.950035e-03 | s=1.554719e-03 | eps_pri=1.371240e-03 | eps_dual=4.544948e-04 | primal_ratio=2.151362e+00 | dual_ratio=3.420763e+00 | dual_ratio_balance=3.420763e+00 | rho_before=1.320000e-01 | rho_after=1.320000e-01 | gamma_before=0.000000e+00 | gamma_after=0.000000e+00 | action=held (frozen after 10 unchanged cycles)
[ADMM RHO] ESS | primal max ratio=0.009 | primal mean ratio=0.001 | primal selected=0.009 | dual mean ratio=0.000 | increase threshold=5.0 | decrease threshold=5.0 | action=increased
[ADMM RHO BOYD] ESS | r=3.058009e-03 | s=2.327865e-04 | eps_pri=1.242114e-03 | eps_dual=7.212290e-04 | primal_ratio=2.461938e+00 | dual_ratio=3.227637e-01 | dual_ratio_balance=3.227637e-01 | rho_before=1.000000e+04 | rho_after=1.000000e+04 | gamma_before=0.000000e+00 | gamma_after=0.000000e+00 | action=increased
[ADMM RHO] V | primal max ratio=0.034 | primal mean ratio=0.004 | primal selected=0.034 | dual mean ratio=0.000 | increase threshold=5.0 | decrease threshold=5.0 | action=held (frozen after 10 unchanged cycles)
[ADMM RHO BOYD] V | r=8.474141e-04 | s=1.234858e-04 | eps_pri=3.428335e-03 | eps_dual=2.940486e-04 | primal_ratio=2.471795e-01 | dual_ratio=4.199504e-01 | dual_ratio_balance=4.199504e-01 | rho_before=1.732500e-02 | rho_after=1.732500e-02 | gamma_before=0.000000e+00 | gamma_after=0.000000e+00 | action=held (frozen after 10 unchanged cycles)
[ADMM RHO] PF | primal max ratio=0.165 | primal mean ratio=0.006 | primal selected=0.165 | dual mean ratio=0.001 | increase threshold=5.0 | decrease threshold=3.0 | action=held (frozen after 10 unchanged cycles)
[ADMM RHO BOYD] PF | r=2.277099e-03 | s=1.554707e-03 | eps_pri=1.371347e-03 | eps_dual=4.545070e-04 | primal_ratio=1.660483e+00 | dual_ratio=3.420644e+00 | dual_ratio_balance=3.420644e+00 | rho_before=1.320000e-01 | rho_after=1.320000e-01 | gamma_before=0.000000e+00 | gamma_after=0.000000e+00 | action=held (frozen after 10 unchanged cycles)
[ADMM RHO] ESS | primal max ratio=0.008 | primal mean ratio=0.001 | primal selected=0.008 | dual mean ratio=0.000 | increase threshold=5.0 | decrease threshold=5.0 | action=increased
[ADMM RHO BOYD] ESS | r=2.813401e-03 | s=2.312690e-04 | eps_pri=1.242956e-03 | eps_dual=7.212286e-04 | primal_ratio=2.263476e+00 | dual_ratio=3.206597e-01 | dual_ratio_balance=3.206597e-01 | rho_before=1.000000e+04 | rho_after=1.000000e+04 | gamma_before=0.000000e+00 | gamma_after=0.000000e+00 | action=increased
[ADMM RHO] V | primal max ratio=0.015 | primal mean ratio=0.002 | primal selected=0.015 | dual mean ratio=0.000 | increase threshold=5.0 | decrease threshold=5.0 | action=held (frozen after 10 unchanged cycles)
[ADMM RHO BOYD] V | r=2.888634e-04 | s=1.224533e-04 | eps_pri=3.428256e-03 | eps_dual=2.940486e-04 | primal_ratio=8.425957e-02 | dual_ratio=4.164390e-01 | dual_ratio_balance=4.164390e-01 | rho_before=1.732500e-02 | rho_after=1.732500e-02 | gamma_before=0.000000e+00 | gamma_after=0.000000e+00 | action=held (frozen after 10 unchanged cycles)
[ADMM RHO] PF | primal max ratio=0.107 | primal mean ratio=0.005 | primal selected=0.107 | dual mean ratio=0.001 | increase threshold=5.0 | decrease threshold=3.0 | action=held (frozen after 10 unchanged cycles)
[ADMM RHO BOYD] PF | r=1.542299e-03 | s=1.546231e-03 | eps_pri=1.371452e-03 | eps_dual=4.545182e-04 | primal_ratio=1.124574e+00 | dual_ratio=3.401911e+00 | dual_ratio_balance=3.401911e+00 | rho_before=1.320000e-01 | rho_after=1.320000e-01 | gamma_before=0.000000e+00 | gamma_after=0.000000e+00 | action=held (frozen after 10 unchanged cycles)
[ADMM RHO] ESS | primal max ratio=0.006 | primal mean ratio=0.001 | primal selected=0.006 | dual mean ratio=0.000 | increase threshold=5.0 | decrease threshold=5.0 | action=increased
[ADMM RHO BOYD] ESS | r=2.397796e-03 | s=2.302015e-04 | eps_pri=1.243795e-03 | eps_dual=7.212282e-04 | primal_ratio=1.927806e+00 | dual_ratio=3.191799e-01 | dual_ratio_balance=3.191799e-01 | rho_before=1.000000e+04 | rho_after=1.000000e+04 | gamma_before=0.000000e+00 | gamma_after=0.000000e+00 | action=increased
[ADMM RHO] V | primal max ratio=0.028 | primal mean ratio=0.003 | primal selected=0.028 | dual mean ratio=0.000 | increase threshold=5.0 | decrease threshold=5.0 | action=held (frozen after 10 unchanged cycles)
[ADMM RHO BOYD] V | r=4.861756e-04 | s=1.199759e-04 | eps_pri=3.428181e-03 | eps_dual=2.940486e-04 | primal_ratio=1.418174e-01 | dual_ratio=4.080139e-01 | dual_ratio_balance=4.080139e-01 | rho_before=1.732500e-02 | rho_after=1.732500e-02 | gamma_before=0.000000e+00 | gamma_after=0.000000e+00 | action=held (frozen after 10 unchanged cycles)
[ADMM RHO] PF | primal max ratio=0.049 | primal mean ratio=0.005 | primal selected=0.049 | dual mean ratio=0.001 | increase threshold=5.0 | decrease threshold=3.0 | action=held (frozen after 10 unchanged cycles)
[ADMM RHO BOYD] PF | r=9.820470e-04 | s=1.271343e-03 | eps_pri=1.371523e-03 | eps_dual=4.545267e-04 | primal_ratio=7.160264e-01 | dual_ratio=2.797071e+00 | dual_ratio_balance=2.797071e+00 | rho_before=1.320000e-01 | rho_after=1.320000e-01 | gamma_before=0.000000e+00 | gamma_after=0.000000e+00 | action=held (frozen after 10 unchanged cycles)
[ADMM RHO] ESS | primal max ratio=0.004 | primal mean ratio=0.001 | primal selected=0.004 | dual mean ratio=0.000 | increase threshold=5.0 | decrease threshold=5.0 | action=held
[ADMM RHO BOYD] ESS | r=1.745013e-03 | s=2.294574e-04 | eps_pri=1.244632e-03 | eps_dual=7.212278e-04 | primal_ratio=1.402031e+00 | dual_ratio=3.181484e-01 | dual_ratio_balance=3.181484e-01 | rho_before=1.000000e+04 | rho_after=1.000000e+04 | gamma_before=0.000000e+00 | gamma_after=0.000000e+00 | action=held
[ADMM RHO] V | primal max ratio=0.050 | primal mean ratio=0.003 | primal selected=0.050 | dual mean ratio=0.000 | increase threshold=5.0 | decrease threshold=5.0 | action=held (frozen after 10 unchanged cycles)
[ADMM RHO BOYD] V | r=8.815269e-04 | s=1.168986e-04 | eps_pri=3.428109e-03 | eps_dual=2.940485e-04 | primal_ratio=2.571467e-01 | dual_ratio=3.975488e-01 | dual_ratio_balance=3.975488e-01 | rho_before=1.732500e-02 | rho_after=1.732500e-02 | gamma_before=0.000000e+00 | gamma_after=0.000000e+00 | action=held (frozen after 10 unchanged cycles)
[ADMM RHO] PF | primal max ratio=0.016 | primal mean ratio=0.006 | primal selected=0.016 | dual mean ratio=0.001 | increase threshold=5.0 | decrease threshold=3.0 | action=held (frozen after 10 unchanged cycles)
[ADMM RHO BOYD] PF | r=9.087824e-04 | s=1.226906e-03 | eps_pri=1.371594e-03 | eps_dual=4.545324e-04 | primal_ratio=6.625738e-01 | dual_ratio=2.699271e+00 | dual_ratio_balance=2.699271e+00 | rho_before=1.320000e-01 | rho_after=1.320000e-01 | gamma_before=0.000000e+00 | gamma_after=0.000000e+00 | action=held (frozen after 10 unchanged cycles)
[ADMM RHO] ESS | primal max ratio=0.004 | primal mean ratio=0.001 | primal selected=0.004 | dual mean ratio=0.000 | increase threshold=5.0 | decrease threshold=5.0 | action=held
[ADMM RHO BOYD] ESS | r=1.606408e-03 | s=2.278483e-04 | eps_pri=1.245469e-03 | eps_dual=7.212274e-04 | primal_ratio=1.289801e+00 | dual_ratio=3.159174e-01 | dual_ratio_balance=3.159174e-01 | rho_before=1.000000e+04 | rho_after=1.000000e+04 | gamma_before=0.000000e+00 | gamma_after=0.000000e+00 | action=held
[ADMM RHO] V | primal max ratio=0.025 | primal mean ratio=0.002 | primal selected=0.025 | dual mean ratio=0.000 | increase threshold=5.0 | decrease threshold=5.0 | action=held (frozen after 10 unchanged cycles)
[ADMM RHO BOYD] V | r=3.767235e-04 | s=1.156251e-04 | eps_pri=3.428035e-03 | eps_dual=2.940485e-04 | primal_ratio=1.098949e-01 | dual_ratio=3.932178e-01 | dual_ratio_balance=3.932178e-01 | rho_before=1.732500e-02 | rho_after=1.732500e-02 | gamma_before=0.000000e+00 | gamma_after=0.000000e+00 | action=held (frozen after 10 unchanged cycles)
[ADMM RHO] PF | primal max ratio=0.042 | primal mean ratio=0.006 | primal selected=0.042 | dual mean ratio=0.001 | increase threshold=5.0 | decrease threshold=3.0 | action=held (frozen after 10 unchanged cycles)
[ADMM RHO BOYD] PF | r=1.125706e-03 | s=1.182429e-03 | eps_pri=1.371665e-03 | eps_dual=4.545354e-04 | primal_ratio=8.206857e-01 | dual_ratio=2.601402e+00 | dual_ratio_balance=2.601402e+00 | rho_before=1.320000e-01 | rho_after=1.320000e-01 | gamma_before=0.000000e+00 | gamma_after=0.000000e+00 | action=held (frozen after 10 unchanged cycles)
[ADMM RHO] ESS | primal max ratio=0.003 | primal mean ratio=0.001 | primal selected=0.003 | dual mean ratio=0.000 | increase threshold=5.0 | decrease threshold=5.0 | action=held
[ADMM RHO BOYD] ESS | r=1.546713e-03 | s=2.262870e-04 | eps_pri=1.246303e-03 | eps_dual=7.212270e-04 | primal_ratio=1.241041e+00 | dual_ratio=3.137528e-01 | dual_ratio_balance=3.137528e-01 | rho_before=1.000000e+04 | rho_after=1.000000e+04 | gamma_before=0.000000e+00 | gamma_after=0.000000e+00 | action=held
[ADMM RHO] V | primal max ratio=0.010 | primal mean ratio=0.002 | primal selected=0.010 | dual mean ratio=0.000 | increase threshold=5.0 | decrease threshold=5.0 | action=held (frozen after 10 unchanged cycles)
[ADMM RHO BOYD] V | r=1.754745e-04 | s=1.147522e-04 | eps_pri=3.427963e-03 | eps_dual=2.940485e-04 | primal_ratio=5.118915e-02 | dual_ratio=3.902492e-01 | dual_ratio_balance=3.902492e-01 | rho_before=1.732500e-02 | rho_after=1.732500e-02 | gamma_before=0.000000e+00 | gamma_after=0.000000e+00 | action=held (frozen after 10 unchanged cycles)
[ADMM RHO] PF | primal max ratio=0.069 | primal mean ratio=0.006 | primal selected=0.069 | dual mean ratio=0.001 | increase threshold=5.0 | decrease threshold=3.0 | action=held (frozen after 10 unchanged cycles)
[ADMM RHO BOYD] PF | r=1.300734e-03 | s=1.143494e-03 | eps_pri=1.371735e-03 | eps_dual=4.545358e-04 | primal_ratio=9.482397e-01 | dual_ratio=2.515740e+00 | dual_ratio_balance=2.515740e+00 | rho_before=1.320000e-01 | rho_after=1.320000e-01 | gamma_before=0.000000e+00 | gamma_after=0.000000e+00 | action=held (frozen after 10 unchanged cycles)
[ADMM RHO] ESS | primal max ratio=0.002 | primal mean ratio=0.001 | primal selected=0.002 | dual mean ratio=0.000 | increase threshold=5.0 | decrease threshold=5.0 | action=held
[ADMM RHO BOYD] ESS | r=1.392117e-03 | s=2.252922e-04 | eps_pri=1.247142e-03 | eps_dual=7.212266e-04 | primal_ratio=1.116246e+00 | dual_ratio=3.123737e-01 | dual_ratio_balance=3.123737e-01 | rho_before=1.000000e+04 | rho_after=1.000000e+04 | gamma_before=0.000000e+00 | gamma_after=0.000000e+00 | action=held
[ADMM RHO] V | primal max ratio=0.017 | primal mean ratio=0.002 | primal selected=0.017 | dual mean ratio=0.000 | increase threshold=5.0 | decrease threshold=5.0 | action=held (frozen after 10 unchanged cycles)
[ADMM RHO BOYD] V | r=2.689130e-04 | s=1.127756e-04 | eps_pri=3.427890e-03 | eps_dual=2.940485e-04 | primal_ratio=7.844855e-02 | dual_ratio=3.835274e-01 | dual_ratio_balance=3.835274e-01 | rho_before=1.732500e-02 | rho_after=1.732500e-02 | gamma_before=0.000000e+00 | gamma_after=0.000000e+00 | action=held (frozen after 10 unchanged cycles)
[ADMM RHO] PF | primal max ratio=0.082 | primal mean ratio=0.006 | primal selected=0.082 | dual mean ratio=0.001 | increase threshold=5.0 | decrease threshold=3.0 | action=held (frozen after 10 unchanged cycles)
[ADMM RHO BOYD] PF | r=1.344384e-03 | s=1.113572e-03 | eps_pri=1.371806e-03 | eps_dual=4.545339e-04 | primal_ratio=9.800106e-01 | dual_ratio=2.449920e+00 | dual_ratio_balance=2.449920e+00 | rho_before=1.320000e-01 | rho_after=1.320000e-01 | gamma_before=0.000000e+00 | gamma_after=0.000000e+00 | action=held (frozen after 10 unchanged cycles)
[ADMM RHO] ESS | primal max ratio=0.005 | primal mean ratio=0.001 | primal selected=0.005 | dual mean ratio=0.000 | increase threshold=5.0 | decrease threshold=5.0 | action=held
[ADMM RHO BOYD] ESS | r=1.498545e-03 | s=2.242664e-04 | eps_pri=1.247978e-03 | eps_dual=7.212262e-04 | primal_ratio=1.200778e+00 | dual_ratio=3.109515e-01 | dual_ratio_balance=3.109515e-01 | rho_before=1.000000e+04 | rho_after=1.000000e+04 | gamma_before=0.000000e+00 | gamma_after=0.000000e+00 | action=held
[ADMM RHO] V | primal max ratio=0.053 | primal mean ratio=0.003 | primal selected=0.053 | dual mean ratio=0.000 | increase threshold=5.0 | decrease threshold=5.0 | action=held (frozen after 10 unchanged cycles)
[ADMM RHO BOYD] V | r=7.012397e-04 | s=1.093578e-04 | eps_pri=3.427814e-03 | eps_dual=2.940484e-04 | primal_ratio=2.045734e-01 | dual_ratio=3.719040e-01 | dual_ratio_balance=3.719040e-01 | rho_before=1.732500e-02 | rho_after=1.732500e-02 | gamma_before=0.000000e+00 | gamma_after=0.000000e+00 | action=held (frozen after 10 unchanged cycles)
[ADMM RHO] PF | primal max ratio=0.082 | primal mean ratio=0.005 | primal selected=0.082 | dual mean ratio=0.001 | increase threshold=5.0 | decrease threshold=3.0 | action=held (frozen after 10 unchanged cycles)
[ADMM RHO BOYD] PF | r=1.275196e-03 | s=1.091018e-03 | eps_pri=1.371876e-03 | eps_dual=4.545298e-04 | primal_ratio=9.295269e-01 | dual_ratio=2.400323e+00 | dual_ratio_balance=2.400323e+00 | rho_before=1.320000e-01 | rho_after=1.320000e-01 | gamma_before=0.000000e+00 | gamma_after=0.000000e+00 | action=held (frozen after 10 unchanged cycles)
[ADMM RHO] ESS | primal max ratio=0.004 | primal mean ratio=0.001 | primal selected=0.004 | dual mean ratio=0.000 | increase threshold=5.0 | decrease threshold=5.0 | action=held
[ADMM RHO BOYD] ESS | r=1.413303e-03 | s=2.236619e-04 | eps_pri=1.248816e-03 | eps_dual=7.212258e-04 | primal_ratio=1.131714e+00 | dual_ratio=3.101136e-01 | dual_ratio_balance=3.101136e-01 | rho_before=1.000000e+04 | rho_after=1.000000e+04 | gamma_before=0.000000e+00 | gamma_after=0.000000e+00 | action=held
[ADMM RHO] V | primal max ratio=0.089 | primal mean ratio=0.005 | primal selected=0.089 | dual mean ratio=0.000 | increase threshold=5.0 | decrease threshold=5.0 | action=held (frozen after 10 unchanged cycles)
[ADMM RHO BOYD] V | r=1.483684e-03 | s=1.025751e-04 | eps_pri=3.427742e-03 | eps_dual=2.940484e-04 | primal_ratio=4.328459e-01 | dual_ratio=3.488374e-01 | dual_ratio_balance=3.488374e-01 | rho_before=1.732500e-02 | rho_after=1.732500e-02 | gamma_before=0.000000e+00 | gamma_after=0.000000e+00 | action=held (frozen after 10 unchanged cycles)
[ADMM RHO] PF | primal max ratio=0.073 | primal mean ratio=0.004 | primal selected=0.073 | dual mean ratio=0.001 | increase threshold=5.0 | decrease threshold=3.0 | action=held (frozen after 10 unchanged cycles)
[ADMM RHO BOYD] PF | r=1.216942e-03 | s=1.065921e-03 | eps_pri=1.371946e-03 | eps_dual=4.545240e-04 | primal_ratio=8.870189e-01 | dual_ratio=2.345137e+00 | dual_ratio_balance=2.345137e+00 | rho_before=1.320000e-01 | rho_after=1.320000e-01 | gamma_before=0.000000e+00 | gamma_after=0.000000e+00 | action=held (frozen after 10 unchanged cycles)
[ADMM RHO] ESS | primal max ratio=0.004 | primal mean ratio=0.001 | primal selected=0.004 | dual mean ratio=0.000 | increase threshold=5.0 | decrease threshold=5.0 | action=held
[ADMM RHO BOYD] ESS | r=1.566660e-03 | s=2.221488e-04 | eps_pri=1.249652e-03 | eps_dual=7.212254e-04 | primal_ratio=1.253677e+00 | dual_ratio=3.080158e-01 | dual_ratio_balance=3.080158e-01 | rho_before=1.000000e+04 | rho_after=1.000000e+04 | gamma_before=0.000000e+00 | gamma_after=0.000000e+00 | action=held
[ADMM RHO] V | primal max ratio=0.037 | primal mean ratio=0.002 | primal selected=0.037 | dual mean ratio=0.000 | increase threshold=5.0 | decrease threshold=5.0 | action=held (frozen after 10 unchanged cycles)
[ADMM RHO BOYD] V | r=5.577386e-04 | s=1.010729e-04 | eps_pri=3.427674e-03 | eps_dual=2.940484e-04 | primal_ratio=1.627164e-01 | dual_ratio=3.437289e-01 | dual_ratio_balance=3.437289e-01 | rho_before=1.732500e-02 | rho_after=1.732500e-02 | gamma_before=0.000000e+00 | gamma_after=0.000000e+00 | action=held (frozen after 10 unchanged cycles)
[ADMM RHO] PF | primal max ratio=0.058 | primal mean ratio=0.005 | primal selected=0.058 | dual mean ratio=0.000 | increase threshold=5.0 | decrease threshold=3.0 | action=held (frozen after 10 unchanged cycles)
[ADMM RHO BOYD] PF | r=1.086160e-03 | s=1.044855e-03 | eps_pri=1.372014e-03 | eps_dual=4.545171e-04 | primal_ratio=7.916537e-01 | dual_ratio=2.298825e+00 | dual_ratio_balance=2.298825e+00 | rho_before=1.320000e-01 | rho_after=1.320000e-01 | gamma_before=0.000000e+00 | gamma_after=0.000000e+00 | action=held (frozen after 10 unchanged cycles)
[ADMM RHO] ESS | primal max ratio=0.004 | primal mean ratio=0.001 | primal selected=0.004 | dual mean ratio=0.000 | increase threshold=5.0 | decrease threshold=5.0 | action=held
[ADMM RHO BOYD] ESS | r=1.599186e-03 | s=2.207411e-04 | eps_pri=1.250490e-03 | eps_dual=7.212250e-04 | primal_ratio=1.278847e+00 | dual_ratio=3.060642e-01 | dual_ratio_balance=3.060642e-01 | rho_before=1.000000e+04 | rho_after=1.000000e+04 | gamma_before=0.000000e+00 | gamma_after=0.000000e+00 | action=held
[ADMM RHO] V | primal max ratio=0.011 | primal mean ratio=0.002 | primal selected=0.011 | dual mean ratio=0.000 | increase threshold=5.0 | decrease threshold=5.0 | action=held (frozen after 10 unchanged cycles)
[ADMM RHO BOYD] V | r=2.269556e-04 | s=1.002508e-04 | eps_pri=3.427608e-03 | eps_dual=2.940484e-04 | primal_ratio=6.621398e-02 | dual_ratio=3.409331e-01 | dual_ratio_balance=3.409331e-01 | rho_before=1.732500e-02 | rho_after=1.732500e-02 | gamma_before=0.000000e+00 | gamma_after=0.000000e+00 | action=held (frozen after 10 unchanged cycles)
[ADMM RHO] PF | primal max ratio=0.041 | primal mean ratio=0.006 | primal selected=0.041 | dual mean ratio=0.000 | increase threshold=5.0 | decrease threshold=3.0 | action=held (frozen after 10 unchanged cycles)
[ADMM RHO BOYD] PF | r=1.015048e-03 | s=1.023132e-03 | eps_pri=1.372080e-03 | eps_dual=4.545094e-04 | primal_ratio=7.397878e-01 | dual_ratio=2.251068e+00 | dual_ratio_balance=2.251068e+00 | rho_before=1.320000e-01 | rho_after=1.320000e-01 | gamma_before=0.000000e+00 | gamma_after=0.000000e+00 | action=held (frozen after 10 unchanged cycles)
[ADMM RHO] ESS | primal max ratio=0.006 | primal mean ratio=0.001 | primal selected=0.006 | dual mean ratio=0.000 | increase threshold=5.0 | decrease threshold=5.0 | action=increased
[ADMM RHO BOYD] ESS | r=1.948002e-03 | s=2.184820e-04 | eps_pri=1.251320e-03 | eps_dual=7.212246e-04 | primal_ratio=1.556758e+00 | dual_ratio=3.029320e-01 | dual_ratio_balance=3.029320e-01 | rho_before=1.000000e+04 | rho_after=1.000000e+04 | gamma_before=0.000000e+00 | gamma_after=0.000000e+00 | action=increased
[ADMM RHO] V | primal max ratio=0.012 | primal mean ratio=0.001 | primal selected=0.012 | dual mean ratio=0.000 | increase threshold=5.0 | decrease threshold=5.0 | action=held (frozen after 10 unchanged cycles)
[ADMM RHO BOYD] V | r=1.762459e-04 | s=9.947900e-05 | eps_pri=3.427542e-03 | eps_dual=2.940484e-04 | primal_ratio=5.142048e-02 | dual_ratio=3.383083e-01 | dual_ratio_balance=3.383083e-01 | rho_before=1.732500e-02 | rho_after=1.732500e-02 | gamma_before=0.000000e+00 | gamma_after=0.000000e+00 | action=held (frozen after 10 unchanged cycles)
[ADMM RHO] PF | primal max ratio=0.023 | primal mean ratio=0.007 | primal selected=0.023 | dual mean ratio=0.000 | increase threshold=5.0 | decrease threshold=3.0 | action=held (frozen after 10 unchanged cycles)
[ADMM RHO BOYD] PF | r=1.009988e-03 | s=1.000191e-03 | eps_pri=1.372145e-03 | eps_dual=4.545011e-04 | primal_ratio=7.360648e-01 | dual_ratio=2.200635e+00 | dual_ratio_balance=2.200635e+00 | rho_before=1.320000e-01 | rho_after=1.320000e-01 | gamma_before=0.000000e+00 | gamma_after=0.000000e+00 | action=held (frozen after 10 unchanged cycles)
[ADMM RHO] ESS | primal max ratio=0.011 | primal mean ratio=0.001 | primal selected=0.011 | dual mean ratio=0.000 | increase threshold=5.0 | decrease threshold=5.0 | action=increased
[ADMM RHO BOYD] ESS | r=2.167511e-03 | s=2.174747e-04 | eps_pri=1.252147e-03 | eps_dual=7.212242e-04 | primal_ratio=1.731036e+00 | dual_ratio=3.015355e-01 | dual_ratio_balance=3.015355e-01 | rho_before=1.000000e+04 | rho_after=1.000000e+04 | gamma_before=0.000000e+00 | gamma_after=0.000000e+00 | action=increased
[ADMM RHO] V | primal max ratio=0.012 | primal mean ratio=0.001 | primal selected=0.012 | dual mean ratio=0.000 | increase threshold=5.0 | decrease threshold=5.0 | action=held (frozen after 10 unchanged cycles)
[ADMM RHO BOYD] V | r=1.734442e-04 | s=9.865517e-05 | eps_pri=3.427478e-03 | eps_dual=2.940483e-04 | primal_ratio=5.060403e-02 | dual_ratio=3.355066e-01 | dual_ratio_balance=3.355066e-01 | rho_before=1.732500e-02 | rho_after=1.732500e-02 | gamma_before=0.000000e+00 | gamma_after=0.000000e+00 | action=held (frozen after 10 unchanged cycles)
[ADMM RHO] PF | primal max ratio=0.019 | primal mean ratio=0.007 | primal selected=0.019 | dual mean ratio=0.000 | increase threshold=5.0 | decrease threshold=3.0 | action=held (frozen after 10 unchanged cycles)
[ADMM RHO BOYD] PF | r=1.023588e-03 | s=9.771074e-04 | eps_pri=1.372208e-03 | eps_dual=4.544924e-04 | primal_ratio=7.459420e-01 | dual_ratio=2.149887e+00 | dual_ratio_balance=2.149887e+00 | rho_before=1.320000e-01 | rho_after=1.320000e-01 | gamma_before=0.000000e+00 | gamma_after=0.000000e+00 | action=held (frozen after 10 unchanged cycles)
[ADMM RHO] ESS | primal max ratio=0.010 | primal mean ratio=0.001 | primal selected=0.010 | dual mean ratio=0.000 | increase threshold=5.0 | decrease threshold=5.0 | action=increased
[ADMM RHO BOYD] ESS | r=1.931097e-03 | s=2.173864e-04 | eps_pri=1.252975e-03 | eps_dual=7.212237e-04 | primal_ratio=1.541209e+00 | dual_ratio=3.014133e-01 | dual_ratio_balance=3.014133e-01 | rho_before=1.000000e+04 | rho_after=1.000000e+04 | gamma_before=0.000000e+00 | gamma_after=0.000000e+00 | action=increased
[ADMM RHO] V | primal max ratio=0.027 | primal mean ratio=0.002 | primal selected=0.027 | dual mean ratio=0.000 | increase threshold=5.0 | decrease threshold=5.0 | action=held (frozen after 10 unchanged cycles)
[ADMM RHO BOYD] V | r=3.790434e-04 | s=9.616346e-05 | eps_pri=3.427412e-03 | eps_dual=2.940483e-04 | primal_ratio=1.105917e-01 | dual_ratio=3.270329e-01 | dual_ratio_balance=3.270329e-01 | rho_before=1.732500e-02 | rho_after=1.732500e-02 | gamma_before=0.000000e+00 | gamma_after=0.000000e+00 | action=held (frozen after 10 unchanged cycles)
[ADMM RHO] PF | primal max ratio=0.019 | primal mean ratio=0.007 | primal selected=0.019 | dual mean ratio=0.000 | increase threshold=5.0 | decrease threshold=3.0 | action=held (frozen after 10 unchanged cycles)
[ADMM RHO BOYD] PF | r=1.023978e-03 | s=9.558198e-04 | eps_pri=1.372270e-03 | eps_dual=4.544838e-04 | primal_ratio=7.461927e-01 | dual_ratio=2.103089e+00 | dual_ratio_balance=2.103089e+00 | rho_before=1.320000e-01 | rho_after=1.320000e-01 | gamma_before=0.000000e+00 | gamma_after=0.000000e+00 | action=held (frozen after 10 unchanged cycles)
[ADMM RHO] ESS | primal max ratio=0.006 | primal mean ratio=0.001 | primal selected=0.006 | dual mean ratio=0.000 | increase threshold=5.0 | decrease threshold=5.0 | action=held
[ADMM RHO BOYD] ESS | r=1.631614e-03 | s=2.169914e-04 | eps_pri=1.253808e-03 | eps_dual=7.212233e-04 | primal_ratio=1.301327e+00 | dual_ratio=3.008658e-01 | dual_ratio_balance=3.008658e-01 | rho_before=1.000000e+04 | rho_after=1.000000e+04 | gamma_before=0.000000e+00 | gamma_after=0.000000e+00 | action=held
[ADMM RHO] V | primal max ratio=0.040 | primal mean ratio=0.002 | primal selected=0.040 | dual mean ratio=0.000 | increase threshold=5.0 | decrease threshold=5.0 | action=held (frozen after 10 unchanged cycles)
[ADMM RHO BOYD] V | r=5.455282e-04 | s=9.404790e-05 | eps_pri=3.427342e-03 | eps_dual=2.940483e-04 | primal_ratio=1.591694e-01 | dual_ratio=3.198383e-01 | dual_ratio_balance=3.198383e-01 | rho_before=1.732500e-02 | rho_after=1.732500e-02 | gamma_before=0.000000e+00 | gamma_after=0.000000e+00 | action=held (frozen after 10 unchanged cycles)
[ADMM RHO] PF | primal max ratio=0.020 | primal mean ratio=0.006 | primal selected=0.020 | dual mean ratio=0.000 | increase threshold=5.0 | decrease threshold=3.0 | action=held (frozen after 10 unchanged cycles)
[ADMM RHO BOYD] PF | r=9.935244e-04 | s=9.362049e-04 | eps_pri=1.372330e-03 | eps_dual=4.544755e-04 | primal_ratio=7.239690e-01 | dual_ratio=2.059967e+00 | dual_ratio_balance=2.059967e+00 | rho_before=1.320000e-01 | rho_after=1.320000e-01 | gamma_before=0.000000e+00 | gamma_after=0.000000e+00 | action=held (frozen after 10 unchanged cycles)
[ADMM RHO] ESS | primal max ratio=0.005 | primal mean ratio=0.001 | primal selected=0.005 | dual mean ratio=0.000 | increase threshold=5.0 | decrease threshold=5.0 | action=held
[ADMM RHO BOYD] ESS | r=1.709938e-03 | s=2.153610e-04 | eps_pri=1.254639e-03 | eps_dual=7.212229e-04 | primal_ratio=1.362893e+00 | dual_ratio=2.986053e-01 | dual_ratio_balance=2.986053e-01 | rho_before=1.000000e+04 | rho_after=1.000000e+04 | gamma_before=0.000000e+00 | gamma_after=0.000000e+00 | action=held
[ADMM RHO] V | primal max ratio=0.017 | primal mean ratio=0.002 | primal selected=0.017 | dual mean ratio=0.000 | increase threshold=5.0 | decrease threshold=5.0 | action=held (frozen after 10 unchanged cycles)
[ADMM RHO BOYD] V | r=4.001822e-04 | s=9.196543e-05 | eps_pri=3.427269e-03 | eps_dual=2.940483e-04 | primal_ratio=1.167641e-01 | dual_ratio=3.127562e-01 | dual_ratio_balance=3.127562e-01 | rho_before=1.732500e-02 | rho_after=1.732500e-02 | gamma_before=0.000000e+00 | gamma_after=0.000000e+00 | action=held (frozen after 10 unchanged cycles)
[ADMM RHO] PF | primal max ratio=0.020 | primal mean ratio=0.006 | primal selected=0.020 | dual mean ratio=0.000 | increase threshold=5.0 | decrease threshold=3.0 | action=held (frozen after 10 unchanged cycles)
[ADMM RHO BOYD] PF | r=9.371945e-04 | s=8.206569e-04 | eps_pri=1.372377e-03 | eps_dual=4.544681e-04 | primal_ratio=6.828988e-01 | dual_ratio=1.805752e+00 | dual_ratio_balance=1.805752e+00 | rho_before=1.320000e-01 | rho_after=1.320000e-01 | gamma_before=0.000000e+00 | gamma_after=0.000000e+00 | action=held (frozen after 10 unchanged cycles)
[ADMM RHO] ESS | primal max ratio=0.006 | primal mean ratio=0.001 | primal selected=0.006 | dual mean ratio=0.000 | increase threshold=5.0 | decrease threshold=5.0 | action=held
[ADMM RHO BOYD] ESS | r=1.745958e-03 | s=2.144903e-04 | eps_pri=1.255467e-03 | eps_dual=7.212225e-04 | primal_ratio=1.390684e+00 | dual_ratio=2.973982e-01 | dual_ratio_balance=2.973982e-01 | rho_before=1.000000e+04 | rho_after=1.000000e+04 | gamma_before=0.000000e+00 | gamma_after=0.000000e+00 | action=held
[ADMM RHO] V | primal max ratio=0.034 | primal mean ratio=0.003 | primal selected=0.034 | dual mean ratio=0.000 | increase threshold=5.0 | decrease threshold=5.0 | action=held (frozen after 10 unchanged cycles)
[ADMM RHO BOYD] V | r=6.316170e-04 | s=8.993312e-05 | eps_pri=3.427199e-03 | eps_dual=2.940483e-04 | primal_ratio=1.842954e-01 | dual_ratio=3.058447e-01 | dual_ratio_balance=3.058447e-01 | rho_before=1.732500e-02 | rho_after=1.732500e-02 | gamma_before=0.000000e+00 | gamma_after=0.000000e+00 | action=held (frozen after 10 unchanged cycles)
[ADMM RHO] PF | primal max ratio=0.020 | primal mean ratio=0.005 | primal selected=0.020 | dual mean ratio=0.000 | increase threshold=5.0 | decrease threshold=3.0 | action=held (frozen after 10 unchanged cycles)
[ADMM RHO BOYD] PF | r=8.763810e-04 | s=7.916408e-04 | eps_pri=1.372418e-03 | eps_dual=4.544617e-04 | primal_ratio=6.385672e-01 | dual_ratio=1.741931e+00 | dual_ratio_balance=1.741931e+00 | rho_before=1.320000e-01 | rho_after=1.320000e-01 | gamma_before=0.000000e+00 | gamma_after=0.000000e+00 | action=held (frozen after 10 unchanged cycles)
[ADMM RHO] ESS | primal max ratio=0.005 | primal mean ratio=0.001 | primal selected=0.005 | dual mean ratio=0.000 | increase threshold=5.0 | decrease threshold=5.0 | action=held
[ADMM RHO BOYD] ESS | r=1.583734e-03 | s=2.137993e-04 | eps_pri=1.256293e-03 | eps_dual=7.212221e-04 | primal_ratio=1.260640e+00 | dual_ratio=2.964403e-01 | dual_ratio_balance=2.964403e-01 | rho_before=1.000000e+04 | rho_after=1.000000e+04 | gamma_before=0.000000e+00 | gamma_after=0.000000e+00 | action=held
[ADMM RHO] V | primal max ratio=0.014 | primal mean ratio=0.002 | primal selected=0.014 | dual mean ratio=0.000 | increase threshold=5.0 | decrease threshold=5.0 | action=held (frozen after 10 unchanged cycles)
[ADMM RHO BOYD] V | r=3.276307e-04 | s=8.867813e-05 | eps_pri=3.427131e-03 | eps_dual=2.940483e-04 | primal_ratio=9.559911e-02 | dual_ratio=3.015768e-01 | dual_ratio_balance=3.015768e-01 | rho_before=1.732500e-02 | rho_after=1.732500e-02 | gamma_before=0.000000e+00 | gamma_after=0.000000e+00 | action=held (frozen after 10 unchanged cycles)
[ADMM RHO] PF | primal max ratio=0.020 | primal mean ratio=0.005 | primal selected=0.020 | dual mean ratio=0.000 | increase threshold=5.0 | decrease threshold=3.0 | action=held (frozen after 10 unchanged cycles)
[ADMM RHO BOYD] PF | r=8.162082e-04 | s=7.762293e-04 | eps_pri=1.372459e-03 | eps_dual=4.544567e-04 | primal_ratio=5.947049e-01 | dual_ratio=1.708038e+00 | dual_ratio_balance=1.708038e+00 | rho_before=1.320000e-01 | rho_after=1.320000e-01 | gamma_before=0.000000e+00 | gamma_after=0.000000e+00 | action=held (frozen after 10 unchanged cycles)
[ADMM RHO] ESS | primal max ratio=0.008 | primal mean ratio=0.001 | primal selected=0.008 | dual mean ratio=0.000 | increase threshold=5.0 | decrease threshold=5.0 | action=held
[ADMM RHO BOYD] ESS | r=1.793671e-03 | s=2.122149e-04 | eps_pri=1.257125e-03 | eps_dual=7.212217e-04 | primal_ratio=1.426804e+00 | dual_ratio=2.942437e-01 | dual_ratio_balance=2.942437e-01 | rho_before=1.000000e+04 | rho_after=1.000000e+04 | gamma_before=0.000000e+00 | gamma_after=0.000000e+00 | action=held
[ADMM RHO] V | primal max ratio=0.025 | primal mean ratio=0.002 | primal selected=0.025 | dual mean ratio=0.000 | increase threshold=5.0 | decrease threshold=5.0 | action=held (frozen after 10 unchanged cycles)
[ADMM RHO BOYD] V | r=4.563659e-04 | s=8.723992e-05 | eps_pri=3.427067e-03 | eps_dual=2.940483e-04 | primal_ratio=1.331652e-01 | dual_ratio=2.966857e-01 | dual_ratio_balance=2.966857e-01 | rho_before=1.732500e-02 | rho_after=1.732500e-02 | gamma_before=0.000000e+00 | gamma_after=0.000000e+00 | action=held (frozen after 10 unchanged cycles)
[ADMM RHO] PF | primal max ratio=0.020 | primal mean ratio=0.004 | primal selected=0.020 | dual mean ratio=0.000 | increase threshold=5.0 | decrease threshold=3.0 | action=held (frozen after 10 unchanged cycles)
[ADMM RHO BOYD] PF | r=7.733488e-04 | s=7.610676e-04 | eps_pri=1.372500e-03 | eps_dual=4.544530e-04 | primal_ratio=5.634598e-01 | dual_ratio=1.674689e+00 | dual_ratio_balance=1.674689e+00 | rho_before=1.320000e-01 | rho_after=1.320000e-01 | gamma_before=0.000000e+00 | gamma_after=0.000000e+00 | action=held (frozen after 10 unchanged cycles)
[ADMM RHO] ESS | primal max ratio=0.008 | primal mean ratio=0.001 | primal selected=0.008 | dual mean ratio=0.000 | increase threshold=5.0 | decrease threshold=5.0 | action=increased
[ADMM RHO BOYD] ESS | r=2.180278e-03 | s=2.102282e-04 | eps_pri=1.257953e-03 | eps_dual=7.212213e-04 | primal_ratio=1.733195e+00 | dual_ratio=2.914892e-01 | dual_ratio_balance=2.914892e-01 | rho_before=1.000000e+04 | rho_after=1.000000e+04 | gamma_before=0.000000e+00 | gamma_after=0.000000e+00 | action=increased
[ADMM RHO] V | primal max ratio=0.029 | primal mean ratio=0.002 | primal selected=0.029 | dual mean ratio=0.000 | increase threshold=5.0 | decrease threshold=5.0 | action=held (frozen after 10 unchanged cycles)
[ADMM RHO BOYD] V | r=5.389332e-04 | s=8.482111e-05 | eps_pri=3.427006e-03 | eps_dual=2.940483e-04 | primal_ratio=1.572607e-01 | dual_ratio=2.884598e-01 | dual_ratio_balance=2.884598e-01 | rho_before=1.732500e-02 | rho_after=1.732500e-02 | gamma_before=0.000000e+00 | gamma_after=0.000000e+00 | action=held (frozen after 10 unchanged cycles)
[ADMM RHO] PF | primal max ratio=0.020 | primal mean ratio=0.004 | primal selected=0.020 | dual mean ratio=0.000 | increase threshold=5.0 | decrease threshold=3.0 | action=held (frozen after 10 unchanged cycles)
[ADMM RHO BOYD] PF | r=7.487113e-04 | s=7.460787e-04 | eps_pri=1.372541e-03 | eps_dual=4.544508e-04 | primal_ratio=5.454928e-01 | dual_ratio=1.641715e+00 | dual_ratio_balance=1.641715e+00 | rho_before=1.320000e-01 | rho_after=1.320000e-01 | gamma_before=0.000000e+00 | gamma_after=0.000000e+00 | action=held (frozen after 10 unchanged cycles)
[ADMM RHO] ESS | primal max ratio=0.005 | primal mean ratio=0.001 | primal selected=0.005 | dual mean ratio=0.000 | increase threshold=5.0 | decrease threshold=5.0 | action=held
[ADMM RHO BOYD] ESS | r=1.807168e-03 | s=2.096693e-04 | eps_pri=1.258778e-03 | eps_dual=7.212209e-04 | primal_ratio=1.435652e+00 | dual_ratio=2.907144e-01 | dual_ratio_balance=2.907144e-01 | rho_before=1.000000e+04 | rho_after=1.000000e+04 | gamma_before=0.000000e+00 | gamma_after=0.000000e+00 | action=held
[ADMM RHO] V | primal max ratio=0.032 | primal mean ratio=0.002 | primal selected=0.032 | dual mean ratio=0.000 | increase threshold=5.0 | decrease threshold=5.0 | action=held (frozen after 10 unchanged cycles)
[ADMM RHO BOYD] V | r=5.847715e-04 | s=8.310976e-05 | eps_pri=3.426949e-03 | eps_dual=2.940483e-04 | primal_ratio=1.706391e-01 | dual_ratio=2.826399e-01 | dual_ratio_balance=2.826399e-01 | rho_before=1.732500e-02 | rho_after=1.732500e-02 | gamma_before=0.000000e+00 | gamma_after=0.000000e+00 | action=held (frozen after 10 unchanged cycles)
[ADMM RHO] PF | primal max ratio=0.020 | primal mean ratio=0.004 | primal selected=0.020 | dual mean ratio=0.000 | increase threshold=5.0 | decrease threshold=3.0 | action=held (frozen after 10 unchanged cycles)
[ADMM RHO BOYD] PF | r=7.386405e-04 | s=7.313691e-04 | eps_pri=1.372582e-03 | eps_dual=4.544501e-04 | primal_ratio=5.381395e-01 | dual_ratio=1.609350e+00 | dual_ratio_balance=1.609350e+00 | rho_before=1.320000e-01 | rho_after=1.320000e-01 | gamma_before=0.000000e+00 | gamma_after=0.000000e+00 | action=held (frozen after 10 unchanged cycles)
[ADMM RHO] ESS | primal max ratio=0.003 | primal mean ratio=0.001 | primal selected=0.003 | dual mean ratio=0.000 | increase threshold=5.0 | decrease threshold=5.0 | action=held
[ADMM RHO BOYD] ESS | r=1.465665e-03 | s=2.092605e-04 | eps_pri=1.259604e-03 | eps_dual=7.212205e-04 | primal_ratio=1.163592e+00 | dual_ratio=2.901477e-01 | dual_ratio_balance=2.901477e-01 | rho_before=1.000000e+04 | rho_after=1.000000e+04 | gamma_before=0.000000e+00 | gamma_after=0.000000e+00 | action=held
[ADMM RHO] V | primal max ratio=0.023 | primal mean ratio=0.002 | primal selected=0.023 | dual mean ratio=0.000 | increase threshold=5.0 | decrease threshold=5.0 | action=held (frozen after 10 unchanged cycles)
[ADMM RHO BOYD] V | r=4.379293e-04 | s=8.129837e-05 | eps_pri=3.426896e-03 | eps_dual=2.940483e-04 | primal_ratio=1.277918e-01 | dual_ratio=2.764797e-01 | dual_ratio_balance=2.764797e-01 | rho_before=1.732500e-02 | rho_after=1.732500e-02 | gamma_before=0.000000e+00 | gamma_after=0.000000e+00 | action=held (frozen after 10 unchanged cycles)
[ADMM RHO] PF | primal max ratio=0.020 | primal mean ratio=0.004 | primal selected=0.020 | dual mean ratio=0.000 | increase threshold=5.0 | decrease threshold=3.0 | action=held (frozen after 10 unchanged cycles)
[ADMM RHO BOYD] PF | r=7.372423e-04 | s=7.173041e-04 | eps_pri=1.372622e-03 | eps_dual=4.544505e-04 | primal_ratio=5.371050e-01 | dual_ratio=1.578399e+00 | dual_ratio_balance=1.578399e+00 | rho_before=1.320000e-01 | rho_after=1.320000e-01 | gamma_before=0.000000e+00 | gamma_after=0.000000e+00 | action=held (frozen after 10 unchanged cycles)
[ADMM RHO] ESS | primal max ratio=0.003 | primal mean ratio=0.001 | primal selected=0.003 | dual mean ratio=0.000 | increase threshold=5.0 | decrease threshold=5.0 | action=held
[ADMM RHO BOYD] ESS | r=1.346731e-03 | s=2.090029e-04 | eps_pri=1.260434e-03 | eps_dual=7.212200e-04 | primal_ratio=1.068466e+00 | dual_ratio=2.897908e-01 | dual_ratio_balance=2.897908e-01 | rho_before=1.000000e+04 | rho_after=1.000000e+04 | gamma_before=0.000000e+00 | gamma_after=0.000000e+00 | action=held
[ADMM RHO] V | primal max ratio=0.027 | primal mean ratio=0.002 | primal selected=0.027 | dual mean ratio=0.000 | increase threshold=5.0 | decrease threshold=5.0 | action=held (frozen after 10 unchanged cycles)
[ADMM RHO BOYD] V | r=4.889558e-04 | s=7.995147e-05 | eps_pri=3.426847e-03 | eps_dual=2.940483e-04 | primal_ratio=1.426839e-01 | dual_ratio=2.718992e-01 | dual_ratio_balance=2.718992e-01 | rho_before=1.732500e-02 | rho_after=1.732500e-02 | gamma_before=0.000000e+00 | gamma_after=0.000000e+00 | action=held (frozen after 10 unchanged cycles)
[ADMM RHO] PF | primal max ratio=0.019 | primal mean ratio=0.004 | primal selected=0.019 | dual mean ratio=0.000 | increase threshold=5.0 | decrease threshold=3.0 | action=held (frozen after 10 unchanged cycles)
[ADMM RHO BOYD] PF | r=7.362021e-04 | s=7.038559e-04 | eps_pri=1.372662e-03 | eps_dual=4.544520e-04 | primal_ratio=5.363315e-01 | dual_ratio=1.548801e+00 | dual_ratio_balance=1.548801e+00 | rho_before=1.320000e-01 | rho_after=1.320000e-01 | gamma_before=0.000000e+00 | gamma_after=0.000000e+00 | action=held (frozen after 10 unchanged cycles)
[ADMM RHO] ESS | primal max ratio=0.003 | primal mean ratio=0.001 | primal selected=0.003 | dual mean ratio=0.000 | increase threshold=5.0 | decrease threshold=5.0 | action=held
[ADMM RHO BOYD] ESS | r=1.276301e-03 | s=2.088811e-04 | eps_pri=1.261270e-03 | eps_dual=7.212196e-04 | primal_ratio=1.011917e+00 | dual_ratio=2.896221e-01 | dual_ratio_balance=2.896221e-01 | rho_before=1.000000e+04 | rho_after=1.000000e+04 | gamma_before=0.000000e+00 | gamma_after=0.000000e+00 | action=held
[ADMM RHO] V | primal max ratio=0.012 | primal mean ratio=0.001 | primal selected=0.012 | dual mean ratio=0.000 | increase threshold=5.0 | decrease threshold=5.0 | action=held (frozen after 10 unchanged cycles)
[ADMM RHO BOYD] V | r=2.286529e-04 | s=7.926661e-05 | eps_pri=3.426798e-03 | eps_dual=2.940483e-04 | primal_ratio=6.672494e-02 | dual_ratio=2.695701e-01 | dual_ratio_balance=2.695701e-01 | rho_before=1.732500e-02 | rho_after=1.732500e-02 | gamma_before=0.000000e+00 | gamma_after=0.000000e+00 | action=held (frozen after 10 unchanged cycles)
[ADMM RHO] PF | primal max ratio=0.019 | primal mean ratio=0.004 | primal selected=0.019 | dual mean ratio=0.000 | increase threshold=5.0 | decrease threshold=3.0 | action=held (frozen after 10 unchanged cycles)
[ADMM RHO BOYD] PF | r=7.116240e-04 | s=6.913287e-04 | eps_pri=1.372702e-03 | eps_dual=4.544544e-04 | primal_ratio=5.184112e-01 | dual_ratio=1.521228e+00 | dual_ratio_balance=1.521228e+00 | rho_before=1.320000e-01 | rho_after=1.320000e-01 | gamma_before=0.000000e+00 | gamma_after=0.000000e+00 | action=held (frozen after 10 unchanged cycles)
[ADMM RHO] ESS | primal max ratio=0.003 | primal mean ratio=0.001 | primal selected=0.003 | dual mean ratio=0.000 | increase threshold=5.0 | decrease threshold=5.0 | action=held
[ADMM RHO BOYD] ESS | r=1.284960e-03 | s=2.084640e-04 | eps_pri=1.262112e-03 | eps_dual=7.212192e-04 | primal_ratio=1.018103e+00 | dual_ratio=2.890439e-01 | dual_ratio_balance=2.890439e-01 | rho_before=1.000000e+04 | rho_after=1.000000e+04 | gamma_before=0.000000e+00 | gamma_after=0.000000e+00 | action=held
[ADMM RHO] V | primal max ratio=0.012 | primal mean ratio=0.001 | primal selected=0.012 | dual mean ratio=0.000 | increase threshold=5.0 | decrease threshold=5.0 | action=held (frozen after 10 unchanged cycles)
[ADMM RHO BOYD] V | r=1.807384e-04 | s=7.865435e-05 | eps_pri=3.426751e-03 | eps_dual=2.940483e-04 | primal_ratio=5.274338e-02 | dual_ratio=2.674879e-01 | dual_ratio_balance=2.674879e-01 | rho_before=1.732500e-02 | rho_after=1.732500e-02 | gamma_before=0.000000e+00 | gamma_after=0.000000e+00 | action=held (frozen after 10 unchanged cycles)
[ADMM RHO] PF | primal max ratio=0.019 | primal mean ratio=0.003 | primal selected=0.019 | dual mean ratio=0.000 | increase threshold=5.0 | decrease threshold=3.0 | action=held (frozen after 10 unchanged cycles)
[ADMM RHO BOYD] PF | r=6.665664e-04 | s=6.797349e-04 | eps_pri=1.372740e-03 | eps_dual=4.544573e-04 | primal_ratio=4.855735e-01 | dual_ratio=1.495707e+00 | dual_ratio_balance=1.495707e+00 | rho_before=1.320000e-01 | rho_after=1.320000e-01 | gamma_before=0.000000e+00 | gamma_after=0.000000e+00 | action=held (frozen after 10 unchanged cycles)
[ADMM RHO] ESS | primal max ratio=0.005 | primal mean ratio=0.001 | primal selected=0.005 | dual mean ratio=0.000 | increase threshold=5.0 | decrease threshold=5.0 | action=held
[ADMM RHO BOYD] ESS | r=1.429232e-03 | s=2.077062e-04 | eps_pri=1.262956e-03 | eps_dual=7.212188e-04 | primal_ratio=1.131657e+00 | dual_ratio=2.879933e-01 | dual_ratio_balance=2.879933e-01 | rho_before=1.000000e+04 | rho_after=1.000000e+04 | gamma_before=0.000000e+00 | gamma_after=0.000000e+00 | action=held
[ADMM RHO] V | primal max ratio=0.012 | primal mean ratio=0.001 | primal selected=0.012 | dual mean ratio=0.000 | increase threshold=5.0 | decrease threshold=5.0 | action=held (frozen after 10 unchanged cycles)
[ADMM RHO BOYD] V | r=1.751836e-04 | s=7.805172e-05 | eps_pri=3.426704e-03 | eps_dual=2.940483e-04 | primal_ratio=5.112307e-02 | dual_ratio=2.654385e-01 | dual_ratio_balance=2.654385e-01 | rho_before=1.732500e-02 | rho_after=1.732500e-02 | gamma_before=0.000000e+00 | gamma_after=0.000000e+00 | action=held (frozen after 10 unchanged cycles)
[ADMM RHO] PF | primal max ratio=0.018 | primal mean ratio=0.003 | primal selected=0.018 | dual mean ratio=0.000 | increase threshold=5.0 | decrease threshold=3.0 | action=held (frozen after 10 unchanged cycles)
[ADMM RHO BOYD] PF | r=6.082330e-04 | s=6.685467e-04 | eps_pri=1.372778e-03 | eps_dual=4.544607e-04 | primal_ratio=4.430672e-01 | dual_ratio=1.471077e+00 | dual_ratio_balance=1.471077e+00 | rho_before=1.320000e-01 | rho_after=1.320000e-01 | gamma_before=0.000000e+00 | gamma_after=0.000000e+00 | action=held (frozen after 10 unchanged cycles)
[ADMM RHO] ESS | primal max ratio=0.005 | primal mean ratio=0.001 | primal selected=0.005 | dual mean ratio=0.000 | increase threshold=5.0 | decrease threshold=5.0 | action=held
[ADMM RHO BOYD] ESS | r=1.515487e-03 | s=2.058234e-04 | eps_pri=1.263787e-03 | eps_dual=7.212184e-04 | primal_ratio=1.199163e+00 | dual_ratio=2.853829e-01 | dual_ratio_balance=2.853829e-01 | rho_before=1.000000e+04 | rho_after=1.000000e+04 | gamma_before=0.000000e+00 | gamma_after=0.000000e+00 | action=held
[ADMM RHO] V | primal max ratio=0.012 | primal mean ratio=0.001 | primal selected=0.012 | dual mean ratio=0.000 | increase threshold=5.0 | decrease threshold=5.0 | action=held (frozen after 10 unchanged cycles)
[ADMM RHO BOYD] V | r=1.738728e-04 | s=7.745158e-05 | eps_pri=3.426658e-03 | eps_dual=2.940483e-04 | primal_ratio=5.074122e-02 | dual_ratio=2.633975e-01 | dual_ratio_balance=2.633975e-01 | rho_before=1.732500e-02 | rho_after=1.732500e-02 | gamma_before=0.000000e+00 | gamma_after=0.000000e+00 | action=held (frozen after 10 unchanged cycles)
[ADMM RHO] PF | primal max ratio=0.018 | primal mean ratio=0.003 | primal selected=0.018 | dual mean ratio=0.000 | increase threshold=5.0 | decrease threshold=3.0 | action=held (frozen after 10 unchanged cycles)
[ADMM RHO BOYD] PF | r=5.417658e-04 | s=6.576257e-04 | eps_pri=1.372815e-03 | eps_dual=4.544641e-04 | primal_ratio=3.946386e-01 | dual_ratio=1.447035e+00 | dual_ratio_balance=1.447035e+00 | rho_before=1.320000e-01 | rho_after=1.320000e-01 | gamma_before=0.000000e+00 | gamma_after=0.000000e+00 | action=held (frozen after 10 unchanged cycles)
[ADMM RHO] ESS | primal max ratio=0.004 | primal mean ratio=0.001 | primal selected=0.004 | dual mean ratio=0.000 | increase threshold=5.0 | decrease threshold=5.0 | action=held
[ADMM RHO BOYD] ESS | r=1.424931e-03 | s=2.054307e-04 | eps_pri=1.264625e-03 | eps_dual=7.212180e-04 | primal_ratio=1.126761e+00 | dual_ratio=2.848386e-01 | dual_ratio_balance=2.848386e-01 | rho_before=1.000000e+04 | rho_after=1.000000e+04 | gamma_before=0.000000e+00 | gamma_after=0.000000e+00 | action=held
[ADMM RHO] V | primal max ratio=0.012 | primal mean ratio=0.001 | primal selected=0.012 | dual mean ratio=0.000 | increase threshold=5.0 | decrease threshold=5.0 | action=held (frozen after 10 unchanged cycles)
[ADMM RHO BOYD] V | r=1.727769e-04 | s=7.685123e-05 | eps_pri=3.426613e-03 | eps_dual=2.940483e-04 | primal_ratio=5.042207e-02 | dual_ratio=2.613558e-01 | dual_ratio_balance=2.613558e-01 | rho_before=1.732500e-02 | rho_after=1.732500e-02 | gamma_before=0.000000e+00 | gamma_after=0.000000e+00 | action=held (frozen after 10 unchanged cycles)
[ADMM RHO] PF | primal max ratio=0.017 | primal mean ratio=0.003 | primal selected=0.017 | dual mean ratio=0.000 | increase threshold=5.0 | decrease threshold=3.0 | action=held (frozen after 10 unchanged cycles)
[ADMM RHO BOYD] PF | r=4.724648e-04 | s=6.468244e-04 | eps_pri=1.372851e-03 | eps_dual=4.544674e-04 | primal_ratio=3.441486e-01 | dual_ratio=1.423258e+00 | dual_ratio_balance=1.423258e+00 | rho_before=1.320000e-01 | rho_after=1.320000e-01 | gamma_before=0.000000e+00 | gamma_after=0.000000e+00 | action=held (frozen after 10 unchanged cycles)
[ADMM RHO] ESS | primal max ratio=0.007 | primal mean ratio=0.001 | primal selected=0.007 | dual mean ratio=0.000 | increase threshold=5.0 | decrease threshold=5.0 | action=increased
[ADMM RHO BOYD] ESS | r=1.805994e-03 | s=2.039517e-04 | eps_pri=1.265464e-03 | eps_dual=7.212176e-04 | primal_ratio=1.427139e+00 | dual_ratio=2.827880e-01 | dual_ratio_balance=2.827880e-01 | rho_before=1.000000e+04 | rho_after=1.000000e+04 | gamma_before=0.000000e+00 | gamma_after=0.000000e+00 | action=increased
[ADMM RHO] V | primal max ratio=0.012 | primal mean ratio=0.001 | primal selected=0.012 | dual mean ratio=0.000 | increase threshold=5.0 | decrease threshold=5.0 | action=held (frozen after 10 unchanged cycles)
[ADMM RHO BOYD] V | r=1.715311e-04 | s=7.624542e-05 | eps_pri=3.426568e-03 | eps_dual=2.940483e-04 | primal_ratio=5.005915e-02 | dual_ratio=2.592956e-01 | dual_ratio_balance=2.592956e-01 | rho_before=1.732500e-02 | rho_after=1.732500e-02 | gamma_before=0.000000e+00 | gamma_after=0.000000e+00 | action=held (frozen after 10 unchanged cycles)
[ADMM RHO] PF | primal max ratio=0.016 | primal mean ratio=0.002 | primal selected=0.016 | dual mean ratio=0.000 | increase threshold=5.0 | decrease threshold=3.0 | action=held (frozen after 10 unchanged cycles)
[ADMM RHO BOYD] PF | r=4.032329e-04 | s=6.361390e-04 | eps_pri=1.372887e-03 | eps_dual=4.544704e-04 | primal_ratio=2.937118e-01 | dual_ratio=1.399737e+00 | dual_ratio_balance=1.399737e+00 | rho_before=1.320000e-01 | rho_after=1.320000e-01 | gamma_before=0.000000e+00 | gamma_after=0.000000e+00 | action=held (frozen after 10 unchanged cycles)
[ADMM RHO] ESS | primal max ratio=0.009 | primal mean ratio=0.001 | primal selected=0.009 | dual mean ratio=0.000 | increase threshold=5.0 | decrease threshold=5.0 | action=increased
[ADMM RHO BOYD] ESS | r=2.101438e-03 | s=2.025861e-04 | eps_pri=1.266296e-03 | eps_dual=7.212172e-04 | primal_ratio=1.659516e+00 | dual_ratio=2.808948e-01 | dual_ratio_balance=2.808948e-01 | rho_before=1.000000e+04 | rho_after=1.000000e+04 | gamma_before=0.000000e+00 | gamma_after=0.000000e+00 | action=increased
[ADMM RHO] V | primal max ratio=0.012 | primal mean ratio=0.001 | primal selected=0.012 | dual mean ratio=0.000 | increase threshold=5.0 | decrease threshold=5.0 | action=held (frozen after 10 unchanged cycles)
[ADMM RHO BOYD] V | r=1.704390e-04 | s=7.561276e-05 | eps_pri=3.426523e-03 | eps_dual=2.940483e-04 | primal_ratio=4.974109e-02 | dual_ratio=2.571440e-01 | dual_ratio_balance=2.571440e-01 | rho_before=1.732500e-02 | rho_after=1.732500e-02 | gamma_before=0.000000e+00 | gamma_after=0.000000e+00 | action=held (frozen after 10 unchanged cycles)
[ADMM RHO] PF | primal max ratio=0.016 | primal mean ratio=0.002 | primal selected=0.016 | dual mean ratio=0.000 | increase threshold=5.0 | decrease threshold=3.0 | action=held (frozen after 10 unchanged cycles)
[ADMM RHO BOYD] PF | r=3.382772e-04 | s=6.255182e-04 | eps_pri=1.372921e-03 | eps_dual=4.544728e-04 | primal_ratio=2.463923e-01 | dual_ratio=1.376360e+00 | dual_ratio_balance=1.376360e+00 | rho_before=1.320000e-01 | rho_after=1.320000e-01 | gamma_before=0.000000e+00 | gamma_after=0.000000e+00 | action=held (frozen after 10 unchanged cycles)
[ADMM RHO] ESS | primal max ratio=0.008 | primal mean ratio=0.001 | primal selected=0.008 | dual mean ratio=0.000 | increase threshold=5.0 | decrease threshold=5.0 | action=increased
[ADMM RHO BOYD] ESS | r=1.982833e-03 | s=2.021098e-04 | eps_pri=1.267121e-03 | eps_dual=7.212168e-04 | primal_ratio=1.564833e+00 | dual_ratio=2.802345e-01 | dual_ratio_balance=2.802345e-01 | rho_before=1.000000e+04 | rho_after=1.000000e+04 | gamma_before=0.000000e+00 | gamma_after=0.000000e+00 | action=increased
[ADMM RHO] V | primal max ratio=0.011 | primal mean ratio=0.001 | primal selected=0.011 | dual mean ratio=0.000 | increase threshold=5.0 | decrease threshold=5.0 | action=held (frozen after 10 unchanged cycles)
[ADMM RHO BOYD] V | r=1.814737e-04 | s=7.477221e-05 | eps_pri=3.426480e-03 | eps_dual=2.940483e-04 | primal_ratio=5.296212e-02 | dual_ratio=2.542854e-01 | dual_ratio_balance=2.542854e-01 | rho_before=1.732500e-02 | rho_after=1.732500e-02 | gamma_before=0.000000e+00 | gamma_after=0.000000e+00 | action=held (frozen after 10 unchanged cycles)
[ADMM RHO] PF | primal max ratio=0.015 | primal mean ratio=0.002 | primal selected=0.015 | dual mean ratio=0.000 | increase threshold=5.0 | decrease threshold=3.0 | action=held (frozen after 10 unchanged cycles)
[ADMM RHO BOYD] PF | r=2.820707e-04 | s=6.149794e-04 | eps_pri=1.372955e-03 | eps_dual=4.544748e-04 | primal_ratio=2.054479e-01 | dual_ratio=1.353165e+00 | dual_ratio_balance=1.353165e+00 | rho_before=1.320000e-01 | rho_after=1.320000e-01 | gamma_before=0.000000e+00 | gamma_after=0.000000e+00 | action=held (frozen after 10 unchanged cycles)
[ADMM RHO] ESS | primal max ratio=0.006 | primal mean ratio=0.001 | primal selected=0.006 | dual mean ratio=0.000 | increase threshold=5.0 | decrease threshold=5.0 | action=held
[ADMM RHO BOYD] ESS | r=1.582350e-03 | s=2.021038e-04 | eps_pri=1.267950e-03 | eps_dual=7.212164e-04 | primal_ratio=1.247959e+00 | dual_ratio=2.802264e-01 | dual_ratio_balance=2.802264e-01 | rho_before=1.000000e+04 | rho_after=1.000000e+04 | gamma_before=0.000000e+00 | gamma_after=0.000000e+00 | action=held
[ADMM RHO] V | primal max ratio=0.027 | primal mean ratio=0.002 | primal selected=0.027 | dual mean ratio=0.000 | increase threshold=5.0 | decrease threshold=5.0 | action=held (frozen after 10 unchanged cycles)
[ADMM RHO BOYD] V | r=5.359106e-04 | s=7.217255e-05 | eps_pri=3.426441e-03 | eps_dual=2.940483e-04 | primal_ratio=1.564044e-01 | dual_ratio=2.454445e-01 | dual_ratio_balance=2.454445e-01 | rho_before=1.732500e-02 | rho_after=1.732500e-02 | gamma_before=0.000000e+00 | gamma_after=0.000000e+00 | action=held (frozen after 10 unchanged cycles)
[ADMM RHO] PF | primal max ratio=0.014 | primal mean ratio=0.001 | primal selected=0.014 | dual mean ratio=0.000 | increase threshold=5.0 | decrease threshold=3.0 | action=held (frozen after 10 unchanged cycles)
[ADMM RHO BOYD] PF | r=2.391929e-04 | s=6.042590e-04 | eps_pri=1.372988e-03 | eps_dual=4.544762e-04 | primal_ratio=1.742134e-01 | dual_ratio=1.329572e+00 | dual_ratio_balance=1.329572e+00 | rho_before=1.320000e-01 | rho_after=1.320000e-01 | gamma_before=0.000000e+00 | gamma_after=0.000000e+00 | action=held (frozen after 10 unchanged cycles)
[ADMM RHO] ESS | primal max ratio=0.003 | primal mean ratio=0.001 | primal selected=0.003 | dual mean ratio=0.000 | increase threshold=5.0 | decrease threshold=5.0 | action=held
[ADMM RHO BOYD] ESS | r=1.309318e-03 | s=2.020832e-04 | eps_pri=1.268788e-03 | eps_dual=7.212159e-04 | primal_ratio=1.031944e+00 | dual_ratio=2.801979e-01 | dual_ratio_balance=2.801979e-01 | rho_before=1.000000e+04 | rho_after=1.000000e+04 | gamma_before=0.000000e+00 | gamma_after=0.000000e+00 | action=held
[ADMM RHO] V | primal max ratio=0.028 | primal mean ratio=0.002 | primal selected=0.028 | dual mean ratio=0.000 | increase threshold=5.0 | decrease threshold=5.0 | action=held (frozen after 10 unchanged cycles)
[ADMM RHO BOYD] V | r=5.544050e-04 | s=7.057207e-05 | eps_pri=3.426406e-03 | eps_dual=2.940483e-04 | primal_ratio=1.618036e-01 | dual_ratio=2.400016e-01 | dual_ratio_balance=2.400016e-01 | rho_before=1.732500e-02 | rho_after=1.732500e-02 | gamma_before=0.000000e+00 | gamma_after=0.000000e+00 | action=held (frozen after 10 unchanged cycles)
[ADMM RHO] PF | primal max ratio=0.013 | primal mean ratio=0.001 | primal selected=0.013 | dual mean ratio=0.000 | increase threshold=5.0 | decrease threshold=3.0 | action=held (frozen after 10 unchanged cycles)
[ADMM RHO BOYD] PF | r=2.118694e-04 | s=5.934864e-04 | eps_pri=1.373020e-03 | eps_dual=4.544770e-04 | primal_ratio=1.543090e-01 | dual_ratio=1.305867e+00 | dual_ratio_balance=1.305867e+00 | rho_before=1.320000e-01 | rho_after=1.320000e-01 | gamma_before=0.000000e+00 | gamma_after=0.000000e+00 | action=held (frozen after 10 unchanged cycles)
[ADMM RHO] ESS | primal max ratio=0.004 | primal mean ratio=0.001 | primal selected=0.004 | dual mean ratio=0.000 | increase threshold=5.0 | decrease threshold=5.0 | action=held
[ADMM RHO BOYD] ESS | r=1.262789e-03 | s=2.019917e-04 | eps_pri=1.269634e-03 | eps_dual=7.212155e-04 | primal_ratio=9.946091e-01 | dual_ratio=2.800712e-01 | dual_ratio_balance=2.800712e-01 | rho_before=1.000000e+04 | rho_after=1.000000e+04 | gamma_before=0.000000e+00 | gamma_after=0.000000e+00 | action=held
[ADMM RHO] V | primal max ratio=0.011 | primal mean ratio=0.001 | primal selected=0.011 | dual mean ratio=0.000 | increase threshold=5.0 | decrease threshold=5.0 | action=held (frozen after 10 unchanged cycles)
[ADMM RHO BOYD] V | r=1.857990e-04 | s=6.997330e-05 | eps_pri=3.426373e-03 | eps_dual=2.940483e-04 | primal_ratio=5.422614e-02 | dual_ratio=2.379653e-01 | dual_ratio_balance=2.379653e-01 | rho_before=1.732500e-02 | rho_after=1.732500e-02 | gamma_before=0.000000e+00 | gamma_after=0.000000e+00 | action=held (frozen after 10 unchanged cycles)
[ADMM RHO] PF | primal max ratio=0.013 | primal mean ratio=0.001 | primal selected=0.013 | dual mean ratio=0.000 | increase threshold=5.0 | decrease threshold=3.0 | action=held (frozen after 10 unchanged cycles)
[ADMM RHO BOYD] PF | r=1.994563e-04 | s=5.829315e-04 | eps_pri=1.373052e-03 | eps_dual=4.544772e-04 | primal_ratio=1.452649e-01 | dual_ratio=1.282642e+00 | dual_ratio_balance=1.282642e+00 | rho_before=1.320000e-01 | rho_after=1.320000e-01 | gamma_before=0.000000e+00 | gamma_after=0.000000e+00 | action=held (frozen after 10 unchanged cycles)
[ADMM RHO] ESS | primal max ratio=0.004 | primal mean ratio=0.001 | primal selected=0.004 | dual mean ratio=0.000 | increase threshold=5.0 | decrease threshold=5.0 | action=held
[ADMM RHO BOYD] ESS | r=1.393357e-03 | s=2.016365e-04 | eps_pri=1.270484e-03 | eps_dual=7.212151e-04 | primal_ratio=1.096713e+00 | dual_ratio=2.795788e-01 | dual_ratio_balance=2.795788e-01 | rho_before=1.000000e+04 | rho_after=1.000000e+04 | gamma_before=0.000000e+00 | gamma_after=0.000000e+00 | action=held
[ADMM RHO] V | primal max ratio=0.003 | primal mean ratio=0.001 | primal selected=0.003 | dual mean ratio=0.000 | increase threshold=5.0 | decrease threshold=5.0 | action=held (frozen after 10 unchanged cycles)
[ADMM RHO BOYD] V | r=7.102141e-05 | s=6.946301e-05 | eps_pri=3.426341e-03 | eps_dual=2.940483e-04 | primal_ratio=2.072806e-02 | dual_ratio=2.362299e-01 | dual_ratio_balance=2.362299e-01 | rho_before=1.732500e-02 | rho_after=1.732500e-02 | gamma_before=0.000000e+00 | gamma_after=0.000000e+00 | action=held (frozen after 10 unchanged cycles)
[ADMM RHO] PF | primal max ratio=0.012 | primal mean ratio=0.001 | primal selected=0.012 | dual mean ratio=0.000 | increase threshold=5.0 | decrease threshold=3.0 | action=held (frozen after 10 unchanged cycles)
[ADMM RHO BOYD] PF | r=1.988833e-04 | s=5.724957e-04 | eps_pri=1.373084e-03 | eps_dual=4.544771e-04 | primal_ratio=1.448443e-01 | dual_ratio=1.259680e+00 | dual_ratio_balance=1.259680e+00 | rho_before=1.320000e-01 | rho_after=1.320000e-01 | gamma_before=0.000000e+00 | gamma_after=0.000000e+00 | action=held (frozen after 10 unchanged cycles)
[ADMM RHO] ESS | primal max ratio=0.007 | primal mean ratio=0.001 | primal selected=0.007 | dual mean ratio=0.000 | increase threshold=5.0 | decrease threshold=5.0 | action=held
[ADMM RHO BOYD] ESS | r=1.641775e-03 | s=2.011678e-04 | eps_pri=1.271336e-03 | eps_dual=7.212147e-04 | primal_ratio=1.291377e+00 | dual_ratio=2.789291e-01 | dual_ratio_balance=2.789291e-01 | rho_before=1.000000e+04 | rho_after=1.000000e+04 | gamma_before=0.000000e+00 | gamma_after=0.000000e+00 | action=held
[ADMM RHO] V | primal max ratio=0.002 | primal mean ratio=0.001 | primal selected=0.002 | dual mean ratio=0.000 | increase threshold=5.0 | decrease threshold=5.0 | action=held (frozen after 10 unchanged cycles)
[ADMM RHO BOYD] V | r=4.433653e-05 | s=6.894226e-05 | eps_pri=3.426309e-03 | eps_dual=2.940483e-04 | primal_ratio=1.294003e-02 | dual_ratio=2.344589e-01 | dual_ratio_balance=2.344589e-01 | rho_before=1.732500e-02 | rho_after=1.732500e-02 | gamma_before=0.000000e+00 | gamma_after=0.000000e+00 | action=held (frozen after 10 unchanged cycles)
[ADMM RHO] PF | primal max ratio=0.011 | primal mean ratio=0.001 | primal selected=0.011 | dual mean ratio=0.000 | increase threshold=5.0 | decrease threshold=3.0 | action=held (frozen after 10 unchanged cycles)
[ADMM RHO BOYD] PF | r=2.031621e-04 | s=5.620104e-04 | eps_pri=1.373115e-03 | eps_dual=4.544765e-04 | primal_ratio=1.479571e-01 | dual_ratio=1.236610e+00 | dual_ratio_balance=1.236610e+00 | rho_before=1.320000e-01 | rho_after=1.320000e-01 | gamma_before=0.000000e+00 | gamma_after=0.000000e+00 | action=held (frozen after 10 unchanged cycles)
[ADMM RHO] ESS | primal max ratio=0.007 | primal mean ratio=0.001 | primal selected=0.007 | dual mean ratio=0.000 | increase threshold=5.0 | decrease threshold=5.0 | action=held
[ADMM RHO BOYD] ESS | r=1.603714e-03 | s=2.003363e-04 | eps_pri=1.272185e-03 | eps_dual=7.212143e-04 | primal_ratio=1.260598e+00 | dual_ratio=2.777763e-01 | dual_ratio_balance=2.777763e-01 | rho_before=1.000000e+04 | rho_after=1.000000e+04 | gamma_before=0.000000e+00 | gamma_after=0.000000e+00 | action=held
[ADMM RHO] V | primal max ratio=0.002 | primal mean ratio=0.001 | primal selected=0.002 | dual mean ratio=0.000 | increase threshold=5.0 | decrease threshold=5.0 | action=held (frozen after 10 unchanged cycles)
[ADMM RHO BOYD] V | r=6.287629e-05 | s=6.830493e-05 | eps_pri=3.426277e-03 | eps_dual=2.940483e-04 | primal_ratio=1.835120e-02 | dual_ratio=2.322915e-01 | dual_ratio_balance=2.322915e-01 | rho_before=1.732500e-02 | rho_after=1.732500e-02 | gamma_before=0.000000e+00 | gamma_after=0.000000e+00 | action=held (frozen after 10 unchanged cycles)
[ADMM RHO] PF | primal max ratio=0.010 | primal mean ratio=0.001 | primal selected=0.010 | dual mean ratio=0.000 | increase threshold=5.0 | decrease threshold=3.0 | action=held (frozen after 10 unchanged cycles)
[ADMM RHO BOYD] PF | r=2.059890e-04 | s=5.518473e-04 | eps_pri=1.373146e-03 | eps_dual=4.544758e-04 | primal_ratio=1.500125e-01 | dual_ratio=1.214250e+00 | dual_ratio_balance=1.214250e+00 | rho_before=1.320000e-01 | rho_after=1.320000e-01 | gamma_before=0.000000e+00 | gamma_after=0.000000e+00 | action=held (frozen after 10 unchanged cycles)
[ADMM RHO] ESS | primal max ratio=0.005 | primal mean ratio=0.001 | primal selected=0.005 | dual mean ratio=0.000 | increase threshold=5.0 | decrease threshold=5.0 | action=held
[ADMM RHO BOYD] ESS | r=1.445623e-03 | s=1.999971e-04 | eps_pri=1.273037e-03 | eps_dual=7.212139e-04 | primal_ratio=1.135571e+00 | dual_ratio=2.773062e-01 | dual_ratio_balance=2.773062e-01 | rho_before=1.000000e+04 | rho_after=1.000000e+04 | gamma_before=0.000000e+00 | gamma_after=0.000000e+00 | action=held
[ADMM RHO] V | primal max ratio=0.026 | primal mean ratio=0.001 | primal selected=0.026 | dual mean ratio=0.000 | increase threshold=5.0 | decrease threshold=5.0 | action=held (frozen after 10 unchanged cycles)
[ADMM RHO BOYD] V | r=4.287575e-04 | s=6.640708e-05 | eps_pri=3.426248e-03 | eps_dual=2.940483e-04 | primal_ratio=1.251391e-01 | dual_ratio=2.258373e-01 | dual_ratio_balance=2.258373e-01 | rho_before=1.732500e-02 | rho_after=1.732500e-02 | gamma_before=0.000000e+00 | gamma_after=0.000000e+00 | action=held (frozen after 10 unchanged cycles)
[ADMM RHO] PF | primal max ratio=0.009 | primal mean ratio=0.001 | primal selected=0.009 | dual mean ratio=0.000 | increase threshold=5.0 | decrease threshold=3.0 | action=held (frozen after 10 unchanged cycles)
[ADMM RHO BOYD] PF | r=2.040101e-04 | s=5.420576e-04 | eps_pri=1.373177e-03 | eps_dual=4.544750e-04 | primal_ratio=1.485680e-01 | dual_ratio=1.192712e+00 | dual_ratio_balance=1.192712e+00 | rho_before=1.320000e-01 | rho_after=1.320000e-01 | gamma_before=0.000000e+00 | gamma_after=0.000000e+00 | action=held (frozen after 10 unchanged cycles)
[ADMM RHO] ESS | primal max ratio=0.002 | primal mean ratio=0.001 | primal selected=0.002 | dual mean ratio=0.000 | increase threshold=5.0 | decrease threshold=5.0 | action=held
[ADMM RHO BOYD] ESS | r=1.260359e-03 | s=1.999618e-04 | eps_pri=1.273896e-03 | eps_dual=7.212135e-04 | primal_ratio=9.893734e-01 | dual_ratio=2.772575e-01 | dual_ratio_balance=2.772575e-01 | rho_before=1.000000e+04 | rho_after=1.000000e+04 | gamma_before=0.000000e+00 | gamma_after=0.000000e+00 | action=held
[ADMM RHO] V | primal max ratio=0.022 | primal mean ratio=0.001 | primal selected=0.022 | dual mean ratio=0.000 | increase threshold=5.0 | decrease threshold=5.0 | action=held (frozen after 10 unchanged cycles)
[ADMM RHO BOYD] V | r=3.819138e-04 | s=6.531701e-05 | eps_pri=3.426221e-03 | eps_dual=2.940483e-04 | primal_ratio=1.114679e-01 | dual_ratio=2.221302e-01 | dual_ratio_balance=2.221302e-01 | rho_before=1.732500e-02 | rho_after=1.732500e-02 | gamma_before=0.000000e+00 | gamma_after=0.000000e+00 | action=held (frozen after 10 unchanged cycles)
[ADMM RHO] PF | primal max ratio=0.008 | primal mean ratio=0.001 | primal selected=0.008 | dual mean ratio=0.000 | increase threshold=5.0 | decrease threshold=3.0 | action=held (frozen after 10 unchanged cycles)
[ADMM RHO BOYD] PF | r=1.951468e-04 | s=5.325253e-04 | eps_pri=1.373207e-03 | eps_dual=4.544741e-04 | primal_ratio=1.421103e-01 | dual_ratio=1.171740e+00 | dual_ratio_balance=1.171740e+00 | rho_before=1.320000e-01 | rho_after=1.320000e-01 | gamma_before=0.000000e+00 | gamma_after=0.000000e+00 | action=held (frozen after 10 unchanged cycles)
[ADMM RHO] ESS | primal max ratio=0.002 | primal mean ratio=0.001 | primal selected=0.002 | dual mean ratio=0.000 | increase threshold=5.0 | decrease threshold=5.0 | action=held
[ADMM RHO BOYD] ESS | r=1.183997e-03 | s=1.999409e-04 | eps_pri=1.274760e-03 | eps_dual=7.212131e-04 | primal_ratio=9.287997e-01 | dual_ratio=2.772286e-01 | dual_ratio_balance=2.772286e-01 | rho_before=1.000000e+04 | rho_after=1.000000e+04 | gamma_before=0.000000e+00 | gamma_after=0.000000e+00 | action=held
[ADMM RHO] V | primal max ratio=0.009 | primal mean ratio=0.001 | primal selected=0.009 | dual mean ratio=0.000 | increase threshold=5.0 | decrease threshold=5.0 | action=held (frozen after 10 unchanged cycles)
[ADMM RHO BOYD] V | r=1.262094e-04 | s=6.478733e-05 | eps_pri=3.426196e-03 | eps_dual=2.940483e-04 | primal_ratio=3.683660e-02 | dual_ratio=2.203289e-01 | dual_ratio_balance=2.203289e-01 | rho_before=1.732500e-02 | rho_after=1.732500e-02 | gamma_before=0.000000e+00 | gamma_after=0.000000e+00 | action=held (frozen after 10 unchanged cycles)
[ADMM RHO] PF | primal max ratio=0.007 | primal mean ratio=0.001 | primal selected=0.007 | dual mean ratio=0.000 | increase threshold=5.0 | decrease threshold=3.0 | action=held (frozen after 10 unchanged cycles)
[ADMM RHO BOYD] PF | r=1.795516e-04 | s=5.232915e-04 | eps_pri=1.373237e-03 | eps_dual=4.544734e-04 | primal_ratio=1.307506e-01 | dual_ratio=1.151424e+00 | dual_ratio_balance=1.151424e+00 | rho_before=1.320000e-01 | rho_after=1.320000e-01 | gamma_before=0.000000e+00 | gamma_after=0.000000e+00 | action=held (frozen after 10 unchanged cycles)
[ADMM RHO] ESS | primal max ratio=0.003 | primal mean ratio=0.001 | primal selected=0.003 | dual mean ratio=0.000 | increase threshold=5.0 | decrease threshold=5.0 | action=held
[ADMM RHO BOYD] ESS | r=1.188142e-03 | s=1.998951e-04 | eps_pri=1.275628e-03 | eps_dual=7.212127e-04 | primal_ratio=9.314172e-01 | dual_ratio=2.771652e-01 | dual_ratio_balance=2.771652e-01 | rho_before=1.000000e+04 | rho_after=1.000000e+04 | gamma_before=0.000000e+00 | gamma_after=0.000000e+00 | action=held
[ADMM RHO] V | primal max ratio=0.003 | primal mean ratio=0.001 | primal selected=0.003 | dual mean ratio=0.000 | increase threshold=5.0 | decrease threshold=5.0 | action=held (frozen after 10 unchanged cycles)
[ADMM RHO BOYD] V | r=5.286203e-05 | s=6.431558e-05 | eps_pri=3.426170e-03 | eps_dual=2.940483e-04 | primal_ratio=1.542890e-02 | dual_ratio=2.187245e-01 | dual_ratio_balance=2.187245e-01 | rho_before=1.732500e-02 | rho_after=1.732500e-02 | gamma_before=0.000000e+00 | gamma_after=0.000000e+00 | action=held (frozen after 10 unchanged cycles)
[ADMM RHO] PF | primal max ratio=0.006 | primal mean ratio=0.001 | primal selected=0.006 | dual mean ratio=0.000 | increase threshold=5.0 | decrease threshold=3.0 | action=held (frozen after 10 unchanged cycles)
[ADMM RHO BOYD] PF | r=1.586641e-04 | s=5.144271e-04 | eps_pri=1.373267e-03 | eps_dual=4.544727e-04 | primal_ratio=1.155377e-01 | dual_ratio=1.131921e+00 | dual_ratio_balance=1.131921e+00 | rho_before=1.320000e-01 | rho_after=1.320000e-01 | gamma_before=0.000000e+00 | gamma_after=0.000000e+00 | action=held (frozen after 10 unchanged cycles)
[ADMM RHO] ESS | primal max ratio=0.003 | primal mean ratio=0.001 | primal selected=0.003 | dual mean ratio=0.000 | increase threshold=5.0 | decrease threshold=5.0 | action=held (frozen after 10 unchanged cycles)
[ADMM RHO BOYD] ESS | r=1.185592e-03 | s=1.998425e-04 | eps_pri=1.276501e-03 | eps_dual=7.212123e-04 | primal_ratio=9.287830e-01 | dual_ratio=2.770925e-01 | dual_ratio_balance=2.770925e-01 | rho_before=1.000000e+04 | rho_after=1.000000e+04 | gamma_before=0.000000e+00 | gamma_after=0.000000e+00 | action=held (frozen after 10 unchanged cycles)
[ADMM RHO] V | primal max ratio=0.002 | primal mean ratio=0.001 | primal selected=0.002 | dual mean ratio=0.000 | increase threshold=5.0 | decrease threshold=5.0 | action=held (frozen after 10 unchanged cycles)
[ADMM RHO BOYD] V | r=4.220574e-05 | s=6.383430e-05 | eps_pri=3.426145e-03 | eps_dual=2.940483e-04 | primal_ratio=1.231872e-02 | dual_ratio=2.170878e-01 | dual_ratio_balance=2.170878e-01 | rho_before=1.732500e-02 | rho_after=1.732500e-02 | gamma_before=0.000000e+00 | gamma_after=0.000000e+00 | action=held (frozen after 10 unchanged cycles)
[ADMM RHO] PF | primal max ratio=0.004 | primal mean ratio=0.001 | primal selected=0.004 | dual mean ratio=0.000 | increase threshold=5.0 | decrease threshold=3.0 | action=held (frozen after 10 unchanged cycles)
[ADMM RHO BOYD] PF | r=1.341165e-04 | s=5.058522e-04 | eps_pri=1.373296e-03 | eps_dual=4.544723e-04 | primal_ratio=9.766031e-02 | dual_ratio=1.113054e+00 | dual_ratio_balance=1.113054e+00 | rho_before=1.320000e-01 | rho_after=1.320000e-01 | gamma_before=0.000000e+00 | gamma_after=0.000000e+00 | action=held (frozen after 10 unchanged cycles)
[ADMM RHO] ESS | primal max ratio=0.002 | primal mean ratio=0.001 | primal selected=0.002 | dual mean ratio=0.000 | increase threshold=5.0 | decrease threshold=5.0 | action=held (frozen after 10 unchanged cycles)
[ADMM RHO BOYD] ESS | r=1.154905e-03 | s=1.997924e-04 | eps_pri=1.277380e-03 | eps_dual=7.212119e-04 | primal_ratio=9.041197e-01 | dual_ratio=2.770232e-01 | dual_ratio_balance=2.770232e-01 | rho_before=1.000000e+04 | rho_after=1.000000e+04 | gamma_before=0.000000e+00 | gamma_after=0.000000e+00 | action=held (frozen after 10 unchanged cycles)
[ADMM RHO] V | primal max ratio=0.009 | primal mean ratio=0.001 | primal selected=0.009 | dual mean ratio=0.000 | increase threshold=5.0 | decrease threshold=5.0 | action=held (frozen after 10 unchanged cycles)
[ADMM RHO BOYD] V | r=1.184460e-04 | s=6.323028e-05 | eps_pri=3.426121e-03 | eps_dual=2.940483e-04 | primal_ratio=3.457146e-02 | dual_ratio=2.150336e-01 | dual_ratio_balance=2.150336e-01 | rho_before=1.732500e-02 | rho_after=1.732500e-02 | gamma_before=0.000000e+00 | gamma_after=0.000000e+00 | action=held (frozen after 10 unchanged cycles)
[ADMM RHO] PF | primal max ratio=0.004 | primal mean ratio=0.001 | primal selected=0.004 | dual mean ratio=0.000 | increase threshold=5.0 | decrease threshold=3.0 | action=held (frozen after 10 unchanged cycles)
[ADMM RHO BOYD] PF | r=1.084268e-04 | s=4.975240e-04 | eps_pri=1.373325e-03 | eps_dual=4.544721e-04 | primal_ratio=7.895204e-02 | dual_ratio=1.094729e+00 | dual_ratio_balance=1.094729e+00 | rho_before=1.320000e-01 | rho_after=1.320000e-01 | gamma_before=0.000000e+00 | gamma_after=0.000000e+00 | action=held (frozen after 10 unchanged cycles)
[ADMM RHO] ESS | primal max ratio=0.001 | primal mean ratio=0.001 | primal selected=0.001 | dual mean ratio=0.000 | increase threshold=5.0 | decrease threshold=5.0 | action=held (frozen after 10 unchanged cycles)
[ADMM RHO BOYD] ESS | r=1.127838e-03 | s=1.997318e-04 | eps_pri=1.278266e-03 | eps_dual=7.212115e-04 | primal_ratio=8.823183e-01 | dual_ratio=2.769393e-01 | dual_ratio_balance=2.769393e-01 | rho_before=1.000000e+04 | rho_after=1.000000e+04 | gamma_before=0.000000e+00 | gamma_after=0.000000e+00 | action=held (frozen after 10 unchanged cycles)
[ADMM RHO] V | primal max ratio=0.017 | primal mean ratio=0.001 | primal selected=0.017 | dual mean ratio=0.000 | increase threshold=5.0 | decrease threshold=5.0 | action=held (frozen after 10 unchanged cycles)
[ADMM RHO BOYD] V | r=2.207247e-04 | s=6.258742e-05 | eps_pri=3.426098e-03 | eps_dual=2.940483e-04 | primal_ratio=6.442450e-02 | dual_ratio=2.128474e-01 | dual_ratio_balance=2.128474e-01 | rho_before=1.732500e-02 | rho_after=1.732500e-02 | gamma_before=0.000000e+00 | gamma_after=0.000000e+00 | action=held (frozen after 10 unchanged cycles)
[ADMM RHO] PF | primal max ratio=0.003 | primal mean ratio=0.001 | primal selected=0.003 | dual mean ratio=0.000 | increase threshold=5.0 | decrease threshold=3.0 | action=held (frozen after 10 unchanged cycles)
[ADMM RHO BOYD] PF | r=8.473991e-05 | s=4.894316e-04 | eps_pri=1.373353e-03 | eps_dual=4.544722e-04 | primal_ratio=6.170292e-02 | dual_ratio=1.076923e+00 | dual_ratio_balance=1.076923e+00 | rho_before=1.320000e-01 | rho_after=1.320000e-01 | gamma_before=0.000000e+00 | gamma_after=0.000000e+00 | action=held (frozen after 10 unchanged cycles)
[ADMM RHO] ESS | primal max ratio=0.001 | primal mean ratio=0.001 | primal selected=0.001 | dual mean ratio=0.000 | increase threshold=5.0 | decrease threshold=5.0 | action=held (frozen after 10 unchanged cycles)
[ADMM RHO BOYD] ESS | r=1.121108e-03 | s=1.996687e-04 | eps_pri=1.279158e-03 | eps_dual=7.212111e-04 | primal_ratio=8.764424e-01 | dual_ratio=2.768519e-01 | dual_ratio_balance=2.768519e-01 | rho_before=1.000000e+04 | rho_after=1.000000e+04 | gamma_before=0.000000e+00 | gamma_after=0.000000e+00 | action=held (frozen after 10 unchanged cycles)
[ADMM RHO] V | primal max ratio=0.018 | primal mean ratio=0.001 | primal selected=0.018 | dual mean ratio=0.000 | increase threshold=5.0 | decrease threshold=5.0 | action=held (frozen after 10 unchanged cycles)
[ADMM RHO BOYD] V | r=2.219903e-04 | s=6.207082e-05 | eps_pri=3.426076e-03 | eps_dual=2.940483e-04 | primal_ratio=6.479431e-02 | dual_ratio=2.110905e-01 | dual_ratio_balance=2.110905e-01 | rho_before=1.732500e-02 | rho_after=1.732500e-02 | gamma_before=0.000000e+00 | gamma_after=0.000000e+00 | action=held (frozen after 10 unchanged cycles)
[ADMM RHO] PF | primal max ratio=0.002 | primal mean ratio=0.001 | primal selected=0.002 | dual mean ratio=0.000 | increase threshold=5.0 | decrease threshold=3.0 | action=held (frozen after 10 unchanged cycles)
[ADMM RHO BOYD] PF | r=6.719221e-05 | s=4.815213e-04 | eps_pri=1.373381e-03 | eps_dual=4.544726e-04 | primal_ratio=4.892466e-02 | dual_ratio=1.059517e+00 | dual_ratio_balance=1.059517e+00 | rho_before=1.320000e-01 | rho_after=1.320000e-01 | gamma_before=0.000000e+00 | gamma_after=0.000000e+00 | action=held (frozen after 10 unchanged cycles)
[ADMM RHO] ESS | primal max ratio=0.001 | primal mean ratio=0.001 | primal selected=0.001 | dual mean ratio=0.000 | increase threshold=5.0 | decrease threshold=5.0 | action=held (frozen after 10 unchanged cycles)
[ADMM RHO BOYD] ESS | r=1.117583e-03 | s=1.996213e-04 | eps_pri=1.280054e-03 | eps_dual=7.212107e-04 | primal_ratio=8.730751e-01 | dual_ratio=2.767864e-01 | dual_ratio_balance=2.767864e-01 | rho_before=1.000000e+04 | rho_after=1.000000e+04 | gamma_before=0.000000e+00 | gamma_after=0.000000e+00 | action=held (frozen after 10 unchanged cycles)
[ADMM RHO] V | primal max ratio=0.012 | primal mean ratio=0.001 | primal selected=0.012 | dual mean ratio=0.000 | increase threshold=5.0 | decrease threshold=5.0 | action=held (frozen after 10 unchanged cycles)
[ADMM RHO BOYD] V | r=1.523354e-04 | s=6.164779e-05 | eps_pri=3.426055e-03 | eps_dual=2.940483e-04 | primal_ratio=4.446379e-02 | dual_ratio=2.096519e-01 | dual_ratio_balance=2.096519e-01 | rho_before=1.732500e-02 | rho_after=1.732500e-02 | gamma_before=0.000000e+00 | gamma_after=0.000000e+00 | action=held (frozen after 10 unchanged cycles)
[ADMM RHO] PF | primal max ratio=0.001 | primal mean ratio=0.001 | primal selected=0.001 | dual mean ratio=0.000 | increase threshold=5.0 | decrease threshold=3.0 | action=held (frozen after 10 unchanged cycles)
[ADMM RHO BOYD] PF | r=6.043653e-05 | s=4.737550e-04 | eps_pri=1.373409e-03 | eps_dual=4.544732e-04 | primal_ratio=4.400476e-02 | dual_ratio=1.042427e+00 | dual_ratio_balance=1.042427e+00 | rho_before=1.320000e-01 | rho_after=1.320000e-01 | gamma_before=0.000000e+00 | gamma_after=0.000000e+00 | action=held (frozen after 10 unchanged cycles)
[ADMM RHO] ESS | primal max ratio=0.001 | primal mean ratio=0.001 | primal selected=0.001 | dual mean ratio=0.000 | increase threshold=5.0 | decrease threshold=5.0 | action=held (frozen after 10 unchanged cycles)
[ADMM RHO BOYD] ESS | r=1.113928e-03 | s=1.995628e-04 | eps_pri=1.280955e-03 | eps_dual=7.212103e-04 | primal_ratio=8.696074e-01 | dual_ratio=2.767054e-01 | dual_ratio_balance=2.767054e-01 | rho_before=1.000000e+04 | rho_after=1.000000e+04 | gamma_before=0.000000e+00 | gamma_after=0.000000e+00 | action=held (frozen after 10 unchanged cycles)
[ADMM RHO] V | primal max ratio=0.004 | primal mean ratio=0.001 | primal selected=0.004 | dual mean ratio=0.000 | increase threshold=5.0 | decrease threshold=5.0 | action=held (frozen after 10 unchanged cycles)
[ADMM RHO BOYD] V | r=6.600154e-05 | s=6.122523e-05 | eps_pri=3.426035e-03 | eps_dual=2.940483e-04 | primal_ratio=1.926470e-02 | dual_ratio=2.082148e-01 | dual_ratio_balance=2.082148e-01 | rho_before=1.732500e-02 | rho_after=1.732500e-02 | gamma_before=0.000000e+00 | gamma_after=0.000000e+00 | action=held (frozen after 10 unchanged cycles)
[ADMM RHO] PF | primal max ratio=0.002 | primal mean ratio=0.001 | primal selected=0.002 | dual mean ratio=0.000 | increase threshold=5.0 | decrease threshold=3.0 | action=held (frozen after 10 unchanged cycles)
[ADMM RHO BOYD] PF | r=6.526907e-05 | s=4.660907e-04 | eps_pri=1.373436e-03 | eps_dual=4.544740e-04 | primal_ratio=4.752247e-02 | dual_ratio=1.025561e+00 | dual_ratio_balance=1.025561e+00 | rho_before=1.320000e-01 | rho_after=1.320000e-01 | gamma_before=0.000000e+00 | gamma_after=0.000000e+00 | action=held (frozen after 10 unchanged cycles)
[ADMM RHO] ESS | primal max ratio=0.003 | primal mean ratio=0.001 | primal selected=0.003 | dual mean ratio=0.000 | increase threshold=5.0 | decrease threshold=5.0 | action=held (frozen after 10 unchanged cycles)
[ADMM RHO BOYD] ESS | r=1.150024e-03 | s=1.988500e-04 | eps_pri=1.281859e-03 | eps_dual=7.212099e-04 | primal_ratio=8.971535e-01 | dual_ratio=2.757173e-01 | dual_ratio_balance=2.757173e-01 | rho_before=1.000000e+04 | rho_after=1.000000e+04 | gamma_before=0.000000e+00 | gamma_after=0.000000e+00 | action=held (frozen after 10 unchanged cycles)
[ADMM RHO] V | primal max ratio=0.002 | primal mean ratio=0.001 | primal selected=0.002 | dual mean ratio=0.000 | increase threshold=5.0 | decrease threshold=5.0 | action=held (frozen after 10 unchanged cycles)
[ADMM RHO BOYD] V | r=4.732081e-05 | s=6.077015e-05 | eps_pri=3.426014e-03 | eps_dual=2.940483e-04 | primal_ratio=1.381221e-02 | dual_ratio=2.066672e-01 | dual_ratio_balance=2.066672e-01 | rho_before=1.732500e-02 | rho_after=1.732500e-02 | gamma_before=0.000000e+00 | gamma_after=0.000000e+00 | action=held (frozen after 10 unchanged cycles)
[ADMM RHO] PF | primal max ratio=0.002 | primal mean ratio=0.001 | primal selected=0.002 | dual mean ratio=0.000 | increase threshold=5.0 | decrease threshold=3.0 | action=held (frozen after 10 unchanged cycles)
[ADMM RHO BOYD] PF | r=7.706956e-05 | s=4.585686e-04 | eps_pri=1.373463e-03 | eps_dual=4.544750e-04 | primal_ratio=5.611332e-02 | dual_ratio=1.009007e+00 | dual_ratio_balance=1.009007e+00 | rho_before=1.320000e-01 | rho_after=1.320000e-01 | gamma_before=0.000000e+00 | gamma_after=0.000000e+00 | action=held (frozen after 10 unchanged cycles)
[ADMM RHO] ESS | primal max ratio=0.004 | primal mean ratio=0.001 | primal selected=0.004 | dual mean ratio=0.000 | increase threshold=5.0 | decrease threshold=5.0 | action=held (frozen after 10 unchanged cycles)
[ADMM RHO BOYD] ESS | r=1.226622e-03 | s=1.984244e-04 | eps_pri=1.282763e-03 | eps_dual=7.212095e-04 | primal_ratio=9.562340e-01 | dual_ratio=2.751272e-01 | dual_ratio_balance=2.751272e-01 | rho_before=1.000000e+04 | rho_after=1.000000e+04 | gamma_before=0.000000e+00 | gamma_after=0.000000e+00 | action=held (frozen after 10 unchanged cycles)
[ADMM RHO] V | primal max ratio=0.006 | primal mean ratio=0.001 | primal selected=0.006 | dual mean ratio=0.000 | increase threshold=5.0 | decrease threshold=5.0 | action=held (frozen after 10 unchanged cycles)
[ADMM RHO BOYD] V | r=7.979066e-05 | s=6.030424e-05 | eps_pri=3.425994e-03 | eps_dual=2.940483e-04 | primal_ratio=2.328979e-02 | dual_ratio=2.050827e-01 | dual_ratio_balance=2.050827e-01 | rho_before=1.732500e-02 | rho_after=1.732500e-02 | gamma_before=0.000000e+00 | gamma_after=0.000000e+00 | action=held (frozen after 10 unchanged cycles)
[ADMM RHO] PF | primal max ratio=0.003 | primal mean ratio=0.001 | primal selected=0.003 | dual mean ratio=0.000 | increase threshold=5.0 | decrease threshold=3.0 | action=held (frozen after 10 unchanged cycles)
[ADMM RHO BOYD] PF | r=9.086700e-05 | s=4.510691e-04 | eps_pri=1.373489e-03 | eps_dual=4.544762e-04 | primal_ratio=6.615779e-02 | dual_ratio=9.925032e-01 | dual_ratio_balance=9.925032e-01 | rho_before=1.320000e-01 | rho_after=1.320000e-01 | gamma_before=0.000000e+00 | gamma_after=0.000000e+00 | action=held (frozen after 10 unchanged cycles)
[ADMM RHO] ESS | primal max ratio=0.004 | primal mean ratio=0.001 | primal selected=0.004 | dual mean ratio=0.000 | increase threshold=5.0 | decrease threshold=5.0 | action=held (frozen after 10 unchanged cycles)
[ADMM RHO BOYD] ESS | r=1.193539e-03 | s=1.983390e-04 | eps_pri=1.283674e-03 | eps_dual=7.212091e-04 | primal_ratio=9.297838e-01 | dual_ratio=2.750089e-01 | dual_ratio_balance=2.750089e-01 | rho_before=1.000000e+04 | rho_after=1.000000e+04 | gamma_before=0.000000e+00 | gamma_after=0.000000e+00 | action=held (frozen after 10 unchanged cycles)
[ADMM RHO] V | primal max ratio=0.006 | primal mean ratio=0.001 | primal selected=0.006 | dual mean ratio=0.000 | increase threshold=5.0 | decrease threshold=5.0 | action=held (frozen after 10 unchanged cycles)
[ADMM RHO BOYD] V | r=8.560727e-05 | s=5.984730e-05 | eps_pri=3.425973e-03 | eps_dual=2.940483e-04 | primal_ratio=2.498773e-02 | dual_ratio=2.035288e-01 | dual_ratio_balance=2.035288e-01 | rho_before=1.732500e-02 | rho_after=1.732500e-02 | gamma_before=0.000000e+00 | gamma_after=0.000000e+00 | action=held (frozen after 10 unchanged cycles)
[ADMM RHO] PF | primal max ratio=0.017 | primal mean ratio=0.001 | primal selected=0.017 | dual mean ratio=0.000 | increase threshold=5.0 | decrease threshold=3.0 | action=held (frozen after 10 unchanged cycles)
[ADMM RHO BOYD] PF | r=2.516421e-04 | s=4.397388e-04 | eps_pri=1.373515e-03 | eps_dual=4.544775e-04 | primal_ratio=1.832103e-01 | dual_ratio=9.675701e-01 | dual_ratio_balance=9.675701e-01 | rho_before=1.320000e-01 | rho_after=1.320000e-01 | gamma_before=0.000000e+00 | gamma_after=0.000000e+00 | action=held (frozen after 10 unchanged cycles)
[ADMM RHO] ESS | primal max ratio=0.002 | primal mean ratio=0.001 | primal selected=0.002 | dual mean ratio=0.000 | increase threshold=5.0 | decrease threshold=5.0 | action=held (frozen after 10 unchanged cycles)
[ADMM RHO BOYD] ESS | r=1.142492e-03 | s=1.982522e-04 | eps_pri=1.284589e-03 | eps_dual=7.212087e-04 | primal_ratio=8.893835e-01 | dual_ratio=2.748888e-01 | dual_ratio_balance=2.748888e-01 | rho_before=1.000000e+04 | rho_after=1.000000e+04 | gamma_before=0.000000e+00 | gamma_after=0.000000e+00 | action=held (frozen after 10 unchanged cycles)
[ADMM RHO] V | primal max ratio=0.005 | primal mean ratio=0.001 | primal selected=0.005 | dual mean ratio=0.000 | increase threshold=5.0 | decrease threshold=5.0 | action=held (frozen after 10 unchanged cycles)
[ADMM RHO BOYD] V | r=6.900988e-05 | s=5.939731e-05 | eps_pri=3.425952e-03 | eps_dual=2.940483e-04 | primal_ratio=2.014327e-02 | dual_ratio=2.019985e-01 | dual_ratio_balance=2.019985e-01 | rho_before=1.732500e-02 | rho_after=1.732500e-02 | gamma_before=0.000000e+00 | gamma_after=0.000000e+00 | action=held (frozen after 10 unchanged cycles)
[ADMM RHO] PF | primal max ratio=0.011 | primal mean ratio=0.001 | primal selected=0.011 | dual mean ratio=0.000 | increase threshold=5.0 | decrease threshold=3.0 | action=held (frozen after 10 unchanged cycles)
[ADMM RHO BOYD] PF | r=2.360130e-04 | s=4.311364e-04 | eps_pri=1.373541e-03 | eps_dual=4.544798e-04 | primal_ratio=1.718281e-01 | dual_ratio=9.486371e-01 | dual_ratio_balance=9.486371e-01 | rho_before=1.320000e-01 | rho_after=1.320000e-01 | gamma_before=0.000000e+00 | gamma_after=0.000000e+00 | action=held (frozen after 10 unchanged cycles)
[ADMM RHO] ESS | primal max ratio=0.003 | primal mean ratio=0.001 | primal selected=0.003 | dual mean ratio=0.000 | increase threshold=5.0 | decrease threshold=5.0 | action=held (frozen after 10 unchanged cycles)
[ADMM RHO BOYD] ESS | r=1.218273e-03 | s=1.967339e-04 | eps_pri=1.285496e-03 | eps_dual=7.212083e-04 | primal_ratio=9.477067e-01 | dual_ratio=2.727837e-01 | dual_ratio_balance=2.727837e-01 | rho_before=1.000000e+04 | rho_after=1.000000e+04 | gamma_before=0.000000e+00 | gamma_after=0.000000e+00 | action=held (frozen after 10 unchanged cycles)
predicted ESS lift cycle: 35
first ESS balancing action after lift: cycle 35 (increased, rho 0.01 -> 0.015, is_lift_cycle=True)
n subsequent (non-predictive) firings: 52
Wrote /Users/micaelsimoes/Projects/share-resource-planning-no_esso-degradation/data/SRP1/Results/P515S39/d_policy_replay_on_s38/d_policy_replay_on_s38_A_tau0.json
SolveProfileGuard: 0 solves, 0 execs -- verified.
