[INFO] Running OPERATIONAL PLANNING (DISTRIBUTED)...
[INFO]	 - Initializing...
[INFO] 		 - Distribution Network node 5...
[INFO] 			 - Running SMOPF, Network case33_1, 2025, Spring...
[INFO] 			 - Running SMOPF, Network case33_1, 2025, Summer...
[INFO] 			 - Running SMOPF, Network case33_1, 2025, Autumn...
[INFO] 			 - Running SMOPF, Network case33_1, 2025, Winter...
[INFO] 			 - Running SMOPF, Network case33_1, 2030, Spring...
[INFO] 			 - Running SMOPF, Network case33_1, 2030, Summer...
[INFO] 			 - Running SMOPF, Network case33_1, 2030, Autumn...
[INFO] 			 - Running SMOPF, Network case33_1, 2030, Winter...
[INFO] 			 - Running SMOPF, Network case33_1, 2035, Spring...
[INFO] 			 - Running SMOPF, Network case33_1, 2035, Summer...
[INFO] 			 - Running SMOPF, Network case33_1, 2035, Autumn...
[INFO] 			 - Running SMOPF, Network case33_1, 2035, Winter...
[INFO] 		 - Distribution Network node 7...
[INFO] 			 - Running SMOPF, Network case33_2, 2025, Spring...
[INFO] 			 - Running SMOPF, Network case33_2, 2025, Summer...
[INFO] 			 - Running SMOPF, Network case33_2, 2025, Autumn...
[INFO] 			 - Running SMOPF, Network case33_2, 2025, Winter...
[INFO] 			 - Running SMOPF, Network case33_2, 2030, Spring...
[INFO] 			 - Running SMOPF, Network case33_2, 2030, Summer...
[INFO] 			 - Running SMOPF, Network case33_2, 2030, Autumn...
[INFO] 			 - Running SMOPF, Network case33_2, 2030, Winter...
[INFO] 			 - Running SMOPF, Network case33_2, 2035, Spring...
[INFO] 			 - Running SMOPF, Network case33_2, 2035, Summer...
[INFO] 			 - Running SMOPF, Network case33_2, 2035, Autumn...
[INFO] 			 - Running SMOPF, Network case33_2, 2035, Winter...
[INFO] 		 - Distribution Network node 9...
[INFO] 			 - Running SMOPF, Network case33_3, 2025, Spring...
[INFO] 			 - Running SMOPF, Network case33_3, 2025, Summer...
[INFO] 			 - Running SMOPF, Network case33_3, 2025, Autumn...
[INFO] 			 - Running SMOPF, Network case33_3, 2025, Winter...
[INFO] 			 - Running SMOPF, Network case33_3, 2030, Spring...
[INFO] 			 - Running SMOPF, Network case33_3, 2030, Summer...
[INFO] 			 - Running SMOPF, Network case33_3, 2030, Autumn...
[INFO] 			 - Running SMOPF, Network case33_3, 2030, Winter...
[INFO] 			 - Running SMOPF, Network case33_3, 2035, Spring...
[INFO] 			 - Running SMOPF, Network case33_3, 2035, Summer...
[INFO] 			 - Running SMOPF, Network case33_3, 2035, Autumn...
[INFO] 			 - Running SMOPF, Network case33_3, 2035, Winter...
[INFO] 		 - Transmission Network...
[INFO] 			 - Running SMOPF, Network case9, 2025, Spring...
[INFO] 			 - Running SMOPF, Network case9, 2025, Summer...
[INFO] 			 - Running SMOPF, Network case9, 2025, Autumn...
[INFO] 			 - Running SMOPF, Network case9, 2025, Winter...
[INFO] 			 - Running SMOPF, Network case9, 2030, Spring...
[INFO] 			 - Running SMOPF, Network case9, 2030, Summer...
[INFO] 			 - Running SMOPF, Network case9, 2030, Autumn...
[INFO] 			 - Running SMOPF, Network case9, 2030, Winter...
[INFO] 			 - Running SMOPF, Network case9, 2035, Spring...
[INFO] 			 - Running SMOPF, Network case9, 2035, Summer...
[INFO] 			 - Running SMOPF, Network case9, 2035, Autumn...
[INFO] 			 - Running SMOPF, Network case9, 2035, Winter...
[INFO] 		 - Running Shared ESS optimization (subproblem)...
[INFO] 			 - Node 5...
[INFO] Shared ESS complementarity diagnostics for ESS node=5: ratio_max=2.552860e-05 n_periods=288 mu_final=3.141981e-09 s_obj=1.000000e-01 eps=1.000000e-03 bound=9.048906e-03 measured=7.512458e-03
[INFO] 			 - Node 7...
[INFO] Shared ESS complementarity diagnostics for ESS node=7: ratio_max=2.568131e-05 n_periods=288 mu_final=3.139396e-09 s_obj=1.000000e-01 eps=1.000000e-03 bound=9.041459e-03 measured=7.460716e-03
[INFO] 			 - Node 9...
[INFO] Shared ESS complementarity diagnostics for ESS node=9: ratio_max=2.555581e-05 n_periods=288 mu_final=3.123550e-09 s_obj=1.000000e-01 eps=1.000000e-03 bound=8.995825e-03 measured=7.505768e-03
[ADMM OF SCALE] n=48 | min=3.467805e+02 | median=4.064093e+02 | max=4.311165e+07 | selected=4.311165e+07
[ADMM OF SCALE] Largest weighted objectives:
  TSO node=None year=2025 day=Summer | base=4.311165e+07 | scenario=0.000000e+00 | total=4.311165e+07
  TSO node=None year=2025 day=Spring | base=4.093292e+07 | scenario=0.000000e+00 | total=4.093292e+07
  TSO node=None year=2035 day=Summer | base=4.070938e+07 | scenario=0.000000e+00 | total=4.070938e+07
  TSO node=None year=2025 day=Autumn | base=4.014921e+07 | scenario=0.000000e+00 | total=4.014921e+07
  TSO node=None year=2030 day=Summer | base=3.436840e+07 | scenario=0.000000e+00 | total=3.436840e+07
  TSO node=None year=2035 day=Spring | base=3.371213e+07 | scenario=0.000000e+00 | total=3.371213e+07
  TSO node=None year=2030 day=Spring | base=3.256124e+07 | scenario=0.000000e+00 | total=3.256124e+07
  TSO node=None year=2025 day=Winter | base=2.637953e+07 | scenario=0.000000e+00 | total=2.637953e+07
  TSO node=None year=2035 day=Autumn | base=2.371081e+07 | scenario=0.000000e+00 | total=2.371081e+07
  TSO node=None year=2030 day=Autumn | base=1.372060e+07 | scenario=0.000000e+00 | total=1.372060e+07
[INFO] 	 - ADMM Iteration 1
[INFO] 		 - Updating distribution networks:
[INFO] 			 - Running SMOPF, Network case33_1, 2025, Spring...
[INFO] 			 - Running SMOPF, Network case33_1, 2025, Summer...
[INFO] 			 - Running SMOPF, Network case33_1, 2025, Autumn...
[INFO] 			 - Running SMOPF, Network case33_1, 2025, Winter...
[INFO] 			 - Running SMOPF, Network case33_1, 2030, Spring...
[INFO] 			 - Running SMOPF, Network case33_1, 2030, Summer...
[INFO] 			 - Running SMOPF, Network case33_1, 2030, Autumn...
[INFO] 			 - Running SMOPF, Network case33_1, 2030, Winter...
[INFO] 			 - Running SMOPF, Network case33_1, 2035, Spring...
[INFO] 			 - Running SMOPF, Network case33_1, 2035, Summer...
[INFO] 			 - Running SMOPF, Network case33_1, 2035, Autumn...
[INFO] 			 - Running SMOPF, Network case33_1, 2035, Winter...
[INFO] 			 - Running SMOPF, Network case33_2, 2025, Spring...
[INFO] 			 - Running SMOPF, Network case33_2, 2025, Summer...
[INFO] 			 - Running SMOPF, Network case33_2, 2025, Autumn...
[INFO] 			 - Running SMOPF, Network case33_2, 2025, Winter...
[INFO] 			 - Running SMOPF, Network case33_2, 2030, Spring...
[INFO] 			 - Running SMOPF, Network case33_2, 2030, Summer...
[INFO] 			 - Running SMOPF, Network case33_2, 2030, Autumn...
[INFO] 			 - Running SMOPF, Network case33_2, 2030, Winter...
[INFO] 			 - Running SMOPF, Network case33_2, 2035, Spring...
[INFO] 			 - Running SMOPF, Network case33_2, 2035, Summer...
[WARNING] Network primary solve did not converge for case33_2, year=2035, day=Summer: status=warning, termination=maxIterations, message=Ipopt 3.14.18\x3a Maximum Number of Iterations Exceeded. | warm_start=True
[WARNING] ADMM penalties for case33_2, year=2035, day=Summer: rho_v=1.5, rho_pf=300, rho_ess=1
[WARNING] IPOPT primary solve log for case33_2, year=2035, day=Summer: /Users/micaelsimoes/Projects/share-resource-planning-no_esso-degradation/data/SRP1/Results/P56A/evals/p515a_candidate1_rewired/logs/optim_log_case33_2_2035_Summer.log
[INFO] Retrying network solve once for case33_2, year=2035, day=Summer, cold start, with warm_start_init_point=no.
[INFO] Network recovery solve succeeded for case33_2, year=2035, day=Summer.
[INFO] 			 - Running SMOPF, Network case33_2, 2035, Autumn...
[INFO] 			 - Running SMOPF, Network case33_2, 2035, Winter...
[INFO] 			 - Running SMOPF, Network case33_3, 2025, Spring...
[INFO] 			 - Running SMOPF, Network case33_3, 2025, Summer...
[INFO] 			 - Running SMOPF, Network case33_3, 2025, Autumn...
[INFO] 			 - Running SMOPF, Network case33_3, 2025, Winter...
[INFO] 			 - Running SMOPF, Network case33_3, 2030, Spring...
[INFO] 			 - Running SMOPF, Network case33_3, 2030, Summer...
[INFO] 			 - Running SMOPF, Network case33_3, 2030, Autumn...
[INFO] 			 - Running SMOPF, Network case33_3, 2030, Winter...
[INFO] 			 - Running SMOPF, Network case33_3, 2035, Spring...
[INFO] 			 - Running SMOPF, Network case33_3, 2035, Summer...
[INFO] 			 - Running SMOPF, Network case33_3, 2035, Autumn...
[INFO] 			 - Running SMOPF, Network case33_3, 2035, Winter...
[INFO] 		 - Updating transmission network...
[INFO] 			 - Running SMOPF, Network case9, 2025, Spring...
[INFO] 			 - Running SMOPF, Network case9, 2025, Summer...
[INFO] 			 - Running SMOPF, Network case9, 2025, Autumn...
[INFO] 			 - Running SMOPF, Network case9, 2025, Winter...
[INFO] 			 - Running SMOPF, Network case9, 2030, Spring...
[INFO] 			 - Running SMOPF, Network case9, 2030, Summer...
[INFO] 			 - Running SMOPF, Network case9, 2030, Autumn...
[INFO] 			 - Running SMOPF, Network case9, 2030, Winter...
[INFO] 			 - Running SMOPF, Network case9, 2035, Spring...
[INFO] 			 - Running SMOPF, Network case9, 2035, Summer...
[INFO] 			 - Running SMOPF, Network case9, 2035, Autumn...
[INFO] 			 - Running SMOPF, Network case9, 2035, Winter...
[TSO PROX] cycle=1 | updated_blocks=12 | held_failed_blocks=0 | V max=0.065167 | PF max=0.629519 | ESS max=0.240321
[TSO PROX][V MAX] node=9, year=2035, day=Spring, period=2 | dV=22.482715 kV | normalized=0.065167
[TSO PROX][PF MAX] node=7, year=2030, day=Autumn, period=4, type=Q | delta=62.951916 MVAr | normalized=0.629519
[TSO PROX][ESS MAX] node=9, year=2035, day=Summer, period=19, type=P | delta=0.465622 MW | normalized=0.240321
[INFO] 		 - Updating SharedESS...
[INFO] 		 - Running Shared ESS optimization (subproblem)...
[INFO] 			 - Node 5...
[INFO] Shared ESS complementarity diagnostics for ESS node=5: ratio_max=2.584820e-05 n_periods=288 mu_final=3.115501e-09 s_obj=1.000000e-01 eps=1.000000e-03 bound=8.972644e-03 measured=8.992019e-03
[INFO] 			 - Node 7...
[INFO] Shared ESS complementarity diagnostics for ESS node=7: ratio_max=2.584408e-05 n_periods=288 mu_final=3.043809e-09 s_obj=1.000000e-01 eps=1.000000e-03 bound=8.766170e-03 measured=8.698013e-03
[INFO] 			 - Node 9...
[INFO] Shared ESS complementarity diagnostics for ESS node=9: ratio_max=2.584146e-05 n_periods=288 mu_final=4.613184e-09 s_obj=1.000000e-01 eps=1.000000e-03 bound=1.328597e-02 measured=8.706607e-03
[DIAG][V MAX] node=9, year=2035, day=Winter, period=2 | TSO=356.106220 kV, DSO=379.500001 kV, diff=23.393781 kV, base=345.000000 kV, normalized=0.067808, rho(TSO/DSO)=1.500000/1.500000
[DIAG][PF MAX] node=7, year=2030, day=Autumn, period=5, type=Q | TSO=-25.336856 MVAr, DSO=19.824339 MVAr, diff=45.161195 MVAr, rating=100.000000 MVA, normalized=0.451612, rho(TSO/DSO)=300.000000/300.000000
[DIAG][ESS MAX] agent=TSO, node=9, year=2035, day=Summer, period=3, type=P | x=0.868735 MW, z=0.648338 MW, diff=0.220397 MW, norm_rating=0.968750 MVA, normalized=0.113753, rho=1.000000, rho(TSO/DSO/ESSO)=1.000000/1.000000/1.000000
[DIAG][ESS COMP] TSO | Sch=0.868738 MVA, Sdch=0.000003 MVA, net=0.868735 MVA, product=2.287626e-06 MVA^2, simultaneous=0.000003 MVA, base=100.000000 MVA
[DIAG][ESS COMP] DSO | Sch=0.675829 MVA, Sdch=0.000000 MVA, net=0.675829 MVA, product=1.304811e-07 MVA^2, simultaneous=0.000000 MVA, base=100.000000 MVA
[DIAG][ESS COMP] ESSO | Sch=0.645709 MVA, Sdch=0.000013 MVA, net=0.645696 MVA, product=8.083705e-06 MVA^2, simultaneous=0.000013 MVA
[INFO]		 - interface Vmag max primal residual failed. 0.067808 > 0.010000
[INFO]		 - interface Vmag mean primal residual failed. 0.051844 > 0.001000
[INFO]		 - interface PF max primal residual failed. 0.451612 > 0.010000
[INFO]		 - interface PF mean primal residual failed. 0.178000 > 0.001000
[INFO]		 - shared ESS max primal residual failed. 0.113753 > 0.100000
[INFO]		 - interface Vmag mean dual residual failed. 0.101736 > 0.010000
[INFO]		 - interface PF mean dual residual failed. 65.410074 > 0.010000
[INFO]		 - Recourse stationarity requires one previous successful cycle.
[ADMM RHO] V | primal max ratio=6.781 | primal mean ratio=51.844 | primal selected=51.844 | dual mean ratio=10.174 | increase threshold=5.0 | decrease threshold=5.0 | action=increased
[ADMM RHO] PF | primal max ratio=45.161 | primal mean ratio=178.000 | primal selected=178.000 | dual mean ratio=6541.007 | increase threshold=5.0 | decrease threshold=3.0 | action=decreased
[ADMM RHO] ESS | primal max ratio=1.138 | primal mean ratio=0.807 | primal selected=1.138 | dual mean ratio=0.258 | increase threshold=5.0 | decrease threshold=5.0 | action=held
[INFO]		 - ADMM cycle 1 | Primal (V max/mean | PF max/mean | ESS max/mean) = 0.067808/0.051844 | 0.451612/0.178000 | 0.113753/0.008073 | Dual (V max/mean | PF max/mean | ESS max/mean) = 0.150000/0.101736 | 218.209264/65.410074 | 0.031047/0.002575 | Recourse change = N/A (tol. N/A) | Stable cycles = 0/1 | Penalty actions (V/PF/ESS) = increased/decreased/held
[INFO] 	 - Iteration 1: 53.75 s
[INFO] 	 - ADMM Iteration 2
[INFO] 		 - Updating distribution networks:
[INFO] 			 - Running SMOPF, Network case33_1, 2025, Spring...
[INFO] 			 - Running SMOPF, Network case33_1, 2025, Summer...
[INFO] 			 - Running SMOPF, Network case33_1, 2025, Autumn...
[INFO] 			 - Running SMOPF, Network case33_1, 2025, Winter...
[INFO] 			 - Running SMOPF, Network case33_1, 2030, Spring...
[INFO] 			 - Running SMOPF, Network case33_1, 2030, Summer...
[INFO] 			 - Running SMOPF, Network case33_1, 2030, Autumn...
[INFO] 			 - Running SMOPF, Network case33_1, 2030, Winter...
[INFO] 			 - Running SMOPF, Network case33_1, 2035, Spring...
[INFO] 			 - Running SMOPF, Network case33_1, 2035, Summer...
[INFO] 			 - Running SMOPF, Network case33_1, 2035, Autumn...
[INFO] 			 - Running SMOPF, Network case33_1, 2035, Winter...
[INFO] 			 - Running SMOPF, Network case33_2, 2025, Spring...
[INFO] 			 - Running SMOPF, Network case33_2, 2025, Summer...
[INFO] 			 - Running SMOPF, Network case33_2, 2025, Autumn...
[INFO] 			 - Running SMOPF, Network case33_2, 2025, Winter...
[INFO] 			 - Running SMOPF, Network case33_2, 2030, Spring...
[INFO] 			 - Running SMOPF, Network case33_2, 2030, Summer...
[INFO] 			 - Running SMOPF, Network case33_2, 2030, Autumn...
[INFO] 			 - Running SMOPF, Network case33_2, 2030, Winter...
[INFO] 			 - Running SMOPF, Network case33_2, 2035, Spring...
[INFO] 			 - Running SMOPF, Network case33_2, 2035, Summer...
[INFO] 			 - Running SMOPF, Network case33_2, 2035, Autumn...
[INFO] 			 - Running SMOPF, Network case33_2, 2035, Winter...
[INFO] 			 - Running SMOPF, Network case33_3, 2025, Spring...
[INFO] 			 - Running SMOPF, Network case33_3, 2025, Summer...
[INFO] 			 - Running SMOPF, Network case33_3, 2025, Autumn...
[INFO] 			 - Running SMOPF, Network case33_3, 2025, Winter...
[INFO] 			 - Running SMOPF, Network case33_3, 2030, Spring...
[INFO] 			 - Running SMOPF, Network case33_3, 2030, Summer...
[INFO] 			 - Running SMOPF, Network case33_3, 2030, Autumn...
[INFO] 			 - Running SMOPF, Network case33_3, 2030, Winter...
[INFO] 			 - Running SMOPF, Network case33_3, 2035, Spring...
[INFO] 			 - Running SMOPF, Network case33_3, 2035, Summer...
[INFO] 			 - Running SMOPF, Network case33_3, 2035, Autumn...
[INFO] 			 - Running SMOPF, Network case33_3, 2035, Winter...
[INFO] 		 - Updating transmission network...
[INFO] 			 - Running SMOPF, Network case9, 2025, Spring...
[INFO] 			 - Running SMOPF, Network case9, 2025, Summer...
[INFO] 			 - Running SMOPF, Network case9, 2025, Autumn...
[INFO] 			 - Running SMOPF, Network case9, 2025, Winter...
[INFO] 			 - Running SMOPF, Network case9, 2030, Spring...
[INFO] 			 - Running SMOPF, Network case9, 2030, Summer...
[INFO] 			 - Running SMOPF, Network case9, 2030, Autumn...
[INFO] 			 - Running SMOPF, Network case9, 2030, Winter...
[INFO] 			 - Running SMOPF, Network case9, 2035, Spring...
[INFO] 			 - Running SMOPF, Network case9, 2035, Summer...
[INFO] 			 - Running SMOPF, Network case9, 2035, Autumn...
[INFO] 			 - Running SMOPF, Network case9, 2035, Winter...
[TSO PROX] cycle=2 | updated_blocks=12 | held_failed_blocks=0 | V max=0.003736 | PF max=0.188776 | ESS max=0.111153
[TSO PROX][V MAX] node=9, year=2030, day=Winter, period=8 | dV=1.288911 kV | normalized=0.003736
[TSO PROX][PF MAX] node=9, year=2025, day=Summer, period=20, type=Q | delta=28.316467 MVAr | normalized=0.188776
[TSO PROX][ESS MAX] node=9, year=2035, day=Summer, period=3, type=P | delta=0.215358 MW | normalized=0.111153
[INFO] 		 - Updating SharedESS...
[INFO] 		 - Running Shared ESS optimization (subproblem)...
[INFO] 			 - Node 5...
[INFO] Shared ESS complementarity diagnostics for ESS node=5: ratio_max=2.581739e-05 n_periods=288 mu_final=4.611473e-09 s_obj=1.000000e-01 eps=1.000000e-03 bound=1.328104e-02 measured=8.477247e-03
[INFO] 			 - Node 7...
[INFO] Shared ESS complementarity diagnostics for ESS node=7: ratio_max=2.583599e-05 n_periods=288 mu_final=5.069754e-09 s_obj=1.000000e-01 eps=1.000000e-03 bound=1.460089e-02 measured=8.323368e-03
[INFO] 			 - Node 9...
[INFO] Shared ESS complementarity diagnostics for ESS node=9: ratio_max=2.582356e-05 n_periods=288 mu_final=3.876693e-09 s_obj=1.000000e-01 eps=1.000000e-03 bound=1.116487e-02 measured=8.350998e-03
[DIAG][V MAX] node=5, year=2035, day=Spring, period=2 | TSO=361.411130 kV, DSO=373.357240 kV, diff=11.946110 kV, base=345.000000 kV, normalized=0.034626, rho(TSO/DSO)=2.250000/2.250000
[INFO]		 - interface Vmag max primal residual failed. 0.034626 > 0.010000
[INFO]		 - interface Vmag mean primal residual failed. 0.021279 > 0.001000
[INFO]		 - interface PF mean primal residual failed. 0.001553 > 0.001000
[INFO]		 - interface Vmag mean dual residual failed. 0.035611 > 0.010000
[INFO]		 - interface PF mean dual residual failed. 17.918698 > 0.010000
[RECOURSE JUMP] cycle=2 | abs_change=9.715745e+08 | tol=2.803606e+05 | signed_change=-9.715745e+08
[RECOURSE JUMP] Reconciliation | previous=2.803606e+09 | current=1.832031e+09 | block_delta=-9.715745e+08 | mismatch=-2.384186e-07
[RECOURSE JUMP] Aggregate signed changes:
  DSO node=7 | delta=-3.977520e+08
  TSO | delta=-2.854872e+08
  DSO node=9 | delta=-1.779927e+08
  DSO node=5 | delta=-1.103426e+08
  SALVAGE | delta=-1.126823e-35
[RECOURSE JUMP] Largest 10 block changes:
  DSO node=7 year=2035 day=Autumn | previous=6.193313e+07 | current=2.214543e+05 | delta=-6.171168e+07 | abs_delta=6.171168e+07
    [RECOURSE COMPONENTS] gen=+0.000000e+00 | flex=-1.869007e+07 | load_curt=+0.000000e+00 | res_curt=-3.090412e+03 | ess_usage=+0.000000e+00 | slacks=-4.296871e+07 | ess_comp=-4.979839e+04
    [SLACK COMPONENTS] voltage=-3.102443e+07 | node_P=+0.000000e+00 | node_Q=+0.000000e+00 | branch_ij=+0.000000e+00 | branch_ji=+0.000000e+00 | flex_P=-1.194429e+07 | flex_Q=+5.621626e+00
    [SLACK COMPONENT CHECK] classified_delta=-4.296871e+07 | objective_slack_delta=-4.296871e+07 | mismatch=+8.195639e-08
    [RECOURSE COMPONENT CHECK] classified_delta=-6.171168e+07 | block_delta=-6.171168e+07 | mismatch=-7.450581e-09
  TSO node=None year=2025 day=Autumn | previous=1.862512e+08 | current=1.298039e+08 | delta=-5.644729e+07 | abs_delta=5.644729e+07
    [RECOURSE JUMP][TSO PROX] year=2025 day=Autumn | V max=0.001223 | PF max=0.149633 | ESS max=0.059504
    [RECOURSE COMPONENTS] gen=-3.302044e+07 | flex=-2.340642e+07 | load_curt=+0.000000e+00 | res_curt=+0.000000e+00 | ess_usage=+0.000000e+00 | slacks=+1.780174e-01 | ess_comp=-2.042864e+04
    [SLACK COMPONENTS] voltage=+1.695406e-01 | node_P=+0.000000e+00 | node_Q=+0.000000e+00 | branch_ij=+0.000000e+00 | branch_ji=+0.000000e+00 | flex_P=+4.238420e-03 | flex_Q=+4.238420e-03
    [SLACK COMPONENT CHECK] classified_delta=+1.780174e-01 | objective_slack_delta=+1.780174e-01 | mismatch=-1.598721e-14
    [RECOURSE COMPONENT CHECK] classified_delta=-5.644729e+07 | block_delta=-5.644729e+07 | mismatch=+2.235174e-08
  TSO node=None year=2025 day=Winter | previous=1.944723e+08 | current=1.421525e+08 | delta=-5.231982e+07 | abs_delta=5.231982e+07
    [RECOURSE JUMP][TSO PROX] year=2025 day=Winter | V max=0.001681 | PF max=0.176622 | ESS max=0.059935
    [RECOURSE COMPONENTS] gen=-3.622378e+07 | flex=-1.606210e+07 | load_curt=+0.000000e+00 | res_curt=-0.000000e+00 | ess_usage=+0.000000e+00 | slacks=-2.560268e+01 | ess_comp=-3.390867e+04
    [SLACK COMPONENTS] voltage=-2.438350e+01 | node_P=+0.000000e+00 | node_Q=+0.000000e+00 | branch_ij=+0.000000e+00 | branch_ji=+0.000000e+00 | flex_P=-6.095873e-01 | flex_Q=-6.095873e-01
    [SLACK COMPONENT CHECK] classified_delta=-2.560268e+01 | objective_slack_delta=-2.560268e+01 | mismatch=-3.552714e-15
    [RECOURSE COMPONENT CHECK] classified_delta=-5.231982e+07 | block_delta=-5.231982e+07 | mismatch=+0.000000e+00
  DSO node=7 year=2030 day=Summer | previous=5.051648e+07 | current=3.197015e+06 | delta=-4.731946e+07 | abs_delta=4.731946e+07
    [RECOURSE COMPONENTS] gen=+0.000000e+00 | flex=-1.112267e+07 | load_curt=+0.000000e+00 | res_curt=+5.716930e+04 | ess_usage=+0.000000e+00 | slacks=-3.625397e+07 | ess_comp=-2.692963e-01
    [SLACK COMPONENTS] voltage=-2.306650e+07 | node_P=+0.000000e+00 | node_Q=+0.000000e+00 | branch_ij=+0.000000e+00 | branch_ji=+0.000000e+00 | flex_P=-1.318747e+07 | flex_Q=+9.874856e-09
    [SLACK COMPONENT CHECK] classified_delta=-3.625397e+07 | objective_slack_delta=-3.625397e+07 | mismatch=+5.215406e-08
    [RECOURSE COMPONENT CHECK] classified_delta=-4.731946e+07 | block_delta=-4.731946e+07 | mismatch=+0.000000e+00
  DSO node=7 year=2035 day=Spring | previous=4.684987e+07 | current=2.285297e+06 | delta=-4.456457e+07 | abs_delta=4.456457e+07
    [RECOURSE COMPONENTS] gen=+0.000000e+00 | flex=-1.241647e+07 | load_curt=+0.000000e+00 | res_curt=+6.300388e+04 | ess_usage=+0.000000e+00 | slacks=-3.218719e+07 | ess_comp=-2.391403e+04
    [SLACK COMPONENTS] voltage=-2.011164e+07 | node_P=+0.000000e+00 | node_Q=+0.000000e+00 | branch_ij=+0.000000e+00 | branch_ji=+0.000000e+00 | flex_P=-1.207555e+07 | flex_Q=+1.409262e-09
    [SLACK COMPONENT CHECK] classified_delta=-3.218719e+07 | objective_slack_delta=-3.218719e+07 | mismatch=+3.352761e-08
    [RECOURSE COMPONENT CHECK] classified_delta=-4.456457e+07 | block_delta=-4.456457e+07 | mismatch=-7.450581e-09
  DSO node=7 year=2035 day=Winter | previous=4.338661e+07 | current=1.269706e+05 | delta=-4.325964e+07 | abs_delta=4.325964e+07
    [RECOURSE COMPONENTS] gen=+0.000000e+00 | flex=-1.181654e+07 | load_curt=+0.000000e+00 | res_curt=-6.707037e+03 | ess_usage=+0.000000e+00 | slacks=-3.142274e+07 | ess_comp=-1.365519e+04
    [SLACK COMPONENTS] voltage=-1.947844e+07 | node_P=+0.000000e+00 | node_Q=+0.000000e+00 | branch_ij=+0.000000e+00 | branch_ji=+0.000000e+00 | flex_P=-1.194429e+07 | flex_Q=-1.050680e-10
    [SLACK COMPONENT CHECK] classified_delta=-3.142274e+07 | objective_slack_delta=-3.142274e+07 | mismatch=+2.980232e-08
    [RECOURSE COMPONENT CHECK] classified_delta=-4.325964e+07 | block_delta=-4.325964e+07 | mismatch=+7.450581e-09
  DSO node=7 year=2030 day=Autumn | previous=4.320052e+07 | current=7.315820e+04 | delta=-4.312736e+07 | abs_delta=4.312736e+07
    [RECOURSE COMPONENTS] gen=+0.000000e+00 | flex=-1.652623e+07 | load_curt=+0.000000e+00 | res_curt=-1.237079e+04 | ess_usage=+0.000000e+00 | slacks=-2.658876e+07 | ess_comp=-1.202853e-01
    [SLACK COMPONENTS] voltage=-1.340129e+07 | node_P=+0.000000e+00 | node_Q=+0.000000e+00 | branch_ij=+0.000000e+00 | branch_ji=+0.000000e+00 | flex_P=-1.318747e+07 | flex_Q=+6.050850e-09
    [SLACK COMPONENT CHECK] classified_delta=-2.658876e+07 | objective_slack_delta=-2.658876e+07 | mismatch=-1.117587e-08
    [RECOURSE COMPONENT CHECK] classified_delta=-4.312736e+07 | block_delta=-4.312736e+07 | mismatch=+0.000000e+00
  TSO node=None year=2025 day=Spring | previous=1.830337e+08 | current=1.465298e+08 | delta=-3.650387e+07 | abs_delta=3.650387e+07
    [RECOURSE JUMP][TSO PROX] year=2025 day=Spring | V max=0.002493 | PF max=0.183596 | ESS max=0.059265
    [RECOURSE COMPONENTS] gen=-1.925709e+07 | flex=-1.724675e+07 | load_curt=+0.000000e+00 | res_curt=+0.000000e+00 | ess_usage=+0.000000e+00 | slacks=-3.117362e+01 | ess_comp=-3.311029e+00
    [SLACK COMPONENTS] voltage=-2.968916e+01 | node_P=+0.000000e+00 | node_Q=+0.000000e+00 | branch_ij=+0.000000e+00 | branch_ji=+0.000000e+00 | flex_P=-7.422287e-01 | flex_Q=-7.422287e-01
    [SLACK COMPONENT CHECK] classified_delta=-3.117362e+01 | objective_slack_delta=-3.117362e+01 | mismatch=+2.486900e-14
    [RECOURSE COMPONENT CHECK] classified_delta=-3.650387e+07 | block_delta=-3.650387e+07 | mismatch=-4.470348e-08
  DSO node=5 year=2035 day=Summer | previous=4.230046e+07 | current=6.012506e+06 | delta=-3.628795e+07 | abs_delta=3.628795e+07
    [RECOURSE COMPONENTS] gen=+0.000000e+00 | flex=-9.317561e+06 | load_curt=+0.000000e+00 | res_curt=+1.203789e+05 | ess_usage=+0.000000e+00 | slacks=-2.704097e+07 | ess_comp=-4.979608e+04
    [SLACK COMPONENTS] voltage=-1.509668e+07 | node_P=+0.000000e+00 | node_Q=+0.000000e+00 | branch_ij=+0.000000e+00 | branch_ji=+0.000000e+00 | flex_P=-1.194429e+07 | flex_Q=+1.823701e+00
    [SLACK COMPONENT CHECK] classified_delta=-2.704097e+07 | objective_slack_delta=-2.704097e+07 | mismatch=+1.117587e-08
    [RECOURSE COMPONENT CHECK] classified_delta=-3.628795e+07 | block_delta=-3.628795e+07 | mismatch=-7.450581e-09
  DSO node=9 year=2030 day=Autumn | previous=3.287068e+07 | current=1.782930e+06 | delta=-3.108775e+07 | abs_delta=3.108775e+07
    [RECOURSE COMPONENTS] gen=+0.000000e+00 | flex=-1.553431e+07 | load_curt=+0.000000e+00 | res_curt=+6.086215e+04 | ess_usage=+0.000000e+00 | slacks=-1.561430e+07 | ess_comp=+5.690885e-02
    [SLACK COMPONENTS] voltage=-2.426837e+06 | node_P=+0.000000e+00 | node_Q=+0.000000e+00 | branch_ij=+0.000000e+00 | branch_ji=+0.000000e+00 | flex_P=-1.318747e+07 | flex_Q=+1.938026e-08
    [SLACK COMPONENT CHECK] classified_delta=-1.561430e+07 | objective_slack_delta=-1.561430e+07 | mismatch=-1.117587e-08
    [RECOURSE COMPONENT CHECK] classified_delta=-3.108775e+07 | block_delta=-3.108775e+07 | mismatch=-3.725290e-09
[INFO]		 - Recourse stationarity failed. 971574465.888306 > 280360.553183
[ADMM RHO] V | primal max ratio=3.463 | primal mean ratio=21.279 | primal selected=21.279 | dual mean ratio=3.561 | increase threshold=5.0 | decrease threshold=5.0 | action=increased
[ADMM RHO] PF | primal max ratio=0.356 | primal mean ratio=1.553 | primal selected=1.553 | dual mean ratio=1791.870 | increase threshold=5.0 | decrease threshold=3.0 | action=decreased
[ADMM RHO] ESS | primal max ratio=0.234 | primal mean ratio=0.148 | primal selected=0.234 | dual mean ratio=0.190 | increase threshold=5.0 | decrease threshold=5.0 | action=held
[INFO]		 - ADMM cycle 2 | Primal (V max/mean | PF max/mean | ESS max/mean) = 0.034626/0.021279 | 0.003563/0.001553 | 0.023360/0.001476 | Dual (V max/mean | PF max/mean | ESS max/mean) = 0.112149/0.035611 | 89.649983/17.918698 | 0.019208/0.001898 | Recourse change = 971574465.888306 (tol. 280360.553183) | Stable cycles = 0/1 | Penalty actions (V/PF/ESS) = increased/decreased/held
[INFO] 	 - Iteration 2: 46.13 s
[INFO] 	 - ADMM Iteration 3
[INFO] 		 - Updating distribution networks:
[INFO] 			 - Running SMOPF, Network case33_1, 2025, Spring...
[INFO] 			 - Running SMOPF, Network case33_1, 2025, Summer...
[INFO] 			 - Running SMOPF, Network case33_1, 2025, Autumn...
[INFO] 			 - Running SMOPF, Network case33_1, 2025, Winter...
[INFO] 			 - Running SMOPF, Network case33_1, 2030, Spring...
[INFO] 			 - Running SMOPF, Network case33_1, 2030, Summer...
[INFO] 			 - Running SMOPF, Network case33_1, 2030, Autumn...
[INFO] 			 - Running SMOPF, Network case33_1, 2030, Winter...
[INFO] 			 - Running SMOPF, Network case33_1, 2035, Spring...
[INFO] 			 - Running SMOPF, Network case33_1, 2035, Summer...
[INFO] 			 - Running SMOPF, Network case33_1, 2035, Autumn...
[INFO] 			 - Running SMOPF, Network case33_1, 2035, Winter...
[INFO] 			 - Running SMOPF, Network case33_2, 2025, Spring...
[INFO] 			 - Running SMOPF, Network case33_2, 2025, Summer...
[INFO] 			 - Running SMOPF, Network case33_2, 2025, Autumn...
[INFO] 			 - Running SMOPF, Network case33_2, 2025, Winter...
[INFO] 			 - Running SMOPF, Network case33_2, 2030, Spring...
[INFO] 			 - Running SMOPF, Network case33_2, 2030, Summer...
[INFO] 			 - Running SMOPF, Network case33_2, 2030, Autumn...
[INFO] 			 - Running SMOPF, Network case33_2, 2030, Winter...
[INFO] 			 - Running SMOPF, Network case33_2, 2035, Spring...
[INFO] 			 - Running SMOPF, Network case33_2, 2035, Summer...
[INFO] 			 - Running SMOPF, Network case33_2, 2035, Autumn...
[INFO] 			 - Running SMOPF, Network case33_2, 2035, Winter...
[INFO] 			 - Running SMOPF, Network case33_3, 2025, Spring...
[INFO] 			 - Running SMOPF, Network case33_3, 2025, Summer...
[INFO] 			 - Running SMOPF, Network case33_3, 2025, Autumn...
[INFO] 			 - Running SMOPF, Network case33_3, 2025, Winter...
[INFO] 			 - Running SMOPF, Network case33_3, 2030, Spring...
[INFO] 			 - Running SMOPF, Network case33_3, 2030, Summer...
[INFO] 			 - Running SMOPF, Network case33_3, 2030, Autumn...
[INFO] 			 - Running SMOPF, Network case33_3, 2030, Winter...
[INFO] 			 - Running SMOPF, Network case33_3, 2035, Spring...
[INFO] 			 - Running SMOPF, Network case33_3, 2035, Summer...
[INFO] 			 - Running SMOPF, Network case33_3, 2035, Autumn...
[INFO] 			 - Running SMOPF, Network case33_3, 2035, Winter...
[INFO] 		 - Updating transmission network...
[INFO] 			 - Running SMOPF, Network case9, 2025, Spring...
[INFO] 			 - Running SMOPF, Network case9, 2025, Summer...
[INFO] 			 - Running SMOPF, Network case9, 2025, Autumn...
[INFO] 			 - Running SMOPF, Network case9, 2025, Winter...
[INFO] 			 - Running SMOPF, Network case9, 2030, Spring...
[INFO] 			 - Running SMOPF, Network case9, 2030, Summer...
[INFO] 			 - Running SMOPF, Network case9, 2030, Autumn...
[INFO] 			 - Running SMOPF, Network case9, 2030, Winter...
[INFO] 			 - Running SMOPF, Network case9, 2035, Spring...
[INFO] 			 - Running SMOPF, Network case9, 2035, Summer...
[INFO] 			 - Running SMOPF, Network case9, 2035, Autumn...
[INFO] 			 - Running SMOPF, Network case9, 2035, Winter...
[TSO PROX] cycle=3 | updated_blocks=12 | held_failed_blocks=0 | V max=0.001489 | PF max=0.015509 | ESS max=0.054407
[TSO PROX][V MAX] node=9, year=2025, day=Summer, period=11 | dV=0.513794 kV | normalized=0.001489
[TSO PROX][PF MAX] node=9, year=2025, day=Winter, period=7, type=Q | delta=2.326294 MVAr | normalized=0.015509
[TSO PROX][ESS MAX] node=7, year=2030, day=Autumn, period=1, type=P | delta=0.105413 MW | normalized=0.054407
[INFO] 		 - Updating SharedESS...
[INFO] 		 - Running Shared ESS optimization (subproblem)...
[INFO] 			 - Node 5...
[INFO] Shared ESS complementarity diagnostics for ESS node=5: ratio_max=2.575585e-05 n_periods=288 mu_final=3.403799e-09 s_obj=1.000000e-01 eps=1.000000e-03 bound=9.802940e-03 measured=8.352716e-03
[INFO] 			 - Node 7...
[INFO] Shared ESS complementarity diagnostics for ESS node=7: ratio_max=2.583123e-05 n_periods=288 mu_final=4.205401e-09 s_obj=1.000000e-01 eps=1.000000e-03 bound=1.211155e-02 measured=8.174530e-03
[INFO] 			 - Node 9...
[INFO] Shared ESS complementarity diagnostics for ESS node=9: ratio_max=2.581071e-05 n_periods=288 mu_final=3.384836e-09 s_obj=1.000000e-01 eps=1.000000e-03 bound=9.748328e-03 measured=8.282908e-03
[INFO]		 - Primal residuals ok!
[INFO]		 - interface Vmag mean dual residual failed. 0.036518 > 0.010000
[INFO]		 - interface PF mean dual residual failed. 0.365036 > 0.010000
[RECOURSE JUMP] cycle=3 | abs_change=3.317266e+08 | tol=1.832031e+05 | signed_change=-3.317266e+08
[RECOURSE JUMP] Reconciliation | previous=1.832031e+09 | current=1.500304e+09 | block_delta=-3.317266e+08 | mismatch=-2.384186e-07
[RECOURSE JUMP] Aggregate signed changes:
  DSO node=5 | delta=-1.691838e+08
  DSO node=9 | delta=-1.151955e+08
  TSO | delta=-2.933146e+07
  DSO node=7 | delta=-1.801583e+07
  SALVAGE | delta=+1.151693e-35
[RECOURSE JUMP] Largest 10 block changes:
  DSO node=5 year=2025 day=Summer | previous=2.212142e+07 | current=1.638827e+06 | delta=-2.048259e+07 | abs_delta=2.048259e+07
    [RECOURSE COMPONENTS] gen=+0.000000e+00 | flex=-5.934058e+06 | load_curt=+0.000000e+00 | res_curt=+1.149479e+04 | ess_usage=+0.000000e+00 | slacks=-1.456003e+07 | ess_comp=+2.842620e-02
    [SLACK COMPONENTS] voltage=-1.333856e-02 | node_P=+0.000000e+00 | node_Q=+0.000000e+00 | branch_ij=+0.000000e+00 | branch_ji=+0.000000e+00 | flex_P=-1.456003e+07 | flex_Q=+1.442416e-09
    [SLACK COMPONENT CHECK] classified_delta=-1.456003e+07 | objective_slack_delta=-1.456003e+07 | mismatch=-7.450581e-09
    [RECOURSE COMPONENT CHECK] classified_delta=-2.048259e+07 | block_delta=-2.048259e+07 | mismatch=+3.725290e-09
  DSO node=5 year=2025 day=Spring | previous=2.147071e+07 | current=1.580539e+06 | delta=-1.989017e+07 | abs_delta=1.989017e+07
    [RECOURSE COMPONENTS] gen=+0.000000e+00 | flex=-5.180853e+06 | load_curt=+0.000000e+00 | res_curt=+1.074912e+04 | ess_usage=+0.000000e+00 | slacks=-1.472006e+07 | ess_comp=-2.759254e-01
    [SLACK COMPONENTS] voltage=-3.247018e+01 | node_P=+0.000000e+00 | node_Q=+0.000000e+00 | branch_ij=+0.000000e+00 | branch_ji=+0.000000e+00 | flex_P=-1.472003e+07 | flex_Q=-1.348887e+00
    [SLACK COMPONENT CHECK] classified_delta=-1.472006e+07 | objective_slack_delta=-1.472006e+07 | mismatch=+9.313226e-09
    [RECOURSE COMPONENT CHECK] classified_delta=-1.989017e+07 | block_delta=-1.989017e+07 | mismatch=+3.725290e-09
  DSO node=9 year=2025 day=Autumn | previous=2.221792e+07 | current=2.729640e+06 | delta=-1.948828e+07 | abs_delta=1.948828e+07
    [RECOURSE COMPONENTS] gen=+0.000000e+00 | flex=-4.936221e+06 | load_curt=+0.000000e+00 | res_curt=+7.972407e+03 | ess_usage=+0.000000e+00 | slacks=-1.456003e+07 | ess_comp=+3.322836e-01
    [SLACK COMPONENTS] voltage=-1.533582e-02 | node_P=+0.000000e+00 | node_Q=+0.000000e+00 | branch_ij=+0.000000e+00 | branch_ji=+0.000000e+00 | flex_P=-1.456003e+07 | flex_Q=+1.244626e-09
    [SLACK COMPONENT CHECK] classified_delta=-1.456003e+07 | objective_slack_delta=-1.456003e+07 | mismatch=-5.587935e-09
    [RECOURSE COMPONENT CHECK] classified_delta=-1.948828e+07 | block_delta=-1.948828e+07 | mismatch=+3.725290e-09
  DSO node=5 year=2025 day=Autumn | previous=2.273074e+07 | current=3.791050e+06 | delta=-1.893969e+07 | abs_delta=1.893969e+07
    [RECOURSE COMPONENTS] gen=+0.000000e+00 | flex=-4.388999e+06 | load_curt=+0.000000e+00 | res_curt=+9.375771e+03 | ess_usage=+0.000000e+00 | slacks=-1.456006e+07 | ess_comp=+1.632372e-02
    [SLACK COMPONENTS] voltage=-3.227893e+01 | node_P=+0.000000e+00 | node_Q=+0.000000e+00 | branch_ij=+0.000000e+00 | branch_ji=+0.000000e+00 | flex_P=-1.456003e+07 | flex_Q=-1.342654e+00
    [SLACK COMPONENT CHECK] classified_delta=-1.456006e+07 | objective_slack_delta=-1.456006e+07 | mismatch=-5.587935e-09
    [RECOURSE COMPONENT CHECK] classified_delta=-1.893969e+07 | block_delta=-1.893969e+07 | mismatch=+0.000000e+00
  DSO node=9 year=2025 day=Summer | previous=2.244294e+07 | current=3.594673e+06 | delta=-1.884827e+07 | abs_delta=1.884827e+07
    [RECOURSE COMPONENTS] gen=+0.000000e+00 | flex=-4.293886e+06 | load_curt=+0.000000e+00 | res_curt=+5.646429e+03 | ess_usage=+0.000000e+00 | slacks=-1.456003e+07 | ess_comp=-1.067151e-02
    [SLACK COMPONENTS] voltage=-2.210986e-02 | node_P=+0.000000e+00 | node_Q=+0.000000e+00 | branch_ij=+0.000000e+00 | branch_ji=+0.000000e+00 | flex_P=-1.456003e+07 | flex_Q=-1.068963e-08
    [SLACK COMPONENT CHECK] classified_delta=-1.456003e+07 | objective_slack_delta=-1.456003e+07 | mismatch=-7.450581e-09
    [RECOURSE COMPONENT CHECK] classified_delta=-1.884827e+07 | block_delta=-1.884827e+07 | mismatch=+0.000000e+00
  DSO node=9 year=2025 day=Spring | previous=2.122588e+07 | current=2.571996e+06 | delta=-1.865389e+07 | abs_delta=1.865389e+07
    [RECOURSE COMPONENTS] gen=+0.000000e+00 | flex=-3.940093e+06 | load_curt=+0.000000e+00 | res_curt=+6.235206e+03 | ess_usage=+0.000000e+00 | slacks=-1.472003e+07 | ess_comp=-5.932026e-02
    [SLACK COMPONENTS] voltage=-1.506630e-02 | node_P=+0.000000e+00 | node_Q=+0.000000e+00 | branch_ij=+0.000000e+00 | branch_ji=+0.000000e+00 | flex_P=-1.472003e+07 | flex_Q=-3.084725e-09
    [SLACK COMPONENT CHECK] classified_delta=-1.472003e+07 | objective_slack_delta=-1.472003e+07 | mismatch=-3.725290e-09
    [RECOURSE COMPONENT CHECK] classified_delta=-1.865389e+07 | block_delta=-1.865389e+07 | mismatch=+0.000000e+00
  DSO node=5 year=2030 day=Spring | previous=1.928759e+07 | current=1.774585e+06 | delta=-1.751300e+07 | abs_delta=1.751300e+07
    [RECOURSE COMPONENTS] gen=+0.000000e+00 | flex=-4.191511e+06 | load_curt=+0.000000e+00 | res_curt=+1.093234e+04 | ess_usage=+0.000000e+00 | slacks=-1.333242e+07 | ess_comp=-1.590972e-01
    [SLACK COMPONENTS] voltage=-3.703125e+01 | node_P=+0.000000e+00 | node_Q=+0.000000e+00 | branch_ij=+0.000000e+00 | branch_ji=+0.000000e+00 | flex_P=-1.333238e+07 | flex_Q=-1.540259e+00
    [SLACK COMPONENT CHECK] classified_delta=-1.333242e+07 | objective_slack_delta=-1.333242e+07 | mismatch=-5.587935e-09
    [RECOURSE COMPONENT CHECK] classified_delta=-1.751300e+07 | block_delta=-1.751300e+07 | mismatch=-3.725290e-09
  DSO node=9 year=2025 day=Winter | previous=2.191398e+07 | current=5.246286e+06 | delta=-1.666769e+07 | abs_delta=1.666769e+07
    [RECOURSE COMPONENTS] gen=+0.000000e+00 | flex=-3.776832e+06 | load_curt=+0.000000e+00 | res_curt=+3.003739e+03 | ess_usage=+0.000000e+00 | slacks=-1.289386e+07 | ess_comp=-3.465756e-03
    [SLACK COMPONENTS] voltage=-3.661356e-02 | node_P=+0.000000e+00 | node_Q=+0.000000e+00 | branch_ij=+0.000000e+00 | branch_ji=+0.000000e+00 | flex_P=-1.289386e+07 | flex_Q=-9.090403e-09
    [SLACK COMPONENT CHECK] classified_delta=-1.289386e+07 | objective_slack_delta=-1.289386e+07 | mismatch=-9.313226e-09
    [RECOURSE COMPONENT CHECK] classified_delta=-1.666769e+07 | block_delta=-1.666769e+07 | mismatch=-1.862645e-09
  DSO node=5 year=2025 day=Winter | previous=1.898839e+07 | current=2.850143e+06 | delta=-1.613824e+07 | abs_delta=1.613824e+07
    [RECOURSE COMPONENTS] gen=+0.000000e+00 | flex=-1.588101e+06 | load_curt=+0.000000e+00 | res_curt=+9.922728e+03 | ess_usage=+0.000000e+00 | slacks=-1.456007e+07 | ess_comp=-2.241075e-01
    [SLACK COMPONENTS] voltage=-3.564892e+01 | node_P=+0.000000e+00 | node_Q=+0.000000e+00 | branch_ij=+0.000000e+00 | branch_ji=+0.000000e+00 | flex_P=-1.456003e+07 | flex_Q=-1.483460e+00
    [SLACK COMPONENT CHECK] classified_delta=-1.456007e+07 | objective_slack_delta=-1.456007e+07 | mismatch=+7.450581e-09
    [RECOURSE COMPONENT CHECK] classified_delta=-1.613824e+07 | block_delta=-1.613824e+07 | mismatch=+1.862645e-09
  DSO node=9 year=2030 day=Spring | previous=1.667615e+07 | current=1.360050e+06 | delta=-1.531610e+07 | abs_delta=1.531610e+07
    [RECOURSE COMPONENTS] gen=+0.000000e+00 | flex=-1.990568e+06 | load_curt=+0.000000e+00 | res_curt=+6.852984e+03 | ess_usage=+0.000000e+00 | slacks=-1.333238e+07 | ess_comp=-9.667567e-03
    [SLACK COMPONENTS] voltage=-3.172684e-03 | node_P=+0.000000e+00 | node_Q=+0.000000e+00 | branch_ij=+0.000000e+00 | branch_ji=+0.000000e+00 | flex_P=-1.333238e+07 | flex_Q=-2.526480e-09
    [SLACK COMPONENT CHECK] classified_delta=-1.333238e+07 | objective_slack_delta=-1.333238e+07 | mismatch=-9.313226e-09
    [RECOURSE COMPONENT CHECK] classified_delta=-1.531610e+07 | block_delta=-1.531610e+07 | mismatch=+0.000000e+00
[INFO]		 - Recourse stationarity failed. 331726585.976240 > 183203.106594
[ADMM RHO] V | primal max ratio=0.114 | primal mean ratio=0.204 | primal selected=0.204 | dual mean ratio=3.652 | increase threshold=5.0 | decrease threshold=5.0 | action=decreased
[ADMM RHO] PF | primal max ratio=0.135 | primal mean ratio=0.217 | primal selected=0.217 | dual mean ratio=36.504 | increase threshold=5.0 | decrease threshold=3.0 | action=decreased
[ADMM RHO] ESS | primal max ratio=0.562 | primal mean ratio=0.329 | primal selected=0.562 | dual mean ratio=0.072 | increase threshold=5.0 | decrease threshold=5.0 | action=held
[INFO]		 - ADMM cycle 3 | Primal (V max/mean | PF max/mean | ESS max/mean) = 0.001136/0.000204 | 0.001352/0.000217 | 0.056151/0.003295 | Dual (V max/mean | PF max/mean | ESS max/mean) = 0.121866/0.036518 | 2.067817/0.365036 | 0.019068/0.000716 | Recourse change = 331726585.976240 (tol. 183203.106594) | Stable cycles = 0/1 | Penalty actions (V/PF/ESS) = decreased/decreased/held
[INFO] 	 - Iteration 3: 40.44 s
[INFO] 	 - ADMM Iteration 4
[INFO] 		 - Updating distribution networks:
[INFO] 			 - Running SMOPF, Network case33_1, 2025, Spring...
[INFO] 			 - Running SMOPF, Network case33_1, 2025, Summer...
[INFO] 			 - Running SMOPF, Network case33_1, 2025, Autumn...
[INFO] 			 - Running SMOPF, Network case33_1, 2025, Winter...
[INFO] 			 - Running SMOPF, Network case33_1, 2030, Spring...
[INFO] 			 - Running SMOPF, Network case33_1, 2030, Summer...
[INFO] 			 - Running SMOPF, Network case33_1, 2030, Autumn...
[INFO] 			 - Running SMOPF, Network case33_1, 2030, Winter...
[INFO] 			 - Running SMOPF, Network case33_1, 2035, Spring...
[INFO] 			 - Running SMOPF, Network case33_1, 2035, Summer...
[INFO] 			 - Running SMOPF, Network case33_1, 2035, Autumn...
[INFO] 			 - Running SMOPF, Network case33_1, 2035, Winter...
[INFO] 			 - Running SMOPF, Network case33_2, 2025, Spring...
[INFO] 			 - Running SMOPF, Network case33_2, 2025, Summer...
[INFO] 			 - Running SMOPF, Network case33_2, 2025, Autumn...
[INFO] 			 - Running SMOPF, Network case33_2, 2025, Winter...
[INFO] 			 - Running SMOPF, Network case33_2, 2030, Spring...
[INFO] 			 - Running SMOPF, Network case33_2, 2030, Summer...
[INFO] 			 - Running SMOPF, Network case33_2, 2030, Autumn...
[INFO] 			 - Running SMOPF, Network case33_2, 2030, Winter...
[INFO] 			 - Running SMOPF, Network case33_2, 2035, Spring...
[INFO] 			 - Running SMOPF, Network case33_2, 2035, Summer...
[INFO] 			 - Running SMOPF, Network case33_2, 2035, Autumn...
[INFO] 			 - Running SMOPF, Network case33_2, 2035, Winter...
[INFO] 			 - Running SMOPF, Network case33_3, 2025, Spring...
[INFO] 			 - Running SMOPF, Network case33_3, 2025, Summer...
[INFO] 			 - Running SMOPF, Network case33_3, 2025, Autumn...
[INFO] 			 - Running SMOPF, Network case33_3, 2025, Winter...
[INFO] 			 - Running SMOPF, Network case33_3, 2030, Spring...
[INFO] 			 - Running SMOPF, Network case33_3, 2030, Summer...
[INFO] 			 - Running SMOPF, Network case33_3, 2030, Autumn...
[INFO] 			 - Running SMOPF, Network case33_3, 2030, Winter...
[INFO] 			 - Running SMOPF, Network case33_3, 2035, Spring...
[INFO] 			 - Running SMOPF, Network case33_3, 2035, Summer...
[INFO] 			 - Running SMOPF, Network case33_3, 2035, Autumn...
[INFO] 			 - Running SMOPF, Network case33_3, 2035, Winter...
[INFO] 		 - Updating transmission network...
[INFO] 			 - Running SMOPF, Network case9, 2025, Spring...
[INFO] 			 - Running SMOPF, Network case9, 2025, Summer...
[INFO] 			 - Running SMOPF, Network case9, 2025, Autumn...
[INFO] 			 - Running SMOPF, Network case9, 2025, Winter...
[INFO] 			 - Running SMOPF, Network case9, 2030, Spring...
[INFO] 			 - Running SMOPF, Network case9, 2030, Summer...
[INFO] 			 - Running SMOPF, Network case9, 2030, Autumn...
[INFO] 			 - Running SMOPF, Network case9, 2030, Winter...
[INFO] 			 - Running SMOPF, Network case9, 2035, Spring...
[INFO] 			 - Running SMOPF, Network case9, 2035, Summer...
[INFO] 			 - Running SMOPF, Network case9, 2035, Autumn...
[INFO] 			 - Running SMOPF, Network case9, 2035, Winter...
[TSO PROX] cycle=4 | updated_blocks=12 | held_failed_blocks=0 | V max=0.001626 | PF max=0.004883 | ESS max=0.012545
[TSO PROX][V MAX] node=7, year=2030, day=Autumn, period=5 | dV=0.561124 kV | normalized=0.001626
[TSO PROX][PF MAX] node=5, year=2035, day=Spring, period=23, type=P | delta=0.976537 MW | normalized=0.004883
[TSO PROX][ESS MAX] node=9, year=2025, day=Autumn, period=1, type=P | delta=0.024306 MW | normalized=0.012545
[INFO] 		 - Updating SharedESS...
[INFO] 		 - Running Shared ESS optimization (subproblem)...
[INFO] 			 - Node 5...
[INFO] Shared ESS complementarity diagnostics for ESS node=5: ratio_max=2.478322e-05 n_periods=288 mu_final=4.152827e-09 s_obj=1.000000e-01 eps=1.000000e-03 bound=1.196014e-02 measured=8.046752e-03
[INFO] 			 - Node 7...
[INFO] Shared ESS complementarity diagnostics for ESS node=7: ratio_max=2.512895e-05 n_periods=288 mu_final=4.124138e-09 s_obj=1.000000e-01 eps=1.000000e-03 bound=1.187752e-02 measured=7.921164e-03
[INFO] 			 - Node 9...
[INFO] Shared ESS complementarity diagnostics for ESS node=9: ratio_max=2.512648e-05 n_periods=288 mu_final=4.238169e-09 s_obj=1.000000e-01 eps=1.000000e-03 bound=1.220593e-02 measured=7.987052e-03
[INFO]		 - Primal residuals ok!
[INFO]		 - interface PF mean dual residual failed. 0.141362 > 0.010000
[RECOURSE JUMP] cycle=4 | abs_change=3.257190e+07 | tol=1.500304e+05 | signed_change=-3.257190e+07
[RECOURSE JUMP] Reconciliation | previous=1.500304e+09 | current=1.467733e+09 | block_delta=-3.257190e+07 | mismatch=-4.768372e-07
[RECOURSE JUMP] Aggregate signed changes:
  TSO | delta=-1.608198e+07
  DSO node=9 | delta=-8.326020e+06
  DSO node=5 | delta=-7.750007e+06
  DSO node=7 | delta=-4.138880e+05
  SALVAGE | delta=-8.127807e-36
[RECOURSE JUMP] Largest 10 block changes:
  DSO node=9 year=2025 day=Winter | previous=5.246286e+06 | current=1.227168e+06 | delta=-4.019118e+06 | abs_delta=4.019118e+06
    [RECOURSE COMPONENTS] gen=+0.000000e+00 | flex=-2.350325e+06 | load_curt=+0.000000e+00 | res_curt=-2.627181e+03 | ess_usage=+0.000000e+00 | slacks=-1.666165e+06 | ess_comp=+2.236535e-03
    [SLACK COMPONENTS] voltage=-3.643386e-03 | node_P=+0.000000e+00 | node_Q=+0.000000e+00 | branch_ij=+0.000000e+00 | branch_ji=+0.000000e+00 | flex_P=-1.666165e+06 | flex_Q=-3.237851e-09
    [SLACK COMPONENT CHECK] classified_delta=-1.666165e+06 | objective_slack_delta=-1.666165e+06 | mismatch=-2.328306e-10
    [RECOURSE COMPONENT CHECK] classified_delta=-4.019118e+06 | block_delta=-4.019118e+06 | mismatch=-9.313226e-10
  TSO node=None year=2025 day=Winter | previous=1.383691e+08 | current=1.368143e+08 | delta=-1.554778e+06 | abs_delta=1.554778e+06
    [RECOURSE JUMP][TSO PROX] year=2025 day=Winter | V max=0.000532 | PF max=0.004344 | ESS max=0.012059
    [RECOURSE COMPONENTS] gen=-1.456262e+06 | flex=-9.851556e+04 | load_curt=+0.000000e+00 | res_curt=+0.000000e+00 | ess_usage=+0.000000e+00 | slacks=-2.853348e-09 | ess_comp=+4.309197e-03
    [SLACK COMPONENTS] voltage=-1.888118e-09 | node_P=+0.000000e+00 | node_Q=+0.000000e+00 | branch_ij=+0.000000e+00 | branch_ji=+0.000000e+00 | flex_P=-4.826139e-10 | flex_Q=-4.826139e-10
    [SLACK COMPONENT CHECK] classified_delta=-2.853346e-09 | objective_slack_delta=-2.853348e-09 | mismatch=+1.776357e-15
    [RECOURSE COMPONENT CHECK] classified_delta=-1.554778e+06 | block_delta=-1.554778e+06 | mismatch=+5.168840e-08
  DSO node=9 year=2025 day=Spring | previous=2.571996e+06 | current=1.070145e+06 | delta=-1.501851e+06 | abs_delta=1.501851e+06
    [RECOURSE COMPONENTS] gen=+0.000000e+00 | flex=-1.500030e+06 | load_curt=+0.000000e+00 | res_curt=-1.820894e+03 | ess_usage=+0.000000e+00 | slacks=-1.561682e-01 | ess_comp=-4.568302e-03
    [SLACK COMPONENTS] voltage=-1.538659e-03 | node_P=+0.000000e+00 | node_Q=+0.000000e+00 | branch_ij=+0.000000e+00 | branch_ji=+0.000000e+00 | flex_P=-1.546296e-01 | flex_Q=+4.788347e-11
    [SLACK COMPONENT CHECK] classified_delta=-1.561682e-01 | objective_slack_delta=-1.561682e-01 | mismatch=-1.101341e-12
    [RECOURSE COMPONENT CHECK] classified_delta=-1.501851e+06 | block_delta=-1.501851e+06 | mismatch=+4.656613e-10
  TSO node=None year=2025 day=Autumn | previous=1.257908e+08 | current=1.242919e+08 | delta=-1.498861e+06 | abs_delta=1.498861e+06
    [RECOURSE JUMP][TSO PROX] year=2025 day=Autumn | V max=0.000516 | PF max=0.004385 | ESS max=0.012545
    [RECOURSE COMPONENTS] gen=-1.278770e+06 | flex=-2.200912e+05 | load_curt=+0.000000e+00 | res_curt=+0.000000e+00 | ess_usage=+0.000000e+00 | slacks=+9.769963e-12 | ess_comp=+2.654010e-03
    [SLACK COMPONENTS] voltage=+9.777068e-12 | node_P=+0.000000e+00 | node_Q=+0.000000e+00 | branch_ij=+0.000000e+00 | branch_ji=+0.000000e+00 | flex_P=-4.440892e-16 | flex_Q=-4.440892e-16
    [SLACK COMPONENT CHECK] classified_delta=+9.776180e-12 | objective_slack_delta=+9.769963e-12 | mismatch=+6.217249e-15
    [RECOURSE COMPONENT CHECK] classified_delta=-1.498861e+06 | block_delta=-1.498861e+06 | mismatch=-2.840534e-08
  TSO node=None year=2025 day=Summer | previous=1.547264e+08 | current=1.532421e+08 | delta=-1.484240e+06 | abs_delta=1.484240e+06
    [RECOURSE JUMP][TSO PROX] year=2025 day=Summer | V max=0.001373 | PF max=0.004314 | ESS max=0.011830
    [RECOURSE COMPONENTS] gen=-1.168247e+06 | flex=-3.159936e+05 | load_curt=+0.000000e+00 | res_curt=+0.000000e+00 | ess_usage=+0.000000e+00 | slacks=-2.164901e-07 | ess_comp=-7.973647e-03
    [SLACK COMPONENTS] voltage=-1.420072e-07 | node_P=+0.000000e+00 | node_Q=+0.000000e+00 | branch_ij=+0.000000e+00 | branch_ji=+0.000000e+00 | flex_P=-3.724141e-08 | flex_Q=-3.724141e-08
    [SLACK COMPONENT CHECK] classified_delta=-2.164900e-07 | objective_slack_delta=-2.164901e-07 | mismatch=+3.286260e-14
    [RECOURSE COMPONENT CHECK] classified_delta=-1.484240e+06 | block_delta=-1.484240e+06 | mismatch=+6.519258e-09
  TSO node=None year=2030 day=Summer | previous=1.335819e+08 | current=1.321270e+08 | delta=-1.454919e+06 | abs_delta=1.454919e+06
    [RECOURSE JUMP][TSO PROX] year=2030 day=Summer | V max=0.001009 | PF max=0.004570 | ESS max=0.001155
    [RECOURSE COMPONENTS] gen=-1.178104e+06 | flex=-2.768152e+05 | load_curt=+0.000000e+00 | res_curt=+0.000000e+00 | ess_usage=+0.000000e+00 | slacks=+1.434309e-07 | ess_comp=-2.304884e-02
    [SLACK COMPONENTS] voltage=+9.347019e-08 | node_P=+0.000000e+00 | node_Q=+0.000000e+00 | branch_ij=+0.000000e+00 | branch_ji=+0.000000e+00 | flex_P=+2.498037e-08 | flex_Q=+2.498037e-08
    [SLACK COMPONENT CHECK] classified_delta=+1.434309e-07 | objective_slack_delta=+1.434309e-07 | mismatch=+2.664535e-15
    [RECOURSE COMPONENT CHECK] classified_delta=-1.454919e+06 | block_delta=-1.454919e+06 | mismatch=-9.546056e-09
  TSO node=None year=2025 day=Spring | previous=1.422217e+08 | current=1.408490e+08 | delta=-1.372645e+06 | abs_delta=1.372645e+06
    [RECOURSE JUMP][TSO PROX] year=2025 day=Spring | V max=0.000930 | PF max=0.004720 | ESS max=0.012404
    [RECOURSE COMPONENTS] gen=-1.145697e+06 | flex=-2.269474e+05 | load_curt=+0.000000e+00 | res_curt=+0.000000e+00 | ess_usage=+0.000000e+00 | slacks=-7.484147e-11 | ess_comp=-3.401618e-03
    [SLACK COMPONENTS] voltage=-7.484147e-11 | node_P=+0.000000e+00 | node_Q=+0.000000e+00 | branch_ij=+0.000000e+00 | branch_ji=+0.000000e+00 | flex_P=-1.332268e-15 | flex_Q=-1.332268e-15
    [SLACK COMPONENT CHECK] classified_delta=-7.484413e-11 | objective_slack_delta=-7.484147e-11 | mismatch=-2.664535e-15
    [RECOURSE COMPONENT CHECK] classified_delta=-1.372645e+06 | block_delta=-1.372645e+06 | mismatch=+2.770685e-08
  TSO node=None year=2030 day=Autumn | previous=7.538320e+07 | current=7.401130e+07 | delta=-1.371901e+06 | abs_delta=1.371901e+06
    [RECOURSE JUMP][TSO PROX] year=2030 day=Autumn | V max=0.001626 | PF max=0.004022 | ESS max=0.001248
    [RECOURSE COMPONENTS] gen=-1.073574e+06 | flex=-2.983270e+05 | load_curt=+0.000000e+00 | res_curt=+0.000000e+00 | ess_usage=+0.000000e+00 | slacks=-2.106475e-10 | ess_comp=+2.935844e-03
    [SLACK COMPONENTS] voltage=-2.096812e-10 | node_P=+0.000000e+00 | node_Q=+0.000000e+00 | branch_ij=+0.000000e+00 | branch_ji=+0.000000e+00 | flex_P=-4.787282e-13 | flex_Q=-4.787282e-13
    [SLACK COMPONENT CHECK] classified_delta=-2.106386e-10 | objective_slack_delta=-2.106475e-10 | mismatch=+8.881784e-15
    [RECOURSE COMPONENT CHECK] classified_delta=-1.371901e+06 | block_delta=-1.371901e+06 | mismatch=-6.752089e-09
  TSO node=None year=2035 day=Winter | previous=9.348719e+07 | current=9.213882e+07 | delta=-1.348364e+06 | abs_delta=1.348364e+06
    [RECOURSE JUMP][TSO PROX] year=2035 day=Winter | V max=0.000872 | PF max=0.003642 | ESS max=0.001124
    [RECOURSE COMPONENTS] gen=-1.234950e+06 | flex=-1.134138e+05 | load_curt=+0.000000e+00 | res_curt=+0.000000e+00 | ess_usage=+0.000000e+00 | slacks=-6.110668e-13 | ess_comp=+3.067892e-02
    [SLACK COMPONENTS] voltage=-5.755396e-13 | node_P=+0.000000e+00 | node_Q=+0.000000e+00 | branch_ij=+0.000000e+00 | branch_ji=+0.000000e+00 | flex_P=-5.329071e-15 | flex_Q=-5.329071e-15
    [SLACK COMPONENT CHECK] classified_delta=-5.861978e-13 | objective_slack_delta=-6.110668e-13 | mismatch=+2.486900e-14
    [RECOURSE COMPONENT CHECK] classified_delta=-1.348364e+06 | block_delta=-1.348364e+06 | mismatch=-1.164153e-09
  TSO node=None year=2035 day=Spring | previous=1.499689e+08 | current=1.486216e+08 | delta=-1.347244e+06 | abs_delta=1.347244e+06
    [RECOURSE JUMP][TSO PROX] year=2035 day=Spring | V max=0.000988 | PF max=0.004883 | ESS max=0.002129
    [RECOURSE COMPONENTS] gen=-1.244769e+06 | flex=-1.024742e+05 | load_curt=+0.000000e+00 | res_curt=+0.000000e+00 | ess_usage=+0.000000e+00 | slacks=-7.842260e-11 | ess_comp=-6.217538e-01
    [SLACK COMPONENTS] voltage=-7.838707e-11 | node_P=+0.000000e+00 | node_Q=+0.000000e+00 | branch_ij=+0.000000e+00 | branch_ji=+0.000000e+00 | flex_P=-2.664535e-15 | flex_Q=-2.664535e-15
    [SLACK COMPONENT CHECK] classified_delta=-7.839240e-11 | objective_slack_delta=-7.842260e-11 | mismatch=+3.019807e-14
    [RECOURSE COMPONENT CHECK] classified_delta=-1.347244e+06 | block_delta=-1.347244e+06 | mismatch=-2.956949e-08
[INFO]		 - Recourse stationarity failed. 32571899.194505 > 150030.447997
[ADMM RHO] V | primal max ratio=0.131 | primal mean ratio=0.300 | primal selected=0.300 | dual mean ratio=0.087 | increase threshold=5.0 | decrease threshold=5.0 | action=held
[ADMM RHO] PF | primal max ratio=0.127 | primal mean ratio=0.028 | primal selected=0.127 | dual mean ratio=14.136 | increase threshold=5.0 | decrease threshold=3.0 | action=decreased
[ADMM RHO] ESS | primal max ratio=0.548 | primal mean ratio=0.243 | primal selected=0.548 | dual mean ratio=0.084 | increase threshold=5.0 | decrease threshold=5.0 | action=held
[INFO]		 - ADMM cycle 4 | Primal (V max/mean | PF max/mean | ESS max/mean) = 0.001310/0.000300 | 0.001274/0.000028 | 0.054832/0.002430 | Dual (V max/mean | PF max/mean | ESS max/mean) = 0.004898/0.000869 | 0.464732/0.141362 | 0.020760/0.000840 | Recourse change = 32571899.194505 (tol. 150030.447997) | Stable cycles = 0/1 | Penalty actions (V/PF/ESS) = held/decreased/held
[INFO] 	 - Iteration 4: 41.45 s
[INFO] 	 - ADMM Iteration 5
[INFO] 		 - Updating distribution networks:
[INFO] 			 - Running SMOPF, Network case33_1, 2025, Spring...
[INFO] 			 - Running SMOPF, Network case33_1, 2025, Summer...
[INFO] 			 - Running SMOPF, Network case33_1, 2025, Autumn...
[INFO] 			 - Running SMOPF, Network case33_1, 2025, Winter...
[INFO] 			 - Running SMOPF, Network case33_1, 2030, Spring...
[INFO] 			 - Running SMOPF, Network case33_1, 2030, Summer...
[INFO] 			 - Running SMOPF, Network case33_1, 2030, Autumn...
[INFO] 			 - Running SMOPF, Network case33_1, 2030, Winter...
[INFO] 			 - Running SMOPF, Network case33_1, 2035, Spring...
[INFO] 			 - Running SMOPF, Network case33_1, 2035, Summer...
[INFO] 			 - Running SMOPF, Network case33_1, 2035, Autumn...
[INFO] 			 - Running SMOPF, Network case33_1, 2035, Winter...
[INFO] 			 - Running SMOPF, Network case33_2, 2025, Spring...
[INFO] 			 - Running SMOPF, Network case33_2, 2025, Summer...
[INFO] 			 - Running SMOPF, Network case33_2, 2025, Autumn...
[INFO] 			 - Running SMOPF, Network case33_2, 2025, Winter...
[INFO] 			 - Running SMOPF, Network case33_2, 2030, Spring...
[INFO] 			 - Running SMOPF, Network case33_2, 2030, Summer...
[INFO] 			 - Running SMOPF, Network case33_2, 2030, Autumn...
[INFO] 			 - Running SMOPF, Network case33_2, 2030, Winter...
[INFO] 			 - Running SMOPF, Network case33_2, 2035, Spring...
[INFO] 			 - Running SMOPF, Network case33_2, 2035, Summer...
[INFO] 			 - Running SMOPF, Network case33_2, 2035, Autumn...
[INFO] 			 - Running SMOPF, Network case33_2, 2035, Winter...
[INFO] 			 - Running SMOPF, Network case33_3, 2025, Spring...
[INFO] 			 - Running SMOPF, Network case33_3, 2025, Summer...
[INFO] 			 - Running SMOPF, Network case33_3, 2025, Autumn...
[INFO] 			 - Running SMOPF, Network case33_3, 2025, Winter...
[INFO] 			 - Running SMOPF, Network case33_3, 2030, Spring...
[INFO] 			 - Running SMOPF, Network case33_3, 2030, Summer...
[INFO] 			 - Running SMOPF, Network case33_3, 2030, Autumn...
[INFO] 			 - Running SMOPF, Network case33_3, 2030, Winter...
[INFO] 			 - Running SMOPF, Network case33_3, 2035, Spring...
[INFO] 			 - Running SMOPF, Network case33_3, 2035, Summer...
[INFO] 			 - Running SMOPF, Network case33_3, 2035, Autumn...
[INFO] 			 - Running SMOPF, Network case33_3, 2035, Winter...
[INFO] 		 - Updating transmission network...
[INFO] 			 - Running SMOPF, Network case9, 2025, Spring...
[INFO] 			 - Running SMOPF, Network case9, 2025, Summer...
[INFO] 			 - Running SMOPF, Network case9, 2025, Autumn...
[INFO] 			 - Running SMOPF, Network case9, 2025, Winter...
[INFO] 			 - Running SMOPF, Network case9, 2030, Spring...
[INFO] 			 - Running SMOPF, Network case9, 2030, Summer...
[INFO] 			 - Running SMOPF, Network case9, 2030, Autumn...
[INFO] 			 - Running SMOPF, Network case9, 2030, Winter...
[INFO] 			 - Running SMOPF, Network case9, 2035, Spring...
[INFO] 			 - Running SMOPF, Network case9, 2035, Summer...
[INFO] 			 - Running SMOPF, Network case9, 2035, Autumn...
[INFO] 			 - Running SMOPF, Network case9, 2035, Winter...
[TSO PROX] cycle=5 | updated_blocks=12 | held_failed_blocks=0 | V max=0.001351 | PF max=0.007068 | ESS max=0.028121
[TSO PROX][V MAX] node=7, year=2030, day=Autumn, period=5 | dV=0.466202 kV | normalized=0.001351
[TSO PROX][PF MAX] node=5, year=2035, day=Spring, period=23, type=P | delta=1.413528 MW | normalized=0.007068
[TSO PROX][ESS MAX] node=7, year=2030, day=Autumn, period=1, type=P | delta=0.054484 MW | normalized=0.028121
[INFO] 		 - Updating SharedESS...
[INFO] 		 - Running Shared ESS optimization (subproblem)...
[INFO] 			 - Node 5...
[INFO] Shared ESS complementarity diagnostics for ESS node=5: ratio_max=2.537313e-05 n_periods=288 mu_final=4.810752e-09 s_obj=1.000000e-01 eps=1.000000e-03 bound=1.385497e-02 measured=7.972059e-03
[INFO] 			 - Node 7...
[INFO] Shared ESS complementarity diagnostics for ESS node=7: ratio_max=2.581981e-05 n_periods=288 mu_final=5.034437e-09 s_obj=1.000000e-01 eps=1.000000e-03 bound=1.449918e-02 measured=7.838288e-03
[INFO] 			 - Node 9...
[INFO] Shared ESS complementarity diagnostics for ESS node=9: ratio_max=2.574980e-05 n_periods=288 mu_final=5.041632e-09 s_obj=1.000000e-01 eps=1.000000e-03 bound=1.451990e-02 measured=7.937965e-03
[INFO]		 - Primal residuals ok!
[INFO]		 - interface PF mean dual residual failed. 0.120178 > 0.010000
[RECOURSE JUMP] cycle=5 | abs_change=2.946757e+07 | tol=1.467733e+05 | signed_change=-2.946757e+07
[RECOURSE JUMP] Reconciliation | previous=1.467733e+09 | current=1.438265e+09 | block_delta=-2.946757e+07 | mismatch=+2.384186e-07
[RECOURSE JUMP] Aggregate signed changes:
  TSO | delta=-2.194624e+07
  DSO node=5 | delta=-5.362055e+06
  DSO node=9 | delta=-1.752015e+06
  DSO node=7 | delta=-4.072627e+05
  SALVAGE | delta=+2.155570e-35
[RECOURSE JUMP] Largest 10 block changes:
  TSO node=None year=2025 day=Autumn | previous=1.242919e+08 | current=1.222697e+08 | delta=-2.022215e+06 | abs_delta=2.022215e+06
    [RECOURSE JUMP][TSO PROX] year=2025 day=Autumn | V max=0.000388 | PF max=0.005934 | ESS max=0.011563
    [RECOURSE COMPONENTS] gen=-1.765803e+06 | flex=-2.564124e+05 | load_curt=+0.000000e+00 | res_curt=+0.000000e+00 | ess_usage=+0.000000e+00 | slacks=+1.266187e-11 | ess_comp=+7.894043e-03
    [SLACK COMPONENTS] voltage=+1.266187e-11 | node_P=+0.000000e+00 | node_Q=+0.000000e+00 | branch_ij=+0.000000e+00 | branch_ji=+0.000000e+00 | flex_P=+4.440892e-16 | flex_Q=+4.440892e-16
    [SLACK COMPONENT CHECK] classified_delta=+1.266276e-11 | objective_slack_delta=+1.266187e-11 | mismatch=+8.881784e-16
    [RECOURSE COMPONENT CHECK] classified_delta=-2.022215e+06 | block_delta=-2.022215e+06 | mismatch=+4.074536e-08
  TSO node=None year=2025 day=Summer | previous=1.532421e+08 | current=1.512734e+08 | delta=-1.968764e+06 | abs_delta=1.968764e+06
    [RECOURSE JUMP][TSO PROX] year=2025 day=Summer | V max=0.000978 | PF max=0.006097 | ESS max=0.010868
    [RECOURSE COMPONENTS] gen=-1.602979e+06 | flex=-3.657854e+05 | load_curt=+0.000000e+00 | res_curt=+0.000000e+00 | ess_usage=+0.000000e+00 | slacks=+1.833498e-07 | ess_comp=+3.945091e-02
    [SLACK COMPONENTS] voltage=+1.204212e-07 | node_P=+0.000000e+00 | node_Q=+0.000000e+00 | branch_ij=+0.000000e+00 | branch_ji=+0.000000e+00 | flex_P=+3.146425e-08 | flex_Q=+3.146425e-08
    [SLACK COMPONENT CHECK] classified_delta=+1.833497e-07 | objective_slack_delta=+1.833498e-07 | mismatch=-2.486900e-14
    [RECOURSE COMPONENT CHECK] classified_delta=-1.968764e+06 | block_delta=-1.968764e+06 | mismatch=-2.374873e-08
  TSO node=None year=2035 day=Winter | previous=9.213882e+07 | current=9.018114e+07 | delta=-1.957677e+06 | abs_delta=1.957677e+06
    [RECOURSE JUMP][TSO PROX] year=2035 day=Winter | V max=0.000595 | PF max=0.005369 | ESS max=0.020516
    [RECOURSE COMPONENTS] gen=-1.804473e+06 | flex=-1.532045e+05 | load_curt=+0.000000e+00 | res_curt=+0.000000e+00 | ess_usage=+0.000000e+00 | slacks=+6.465939e-13 | ess_comp=+2.581849e-01
    [SLACK COMPONENTS] voltage=+6.465939e-13 | node_P=+0.000000e+00 | node_Q=+0.000000e+00 | branch_ij=+0.000000e+00 | branch_ji=+0.000000e+00 | flex_P=+0.000000e+00 | flex_Q=+0.000000e+00
    [SLACK COMPONENT CHECK] classified_delta=+6.465939e-13 | objective_slack_delta=+6.465939e-13 | mismatch=+0.000000e+00
    [RECOURSE COMPONENT CHECK] classified_delta=-1.957677e+06 | block_delta=-1.957677e+06 | mismatch=-2.793968e-09
  TSO node=None year=2030 day=Summer | previous=1.321270e+08 | current=1.301810e+08 | delta=-1.945994e+06 | abs_delta=1.945994e+06
    [RECOURSE JUMP][TSO PROX] year=2030 day=Summer | V max=0.000533 | PF max=0.005912 | ESS max=0.025855
    [RECOURSE COMPONENTS] gen=-1.630989e+06 | flex=-3.150049e+05 | load_curt=+0.000000e+00 | res_curt=+0.000000e+00 | ess_usage=+0.000000e+00 | slacks=-1.434700e-07 | ess_comp=+1.075003e-02
    [SLACK COMPONENTS] voltage=-9.350891e-08 | node_P=+0.000000e+00 | node_Q=+0.000000e+00 | branch_ij=+0.000000e+00 | branch_ji=+0.000000e+00 | flex_P=-2.498052e-08 | flex_Q=-2.498052e-08
    [SLACK COMPONENT CHECK] classified_delta=-1.434700e-07 | objective_slack_delta=-1.434700e-07 | mismatch=+3.197442e-14
    [RECOURSE COMPONENT CHECK] classified_delta=-1.945994e+06 | block_delta=-1.945994e+06 | mismatch=-9.313226e-10
  TSO node=None year=2030 day=Autumn | previous=7.401130e+07 | current=7.206980e+07 | delta=-1.941501e+06 | abs_delta=1.941501e+06
    [RECOURSE JUMP][TSO PROX] year=2030 day=Autumn | V max=0.001351 | PF max=0.005452 | ESS max=0.028121
    [RECOURSE COMPONENTS] gen=-1.522395e+06 | flex=-4.191055e+05 | load_curt=+0.000000e+00 | res_curt=+0.000000e+00 | ess_usage=+0.000000e+00 | slacks=-1.050111e-10 | ess_comp=-1.775698e-03
    [SLACK COMPONENTS] voltage=-1.051177e-10 | node_P=+0.000000e+00 | node_Q=+0.000000e+00 | branch_ij=+0.000000e+00 | branch_ji=+0.000000e+00 | flex_P=+4.751755e-14 | flex_Q=+4.751755e-14
    [SLACK COMPONENT CHECK] classified_delta=-1.050227e-10 | objective_slack_delta=-1.050111e-10 | mismatch=-1.154632e-14
    [RECOURSE COMPONENT CHECK] classified_delta=-1.941501e+06 | block_delta=-1.941501e+06 | mismatch=-9.313226e-10
  TSO node=None year=2035 day=Spring | previous=1.486216e+08 | current=1.467267e+08 | delta=-1.894876e+06 | abs_delta=1.894876e+06
    [RECOURSE JUMP][TSO PROX] year=2035 day=Spring | V max=0.000808 | PF max=0.007068 | ESS max=0.021116
    [RECOURSE COMPONENTS] gen=-1.776780e+06 | flex=-1.180968e+05 | load_curt=+0.000000e+00 | res_curt=+0.000000e+00 | ess_usage=+0.000000e+00 | slacks=-3.932143e-11 | ess_comp=+5.174301e-02
    [SLACK COMPONENTS] voltage=-3.973355e-11 | node_P=+0.000000e+00 | node_Q=+0.000000e+00 | branch_ij=+0.000000e+00 | branch_ji=+0.000000e+00 | flex_P=+1.905143e-13 | flex_Q=+1.905143e-13
    [SLACK COMPONENT CHECK] classified_delta=-3.935252e-11 | objective_slack_delta=-3.932143e-11 | mismatch=-3.108624e-14
    [RECOURSE COMPONENT CHECK] classified_delta=-1.894876e+06 | block_delta=-1.894876e+06 | mismatch=-1.559965e-08
  TSO node=None year=2025 day=Spring | previous=1.408490e+08 | current=1.389648e+08 | delta=-1.884223e+06 | abs_delta=1.884223e+06
    [RECOURSE JUMP][TSO PROX] year=2025 day=Spring | V max=0.000783 | PF max=0.005862 | ESS max=0.011431
    [RECOURSE COMPONENTS] gen=-1.605642e+06 | flex=-2.785814e+05 | load_curt=+0.000000e+00 | res_curt=+0.000000e+00 | ess_usage=+0.000000e+00 | slacks=+2.499732e-07 | ess_comp=+1.738524e-02
    [SLACK COMPONENTS] voltage=+1.648455e-07 | node_P=+0.000000e+00 | node_Q=+0.000000e+00 | branch_ij=+0.000000e+00 | branch_ji=+0.000000e+00 | flex_P=+4.256384e-08 | flex_Q=+4.256384e-08
    [SLACK COMPONENT CHECK] classified_delta=+2.499732e-07 | objective_slack_delta=+2.499732e-07 | mismatch=-1.776357e-14
    [RECOURSE COMPONENT CHECK] classified_delta=-1.884223e+06 | block_delta=-1.884223e+06 | mismatch=+2.025627e-08
  TSO node=None year=2030 day=Winter | previous=9.014304e+07 | current=8.830898e+07 | delta=-1.834052e+06 | abs_delta=1.834052e+06
    [RECOURSE JUMP][TSO PROX] year=2030 day=Winter | V max=0.000551 | PF max=0.005349 | ESS max=0.026188
    [RECOURSE COMPONENTS] gen=-1.648346e+06 | flex=-1.857064e+05 | load_curt=+0.000000e+00 | res_curt=+0.000000e+00 | ess_usage=+0.000000e+00 | slacks=-4.092726e-12 | ess_comp=+1.369676e-02
    [SLACK COMPONENTS] voltage=-2.515321e-12 | node_P=+0.000000e+00 | node_Q=+0.000000e+00 | branch_ij=+0.000000e+00 | branch_ji=+0.000000e+00 | flex_P=-7.869261e-13 | flex_Q=-7.869261e-13
    [SLACK COMPONENT CHECK] classified_delta=-4.089173e-12 | objective_slack_delta=-4.092726e-12 | mismatch=+3.552714e-15
    [RECOURSE COMPONENT CHECK] classified_delta=-1.834052e+06 | block_delta=-1.834052e+06 | mismatch=-2.561137e-09
  TSO node=None year=2030 day=Spring | previous=1.231691e+08 | current=1.213363e+08 | delta=-1.832824e+06 | abs_delta=1.832824e+06
    [RECOURSE JUMP][TSO PROX] year=2030 day=Spring | V max=0.000790 | PF max=0.005835 | ESS max=0.017314
    [RECOURSE COMPONENTS] gen=-1.548521e+06 | flex=-2.843032e+05 | load_curt=+0.000000e+00 | res_curt=+0.000000e+00 | ess_usage=+0.000000e+00 | slacks=+4.181795e-07 | ess_comp=-3.890703e-02
    [SLACK COMPONENTS] voltage=+2.745850e-07 | node_P=+0.000000e+00 | node_Q=+0.000000e+00 | branch_ij=+0.000000e+00 | branch_ji=+0.000000e+00 | flex_P=+7.179724e-08 | flex_Q=+7.179724e-08
    [SLACK COMPONENT CHECK] classified_delta=+4.181795e-07 | objective_slack_delta=+4.181795e-07 | mismatch=+8.881784e-16
    [RECOURSE COMPONENT CHECK] classified_delta=-1.832824e+06 | block_delta=-1.832824e+06 | mismatch=+7.683411e-09
  TSO node=None year=2025 day=Winter | previous=1.368143e+08 | current=1.349844e+08 | delta=-1.829911e+06 | abs_delta=1.829911e+06
    [RECOURSE JUMP][TSO PROX] year=2025 day=Winter | V max=0.000403 | PF max=0.005063 | ESS max=0.011116
    [RECOURSE COMPONENTS] gen=-1.711426e+06 | flex=-1.184850e+05 | load_curt=+0.000000e+00 | res_curt=+0.000000e+00 | ess_usage=+0.000000e+00 | slacks=-2.443684e-09 | ess_comp=+6.460318e-03
    [SLACK COMPONENTS] voltage=-1.615184e-09 | node_P=+0.000000e+00 | node_Q=+0.000000e+00 | branch_ij=+0.000000e+00 | branch_ji=+0.000000e+00 | flex_P=-4.142344e-10 | flex_Q=-4.142344e-10
    [SLACK COMPONENT CHECK] classified_delta=-2.443653e-09 | objective_slack_delta=-2.443684e-09 | mismatch=+3.108624e-14
    [RECOURSE COMPONENT CHECK] classified_delta=-1.829911e+06 | block_delta=-1.829911e+06 | mismatch=-4.167669e-08
[INFO]		 - Recourse stationarity failed. 29467572.397269 > 146773.258077
[ADMM RHO] V | primal max ratio=0.051 | primal mean ratio=0.125 | primal selected=0.125 | dual mean ratio=0.046 | increase threshold=5.0 | decrease threshold=5.0 | action=held
[ADMM RHO] PF | primal max ratio=0.225 | primal mean ratio=0.018 | primal selected=0.225 | dual mean ratio=12.018 | increase threshold=5.0 | decrease threshold=3.0 | action=decreased
[ADMM RHO] ESS | primal max ratio=0.263 | primal mean ratio=0.095 | primal selected=0.263 | dual mean ratio=0.089 | increase threshold=5.0 | decrease threshold=5.0 | action=held
[INFO]		 - ADMM cycle 5 | Primal (V max/mean | PF max/mean | ESS max/mean) = 0.000509/0.000125 | 0.002252/0.000018 | 0.026347/0.000954 | Dual (V max/mean | PF max/mean | ESS max/mean) = 0.003040/0.000459 | 0.420118/0.120178 | 0.022639/0.000894 | Recourse change = 29467572.397269 (tol. 146773.258077) | Stable cycles = 0/1 | Penalty actions (V/PF/ESS) = held/decreased/held
[INFO] 	 - Iteration 5: 40.37 s
[INFO] 	 - ADMM Iteration 6
[INFO] 		 - Updating distribution networks:
[INFO] 			 - Running SMOPF, Network case33_1, 2025, Spring...
[INFO] 			 - Running SMOPF, Network case33_1, 2025, Summer...
[INFO] 			 - Running SMOPF, Network case33_1, 2025, Autumn...
[INFO] 			 - Running SMOPF, Network case33_1, 2025, Winter...
[INFO] 			 - Running SMOPF, Network case33_1, 2030, Spring...
[INFO] 			 - Running SMOPF, Network case33_1, 2030, Summer...
[INFO] 			 - Running SMOPF, Network case33_1, 2030, Autumn...
[INFO] 			 - Running SMOPF, Network case33_1, 2030, Winter...
[INFO] 			 - Running SMOPF, Network case33_1, 2035, Spring...
[INFO] 			 - Running SMOPF, Network case33_1, 2035, Summer...
[INFO] 			 - Running SMOPF, Network case33_1, 2035, Autumn...
[INFO] 			 - Running SMOPF, Network case33_1, 2035, Winter...
[INFO] 			 - Running SMOPF, Network case33_2, 2025, Spring...
[INFO] 			 - Running SMOPF, Network case33_2, 2025, Summer...
[INFO] 			 - Running SMOPF, Network case33_2, 2025, Autumn...
[INFO] 			 - Running SMOPF, Network case33_2, 2025, Winter...
[INFO] 			 - Running SMOPF, Network case33_2, 2030, Spring...
[INFO] 			 - Running SMOPF, Network case33_2, 2030, Summer...
[INFO] 			 - Running SMOPF, Network case33_2, 2030, Autumn...
[INFO] 			 - Running SMOPF, Network case33_2, 2030, Winter...
[INFO] 			 - Running SMOPF, Network case33_2, 2035, Spring...
[INFO] 			 - Running SMOPF, Network case33_2, 2035, Summer...
[INFO] 			 - Running SMOPF, Network case33_2, 2035, Autumn...
[INFO] 			 - Running SMOPF, Network case33_2, 2035, Winter...
[INFO] 			 - Running SMOPF, Network case33_3, 2025, Spring...
[INFO] 			 - Running SMOPF, Network case33_3, 2025, Summer...
[INFO] 			 - Running SMOPF, Network case33_3, 2025, Autumn...
[INFO] 			 - Running SMOPF, Network case33_3, 2025, Winter...
[INFO] 			 - Running SMOPF, Network case33_3, 2030, Spring...
[INFO] 			 - Running SMOPF, Network case33_3, 2030, Summer...
[INFO] 			 - Running SMOPF, Network case33_3, 2030, Autumn...
[INFO] 			 - Running SMOPF, Network case33_3, 2030, Winter...
[INFO] 			 - Running SMOPF, Network case33_3, 2035, Spring...
[INFO] 			 - Running SMOPF, Network case33_3, 2035, Summer...
[INFO] 			 - Running SMOPF, Network case33_3, 2035, Autumn...
[INFO] 			 - Running SMOPF, Network case33_3, 2035, Winter...
[INFO] 		 - Updating transmission network...
[INFO] 			 - Running SMOPF, Network case9, 2025, Spring...
[INFO] 			 - Running SMOPF, Network case9, 2025, Summer...
[INFO] 			 - Running SMOPF, Network case9, 2025, Autumn...
[INFO] 			 - Running SMOPF, Network case9, 2025, Winter...
[INFO] 			 - Running SMOPF, Network case9, 2030, Spring...
[INFO] 			 - Running SMOPF, Network case9, 2030, Summer...
[INFO] 			 - Running SMOPF, Network case9, 2030, Autumn...
[INFO] 			 - Running SMOPF, Network case9, 2030, Winter...
[INFO] 			 - Running SMOPF, Network case9, 2035, Spring...
[INFO] 			 - Running SMOPF, Network case9, 2035, Summer...
[INFO] 			 - Running SMOPF, Network case9, 2035, Autumn...
[INFO] 			 - Running SMOPF, Network case9, 2035, Winter...
[TSO PROX] cycle=6 | updated_blocks=12 | held_failed_blocks=0 | V max=0.001145 | PF max=0.009832 | ESS max=0.027244
[TSO PROX][V MAX] node=7, year=2030, day=Autumn, period=5 | dV=0.394892 kV | normalized=0.001145
[TSO PROX][PF MAX] node=5, year=2035, day=Summer, period=20, type=P | delta=1.966358 MW | normalized=0.009832
[TSO PROX][ESS MAX] node=7, year=2030, day=Autumn, period=1, type=P | delta=0.052786 MW | normalized=0.027244
[INFO] 		 - Updating SharedESS...
[INFO] 		 - Running Shared ESS optimization (subproblem)...
[INFO] 			 - Node 5...
[INFO] Shared ESS complementarity diagnostics for ESS node=5: ratio_max=2.503618e-05 n_periods=288 mu_final=4.872926e-09 s_obj=1.000000e-01 eps=1.000000e-03 bound=1.403403e-02 measured=7.983437e-03
[INFO] 			 - Node 7...
[INFO] Shared ESS complementarity diagnostics for ESS node=7: ratio_max=2.505831e-05 n_periods=288 mu_final=4.865054e-09 s_obj=1.000000e-01 eps=1.000000e-03 bound=1.401136e-02 measured=7.912332e-03
[INFO] 			 - Node 9...
[INFO] Shared ESS complementarity diagnostics for ESS node=9: ratio_max=2.508681e-05 n_periods=288 mu_final=5.083002e-09 s_obj=1.000000e-01 eps=1.000000e-03 bound=1.463905e-02 measured=7.959207e-03
[INFO]		 - Primal residuals ok!
[INFO]		 - interface PF mean dual residual failed. 0.110654 > 0.010000
[RECOURSE JUMP] cycle=6 | abs_change=3.762339e+07 | tol=1.438265e+05 | signed_change=-3.762339e+07
[RECOURSE JUMP] Reconciliation | previous=1.438265e+09 | current=1.400642e+09 | block_delta=-3.762339e+07 | mismatch=+2.384186e-07
[RECOURSE JUMP] Aggregate signed changes:
  TSO | delta=-3.055447e+07
  DSO node=5 | delta=-4.609037e+06
  DSO node=9 | delta=-1.974446e+06
  DSO node=7 | delta=-4.854410e+05
  SALVAGE | delta=-2.643401e-35
[RECOURSE JUMP] Largest 10 block changes:
  TSO node=None year=2025 day=Autumn | previous=1.222697e+08 | current=1.193906e+08 | delta=-2.879175e+06 | abs_delta=2.879175e+06
    [RECOURSE JUMP][TSO PROX] year=2025 day=Autumn | V max=0.000323 | PF max=0.008576 | ESS max=0.003190
    [RECOURSE COMPONENTS] gen=-2.543973e+06 | flex=-3.352022e+05 | load_curt=+0.000000e+00 | res_curt=+0.000000e+00 | ess_usage=+0.000000e+00 | slacks=+1.778821e-07 | ess_comp=+3.264159e-02
    [SLACK COMPONENTS] voltage=+1.176028e-07 | node_P=+0.000000e+00 | node_Q=+0.000000e+00 | branch_ij=+0.000000e+00 | branch_ji=+0.000000e+00 | flex_P=+3.013967e-08 | flex_Q=+3.013967e-08
    [SLACK COMPONENT CHECK] classified_delta=+1.778821e-07 | objective_slack_delta=+1.778821e-07 | mismatch=-3.108624e-14
    [RECOURSE COMPONENT CHECK] classified_delta=-2.879175e+06 | block_delta=-2.879175e+06 | mismatch=-2.421439e-08
  TSO node=None year=2030 day=Autumn | previous=7.206980e+07 | current=6.931743e+07 | delta=-2.752367e+06 | abs_delta=2.752367e+06
    [RECOURSE JUMP][TSO PROX] year=2030 day=Autumn | V max=0.001145 | PF max=0.007254 | ESS max=0.027244
    [RECOURSE COMPONENTS] gen=-2.140393e+06 | flex=-6.119736e+05 | load_curt=+0.000000e+00 | res_curt=+0.000000e+00 | ess_usage=+0.000000e+00 | slacks=+5.955259e-08 | ess_comp=-1.460417e-03
    [SLACK COMPONENTS] voltage=+3.858286e-08 | node_P=+0.000000e+00 | node_Q=+0.000000e+00 | branch_ij=+0.000000e+00 | branch_ji=+0.000000e+00 | flex_P=+1.048486e-08 | flex_Q=+1.048486e-08
    [SLACK COMPONENT CHECK] classified_delta=+5.955258e-08 | objective_slack_delta=+5.955259e-08 | mismatch=-1.509903e-14
    [RECOURSE COMPONENT CHECK] classified_delta=-2.752367e+06 | block_delta=-2.752367e+06 | mismatch=-6.984919e-09
  TSO node=None year=2035 day=Winter | previous=9.018114e+07 | current=8.746678e+07 | delta=-2.714368e+06 | abs_delta=2.714368e+06
    [RECOURSE JUMP][TSO PROX] year=2035 day=Winter | V max=0.000501 | PF max=0.007351 | ESS max=0.019884
    [RECOURSE COMPONENTS] gen=-2.528447e+06 | flex=-1.995280e+05 | load_curt=+0.000000e+00 | res_curt=+0.000000e+00 | ess_usage=+0.000000e+00 | slacks=-2.216893e-12 | ess_comp=+1.360742e+04
    [SLACK COMPONENTS] voltage=-2.216893e-12 | node_P=+0.000000e+00 | node_Q=+0.000000e+00 | branch_ij=+0.000000e+00 | branch_ji=+0.000000e+00 | flex_P=+0.000000e+00 | flex_Q=+0.000000e+00
    [SLACK COMPONENT CHECK] classified_delta=-2.216893e-12 | objective_slack_delta=-2.216893e-12 | mismatch=+0.000000e+00
    [RECOURSE COMPONENT CHECK] classified_delta=-2.714368e+06 | block_delta=-2.714368e+06 | mismatch=-1.536682e-08
  TSO node=None year=2025 day=Summer | previous=1.512734e+08 | current=1.486082e+08 | delta=-2.665191e+06 | abs_delta=2.665191e+06
    [RECOURSE JUMP][TSO PROX] year=2025 day=Summer | V max=0.000706 | PF max=0.007669 | ESS max=0.003045
    [RECOURSE COMPONENTS] gen=-2.240510e+06 | flex=-4.246808e+05 | load_curt=+0.000000e+00 | res_curt=+0.000000e+00 | ess_usage=+0.000000e+00 | slacks=-3.378632e-08 | ess_comp=-1.892150e-02
    [SLACK COMPONENTS] voltage=-2.219044e-08 | node_P=+0.000000e+00 | node_Q=+0.000000e+00 | branch_ij=+0.000000e+00 | branch_ji=+0.000000e+00 | flex_P=-5.797944e-09 | flex_Q=-5.797944e-09
    [SLACK COMPONENT CHECK] classified_delta=-3.378633e-08 | objective_slack_delta=-3.378632e-08 | mismatch=-8.881784e-15
    [RECOURSE COMPONENT CHECK] classified_delta=-2.665191e+06 | block_delta=-2.665191e+06 | mismatch=-3.259629e-09
  TSO node=None year=2025 day=Spring | previous=1.389648e+08 | current=1.363097e+08 | delta=-2.655156e+06 | abs_delta=2.655156e+06
    [RECOURSE JUMP][TSO PROX] year=2025 day=Spring | V max=0.000666 | PF max=0.008477 | ESS max=0.003160
    [RECOURSE COMPONENTS] gen=-2.296572e+06 | flex=-3.585839e+05 | load_curt=+0.000000e+00 | res_curt=+0.000000e+00 | ess_usage=+0.000000e+00 | slacks=-5.289827e-08 | ess_comp=-1.713009e-02
    [SLACK COMPONENTS] voltage=-3.485019e-08 | node_P=+0.000000e+00 | node_Q=+0.000000e+00 | branch_ij=+0.000000e+00 | branch_ji=+0.000000e+00 | flex_P=-9.024036e-09 | flex_Q=-9.024036e-09
    [SLACK COMPONENT CHECK] classified_delta=-5.289826e-08 | objective_slack_delta=-5.289827e-08 | mismatch=+5.329071e-15
    [RECOURSE COMPONENT CHECK] classified_delta=-2.655156e+06 | block_delta=-2.655156e+06 | mismatch=+0.000000e+00
  TSO node=None year=2030 day=Summer | previous=1.301810e+08 | current=1.275500e+08 | delta=-2.630921e+06 | abs_delta=2.630921e+06
    [RECOURSE JUMP][TSO PROX] year=2030 day=Summer | V max=0.000432 | PF max=0.008791 | ESS max=0.025020
    [RECOURSE COMPONENTS] gen=-2.199535e+06 | flex=-4.313859e+05 | load_curt=+0.000000e+00 | res_curt=+0.000000e+00 | ess_usage=+0.000000e+00 | slacks=-7.744916e-12 | ess_comp=-8.079849e-02
    [SLACK COMPONENTS] voltage=-7.752021e-12 | node_P=+0.000000e+00 | node_Q=+0.000000e+00 | branch_ij=+0.000000e+00 | branch_ji=+0.000000e+00 | flex_P=-4.440892e-16 | flex_Q=-4.440892e-16
    [SLACK COMPONENT CHECK] classified_delta=-7.752909e-12 | objective_slack_delta=-7.744916e-12 | mismatch=-7.993606e-15
    [RECOURSE COMPONENT CHECK] classified_delta=-2.630921e+06 | block_delta=-2.630921e+06 | mismatch=+1.303852e-08
  TSO node=None year=2025 day=Winter | previous=1.349844e+08 | current=1.323610e+08 | delta=-2.623396e+06 | abs_delta=2.623396e+06
    [RECOURSE JUMP][TSO PROX] year=2025 day=Winter | V max=0.000322 | PF max=0.007482 | ESS max=0.002998
    [RECOURSE COMPONENTS] gen=-2.471553e+06 | flex=-1.518426e+05 | load_curt=+0.000000e+00 | res_curt=+0.000000e+00 | ess_usage=+0.000000e+00 | slacks=+1.148237e-11 | ess_comp=+2.551098e-03
    [SLACK COMPONENTS] voltage=+1.147527e-11 | node_P=+0.000000e+00 | node_Q=+0.000000e+00 | branch_ij=+0.000000e+00 | branch_ji=+0.000000e+00 | flex_P=-4.440892e-16 | flex_Q=-4.440892e-16
    [SLACK COMPONENT CHECK] classified_delta=+1.147438e-11 | objective_slack_delta=+1.148237e-11 | mismatch=-7.993606e-15
    [RECOURSE COMPONENT CHECK] classified_delta=-2.623396e+06 | block_delta=-2.623396e+06 | mismatch=+7.916242e-09
  TSO node=None year=2030 day=Spring | previous=1.213363e+08 | current=1.187526e+08 | delta=-2.583709e+06 | abs_delta=2.583709e+06
    [RECOURSE JUMP][TSO PROX] year=2030 day=Spring | V max=0.000671 | PF max=0.008677 | ESS max=0.016906
    [RECOURSE COMPONENTS] gen=-2.218871e+06 | flex=-3.648384e+05 | load_curt=+0.000000e+00 | res_curt=+0.000000e+00 | ess_usage=+0.000000e+00 | slacks=-2.216886e-07 | ess_comp=-3.282961e-02
    [SLACK COMPONENTS] voltage=-1.452281e-07 | node_P=+0.000000e+00 | node_Q=+0.000000e+00 | branch_ij=+0.000000e+00 | branch_ji=+0.000000e+00 | flex_P=-3.823022e-08 | flex_Q=-3.823022e-08
    [SLACK COMPONENT CHECK] classified_delta=-2.216886e-07 | objective_slack_delta=-2.216886e-07 | mismatch=+1.598721e-14
    [RECOURSE COMPONENT CHECK] classified_delta=-2.583709e+06 | block_delta=-2.583709e+06 | mismatch=-4.656613e-09
  TSO node=None year=2035 day=Spring | previous=1.467267e+08 | current=1.441559e+08 | delta=-2.570858e+06 | abs_delta=2.570858e+06
    [RECOURSE JUMP][TSO PROX] year=2035 day=Spring | V max=0.000679 | PF max=0.009613 | ESS max=0.020459
    [RECOURSE COMPONENTS] gen=-2.442000e+06 | flex=-1.305576e+05 | load_curt=+0.000000e+00 | res_curt=+0.000000e+00 | ess_usage=+0.000000e+00 | slacks=-1.830358e-11 | ess_comp=+1.699959e+03
    [SLACK COMPONENTS] voltage=-1.789147e-11 | node_P=+0.000000e+00 | node_Q=+0.000000e+00 | branch_ij=+0.000000e+00 | branch_ji=+0.000000e+00 | flex_P=-1.905143e-13 | flex_Q=-1.905143e-13
    [SLACK COMPONENT CHECK] classified_delta=-1.827249e-11 | objective_slack_delta=-1.830358e-11 | mismatch=+3.108624e-14
    [RECOURSE COMPONENT CHECK] classified_delta=-2.570858e+06 | block_delta=-2.570858e+06 | mismatch=+1.909211e-08
  TSO node=None year=2030 day=Winter | previous=8.830898e+07 | current=8.574689e+07 | delta=-2.562098e+06 | abs_delta=2.562098e+06
    [RECOURSE JUMP][TSO PROX] year=2030 day=Winter | V max=0.000395 | PF max=0.007703 | ESS max=0.025437
    [RECOURSE COMPONENTS] gen=-2.328566e+06 | flex=-2.335325e+05 | load_curt=+0.000000e+00 | res_curt=+0.000000e+00 | ess_usage=+0.000000e+00 | slacks=+2.962963e-12 | ess_comp=-3.563617e-02
    [SLACK COMPONENTS] voltage=+2.998490e-12 | node_P=+0.000000e+00 | node_Q=+0.000000e+00 | branch_ij=+0.000000e+00 | branch_ji=+0.000000e+00 | flex_P=-8.437695e-15 | flex_Q=-8.437695e-15
    [SLACK COMPONENT CHECK] classified_delta=+2.981615e-12 | objective_slack_delta=+2.962963e-12 | mismatch=+1.865175e-14
    [RECOURSE COMPONENT CHECK] classified_delta=-2.562098e+06 | block_delta=-2.562098e+06 | mismatch=+5.587935e-09
[INFO]		 - Recourse stationarity failed. 37623389.847954 > 143826.500838
[ADMM RHO] V | primal max ratio=0.033 | primal mean ratio=0.075 | primal selected=0.075 | dual mean ratio=0.038 | increase threshold=5.0 | decrease threshold=5.0 | action=held
[ADMM RHO] PF | primal max ratio=0.328 | primal mean ratio=0.035 | primal selected=0.328 | dual mean ratio=11.065 | increase threshold=5.0 | decrease threshold=3.0 | action=decreased
[ADMM RHO] ESS | primal max ratio=0.127 | primal mean ratio=0.052 | primal selected=0.127 | dual mean ratio=0.072 | increase threshold=5.0 | decrease threshold=5.0 | action=held
[INFO]		 - ADMM cycle 6 | Primal (V max/mean | PF max/mean | ESS max/mean) = 0.000333/0.000075 | 0.003280/0.000035 | 0.012717/0.000518 | Dual (V max/mean | PF max/mean | ESS max/mean) = 0.002575/0.000384 | 0.390283/0.110654 | 0.023581/0.000723 | Recourse change = 37623389.847954 (tol. 143826.500838) | Stable cycles = 0/1 | Penalty actions (V/PF/ESS) = held/decreased/held
[INFO] 	 - Iteration 6: 40.23 s
[INFO] 	 - ADMM Iteration 7
[INFO] 		 - Updating distribution networks:
[INFO] 			 - Running SMOPF, Network case33_1, 2025, Spring...
[INFO] 			 - Running SMOPF, Network case33_1, 2025, Summer...
[INFO] 			 - Running SMOPF, Network case33_1, 2025, Autumn...
[INFO] 			 - Running SMOPF, Network case33_1, 2025, Winter...
[INFO] 			 - Running SMOPF, Network case33_1, 2030, Spring...
[INFO] 			 - Running SMOPF, Network case33_1, 2030, Summer...
[INFO] 			 - Running SMOPF, Network case33_1, 2030, Autumn...
[INFO] 			 - Running SMOPF, Network case33_1, 2030, Winter...
[INFO] 			 - Running SMOPF, Network case33_1, 2035, Spring...
[INFO] 			 - Running SMOPF, Network case33_1, 2035, Summer...
[INFO] 			 - Running SMOPF, Network case33_1, 2035, Autumn...
[INFO] 			 - Running SMOPF, Network case33_1, 2035, Winter...
[INFO] 			 - Running SMOPF, Network case33_2, 2025, Spring...
[INFO] 			 - Running SMOPF, Network case33_2, 2025, Summer...
[INFO] 			 - Running SMOPF, Network case33_2, 2025, Autumn...
[DEBUG][FROZEN SMOPF] Saved matched_success pre-solve block to /Users/micaelsimoes/Projects/share-resource-planning-no_esso-degradation/data/SRP1/Results/P515A/run_b/results/FrozenSMOPF/matched_success_DSO_node7_case33_2_2025_Autumn_cycle7.pkl
[INFO] 			 - Running SMOPF, Network case33_2, 2025, Winter...
[INFO] 			 - Running SMOPF, Network case33_2, 2030, Spring...
[INFO] 			 - Running SMOPF, Network case33_2, 2030, Summer...
[INFO] 			 - Running SMOPF, Network case33_2, 2030, Autumn...
[INFO] 			 - Running SMOPF, Network case33_2, 2030, Winter...
[INFO] 			 - Running SMOPF, Network case33_2, 2035, Spring...
[INFO] 			 - Running SMOPF, Network case33_2, 2035, Summer...
[INFO] 			 - Running SMOPF, Network case33_2, 2035, Autumn...
[INFO] 			 - Running SMOPF, Network case33_2, 2035, Winter...
[INFO] 			 - Running SMOPF, Network case33_3, 2025, Spring...
[INFO] 			 - Running SMOPF, Network case33_3, 2025, Summer...
[INFO] 			 - Running SMOPF, Network case33_3, 2025, Autumn...
[INFO] 			 - Running SMOPF, Network case33_3, 2025, Winter...
[INFO] 			 - Running SMOPF, Network case33_3, 2030, Spring...
[INFO] 			 - Running SMOPF, Network case33_3, 2030, Summer...
[INFO] 			 - Running SMOPF, Network case33_3, 2030, Autumn...
[INFO] 			 - Running SMOPF, Network case33_3, 2030, Winter...
[INFO] 			 - Running SMOPF, Network case33_3, 2035, Spring...
[INFO] 			 - Running SMOPF, Network case33_3, 2035, Summer...
[INFO] 			 - Running SMOPF, Network case33_3, 2035, Autumn...
[INFO] 			 - Running SMOPF, Network case33_3, 2035, Winter...
[INFO] 		 - Updating transmission network...
[INFO] 			 - Running SMOPF, Network case9, 2025, Spring...
[INFO] 			 - Running SMOPF, Network case9, 2025, Summer...
[DEBUG][FROZEN SMOPF] Saved matched_success pre-solve block to /Users/micaelsimoes/Projects/share-resource-planning-no_esso-degradation/data/SRP1/Results/P515A/run_b/results/FrozenSMOPF/matched_success_TSO_case9_2025_Summer_cycle7.pkl
[INFO] 			 - Running SMOPF, Network case9, 2025, Autumn...
[INFO] 			 - Running SMOPF, Network case9, 2025, Winter...
[INFO] 			 - Running SMOPF, Network case9, 2030, Spring...
[INFO] 			 - Running SMOPF, Network case9, 2030, Summer...
[INFO] 			 - Running SMOPF, Network case9, 2030, Autumn...
[INFO] 			 - Running SMOPF, Network case9, 2030, Winter...
[INFO] 			 - Running SMOPF, Network case9, 2035, Spring...
[INFO] 			 - Running SMOPF, Network case9, 2035, Summer...
[INFO] 			 - Running SMOPF, Network case9, 2035, Autumn...
[INFO] 			 - Running SMOPF, Network case9, 2035, Winter...
[TSO PROX] cycle=7 | updated_blocks=12 | held_failed_blocks=0 | V max=0.000961 | PF max=0.014237 | ESS max=0.012997
[TSO PROX][V MAX] node=7, year=2030, day=Autumn, period=5 | dV=0.331524 kV | normalized=0.000961
[TSO PROX][PF MAX] node=5, year=2035, day=Spring, period=7, type=P | delta=2.847318 MW | normalized=0.014237
[TSO PROX][ESS MAX] node=9, year=2030, day=Autumn, period=1, type=P | delta=0.025182 MW | normalized=0.012997
[INFO] 		 - Updating SharedESS...
[INFO] 		 - Running Shared ESS optimization (subproblem)...
[INFO] 			 - Node 5...
[INFO] Shared ESS complementarity diagnostics for ESS node=5: ratio_max=2.583609e-05 n_periods=288 mu_final=5.063699e-09 s_obj=1.000000e-01 eps=1.000000e-03 bound=1.458345e-02 measured=8.010189e-03
[INFO] 			 - Node 7...
[INFO] Shared ESS complementarity diagnostics for ESS node=7: ratio_max=2.583189e-05 n_periods=288 mu_final=4.448300e-09 s_obj=1.000000e-01 eps=1.000000e-03 bound=1.281110e-02 measured=7.963254e-03
[INFO] 			 - Node 9...
[INFO] Shared ESS complementarity diagnostics for ESS node=9: ratio_max=2.584545e-05 n_periods=288 mu_final=4.829777e-09 s_obj=1.000000e-01 eps=1.000000e-03 bound=1.390976e-02 measured=8.015641e-03
[INFO]		 - Primal residuals ok!
[INFO]		 - interface PF mean dual residual failed. 0.100051 > 0.010000
[RECOURSE JUMP] cycle=7 | abs_change=4.662376e+07 | tol=1.400642e+05 | signed_change=-4.662376e+07
[RECOURSE JUMP] Reconciliation | previous=1.400642e+09 | current=1.354018e+09 | block_delta=-4.662376e+07 | mismatch=-9.536743e-07
[RECOURSE JUMP] Aggregate signed changes:
  TSO | delta=-4.099884e+07
  DSO node=5 | delta=-2.919539e+06
  DSO node=9 | delta=-2.170475e+06
  DSO node=7 | delta=-5.349152e+05
  SALVAGE | delta=+5.330780e-35
[RECOURSE JUMP] Largest 10 block changes:
  TSO node=None year=2025 day=Autumn | previous=1.193906e+08 | current=1.152420e+08 | delta=-4.148568e+06 | abs_delta=4.148568e+06
    [RECOURSE JUMP][TSO PROX] year=2025 day=Autumn | V max=0.000455 | PF max=0.012700 | ESS max=0.002075
    [RECOURSE COMPONENTS] gen=-3.672158e+06 | flex=-4.764097e+05 | load_curt=+0.000000e+00 | res_curt=+0.000000e+00 | ess_usage=+0.000000e+00 | slacks=-1.344752e-07 | ess_comp=-4.844265e-03
    [SLACK COMPONENTS] voltage=-8.890346e-08 | node_P=+0.000000e+00 | node_Q=+0.000000e+00 | branch_ij=+0.000000e+00 | branch_ji=+0.000000e+00 | flex_P=-2.278585e-08 | flex_Q=-2.278585e-08
    [SLACK COMPONENT CHECK] classified_delta=-1.344752e-07 | objective_slack_delta=-1.344752e-07 | mismatch=+2.664535e-14
    [RECOURSE COMPONENT CHECK] classified_delta=-4.148568e+06 | block_delta=-4.148568e+06 | mismatch=+8.381903e-09
  TSO node=None year=2025 day=Summer | previous=1.486082e+08 | current=1.448460e+08 | delta=-3.762113e+06 | abs_delta=3.762113e+06
    [RECOURSE JUMP][TSO PROX] year=2025 day=Summer | V max=0.000511 | PF max=0.011357 | ESS max=0.002142
    [RECOURSE COMPONENTS] gen=-3.219584e+06 | flex=-5.425289e+05 | load_curt=+0.000000e+00 | res_curt=+0.000000e+00 | ess_usage=+0.000000e+00 | slacks=-9.182699e-10 | ess_comp=-8.060191e-04
    [SLACK COMPONENTS] voltage=-6.114647e-10 | node_P=+0.000000e+00 | node_Q=+0.000000e+00 | branch_ij=+0.000000e+00 | branch_ji=+0.000000e+00 | flex_P=-1.533915e-10 | flex_Q=-1.533915e-10
    [SLACK COMPONENT CHECK] classified_delta=-9.182477e-10 | objective_slack_delta=-9.182699e-10 | mismatch=+2.220446e-14
    [RECOURSE COMPONENT CHECK] classified_delta=-3.762113e+06 | block_delta=-3.762113e+06 | mismatch=+1.210719e-08
  TSO node=None year=2035 day=Winter | previous=8.746678e+07 | current=8.373029e+07 | delta=-3.736488e+06 | abs_delta=3.736488e+06
    [RECOURSE JUMP][TSO PROX] year=2035 day=Winter | V max=0.000457 | PF max=0.010121 | ESS max=0.009515
    [RECOURSE COMPONENTS] gen=-3.507842e+06 | flex=-2.541708e+05 | load_curt=+0.000000e+00 | res_curt=+0.000000e+00 | ess_usage=+0.000000e+00 | slacks=-2.849276e-12 | ess_comp=+2.552468e+04
    [SLACK COMPONENTS] voltage=-2.884804e-12 | node_P=+0.000000e+00 | node_Q=+0.000000e+00 | branch_ij=+0.000000e+00 | branch_ji=+0.000000e+00 | flex_P=+3.996803e-15 | flex_Q=+3.996803e-15
    [SLACK COMPONENT CHECK] classified_delta=-2.876810e-12 | objective_slack_delta=-2.849276e-12 | mismatch=-2.753353e-14
    [RECOURSE COMPONENT CHECK] classified_delta=-3.736488e+06 | block_delta=-3.736488e+06 | mismatch=+2.980232e-08
  TSO node=None year=2025 day=Winter | previous=1.323610e+08 | current=1.286518e+08 | delta=-3.709200e+06 | abs_delta=3.709200e+06
    [RECOURSE JUMP][TSO PROX] year=2025 day=Winter | V max=0.000309 | PF max=0.011082 | ESS max=0.002223
    [RECOURSE COMPONENTS] gen=-3.533575e+06 | flex=-1.756247e+05 | load_curt=+0.000000e+00 | res_curt=+0.000000e+00 | ess_usage=+0.000000e+00 | slacks=+9.315215e-12 | ess_comp=-7.028266e-04
    [SLACK COMPONENTS] voltage=+9.315215e-12 | node_P=+0.000000e+00 | node_Q=+0.000000e+00 | branch_ij=+0.000000e+00 | branch_ji=+0.000000e+00 | flex_P=+0.000000e+00 | flex_Q=+0.000000e+00
    [SLACK COMPONENT CHECK] classified_delta=+9.315215e-12 | objective_slack_delta=+9.315215e-12 | mismatch=+0.000000e+00
    [RECOURSE COMPONENT CHECK] classified_delta=-3.709200e+06 | block_delta=-3.709200e+06 | mismatch=-3.259629e-09
  TSO node=None year=2030 day=Winter | previous=8.574689e+07 | current=8.207187e+07 | delta=-3.675011e+06 | abs_delta=3.675011e+06
    [RECOURSE JUMP][TSO PROX] year=2030 day=Winter | V max=0.000305 | PF max=0.011408 | ESS max=0.012205
    [RECOURSE COMPONENTS] gen=-3.379161e+06 | flex=-2.958496e+05 | load_curt=+0.000000e+00 | res_curt=+0.000000e+00 | ess_usage=+0.000000e+00 | slacks=+4.338580e-08 | ess_comp=-2.897889e-01
    [SLACK COMPONENTS] voltage=+2.879495e-08 | node_P=+0.000000e+00 | node_Q=+0.000000e+00 | branch_ij=+0.000000e+00 | branch_ji=+0.000000e+00 | flex_P=+7.295421e-09 | flex_Q=+7.295421e-09
    [SLACK COMPONENT CHECK] classified_delta=+4.338579e-08 | objective_slack_delta=+4.338580e-08 | mismatch=-3.552714e-15
    [RECOURSE COMPONENT CHECK] classified_delta=-3.675011e+06 | block_delta=-3.675011e+06 | mismatch=+3.259629e-09
  TSO node=None year=2035 day=Spring | previous=1.441559e+08 | current=1.405439e+08 | delta=-3.612034e+06 | abs_delta=3.612034e+06
    [RECOURSE JUMP][TSO PROX] year=2035 day=Spring | V max=0.000571 | PF max=0.014237 | ESS max=0.009793
    [RECOURSE COMPONENTS] gen=-3.486941e+06 | flex=-1.536249e+05 | load_curt=+0.000000e+00 | res_curt=+0.000000e+00 | ess_usage=+0.000000e+00 | slacks=-9.329426e-12 | ess_comp=+2.853208e+04
    [SLACK COMPONENTS] voltage=-9.329426e-12 | node_P=+0.000000e+00 | node_Q=+0.000000e+00 | branch_ij=+0.000000e+00 | branch_ji=+0.000000e+00 | flex_P=+0.000000e+00 | flex_Q=+0.000000e+00
    [SLACK COMPONENT CHECK] classified_delta=-9.329426e-12 | objective_slack_delta=-9.329426e-12 | mismatch=+0.000000e+00
    [RECOURSE COMPONENT CHECK] classified_delta=-3.612034e+06 | block_delta=-3.612034e+06 | mismatch=+0.000000e+00
  TSO node=None year=2025 day=Spring | previous=1.363097e+08 | current=1.327502e+08 | delta=-3.559432e+06 | abs_delta=3.559432e+06
    [RECOURSE JUMP][TSO PROX] year=2025 day=Spring | V max=0.000566 | PF max=0.012553 | ESS max=0.002059
    [RECOURSE COMPONENTS] gen=-3.169021e+06 | flex=-3.904108e+05 | load_curt=+0.000000e+00 | res_curt=+0.000000e+00 | ess_usage=+0.000000e+00 | slacks=+1.155859e-08 | ess_comp=+4.145945e-03
    [SLACK COMPONENTS] voltage=+7.647699e-09 | node_P=+0.000000e+00 | node_Q=+0.000000e+00 | branch_ij=+0.000000e+00 | branch_ji=+0.000000e+00 | flex_P=+1.955445e-09 | flex_Q=+1.955445e-09
    [SLACK COMPONENT CHECK] classified_delta=+1.155859e-08 | objective_slack_delta=+1.155859e-08 | mismatch=-8.881784e-16
    [RECOURSE COMPONENT CHECK] classified_delta=-3.559432e+06 | block_delta=-3.559432e+06 | mismatch=-3.166497e-08
  TSO node=None year=2030 day=Summer | previous=1.275500e+08 | current=1.240366e+08 | delta=-3.513414e+06 | abs_delta=3.513414e+06
    [RECOURSE JUMP][TSO PROX] year=2030 day=Summer | V max=0.000443 | PF max=0.011779 | ESS max=0.011952
    [RECOURSE COMPONENTS] gen=-2.943025e+06 | flex=-5.703881e+05 | load_curt=+0.000000e+00 | res_curt=+0.000000e+00 | ess_usage=+0.000000e+00 | slacks=+2.460748e-07 | ess_comp=-4.242239e-01
    [SLACK COMPONENTS] voltage=+1.604614e-07 | node_P=+0.000000e+00 | node_Q=+0.000000e+00 | branch_ij=+0.000000e+00 | branch_ji=+0.000000e+00 | flex_P=+4.280669e-08 | flex_Q=+4.280669e-08
    [SLACK COMPONENT CHECK] classified_delta=+2.460748e-07 | objective_slack_delta=+2.460748e-07 | mismatch=-1.332268e-14
    [RECOURSE COMPONENT CHECK] classified_delta=-3.513414e+06 | block_delta=-3.513414e+06 | mismatch=-2.561137e-08
  TSO node=None year=2030 day=Spring | previous=1.187526e+08 | current=1.154001e+08 | delta=-3.352530e+06 | abs_delta=3.352530e+06
    [RECOURSE JUMP][TSO PROX] year=2030 day=Spring | V max=0.000570 | PF max=0.010950 | ESS max=0.008161
    [RECOURSE COMPONENTS] gen=-2.873615e+06 | flex=-4.789141e+05 | load_curt=+0.000000e+00 | res_curt=+0.000000e+00 | ess_usage=+0.000000e+00 | slacks=-4.534920e-07 | ess_comp=-5.776946e-02
    [SLACK COMPONENTS] voltage=-2.976613e-07 | node_P=+0.000000e+00 | node_Q=+0.000000e+00 | branch_ij=+0.000000e+00 | branch_ji=+0.000000e+00 | flex_P=-7.791537e-08 | flex_Q=-7.791537e-08
    [SLACK COMPONENT CHECK] classified_delta=-4.534920e-07 | objective_slack_delta=-4.534920e-07 | mismatch=-3.108624e-14
    [RECOURSE COMPONENT CHECK] classified_delta=-3.352530e+06 | block_delta=-3.352530e+06 | mismatch=+4.190952e-09
  TSO node=None year=2030 day=Autumn | previous=6.931743e+07 | current=6.599478e+07 | delta=-3.322652e+06 | abs_delta=3.322652e+06
    [RECOURSE JUMP][TSO PROX] year=2030 day=Autumn | V max=0.000961 | PF max=0.009478 | ESS max=0.012997
    [RECOURSE COMPONENTS] gen=-2.470188e+06 | flex=-8.524639e+05 | load_curt=+0.000000e+00 | res_curt=+0.000000e+00 | ess_usage=+0.000000e+00 | slacks=+3.443155e-07 | ess_comp=-7.093402e-04
    [SLACK COMPONENTS] voltage=+2.234645e-07 | node_P=+0.000000e+00 | node_Q=+0.000000e+00 | branch_ij=+0.000000e+00 | branch_ji=+0.000000e+00 | flex_P=+6.042548e-08 | flex_Q=+6.042548e-08
    [SLACK COMPONENT CHECK] classified_delta=+3.443155e-07 | objective_slack_delta=+3.443155e-07 | mismatch=+4.440892e-15
    [RECOURSE COMPONENT CHECK] classified_delta=-3.322652e+06 | block_delta=-3.322652e+06 | mismatch=+3.259629e-09
[INFO]		 - Recourse stationarity failed. 46623764.702735 > 140064.161853
[ADMM RHO] V | primal max ratio=0.032 | primal mean ratio=0.060 | primal selected=0.060 | dual mean ratio=0.035 | increase threshold=5.0 | decrease threshold=5.0 | action=held
[ADMM RHO] PF | primal max ratio=0.493 | primal mean ratio=0.107 | primal selected=0.493 | dual mean ratio=10.005 | increase threshold=5.0 | decrease threshold=3.0 | action=decreased
[ADMM RHO] ESS | primal max ratio=0.144 | primal mean ratio=0.059 | primal selected=0.144 | dual mean ratio=0.060 | increase threshold=5.0 | decrease threshold=5.0 | action=held
[INFO]		 - ADMM cycle 7 | Primal (V max/mean | PF max/mean | ESS max/mean) = 0.000322/0.000060 | 0.004934/0.000107 | 0.014430/0.000595 | Dual (V max/mean | PF max/mean | ESS max/mean) = 0.002162/0.000350 | 0.377612/0.100051 | 0.023816/0.000597 | Recourse change = 46623764.702735 (tol. 140064.161853) | Stable cycles = 0/1 | Penalty actions (V/PF/ESS) = held/decreased/held
[INFO] 	 - Iteration 7: 41.66 s
[INFO] 	 - ADMM Iteration 8
[INFO] 		 - Updating distribution networks:
[INFO] 			 - Running SMOPF, Network case33_1, 2025, Spring...
[INFO] 			 - Running SMOPF, Network case33_1, 2025, Summer...
[INFO] 			 - Running SMOPF, Network case33_1, 2025, Autumn...
[INFO] 			 - Running SMOPF, Network case33_1, 2025, Winter...
[INFO] 			 - Running SMOPF, Network case33_1, 2030, Spring...
[INFO] 			 - Running SMOPF, Network case33_1, 2030, Summer...
[INFO] 			 - Running SMOPF, Network case33_1, 2030, Autumn...
[INFO] 			 - Running SMOPF, Network case33_1, 2030, Winter...
[INFO] 			 - Running SMOPF, Network case33_1, 2035, Spring...
[INFO] 			 - Running SMOPF, Network case33_1, 2035, Summer...
[INFO] 			 - Running SMOPF, Network case33_1, 2035, Autumn...
[INFO] 			 - Running SMOPF, Network case33_1, 2035, Winter...
[INFO] 			 - Running SMOPF, Network case33_2, 2025, Spring...
[INFO] 			 - Running SMOPF, Network case33_2, 2025, Summer...
[INFO] 			 - Running SMOPF, Network case33_2, 2025, Autumn...
[INFO] 			 - Running SMOPF, Network case33_2, 2025, Winter...
[INFO] 			 - Running SMOPF, Network case33_2, 2030, Spring...
[INFO] 			 - Running SMOPF, Network case33_2, 2030, Summer...
[INFO] 			 - Running SMOPF, Network case33_2, 2030, Autumn...
[INFO] 			 - Running SMOPF, Network case33_2, 2030, Winter...
[INFO] 			 - Running SMOPF, Network case33_2, 2035, Spring...
[INFO] 			 - Running SMOPF, Network case33_2, 2035, Summer...
[INFO] 			 - Running SMOPF, Network case33_2, 2035, Autumn...
[INFO] 			 - Running SMOPF, Network case33_2, 2035, Winter...
[INFO] 			 - Running SMOPF, Network case33_3, 2025, Spring...
[INFO] 			 - Running SMOPF, Network case33_3, 2025, Summer...
[INFO] 			 - Running SMOPF, Network case33_3, 2025, Autumn...
[INFO] 			 - Running SMOPF, Network case33_3, 2025, Winter...
[INFO] 			 - Running SMOPF, Network case33_3, 2030, Spring...
[INFO] 			 - Running SMOPF, Network case33_3, 2030, Summer...
[INFO] 			 - Running SMOPF, Network case33_3, 2030, Autumn...
[INFO] 			 - Running SMOPF, Network case33_3, 2030, Winter...
[INFO] 			 - Running SMOPF, Network case33_3, 2035, Spring...
[INFO] 			 - Running SMOPF, Network case33_3, 2035, Summer...
[INFO] 			 - Running SMOPF, Network case33_3, 2035, Autumn...
[INFO] 			 - Running SMOPF, Network case33_3, 2035, Winter...
[INFO] 		 - Updating transmission network...
[INFO] 			 - Running SMOPF, Network case9, 2025, Spring...
[INFO] 			 - Running SMOPF, Network case9, 2025, Summer...
[INFO] 			 - Running SMOPF, Network case9, 2025, Autumn...
[INFO] 			 - Running SMOPF, Network case9, 2025, Winter...
[INFO] 			 - Running SMOPF, Network case9, 2030, Spring...
[INFO] 			 - Running SMOPF, Network case9, 2030, Summer...
[INFO] 			 - Running SMOPF, Network case9, 2030, Autumn...
[INFO] 			 - Running SMOPF, Network case9, 2030, Winter...
[INFO] 			 - Running SMOPF, Network case9, 2035, Spring...
[INFO] 			 - Running SMOPF, Network case9, 2035, Summer...
[INFO] 			 - Running SMOPF, Network case9, 2035, Autumn...
[INFO] 			 - Running SMOPF, Network case9, 2035, Winter...
[TSO PROX] cycle=8 | updated_blocks=12 | held_failed_blocks=0 | V max=0.000825 | PF max=0.020949 | ESS max=0.005502
[TSO PROX][V MAX] node=7, year=2030, day=Autumn, period=5 | dV=0.284669 kV | normalized=0.000825
[TSO PROX][PF MAX] node=5, year=2035, day=Spring, period=7, type=P | delta=4.189784 MW | normalized=0.020949
[TSO PROX][ESS MAX] node=5, year=2035, day=Autumn, period=22, type=P | delta=0.010659 MW | normalized=0.005502
[INFO] 		 - Updating SharedESS...
[INFO] 		 - Running Shared ESS optimization (subproblem)...
[INFO] 			 - Node 5...
[INFO] Shared ESS complementarity diagnostics for ESS node=5: ratio_max=2.563005e-05 n_periods=288 mu_final=5.057034e-09 s_obj=1.000000e-01 eps=1.000000e-03 bound=1.456426e-02 measured=8.049972e-03
[INFO] 			 - Node 7...
[INFO] Shared ESS complementarity diagnostics for ESS node=7: ratio_max=2.566305e-05 n_periods=288 mu_final=4.590840e-09 s_obj=1.000000e-01 eps=1.000000e-03 bound=1.322162e-02 measured=7.997880e-03
[INFO] 			 - Node 9...
[INFO] Shared ESS complementarity diagnostics for ESS node=9: ratio_max=2.563121e-05 n_periods=288 mu_final=4.571459e-09 s_obj=1.000000e-01 eps=1.000000e-03 bound=1.316580e-02 measured=8.068645e-03
[INFO]		 - Primal residuals ok!
[INFO]		 - interface PF mean dual residual failed. 0.088693 > 0.010000
[RECOURSE JUMP] cycle=8 | abs_change=5.586604e+07 | tol=1.354018e+05 | signed_change=-5.586604e+07
[RECOURSE JUMP] Reconciliation | previous=1.354018e+09 | current=1.298152e+09 | block_delta=-5.586604e+07 | mismatch=+4.768372e-07
[RECOURSE JUMP] Aggregate signed changes:
  TSO | delta=-5.307475e+07
  DSO node=9 | delta=-1.476600e+06
  DSO node=5 | delta=-7.553598e+05
  DSO node=7 | delta=-5.593230e+05
  SALVAGE | delta=-6.868330e-35
[RECOURSE JUMP] Largest 10 block changes:
  TSO node=None year=2025 day=Winter | previous=1.286518e+08 | current=1.234165e+08 | delta=-5.235226e+06 | abs_delta=5.235226e+06
    [RECOURSE JUMP][TSO PROX] year=2025 day=Winter | V max=0.000405 | PF max=0.016312 | ESS max=0.002879
    [RECOURSE COMPONENTS] gen=-5.045917e+06 | flex=-1.893085e+05 | load_curt=+0.000000e+00 | res_curt=+0.000000e+00 | ess_usage=+0.000000e+00 | slacks=+6.707523e-12 | ess_comp=-1.129923e-03
    [SLACK COMPONENTS] voltage=+6.714629e-12 | node_P=+0.000000e+00 | node_Q=+0.000000e+00 | branch_ij=+0.000000e+00 | branch_ji=+0.000000e+00 | flex_P=+0.000000e+00 | flex_Q=+0.000000e+00
    [SLACK COMPONENT CHECK] classified_delta=+6.714629e-12 | objective_slack_delta=+6.707523e-12 | mismatch=+7.105427e-15
    [RECOURSE COMPONENT CHECK] classified_delta=-5.235226e+06 | block_delta=-5.235226e+06 | mismatch=+1.396984e-08
  TSO node=None year=2030 day=Winter | previous=8.207187e+07 | current=7.686241e+07 | delta=-5.209464e+06 | abs_delta=5.209464e+06
    [RECOURSE JUMP][TSO PROX] year=2030 day=Winter | V max=0.000384 | PF max=0.014553 | ESS max=0.000616
    [RECOURSE COMPONENTS] gen=-4.829056e+06 | flex=-3.804068e+05 | load_curt=+0.000000e+00 | res_curt=+0.000000e+00 | ess_usage=+0.000000e+00 | slacks=-4.337281e-08 | ess_comp=-1.147632e+00
    [SLACK COMPONENTS] voltage=-2.878198e-08 | node_P=+0.000000e+00 | node_Q=+0.000000e+00 | branch_ij=+0.000000e+00 | branch_ji=+0.000000e+00 | flex_P=-7.295421e-09 | flex_Q=-7.295421e-09
    [SLACK COMPONENT CHECK] classified_delta=-4.337282e-08 | objective_slack_delta=-4.337281e-08 | mismatch=-3.552714e-15
    [RECOURSE COMPONENT CHECK] classified_delta=-5.209464e+06 | block_delta=-5.209464e+06 | mismatch=-1.303852e-08
  TSO node=None year=2035 day=Winter | previous=8.373029e+07 | current=7.867878e+07 | delta=-5.051511e+06 | abs_delta=5.051511e+06
    [RECOURSE JUMP][TSO PROX] year=2035 day=Winter | V max=0.000438 | PF max=0.014828 | ESS max=0.002019
    [RECOURSE COMPONENTS] gen=-4.717471e+06 | flex=-3.500501e+05 | load_curt=+0.000000e+00 | res_curt=+0.000000e+00 | ess_usage=+0.000000e+00 | slacks=-4.376943e-12 | ess_comp=+1.601051e+04
    [SLACK COMPONENTS] voltage=-4.376943e-12 | node_P=+0.000000e+00 | node_Q=+0.000000e+00 | branch_ij=+0.000000e+00 | branch_ji=+0.000000e+00 | flex_P=-1.776357e-15 | flex_Q=-1.776357e-15
    [SLACK COMPONENT CHECK] classified_delta=-4.380496e-12 | objective_slack_delta=-4.376943e-12 | mismatch=-3.552714e-15
    [RECOURSE COMPONENT CHECK] classified_delta=-5.051511e+06 | block_delta=-5.051511e+06 | mismatch=-2.142042e-08
  TSO node=None year=2025 day=Autumn | previous=1.152420e+08 | current=1.102809e+08 | delta=-4.961064e+06 | abs_delta=4.961064e+06
    [RECOURSE JUMP][TSO PROX] year=2025 day=Autumn | V max=0.000411 | PF max=0.015554 | ESS max=0.002807
    [RECOURSE COMPONENTS] gen=-4.651472e+06 | flex=-3.095921e+05 | load_curt=+0.000000e+00 | res_curt=+0.000000e+00 | ess_usage=+0.000000e+00 | slacks=+1.016065e-07 | ess_comp=-2.048535e-03
    [SLACK COMPONENTS] voltage=+6.715275e-08 | node_P=+0.000000e+00 | node_Q=+0.000000e+00 | branch_ij=+0.000000e+00 | branch_ji=+0.000000e+00 | flex_P=+1.722687e-08 | flex_Q=+1.722687e-08
    [SLACK COMPONENT CHECK] classified_delta=+1.016065e-07 | objective_slack_delta=+1.016065e-07 | mismatch=-8.881784e-16
    [RECOURSE COMPONENT CHECK] classified_delta=-4.961064e+06 | block_delta=-4.961064e+06 | mismatch=-4.656613e-09
  TSO node=None year=2030 day=Autumn | previous=6.599478e+07 | current=6.129904e+07 | delta=-4.695736e+06 | abs_delta=4.695736e+06
    [RECOURSE JUMP][TSO PROX] year=2030 day=Autumn | V max=0.000825 | PF max=0.013949 | ESS max=0.000642
    [RECOURSE COMPONENTS] gen=-3.473304e+06 | flex=-1.222432e+06 | load_curt=+0.000000e+00 | res_curt=+0.000000e+00 | ess_usage=+0.000000e+00 | slacks=-4.040363e-07 | ess_comp=+4.446871e-03
    [SLACK COMPONENTS] voltage=-2.622156e-07 | node_P=+0.000000e+00 | node_Q=+0.000000e+00 | branch_ij=+0.000000e+00 | branch_ji=+0.000000e+00 | flex_P=-7.091037e-08 | flex_Q=-7.091037e-08
    [SLACK COMPONENT CHECK] classified_delta=-4.040363e-07 | objective_slack_delta=-4.040363e-07 | mismatch=-8.881784e-16
    [RECOURSE COMPONENT CHECK] classified_delta=-4.695736e+06 | block_delta=-4.695736e+06 | mismatch=+4.656613e-09
  TSO node=None year=2035 day=Spring | previous=1.405439e+08 | current=1.358810e+08 | delta=-4.662866e+06 | abs_delta=4.662866e+06
    [RECOURSE JUMP][TSO PROX] year=2035 day=Spring | V max=0.000473 | PF max=0.020949 | ESS max=0.003145
    [RECOURSE COMPONENTS] gen=-4.483448e+06 | flex=-2.056386e+05 | load_curt=+0.000000e+00 | res_curt=+0.000000e+00 | ess_usage=+0.000000e+00 | slacks=+8.178347e-12 | ess_comp=+2.622036e+04
    [SLACK COMPONENTS] voltage=+8.881784e-13 | node_P=+0.000000e+00 | node_Q=+0.000000e+00 | branch_ij=+0.000000e+00 | branch_ji=+0.000000e+00 | flex_P=+3.637979e-12 | flex_Q=+3.637979e-12
    [SLACK COMPONENT CHECK] classified_delta=+8.164136e-12 | objective_slack_delta=+8.178347e-12 | mismatch=-1.421085e-14
    [RECOURSE COMPONENT CHECK] classified_delta=-4.662866e+06 | block_delta=-4.662866e+06 | mismatch=-1.955777e-08
  TSO node=None year=2025 day=Spring | previous=1.327502e+08 | current=1.282150e+08 | delta=-4.535262e+06 | abs_delta=4.535262e+06
    [RECOURSE JUMP][TSO PROX] year=2025 day=Spring | V max=0.000478 | PF max=0.015746 | ESS max=0.002795
    [RECOURSE COMPONENTS] gen=-4.206623e+06 | flex=-3.286396e+05 | load_curt=+0.000000e+00 | res_curt=+0.000000e+00 | ess_usage=+0.000000e+00 | slacks=-5.637317e-08 | ess_comp=+3.832502e-03
    [SLACK COMPONENTS] voltage=-3.718851e-08 | node_P=+0.000000e+00 | node_Q=+0.000000e+00 | branch_ij=+0.000000e+00 | branch_ji=+0.000000e+00 | flex_P=-9.592340e-09 | flex_Q=-9.592340e-09
    [SLACK COMPONENT CHECK] classified_delta=-5.637319e-08 | objective_slack_delta=-5.637317e-08 | mismatch=-1.953993e-14
    [RECOURSE COMPONENT CHECK] classified_delta=-4.535262e+06 | block_delta=-4.535262e+06 | mismatch=-1.490116e-08
  TSO node=None year=2025 day=Summer | previous=1.448460e+08 | current=1.403789e+08 | delta=-4.467127e+06 | abs_delta=4.467127e+06
    [RECOURSE JUMP][TSO PROX] year=2025 day=Summer | V max=0.000431 | PF max=0.015375 | ESS max=0.002818
    [RECOURSE COMPONENTS] gen=-4.005315e+06 | flex=-4.618127e+05 | load_curt=+0.000000e+00 | res_curt=+0.000000e+00 | ess_usage=+0.000000e+00 | slacks=-1.005373e-07 | ess_comp=-3.299925e-03
    [SLACK COMPONENTS] voltage=-6.602988e-08 | node_P=+0.000000e+00 | node_Q=+0.000000e+00 | branch_ij=+0.000000e+00 | branch_ji=+0.000000e+00 | flex_P=-1.725373e-08 | flex_Q=-1.725373e-08
    [SLACK COMPONENT CHECK] classified_delta=-1.005373e-07 | objective_slack_delta=-1.005373e-07 | mismatch=+1.065814e-14
    [RECOURSE COMPONENT CHECK] classified_delta=-4.467127e+06 | block_delta=-4.467127e+06 | mismatch=-1.303852e-08
  TSO node=None year=2030 day=Spring | previous=1.154001e+08 | current=1.112348e+08 | delta=-4.165310e+06 | abs_delta=4.165310e+06
    [RECOURSE JUMP][TSO PROX] year=2030 day=Spring | V max=0.000485 | PF max=0.015338 | ESS max=0.000313
    [RECOURSE COMPONENTS] gen=-3.671999e+06 | flex=-4.933101e+05 | load_curt=+0.000000e+00 | res_curt=+0.000000e+00 | ess_usage=+0.000000e+00 | slacks=-1.700557e-07 | ess_comp=-5.840547e-01
    [SLACK COMPONENTS] voltage=-1.116842e-07 | node_P=+0.000000e+00 | node_Q=+0.000000e+00 | branch_ij=+0.000000e+00 | branch_ji=+0.000000e+00 | flex_P=-2.918571e-08 | flex_Q=-2.918571e-08
    [SLACK COMPONENT CHECK] classified_delta=-1.700557e-07 | objective_slack_delta=-1.700557e-07 | mismatch=-2.664535e-15
    [RECOURSE COMPONENT CHECK] classified_delta=-4.165310e+06 | block_delta=-4.165310e+06 | mismatch=+2.328306e-09
  TSO node=None year=2030 day=Summer | previous=1.240366e+08 | current=1.198840e+08 | delta=-4.152638e+06 | abs_delta=4.152638e+06
    [RECOURSE JUMP][TSO PROX] year=2030 day=Summer | V max=0.000347 | PF max=0.017338 | ESS max=0.000652
    [RECOURSE COMPONENTS] gen=-3.438011e+06 | flex=-7.146262e+05 | load_curt=+0.000000e+00 | res_curt=+0.000000e+00 | ess_usage=+0.000000e+00 | slacks=-2.460969e-07 | ess_comp=-1.068113e+00
    [SLACK COMPONENTS] voltage=-1.604836e-07 | node_P=+0.000000e+00 | node_Q=+0.000000e+00 | branch_ij=+0.000000e+00 | branch_ji=+0.000000e+00 | flex_P=-4.280666e-08 | flex_Q=-4.280666e-08
    [SLACK COMPONENT CHECK] classified_delta=-2.460969e-07 | objective_slack_delta=-2.460969e-07 | mismatch=-5.329071e-15
    [RECOURSE COMPONENT CHECK] classified_delta=-4.152638e+06 | block_delta=-4.152638e+06 | mismatch=+3.725290e-09
[INFO]		 - Recourse stationarity failed. 55866035.508417 > 135401.785382
[ADMM RHO] V | primal max ratio=0.028 | primal mean ratio=0.056 | primal selected=0.056 | dual mean ratio=0.035 | increase threshold=5.0 | decrease threshold=5.0 | action=held
[ADMM RHO] PF | primal max ratio=0.628 | primal mean ratio=0.251 | primal selected=0.628 | dual mean ratio=8.869 | increase threshold=5.0 | decrease threshold=3.0 | action=decreased
[ADMM RHO] ESS | primal max ratio=0.138 | primal mean ratio=0.046 | primal selected=0.138 | dual mean ratio=0.057 | increase threshold=5.0 | decrease threshold=5.0 | action=held
[INFO]		 - ADMM cycle 8 | Primal (V max/mean | PF max/mean | ESS max/mean) = 0.000279/0.000056 | 0.006277/0.000251 | 0.013834/0.000459 | Dual (V max/mean | PF max/mean | ESS max/mean) = 0.001857/0.000351 | 0.371652/0.088693 | 0.023569/0.000574 | Recourse change = 55866035.508417 (tol. 135401.785382) | Stable cycles = 0/1 | Penalty actions (V/PF/ESS) = held/decreased/held
[INFO] 	 - Iteration 8: 42.11 s
[INFO] 	 - ADMM Iteration 9
[INFO] 		 - Updating distribution networks:
[INFO] 			 - Running SMOPF, Network case33_1, 2025, Spring...
[INFO] 			 - Running SMOPF, Network case33_1, 2025, Summer...
[INFO] 			 - Running SMOPF, Network case33_1, 2025, Autumn...
[INFO] 			 - Running SMOPF, Network case33_1, 2025, Winter...
[INFO] 			 - Running SMOPF, Network case33_1, 2030, Spring...
[INFO] 			 - Running SMOPF, Network case33_1, 2030, Summer...
[INFO] 			 - Running SMOPF, Network case33_1, 2030, Autumn...
[INFO] 			 - Running SMOPF, Network case33_1, 2030, Winter...
[INFO] 			 - Running SMOPF, Network case33_1, 2035, Spring...
[INFO] 			 - Running SMOPF, Network case33_1, 2035, Summer...
[INFO] 			 - Running SMOPF, Network case33_1, 2035, Autumn...
[INFO] 			 - Running SMOPF, Network case33_1, 2035, Winter...
[INFO] 			 - Running SMOPF, Network case33_2, 2025, Spring...
[INFO] 			 - Running SMOPF, Network case33_2, 2025, Summer...
[INFO] 			 - Running SMOPF, Network case33_2, 2025, Autumn...
[INFO] 			 - Running SMOPF, Network case33_2, 2025, Winter...
[INFO] 			 - Running SMOPF, Network case33_2, 2030, Spring...
[INFO] 			 - Running SMOPF, Network case33_2, 2030, Summer...
[INFO] 			 - Running SMOPF, Network case33_2, 2030, Autumn...
[INFO] 			 - Running SMOPF, Network case33_2, 2030, Winter...
[INFO] 			 - Running SMOPF, Network case33_2, 2035, Spring...
[INFO] 			 - Running SMOPF, Network case33_2, 2035, Summer...
[INFO] 			 - Running SMOPF, Network case33_2, 2035, Autumn...
[INFO] 			 - Running SMOPF, Network case33_2, 2035, Winter...
[INFO] 			 - Running SMOPF, Network case33_3, 2025, Spring...
[INFO] 			 - Running SMOPF, Network case33_3, 2025, Summer...
[INFO] 			 - Running SMOPF, Network case33_3, 2025, Autumn...
[INFO] 			 - Running SMOPF, Network case33_3, 2025, Winter...
[INFO] 			 - Running SMOPF, Network case33_3, 2030, Spring...
[INFO] 			 - Running SMOPF, Network case33_3, 2030, Summer...
[INFO] 			 - Running SMOPF, Network case33_3, 2030, Autumn...
[INFO] 			 - Running SMOPF, Network case33_3, 2030, Winter...
[INFO] 			 - Running SMOPF, Network case33_3, 2035, Spring...
[INFO] 			 - Running SMOPF, Network case33_3, 2035, Summer...
[INFO] 			 - Running SMOPF, Network case33_3, 2035, Autumn...
[INFO] 			 - Running SMOPF, Network case33_3, 2035, Winter...
[INFO] 		 - Updating transmission network...
[INFO] 			 - Running SMOPF, Network case9, 2025, Spring...
[INFO] 			 - Running SMOPF, Network case9, 2025, Summer...
[INFO] 			 - Running SMOPF, Network case9, 2025, Autumn...
[INFO] 			 - Running SMOPF, Network case9, 2025, Winter...
[INFO] 			 - Running SMOPF, Network case9, 2030, Spring...
[INFO] 			 - Running SMOPF, Network case9, 2030, Summer...
[INFO] 			 - Running SMOPF, Network case9, 2030, Autumn...
[INFO] 			 - Running SMOPF, Network case9, 2030, Winter...
[INFO] 			 - Running SMOPF, Network case9, 2035, Spring...
[INFO] 			 - Running SMOPF, Network case9, 2035, Summer...
[INFO] 			 - Running SMOPF, Network case9, 2035, Autumn...
[INFO] 			 - Running SMOPF, Network case9, 2035, Winter...
[TSO PROX] cycle=9 | updated_blocks=12 | held_failed_blocks=0 | V max=0.000743 | PF max=0.023302 | ESS max=0.007077
[TSO PROX][V MAX] node=7, year=2030, day=Autumn, period=5 | dV=0.256394 kV | normalized=0.000743
[TSO PROX][PF MAX] node=5, year=2035, day=Summer, period=22, type=P | delta=4.660438 MW | normalized=0.023302
[TSO PROX][ESS MAX] node=7, year=2030, day=Autumn, period=1, type=P | delta=0.013711 MW | normalized=0.007077
[INFO] 		 - Updating SharedESS...
[INFO] 		 - Running Shared ESS optimization (subproblem)...
[INFO] 			 - Node 5...
[INFO] Shared ESS complementarity diagnostics for ESS node=5: ratio_max=2.532068e-05 n_periods=288 mu_final=5.130820e-09 s_obj=1.000000e-01 eps=1.000000e-03 bound=1.477676e-02 measured=8.091495e-03
[INFO] 			 - Node 7...
[INFO] Shared ESS complementarity diagnostics for ESS node=7: ratio_max=2.531134e-05 n_periods=288 mu_final=5.011818e-09 s_obj=1.000000e-01 eps=1.000000e-03 bound=1.443403e-02 measured=8.045099e-03
[INFO] 			 - Node 9...
[INFO] Shared ESS complementarity diagnostics for ESS node=9: ratio_max=2.531835e-05 n_periods=288 mu_final=4.998108e-09 s_obj=1.000000e-01 eps=1.000000e-03 bound=1.439455e-02 measured=8.126204e-03
[DIAG][PF MAX] node=5, year=2025, day=Autumn, period=19, type=P | TSO=46.960325 MW, DSO=44.624702 MW, diff=2.335624 MW, rating=200.000000 MVA, normalized=0.011678, rho(TSO/DSO)=11.705533/11.705533
[INFO]		 - interface PF max primal residual failed. 0.011678 > 0.010000
[INFO]		 - interface PF mean dual residual failed. 0.077473 > 0.010000
[RECOURSE JUMP] cycle=9 | abs_change=6.507642e+07 | tol=1.298152e+05 | signed_change=-6.507642e+07
[RECOURSE JUMP] Reconciliation | previous=1.298152e+09 | current=1.233075e+09 | block_delta=-6.507642e+07 | mismatch=-2.384186e-07
[RECOURSE JUMP] Aggregate signed changes:
  TSO | delta=-6.568129e+07
  DSO node=5 | delta=+1.824011e+06
  DSO node=9 | delta=-6.373443e+05
  DSO node=7 | delta=-5.817938e+05
  SALVAGE | delta=+3.562674e-35
[RECOURSE JUMP] Largest 10 block changes:
  TSO node=None year=2035 day=Winter | previous=7.867878e+07 | current=7.164952e+07 | delta=-7.029260e+06 | abs_delta=7.029260e+06
    [RECOURSE JUMP][TSO PROX] year=2035 day=Winter | V max=0.000443 | PF max=0.021627 | ESS max=0.005145
    [RECOURSE COMPONENTS] gen=-6.589253e+06 | flex=-4.405550e+05 | load_curt=+0.000000e+00 | res_curt=+0.000000e+00 | ess_usage=+0.000000e+00 | slacks=-7.183587e-12 | ess_comp=+5.482372e+02
    [SLACK COMPONENTS] voltage=-7.155165e-12 | node_P=+0.000000e+00 | node_Q=+0.000000e+00 | branch_ij=+0.000000e+00 | branch_ji=+0.000000e+00 | flex_P=-2.220446e-15 | flex_Q=-2.220446e-15
    [SLACK COMPONENT CHECK] classified_delta=-7.159606e-12 | objective_slack_delta=-7.183587e-12 | mismatch=+2.398082e-14
    [RECOURSE COMPONENT CHECK] classified_delta=-7.029260e+06 | block_delta=-7.029260e+06 | mismatch=+7.450581e-09
  TSO node=None year=2025 day=Winter | previous=1.234165e+08 | current=1.164459e+08 | delta=-6.970645e+06 | abs_delta=6.970645e+06
    [RECOURSE JUMP][TSO PROX] year=2025 day=Winter | V max=0.000386 | PF max=0.021005 | ESS max=0.001715
    [RECOURSE COMPONENTS] gen=-6.842575e+06 | flex=-1.280698e+05 | load_curt=+0.000000e+00 | res_curt=+0.000000e+00 | ess_usage=+0.000000e+00 | slacks=+2.771117e-13 | ess_comp=-3.165834e-04
    [SLACK COMPONENTS] voltage=+2.771117e-13 | node_P=+0.000000e+00 | node_Q=+0.000000e+00 | branch_ij=+0.000000e+00 | branch_ji=+0.000000e+00 | flex_P=+0.000000e+00 | flex_Q=+0.000000e+00
    [SLACK COMPONENT CHECK] classified_delta=+2.771117e-13 | objective_slack_delta=+2.771117e-13 | mismatch=+0.000000e+00
    [RECOURSE COMPONENT CHECK] classified_delta=-6.970645e+06 | block_delta=-6.970645e+06 | mismatch=-1.955777e-08
  TSO node=None year=2030 day=Autumn | previous=6.129904e+07 | current=5.489707e+07 | delta=-6.401968e+06 | abs_delta=6.401968e+06
    [RECOURSE JUMP][TSO PROX] year=2030 day=Autumn | V max=0.000743 | PF max=0.020235 | ESS max=0.007077
    [RECOURSE COMPONENTS] gen=-4.698986e+06 | flex=-1.702983e+06 | load_curt=+0.000000e+00 | res_curt=+0.000000e+00 | ess_usage=+0.000000e+00 | slacks=-3.910117e-11 | ess_comp=+8.995998e-04
    [SLACK COMPONENTS] voltage=-3.912959e-11 | node_P=+0.000000e+00 | node_Q=+0.000000e+00 | branch_ij=+0.000000e+00 | branch_ji=+0.000000e+00 | flex_P=+1.687539e-14 | flex_Q=+1.687539e-14
    [SLACK COMPONENT CHECK] classified_delta=-3.909584e-11 | objective_slack_delta=-3.910117e-11 | mismatch=+5.329071e-15
    [RECOURSE COMPONENT CHECK] classified_delta=-6.401968e+06 | block_delta=-6.401968e+06 | mismatch=-7.450581e-09
  TSO node=None year=2030 day=Winter | previous=7.686241e+07 | current=7.066236e+07 | delta=-6.200048e+06 | abs_delta=6.200048e+06
    [RECOURSE JUMP][TSO PROX] year=2030 day=Winter | V max=0.000415 | PF max=0.019161 | ESS max=0.006655
    [RECOURSE COMPONENTS] gen=-5.797388e+06 | flex=-4.026589e+05 | load_curt=+0.000000e+00 | res_curt=+0.000000e+00 | ess_usage=+0.000000e+00 | slacks=+8.789414e-12 | ess_comp=-9.111051e-01
    [SLACK COMPONENTS] voltage=+8.796519e-12 | node_P=+0.000000e+00 | node_Q=+0.000000e+00 | branch_ij=+0.000000e+00 | branch_ji=+0.000000e+00 | flex_P=+0.000000e+00 | flex_Q=+0.000000e+00
    [SLACK COMPONENT CHECK] classified_delta=+8.796519e-12 | objective_slack_delta=+8.789414e-12 | mismatch=+7.105427e-15
    [RECOURSE COMPONENT CHECK] classified_delta=-6.200048e+06 | block_delta=-6.200048e+06 | mismatch=-2.793968e-09
  TSO node=None year=2035 day=Spring | previous=1.358810e+08 | current=1.298715e+08 | delta=-6.009500e+06 | abs_delta=6.009500e+06
    [RECOURSE JUMP][TSO PROX] year=2035 day=Spring | V max=0.000379 | PF max=0.022906 | ESS max=0.005283
    [RECOURSE COMPONENTS] gen=-5.963873e+06 | flex=-5.509302e+04 | load_curt=+0.000000e+00 | res_curt=+0.000000e+00 | ess_usage=+0.000000e+00 | slacks=-5.684342e-14 | ess_comp=+9.465715e+03
    [SLACK COMPONENTS] voltage=+8.171241e-13 | node_P=+0.000000e+00 | node_Q=+0.000000e+00 | branch_ij=+0.000000e+00 | branch_ji=+0.000000e+00 | flex_P=-4.369838e-13 | flex_Q=-4.369838e-13
    [SLACK COMPONENT CHECK] classified_delta=-5.684342e-14 | objective_slack_delta=-5.684342e-14 | mismatch=+0.000000e+00
    [RECOURSE COMPONENT CHECK] classified_delta=-6.009500e+06 | block_delta=-6.009500e+06 | mismatch=+2.514571e-08
  TSO node=None year=2025 day=Autumn | previous=1.102809e+08 | current=1.042922e+08 | delta=-5.988720e+06 | abs_delta=5.988720e+06
    [RECOURSE JUMP][TSO PROX] year=2025 day=Autumn | V max=0.000465 | PF max=0.019399 | ESS max=0.001544
    [RECOURSE COMPONENTS] gen=-5.864415e+06 | flex=-1.243048e+05 | load_curt=+0.000000e+00 | res_curt=+0.000000e+00 | ess_usage=+0.000000e+00 | slacks=-6.416986e-08 | ess_comp=-8.932111e-03
    [SLACK COMPONENTS] voltage=-4.241048e-08 | node_P=+0.000000e+00 | node_Q=+0.000000e+00 | branch_ij=+0.000000e+00 | branch_ji=+0.000000e+00 | flex_P=-1.087970e-08 | flex_Q=-1.087970e-08
    [SLACK COMPONENT CHECK] classified_delta=-6.416987e-08 | objective_slack_delta=-6.416986e-08 | mismatch=-1.065814e-14
    [RECOURSE COMPONENT CHECK] classified_delta=-5.988720e+06 | block_delta=-5.988720e+06 | mismatch=+8.381903e-09
  TSO node=None year=2030 day=Summer | previous=1.198840e+08 | current=1.146233e+08 | delta=-5.260693e+06 | abs_delta=5.260693e+06
    [RECOURSE JUMP][TSO PROX] year=2030 day=Summer | V max=0.000480 | PF max=0.019551 | ESS max=0.006505
    [RECOURSE COMPONENTS] gen=-4.367110e+06 | flex=-8.935824e+05 | load_curt=+0.000000e+00 | res_curt=+0.000000e+00 | ess_usage=+0.000000e+00 | slacks=-1.848122e-11 | ess_comp=-8.277478e-01
    [SLACK COMPONENTS] voltage=-1.838174e-11 | node_P=+0.000000e+00 | node_Q=+0.000000e+00 | branch_ij=+0.000000e+00 | branch_ji=+0.000000e+00 | flex_P=-3.685940e-14 | flex_Q=-3.685940e-14
    [SLACK COMPONENT CHECK] classified_delta=-1.845546e-11 | objective_slack_delta=-1.848122e-11 | mismatch=+2.575717e-14
    [RECOURSE COMPONENT CHECK] classified_delta=-5.260693e+06 | block_delta=-5.260693e+06 | mismatch=+3.725290e-09
  TSO node=None year=2025 day=Summer | previous=1.403789e+08 | current=1.355095e+08 | delta=-4.869424e+06 | abs_delta=4.869424e+06
    [RECOURSE JUMP][TSO PROX] year=2025 day=Summer | V max=0.000589 | PF max=0.022581 | ESS max=0.001594
    [RECOURSE COMPONENTS] gen=-4.601095e+06 | flex=-2.683292e+05 | load_curt=+0.000000e+00 | res_curt=+0.000000e+00 | ess_usage=+0.000000e+00 | slacks=-1.449848e-08 | ess_comp=-2.368819e-03
    [SLACK COMPONENTS] voltage=-9.521273e-09 | node_P=+0.000000e+00 | node_Q=+0.000000e+00 | branch_ij=+0.000000e+00 | branch_ji=+0.000000e+00 | flex_P=-2.488609e-09 | flex_Q=-2.488609e-09
    [SLACK COMPONENT CHECK] classified_delta=-1.449849e-08 | objective_slack_delta=-1.449848e-08 | mismatch=-8.881784e-15
    [RECOURSE COMPONENT CHECK] classified_delta=-4.869424e+06 | block_delta=-4.869424e+06 | mismatch=+2.048910e-08
  TSO node=None year=2025 day=Spring | previous=1.282150e+08 | current=1.233507e+08 | delta=-4.864272e+06 | abs_delta=4.864272e+06
    [RECOURSE JUMP][TSO PROX] year=2025 day=Spring | V max=0.000468 | PF max=0.021866 | ESS max=0.001569
    [RECOURSE COMPONENTS] gen=-4.695232e+06 | flex=-1.690398e+05 | load_curt=+0.000000e+00 | res_curt=+0.000000e+00 | ess_usage=+0.000000e+00 | slacks=+3.897448e-09 | ess_comp=+6.617184e-03
    [SLACK COMPONENTS] voltage=+2.577039e-09 | node_P=+0.000000e+00 | node_Q=+0.000000e+00 | branch_ij=+0.000000e+00 | branch_ji=+0.000000e+00 | flex_P=+6.602026e-10 | flex_Q=+6.602026e-10
    [SLACK COMPONENT CHECK] classified_delta=+3.897444e-09 | objective_slack_delta=+3.897448e-09 | mismatch=-3.552714e-15
    [RECOURSE COMPONENT CHECK] classified_delta=-4.864272e+06 | block_delta=-4.864272e+06 | mismatch=+1.676381e-08
  TSO node=None year=2030 day=Spring | previous=1.112348e+08 | current=1.067633e+08 | delta=-4.471514e+06 | abs_delta=4.471514e+06
    [RECOURSE JUMP][TSO PROX] year=2030 day=Spring | V max=0.000474 | PF max=0.020297 | ESS max=0.004135
    [RECOURSE COMPONENTS] gen=-3.974123e+06 | flex=-4.973889e+05 | load_curt=+0.000000e+00 | res_curt=+0.000000e+00 | ess_usage=+0.000000e+00 | slacks=+3.133493e-12 | ess_comp=-1.630066e+00
    [SLACK COMPONENTS] voltage=-1.030287e-12 | node_P=+0.000000e+00 | node_Q=+0.000000e+00 | branch_ij=+0.000000e+00 | branch_ji=+0.000000e+00 | flex_P=+2.087219e-12 | flex_Q=+2.087219e-12
    [SLACK COMPONENT CHECK] classified_delta=+3.144152e-12 | objective_slack_delta=+3.133493e-12 | mismatch=+1.065814e-14
    [RECOURSE COMPONENT CHECK] classified_delta=-4.471514e+06 | block_delta=-4.471514e+06 | mismatch=+1.862645e-09
[INFO]		 - Recourse stationarity failed. 65076419.389161 > 129815.181832
[ADMM RHO] V | primal max ratio=0.030 | primal mean ratio=0.055 | primal selected=0.055 | dual mean ratio=0.036 | increase threshold=5.0 | decrease threshold=5.0 | action=held
[ADMM RHO] PF | primal max ratio=1.168 | primal mean ratio=0.525 | primal selected=1.168 | dual mean ratio=7.747 | increase threshold=5.0 | decrease threshold=3.0 | action=decreased
[ADMM RHO] ESS | primal max ratio=0.076 | primal mean ratio=0.039 | primal selected=0.076 | dual mean ratio=0.055 | increase threshold=5.0 | decrease threshold=5.0 | action=held
[INFO]		 - ADMM cycle 9 | Primal (V max/mean | PF max/mean | ESS max/mean) = 0.000298/0.000055 | 0.011678/0.000525 | 0.007647/0.000391 | Dual (V max/mean | PF max/mean | ESS max/mean) = 0.001672/0.000361 | 0.276872/0.077473 | 0.022968/0.000548 | Recourse change = 65076419.389161 (tol. 129815.181832) | Stable cycles = 0/1 | Penalty actions (V/PF/ESS) = held/decreased/held
[INFO] 	 - Iteration 9: 42.46 s
[INFO] 	 - ADMM Iteration 10
[INFO] 		 - Updating distribution networks:
[INFO] 			 - Running SMOPF, Network case33_1, 2025, Spring...
[INFO] 			 - Running SMOPF, Network case33_1, 2025, Summer...
[INFO] 			 - Running SMOPF, Network case33_1, 2025, Autumn...
[INFO] 			 - Running SMOPF, Network case33_1, 2025, Winter...
[INFO] 			 - Running SMOPF, Network case33_1, 2030, Spring...
[INFO] 			 - Running SMOPF, Network case33_1, 2030, Summer...
[INFO] 			 - Running SMOPF, Network case33_1, 2030, Autumn...
[INFO] 			 - Running SMOPF, Network case33_1, 2030, Winter...
[INFO] 			 - Running SMOPF, Network case33_1, 2035, Spring...
[INFO] 			 - Running SMOPF, Network case33_1, 2035, Summer...
[INFO] 			 - Running SMOPF, Network case33_1, 2035, Autumn...
[INFO] 			 - Running SMOPF, Network case33_1, 2035, Winter...
[INFO] 			 - Running SMOPF, Network case33_2, 2025, Spring...
[INFO] 			 - Running SMOPF, Network case33_2, 2025, Summer...
[INFO] 			 - Running SMOPF, Network case33_2, 2025, Autumn...
[INFO] 			 - Running SMOPF, Network case33_2, 2025, Winter...
[INFO] 			 - Running SMOPF, Network case33_2, 2030, Spring...
[INFO] 			 - Running SMOPF, Network case33_2, 2030, Summer...
[INFO] 			 - Running SMOPF, Network case33_2, 2030, Autumn...
[INFO] 			 - Running SMOPF, Network case33_2, 2030, Winter...
[INFO] 			 - Running SMOPF, Network case33_2, 2035, Spring...
[INFO] 			 - Running SMOPF, Network case33_2, 2035, Summer...
[INFO] 			 - Running SMOPF, Network case33_2, 2035, Autumn...
[INFO] 			 - Running SMOPF, Network case33_2, 2035, Winter...
[INFO] 			 - Running SMOPF, Network case33_3, 2025, Spring...
[INFO] 			 - Running SMOPF, Network case33_3, 2025, Summer...
[INFO] 			 - Running SMOPF, Network case33_3, 2025, Autumn...
[INFO] 			 - Running SMOPF, Network case33_3, 2025, Winter...
[INFO] 			 - Running SMOPF, Network case33_3, 2030, Spring...
[INFO] 			 - Running SMOPF, Network case33_3, 2030, Summer...
[INFO] 			 - Running SMOPF, Network case33_3, 2030, Autumn...
[INFO] 			 - Running SMOPF, Network case33_3, 2030, Winter...
[INFO] 			 - Running SMOPF, Network case33_3, 2035, Spring...
[INFO] 			 - Running SMOPF, Network case33_3, 2035, Summer...
[INFO] 			 - Running SMOPF, Network case33_3, 2035, Autumn...
[INFO] 			 - Running SMOPF, Network case33_3, 2035, Winter...
[INFO] 		 - Updating transmission network...
[INFO] 			 - Running SMOPF, Network case9, 2025, Spring...
[INFO] 			 - Running SMOPF, Network case9, 2025, Summer...
[INFO] 			 - Running SMOPF, Network case9, 2025, Autumn...
[INFO] 			 - Running SMOPF, Network case9, 2025, Winter...
[INFO] 			 - Running SMOPF, Network case9, 2030, Spring...
[INFO] 			 - Running SMOPF, Network case9, 2030, Summer...
[INFO] 			 - Running SMOPF, Network case9, 2030, Autumn...
[INFO] 			 - Running SMOPF, Network case9, 2030, Winter...
[INFO] 			 - Running SMOPF, Network case9, 2035, Spring...
[INFO] 			 - Running SMOPF, Network case9, 2035, Summer...
[INFO] 			 - Running SMOPF, Network case9, 2035, Autumn...
[INFO] 			 - Running SMOPF, Network case9, 2035, Winter...
[TSO PROX] cycle=10 | updated_blocks=12 | held_failed_blocks=0 | V max=0.000789 | PF max=0.033035 | ESS max=0.006700
[TSO PROX][V MAX] node=5, year=2035, day=Summer, period=22 | dV=0.272166 kV | normalized=0.000789
[TSO PROX][PF MAX] node=9, year=2035, day=Spring, period=7, type=P | delta=4.955195 MW | normalized=0.033035
[TSO PROX][ESS MAX] node=7, year=2030, day=Autumn, period=1, type=P | delta=0.012982 MW | normalized=0.006700
[INFO] 		 - Updating SharedESS...
[INFO] 		 - Running Shared ESS optimization (subproblem)...
[INFO] 			 - Node 5...
[INFO] Shared ESS complementarity diagnostics for ESS node=5: ratio_max=2.564745e-05 n_periods=288 mu_final=5.155912e-09 s_obj=1.000000e-01 eps=1.000000e-03 bound=1.484903e-02 measured=8.059757e-03
[INFO] 			 - Node 7...
[INFO] Shared ESS complementarity diagnostics for ESS node=7: ratio_max=2.584387e-05 n_periods=288 mu_final=5.141832e-09 s_obj=1.000000e-01 eps=1.000000e-03 bound=1.480848e-02 measured=7.994145e-03
[INFO] 			 - Node 9...
[INFO] Shared ESS complementarity diagnostics for ESS node=9: ratio_max=2.570745e-05 n_periods=288 mu_final=5.126409e-09 s_obj=1.000000e-01 eps=1.000000e-03 bound=1.476406e-02 measured=8.096844e-03
[DIAG][PF MAX] node=5, year=2030, day=Autumn, period=8, type=P | TSO=38.237719 MW, DSO=35.530462 MW, diff=2.707257 MW, rating=200.000000 MVA, normalized=0.013536, rho(TSO/DSO)=7.803688/7.803688
[INFO]		 - interface PF max primal residual failed. 0.013536 > 0.010000
[INFO]		 - interface PF mean dual residual failed. 0.065489 > 0.010000
[RECOURSE JUMP] cycle=10 | abs_change=7.456379e+07 | tol=1.233075e+05 | signed_change=-7.456379e+07
[RECOURSE JUMP] Reconciliation | previous=1.233075e+09 | current=1.158512e+09 | block_delta=-7.456379e+07 | mismatch=+2.384186e-07
[RECOURSE JUMP] Aggregate signed changes:
  TSO | delta=-7.837016e+07
  DSO node=5 | delta=+3.665173e+06
  DSO node=9 | delta=+4.626092e+05
  DSO node=7 | delta=-3.214086e+05
  SALVAGE | delta=-1.206834e-35
[RECOURSE JUMP] Largest 10 block changes:
  TSO node=None year=2035 day=Winter | previous=7.164952e+07 | current=6.222254e+07 | delta=-9.426978e+06 | abs_delta=9.426978e+06
    [RECOURSE JUMP][TSO PROX] year=2035 day=Winter | V max=0.000498 | PF max=0.031134 | ESS max=0.004888
    [RECOURSE COMPONENTS] gen=-8.934426e+06 | flex=-4.827839e+05 | load_curt=+0.000000e+00 | res_curt=+0.000000e+00 | ess_usage=+0.000000e+00 | slacks=-9.499956e-12 | ess_comp=-9.767517e+03
    [SLACK COMPONENTS] voltage=-9.492851e-12 | node_P=+0.000000e+00 | node_Q=+0.000000e+00 | branch_ij=+0.000000e+00 | branch_ji=+0.000000e+00 | flex_P=+0.000000e+00 | flex_Q=+0.000000e+00
    [SLACK COMPONENT CHECK] classified_delta=-9.492851e-12 | objective_slack_delta=-9.499956e-12 | mismatch=+7.105427e-15
    [RECOURSE COMPONENT CHECK] classified_delta=-9.426978e+06 | block_delta=-9.426978e+06 | mismatch=+3.725290e-09
  TSO node=None year=2025 day=Winter | previous=1.164459e+08 | current=1.078570e+08 | delta=-8.588856e+06 | abs_delta=8.588856e+06
    [RECOURSE JUMP][TSO PROX] year=2025 day=Winter | V max=0.000410 | PF max=0.029208 | ESS max=0.000740
    [RECOURSE COMPONENTS] gen=-8.717173e+06 | flex=+1.283164e+05 | load_curt=+0.000000e+00 | res_curt=+0.000000e+00 | ess_usage=+0.000000e+00 | slacks=-5.172751e-12 | ess_comp=+4.097256e-04
    [SLACK COMPONENTS] voltage=-5.179857e-12 | node_P=+0.000000e+00 | node_Q=+0.000000e+00 | branch_ij=+0.000000e+00 | branch_ji=+0.000000e+00 | flex_P=+0.000000e+00 | flex_Q=+0.000000e+00
    [SLACK COMPONENT CHECK] classified_delta=-5.179857e-12 | objective_slack_delta=-5.172751e-12 | mismatch=-7.105427e-15
    [RECOURSE COMPONENT CHECK] classified_delta=-8.588856e+06 | block_delta=-8.588856e+06 | mismatch=+5.587935e-09
  TSO node=None year=2030 day=Winter | previous=7.066236e+07 | current=6.245802e+07 | delta=-8.204347e+06 | abs_delta=8.204347e+06
    [RECOURSE JUMP][TSO PROX] year=2030 day=Winter | V max=0.000419 | PF max=0.027554 | ESS max=0.006256
    [RECOURSE COMPONENTS] gen=-7.793812e+06 | flex=-4.105346e+05 | load_curt=+0.000000e+00 | res_curt=+0.000000e+00 | ess_usage=+0.000000e+00 | slacks=+1.327294e-11 | ess_comp=-1.216539e-01
    [SLACK COMPONENTS] voltage=+1.327294e-11 | node_P=+0.000000e+00 | node_Q=+0.000000e+00 | branch_ij=+0.000000e+00 | branch_ji=+0.000000e+00 | flex_P=+0.000000e+00 | flex_Q=+0.000000e+00
    [SLACK COMPONENT CHECK] classified_delta=+1.327294e-11 | objective_slack_delta=+1.327294e-11 | mismatch=+0.000000e+00
    [RECOURSE COMPONENT CHECK] classified_delta=-8.204347e+06 | block_delta=-8.204347e+06 | mismatch=+1.303852e-08
  TSO node=None year=2030 day=Autumn | previous=5.489707e+07 | current=4.693092e+07 | delta=-7.966148e+06 | abs_delta=7.966148e+06
    [RECOURSE JUMP][TSO PROX] year=2030 day=Autumn | V max=0.000714 | PF max=0.027918 | ESS max=0.006700
    [RECOURSE COMPONENTS] gen=-6.046911e+06 | flex=-1.919237e+06 | load_curt=+0.000000e+00 | res_curt=+0.000000e+00 | ess_usage=+0.000000e+00 | slacks=-4.602896e-11 | ess_comp=+1.420335e-03
    [SLACK COMPONENTS] voltage=-4.606449e-11 | node_P=+0.000000e+00 | node_Q=+0.000000e+00 | branch_ij=+0.000000e+00 | branch_ji=+0.000000e+00 | flex_P=+1.021405e-14 | flex_Q=+1.021405e-14
    [SLACK COMPONENT CHECK] classified_delta=-4.604406e-11 | objective_slack_delta=-4.602896e-11 | mismatch=-1.509903e-14
    [RECOURSE COMPONENT CHECK] classified_delta=-7.966148e+06 | block_delta=-7.966148e+06 | mismatch=+0.000000e+00
  TSO node=None year=2035 day=Spring | previous=1.298715e+08 | current=1.220856e+08 | delta=-7.785910e+06 | abs_delta=7.785910e+06
    [RECOURSE JUMP][TSO PROX] year=2035 day=Spring | V max=0.000459 | PF max=0.033035 | ESS max=0.005947
    [RECOURSE COMPONENTS] gen=-8.123427e+06 | flex=+3.432083e+05 | load_curt=+0.000000e+00 | res_curt=+0.000000e+00 | ess_usage=+0.000000e+00 | slacks=-3.538503e-12 | ess_comp=-5.692006e+03
    [SLACK COMPONENTS] voltage=-1.804779e-12 | node_P=+0.000000e+00 | node_Q=+0.000000e+00 | branch_ij=+0.000000e+00 | branch_ji=+0.000000e+00 | flex_P=-8.695267e-13 | flex_Q=-8.695267e-13
    [SLACK COMPONENT CHECK] classified_delta=-3.543832e-12 | objective_slack_delta=-3.538503e-12 | mismatch=-5.329071e-15
    [RECOURSE COMPONENT CHECK] classified_delta=-7.785910e+06 | block_delta=-7.785910e+06 | mismatch=+3.725290e-09
  TSO node=None year=2025 day=Autumn | previous=1.042922e+08 | current=9.769971e+07 | delta=-6.592492e+06 | abs_delta=6.592492e+06
    [RECOURSE JUMP][TSO PROX] year=2025 day=Autumn | V max=0.000536 | PF max=0.027963 | ESS max=0.000516
    [RECOURSE COMPONENTS] gen=-6.504706e+06 | flex=-8.778549e+04 | load_curt=+0.000000e+00 | res_curt=+0.000000e+00 | ess_usage=+0.000000e+00 | slacks=+5.711086e-08 | ess_comp=-4.175585e-03
    [SLACK COMPONENTS] voltage=+3.775173e-08 | node_P=+0.000000e+00 | node_Q=+0.000000e+00 | branch_ij=+0.000000e+00 | branch_ji=+0.000000e+00 | flex_P=+9.679573e-09 | flex_Q=+9.679573e-09
    [SLACK COMPONENT CHECK] classified_delta=+5.711087e-08 | objective_slack_delta=+5.711086e-08 | mismatch=+1.065814e-14
    [RECOURSE COMPONENT CHECK] classified_delta=-6.592492e+06 | block_delta=-6.592492e+06 | mismatch=+5.587935e-09
  TSO node=None year=2030 day=Summer | previous=1.146233e+08 | current=1.089603e+08 | delta=-5.663017e+06 | abs_delta=5.663017e+06
    [RECOURSE JUMP][TSO PROX] year=2030 day=Summer | V max=0.000655 | PF max=0.024074 | ESS max=0.006160
    [RECOURSE COMPONENTS] gen=-5.006790e+06 | flex=-6.562274e+05 | load_curt=+0.000000e+00 | res_curt=+0.000000e+00 | ess_usage=+0.000000e+00 | slacks=+2.985998e-08 | ess_comp=-1.095987e-02
    [SLACK COMPONENTS] voltage=+1.948241e-08 | node_P=+0.000000e+00 | node_Q=+0.000000e+00 | branch_ij=+0.000000e+00 | branch_ji=+0.000000e+00 | flex_P=+5.188781e-09 | flex_Q=+5.188781e-09
    [SLACK COMPONENT CHECK] classified_delta=+2.985998e-08 | objective_slack_delta=+2.985998e-08 | mismatch=-6.217249e-15
    [RECOURSE COMPONENT CHECK] classified_delta=-5.663017e+06 | block_delta=-5.663017e+06 | mismatch=+5.587935e-09
  TSO node=None year=2025 day=Summer | previous=1.355095e+08 | current=1.299608e+08 | delta=-5.548653e+06 | abs_delta=5.548653e+06
    [RECOURSE JUMP][TSO PROX] year=2025 day=Summer | V max=0.000747 | PF max=0.029125 | ESS max=0.000648
    [RECOURSE COMPONENTS] gen=-5.419013e+06 | flex=-1.296401e+05 | load_curt=+0.000000e+00 | res_curt=+0.000000e+00 | ess_usage=+0.000000e+00 | slacks=+4.600265e-08 | ess_comp=+3.024025e-03
    [SLACK COMPONENTS] voltage=+3.021199e-08 | node_P=+0.000000e+00 | node_Q=+0.000000e+00 | branch_ij=+0.000000e+00 | branch_ji=+0.000000e+00 | flex_P=+7.895331e-09 | flex_Q=+7.895331e-09
    [SLACK COMPONENT CHECK] classified_delta=+4.600265e-08 | objective_slack_delta=+4.600265e-08 | mismatch=+0.000000e+00
    [RECOURSE COMPONENT CHECK] classified_delta=-5.548653e+06 | block_delta=-5.548653e+06 | mismatch=-2.048910e-08
  TSO node=None year=2035 day=Autumn | previous=6.329981e+07 | current=5.852416e+07 | delta=-4.775644e+06 | abs_delta=4.775644e+06
    [RECOURSE JUMP][TSO PROX] year=2035 day=Autumn | V max=0.000541 | PF max=0.019698 | ESS max=0.003212
    [RECOURSE COMPONENTS] gen=-2.537037e+06 | flex=-2.230088e+06 | load_curt=+0.000000e+00 | res_curt=+0.000000e+00 | ess_usage=+0.000000e+00 | slacks=-7.069915e-08 | ess_comp=-8.519076e+03
    [SLACK COMPONENTS] voltage=-4.648282e-08 | node_P=+0.000000e+00 | node_Q=+0.000000e+00 | branch_ij=+0.000000e+00 | branch_ji=+0.000000e+00 | flex_P=-1.210817e-08 | flex_Q=-1.210817e-08
    [SLACK COMPONENT CHECK] classified_delta=-7.069917e-08 | objective_slack_delta=-7.069915e-08 | mismatch=-1.598721e-14
    [RECOURSE COMPONENT CHECK] classified_delta=-4.775644e+06 | block_delta=-4.775644e+06 | mismatch=-1.862645e-09
  TSO node=None year=2035 day=Summer | previous=1.130616e+08 | current=1.083714e+08 | delta=-4.690200e+06 | abs_delta=4.690200e+06
    [RECOURSE JUMP][TSO PROX] year=2035 day=Summer | V max=0.000789 | PF max=0.032125 | ESS max=0.005980
    [RECOURSE COMPONENTS] gen=-3.967978e+06 | flex=-7.222219e+05 | load_curt=+0.000000e+00 | res_curt=+0.000000e+00 | ess_usage=+0.000000e+00 | slacks=-4.064354e-09 | ess_comp=+1.137822e-02
    [SLACK COMPONENTS] voltage=-2.652364e-09 | node_P=+0.000000e+00 | node_Q=+0.000000e+00 | branch_ij=+0.000000e+00 | branch_ji=+0.000000e+00 | flex_P=-7.059979e-10 | flex_Q=-7.059979e-10
    [SLACK COMPONENT CHECK] classified_delta=-4.064360e-09 | objective_slack_delta=-4.064354e-09 | mismatch=-5.329071e-15
    [RECOURSE COMPONENT CHECK] classified_delta=-4.690200e+06 | block_delta=-4.690200e+06 | mismatch=-6.519258e-09
[INFO]		 - Recourse stationarity failed. 74563789.109841 > 123307.539893
[ADMM RHO] V | primal max ratio=0.055 | primal mean ratio=0.083 | primal selected=0.083 | dual mean ratio=0.039 | increase threshold=5.0 | decrease threshold=5.0 | action=held
[ADMM RHO] PF | primal max ratio=1.354 | primal mean ratio=0.986 | primal selected=1.354 | dual mean ratio=6.549 | increase threshold=5.0 | decrease threshold=3.0 | action=decreased
[ADMM RHO] ESS | primal max ratio=0.080 | primal mean ratio=0.035 | primal selected=0.080 | dual mean ratio=0.053 | increase threshold=5.0 | decrease threshold=5.0 | action=held
[INFO]		 - ADMM cycle 10 | Primal (V max/mean | PF max/mean | ESS max/mean) = 0.000551/0.000083 | 0.013536/0.000986 | 0.008007/0.000353 | Dual (V max/mean | PF max/mean | ESS max/mean) = 0.001795/0.000391 | 0.263212/0.065489 | 0.021779/0.000535 | Recourse change = 74563789.109841 (tol. 123307.539893) | Stable cycles = 0/1 | Penalty actions (V/PF/ESS) = held/decreased/held
[INFO] 	 - Iteration 10: 43.80 s
[INFO] 	 - ADMM Iteration 11
[INFO] 		 - Updating distribution networks:
[INFO] 			 - Running SMOPF, Network case33_1, 2025, Spring...
[INFO] 			 - Running SMOPF, Network case33_1, 2025, Summer...
[INFO] 			 - Running SMOPF, Network case33_1, 2025, Autumn...
[INFO] 			 - Running SMOPF, Network case33_1, 2025, Winter...
[INFO] 			 - Running SMOPF, Network case33_1, 2030, Spring...
[INFO] 			 - Running SMOPF, Network case33_1, 2030, Summer...
[INFO] 			 - Running SMOPF, Network case33_1, 2030, Autumn...
[INFO] 			 - Running SMOPF, Network case33_1, 2030, Winter...
[INFO] 			 - Running SMOPF, Network case33_1, 2035, Spring...
[INFO] 			 - Running SMOPF, Network case33_1, 2035, Summer...
[INFO] 			 - Running SMOPF, Network case33_1, 2035, Autumn...
[INFO] 			 - Running SMOPF, Network case33_1, 2035, Winter...
[INFO] 			 - Running SMOPF, Network case33_2, 2025, Spring...
[INFO] 			 - Running SMOPF, Network case33_2, 2025, Summer...
[INFO] 			 - Running SMOPF, Network case33_2, 2025, Autumn...
[INFO] 			 - Running SMOPF, Network case33_2, 2025, Winter...
[INFO] 			 - Running SMOPF, Network case33_2, 2030, Spring...
[INFO] 			 - Running SMOPF, Network case33_2, 2030, Summer...
[INFO] 			 - Running SMOPF, Network case33_2, 2030, Autumn...
[INFO] 			 - Running SMOPF, Network case33_2, 2030, Winter...
[INFO] 			 - Running SMOPF, Network case33_2, 2035, Spring...
[INFO] 			 - Running SMOPF, Network case33_2, 2035, Summer...
[INFO] 			 - Running SMOPF, Network case33_2, 2035, Autumn...
[INFO] 			 - Running SMOPF, Network case33_2, 2035, Winter...
[INFO] 			 - Running SMOPF, Network case33_3, 2025, Spring...
[INFO] 			 - Running SMOPF, Network case33_3, 2025, Summer...
[INFO] 			 - Running SMOPF, Network case33_3, 2025, Autumn...
[INFO] 			 - Running SMOPF, Network case33_3, 2025, Winter...
[INFO] 			 - Running SMOPF, Network case33_3, 2030, Spring...
[INFO] 			 - Running SMOPF, Network case33_3, 2030, Summer...
[INFO] 			 - Running SMOPF, Network case33_3, 2030, Autumn...
[INFO] 			 - Running SMOPF, Network case33_3, 2030, Winter...
[INFO] 			 - Running SMOPF, Network case33_3, 2035, Spring...
[INFO] 			 - Running SMOPF, Network case33_3, 2035, Summer...
[INFO] 			 - Running SMOPF, Network case33_3, 2035, Autumn...
[INFO] 			 - Running SMOPF, Network case33_3, 2035, Winter...
[INFO] 		 - Updating transmission network...
[INFO] 			 - Running SMOPF, Network case9, 2025, Spring...
[INFO] 			 - Running SMOPF, Network case9, 2025, Summer...
[INFO] 			 - Running SMOPF, Network case9, 2025, Autumn...
[INFO] 			 - Running SMOPF, Network case9, 2025, Winter...
[INFO] 			 - Running SMOPF, Network case9, 2030, Spring...
[INFO] 			 - Running SMOPF, Network case9, 2030, Summer...
[INFO] 			 - Running SMOPF, Network case9, 2030, Autumn...
[INFO] 			 - Running SMOPF, Network case9, 2030, Winter...
[INFO] 			 - Running SMOPF, Network case9, 2035, Spring...
[INFO] 			 - Running SMOPF, Network case9, 2035, Summer...
[INFO] 			 - Running SMOPF, Network case9, 2035, Autumn...
[INFO] 			 - Running SMOPF, Network case9, 2035, Winter...
[TSO PROX] cycle=11 | updated_blocks=12 | held_failed_blocks=0 | V max=0.000838 | PF max=0.046815 | ESS max=0.003535
[TSO PROX][V MAX] node=5, year=2035, day=Summer, period=20 | dV=0.289260 kV | normalized=0.000838
[TSO PROX][PF MAX] node=9, year=2035, day=Spring, period=7, type=P | delta=7.022223 MW | normalized=0.046815
[TSO PROX][ESS MAX] node=5, year=2035, day=Spring, period=3, type=P | delta=0.006849 MW | normalized=0.003535
[INFO] 		 - Updating SharedESS...
[INFO] 		 - Running Shared ESS optimization (subproblem)...
[INFO] 			 - Node 5...
[INFO] Shared ESS complementarity diagnostics for ESS node=5: ratio_max=2.555438e-05 n_periods=288 mu_final=5.051106e-09 s_obj=1.000000e-01 eps=1.000000e-03 bound=1.454719e-02 measured=8.118451e-03
[INFO] 			 - Node 7...
[INFO] Shared ESS complementarity diagnostics for ESS node=7: ratio_max=2.565190e-05 n_periods=288 mu_final=5.063030e-09 s_obj=1.000000e-01 eps=1.000000e-03 bound=1.458152e-02 measured=8.055553e-03
[INFO] 			 - Node 9...
[INFO] Shared ESS complementarity diagnostics for ESS node=9: ratio_max=2.558982e-05 n_periods=288 mu_final=5.076612e-09 s_obj=1.000000e-01 eps=1.000000e-03 bound=1.462064e-02 measured=8.146634e-03
[DIAG][PF MAX] node=5, year=2025, day=Summer, period=7, type=P | TSO=43.388041 MW, DSO=39.903926 MW, diff=3.484115 MW, rating=200.000000 MVA, normalized=0.017421, rho(TSO/DSO)=5.202459/5.202459
[INFO]		 - interface PF max primal residual failed. 0.017421 > 0.010000
[INFO]		 - interface PF mean primal residual failed. 0.001523 > 0.001000
[INFO]		 - interface PF mean dual residual failed. 0.051489 > 0.010000
[RECOURSE JUMP] cycle=11 | abs_change=7.889313e+07 | tol=1.158512e+05 | signed_change=-7.889313e+07
[RECOURSE JUMP] Reconciliation | previous=1.158512e+09 | current=1.079618e+09 | block_delta=-7.889313e+07 | mismatch=+9.536743e-07
[RECOURSE JUMP] Aggregate signed changes:
  TSO | delta=-8.437348e+07
  DSO node=5 | delta=+3.474315e+06
  DSO node=9 | delta=+1.761916e+06
  DSO node=7 | delta=+2.441157e+05
  SALVAGE | delta=+3.103318e-35
[RECOURSE JUMP] Largest 10 block changes:
  TSO node=None year=2035 day=Spring | previous=1.220856e+08 | current=1.121374e+08 | delta=-9.948206e+06 | abs_delta=9.948206e+06
    [RECOURSE JUMP][TSO PROX] year=2035 day=Spring | V max=0.000722 | PF max=0.046815 | ESS max=0.003535
    [RECOURSE COMPONENTS] gen=-1.114307e+07 | flex=+1.207011e+06 | load_curt=+0.000000e+00 | res_curt=+0.000000e+00 | ess_usage=+0.000000e+00 | slacks=-1.331557e-11 | ess_comp=-1.215024e+04
    [SLACK COMPONENTS] voltage=-1.108447e-11 | node_P=+0.000000e+00 | node_Q=+0.000000e+00 | branch_ij=+0.000000e+00 | branch_ji=+0.000000e+00 | flex_P=-1.107114e-12 | flex_Q=-1.107114e-12
    [SLACK COMPONENT CHECK] classified_delta=-1.329870e-11 | objective_slack_delta=-1.331557e-11 | mismatch=+1.687539e-14
    [RECOURSE COMPONENT CHECK] classified_delta=-9.948206e+06 | block_delta=-9.948206e+06 | mismatch=+1.862645e-09
  TSO node=None year=2035 day=Winter | previous=6.222254e+07 | current=5.281159e+07 | delta=-9.410946e+06 | abs_delta=9.410946e+06
    [RECOURSE JUMP][TSO PROX] year=2035 day=Winter | V max=0.000583 | PF max=0.033325 | ESS max=0.002363
    [RECOURSE COMPONENTS] gen=-8.125374e+06 | flex=-1.273493e+06 | load_curt=+0.000000e+00 | res_curt=+0.000000e+00 | ess_usage=+0.000000e+00 | slacks=-1.350031e-11 | ess_comp=-1.207800e+04
    [SLACK COMPONENTS] voltage=-1.350742e-11 | node_P=+0.000000e+00 | node_Q=+0.000000e+00 | branch_ij=+0.000000e+00 | branch_ji=+0.000000e+00 | flex_P=+0.000000e+00 | flex_Q=+0.000000e+00
    [SLACK COMPONENT CHECK] classified_delta=-1.350742e-11 | objective_slack_delta=-1.350031e-11 | mismatch=-7.105427e-15
    [RECOURSE COMPONENT CHECK] classified_delta=-9.410946e+06 | block_delta=-9.410946e+06 | mismatch=+7.450581e-09
  TSO node=None year=2030 day=Winter | previous=6.245802e+07 | current=5.421012e+07 | delta=-8.247900e+06 | abs_delta=8.247900e+06
    [RECOURSE JUMP][TSO PROX] year=2030 day=Winter | V max=0.000467 | PF max=0.029325 | ESS max=0.002947
    [RECOURSE COMPONENTS] gen=-7.593912e+06 | flex=-6.539877e+05 | load_curt=+0.000000e+00 | res_curt=+0.000000e+00 | ess_usage=+0.000000e+00 | slacks=+2.037126e-11 | ess_comp=-3.674621e-02
    [SLACK COMPONENTS] voltage=+2.037126e-11 | node_P=+0.000000e+00 | node_Q=+0.000000e+00 | branch_ij=+0.000000e+00 | branch_ji=+0.000000e+00 | flex_P=+0.000000e+00 | flex_Q=+0.000000e+00
    [SLACK COMPONENT CHECK] classified_delta=+2.037126e-11 | objective_slack_delta=+2.037126e-11 | mismatch=+0.000000e+00
    [RECOURSE COMPONENT CHECK] classified_delta=-8.247900e+06 | block_delta=-8.247900e+06 | mismatch=-5.587935e-09
  TSO node=None year=2025 day=Winter | previous=1.078570e+08 | current=9.962990e+07 | delta=-8.227146e+06 | abs_delta=8.227146e+06
    [RECOURSE JUMP][TSO PROX] year=2025 day=Winter | V max=0.000365 | PF max=0.031044 | ESS max=0.000791
    [RECOURSE COMPONENTS] gen=-8.769181e+06 | flex=+5.420348e+05 | load_curt=+0.000000e+00 | res_curt=+0.000000e+00 | ess_usage=+0.000000e+00 | slacks=+2.256316e-07 | ess_comp=+1.422057e-02
    [SLACK COMPONENTS] voltage=+1.494496e-07 | node_P=+0.000000e+00 | node_Q=+0.000000e+00 | branch_ij=+0.000000e+00 | branch_ji=+0.000000e+00 | flex_P=+3.809102e-08 | flex_Q=+3.809102e-08
    [SLACK COMPONENT CHECK] classified_delta=+2.256316e-07 | objective_slack_delta=+2.256316e-07 | mismatch=-2.664535e-15
    [RECOURSE COMPONENT CHECK] classified_delta=-8.227146e+06 | block_delta=-8.227146e+06 | mismatch=+5.587935e-09
  TSO node=None year=2030 day=Autumn | previous=4.693092e+07 | current=3.941591e+07 | delta=-7.515013e+06 | abs_delta=7.515013e+06
    [RECOURSE JUMP][TSO PROX] year=2030 day=Autumn | V max=0.000817 | PF max=0.031190 | ESS max=0.003147
    [RECOURSE COMPONENTS] gen=-5.127335e+06 | flex=-2.387678e+06 | load_curt=+0.000000e+00 | res_curt=+0.000000e+00 | ess_usage=+0.000000e+00 | slacks=+9.696060e-08 | ess_comp=+2.568086e-04
    [SLACK COMPONENTS] voltage=+6.311824e-08 | node_P=+0.000000e+00 | node_Q=+0.000000e+00 | branch_ij=+0.000000e+00 | branch_ji=+0.000000e+00 | flex_P=+1.692119e-08 | flex_Q=+1.692119e-08
    [SLACK COMPONENT CHECK] classified_delta=+9.696063e-08 | objective_slack_delta=+9.696060e-08 | mismatch=+2.753353e-14
    [RECOURSE COMPONENT CHECK] classified_delta=-7.515013e+06 | block_delta=-7.515013e+06 | mismatch=+2.793968e-09
  TSO node=None year=2025 day=Autumn | previous=9.769971e+07 | current=9.043622e+07 | delta=-7.263493e+06 | abs_delta=7.263493e+06
    [RECOURSE JUMP][TSO PROX] year=2025 day=Autumn | V max=0.000294 | PF max=0.033132 | ESS max=0.000432
    [RECOURSE COMPONENTS] gen=-7.315098e+06 | flex=+5.160472e+04 | load_curt=+0.000000e+00 | res_curt=+0.000000e+00 | ess_usage=+0.000000e+00 | slacks=+2.528925e-08 | ess_comp=-4.212880e-03
    [SLACK COMPONENTS] voltage=+1.672948e-08 | node_P=+0.000000e+00 | node_Q=+0.000000e+00 | branch_ij=+0.000000e+00 | branch_ji=+0.000000e+00 | flex_P=+4.279884e-09 | flex_Q=+4.279884e-09
    [SLACK COMPONENT CHECK] classified_delta=+2.528925e-08 | objective_slack_delta=+2.528925e-08 | mismatch=-6.217249e-15
    [RECOURSE COMPONENT CHECK] classified_delta=-7.263493e+06 | block_delta=-7.263493e+06 | mismatch=-1.490116e-08
  TSO node=None year=2030 day=Summer | previous=1.089603e+08 | current=1.023267e+08 | delta=-6.633545e+06 | abs_delta=6.633545e+06
    [RECOURSE JUMP][TSO PROX] year=2030 day=Summer | V max=0.000832 | PF max=0.031535 | ESS max=0.002891
    [RECOURSE COMPONENTS] gen=-6.224239e+06 | flex=-4.093054e+05 | load_curt=+0.000000e+00 | res_curt=+0.000000e+00 | ess_usage=+0.000000e+00 | slacks=+1.848488e-08 | ess_comp=-1.310208e-01
    [SLACK COMPONENTS] voltage=+1.206577e-08 | node_P=+0.000000e+00 | node_Q=+0.000000e+00 | branch_ij=+0.000000e+00 | branch_ji=+0.000000e+00 | flex_P=+3.209547e-09 | flex_Q=+3.209547e-09
    [SLACK COMPONENT CHECK] classified_delta=+1.848486e-08 | objective_slack_delta=+1.848488e-08 | mismatch=-1.332268e-14
    [RECOURSE COMPONENT CHECK] classified_delta=-6.633545e+06 | block_delta=-6.633545e+06 | mismatch=-1.117587e-08
  TSO node=None year=2025 day=Summer | previous=1.299608e+08 | current=1.241999e+08 | delta=-5.760992e+06 | abs_delta=5.760992e+06
    [RECOURSE JUMP][TSO PROX] year=2025 day=Summer | V max=0.000627 | PF max=0.033804 | ESS max=0.000440
    [RECOURSE COMPONENTS] gen=-5.846165e+06 | flex=+8.517266e+04 | load_curt=+0.000000e+00 | res_curt=+0.000000e+00 | ess_usage=+0.000000e+00 | slacks=+3.424411e-09 | ess_comp=-1.852459e-03
    [SLACK COMPONENTS] voltage=+2.254026e-09 | node_P=+0.000000e+00 | node_Q=+0.000000e+00 | branch_ij=+0.000000e+00 | branch_ji=+0.000000e+00 | flex_P=+5.851808e-10 | flex_Q=+5.851808e-10
    [SLACK COMPONENT CHECK] classified_delta=+3.424388e-09 | objective_slack_delta=+3.424411e-09 | mismatch=-2.309264e-14
    [RECOURSE COMPONENT CHECK] classified_delta=-5.760992e+06 | block_delta=-5.760992e+06 | mismatch=-4.656613e-09
  TSO node=None year=2030 day=Spring | previous=1.020747e+08 | current=9.635983e+07 | delta=-5.714827e+06 | abs_delta=5.714827e+06
    [RECOURSE JUMP][TSO PROX] year=2030 day=Spring | V max=0.000707 | PF max=0.031074 | ESS max=0.001962
    [RECOURSE COMPONENTS] gen=-5.887019e+06 | flex=+1.721917e+05 | load_curt=+0.000000e+00 | res_curt=+0.000000e+00 | ess_usage=+0.000000e+00 | slacks=+4.705903e-08 | ess_comp=-1.268282e-01
    [SLACK COMPONENTS] voltage=+3.091483e-08 | node_P=+0.000000e+00 | node_Q=+0.000000e+00 | branch_ij=+0.000000e+00 | branch_ji=+0.000000e+00 | flex_P=+8.072114e-09 | flex_Q=+8.072114e-09
    [SLACK COMPONENT CHECK] classified_delta=+4.705906e-08 | objective_slack_delta=+4.705903e-08 | mismatch=+2.842171e-14
    [RECOURSE COMPONENT CHECK] classified_delta=-5.714827e+06 | block_delta=-5.714827e+06 | mismatch=-2.793968e-09
  TSO node=None year=2035 day=Autumn | previous=5.852416e+07 | current=5.291027e+07 | delta=-5.613890e+06 | abs_delta=5.613890e+06
    [RECOURSE JUMP][TSO PROX] year=2035 day=Autumn | V max=0.000678 | PF max=0.027913 | ESS max=0.003004
    [RECOURSE COMPONENTS] gen=-3.519322e+06 | flex=-2.082977e+06 | load_curt=+0.000000e+00 | res_curt=+0.000000e+00 | ess_usage=+0.000000e+00 | slacks=-2.514584e-08 | ess_comp=-1.159087e+04
    [SLACK COMPONENTS] voltage=-1.653177e-08 | node_P=+0.000000e+00 | node_Q=+0.000000e+00 | branch_ij=+0.000000e+00 | branch_ji=+0.000000e+00 | flex_P=-4.307031e-09 | flex_Q=-4.307031e-09
    [SLACK COMPONENT CHECK] classified_delta=-2.514583e-08 | objective_slack_delta=-2.514584e-08 | mismatch=+4.440892e-15
    [RECOURSE COMPONENT CHECK] classified_delta=-5.613890e+06 | block_delta=-5.613890e+06 | mismatch=-1.862645e-09
[INFO]		 - Recourse stationarity failed. 78893133.113072 > 115851.160982
[ADMM RHO] V | primal max ratio=0.063 | primal mean ratio=0.116 | primal selected=0.116 | dual mean ratio=0.051 | increase threshold=5.0 | decrease threshold=5.0 | action=held
[ADMM RHO] PF | primal max ratio=1.742 | primal mean ratio=1.523 | primal selected=1.742 | dual mean ratio=5.149 | increase threshold=5.0 | decrease threshold=3.0 | action=held
[ADMM RHO] ESS | primal max ratio=0.097 | primal mean ratio=0.044 | primal selected=0.097 | dual mean ratio=0.050 | increase threshold=5.0 | decrease threshold=5.0 | action=held
[INFO]		 - ADMM cycle 11 | Primal (V max/mean | PF max/mean | ESS max/mean) = 0.000631/0.000116 | 0.017421/0.001523 | 0.009741/0.000445 | Dual (V max/mean | PF max/mean | ESS max/mean) = 0.002325/0.000507 | 0.250727/0.051489 | 0.020074/0.000497 | Recourse change = 78893133.113072 (tol. 115851.160982) | Stable cycles = 0/1 | Penalty actions (V/PF/ESS) = held/held/held
[INFO] 	 - Iteration 11: 40.24 s
[INFO] 	 - ADMM Iteration 12
[INFO] 		 - Updating distribution networks:
[INFO] 			 - Running SMOPF, Network case33_1, 2025, Spring...
[INFO] 			 - Running SMOPF, Network case33_1, 2025, Summer...
[INFO] 			 - Running SMOPF, Network case33_1, 2025, Autumn...
[INFO] 			 - Running SMOPF, Network case33_1, 2025, Winter...
[INFO] 			 - Running SMOPF, Network case33_1, 2030, Spring...
[INFO] 			 - Running SMOPF, Network case33_1, 2030, Summer...
[INFO] 			 - Running SMOPF, Network case33_1, 2030, Autumn...
[INFO] 			 - Running SMOPF, Network case33_1, 2030, Winter...
[INFO] 			 - Running SMOPF, Network case33_1, 2035, Spring...
[INFO] 			 - Running SMOPF, Network case33_1, 2035, Summer...
[INFO] 			 - Running SMOPF, Network case33_1, 2035, Autumn...
[INFO] 			 - Running SMOPF, Network case33_1, 2035, Winter...
[INFO] 			 - Running SMOPF, Network case33_2, 2025, Spring...
[INFO] 			 - Running SMOPF, Network case33_2, 2025, Summer...
[INFO] 			 - Running SMOPF, Network case33_2, 2025, Autumn...
[INFO] 			 - Running SMOPF, Network case33_2, 2025, Winter...
[INFO] 			 - Running SMOPF, Network case33_2, 2030, Spring...
[INFO] 			 - Running SMOPF, Network case33_2, 2030, Summer...
[INFO] 			 - Running SMOPF, Network case33_2, 2030, Autumn...
[INFO] 			 - Running SMOPF, Network case33_2, 2030, Winter...
[INFO] 			 - Running SMOPF, Network case33_2, 2035, Spring...
[INFO] 			 - Running SMOPF, Network case33_2, 2035, Summer...
[INFO] 			 - Running SMOPF, Network case33_2, 2035, Autumn...
[INFO] 			 - Running SMOPF, Network case33_2, 2035, Winter...
[INFO] 			 - Running SMOPF, Network case33_3, 2025, Spring...
[INFO] 			 - Running SMOPF, Network case33_3, 2025, Summer...
[INFO] 			 - Running SMOPF, Network case33_3, 2025, Autumn...
[INFO] 			 - Running SMOPF, Network case33_3, 2025, Winter...
[INFO] 			 - Running SMOPF, Network case33_3, 2030, Spring...
[INFO] 			 - Running SMOPF, Network case33_3, 2030, Summer...
[INFO] 			 - Running SMOPF, Network case33_3, 2030, Autumn...
[INFO] 			 - Running SMOPF, Network case33_3, 2030, Winter...
[INFO] 			 - Running SMOPF, Network case33_3, 2035, Spring...
[INFO] 			 - Running SMOPF, Network case33_3, 2035, Summer...
[INFO] 			 - Running SMOPF, Network case33_3, 2035, Autumn...
[INFO] 			 - Running SMOPF, Network case33_3, 2035, Winter...
[INFO] 		 - Updating transmission network...
[INFO] 			 - Running SMOPF, Network case9, 2025, Spring...
[INFO] 			 - Running SMOPF, Network case9, 2025, Summer...
[INFO] 			 - Running SMOPF, Network case9, 2025, Autumn...
[INFO] 			 - Running SMOPF, Network case9, 2025, Winter...
[INFO] 			 - Running SMOPF, Network case9, 2030, Spring...
[INFO] 			 - Running SMOPF, Network case9, 2030, Summer...
[INFO] 			 - Running SMOPF, Network case9, 2030, Autumn...
[INFO] 			 - Running SMOPF, Network case9, 2030, Winter...
[INFO] 			 - Running SMOPF, Network case9, 2035, Spring...
[INFO] 			 - Running SMOPF, Network case9, 2035, Summer...
[INFO] 			 - Running SMOPF, Network case9, 2035, Autumn...
[INFO] 			 - Running SMOPF, Network case9, 2035, Winter...
[TSO PROX] cycle=12 | updated_blocks=12 | held_failed_blocks=0 | V max=0.000856 | PF max=0.033496 | ESS max=0.002293
[TSO PROX][V MAX] node=9, year=2030, day=Summer, period=20 | dV=0.295452 kV | normalized=0.000856
[TSO PROX][PF MAX] node=9, year=2025, day=Summer, period=22, type=P | delta=5.024473 MW | normalized=0.033496
[TSO PROX][ESS MAX] node=9, year=2035, day=Spring, period=1, type=P | delta=0.004443 MW | normalized=0.002293
[INFO] 		 - Updating SharedESS...
[INFO] 		 - Running Shared ESS optimization (subproblem)...
[INFO] 			 - Node 5...
[INFO] Shared ESS complementarity diagnostics for ESS node=5: ratio_max=2.539459e-05 n_periods=288 mu_final=5.088146e-09 s_obj=1.000000e-01 eps=1.000000e-03 bound=1.465386e-02 measured=8.144834e-03
[INFO] 			 - Node 7...
[INFO] Shared ESS complementarity diagnostics for ESS node=7: ratio_max=2.572832e-05 n_periods=288 mu_final=5.090616e-09 s_obj=1.000000e-01 eps=1.000000e-03 bound=1.466097e-02 measured=8.066336e-03
[INFO] 			 - Node 9...
[INFO] Shared ESS complementarity diagnostics for ESS node=9: ratio_max=2.538607e-05 n_periods=288 mu_final=5.106978e-09 s_obj=1.000000e-01 eps=1.000000e-03 bound=1.470810e-02 measured=8.173209e-03
[DIAG][PF MAX] node=5, year=2035, day=Autumn, period=10, type=Q | TSO=11.175317 MVAr, DSO=14.185080 MVAr, diff=3.009763 MVAr, rating=200.000000 MVA, normalized=0.015049, rho(TSO/DSO)=5.202459/5.202459
[INFO]		 - interface PF max primal residual failed. 0.015049 > 0.010000
[INFO]		 - interface PF mean dual residual failed. 0.042081 > 0.010000
[RECOURSE JUMP] cycle=12 | abs_change=6.073772e+07 | tol=1.079618e+05 | signed_change=-6.073772e+07
[RECOURSE JUMP] Reconciliation | previous=1.079618e+09 | current=1.018881e+09 | block_delta=-6.073772e+07 | mismatch=-1.192093e-07
[RECOURSE JUMP] Aggregate signed changes:
  TSO | delta=-6.529330e+07
  DSO node=9 | delta=+2.193231e+06
  DSO node=5 | delta=+1.871498e+06
  DSO node=7 | delta=+4.908525e+05
  SALVAGE | delta=-3.873671e-35
[RECOURSE JUMP] Largest 10 block changes:
  TSO node=None year=2035 day=Spring | previous=1.121374e+08 | current=1.034737e+08 | delta=-8.663652e+06 | abs_delta=8.663652e+06
    [RECOURSE JUMP][TSO PROX] year=2035 day=Spring | V max=0.000747 | PF max=0.027312 | ESS max=0.002293
    [RECOURSE COMPONENTS] gen=-1.004858e+07 | flex=+1.395887e+06 | load_curt=+0.000000e+00 | res_curt=+0.000000e+00 | ess_usage=+0.000000e+00 | slacks=+3.070703e-07 | ess_comp=-1.095916e+04
    [SLACK COMPONENTS] voltage=+2.006364e-07 | node_P=+0.000000e+00 | node_Q=+0.000000e+00 | branch_ij=+0.000000e+00 | branch_ji=+0.000000e+00 | flex_P=+5.321691e-08 | flex_Q=+5.321691e-08
    [SLACK COMPONENT CHECK] classified_delta=+3.070703e-07 | objective_slack_delta=+3.070703e-07 | mismatch=-1.776357e-14
    [RECOURSE COMPONENT CHECK] classified_delta=-8.663652e+06 | block_delta=-8.663652e+06 | mismatch=-2.235174e-08
  TSO node=None year=2035 day=Winter | previous=5.281159e+07 | current=4.562436e+07 | delta=-7.187237e+06 | abs_delta=7.187237e+06
    [RECOURSE JUMP][TSO PROX] year=2035 day=Winter | V max=0.000624 | PF max=0.033238 | ESS max=0.000887
    [RECOURSE COMPONENTS] gen=-6.105131e+06 | flex=-1.072927e+06 | load_curt=+0.000000e+00 | res_curt=+0.000000e+00 | ess_usage=+0.000000e+00 | slacks=-1.810463e-11 | ess_comp=-9.178654e+03
    [SLACK COMPONENTS] voltage=-1.810463e-11 | node_P=+0.000000e+00 | node_Q=+0.000000e+00 | branch_ij=+0.000000e+00 | branch_ji=+0.000000e+00 | flex_P=+0.000000e+00 | flex_Q=+0.000000e+00
    [SLACK COMPONENT CHECK] classified_delta=-1.810463e-11 | objective_slack_delta=-1.810463e-11 | mismatch=+0.000000e+00
    [RECOURSE COMPONENT CHECK] classified_delta=-7.187237e+06 | block_delta=-7.187237e+06 | mismatch=-7.450581e-09
  TSO node=None year=2030 day=Summer | previous=1.023267e+08 | current=9.651787e+07 | delta=-5.808867e+06 | abs_delta=5.808867e+06
    [RECOURSE JUMP][TSO PROX] year=2030 day=Summer | V max=0.000856 | PF max=0.029196 | ESS max=0.000176
    [RECOURSE COMPONENTS] gen=-5.942478e+06 | flex=+1.336113e+05 | load_curt=+0.000000e+00 | res_curt=+0.000000e+00 | ess_usage=+0.000000e+00 | slacks=+3.672062e-08 | ess_comp=-2.696677e-02
    [SLACK COMPONENTS] voltage=+2.397788e-08 | node_P=+0.000000e+00 | node_Q=+0.000000e+00 | branch_ij=+0.000000e+00 | branch_ji=+0.000000e+00 | flex_P=+6.371373e-09 | flex_Q=+6.371373e-09
    [SLACK COMPONENT CHECK] classified_delta=+3.672062e-08 | objective_slack_delta=+3.672062e-08 | mismatch=+0.000000e+00
    [RECOURSE COMPONENT CHECK] classified_delta=-5.808867e+06 | block_delta=-5.808867e+06 | mismatch=-5.587935e-09
  TSO node=None year=2030 day=Winter | previous=5.421012e+07 | current=4.840967e+07 | delta=-5.800451e+06 | abs_delta=5.800451e+06
    [RECOURSE JUMP][TSO PROX] year=2030 day=Winter | V max=0.000512 | PF max=0.029299 | ESS max=0.000172
    [RECOURSE COMPONENTS] gen=-5.355134e+06 | flex=-4.453174e+05 | load_curt=+0.000000e+00 | res_curt=+0.000000e+00 | ess_usage=+0.000000e+00 | slacks=+1.494982e-11 | ess_comp=+4.711208e-02
    [SLACK COMPONENTS] voltage=+1.450218e-11 | node_P=+0.000000e+00 | node_Q=+0.000000e+00 | branch_ij=+0.000000e+00 | branch_ji=+0.000000e+00 | flex_P=+2.162714e-13 | flex_Q=+2.162714e-13
    [SLACK COMPONENT CHECK] classified_delta=+1.493472e-11 | objective_slack_delta=+1.494982e-11 | mismatch=-1.509903e-14
    [RECOURSE COMPONENT CHECK] classified_delta=-5.800451e+06 | block_delta=-5.800451e+06 | mismatch=-4.656613e-09
  TSO node=None year=2025 day=Winter | previous=9.962990e+07 | current=9.409450e+07 | delta=-5.535398e+06 | abs_delta=5.535398e+06
    [RECOURSE JUMP][TSO PROX] year=2025 day=Winter | V max=0.000276 | PF max=0.030500 | ESS max=0.000734
    [RECOURSE COMPONENTS] gen=-5.811238e+06 | flex=+2.758396e+05 | load_curt=+0.000000e+00 | res_curt=+0.000000e+00 | ess_usage=+0.000000e+00 | slacks=-2.256477e-07 | ess_comp=-1.304779e-02
    [SLACK COMPONENTS] voltage=-1.494657e-07 | node_P=+0.000000e+00 | node_Q=+0.000000e+00 | branch_ij=+0.000000e+00 | branch_ji=+0.000000e+00 | flex_P=-3.809102e-08 | flex_Q=-3.809102e-08
    [SLACK COMPONENT CHECK] classified_delta=-2.256477e-07 | objective_slack_delta=-2.256477e-07 | mismatch=+1.776357e-15
    [RECOURSE COMPONENT CHECK] classified_delta=-5.535398e+06 | block_delta=-5.535398e+06 | mismatch=-1.024455e-08
  TSO node=None year=2030 day=Autumn | previous=3.941591e+07 | current=3.414465e+07 | delta=-5.271264e+06 | abs_delta=5.271264e+06
    [RECOURSE JUMP][TSO PROX] year=2030 day=Autumn | V max=0.000804 | PF max=0.031162 | ESS max=0.000190
    [RECOURSE COMPONENTS] gen=-3.143108e+06 | flex=-2.128156e+06 | load_curt=+0.000000e+00 | res_curt=+0.000000e+00 | ess_usage=+0.000000e+00 | slacks=+2.920058e-08 | ess_comp=+2.303129e-03
    [SLACK COMPONENTS] voltage=+1.906902e-08 | node_P=+0.000000e+00 | node_Q=+0.000000e+00 | branch_ij=+0.000000e+00 | branch_ji=+0.000000e+00 | flex_P=+5.065778e-09 | flex_Q=+5.065778e-09
    [SLACK COMPONENT CHECK] classified_delta=+2.920058e-08 | objective_slack_delta=+2.920058e-08 | mismatch=-1.776357e-15
    [RECOURSE COMPONENT CHECK] classified_delta=-5.271264e+06 | block_delta=-5.271264e+06 | mismatch=-5.587935e-09
  TSO node=None year=2025 day=Autumn | previous=9.043622e+07 | current=8.540079e+07 | delta=-5.035428e+06 | abs_delta=5.035428e+06
    [RECOURSE JUMP][TSO PROX] year=2025 day=Autumn | V max=0.000231 | PF max=0.028685 | ESS max=0.000432
    [RECOURSE COMPONENTS] gen=-4.957513e+06 | flex=-7.791471e+04 | load_curt=+0.000000e+00 | res_curt=+0.000000e+00 | ess_usage=+0.000000e+00 | slacks=-6.577707e-10 | ess_comp=-4.287286e-03
    [SLACK COMPONENTS] voltage=-4.263327e-10 | node_P=+0.000000e+00 | node_Q=+0.000000e+00 | branch_ij=+0.000000e+00 | branch_ji=+0.000000e+00 | flex_P=-1.157163e-10 | flex_Q=-1.157163e-10
    [SLACK COMPONENT CHECK] classified_delta=-6.577654e-10 | objective_slack_delta=-6.577707e-10 | mismatch=+5.329071e-15
    [RECOURSE COMPONENT CHECK] classified_delta=-5.035428e+06 | block_delta=-5.035428e+06 | mismatch=+2.048910e-08
  TSO node=None year=2030 day=Spring | previous=9.635983e+07 | current=9.164073e+07 | delta=-4.719095e+06 | abs_delta=4.719095e+06
    [RECOURSE JUMP][TSO PROX] year=2030 day=Spring | V max=0.000774 | PF max=0.031045 | ESS max=0.000112
    [RECOURSE COMPONENTS] gen=-5.174752e+06 | flex=+4.556573e+05 | load_curt=+0.000000e+00 | res_curt=+0.000000e+00 | ess_usage=+0.000000e+00 | slacks=-4.707312e-08 | ess_comp=-3.251583e-02
    [SLACK COMPONENTS] voltage=-3.092885e-08 | node_P=+0.000000e+00 | node_Q=+0.000000e+00 | branch_ij=+0.000000e+00 | branch_ji=+0.000000e+00 | flex_P=-8.072134e-09 | flex_Q=-8.072134e-09
    [SLACK COMPONENT CHECK] classified_delta=-4.707312e-08 | objective_slack_delta=-4.707312e-08 | mismatch=+1.776357e-15
    [RECOURSE COMPONENT CHECK] classified_delta=-4.719095e+06 | block_delta=-4.719095e+06 | mismatch=+4.656613e-09
  TSO node=None year=2025 day=Summer | previous=1.241999e+08 | current=1.196401e+08 | delta=-4.559754e+06 | abs_delta=4.559754e+06
    [RECOURSE JUMP][TSO PROX] year=2025 day=Summer | V max=0.000559 | PF max=0.033496 | ESS max=0.000515
    [RECOURSE COMPONENTS] gen=-4.924408e+06 | flex=+3.646547e+05 | load_curt=+0.000000e+00 | res_curt=+0.000000e+00 | ess_usage=+0.000000e+00 | slacks=+7.474227e-09 | ess_comp=-4.072541e-03
    [SLACK COMPONENTS] voltage=+4.916174e-09 | node_P=+0.000000e+00 | node_Q=+0.000000e+00 | branch_ij=+0.000000e+00 | branch_ji=+0.000000e+00 | flex_P=+1.279028e-09 | flex_Q=+1.279028e-09
    [SLACK COMPONENT CHECK] classified_delta=+7.474230e-09 | objective_slack_delta=+7.474227e-09 | mismatch=+2.664535e-15
    [RECOURSE COMPONENT CHECK] classified_delta=-4.559754e+06 | block_delta=-4.559754e+06 | mismatch=+2.048910e-08
  TSO node=None year=2025 day=Spring | previous=1.138310e+08 | current=1.093255e+08 | delta=-4.505556e+06 | abs_delta=4.505556e+06
    [RECOURSE JUMP][TSO PROX] year=2025 day=Spring | V max=0.000532 | PF max=0.030343 | ESS max=0.000462
    [RECOURSE COMPONENTS] gen=-5.260994e+06 | flex=+7.554377e+05 | load_curt=+0.000000e+00 | res_curt=+0.000000e+00 | ess_usage=+0.000000e+00 | slacks=-2.165586e-08 | ess_comp=+1.026906e-02
    [SLACK COMPONENTS] voltage=-1.428980e-08 | node_P=+0.000000e+00 | node_Q=+0.000000e+00 | branch_ij=+0.000000e+00 | branch_ji=+0.000000e+00 | flex_P=-3.683037e-09 | flex_Q=-3.683037e-09
    [SLACK COMPONENT CHECK] classified_delta=-2.165587e-08 | objective_slack_delta=-2.165586e-08 | mismatch=-4.440892e-15
    [RECOURSE COMPONENT CHECK] classified_delta=-4.505556e+06 | block_delta=-4.505556e+06 | mismatch=+2.793968e-08
[INFO]		 - Recourse stationarity failed. 60737715.879623 > 107961.847670
[ADMM RHO] V | primal max ratio=0.046 | primal mean ratio=0.086 | primal selected=0.086 | dual mean ratio=0.060 | increase threshold=5.0 | decrease threshold=5.0 | action=held
[ADMM RHO] PF | primal max ratio=1.505 | primal mean ratio=0.931 | primal selected=1.505 | dual mean ratio=4.208 | increase threshold=5.0 | decrease threshold=3.0 | action=held
[ADMM RHO] ESS | primal max ratio=0.113 | primal mean ratio=0.051 | primal selected=0.113 | dual mean ratio=0.045 | increase threshold=5.0 | decrease threshold=5.0 | action=held
[INFO]		 - ADMM cycle 12 | Primal (V max/mean | PF max/mean | ESS max/mean) = 0.000461/0.000086 | 0.015049/0.000931 | 0.011301/0.000513 | Dual (V max/mean | PF max/mean | ESS max/mean) = 0.002847/0.000603 | 0.174264/0.042081 | 0.017942/0.000448 | Recourse change = 60737715.879623 (tol. 107961.847670) | Stable cycles = 0/1 | Penalty actions (V/PF/ESS) = held/held/held
[INFO] 	 - Iteration 12: 40.02 s
[INFO] 	 - ADMM Iteration 13
[INFO] 		 - Updating distribution networks:
[INFO] 			 - Running SMOPF, Network case33_1, 2025, Spring...
[INFO] 			 - Running SMOPF, Network case33_1, 2025, Summer...
[INFO] 			 - Running SMOPF, Network case33_1, 2025, Autumn...
[INFO] 			 - Running SMOPF, Network case33_1, 2025, Winter...
[INFO] 			 - Running SMOPF, Network case33_1, 2030, Spring...
[INFO] 			 - Running SMOPF, Network case33_1, 2030, Summer...
[INFO] 			 - Running SMOPF, Network case33_1, 2030, Autumn...
[INFO] 			 - Running SMOPF, Network case33_1, 2030, Winter...
[INFO] 			 - Running SMOPF, Network case33_1, 2035, Spring...
[INFO] 			 - Running SMOPF, Network case33_1, 2035, Summer...
[INFO] 			 - Running SMOPF, Network case33_1, 2035, Autumn...
[INFO] 			 - Running SMOPF, Network case33_1, 2035, Winter...
[INFO] 			 - Running SMOPF, Network case33_2, 2025, Spring...
[INFO] 			 - Running SMOPF, Network case33_2, 2025, Summer...
[INFO] 			 - Running SMOPF, Network case33_2, 2025, Autumn...
[INFO] 			 - Running SMOPF, Network case33_2, 2025, Winter...
[INFO] 			 - Running SMOPF, Network case33_2, 2030, Spring...
[INFO] 			 - Running SMOPF, Network case33_2, 2030, Summer...
[INFO] 			 - Running SMOPF, Network case33_2, 2030, Autumn...
[INFO] 			 - Running SMOPF, Network case33_2, 2030, Winter...
[INFO] 			 - Running SMOPF, Network case33_2, 2035, Spring...
[INFO] 			 - Running SMOPF, Network case33_2, 2035, Summer...
[INFO] 			 - Running SMOPF, Network case33_2, 2035, Autumn...
[INFO] 			 - Running SMOPF, Network case33_2, 2035, Winter...
[INFO] 			 - Running SMOPF, Network case33_3, 2025, Spring...
[INFO] 			 - Running SMOPF, Network case33_3, 2025, Summer...
[INFO] 			 - Running SMOPF, Network case33_3, 2025, Autumn...
[INFO] 			 - Running SMOPF, Network case33_3, 2025, Winter...
[INFO] 			 - Running SMOPF, Network case33_3, 2030, Spring...
[INFO] 			 - Running SMOPF, Network case33_3, 2030, Summer...
[INFO] 			 - Running SMOPF, Network case33_3, 2030, Autumn...
[INFO] 			 - Running SMOPF, Network case33_3, 2030, Winter...
[INFO] 			 - Running SMOPF, Network case33_3, 2035, Spring...
[INFO] 			 - Running SMOPF, Network case33_3, 2035, Summer...
[INFO] 			 - Running SMOPF, Network case33_3, 2035, Autumn...
[INFO] 			 - Running SMOPF, Network case33_3, 2035, Winter...
[INFO] 		 - Updating transmission network...
[INFO] 			 - Running SMOPF, Network case9, 2025, Spring...
[INFO] 			 - Running SMOPF, Network case9, 2025, Summer...
[INFO] 			 - Running SMOPF, Network case9, 2025, Autumn...
[INFO] 			 - Running SMOPF, Network case9, 2025, Winter...
[INFO] 			 - Running SMOPF, Network case9, 2030, Spring...
[INFO] 			 - Running SMOPF, Network case9, 2030, Summer...
[INFO] 			 - Running SMOPF, Network case9, 2030, Autumn...
[INFO] 			 - Running SMOPF, Network case9, 2030, Winter...
[INFO] 			 - Running SMOPF, Network case9, 2035, Spring...
[INFO] 			 - Running SMOPF, Network case9, 2035, Summer...
[INFO] 			 - Running SMOPF, Network case9, 2035, Autumn...
[INFO] 			 - Running SMOPF, Network case9, 2035, Winter...
[TSO PROX] cycle=13 | updated_blocks=12 | held_failed_blocks=0 | V max=0.000829 | PF max=0.032960 | ESS max=0.001755
[TSO PROX][V MAX] node=9, year=2030, day=Summer, period=21 | dV=0.286093 kV | normalized=0.000829
[TSO PROX][PF MAX] node=9, year=2035, day=Winter, period=9, type=P | delta=4.943939 MW | normalized=0.032960
[TSO PROX][ESS MAX] node=7, year=2030, day=Autumn, period=1, type=P | delta=0.003401 MW | normalized=0.001755
[INFO] 		 - Updating SharedESS...
[INFO] 		 - Running Shared ESS optimization (subproblem)...
[INFO] 			 - Node 5...
[INFO] Shared ESS complementarity diagnostics for ESS node=5: ratio_max=2.557469e-05 n_periods=288 mu_final=5.114289e-09 s_obj=1.000000e-01 eps=1.000000e-03 bound=1.472915e-02 measured=8.123786e-03
[INFO] 			 - Node 7...
[INFO] Shared ESS complementarity diagnostics for ESS node=7: ratio_max=2.575665e-05 n_periods=288 mu_final=5.132994e-09 s_obj=1.000000e-01 eps=1.000000e-03 bound=1.478302e-02 measured=8.044736e-03
[INFO] 			 - Node 9...
[INFO] Shared ESS complementarity diagnostics for ESS node=9: ratio_max=2.562578e-05 n_periods=288 mu_final=5.148263e-09 s_obj=1.000000e-01 eps=1.000000e-03 bound=1.482700e-02 measured=8.130448e-03
[DIAG][PF MAX] node=9, year=2030, day=Autumn, period=19, type=Q | TSO=-3.719239 MVAr, DSO=-1.385345 MVAr, diff=2.333894 MVAr, rating=150.000000 MVA, normalized=0.015559, rho(TSO/DSO)=5.202459/5.202459
[INFO]		 - interface PF max primal residual failed. 0.015559 > 0.010000
[INFO]		 - interface PF mean dual residual failed. 0.035722 > 0.010000
[RECOURSE JUMP] cycle=13 | abs_change=4.416750e+07 | tol=1.018881e+05 | signed_change=-4.416750e+07
[RECOURSE JUMP] Reconciliation | previous=1.018881e+09 | current=9.747133e+08 | block_delta=-4.416750e+07 | mismatch=-3.576279e-07
[RECOURSE JUMP] Aggregate signed changes:
  TSO | delta=-4.990754e+07
  DSO node=9 | delta=+2.867231e+06
  DSO node=5 | delta=+2.189203e+06
  DSO node=7 | delta=+6.836087e+05
  SALVAGE | delta=+1.859891e-35
[RECOURSE JUMP] Largest 10 block changes:
  TSO node=None year=2035 day=Spring | previous=1.034737e+08 | current=9.776798e+07 | delta=-5.705737e+06 | abs_delta=5.705737e+06
    [RECOURSE JUMP][TSO PROX] year=2035 day=Spring | V max=0.000704 | PF max=0.026217 | ESS max=0.001748
    [RECOURSE COMPONENTS] gen=-6.649398e+06 | flex=+9.502407e+05 | load_curt=+0.000000e+00 | res_curt=+0.000000e+00 | ess_usage=+0.000000e+00 | slacks=-3.070984e-07 | ess_comp=-6.579928e+03
    [SLACK COMPONENTS] voltage=-2.006625e-07 | node_P=+0.000000e+00 | node_Q=+0.000000e+00 | branch_ij=+0.000000e+00 | branch_ji=+0.000000e+00 | flex_P=-5.321794e-08 | flex_Q=-5.321794e-08
    [SLACK COMPONENT CHECK] classified_delta=-3.070984e-07 | objective_slack_delta=-3.070984e-07 | mismatch=+1.953993e-14
    [RECOURSE COMPONENT CHECK] classified_delta=-5.705737e+06 | block_delta=-5.705737e+06 | mismatch=+7.450581e-09
  TSO node=None year=2035 day=Winter | previous=4.562436e+07 | current=4.007755e+07 | delta=-5.546803e+06 | abs_delta=5.546803e+06
    [RECOURSE JUMP][TSO PROX] year=2035 day=Winter | V max=0.000583 | PF max=0.032960 | ESS max=0.001368
    [RECOURSE COMPONENTS] gen=-4.953330e+06 | flex=-5.883084e+05 | load_curt=+0.000000e+00 | res_curt=+0.000000e+00 | ess_usage=+0.000000e+00 | slacks=-2.015099e-11 | ess_comp=-5.165306e+03
    [SLACK COMPONENTS] voltage=-2.017941e-11 | node_P=+0.000000e+00 | node_Q=+0.000000e+00 | branch_ij=+0.000000e+00 | branch_ji=+0.000000e+00 | flex_P=+1.509903e-14 | flex_Q=+1.509903e-14
    [SLACK COMPONENT CHECK] classified_delta=-2.014922e-11 | objective_slack_delta=-2.015099e-11 | mismatch=+1.776357e-15
    [RECOURSE COMPONENT CHECK] classified_delta=-5.546803e+06 | block_delta=-5.546803e+06 | mismatch=+9.313226e-10
  TSO node=None year=2030 day=Summer | previous=9.651787e+07 | current=9.142449e+07 | delta=-5.093376e+06 | abs_delta=5.093376e+06
    [RECOURSE JUMP][TSO PROX] year=2030 day=Summer | V max=0.000829 | PF max=0.025771 | ESS max=0.001599
    [RECOURSE COMPONENTS] gen=-5.453579e+06 | flex=+3.602034e+05 | load_curt=+0.000000e+00 | res_curt=+0.000000e+00 | ess_usage=+0.000000e+00 | slacks=-8.674810e-09 | ess_comp=-2.230239e-02
    [SLACK COMPONENTS] voltage=-5.658535e-09 | node_P=+0.000000e+00 | node_Q=+0.000000e+00 | branch_ij=+0.000000e+00 | branch_ji=+0.000000e+00 | flex_P=-1.508129e-09 | flex_Q=-1.508129e-09
    [SLACK COMPONENT CHECK] classified_delta=-8.674793e-09 | objective_slack_delta=-8.674810e-09 | mismatch=+1.687539e-14
    [RECOURSE COMPONENT CHECK] classified_delta=-5.093376e+06 | block_delta=-5.093376e+06 | mismatch=+1.583248e-08
  TSO node=None year=2030 day=Winter | previous=4.840967e+07 | current=4.369390e+07 | delta=-4.715761e+06 | abs_delta=4.715761e+06
    [RECOURSE JUMP][TSO PROX] year=2030 day=Winter | V max=0.000546 | PF max=0.029273 | ESS max=0.001628
    [RECOURSE COMPONENTS] gen=-4.391699e+06 | flex=-3.240616e+05 | load_curt=+0.000000e+00 | res_curt=+0.000000e+00 | ess_usage=+0.000000e+00 | slacks=+1.494982e-11 | ess_comp=-6.209598e-02
    [SLACK COMPONENTS] voltage=+1.508482e-11 | node_P=+0.000000e+00 | node_Q=+0.000000e+00 | branch_ij=+0.000000e+00 | branch_ji=+0.000000e+00 | flex_P=-7.238654e-14 | flex_Q=-7.238654e-14
    [SLACK COMPONENT CHECK] classified_delta=+1.494005e-11 | objective_slack_delta=+1.494982e-11 | mismatch=-9.769963e-15
    [RECOURSE COMPONENT CHECK] classified_delta=-4.715761e+06 | block_delta=-4.715761e+06 | mismatch=+5.587935e-09
  TSO node=None year=2025 day=Spring | previous=1.093255e+08 | current=1.050501e+08 | delta=-4.275380e+06 | abs_delta=4.275380e+06
    [RECOURSE JUMP][TSO PROX] year=2025 day=Spring | V max=0.000542 | PF max=0.030305 | ESS max=0.000693
    [RECOURSE COMPONENTS] gen=-5.034061e+06 | flex=+7.586813e+05 | load_curt=+0.000000e+00 | res_curt=+0.000000e+00 | ess_usage=+0.000000e+00 | slacks=-1.033388e-08 | ess_comp=+4.323978e-03
    [SLACK COMPONENTS] voltage=-6.817650e-09 | node_P=+0.000000e+00 | node_Q=+0.000000e+00 | branch_ij=+0.000000e+00 | branch_ji=+0.000000e+00 | flex_P=-1.758102e-09 | flex_Q=-1.758102e-09
    [SLACK COMPONENT CHECK] classified_delta=-1.033385e-08 | objective_slack_delta=-1.033388e-08 | mismatch=+2.309264e-14
    [RECOURSE COMPONENT CHECK] classified_delta=-4.275380e+06 | block_delta=-4.275380e+06 | mismatch=+5.587935e-09
  TSO node=None year=2030 day=Spring | previous=9.164073e+07 | current=8.745224e+07 | delta=-4.188494e+06 | abs_delta=4.188494e+06
    [RECOURSE JUMP][TSO PROX] year=2030 day=Spring | V max=0.000768 | PF max=0.025364 | ESS max=0.001058
    [RECOURSE COMPONENTS] gen=-4.790957e+06 | flex=+6.024637e+05 | load_curt=+0.000000e+00 | res_curt=+0.000000e+00 | ess_usage=+0.000000e+00 | slacks=+4.344882e-08 | ess_comp=-9.708884e-03
    [SLACK COMPONENTS] voltage=+2.855005e-08 | node_P=+0.000000e+00 | node_Q=+0.000000e+00 | branch_ij=+0.000000e+00 | branch_ji=+0.000000e+00 | flex_P=+7.449369e-09 | flex_Q=+7.449369e-09
    [SLACK COMPONENT CHECK] classified_delta=+4.344879e-08 | objective_slack_delta=+4.344882e-08 | mismatch=-2.842171e-14
    [RECOURSE COMPONENT CHECK] classified_delta=-4.188494e+06 | block_delta=-4.188494e+06 | mismatch=+7.450581e-09
  TSO node=None year=2025 day=Winter | previous=9.409450e+07 | current=8.994448e+07 | delta=-4.150025e+06 | abs_delta=4.150025e+06
    [RECOURSE JUMP][TSO PROX] year=2025 day=Winter | V max=0.000245 | PF max=0.026936 | ESS max=0.000735
    [RECOURSE COMPONENTS] gen=-4.331850e+06 | flex=+1.818250e+05 | load_curt=+0.000000e+00 | res_curt=+0.000000e+00 | ess_usage=+0.000000e+00 | slacks=+1.813528e-07 | ess_comp=+1.518985e-02
    [SLACK COMPONENTS] voltage=+1.201373e-07 | node_P=+0.000000e+00 | node_Q=+0.000000e+00 | branch_ij=+0.000000e+00 | branch_ji=+0.000000e+00 | flex_P=+3.060774e-08 | flex_Q=+3.060774e-08
    [SLACK COMPONENT CHECK] classified_delta=+1.813528e-07 | objective_slack_delta=+1.813528e-07 | mismatch=-6.217249e-15
    [RECOURSE COMPONENT CHECK] classified_delta=-4.150025e+06 | block_delta=-4.150025e+06 | mismatch=+1.024455e-08
  TSO node=None year=2025 day=Summer | previous=1.196401e+08 | current=1.160154e+08 | delta=-3.624661e+06 | abs_delta=3.624661e+06
    [RECOURSE JUMP][TSO PROX] year=2025 day=Summer | V max=0.000512 | PF max=0.027082 | ESS max=0.000624
    [RECOURSE COMPONENTS] gen=-4.064914e+06 | flex=+4.402530e+05 | load_curt=+0.000000e+00 | res_curt=+0.000000e+00 | ess_usage=+0.000000e+00 | slacks=+1.396469e-08 | ess_comp=-4.302267e-03
    [SLACK COMPONENTS] voltage=+9.177903e-09 | node_P=+0.000000e+00 | node_Q=+0.000000e+00 | branch_ij=+0.000000e+00 | branch_ji=+0.000000e+00 | flex_P=+2.393398e-09 | flex_Q=+2.393398e-09
    [SLACK COMPONENT CHECK] classified_delta=+1.396470e-08 | objective_slack_delta=+1.396469e-08 | mismatch=+1.243450e-14
    [RECOURSE COMPONENT CHECK] classified_delta=-3.624661e+06 | block_delta=-3.624661e+06 | mismatch=+5.587935e-09
  TSO node=None year=2035 day=Summer | previous=9.935009e+07 | current=9.579883e+07 | delta=-3.551259e+06 | abs_delta=3.551259e+06
    [RECOURSE JUMP][TSO PROX] year=2035 day=Summer | V max=0.000688 | PF max=0.028728 | ESS max=0.001516
    [RECOURSE COMPONENTS] gen=-3.982614e+06 | flex=+4.313552e+05 | load_curt=+0.000000e+00 | res_curt=+0.000000e+00 | ess_usage=+0.000000e+00 | slacks=-2.847145e-11 | ess_comp=+6.106509e-03
    [SLACK COMPONENTS] voltage=-2.716405e-11 | node_P=+0.000000e+00 | node_Q=+0.000000e+00 | branch_ij=+0.000000e+00 | branch_ji=+0.000000e+00 | flex_P=-6.510348e-13 | flex_Q=-6.510348e-13
    [SLACK COMPONENT CHECK] classified_delta=-2.846612e-11 | objective_slack_delta=-2.847145e-11 | mismatch=+5.329071e-15
    [RECOURSE COMPONENT CHECK] classified_delta=-3.551259e+06 | block_delta=-3.551259e+06 | mismatch=+1.303852e-08
  TSO node=None year=2030 day=Autumn | previous=3.414465e+07 | current=3.089590e+07 | delta=-3.248748e+06 | abs_delta=3.248748e+06
    [RECOURSE JUMP][TSO PROX] year=2030 day=Autumn | V max=0.000823 | PF max=0.023805 | ESS max=0.001755
    [RECOURSE COMPONENTS] gen=-1.989642e+06 | flex=-1.259106e+06 | load_curt=+0.000000e+00 | res_curt=+0.000000e+00 | ess_usage=+0.000000e+00 | slacks=+7.248275e-09 | ess_comp=+3.754724e-03
    [SLACK COMPONENTS] voltage=+4.776091e-09 | node_P=+0.000000e+00 | node_Q=+0.000000e+00 | branch_ij=+0.000000e+00 | branch_ji=+0.000000e+00 | flex_P=+1.236085e-09 | flex_Q=+1.236085e-09
    [SLACK COMPONENT CHECK] classified_delta=+7.248260e-09 | objective_slack_delta=+7.248275e-09 | mismatch=-1.509903e-14
    [RECOURSE COMPONENT CHECK] classified_delta=-3.248748e+06 | block_delta=-3.248748e+06 | mismatch=+6.984919e-09
[INFO]		 - Recourse stationarity failed. 44167501.320430 > 101888.076082
[ADMM RHO] V | primal max ratio=0.054 | primal mean ratio=0.084 | primal selected=0.084 | dual mean ratio=0.052 | increase threshold=5.0 | decrease threshold=5.0 | action=held
[ADMM RHO] PF | primal max ratio=1.556 | primal mean ratio=0.820 | primal selected=1.556 | dual mean ratio=3.572 | increase threshold=5.0 | decrease threshold=3.0 | action=held
[ADMM RHO] ESS | primal max ratio=0.126 | primal mean ratio=0.055 | primal selected=0.126 | dual mean ratio=0.039 | increase threshold=5.0 | decrease threshold=5.0 | action=held
[INFO]		 - ADMM cycle 13 | Primal (V max/mean | PF max/mean | ESS max/mean) = 0.000541/0.000084 | 0.015559/0.000820 | 0.012566/0.000554 | Dual (V max/mean | PF max/mean | ESS max/mean) = 0.002274/0.000525 | 0.171471/0.035722 | 0.015476/0.000391 | Recourse change = 44167501.320430 (tol. 101888.076082) | Stable cycles = 0/1 | Penalty actions (V/PF/ESS) = held/held/held
[INFO] 	 - Iteration 13: 39.87 s
[INFO] 	 - ADMM Iteration 14
[INFO] 		 - Updating distribution networks:
[INFO] 			 - Running SMOPF, Network case33_1, 2025, Spring...
[INFO] 			 - Running SMOPF, Network case33_1, 2025, Summer...
[INFO] 			 - Running SMOPF, Network case33_1, 2025, Autumn...
[INFO] 			 - Running SMOPF, Network case33_1, 2025, Winter...
[INFO] 			 - Running SMOPF, Network case33_1, 2030, Spring...
[INFO] 			 - Running SMOPF, Network case33_1, 2030, Summer...
[INFO] 			 - Running SMOPF, Network case33_1, 2030, Autumn...
[INFO] 			 - Running SMOPF, Network case33_1, 2030, Winter...
[INFO] 			 - Running SMOPF, Network case33_1, 2035, Spring...
[INFO] 			 - Running SMOPF, Network case33_1, 2035, Summer...
[INFO] 			 - Running SMOPF, Network case33_1, 2035, Autumn...
[INFO] 			 - Running SMOPF, Network case33_1, 2035, Winter...
[INFO] 			 - Running SMOPF, Network case33_2, 2025, Spring...
[INFO] 			 - Running SMOPF, Network case33_2, 2025, Summer...
[INFO] 			 - Running SMOPF, Network case33_2, 2025, Autumn...
[INFO] 			 - Running SMOPF, Network case33_2, 2025, Winter...
[INFO] 			 - Running SMOPF, Network case33_2, 2030, Spring...
[INFO] 			 - Running SMOPF, Network case33_2, 2030, Summer...
[INFO] 			 - Running SMOPF, Network case33_2, 2030, Autumn...
[INFO] 			 - Running SMOPF, Network case33_2, 2030, Winter...
[INFO] 			 - Running SMOPF, Network case33_2, 2035, Spring...
[INFO] 			 - Running SMOPF, Network case33_2, 2035, Summer...
[INFO] 			 - Running SMOPF, Network case33_2, 2035, Autumn...
[INFO] 			 - Running SMOPF, Network case33_2, 2035, Winter...
[INFO] 			 - Running SMOPF, Network case33_3, 2025, Spring...
[INFO] 			 - Running SMOPF, Network case33_3, 2025, Summer...
[INFO] 			 - Running SMOPF, Network case33_3, 2025, Autumn...
[INFO] 			 - Running SMOPF, Network case33_3, 2025, Winter...
[INFO] 			 - Running SMOPF, Network case33_3, 2030, Spring...
[INFO] 			 - Running SMOPF, Network case33_3, 2030, Summer...
[INFO] 			 - Running SMOPF, Network case33_3, 2030, Autumn...
[INFO] 			 - Running SMOPF, Network case33_3, 2030, Winter...
[INFO] 			 - Running SMOPF, Network case33_3, 2035, Spring...
[INFO] 			 - Running SMOPF, Network case33_3, 2035, Summer...
[INFO] 			 - Running SMOPF, Network case33_3, 2035, Autumn...
[INFO] 			 - Running SMOPF, Network case33_3, 2035, Winter...
[INFO] 		 - Updating transmission network...
[INFO] 			 - Running SMOPF, Network case9, 2025, Spring...
[INFO] 			 - Running SMOPF, Network case9, 2025, Summer...
[INFO] 			 - Running SMOPF, Network case9, 2025, Autumn...
[INFO] 			 - Running SMOPF, Network case9, 2025, Winter...
[INFO] 			 - Running SMOPF, Network case9, 2030, Spring...
[INFO] 			 - Running SMOPF, Network case9, 2030, Summer...
[INFO] 			 - Running SMOPF, Network case9, 2030, Autumn...
[INFO] 			 - Running SMOPF, Network case9, 2030, Winter...
[INFO] 			 - Running SMOPF, Network case9, 2035, Spring...
[INFO] 			 - Running SMOPF, Network case9, 2035, Summer...
[INFO] 			 - Running SMOPF, Network case9, 2035, Autumn...
[INFO] 			 - Running SMOPF, Network case9, 2035, Winter...
[TSO PROX] cycle=14 | updated_blocks=12 | held_failed_blocks=0 | V max=0.000788 | PF max=0.028647 | ESS max=0.001653
[TSO PROX][V MAX] node=9, year=2030, day=Summer, period=21 | dV=0.271780 kV | normalized=0.000788
[TSO PROX][PF MAX] node=9, year=2025, day=Autumn, period=9, type=P | delta=4.297092 MW | normalized=0.028647
[TSO PROX][ESS MAX] node=7, year=2030, day=Autumn, period=1, type=P | delta=0.003202 MW | normalized=0.001653
[INFO] 		 - Updating SharedESS...
[INFO] 		 - Running Shared ESS optimization (subproblem)...
[INFO] 			 - Node 5...
[INFO] Shared ESS complementarity diagnostics for ESS node=5: ratio_max=2.550892e-05 n_periods=288 mu_final=5.114254e-09 s_obj=1.000000e-01 eps=1.000000e-03 bound=1.472905e-02 measured=8.121570e-03
[INFO] 			 - Node 7...
[INFO] Shared ESS complementarity diagnostics for ESS node=7: ratio_max=2.529485e-05 n_periods=288 mu_final=5.108847e-09 s_obj=1.000000e-01 eps=1.000000e-03 bound=1.471348e-02 measured=8.043938e-03
[INFO] 			 - Node 9...
[INFO] Shared ESS complementarity diagnostics for ESS node=9: ratio_max=2.560610e-05 n_periods=288 mu_final=5.119668e-09 s_obj=1.000000e-01 eps=1.000000e-03 bound=1.474464e-02 measured=8.118800e-03
[DIAG][PF MAX] node=9, year=2030, day=Autumn, period=9, type=Q | TSO=-8.428057 MVAr, DSO=-6.373425 MVAr, diff=2.054632 MVAr, rating=150.000000 MVA, normalized=0.013698, rho(TSO/DSO)=5.202459/5.202459
[INFO]		 - interface PF max primal residual failed. 0.013698 > 0.010000
[INFO]		 - interface PF mean dual residual failed. 0.027858 > 0.010000
[RECOURSE JUMP] cycle=14 | abs_change=3.095378e+07 | tol=9.747133e+04 | signed_change=-3.095378e+07
[RECOURSE JUMP] Reconciliation | previous=9.747133e+08 | current=9.437595e+08 | block_delta=-3.095378e+07 | mismatch=+1.192093e-07
[RECOURSE JUMP] Aggregate signed changes:
  TSO | delta=-3.580819e+07
  DSO node=5 | delta=+2.357050e+06
  DSO node=9 | delta=+1.966087e+06
  DSO node=7 | delta=+5.312702e+05
  SALVAGE | delta=-2.101295e-35
[RECOURSE JUMP] Largest 10 block changes:
  TSO node=None year=2035 day=Spring | previous=9.776798e+07 | current=9.331748e+07 | delta=-4.450507e+06 | abs_delta=4.450507e+06
    [RECOURSE JUMP][TSO PROX] year=2035 day=Spring | V max=0.000663 | PF max=0.026199 | ESS max=0.001390
    [RECOURSE COMPONENTS] gen=-5.196361e+06 | flex=+7.486942e+05 | load_curt=+0.000000e+00 | res_curt=+0.000000e+00 | ess_usage=+0.000000e+00 | slacks=-9.137580e-12 | ess_comp=-2.840464e+03
    [SLACK COMPONENTS] voltage=-8.732570e-12 | node_P=+0.000000e+00 | node_Q=+0.000000e+00 | branch_ij=+0.000000e+00 | branch_ji=+0.000000e+00 | flex_P=-2.020606e-13 | flex_Q=-2.020606e-13
    [SLACK COMPONENT CHECK] classified_delta=-9.136691e-12 | objective_slack_delta=-9.137580e-12 | mismatch=+8.881784e-16
    [RECOURSE COMPONENT CHECK] classified_delta=-4.450507e+06 | block_delta=-4.450507e+06 | mismatch=+0.000000e+00
  TSO node=None year=2030 day=Summer | previous=9.142449e+07 | current=8.730893e+07 | delta=-4.115567e+06 | abs_delta=4.115567e+06
    [RECOURSE JUMP][TSO PROX] year=2030 day=Summer | V max=0.000788 | PF max=0.023823 | ESS max=0.001489
    [RECOURSE COMPONENTS] gen=-4.695518e+06 | flex=+5.799508e+05 | load_curt=+0.000000e+00 | res_curt=+0.000000e+00 | ess_usage=+0.000000e+00 | slacks=+2.848546e-08 | ess_comp=-1.945045e-02
    [SLACK COMPONENTS] voltage=+1.861002e-08 | node_P=+0.000000e+00 | node_Q=+0.000000e+00 | branch_ij=+0.000000e+00 | branch_ji=+0.000000e+00 | flex_P=+4.937716e-09 | flex_Q=+4.937716e-09
    [SLACK COMPONENT CHECK] classified_delta=+2.848546e-08 | objective_slack_delta=+2.848546e-08 | mismatch=-3.552714e-15
    [RECOURSE COMPONENT CHECK] classified_delta=-4.115567e+06 | block_delta=-4.115567e+06 | mismatch=-9.778887e-09
  TSO node=None year=2030 day=Spring | previous=8.745224e+07 | current=8.375720e+07 | delta=-3.695042e+06 | abs_delta=3.695042e+06
    [RECOURSE JUMP][TSO PROX] year=2030 day=Spring | V max=0.000676 | PF max=0.023942 | ESS max=0.000981
    [RECOURSE COMPONENTS] gen=-4.549107e+06 | flex=+8.540644e+05 | load_curt=+0.000000e+00 | res_curt=+0.000000e+00 | ess_usage=+0.000000e+00 | slacks=+5.066092e-08 | ess_comp=-1.408113e-02
    [SLACK COMPONENTS] voltage=+3.329929e-08 | node_P=+0.000000e+00 | node_Q=+0.000000e+00 | branch_ij=+0.000000e+00 | branch_ji=+0.000000e+00 | flex_P=+8.680831e-09 | flex_Q=+8.680831e-09
    [SLACK COMPONENT CHECK] classified_delta=+5.066095e-08 | objective_slack_delta=+5.066092e-08 | mismatch=+2.575717e-14
    [RECOURSE COMPONENT CHECK] classified_delta=-3.695042e+06 | block_delta=-3.695042e+06 | mismatch=-2.048910e-08
  TSO node=None year=2025 day=Summer | previous=1.160154e+08 | current=1.124653e+08 | delta=-3.550138e+06 | abs_delta=3.550138e+06
    [RECOURSE JUMP][TSO PROX] year=2025 day=Summer | V max=0.000480 | PF max=0.027071 | ESS max=0.000705
    [RECOURSE COMPONENTS] gen=-3.982131e+06 | flex=+4.319932e+05 | load_curt=+0.000000e+00 | res_curt=+0.000000e+00 | ess_usage=+0.000000e+00 | slacks=-1.378169e-09 | ess_comp=-3.738868e-03
    [SLACK COMPONENTS] voltage=-9.033769e-10 | node_P=+0.000000e+00 | node_Q=+0.000000e+00 | branch_ij=+0.000000e+00 | branch_ji=+0.000000e+00 | flex_P=-2.373879e-10 | flex_Q=-2.373879e-10
    [SLACK COMPONENT CHECK] classified_delta=-1.378153e-09 | objective_slack_delta=-1.378169e-09 | mismatch=+1.598721e-14
    [RECOURSE COMPONENT CHECK] classified_delta=-3.550138e+06 | block_delta=-3.550138e+06 | mismatch=-2.700835e-08
  TSO node=None year=2025 day=Spring | previous=1.050501e+08 | current=1.015727e+08 | delta=-3.477407e+06 | abs_delta=3.477407e+06
    [RECOURSE JUMP][TSO PROX] year=2025 day=Spring | V max=0.000386 | PF max=0.023396 | ESS max=0.000795
    [RECOURSE COMPONENTS] gen=-4.376333e+06 | flex=+8.989261e+05 | load_curt=+0.000000e+00 | res_curt=+0.000000e+00 | ess_usage=+0.000000e+00 | slacks=-1.411572e-07 | ess_comp=-1.514104e-02
    [SLACK COMPONENTS] voltage=-9.317714e-08 | node_P=+0.000000e+00 | node_Q=+0.000000e+00 | branch_ij=+0.000000e+00 | branch_ji=+0.000000e+00 | flex_P=-2.399003e-08 | flex_Q=-2.399003e-08
    [SLACK COMPONENT CHECK] classified_delta=-1.411572e-07 | objective_slack_delta=-1.411572e-07 | mismatch=+6.217249e-15
    [RECOURSE COMPONENT CHECK] classified_delta=-3.477407e+06 | block_delta=-3.477407e+06 | mismatch=-1.350418e-08
  TSO node=None year=2035 day=Summer | previous=9.579883e+07 | current=9.268932e+07 | delta=-3.109507e+06 | abs_delta=3.109507e+06
    [RECOURSE JUMP][TSO PROX] year=2035 day=Summer | V max=0.000684 | PF max=0.028119 | ESS max=0.001398
    [RECOURSE COMPONENTS] gen=-3.677616e+06 | flex=+5.681092e+05 | load_curt=+0.000000e+00 | res_curt=+0.000000e+00 | ess_usage=+0.000000e+00 | slacks=-6.345147e-12 | ess_comp=-2.748187e-03
    [SLACK COMPONENTS] voltage=-5.940137e-12 | node_P=+0.000000e+00 | node_Q=+0.000000e+00 | branch_ij=+0.000000e+00 | branch_ji=+0.000000e+00 | flex_P=-1.953993e-13 | flex_Q=-1.953993e-13
    [SLACK COMPONENT CHECK] classified_delta=-6.330936e-12 | objective_slack_delta=-6.345147e-12 | mismatch=+1.421085e-14
    [RECOURSE COMPONENT CHECK] classified_delta=-3.109507e+06 | block_delta=-3.109507e+06 | mismatch=+4.190952e-09
  TSO node=None year=2035 day=Winter | previous=4.007755e+07 | current=3.728395e+07 | delta=-2.793607e+06 | abs_delta=2.793607e+06
    [RECOURSE JUMP][TSO PROX] year=2035 day=Winter | V max=0.000616 | PF max=0.023312 | ESS max=0.001170
    [RECOURSE COMPONENTS] gen=-2.085962e+06 | flex=-7.050154e+05 | load_curt=+0.000000e+00 | res_curt=+0.000000e+00 | ess_usage=+0.000000e+00 | slacks=-2.179945e-11 | ess_comp=-2.629927e+03
    [SLACK COMPONENTS] voltage=-2.179945e-11 | node_P=+0.000000e+00 | node_Q=+0.000000e+00 | branch_ij=+0.000000e+00 | branch_ji=+0.000000e+00 | flex_P=-1.154632e-14 | flex_Q=-1.154632e-14
    [SLACK COMPONENT CHECK] classified_delta=-2.182254e-11 | objective_slack_delta=-2.179945e-11 | mismatch=-2.309264e-14
    [RECOURSE COMPONENT CHECK] classified_delta=-2.793607e+06 | block_delta=-2.793607e+06 | mismatch=-5.587935e-09
  TSO node=None year=2030 day=Winter | previous=4.369390e+07 | current=4.117125e+07 | delta=-2.522659e+06 | abs_delta=2.522659e+06
    [RECOURSE JUMP][TSO PROX] year=2030 day=Winter | V max=0.000587 | PF max=0.023103 | ESS max=0.001521
    [RECOURSE COMPONENTS] gen=-2.117481e+06 | flex=-4.051777e+05 | load_curt=+0.000000e+00 | res_curt=+0.000000e+00 | ess_usage=+0.000000e+00 | slacks=+3.157403e-08 | ess_comp=-2.999929e-02
    [SLACK COMPONENTS] voltage=+2.092655e-08 | node_P=+0.000000e+00 | node_Q=+0.000000e+00 | branch_ij=+0.000000e+00 | branch_ji=+0.000000e+00 | flex_P=+5.323741e-09 | flex_Q=+5.323741e-09
    [SLACK COMPONENT CHECK] classified_delta=+3.157403e-08 | objective_slack_delta=+3.157403e-08 | mismatch=-8.881784e-16
    [RECOURSE COMPONENT CHECK] classified_delta=-2.522659e+06 | block_delta=-2.522659e+06 | mismatch=-8.381903e-09
  TSO node=None year=2025 day=Winter | previous=8.994448e+07 | current=8.765757e+07 | delta=-2.286908e+06 | abs_delta=2.286908e+06
    [RECOURSE JUMP][TSO PROX] year=2025 day=Winter | V max=0.000227 | PF max=0.024223 | ESS max=0.000786
    [RECOURSE COMPONENTS] gen=-2.135670e+06 | flex=-1.512379e+05 | load_curt=+0.000000e+00 | res_curt=+0.000000e+00 | ess_usage=+0.000000e+00 | slacks=+6.177160e-09 | ess_comp=+1.716360e-03
    [SLACK COMPONENTS] voltage=+4.091589e-09 | node_P=+0.000000e+00 | node_Q=+0.000000e+00 | branch_ij=+0.000000e+00 | branch_ji=+0.000000e+00 | flex_P=+1.042792e-09 | flex_Q=+1.042792e-09
    [SLACK COMPONENT CHECK] classified_delta=+6.177173e-09 | objective_slack_delta=+6.177160e-09 | mismatch=+1.243450e-14
    [RECOURSE COMPONENT CHECK] classified_delta=-2.286908e+06 | block_delta=-2.286908e+06 | mismatch=-6.519258e-09
  TSO node=None year=2025 day=Autumn | previous=8.226472e+07 | current=8.001250e+07 | delta=-2.252212e+06 | abs_delta=2.252212e+06
    [RECOURSE JUMP][TSO PROX] year=2025 day=Autumn | V max=0.000205 | PF max=0.028647 | ESS max=0.000677
    [RECOURSE COMPONENTS] gen=-2.292604e+06 | flex=+4.039211e+04 | load_curt=+0.000000e+00 | res_curt=+0.000000e+00 | ess_usage=+0.000000e+00 | slacks=-1.172654e-07 | ess_comp=-4.290126e-03
    [SLACK COMPONENTS] voltage=-7.753562e-08 | node_P=+0.000000e+00 | node_Q=+0.000000e+00 | branch_ij=+0.000000e+00 | branch_ji=+0.000000e+00 | flex_P=-1.986488e-08 | flex_Q=-1.986488e-08
    [SLACK COMPONENT CHECK] classified_delta=-1.172654e-07 | objective_slack_delta=-1.172654e-07 | mismatch=-4.440892e-15
    [RECOURSE COMPONENT CHECK] classified_delta=-2.252212e+06 | block_delta=-2.252212e+06 | mismatch=-7.450581e-09
[INFO]		 - Recourse stationarity failed. 30953781.896191 > 97471.325950
[ADMM RHO] V | primal max ratio=0.052 | primal mean ratio=0.065 | primal selected=0.065 | dual mean ratio=0.046 | increase threshold=5.0 | decrease threshold=5.0 | action=held
[ADMM RHO] PF | primal max ratio=1.370 | primal mean ratio=0.692 | primal selected=1.370 | dual mean ratio=2.786 | increase threshold=5.0 | decrease threshold=3.0 | action=held
[ADMM RHO] ESS | primal max ratio=0.135 | primal mean ratio=0.059 | primal selected=0.135 | dual mean ratio=0.033 | increase threshold=5.0 | decrease threshold=5.0 | action=held
[INFO]		 - ADMM cycle 14 | Primal (V max/mean | PF max/mean | ESS max/mean) = 0.000517/0.000065 | 0.013698/0.000692 | 0.013496/0.000588 | Dual (V max/mean | PF max/mean | ESS max/mean) = 0.001937/0.000463 | 0.149038/0.027858 | 0.012718/0.000330 | Recourse change = 30953781.896191 (tol. 97471.325950) | Stable cycles = 0/1 | Penalty actions (V/PF/ESS) = held/held/held
[INFO] 	 - Iteration 14: 36.24 s
[INFO] 	 - ADMM Iteration 15
[INFO] 		 - Updating distribution networks:
[INFO] 			 - Running SMOPF, Network case33_1, 2025, Spring...
[INFO] 			 - Running SMOPF, Network case33_1, 2025, Summer...
[INFO] 			 - Running SMOPF, Network case33_1, 2025, Autumn...
[INFO] 			 - Running SMOPF, Network case33_1, 2025, Winter...
[INFO] 			 - Running SMOPF, Network case33_1, 2030, Spring...
[INFO] 			 - Running SMOPF, Network case33_1, 2030, Summer...
[INFO] 			 - Running SMOPF, Network case33_1, 2030, Autumn...
[INFO] 			 - Running SMOPF, Network case33_1, 2030, Winter...
[INFO] 			 - Running SMOPF, Network case33_1, 2035, Spring...
[INFO] 			 - Running SMOPF, Network case33_1, 2035, Summer...
[INFO] 			 - Running SMOPF, Network case33_1, 2035, Autumn...
[INFO] 			 - Running SMOPF, Network case33_1, 2035, Winter...
[INFO] 			 - Running SMOPF, Network case33_2, 2025, Spring...
[INFO] 			 - Running SMOPF, Network case33_2, 2025, Summer...
[INFO] 			 - Running SMOPF, Network case33_2, 2025, Autumn...
[INFO] 			 - Running SMOPF, Network case33_2, 2025, Winter...
[INFO] 			 - Running SMOPF, Network case33_2, 2030, Spring...
[INFO] 			 - Running SMOPF, Network case33_2, 2030, Summer...
[INFO] 			 - Running SMOPF, Network case33_2, 2030, Autumn...
[INFO] 			 - Running SMOPF, Network case33_2, 2030, Winter...
[INFO] 			 - Running SMOPF, Network case33_2, 2035, Spring...
[INFO] 			 - Running SMOPF, Network case33_2, 2035, Summer...
[INFO] 			 - Running SMOPF, Network case33_2, 2035, Autumn...
[INFO] 			 - Running SMOPF, Network case33_2, 2035, Winter...
[INFO] 			 - Running SMOPF, Network case33_3, 2025, Spring...
[INFO] 			 - Running SMOPF, Network case33_3, 2025, Summer...
[INFO] 			 - Running SMOPF, Network case33_3, 2025, Autumn...
[INFO] 			 - Running SMOPF, Network case33_3, 2025, Winter...
[INFO] 			 - Running SMOPF, Network case33_3, 2030, Spring...
[INFO] 			 - Running SMOPF, Network case33_3, 2030, Summer...
[INFO] 			 - Running SMOPF, Network case33_3, 2030, Autumn...
[INFO] 			 - Running SMOPF, Network case33_3, 2030, Winter...
[INFO] 			 - Running SMOPF, Network case33_3, 2035, Spring...
[INFO] 			 - Running SMOPF, Network case33_3, 2035, Summer...
[INFO] 			 - Running SMOPF, Network case33_3, 2035, Autumn...
[INFO] 			 - Running SMOPF, Network case33_3, 2035, Winter...
[INFO] 		 - Updating transmission network...
[INFO] 			 - Running SMOPF, Network case9, 2025, Spring...
[INFO] 			 - Running SMOPF, Network case9, 2025, Summer...
[INFO] 			 - Running SMOPF, Network case9, 2025, Autumn...
[INFO] 			 - Running SMOPF, Network case9, 2025, Winter...
[INFO] 			 - Running SMOPF, Network case9, 2030, Spring...
[INFO] 			 - Running SMOPF, Network case9, 2030, Summer...
[INFO] 			 - Running SMOPF, Network case9, 2030, Autumn...
[INFO] 			 - Running SMOPF, Network case9, 2030, Winter...
[INFO] 			 - Running SMOPF, Network case9, 2035, Spring...
[INFO] 			 - Running SMOPF, Network case9, 2035, Summer...
[INFO] 			 - Running SMOPF, Network case9, 2035, Autumn...
[INFO] 			 - Running SMOPF, Network case9, 2035, Winter...
[TSO PROX] cycle=15 | updated_blocks=12 | held_failed_blocks=0 | V max=0.000669 | PF max=0.028381 | ESS max=0.000822
[TSO PROX][V MAX] node=9, year=2035, day=Spring, period=10 | dV=0.230717 kV | normalized=0.000669
[TSO PROX][PF MAX] node=9, year=2025, day=Autumn, period=9, type=P | delta=4.257166 MW | normalized=0.028381
[TSO PROX][ESS MAX] node=5, year=2035, day=Spring, period=0, type=P | delta=0.001592 MW | normalized=0.000822
[INFO] 		 - Updating SharedESS...
[INFO] 		 - Running Shared ESS optimization (subproblem)...
[INFO] 			 - Node 5...
[INFO] Shared ESS complementarity diagnostics for ESS node=5: ratio_max=2.572751e-05 n_periods=288 mu_final=5.125059e-09 s_obj=1.000000e-01 eps=1.000000e-03 bound=1.476017e-02 measured=8.114062e-03
[INFO] 			 - Node 7...
[INFO] Shared ESS complementarity diagnostics for ESS node=7: ratio_max=2.572724e-05 n_periods=288 mu_final=5.110625e-09 s_obj=1.000000e-01 eps=1.000000e-03 bound=1.471860e-02 measured=8.073593e-03
[INFO] 			 - Node 9...
[INFO] Shared ESS complementarity diagnostics for ESS node=9: ratio_max=2.585345e-05 n_periods=288 mu_final=5.115937e-09 s_obj=1.000000e-01 eps=1.000000e-03 bound=1.473390e-02 measured=8.113873e-03
[DIAG][PF MAX] node=9, year=2035, day=Autumn, period=7, type=Q | TSO=-9.573410 MVAr, DSO=-7.403726 MVAr, diff=2.169683 MVAr, rating=150.000000 MVA, normalized=0.014465, rho(TSO/DSO)=5.202459/5.202459
[INFO]		 - interface PF max primal residual failed. 0.014465 > 0.010000
[INFO]		 - interface PF mean dual residual failed. 0.022589 > 0.010000
[RECOURSE JUMP] cycle=15 | abs_change=2.184572e+07 | tol=9.437595e+04 | signed_change=-2.184572e+07
[RECOURSE JUMP] Reconciliation | previous=9.437595e+08 | current=9.219138e+08 | block_delta=-2.184572e+07 | mismatch=+1.192093e-07
[RECOURSE JUMP] Aggregate signed changes:
  TSO | delta=-2.614947e+07
  DSO node=5 | delta=+1.938964e+06
  DSO node=9 | delta=+1.612098e+06
  DSO node=7 | delta=+7.526872e+05
  SALVAGE | delta=+3.486431e-35
[RECOURSE JUMP] Largest 10 block changes:
  TSO node=None year=2035 day=Spring | previous=9.331748e+07 | current=8.896295e+07 | delta=-4.354528e+06 | abs_delta=4.354528e+06
    [RECOURSE JUMP][TSO PROX] year=2035 day=Spring | V max=0.000669 | PF max=0.026175 | ESS max=0.000822
    [RECOURSE COMPONENTS] gen=-5.169164e+06 | flex=+8.159206e+05 | load_curt=+0.000000e+00 | res_curt=+0.000000e+00 | ess_usage=+0.000000e+00 | slacks=+9.050416e-07 | ess_comp=-1.284305e+03
    [SLACK COMPONENTS] voltage=+5.916977e-07 | node_P=+0.000000e+00 | node_Q=+0.000000e+00 | branch_ij=+0.000000e+00 | branch_ji=+0.000000e+00 | flex_P=+1.566719e-07 | flex_Q=+1.566719e-07
    [SLACK COMPONENT CHECK] classified_delta=+9.050416e-07 | objective_slack_delta=+9.050416e-07 | mismatch=-3.552714e-15
    [RECOURSE COMPONENT CHECK] classified_delta=-4.354528e+06 | block_delta=-4.354528e+06 | mismatch=+1.396984e-08
  TSO node=None year=2030 day=Spring | previous=8.375720e+07 | current=8.026139e+07 | delta=-3.495809e+06 | abs_delta=3.495809e+06
    [RECOURSE JUMP][TSO PROX] year=2030 day=Spring | V max=0.000645 | PF max=0.023615 | ESS max=0.000449
    [RECOURSE COMPONENTS] gen=-4.463603e+06 | flex=+9.677933e+05 | load_curt=+0.000000e+00 | res_curt=+0.000000e+00 | ess_usage=+0.000000e+00 | slacks=+3.070877e-08 | ess_comp=-9.426485e-03
    [SLACK COMPONENTS] voltage=+2.019420e-08 | node_P=+0.000000e+00 | node_Q=+0.000000e+00 | branch_ij=+0.000000e+00 | branch_ji=+0.000000e+00 | flex_P=+5.257279e-09 | flex_Q=+5.257279e-09
    [SLACK COMPONENT CHECK] classified_delta=+3.070876e-08 | objective_slack_delta=+3.070877e-08 | mismatch=-1.065814e-14
    [RECOURSE COMPONENT CHECK] classified_delta=-3.495809e+06 | block_delta=-3.495809e+06 | mismatch=+1.583248e-08
  TSO node=None year=2025 day=Summer | previous=1.124653e+08 | current=1.091038e+08 | delta=-3.361456e+06 | abs_delta=3.361456e+06
    [RECOURSE JUMP][TSO PROX] year=2025 day=Summer | V max=0.000258 | PF max=0.027042 | ESS max=0.000696
    [RECOURSE COMPONENTS] gen=-3.837300e+06 | flex=+4.758436e+05 | load_curt=+0.000000e+00 | res_curt=+0.000000e+00 | ess_usage=+0.000000e+00 | slacks=-2.660604e-08 | ess_comp=-2.677837e-03
    [SLACK COMPONENTS] voltage=-1.747956e-08 | node_P=+0.000000e+00 | node_Q=+0.000000e+00 | branch_ij=+0.000000e+00 | branch_ji=+0.000000e+00 | flex_P=-4.563240e-09 | flex_Q=-4.563240e-09
    [SLACK COMPONENT CHECK] classified_delta=-2.660604e-08 | objective_slack_delta=-2.660604e-08 | mismatch=+0.000000e+00
    [RECOURSE COMPONENT CHECK] classified_delta=-3.361456e+06 | block_delta=-3.361456e+06 | mismatch=+1.676381e-08
  TSO node=None year=2025 day=Spring | previous=1.015727e+08 | current=9.854491e+07 | delta=-3.027759e+06 | abs_delta=3.027759e+06
    [RECOURSE JUMP][TSO PROX] year=2025 day=Spring | V max=0.000387 | PF max=0.023391 | ESS max=0.000798
    [RECOURSE COMPONENTS] gen=-3.967892e+06 | flex=+9.401330e+05 | load_curt=+0.000000e+00 | res_curt=+0.000000e+00 | ess_usage=+0.000000e+00 | slacks=-6.771472e-12 | ess_comp=+3.134076e-03
    [SLACK COMPONENTS] voltage=-6.771472e-12 | node_P=+0.000000e+00 | node_Q=+0.000000e+00 | branch_ij=+0.000000e+00 | branch_ji=+0.000000e+00 | flex_P=+0.000000e+00 | flex_Q=+0.000000e+00
    [SLACK COMPONENT CHECK] classified_delta=-6.771472e-12 | objective_slack_delta=-6.771472e-12 | mismatch=+0.000000e+00
    [RECOURSE COMPONENT CHECK] classified_delta=-3.027759e+06 | block_delta=-3.027759e+06 | mismatch=-3.725290e-09
  TSO node=None year=2035 day=Summer | previous=9.268932e+07 | current=8.990485e+07 | delta=-2.784471e+06 | abs_delta=2.784471e+06
    [RECOURSE JUMP][TSO PROX] year=2035 day=Summer | V max=0.000444 | PF max=0.027958 | ESS max=0.000609
    [RECOURSE COMPONENTS] gen=-3.486868e+06 | flex=+7.023966e+05 | load_curt=+0.000000e+00 | res_curt=+0.000000e+00 | ess_usage=+0.000000e+00 | slacks=-5.805134e-12 | ess_comp=-8.033875e-03
    [SLACK COMPONENTS] voltage=-5.620393e-12 | node_P=+0.000000e+00 | node_Q=+0.000000e+00 | branch_ij=+0.000000e+00 | branch_ji=+0.000000e+00 | flex_P=-9.459100e-14 | flex_Q=-9.459100e-14
    [SLACK COMPONENT CHECK] classified_delta=-5.809575e-12 | objective_slack_delta=-5.805134e-12 | mismatch=-4.440892e-15
    [RECOURSE COMPONENT CHECK] classified_delta=-2.784471e+06 | block_delta=-2.784471e+06 | mismatch=+6.053597e-09
  TSO node=None year=2030 day=Summer | previous=8.730893e+07 | current=8.476968e+07 | delta=-2.539251e+06 | abs_delta=2.539251e+06
    [RECOURSE JUMP][TSO PROX] year=2030 day=Summer | V max=0.000611 | PF max=0.023586 | ESS max=0.000668
    [RECOURSE COMPONENTS] gen=-2.723167e+06 | flex=+1.839158e+05 | load_curt=+0.000000e+00 | res_curt=+0.000000e+00 | ess_usage=+0.000000e+00 | slacks=+2.827265e-08 | ess_comp=-1.313786e-02
    [SLACK COMPONENTS] voltage=+1.847786e-08 | node_P=+0.000000e+00 | node_Q=+0.000000e+00 | branch_ij=+0.000000e+00 | branch_ji=+0.000000e+00 | flex_P=+4.897384e-09 | flex_Q=+4.897384e-09
    [SLACK COMPONENT CHECK] classified_delta=+2.827263e-08 | objective_slack_delta=+2.827265e-08 | mismatch=-2.131628e-14
    [RECOURSE COMPONENT CHECK] classified_delta=-2.539251e+06 | block_delta=-2.539251e+06 | mismatch=-2.328306e-09
  TSO node=None year=2035 day=Autumn | previous=4.387229e+07 | current=4.207249e+07 | delta=-1.799798e+06 | abs_delta=1.799798e+06
    [RECOURSE JUMP][TSO PROX] year=2035 day=Autumn | V max=0.000505 | PF max=0.020886 | ESS max=0.000447
    [RECOURSE COMPONENTS] gen=-1.658345e+06 | flex=-1.415546e+05 | load_curt=+0.000000e+00 | res_curt=+0.000000e+00 | ess_usage=+0.000000e+00 | slacks=+2.210509e-06 | ess_comp=+1.012939e+02
    [SLACK COMPONENTS] voltage=+1.454118e-06 | node_P=+0.000000e+00 | node_Q=+0.000000e+00 | branch_ij=+0.000000e+00 | branch_ji=+0.000000e+00 | flex_P=+3.781956e-07 | flex_Q=+3.781956e-07
    [SLACK COMPONENT CHECK] classified_delta=+2.210509e-06 | objective_slack_delta=+2.210509e-06 | mismatch=-2.664535e-15
    [RECOURSE COMPONENT CHECK] classified_delta=-1.799798e+06 | block_delta=-1.799798e+06 | mismatch=-2.328306e-10
  TSO node=None year=2025 day=Autumn | previous=8.001250e+07 | current=7.840503e+07 | delta=-1.607475e+06 | abs_delta=1.607475e+06
    [RECOURSE JUMP][TSO PROX] year=2025 day=Autumn | V max=0.000211 | PF max=0.028381 | ESS max=0.000663
    [RECOURSE COMPONENTS] gen=-1.690898e+06 | flex=+8.342268e+04 | load_curt=+0.000000e+00 | res_curt=+0.000000e+00 | ess_usage=+0.000000e+00 | slacks=-6.069797e-09 | ess_comp=-4.233347e-04
    [SLACK COMPONENTS] voltage=-4.014318e-09 | node_P=+0.000000e+00 | node_Q=+0.000000e+00 | branch_ij=+0.000000e+00 | branch_ji=+0.000000e+00 | flex_P=-1.027746e-09 | flex_Q=-1.027746e-09
    [SLACK COMPONENT CHECK] classified_delta=-6.069810e-09 | objective_slack_delta=-6.069797e-09 | mismatch=-1.332268e-14
    [RECOURSE COMPONENT CHECK] classified_delta=-1.607475e+06 | block_delta=-1.607475e+06 | mismatch=+2.328306e-10
  TSO node=None year=2025 day=Winter | previous=8.765757e+07 | current=8.630510e+07 | delta=-1.352475e+06 | abs_delta=1.352475e+06
    [RECOURSE JUMP][TSO PROX] year=2025 day=Winter | V max=0.000178 | PF max=0.021848 | ESS max=0.000749
    [RECOURSE COMPONENTS] gen=-1.109142e+06 | flex=-2.433331e+05 | load_curt=+0.000000e+00 | res_curt=+0.000000e+00 | ess_usage=+0.000000e+00 | slacks=-1.853954e-07 | ess_comp=-2.326543e-02
    [SLACK COMPONENTS] voltage=-1.228149e-07 | node_P=+0.000000e+00 | node_Q=+0.000000e+00 | branch_ij=+0.000000e+00 | branch_ji=+0.000000e+00 | flex_P=-3.129025e-08 | flex_Q=-3.129025e-08
    [SLACK COMPONENT CHECK] classified_delta=-1.853954e-07 | objective_slack_delta=-1.853954e-07 | mismatch=-5.329071e-15
    [RECOURSE COMPONENT CHECK] classified_delta=-1.352475e+06 | block_delta=-1.352475e+06 | mismatch=+2.561137e-09
  DSO node=9 year=2035 day=Spring | previous=4.234346e+06 | current=4.964854e+06 | delta=+7.305079e+05 | abs_delta=7.305079e+05
    [RECOURSE COMPONENTS] gen=+0.000000e+00 | flex=+7.513137e+05 | load_curt=+0.000000e+00 | res_curt=-1.965801e+04 | ess_usage=+0.000000e+00 | slacks=-2.778151e-06 | ess_comp=-1.147808e+03
    [SLACK COMPONENTS] voltage=-2.741259e-06 | node_P=+0.000000e+00 | node_Q=+0.000000e+00 | branch_ij=+0.000000e+00 | branch_ji=+0.000000e+00 | flex_P=-3.177843e-08 | flex_Q=-5.112636e-09
    [SLACK COMPONENT CHECK] classified_delta=-2.778150e-06 | objective_slack_delta=-2.778151e-06 | mismatch=+6.536993e-13
    [RECOURSE COMPONENT CHECK] classified_delta=+7.305079e+05 | block_delta=+7.305079e+05 | mismatch=+9.313226e-10
[INFO]		 - Recourse stationarity failed. 21845717.727760 > 94375.947761
[ADMM RHO] V | primal max ratio=0.045 | primal mean ratio=0.052 | primal selected=0.052 | dual mean ratio=0.040 | increase threshold=5.0 | decrease threshold=5.0 | action=held
[ADMM RHO] PF | primal max ratio=1.446 | primal mean ratio=0.557 | primal selected=1.446 | dual mean ratio=2.259 | increase threshold=5.0 | decrease threshold=3.0 | action=held
[ADMM RHO] ESS | primal max ratio=0.147 | primal mean ratio=0.063 | primal selected=0.147 | dual mean ratio=0.027 | increase threshold=5.0 | decrease threshold=5.0 | action=held
[INFO]		 - ADMM cycle 15 | Primal (V max/mean | PF max/mean | ESS max/mean) = 0.000451/0.000052 | 0.014465/0.000557 | 0.014690/0.000629 | Dual (V max/mean | PF max/mean | ESS max/mean) = 0.001766/0.000399 | 0.147652/0.022589 | 0.009721/0.000267 | Recourse change = 21845717.727760 (tol. 94375.947761) | Stable cycles = 0/1 | Penalty actions (V/PF/ESS) = held/held/held
[INFO] 	 - Iteration 15: 37.42 s
[INFO] 	 - ADMM Iteration 16
[INFO] 		 - Updating distribution networks:
[INFO] 			 - Running SMOPF, Network case33_1, 2025, Spring...
[INFO] 			 - Running SMOPF, Network case33_1, 2025, Summer...
[INFO] 			 - Running SMOPF, Network case33_1, 2025, Autumn...
[INFO] 			 - Running SMOPF, Network case33_1, 2025, Winter...
[INFO] 			 - Running SMOPF, Network case33_1, 2030, Spring...
[INFO] 			 - Running SMOPF, Network case33_1, 2030, Summer...
[INFO] 			 - Running SMOPF, Network case33_1, 2030, Autumn...
[INFO] 			 - Running SMOPF, Network case33_1, 2030, Winter...
[INFO] 			 - Running SMOPF, Network case33_1, 2035, Spring...
[INFO] 			 - Running SMOPF, Network case33_1, 2035, Summer...
[INFO] 			 - Running SMOPF, Network case33_1, 2035, Autumn...
[INFO] 			 - Running SMOPF, Network case33_1, 2035, Winter...
[INFO] 			 - Running SMOPF, Network case33_2, 2025, Spring...
[INFO] 			 - Running SMOPF, Network case33_2, 2025, Summer...
[INFO] 			 - Running SMOPF, Network case33_2, 2025, Autumn...
[INFO] 			 - Running SMOPF, Network case33_2, 2025, Winter...
[INFO] 			 - Running SMOPF, Network case33_2, 2030, Spring...
[INFO] 			 - Running SMOPF, Network case33_2, 2030, Summer...
[INFO] 			 - Running SMOPF, Network case33_2, 2030, Autumn...
[INFO] 			 - Running SMOPF, Network case33_2, 2030, Winter...
[INFO] 			 - Running SMOPF, Network case33_2, 2035, Spring...
[INFO] 			 - Running SMOPF, Network case33_2, 2035, Summer...
[INFO] 			 - Running SMOPF, Network case33_2, 2035, Autumn...
[INFO] 			 - Running SMOPF, Network case33_2, 2035, Winter...
[INFO] 			 - Running SMOPF, Network case33_3, 2025, Spring...
[INFO] 			 - Running SMOPF, Network case33_3, 2025, Summer...
[INFO] 			 - Running SMOPF, Network case33_3, 2025, Autumn...
[INFO] 			 - Running SMOPF, Network case33_3, 2025, Winter...
[INFO] 			 - Running SMOPF, Network case33_3, 2030, Spring...
[INFO] 			 - Running SMOPF, Network case33_3, 2030, Summer...
[INFO] 			 - Running SMOPF, Network case33_3, 2030, Autumn...
[INFO] 			 - Running SMOPF, Network case33_3, 2030, Winter...
[INFO] 			 - Running SMOPF, Network case33_3, 2035, Spring...
[INFO] 			 - Running SMOPF, Network case33_3, 2035, Summer...
[INFO] 			 - Running SMOPF, Network case33_3, 2035, Autumn...
[INFO] 			 - Running SMOPF, Network case33_3, 2035, Winter...
[INFO] 		 - Updating transmission network...
[INFO] 			 - Running SMOPF, Network case9, 2025, Spring...
[INFO] 			 - Running SMOPF, Network case9, 2025, Summer...
[INFO] 			 - Running SMOPF, Network case9, 2025, Autumn...
[INFO] 			 - Running SMOPF, Network case9, 2025, Winter...
[INFO] 			 - Running SMOPF, Network case9, 2030, Spring...
[INFO] 			 - Running SMOPF, Network case9, 2030, Summer...
[INFO] 			 - Running SMOPF, Network case9, 2030, Autumn...
[INFO] 			 - Running SMOPF, Network case9, 2030, Winter...
[INFO] 			 - Running SMOPF, Network case9, 2035, Spring...
[INFO] 			 - Running SMOPF, Network case9, 2035, Summer...
[INFO] 			 - Running SMOPF, Network case9, 2035, Autumn...
[INFO] 			 - Running SMOPF, Network case9, 2035, Winter...
[TSO PROX] cycle=16 | updated_blocks=12 | held_failed_blocks=0 | V max=0.000686 | PF max=0.026155 | ESS max=0.002685
[TSO PROX][V MAX] node=9, year=2035, day=Spring, period=16 | dV=0.236701 kV | normalized=0.000686
[TSO PROX][PF MAX] node=9, year=2035, day=Spring, period=8, type=P | delta=3.923315 MW | normalized=0.026155
[TSO PROX][ESS MAX] node=5, year=2035, day=Autumn, period=6, type=P | delta=0.005202 MW | normalized=0.002685
[INFO] 		 - Updating SharedESS...
[INFO] 		 - Running Shared ESS optimization (subproblem)...
[INFO] 			 - Node 5...
[INFO] Shared ESS complementarity diagnostics for ESS node=5: ratio_max=2.546807e-05 n_periods=288 mu_final=5.008076e-09 s_obj=1.000000e-01 eps=1.000000e-03 bound=1.442326e-02 measured=8.159295e-03
[INFO] 			 - Node 7...
[INFO] Shared ESS complementarity diagnostics for ESS node=7: ratio_max=2.539283e-05 n_periods=288 mu_final=5.041005e-09 s_obj=1.000000e-01 eps=1.000000e-03 bound=1.451809e-02 measured=8.047016e-03
[INFO] 			 - Node 9...
[INFO] Shared ESS complementarity diagnostics for ESS node=9: ratio_max=2.537344e-05 n_periods=288 mu_final=5.074811e-09 s_obj=1.000000e-01 eps=1.000000e-03 bound=1.461546e-02 measured=8.139177e-03
[DIAG][PF MAX] node=9, year=2035, day=Spring, period=7, type=Q | TSO=-10.361047 MVAr, DSO=-8.709321 MVAr, diff=1.651726 MVAr, rating=150.000000 MVA, normalized=0.011012, rho(TSO/DSO)=5.202459/5.202459
[INFO]		 - interface PF max primal residual failed. 0.011012 > 0.010000
[INFO]		 - interface PF mean dual residual failed. 0.018730 > 0.010000
[RECOURSE JUMP] cycle=16 | abs_change=1.631350e+07 | tol=9.219138e+04 | signed_change=-1.631350e+07
[RECOURSE JUMP] Reconciliation | previous=9.219138e+08 | current=9.056003e+08 | block_delta=-1.631350e+07 | mismatch=+0.000000e+00
[RECOURSE JUMP] Aggregate signed changes:
  TSO | delta=-1.997852e+07
  DSO node=9 | delta=+1.828916e+06
  DSO node=5 | delta=+1.075821e+06
  DSO node=7 | delta=+7.602829e+05
  SALVAGE | delta=-7.900568e-36
[RECOURSE JUMP] Largest 10 block changes:
  TSO node=None year=2035 day=Spring | previous=8.896295e+07 | current=8.456942e+07 | delta=-4.393535e+06 | abs_delta=4.393535e+06
    [RECOURSE JUMP][TSO PROX] year=2035 day=Spring | V max=0.000686 | PF max=0.026155 | ESS max=0.000583
    [RECOURSE COMPONENTS] gen=-5.389566e+06 | flex=+9.975759e+05 | load_curt=+0.000000e+00 | res_curt=+0.000000e+00 | ess_usage=+0.000000e+00 | slacks=-4.705719e-07 | ess_comp=-1.544547e+03
    [SLACK COMPONENTS] voltage=-3.075915e-07 | node_P=+0.000000e+00 | node_Q=+0.000000e+00 | branch_ij=+0.000000e+00 | branch_ji=+0.000000e+00 | flex_P=-8.149022e-08 | flex_Q=-8.149022e-08
    [SLACK COMPONENT CHECK] classified_delta=-4.705719e-07 | objective_slack_delta=-4.705719e-07 | mismatch=-9.769963e-15
    [RECOURSE COMPONENT CHECK] classified_delta=-4.393535e+06 | block_delta=-4.393535e+06 | mismatch=-6.519258e-09
  TSO node=None year=2025 day=Summer | previous=1.091038e+08 | current=1.063968e+08 | delta=-2.707020e+06 | abs_delta=2.707020e+06
    [RECOURSE JUMP][TSO PROX] year=2025 day=Summer | V max=0.000262 | PF max=0.022659 | ESS max=0.000665
    [RECOURSE COMPONENTS] gen=-3.145237e+06 | flex=+4.382173e+05 | load_curt=+0.000000e+00 | res_curt=+0.000000e+00 | ess_usage=+0.000000e+00 | slacks=-1.622202e-08 | ess_comp=-1.224008e-03
    [SLACK COMPONENTS] voltage=-1.065807e-08 | node_P=+0.000000e+00 | node_Q=+0.000000e+00 | branch_ij=+0.000000e+00 | branch_ji=+0.000000e+00 | flex_P=-2.781987e-09 | flex_Q=-2.781987e-09
    [SLACK COMPONENT CHECK] classified_delta=-1.622204e-08 | objective_slack_delta=-1.622202e-08 | mismatch=-2.664535e-14
    [RECOURSE COMPONENT CHECK] classified_delta=-2.707020e+06 | block_delta=-2.707020e+06 | mismatch=+1.396984e-09
  TSO node=None year=2030 day=Spring | previous=8.026139e+07 | current=7.766358e+07 | delta=-2.597806e+06 | abs_delta=2.597806e+06
    [RECOURSE JUMP][TSO PROX] year=2030 day=Spring | V max=0.000601 | PF max=0.021546 | ESS max=0.000049
    [RECOURSE COMPONENTS] gen=-3.283707e+06 | flex=+6.859011e+05 | load_curt=+0.000000e+00 | res_curt=+0.000000e+00 | ess_usage=+0.000000e+00 | slacks=+5.548692e-09 | ess_comp=-8.196639e-03
    [SLACK COMPONENTS] voltage=+3.653781e-09 | node_P=+0.000000e+00 | node_Q=+0.000000e+00 | branch_ij=+0.000000e+00 | branch_ji=+0.000000e+00 | flex_P=+9.474590e-10 | flex_Q=+9.474590e-10
    [SLACK COMPONENT CHECK] classified_delta=+5.548699e-09 | objective_slack_delta=+5.548692e-09 | mismatch=+7.105427e-15
    [RECOURSE COMPONENT CHECK] classified_delta=-2.597806e+06 | block_delta=-2.597806e+06 | mismatch=-1.303852e-08
  TSO node=None year=2035 day=Summer | previous=8.990485e+07 | current=8.746879e+07 | delta=-2.436058e+06 | abs_delta=2.436058e+06
    [RECOURSE JUMP][TSO PROX] year=2035 day=Summer | V max=0.000424 | PF max=0.022081 | ESS max=0.000339
    [RECOURSE COMPONENTS] gen=-3.168321e+06 | flex=+7.322630e+05 | load_curt=+0.000000e+00 | res_curt=+0.000000e+00 | ess_usage=+0.000000e+00 | slacks=-2.962963e-12 | ess_comp=-4.797306e-03
    [SLACK COMPONENTS] voltage=-2.991385e-12 | node_P=+0.000000e+00 | node_Q=+0.000000e+00 | branch_ij=+0.000000e+00 | branch_ji=+0.000000e+00 | flex_P=+1.509903e-14 | flex_Q=+1.509903e-14
    [SLACK COMPONENT CHECK] classified_delta=-2.961187e-12 | objective_slack_delta=-2.962963e-12 | mismatch=+1.776357e-15
    [RECOURSE COMPONENT CHECK] classified_delta=-2.436058e+06 | block_delta=-2.436058e+06 | mismatch=-1.862645e-09
  TSO node=None year=2030 day=Summer | previous=8.476968e+07 | current=8.279323e+07 | delta=-1.976444e+06 | abs_delta=1.976444e+06
    [RECOURSE JUMP][TSO PROX] year=2030 day=Summer | V max=0.000374 | PF max=0.023574 | ESS max=0.000085
    [RECOURSE COMPONENTS] gen=-2.012853e+06 | flex=+3.640924e+04 | load_curt=+0.000000e+00 | res_curt=+0.000000e+00 | ess_usage=+0.000000e+00 | slacks=+1.396806e-08 | ess_comp=-8.558062e-03
    [SLACK COMPONENTS] voltage=+9.137146e-09 | node_P=+0.000000e+00 | node_Q=+0.000000e+00 | branch_ij=+0.000000e+00 | branch_ji=+0.000000e+00 | flex_P=+2.415470e-09 | flex_Q=+2.415470e-09
    [SLACK COMPONENT CHECK] classified_delta=+1.396809e-08 | objective_slack_delta=+1.396806e-08 | mismatch=+2.309264e-14
    [RECOURSE COMPONENT CHECK] classified_delta=-1.976444e+06 | block_delta=-1.976444e+06 | mismatch=+3.725290e-09
  TSO node=None year=2025 day=Spring | previous=9.854491e+07 | current=9.657147e+07 | delta=-1.973441e+06 | abs_delta=1.973441e+06
    [RECOURSE JUMP][TSO PROX] year=2025 day=Spring | V max=0.000348 | PF max=0.020441 | ESS max=0.000778
    [RECOURSE COMPONENTS] gen=-2.511318e+06 | flex=+5.378776e+05 | load_curt=+0.000000e+00 | res_curt=+0.000000e+00 | ess_usage=+0.000000e+00 | slacks=-5.684342e-13 | ess_comp=+3.078894e-03
    [SLACK COMPONENTS] voltage=-5.684342e-13 | node_P=+0.000000e+00 | node_Q=+0.000000e+00 | branch_ij=+0.000000e+00 | branch_ji=+0.000000e+00 | flex_P=-4.440892e-16 | flex_Q=-4.440892e-16
    [SLACK COMPONENT CHECK] classified_delta=-5.693224e-13 | objective_slack_delta=-5.684342e-13 | mismatch=-8.881784e-16
    [RECOURSE COMPONENT CHECK] classified_delta=-1.973441e+06 | block_delta=-1.973441e+06 | mismatch=+7.916242e-09
  TSO node=None year=2035 day=Autumn | previous=4.207249e+07 | current=4.047733e+07 | delta=-1.595159e+06 | abs_delta=1.595159e+06
    [RECOURSE JUMP][TSO PROX] year=2035 day=Autumn | V max=0.000381 | PF max=0.020875 | ESS max=0.002685
    [RECOURSE COMPONENTS] gen=-1.562728e+06 | flex=-3.178564e+04 | load_curt=+0.000000e+00 | res_curt=+0.000000e+00 | ess_usage=+0.000000e+00 | slacks=-2.666008e-06 | ess_comp=-6.452246e+02
    [SLACK COMPONENTS] voltage=-1.753677e-06 | node_P=+0.000000e+00 | node_Q=+0.000000e+00 | branch_ij=+0.000000e+00 | branch_ji=+0.000000e+00 | flex_P=-4.561655e-07 | flex_Q=-4.561655e-07
    [SLACK COMPONENT CHECK] classified_delta=-2.666008e-06 | objective_slack_delta=-2.666008e-06 | mismatch=+1.332268e-14
    [RECOURSE COMPONENT CHECK] classified_delta=-1.595159e+06 | block_delta=-1.595159e+06 | mismatch=-4.656613e-09
  TSO node=None year=2025 day=Winter | previous=8.630510e+07 | current=8.517137e+07 | delta=-1.133729e+06 | abs_delta=1.133729e+06
    [RECOURSE JUMP][TSO PROX] year=2025 day=Winter | V max=0.000155 | PF max=0.019764 | ESS max=0.000691
    [RECOURSE COMPONENTS] gen=-9.721960e+05 | flex=-1.615329e+05 | load_curt=+0.000000e+00 | res_curt=+0.000000e+00 | ess_usage=+0.000000e+00 | slacks=+2.035250e-07 | ess_comp=+2.568698e-02
    [SLACK COMPONENTS] voltage=+1.348152e-07 | node_P=+0.000000e+00 | node_Q=+0.000000e+00 | branch_ij=+0.000000e+00 | branch_ji=+0.000000e+00 | flex_P=+3.435490e-08 | flex_Q=+3.435490e-08
    [SLACK COMPONENT CHECK] classified_delta=+2.035250e-07 | objective_slack_delta=+2.035250e-07 | mismatch=+7.105427e-15
    [RECOURSE COMPONENT CHECK] classified_delta=-1.133729e+06 | block_delta=-1.133729e+06 | mismatch=+1.629815e-08
  DSO node=9 year=2035 day=Spring | previous=4.964854e+06 | current=5.725150e+06 | delta=+7.602963e+05 | abs_delta=7.602963e+05
    [RECOURSE COMPONENTS] gen=+0.000000e+00 | flex=+7.811482e+05 | load_curt=+0.000000e+00 | res_curt=-1.974175e+04 | ess_usage=+0.000000e+00 | slacks=-2.768277e-06 | ess_comp=-1.110174e+03
    [SLACK COMPONENTS] voltage=-2.739869e-06 | node_P=+0.000000e+00 | node_Q=+0.000000e+00 | branch_ij=+0.000000e+00 | branch_ji=+0.000000e+00 | flex_P=-2.840810e-08 | flex_Q=+0.000000e+00
    [SLACK COMPONENT CHECK] classified_delta=-2.768277e-06 | objective_slack_delta=-2.768277e-06 | mismatch=-9.237056e-14
    [RECOURSE COMPONENT CHECK] classified_delta=+7.602963e+05 | block_delta=+7.602963e+05 | mismatch=-2.328306e-10
  TSO node=None year=2025 day=Autumn | previous=7.840503e+07 | current=7.775740e+07 | delta=-6.476343e+05 | abs_delta=6.476343e+05
    [RECOURSE JUMP][TSO PROX] year=2025 day=Autumn | V max=0.000167 | PF max=0.022478 | ESS max=0.000621
    [RECOURSE COMPONENTS] gen=-6.167473e+05 | flex=-3.088699e+04 | load_curt=+0.000000e+00 | res_curt=+0.000000e+00 | ess_usage=+0.000000e+00 | slacks=-1.406875e-12 | ess_comp=+1.468701e-03
    [SLACK COMPONENTS] voltage=-1.406875e-12 | node_P=+0.000000e+00 | node_Q=+0.000000e+00 | branch_ij=+0.000000e+00 | branch_ji=+0.000000e+00 | flex_P=+6.217249e-15 | flex_Q=+6.217249e-15
    [SLACK COMPONENT CHECK] classified_delta=-1.394440e-12 | objective_slack_delta=-1.406875e-12 | mismatch=+1.243450e-14
    [RECOURSE COMPONENT CHECK] classified_delta=-6.476343e+05 | block_delta=-6.476343e+05 | mismatch=+9.778887e-09
[INFO]		 - Recourse stationarity failed. 16313501.607261 > 92191.375988
[ADMM RHO] V | primal max ratio=0.039 | primal mean ratio=0.041 | primal selected=0.041 | dual mean ratio=0.034 | increase threshold=5.0 | decrease threshold=5.0 | action=held
[ADMM RHO] PF | primal max ratio=1.101 | primal mean ratio=0.457 | primal selected=1.101 | dual mean ratio=1.873 | increase threshold=5.0 | decrease threshold=3.0 | action=held
[ADMM RHO] ESS | primal max ratio=0.155 | primal mean ratio=0.063 | primal selected=0.155 | dual mean ratio=0.020 | increase threshold=5.0 | decrease threshold=5.0 | action=held
[INFO]		 - ADMM cycle 16 | Primal (V max/mean | PF max/mean | ESS max/mean) = 0.000389/0.000041 | 0.011012/0.000457 | 0.015464/0.000632 | Dual (V max/mean | PF max/mean | ESS max/mean) = 0.001679/0.000339 | 0.136075/0.018730 | 0.006575/0.000203 | Recourse change = 16313501.607261 (tol. 92191.375988) | Stable cycles = 0/1 | Penalty actions (V/PF/ESS) = held/held/held
[INFO] 	 - Iteration 16: 36.25 s
[INFO] 	 - ADMM Iteration 17
[INFO] 		 - Updating distribution networks:
[INFO] 			 - Running SMOPF, Network case33_1, 2025, Spring...
[INFO] 			 - Running SMOPF, Network case33_1, 2025, Summer...
[INFO] 			 - Running SMOPF, Network case33_1, 2025, Autumn...
[INFO] 			 - Running SMOPF, Network case33_1, 2025, Winter...
[INFO] 			 - Running SMOPF, Network case33_1, 2030, Spring...
[INFO] 			 - Running SMOPF, Network case33_1, 2030, Summer...
[INFO] 			 - Running SMOPF, Network case33_1, 2030, Autumn...
[INFO] 			 - Running SMOPF, Network case33_1, 2030, Winter...
[INFO] 			 - Running SMOPF, Network case33_1, 2035, Spring...
[INFO] 			 - Running SMOPF, Network case33_1, 2035, Summer...
[INFO] 			 - Running SMOPF, Network case33_1, 2035, Autumn...
[INFO] 			 - Running SMOPF, Network case33_1, 2035, Winter...
[INFO] 			 - Running SMOPF, Network case33_2, 2025, Spring...
[INFO] 			 - Running SMOPF, Network case33_2, 2025, Summer...
[INFO] 			 - Running SMOPF, Network case33_2, 2025, Autumn...
[INFO] 			 - Running SMOPF, Network case33_2, 2025, Winter...
[INFO] 			 - Running SMOPF, Network case33_2, 2030, Spring...
[INFO] 			 - Running SMOPF, Network case33_2, 2030, Summer...
[INFO] 			 - Running SMOPF, Network case33_2, 2030, Autumn...
[INFO] 			 - Running SMOPF, Network case33_2, 2030, Winter...
[INFO] 			 - Running SMOPF, Network case33_2, 2035, Spring...
[INFO] 			 - Running SMOPF, Network case33_2, 2035, Summer...
[INFO] 			 - Running SMOPF, Network case33_2, 2035, Autumn...
[INFO] 			 - Running SMOPF, Network case33_2, 2035, Winter...
[INFO] 			 - Running SMOPF, Network case33_3, 2025, Spring...
[INFO] 			 - Running SMOPF, Network case33_3, 2025, Summer...
[INFO] 			 - Running SMOPF, Network case33_3, 2025, Autumn...
[INFO] 			 - Running SMOPF, Network case33_3, 2025, Winter...
[INFO] 			 - Running SMOPF, Network case33_3, 2030, Spring...
[INFO] 			 - Running SMOPF, Network case33_3, 2030, Summer...
[INFO] 			 - Running SMOPF, Network case33_3, 2030, Autumn...
[INFO] 			 - Running SMOPF, Network case33_3, 2030, Winter...
[INFO] 			 - Running SMOPF, Network case33_3, 2035, Spring...
[INFO] 			 - Running SMOPF, Network case33_3, 2035, Summer...
[INFO] 			 - Running SMOPF, Network case33_3, 2035, Autumn...
[INFO] 			 - Running SMOPF, Network case33_3, 2035, Winter...
[INFO] 		 - Updating transmission network...
[INFO] 			 - Running SMOPF, Network case9, 2025, Spring...
[INFO] 			 - Running SMOPF, Network case9, 2025, Summer...
[INFO] 			 - Running SMOPF, Network case9, 2025, Autumn...
[INFO] 			 - Running SMOPF, Network case9, 2025, Winter...
[INFO] 			 - Running SMOPF, Network case9, 2030, Spring...
[INFO] 			 - Running SMOPF, Network case9, 2030, Summer...
[INFO] 			 - Running SMOPF, Network case9, 2030, Autumn...
[INFO] 			 - Running SMOPF, Network case9, 2030, Winter...
[INFO] 			 - Running SMOPF, Network case9, 2035, Spring...
[INFO] 			 - Running SMOPF, Network case9, 2035, Summer...
[INFO] 			 - Running SMOPF, Network case9, 2035, Autumn...
[INFO] 			 - Running SMOPF, Network case9, 2035, Winter...
[TSO PROX] cycle=17 | updated_blocks=12 | held_failed_blocks=0 | V max=0.000690 | PF max=0.026103 | ESS max=0.005359
[TSO PROX][V MAX] node=9, year=2035, day=Spring, period=16 | dV=0.238100 kV | normalized=0.000690
[TSO PROX][PF MAX] node=9, year=2035, day=Spring, period=8, type=P | delta=3.915435 MW | normalized=0.026103
[TSO PROX][ESS MAX] node=9, year=2035, day=Autumn, period=6, type=P | delta=0.010383 MW | normalized=0.005359
[INFO] 		 - Updating SharedESS...
[INFO] 		 - Running Shared ESS optimization (subproblem)...
[INFO] 			 - Node 5...
[INFO] Shared ESS complementarity diagnostics for ESS node=5: ratio_max=2.582732e-05 n_periods=288 mu_final=4.889204e-09 s_obj=1.000000e-01 eps=1.000000e-03 bound=1.408091e-02 measured=8.184284e-03
[INFO] 			 - Node 7...
[INFO] Shared ESS complementarity diagnostics for ESS node=7: ratio_max=2.562826e-05 n_periods=288 mu_final=5.164939e-09 s_obj=1.000000e-01 eps=1.000000e-03 bound=1.487502e-02 measured=8.026856e-03
[INFO] 			 - Node 9...
[INFO] Shared ESS complementarity diagnostics for ESS node=9: ratio_max=2.566390e-05 n_periods=288 mu_final=5.145538e-09 s_obj=1.000000e-01 eps=1.000000e-03 bound=1.481915e-02 measured=8.159335e-03
[DIAG][PF MAX] node=9, year=2030, day=Autumn, period=12, type=Q | TSO=-9.159876 MVAr, DSO=-7.338272 MVAr, diff=1.821604 MVAr, rating=150.000000 MVA, normalized=0.012144, rho(TSO/DSO)=5.202459/5.202459
[INFO]		 - interface PF max primal residual failed. 0.012144 > 0.010000
[INFO]		 - interface PF mean dual residual failed. 0.015717 > 0.010000
[RECOURSE JUMP] cycle=17 | abs_change=1.301143e+07 | tol=9.056003e+04 | signed_change=-1.301143e+07
[RECOURSE JUMP] Reconciliation | previous=9.056003e+08 | current=8.925888e+08 | block_delta=-1.301143e+07 | mismatch=-2.384186e-07
[RECOURSE JUMP] Aggregate signed changes:
  TSO | delta=-1.573658e+07
  DSO node=9 | delta=+1.708075e+06
  DSO node=7 | delta=+7.082810e+05
  DSO node=5 | delta=+3.087983e+05
  SALVAGE | delta=-5.064094e-36
[RECOURSE JUMP] Largest 10 block changes:
  TSO node=None year=2035 day=Spring | previous=8.456942e+07 | current=8.019874e+07 | delta=-4.370671e+06 | abs_delta=4.370671e+06
    [RECOURSE JUMP][TSO PROX] year=2035 day=Spring | V max=0.000690 | PF max=0.026103 | ESS max=0.000468
    [RECOURSE COMPONENTS] gen=-5.455007e+06 | flex=+1.086852e+06 | load_curt=+0.000000e+00 | res_curt=+0.000000e+00 | ess_usage=+0.000000e+00 | slacks=+1.067536e-07 | ess_comp=-2.516516e+03
    [SLACK COMPONENTS] voltage=+6.990362e-08 | node_P=+0.000000e+00 | node_Q=+0.000000e+00 | branch_ij=+0.000000e+00 | branch_ji=+0.000000e+00 | flex_P=+1.842501e-08 | flex_Q=+1.842501e-08
    [SLACK COMPONENT CHECK] classified_delta=+1.067536e-07 | objective_slack_delta=+1.067536e-07 | mismatch=+0.000000e+00
    [RECOURSE COMPONENT CHECK] classified_delta=-4.370671e+06 | block_delta=-4.370671e+06 | mismatch=+1.862645e-09
  TSO node=None year=2030 day=Summer | previous=8.279323e+07 | current=8.081773e+07 | delta=-1.975502e+06 | abs_delta=1.975502e+06
    [RECOURSE JUMP][TSO PROX] year=2030 day=Summer | V max=0.000308 | PF max=0.023562 | ESS max=0.000423
    [RECOURSE COMPONENTS] gen=-2.092481e+06 | flex=+1.169797e+05 | load_curt=+0.000000e+00 | res_curt=+0.000000e+00 | ess_usage=+0.000000e+00 | slacks=-2.401777e-09 | ess_comp=-3.381984e-03
    [SLACK COMPONENTS] voltage=-1.556948e-09 | node_P=+0.000000e+00 | node_Q=+0.000000e+00 | branch_ij=+0.000000e+00 | branch_ji=+0.000000e+00 | flex_P=-4.224154e-10 | flex_Q=-4.224154e-10
    [SLACK COMPONENT CHECK] classified_delta=-2.401779e-09 | objective_slack_delta=-2.401777e-09 | mismatch=-2.664535e-15
    [RECOURSE COMPONENT CHECK] classified_delta=-1.975502e+06 | block_delta=-1.975502e+06 | mismatch=-4.190952e-09
  TSO node=None year=2035 day=Summer | previous=8.746879e+07 | current=8.551311e+07 | delta=-1.955681e+06 | abs_delta=1.955681e+06
    [RECOURSE JUMP][TSO PROX] year=2035 day=Summer | V max=0.000392 | PF max=0.021692 | ESS max=0.003350
    [RECOURSE COMPONENTS] gen=-2.583776e+06 | flex=+6.280948e+05 | load_curt=+0.000000e+00 | res_curt=+0.000000e+00 | ess_usage=+0.000000e+00 | slacks=-2.891909e-12 | ess_comp=+5.054077e-01
    [SLACK COMPONENTS] voltage=-2.863487e-12 | node_P=+0.000000e+00 | node_Q=+0.000000e+00 | branch_ij=+0.000000e+00 | branch_ji=+0.000000e+00 | flex_P=-2.442491e-14 | flex_Q=-2.442491e-14
    [SLACK COMPONENT CHECK] classified_delta=-2.912337e-12 | objective_slack_delta=-2.891909e-12 | mismatch=-2.042810e-14
    [RECOURSE COMPONENT CHECK] classified_delta=-1.955681e+06 | block_delta=-1.955681e+06 | mismatch=-9.313226e-10
  TSO node=None year=2030 day=Spring | previous=7.766358e+07 | current=7.572963e+07 | delta=-1.933949e+06 | abs_delta=1.933949e+06
    [RECOURSE JUMP][TSO PROX] year=2030 day=Spring | V max=0.000308 | PF max=0.021532 | ESS max=0.000279
    [RECOURSE COMPONENTS] gen=-2.407792e+06 | flex=+4.738425e+05 | load_curt=+0.000000e+00 | res_curt=+0.000000e+00 | ess_usage=+0.000000e+00 | slacks=+1.574634e-09 | ess_comp=-6.824543e-03
    [SLACK COMPONENTS] voltage=+1.042565e-09 | node_P=+0.000000e+00 | node_Q=+0.000000e+00 | branch_ij=+0.000000e+00 | branch_ji=+0.000000e+00 | flex_P=+2.660250e-10 | flex_Q=+2.660250e-10
    [SLACK COMPONENT CHECK] classified_delta=+1.574615e-09 | objective_slack_delta=+1.574634e-09 | mismatch=-1.865175e-14
    [RECOURSE COMPONENT CHECK] classified_delta=-1.933949e+06 | block_delta=-1.933949e+06 | mismatch=-1.117587e-08
  TSO node=None year=2025 day=Summer | previous=1.063968e+08 | current=1.046637e+08 | delta=-1.733081e+06 | abs_delta=1.733081e+06
    [RECOURSE JUMP][TSO PROX] year=2025 day=Summer | V max=0.000235 | PF max=0.022655 | ESS max=0.000648
    [RECOURSE COMPONENTS] gen=-1.776594e+06 | flex=+4.351319e+04 | load_curt=+0.000000e+00 | res_curt=+0.000000e+00 | ess_usage=+0.000000e+00 | slacks=-1.306000e-08 | ess_comp=-6.638689e-04
    [SLACK COMPONENTS] voltage=-8.581821e-09 | node_P=+0.000000e+00 | node_Q=+0.000000e+00 | branch_ij=+0.000000e+00 | branch_ji=+0.000000e+00 | flex_P=-2.239076e-09 | flex_Q=-2.239076e-09
    [SLACK COMPONENT CHECK] classified_delta=-1.305997e-08 | objective_slack_delta=-1.306000e-08 | mismatch=+2.131628e-14
    [RECOURSE COMPONENT CHECK] classified_delta=-1.733081e+06 | block_delta=-1.733081e+06 | mismatch=+2.095476e-09
  TSO node=None year=2025 day=Spring | previous=9.657147e+07 | current=9.500742e+07 | delta=-1.564053e+06 | abs_delta=1.564053e+06
    [RECOURSE JUMP][TSO PROX] year=2025 day=Spring | V max=0.000326 | PF max=0.020426 | ESS max=0.000763
    [RECOURSE COMPONENTS] gen=-1.957301e+06 | flex=+3.932478e+05 | load_curt=+0.000000e+00 | res_curt=+0.000000e+00 | ess_usage=+0.000000e+00 | slacks=+8.739676e-13 | ess_comp=+3.307067e-03
    [SLACK COMPONENTS] voltage=+8.739676e-13 | node_P=+0.000000e+00 | node_Q=+0.000000e+00 | branch_ij=+0.000000e+00 | branch_ji=+0.000000e+00 | flex_P=+0.000000e+00 | flex_Q=+0.000000e+00
    [SLACK COMPONENT CHECK] classified_delta=+8.739676e-13 | objective_slack_delta=+8.739676e-13 | mismatch=+0.000000e+00
    [RECOURSE COMPONENT CHECK] classified_delta=-1.564053e+06 | block_delta=-1.564053e+06 | mismatch=-1.327135e-08
  TSO node=None year=2035 day=Autumn | previous=4.047733e+07 | current=3.920816e+07 | delta=-1.269172e+06 | abs_delta=1.269172e+06
    [RECOURSE JUMP][TSO PROX] year=2035 day=Autumn | V max=0.000299 | PF max=0.019879 | ESS max=0.005359
    [RECOURSE COMPONENTS] gen=-1.245772e+06 | flex=-2.171285e+04 | load_curt=+0.000000e+00 | res_curt=+0.000000e+00 | ess_usage=+0.000000e+00 | slacks=-4.703793e-12 | ess_comp=-1.687632e+03
    [SLACK COMPONENTS] voltage=-4.050094e-12 | node_P=+0.000000e+00 | node_Q=+0.000000e+00 | branch_ij=+0.000000e+00 | branch_ji=+0.000000e+00 | flex_P=-3.330669e-13 | flex_Q=-3.330669e-13
    [SLACK COMPONENT CHECK] classified_delta=-4.716227e-12 | objective_slack_delta=-4.703793e-12 | mismatch=-1.243450e-14
    [RECOURSE COMPONENT CHECK] classified_delta=-1.269172e+06 | block_delta=-1.269172e+06 | mismatch=+3.259629e-09
  DSO node=9 year=2035 day=Spring | previous=5.725150e+06 | current=6.486111e+06 | delta=+7.609605e+05 | abs_delta=7.609605e+05
    [RECOURSE COMPONENTS] gen=+0.000000e+00 | flex=+7.813796e+05 | load_curt=+0.000000e+00 | res_curt=-1.934490e+04 | ess_usage=+0.000000e+00 | slacks=-2.332447e-06 | ess_comp=-1.074138e+03
    [SLACK COMPONENTS] voltage=-2.290782e-06 | node_P=+0.000000e+00 | node_Q=+0.000000e+00 | branch_ij=+0.000000e+00 | branch_ji=+0.000000e+00 | flex_P=-4.699624e-08 | flex_Q=+5.331824e-09
    [SLACK COMPONENT CHECK] classified_delta=-2.332447e-06 | objective_slack_delta=-2.332447e-06 | mismatch=+1.598721e-13
    [RECOURSE COMPONENT CHECK] classified_delta=+7.609605e+05 | block_delta=+7.609605e+05 | mismatch=-9.313226e-10
  DSO node=9 year=2030 day=Spring | previous=2.542941e+06 | current=2.922307e+06 | delta=+3.793657e+05 | abs_delta=3.793657e+05
    [RECOURSE COMPONENTS] gen=+0.000000e+00 | flex=+3.928264e+05 | load_curt=+0.000000e+00 | res_curt=-1.346069e+04 | ess_usage=+0.000000e+00 | slacks=-1.902984e-06 | ess_comp=-5.923985e-05
    [SLACK COMPONENTS] voltage=-1.869885e-06 | node_P=+0.000000e+00 | node_Q=+0.000000e+00 | branch_ij=+0.000000e+00 | branch_ji=+0.000000e+00 | flex_P=-3.309851e-08 | flex_Q=+0.000000e+00
    [SLACK COMPONENT CHECK] classified_delta=-1.902984e-06 | objective_slack_delta=-1.902984e-06 | mismatch=-2.380318e-13
    [RECOURSE COMPONENT CHECK] classified_delta=+3.793657e+05 | block_delta=+3.793657e+05 | mismatch=+5.820766e-10
  TSO node=None year=2025 day=Winter | previous=8.517137e+07 | current=8.481855e+07 | delta=-3.528137e+05 | abs_delta=3.528137e+05
    [RECOURSE JUMP][TSO PROX] year=2025 day=Winter | V max=0.000157 | PF max=0.010072 | ESS max=0.000663
    [RECOURSE COMPONENTS] gen=-9.458206e+04 | flex=-2.582316e+05 | load_curt=+0.000000e+00 | res_curt=+0.000000e+00 | ess_usage=+0.000000e+00 | slacks=-8.651696e-09 | ess_comp=+1.191416e-03
    [SLACK COMPONENTS] voltage=-5.739409e-09 | node_P=+0.000000e+00 | node_Q=+0.000000e+00 | branch_ij=+0.000000e+00 | branch_ji=+0.000000e+00 | flex_P=-1.456157e-09 | flex_Q=-1.456157e-09
    [SLACK COMPONENT CHECK] classified_delta=-8.651722e-09 | objective_slack_delta=-8.651696e-09 | mismatch=-2.575717e-14
    [RECOURSE COMPONENT CHECK] classified_delta=-3.528137e+05 | block_delta=-3.528137e+05 | mismatch=-2.328306e-09
[INFO]		 - Recourse stationarity failed. 13011427.427979 > 90560.025827
[ADMM RHO] V | primal max ratio=0.037 | primal mean ratio=0.034 | primal selected=0.037 | dual mean ratio=0.029 | increase threshold=5.0 | decrease threshold=5.0 | action=held
[ADMM RHO] PF | primal max ratio=1.214 | primal mean ratio=0.380 | primal selected=1.214 | dual mean ratio=1.572 | increase threshold=5.0 | decrease threshold=3.0 | action=held
[ADMM RHO] ESS | primal max ratio=0.158 | primal mean ratio=0.062 | primal selected=0.158 | dual mean ratio=0.015 | increase threshold=5.0 | decrease threshold=5.0 | action=held
[INFO]		 - ADMM cycle 17 | Primal (V max/mean | PF max/mean | ESS max/mean) = 0.000375/0.000034 | 0.012144/0.000380 | 0.015831/0.000619 | Dual (V max/mean | PF max/mean | ESS max/mean) = 0.001607/0.000286 | 0.135799/0.015717 | 0.003669/0.000146 | Recourse change = 13011427.427979 (tol. 90560.025827) | Stable cycles = 0/1 | Penalty actions (V/PF/ESS) = held/held/held
[INFO] 	 - Iteration 17: 33.81 s
[INFO] 	 - ADMM Iteration 18
[INFO] 		 - Updating distribution networks:
[INFO] 			 - Running SMOPF, Network case33_1, 2025, Spring...
[INFO] 			 - Running SMOPF, Network case33_1, 2025, Summer...
[INFO] 			 - Running SMOPF, Network case33_1, 2025, Autumn...
[INFO] 			 - Running SMOPF, Network case33_1, 2025, Winter...
[INFO] 			 - Running SMOPF, Network case33_1, 2030, Spring...
[INFO] 			 - Running SMOPF, Network case33_1, 2030, Summer...
[INFO] 			 - Running SMOPF, Network case33_1, 2030, Autumn...
[INFO] 			 - Running SMOPF, Network case33_1, 2030, Winter...
[INFO] 			 - Running SMOPF, Network case33_1, 2035, Spring...
[INFO] 			 - Running SMOPF, Network case33_1, 2035, Summer...
[INFO] 			 - Running SMOPF, Network case33_1, 2035, Autumn...
[INFO] 			 - Running SMOPF, Network case33_1, 2035, Winter...
[INFO] 			 - Running SMOPF, Network case33_2, 2025, Spring...
[INFO] 			 - Running SMOPF, Network case33_2, 2025, Summer...
[INFO] 			 - Running SMOPF, Network case33_2, 2025, Autumn...
[INFO] 			 - Running SMOPF, Network case33_2, 2025, Winter...
[INFO] 			 - Running SMOPF, Network case33_2, 2030, Spring...
[INFO] 			 - Running SMOPF, Network case33_2, 2030, Summer...
[INFO] 			 - Running SMOPF, Network case33_2, 2030, Autumn...
[INFO] 			 - Running SMOPF, Network case33_2, 2030, Winter...
[INFO] 			 - Running SMOPF, Network case33_2, 2035, Spring...
[INFO] 			 - Running SMOPF, Network case33_2, 2035, Summer...
[INFO] 			 - Running SMOPF, Network case33_2, 2035, Autumn...
[INFO] 			 - Running SMOPF, Network case33_2, 2035, Winter...
[INFO] 			 - Running SMOPF, Network case33_3, 2025, Spring...
[INFO] 			 - Running SMOPF, Network case33_3, 2025, Summer...
[INFO] 			 - Running SMOPF, Network case33_3, 2025, Autumn...
[INFO] 			 - Running SMOPF, Network case33_3, 2025, Winter...
[INFO] 			 - Running SMOPF, Network case33_3, 2030, Spring...
[INFO] 			 - Running SMOPF, Network case33_3, 2030, Summer...
[INFO] 			 - Running SMOPF, Network case33_3, 2030, Autumn...
[INFO] 			 - Running SMOPF, Network case33_3, 2030, Winter...
[INFO] 			 - Running SMOPF, Network case33_3, 2035, Spring...
[INFO] 			 - Running SMOPF, Network case33_3, 2035, Summer...
[INFO] 			 - Running SMOPF, Network case33_3, 2035, Autumn...
[INFO] 			 - Running SMOPF, Network case33_3, 2035, Winter...
[INFO] 		 - Updating transmission network...
[INFO] 			 - Running SMOPF, Network case9, 2025, Spring...
[INFO] 			 - Running SMOPF, Network case9, 2025, Summer...
[INFO] 			 - Running SMOPF, Network case9, 2025, Autumn...
[INFO] 			 - Running SMOPF, Network case9, 2025, Winter...
[INFO] 			 - Running SMOPF, Network case9, 2030, Spring...
[INFO] 			 - Running SMOPF, Network case9, 2030, Summer...
[INFO] 			 - Running SMOPF, Network case9, 2030, Autumn...
[INFO] 			 - Running SMOPF, Network case9, 2030, Winter...
[INFO] 			 - Running SMOPF, Network case9, 2035, Spring...
[INFO] 			 - Running SMOPF, Network case9, 2035, Summer...
[INFO] 			 - Running SMOPF, Network case9, 2035, Autumn...
[INFO] 			 - Running SMOPF, Network case9, 2035, Winter...
[TSO PROX] cycle=18 | updated_blocks=12 | held_failed_blocks=0 | V max=0.000620 | PF max=0.023536 | ESS max=0.007417
[TSO PROX][V MAX] node=9, year=2035, day=Spring, period=16 | dV=0.213893 kV | normalized=0.000620
[TSO PROX][PF MAX] node=9, year=2030, day=Summer, period=8, type=P | delta=3.530421 MW | normalized=0.023536
[TSO PROX][ESS MAX] node=7, year=2035, day=Summer, period=19, type=P | delta=0.014371 MW | normalized=0.007417
[INFO] 		 - Updating SharedESS...
[INFO] 		 - Running Shared ESS optimization (subproblem)...
[INFO] 			 - Node 5...
[INFO] Shared ESS complementarity diagnostics for ESS node=5: ratio_max=2.573146e-05 n_periods=288 mu_final=5.120702e-09 s_obj=1.000000e-01 eps=1.000000e-03 bound=1.474762e-02 measured=8.195633e-03
[INFO] 			 - Node 7...
[INFO] Shared ESS complementarity diagnostics for ESS node=7: ratio_max=2.564102e-05 n_periods=288 mu_final=5.134999e-09 s_obj=1.000000e-01 eps=1.000000e-03 bound=1.478880e-02 measured=8.040739e-03
[INFO] 			 - Node 9...
[INFO] Shared ESS complementarity diagnostics for ESS node=9: ratio_max=2.560946e-05 n_periods=288 mu_final=5.135533e-09 s_obj=1.000000e-01 eps=1.000000e-03 bound=1.479033e-02 measured=8.168039e-03
[DIAG][PF MAX] node=9, year=2030, day=Autumn, period=10, type=Q | TSO=-7.622839 MVAr, DSO=-5.786380 MVAr, diff=1.836458 MVAr, rating=150.000000 MVA, normalized=0.012243, rho(TSO/DSO)=5.202459/5.202459
[INFO]		 - interface PF max primal residual failed. 0.012243 > 0.010000
[INFO]		 - interface PF mean dual residual failed. 0.014139 > 0.010000
[RECOURSE JUMP] cycle=18 | abs_change=1.091182e+07 | tol=8.925888e+04 | signed_change=-1.091182e+07
[RECOURSE JUMP] Reconciliation | previous=8.925888e+08 | current=8.816770e+08 | block_delta=-1.091182e+07 | mismatch=+0.000000e+00
[RECOURSE JUMP] Aggregate signed changes:
  TSO | delta=-1.383912e+07
  DSO node=9 | delta=+1.924494e+06
  DSO node=7 | delta=+8.390368e+05
  DSO node=5 | delta=+1.637671e+05
  SALVAGE | delta=-1.351338e-35
[RECOURSE JUMP] Largest 10 block changes:
  TSO node=None year=2035 day=Spring | previous=8.019874e+07 | current=7.600001e+07 | delta=-4.198730e+06 | abs_delta=4.198730e+06
    [RECOURSE JUMP][TSO PROX] year=2035 day=Spring | V max=0.000620 | PF max=0.021745 | ESS max=0.000961
    [RECOURSE COMPONENTS] gen=-5.340856e+06 | flex=+1.145435e+06 | load_curt=+0.000000e+00 | res_curt=+0.000000e+00 | ess_usage=+0.000000e+00 | slacks=-3.450196e-07 | ess_comp=-3.308877e+03
    [SLACK COMPONENTS] voltage=-2.256398e-07 | node_P=+0.000000e+00 | node_Q=+0.000000e+00 | branch_ij=+0.000000e+00 | branch_ji=+0.000000e+00 | flex_P=-5.968994e-08 | flex_Q=-5.968994e-08
    [SLACK COMPONENT CHECK] classified_delta=-3.450196e-07 | objective_slack_delta=-3.450196e-07 | mismatch=+5.329071e-15
    [RECOURSE COMPONENT CHECK] classified_delta=-4.198730e+06 | block_delta=-4.198730e+06 | mismatch=-5.587935e-09
  TSO node=None year=2030 day=Summer | previous=8.081773e+07 | current=7.881208e+07 | delta=-2.005648e+06 | abs_delta=2.005648e+06
    [RECOURSE JUMP][TSO PROX] year=2030 day=Summer | V max=0.000276 | PF max=0.023536 | ESS max=0.000385
    [RECOURSE COMPONENTS] gen=-2.193370e+06 | flex=+1.877226e+05 | load_curt=+0.000000e+00 | res_curt=+0.000000e+00 | ess_usage=+0.000000e+00 | slacks=-1.293588e-08 | ess_comp=-2.298894e-03
    [SLACK COMPONENTS] voltage=-8.441560e-09 | node_P=+0.000000e+00 | node_Q=+0.000000e+00 | branch_ij=+0.000000e+00 | branch_ji=+0.000000e+00 | flex_P=-2.247164e-09 | flex_Q=-2.247164e-09
    [SLACK COMPONENT CHECK] classified_delta=-1.293589e-08 | objective_slack_delta=-1.293588e-08 | mismatch=-9.769963e-15
    [RECOURSE COMPONENT CHECK] classified_delta=-2.005648e+06 | block_delta=-2.005648e+06 | mismatch=+3.026798e-09
  TSO node=None year=2035 day=Summer | previous=8.551311e+07 | current=8.387549e+07 | delta=-1.637625e+06 | abs_delta=1.637625e+06
    [RECOURSE JUMP][TSO PROX] year=2035 day=Summer | V max=0.000336 | PF max=0.021675 | ESS max=0.007417
    [RECOURSE COMPONENTS] gen=-2.103189e+06 | flex=+4.655639e+05 | load_curt=+0.000000e+00 | res_curt=+0.000000e+00 | ess_usage=+0.000000e+00 | slacks=-5.158540e-12 | ess_comp=-5.618580e-03
    [SLACK COMPONENTS] voltage=-5.250911e-12 | node_P=+0.000000e+00 | node_Q=+0.000000e+00 | branch_ij=+0.000000e+00 | branch_ji=+0.000000e+00 | flex_P=+5.240253e-14 | flex_Q=+5.240253e-14
    [SLACK COMPONENT CHECK] classified_delta=-5.146106e-12 | objective_slack_delta=-5.158540e-12 | mismatch=+1.243450e-14
    [RECOURSE COMPONENT CHECK] classified_delta=-1.637625e+06 | block_delta=-1.637625e+06 | mismatch=-1.327135e-08
  TSO node=None year=2030 day=Spring | previous=7.572963e+07 | current=7.411911e+07 | delta=-1.610526e+06 | abs_delta=1.610526e+06
    [RECOURSE JUMP][TSO PROX] year=2030 day=Spring | V max=0.000286 | PF max=0.020300 | ESS max=0.000261
    [RECOURSE COMPONENTS] gen=-2.078700e+06 | flex=+4.681736e+05 | load_curt=+0.000000e+00 | res_curt=+0.000000e+00 | ess_usage=+0.000000e+00 | slacks=-5.670984e-10 | ess_comp=-5.043431e-03
    [SLACK COMPONENTS] voltage=-3.648779e-10 | node_P=+0.000000e+00 | node_Q=+0.000000e+00 | branch_ij=+0.000000e+00 | branch_ji=+0.000000e+00 | flex_P=-1.011080e-10 | flex_Q=-1.011080e-10
    [SLACK COMPONENT CHECK] classified_delta=-5.670939e-10 | objective_slack_delta=-5.670984e-10 | mismatch=+4.440892e-15
    [RECOURSE COMPONENT CHECK] classified_delta=-1.610526e+06 | block_delta=-1.610526e+06 | mismatch=+1.722947e-08
  TSO node=None year=2025 day=Spring | previous=9.500742e+07 | current=9.351369e+07 | delta=-1.493728e+06 | abs_delta=1.493728e+06
    [RECOURSE JUMP][TSO PROX] year=2025 day=Spring | V max=0.000299 | PF max=0.020406 | ESS max=0.000759
    [RECOURSE COMPONENTS] gen=-1.908989e+06 | flex=+4.152604e+05 | load_curt=+0.000000e+00 | res_curt=+0.000000e+00 | ess_usage=+0.000000e+00 | slacks=+9.521273e-13 | ess_comp=+2.218903e-03
    [SLACK COMPONENTS] voltage=+9.521273e-13 | node_P=+0.000000e+00 | node_Q=+0.000000e+00 | branch_ij=+0.000000e+00 | branch_ji=+0.000000e+00 | flex_P=+0.000000e+00 | flex_Q=+0.000000e+00
    [SLACK COMPONENT CHECK] classified_delta=+9.521273e-13 | objective_slack_delta=+9.521273e-13 | mismatch=+0.000000e+00
    [RECOURSE COMPONENT CHECK] classified_delta=-1.493728e+06 | block_delta=-1.493728e+06 | mismatch=+2.142042e-08
  TSO node=None year=2025 day=Summer | previous=1.046637e+08 | current=1.032947e+08 | delta=-1.369043e+06 | abs_delta=1.369043e+06
    [RECOURSE JUMP][TSO PROX] year=2025 day=Summer | V max=0.000271 | PF max=0.022131 | ESS max=0.000647
    [RECOURSE COMPONENTS] gen=-1.323777e+06 | flex=-4.526607e+04 | load_curt=+0.000000e+00 | res_curt=+0.000000e+00 | ess_usage=+0.000000e+00 | slacks=-2.247020e-08 | ess_comp=-7.761291e-04
    [SLACK COMPONENTS] voltage=-1.476608e-08 | node_P=+0.000000e+00 | node_Q=+0.000000e+00 | branch_ij=+0.000000e+00 | branch_ji=+0.000000e+00 | flex_P=-3.852063e-09 | flex_Q=-3.852063e-09
    [SLACK COMPONENT CHECK] classified_delta=-2.247021e-08 | objective_slack_delta=-2.247020e-08 | mismatch=-9.769963e-15
    [RECOURSE COMPONENT CHECK] classified_delta=-1.369043e+06 | block_delta=-1.369043e+06 | mismatch=-1.396984e-09
  TSO node=None year=2035 day=Autumn | previous=3.920816e+07 | current=3.815757e+07 | delta=-1.050586e+06 | abs_delta=1.050586e+06
    [RECOURSE JUMP][TSO PROX] year=2035 day=Autumn | V max=0.000242 | PF max=0.017246 | ESS max=0.004959
    [RECOURSE COMPONENTS] gen=-1.063690e+06 | flex=+1.541342e+04 | load_curt=+0.000000e+00 | res_curt=+0.000000e+00 | ess_usage=+0.000000e+00 | slacks=+7.039702e-08 | ess_comp=-2.309429e+03
    [SLACK COMPONENTS] voltage=+4.631545e-08 | node_P=+0.000000e+00 | node_Q=+0.000000e+00 | branch_ij=+0.000000e+00 | branch_ji=+0.000000e+00 | flex_P=+1.204080e-08 | flex_Q=+1.204080e-08
    [SLACK COMPONENT CHECK] classified_delta=+7.039705e-08 | objective_slack_delta=+7.039702e-08 | mismatch=+2.575717e-14
    [RECOURSE COMPONENT CHECK] classified_delta=-1.050586e+06 | block_delta=-1.050586e+06 | mismatch=-6.286427e-09
  DSO node=9 year=2035 day=Spring | previous=6.486111e+06 | current=7.249769e+06 | delta=+7.636582e+05 | abs_delta=7.636582e+05
    [RECOURSE COMPONENTS] gen=+0.000000e+00 | flex=+7.827561e+05 | load_curt=+0.000000e+00 | res_curt=-1.805792e+04 | ess_usage=+0.000000e+00 | slacks=-1.726778e-06 | ess_comp=-1.040033e+03
    [SLACK COMPONENTS] voltage=-1.663030e-06 | node_P=+0.000000e+00 | node_Q=+0.000000e+00 | branch_ij=+0.000000e+00 | branch_ji=+0.000000e+00 | flex_P=-5.841571e-08 | flex_Q=-5.331824e-09
    [SLACK COMPONENT CHECK] classified_delta=-1.726778e-06 | objective_slack_delta=-1.726778e-06 | mismatch=-2.842171e-14
    [RECOURSE COMPONENT CHECK] classified_delta=+7.636582e+05 | block_delta=+7.636582e+05 | mismatch=+1.746230e-09
  DSO node=9 year=2030 day=Spring | previous=2.922307e+06 | current=3.319431e+06 | delta=+3.971241e+05 | abs_delta=3.971241e+05
    [RECOURSE COMPONENTS] gen=+0.000000e+00 | flex=+4.089523e+05 | load_curt=+0.000000e+00 | res_curt=-1.182817e+04 | ess_usage=+0.000000e+00 | slacks=+1.566452e-06 | ess_comp=-1.626728e-04
    [SLACK COMPONENTS] voltage=+1.569974e-06 | node_P=+0.000000e+00 | node_Q=+0.000000e+00 | branch_ij=+0.000000e+00 | branch_ji=+0.000000e+00 | flex_P=-1.568861e-08 | flex_Q=+1.216720e-08
    [SLACK COMPONENT CHECK] classified_delta=+1.566452e-06 | objective_slack_delta=+1.566452e-06 | mismatch=+2.664535e-13
    [RECOURSE COMPONENT CHECK] classified_delta=+3.971241e+05 | block_delta=+3.971241e+05 | mismatch=-4.074536e-10
  DSO node=9 year=2025 day=Spring | previous=2.687182e+06 | current=3.038771e+06 | delta=+3.515891e+05 | abs_delta=3.515891e+05
    [RECOURSE COMPONENTS] gen=+0.000000e+00 | flex=+3.645324e+05 | load_curt=+0.000000e+00 | res_curt=-1.294323e+04 | ess_usage=+0.000000e+00 | slacks=-1.786988e-06 | ess_comp=-4.160019e-02
    [SLACK COMPONENTS] voltage=-1.754392e-06 | node_P=+0.000000e+00 | node_Q=+0.000000e+00 | branch_ij=+0.000000e+00 | branch_ji=+0.000000e+00 | flex_P=-2.936755e-08 | flex_Q=-3.226486e-09
    [SLACK COMPONENT CHECK] classified_delta=-1.786986e-06 | objective_slack_delta=-1.786988e-06 | mismatch=+1.172396e-12
    [RECOURSE COMPONENT CHECK] classified_delta=+3.515891e+05 | block_delta=+3.515891e+05 | mismatch=-5.238689e-10
[INFO]		 - Recourse stationarity failed. 10911817.024625 > 89258.883084
[ADMM RHO] V | primal max ratio=0.028 | primal mean ratio=0.025 | primal selected=0.028 | dual mean ratio=0.025 | increase threshold=5.0 | decrease threshold=5.0 | action=held
[ADMM RHO] PF | primal max ratio=1.224 | primal mean ratio=0.322 | primal selected=1.224 | dual mean ratio=1.414 | increase threshold=5.0 | decrease threshold=3.0 | action=held
[ADMM RHO] ESS | primal max ratio=0.158 | primal mean ratio=0.051 | primal selected=0.158 | dual mean ratio=0.010 | increase threshold=5.0 | decrease threshold=5.0 | action=held
[INFO]		 - ADMM cycle 18 | Primal (V max/mean | PF max/mean | ESS max/mean) = 0.000282/0.000025 | 0.012243/0.000322 | 0.015786/0.000505 | Dual (V max/mean | PF max/mean | ESS max/mean) = 0.001562/0.000245 | 0.122446/0.014139 | 0.003652/0.000099 | Recourse change = 10911817.024625 (tol. 89258.883084) | Stable cycles = 0/1 | Penalty actions (V/PF/ESS) = held/held/held
[INFO] 	 - Iteration 18: 34.96 s
[INFO] 	 - ADMM Iteration 19
[INFO] 		 - Updating distribution networks:
[INFO] 			 - Running SMOPF, Network case33_1, 2025, Spring...
[INFO] 			 - Running SMOPF, Network case33_1, 2025, Summer...
[INFO] 			 - Running SMOPF, Network case33_1, 2025, Autumn...
[INFO] 			 - Running SMOPF, Network case33_1, 2025, Winter...
[INFO] 			 - Running SMOPF, Network case33_1, 2030, Spring...
[INFO] 			 - Running SMOPF, Network case33_1, 2030, Summer...
[INFO] 			 - Running SMOPF, Network case33_1, 2030, Autumn...
[INFO] 			 - Running SMOPF, Network case33_1, 2030, Winter...
[INFO] 			 - Running SMOPF, Network case33_1, 2035, Spring...
[INFO] 			 - Running SMOPF, Network case33_1, 2035, Summer...
[INFO] 			 - Running SMOPF, Network case33_1, 2035, Autumn...
[INFO] 			 - Running SMOPF, Network case33_1, 2035, Winter...
[INFO] 			 - Running SMOPF, Network case33_2, 2025, Spring...
[INFO] 			 - Running SMOPF, Network case33_2, 2025, Summer...
[INFO] 			 - Running SMOPF, Network case33_2, 2025, Autumn...
[INFO] 			 - Running SMOPF, Network case33_2, 2025, Winter...
[INFO] 			 - Running SMOPF, Network case33_2, 2030, Spring...
[INFO] 			 - Running SMOPF, Network case33_2, 2030, Summer...
[INFO] 			 - Running SMOPF, Network case33_2, 2030, Autumn...
[INFO] 			 - Running SMOPF, Network case33_2, 2030, Winter...
[INFO] 			 - Running SMOPF, Network case33_2, 2035, Spring...
[INFO] 			 - Running SMOPF, Network case33_2, 2035, Summer...
[INFO] 			 - Running SMOPF, Network case33_2, 2035, Autumn...
[INFO] 			 - Running SMOPF, Network case33_2, 2035, Winter...
[INFO] 			 - Running SMOPF, Network case33_3, 2025, Spring...
[INFO] 			 - Running SMOPF, Network case33_3, 2025, Summer...
[INFO] 			 - Running SMOPF, Network case33_3, 2025, Autumn...
[INFO] 			 - Running SMOPF, Network case33_3, 2025, Winter...
[INFO] 			 - Running SMOPF, Network case33_3, 2030, Spring...
[INFO] 			 - Running SMOPF, Network case33_3, 2030, Summer...
[INFO] 			 - Running SMOPF, Network case33_3, 2030, Autumn...
[INFO] 			 - Running SMOPF, Network case33_3, 2030, Winter...
[INFO] 			 - Running SMOPF, Network case33_3, 2035, Spring...
[INFO] 			 - Running SMOPF, Network case33_3, 2035, Summer...
[INFO] 			 - Running SMOPF, Network case33_3, 2035, Autumn...
[INFO] 			 - Running SMOPF, Network case33_3, 2035, Winter...
[INFO] 		 - Updating transmission network...
[INFO] 			 - Running SMOPF, Network case9, 2025, Spring...
[INFO] 			 - Running SMOPF, Network case9, 2025, Summer...
[INFO] 			 - Running SMOPF, Network case9, 2025, Autumn...
[INFO] 			 - Running SMOPF, Network case9, 2025, Winter...
[INFO] 			 - Running SMOPF, Network case9, 2030, Spring...
[INFO] 			 - Running SMOPF, Network case9, 2030, Summer...
[INFO] 			 - Running SMOPF, Network case9, 2030, Autumn...
[INFO] 			 - Running SMOPF, Network case9, 2030, Winter...
[INFO] 			 - Running SMOPF, Network case9, 2035, Spring...
[INFO] 			 - Running SMOPF, Network case9, 2035, Summer...
[INFO] 			 - Running SMOPF, Network case9, 2035, Autumn...
[INFO] 			 - Running SMOPF, Network case9, 2035, Winter...
[TSO PROX] cycle=19 | updated_blocks=12 | held_failed_blocks=0 | V max=0.000517 | PF max=0.023510 | ESS max=0.007065
[TSO PROX][V MAX] node=9, year=2035, day=Winter, period=5 | dV=0.178335 kV | normalized=0.000517
[TSO PROX][PF MAX] node=9, year=2030, day=Summer, period=8, type=P | delta=3.526530 MW | normalized=0.023510
[TSO PROX][ESS MAX] node=9, year=2035, day=Winter, period=9, type=P | delta=0.013689 MW | normalized=0.007065
[INFO] 		 - Updating SharedESS...
[INFO] 		 - Running Shared ESS optimization (subproblem)...
[INFO] 			 - Node 5...
[INFO] Shared ESS complementarity diagnostics for ESS node=5: ratio_max=2.580381e-05 n_periods=288 mu_final=5.112103e-09 s_obj=1.000000e-01 eps=1.000000e-03 bound=1.472286e-02 measured=8.195806e-03
[INFO] 			 - Node 7...
[INFO] Shared ESS complementarity diagnostics for ESS node=7: ratio_max=2.572678e-05 n_periods=288 mu_final=5.117178e-09 s_obj=1.000000e-01 eps=1.000000e-03 bound=1.473747e-02 measured=8.050783e-03
[INFO] 			 - Node 9...
[INFO] Shared ESS complementarity diagnostics for ESS node=9: ratio_max=2.580630e-05 n_periods=288 mu_final=5.128007e-09 s_obj=1.000000e-01 eps=1.000000e-03 bound=1.476866e-02 measured=8.201211e-03
[INFO]		 - Primal residuals ok!
[INFO]		 - interface PF mean dual residual failed. 0.012177 > 0.010000
[RECOURSE JUMP] cycle=19 | abs_change=8.940150e+06 | tol=8.816770e+04 | signed_change=-8.940150e+06
[RECOURSE JUMP] Reconciliation | previous=8.816770e+08 | current=8.727369e+08 | block_delta=-8.940150e+06 | mismatch=-3.576279e-07
[RECOURSE JUMP] Aggregate signed changes:
  TSO | delta=-1.161590e+07
  DSO node=9 | delta=+1.626498e+06
  DSO node=7 | delta=+9.593329e+05
  DSO node=5 | delta=+8.992131e+04
  SALVAGE | delta=+1.672612e-35
[RECOURSE JUMP] Largest 10 block changes:
  TSO node=None year=2035 day=Spring | previous=7.600001e+07 | current=7.331425e+07 | delta=-2.685767e+06 | abs_delta=2.685767e+06
    [RECOURSE JUMP][TSO PROX] year=2035 day=Spring | V max=0.000498 | PF max=0.014130 | ESS max=0.002938
    [RECOURSE COMPONENTS] gen=-3.409175e+06 | flex=+7.269812e+05 | load_curt=+0.000000e+00 | res_curt=+0.000000e+00 | ess_usage=+0.000000e+00 | slacks=-1.962757e-07 | ess_comp=-3.572985e+03
    [SLACK COMPONENTS] voltage=-1.284424e-07 | node_P=+0.000000e+00 | node_Q=+0.000000e+00 | branch_ij=+0.000000e+00 | branch_ji=+0.000000e+00 | flex_P=-3.391669e-08 | flex_Q=-3.391669e-08
    [SLACK COMPONENT CHECK] classified_delta=-1.962757e-07 | objective_slack_delta=-1.962757e-07 | mismatch=-7.993606e-15
    [RECOURSE COMPONENT CHECK] classified_delta=-2.685767e+06 | block_delta=-2.685767e+06 | mismatch=-6.984919e-09
  TSO node=None year=2030 day=Summer | previous=7.881208e+07 | current=7.678908e+07 | delta=-2.023003e+06 | abs_delta=2.023003e+06
    [RECOURSE JUMP][TSO PROX] year=2030 day=Summer | V max=0.000275 | PF max=0.023510 | ESS max=0.000180
    [RECOURSE COMPONENTS] gen=-2.231003e+06 | flex=+2.079998e+05 | load_curt=+0.000000e+00 | res_curt=+0.000000e+00 | ess_usage=+0.000000e+00 | slacks=-9.779157e-09 | ess_comp=-1.483449e-03
    [SLACK COMPONENTS] voltage=-6.381775e-09 | node_P=+0.000000e+00 | node_Q=+0.000000e+00 | branch_ij=+0.000000e+00 | branch_ji=+0.000000e+00 | flex_P=-1.698684e-09 | flex_Q=-1.698684e-09
    [SLACK COMPONENT CHECK] classified_delta=-9.779144e-09 | objective_slack_delta=-9.779157e-09 | mismatch=+1.332268e-14
    [RECOURSE COMPONENT CHECK] classified_delta=-2.023003e+06 | block_delta=-2.023003e+06 | mismatch=+5.355105e-09
  TSO node=None year=2030 day=Spring | previous=7.411911e+07 | current=7.255263e+07 | delta=-1.566479e+06 | abs_delta=1.566479e+06
    [RECOURSE JUMP][TSO PROX] year=2030 day=Spring | V max=0.000280 | PF max=0.017772 | ESS max=0.000130
    [RECOURSE COMPONENTS] gen=-2.084817e+06 | flex=+5.183384e+05 | load_curt=+0.000000e+00 | res_curt=+0.000000e+00 | ess_usage=+0.000000e+00 | slacks=-6.162828e-09 | ess_comp=-3.265416e-03
    [SLACK COMPONENTS] voltage=-4.045447e-09 | node_P=+0.000000e+00 | node_Q=+0.000000e+00 | branch_ij=+0.000000e+00 | branch_ji=+0.000000e+00 | flex_P=-1.058684e-09 | flex_Q=-1.058684e-09
    [SLACK COMPONENT CHECK] classified_delta=-6.162815e-09 | objective_slack_delta=-6.162828e-09 | mismatch=+1.332268e-14
    [RECOURSE COMPONENT CHECK] classified_delta=-1.566479e+06 | block_delta=-1.566479e+06 | mismatch=+6.752089e-09
  TSO node=None year=2025 day=Spring | previous=9.351369e+07 | current=9.204735e+07 | delta=-1.466340e+06 | abs_delta=1.466340e+06
    [RECOURSE JUMP][TSO PROX] year=2025 day=Spring | V max=0.000280 | PF max=0.020394 | ESS max=0.000761
    [RECOURSE COMPONENTS] gen=-1.971745e+06 | flex=+5.054048e+05 | load_curt=+0.000000e+00 | res_curt=+0.000000e+00 | ess_usage=+0.000000e+00 | slacks=-6.892265e-13 | ess_comp=+8.792756e-04
    [SLACK COMPONENTS] voltage=-6.892265e-13 | node_P=+0.000000e+00 | node_Q=+0.000000e+00 | branch_ij=+0.000000e+00 | branch_ji=+0.000000e+00 | flex_P=+4.440892e-16 | flex_Q=+4.440892e-16
    [SLACK COMPONENT CHECK] classified_delta=-6.883383e-13 | objective_slack_delta=-6.892265e-13 | mismatch=+8.881784e-16
    [RECOURSE COMPONENT CHECK] classified_delta=-1.466340e+06 | block_delta=-1.466340e+06 | mismatch=-1.955777e-08
  TSO node=None year=2035 day=Summer | previous=8.387549e+07 | current=8.245485e+07 | delta=-1.420640e+06 | abs_delta=1.420640e+06
    [RECOURSE JUMP][TSO PROX] year=2035 day=Summer | V max=0.000299 | PF max=0.021662 | ESS max=0.006826
    [RECOURSE COMPONENTS] gen=-1.774408e+06 | flex=+3.537681e+05 | load_curt=+0.000000e+00 | res_curt=+0.000000e+00 | ess_usage=+0.000000e+00 | slacks=-5.357492e-12 | ess_comp=+7.656555e-01
    [SLACK COMPONENTS] voltage=-5.236700e-12 | node_P=+0.000000e+00 | node_Q=+0.000000e+00 | branch_ij=+0.000000e+00 | branch_ji=+0.000000e+00 | flex_P=-5.684342e-14 | flex_Q=-5.684342e-14
    [SLACK COMPONENT CHECK] classified_delta=-5.350387e-12 | objective_slack_delta=-5.357492e-12 | mismatch=+7.105427e-15
    [RECOURSE COMPONENT CHECK] classified_delta=-1.420640e+06 | block_delta=-1.420640e+06 | mismatch=+4.889444e-09
  TSO node=None year=2025 day=Summer | previous=1.032947e+08 | current=1.020890e+08 | delta=-1.205695e+06 | abs_delta=1.205695e+06
    [RECOURSE JUMP][TSO PROX] year=2025 day=Summer | V max=0.000283 | PF max=0.020815 | ESS max=0.000652
    [RECOURSE COMPONENTS] gen=-1.245986e+06 | flex=+4.029032e+04 | load_curt=+0.000000e+00 | res_curt=+0.000000e+00 | ess_usage=+0.000000e+00 | slacks=-2.479192e-08 | ess_comp=-6.776897e-04
    [SLACK COMPONENTS] voltage=-1.629242e-08 | node_P=+0.000000e+00 | node_Q=+0.000000e+00 | branch_ij=+0.000000e+00 | branch_ji=+0.000000e+00 | flex_P=-4.249752e-09 | flex_Q=-4.249752e-09
    [SLACK COMPONENT CHECK] classified_delta=-2.479192e-08 | objective_slack_delta=-2.479192e-08 | mismatch=-6.217249e-15
    [RECOURSE COMPONENT CHECK] classified_delta=-1.205695e+06 | block_delta=-1.205695e+06 | mismatch=-1.234002e-08
  TSO node=None year=2035 day=Autumn | previous=3.815757e+07 | current=3.752482e+07 | delta=-6.327588e+05 | abs_delta=6.327588e+05
    [RECOURSE JUMP][TSO PROX] year=2035 day=Autumn | V max=0.000203 | PF max=0.017234 | ESS max=0.006913
    [RECOURSE COMPONENTS] gen=-6.274622e+05 | flex=-2.925316e+03 | load_curt=+0.000000e+00 | res_curt=+0.000000e+00 | ess_usage=+0.000000e+00 | slacks=-7.039186e-08 | ess_comp=-2.371298e+03
    [SLACK COMPONENTS] voltage=-4.631017e-08 | node_P=+0.000000e+00 | node_Q=+0.000000e+00 | branch_ij=+0.000000e+00 | branch_ji=+0.000000e+00 | flex_P=-1.204085e-08 | flex_Q=-1.204085e-08
    [SLACK COMPONENT CHECK] classified_delta=-7.039187e-08 | objective_slack_delta=-7.039186e-08 | mismatch=-2.664535e-15
    [RECOURSE COMPONENT CHECK] classified_delta=-6.327588e+05 | block_delta=-6.327588e+05 | mismatch=+3.608875e-09
  DSO node=9 year=2030 day=Spring | previous=3.319431e+06 | current=3.705633e+06 | delta=+3.862016e+05 | abs_delta=3.862016e+05
    [RECOURSE COMPONENTS] gen=+0.000000e+00 | flex=+3.969859e+05 | load_curt=+0.000000e+00 | res_curt=-1.078436e+04 | ess_usage=+0.000000e+00 | slacks=-1.646311e-06 | ess_comp=+1.135080e-04
    [SLACK COMPONENTS] voltage=-1.601324e-06 | node_P=+0.000000e+00 | node_Q=+0.000000e+00 | branch_ij=+0.000000e+00 | branch_ji=+0.000000e+00 | flex_P=-3.281929e-08 | flex_Q=-1.216720e-08
    [SLACK COMPONENT CHECK] classified_delta=-1.646311e-06 | objective_slack_delta=-1.646311e-06 | mismatch=-1.492140e-13
    [RECOURSE COMPONENT CHECK] classified_delta=+3.862016e+05 | block_delta=+3.862016e+05 | mismatch=+0.000000e+00
  DSO node=9 year=2025 day=Spring | previous=3.038771e+06 | current=3.389959e+06 | delta=+3.511879e+05 | abs_delta=3.511879e+05
    [RECOURSE COMPONENTS] gen=+0.000000e+00 | flex=+3.637200e+05 | load_curt=+0.000000e+00 | res_curt=-1.253211e+04 | ess_usage=+0.000000e+00 | slacks=-1.720137e-06 | ess_comp=-1.568378e-02
    [SLACK COMPONENTS] voltage=-1.684199e-06 | node_P=+0.000000e+00 | node_Q=+0.000000e+00 | branch_ij=+0.000000e+00 | branch_ji=+0.000000e+00 | flex_P=-3.593842e-08 | flex_Q=+0.000000e+00
    [SLACK COMPONENT CHECK] classified_delta=-1.720137e-06 | objective_slack_delta=-1.720137e-06 | mismatch=-2.131628e-14
    [RECOURSE COMPONENT CHECK] classified_delta=+3.511879e+05 | block_delta=+3.511879e+05 | mismatch=+1.746230e-10
  DSO node=9 year=2030 day=Summer | previous=3.371699e+06 | current=3.720180e+06 | delta=+3.484811e+05 | abs_delta=3.484811e+05
    [RECOURSE COMPONENTS] gen=+0.000000e+00 | flex=+3.643874e+05 | load_curt=+0.000000e+00 | res_curt=-1.590625e+04 | ess_usage=+0.000000e+00 | slacks=-1.532464e-06 | ess_comp=-1.876313e-04
    [SLACK COMPONENTS] voltage=-1.502489e-06 | node_P=+0.000000e+00 | node_Q=+0.000000e+00 | branch_ij=+0.000000e+00 | branch_ji=+0.000000e+00 | flex_P=-2.997474e-08 | flex_Q=+0.000000e+00
    [SLACK COMPONENT CHECK] classified_delta=-1.532464e-06 | objective_slack_delta=-1.532464e-06 | mismatch=-1.776357e-13
    [RECOURSE COMPONENT CHECK] classified_delta=+3.484811e+05 | block_delta=+3.484811e+05 | mismatch=+4.656613e-10
[INFO]		 - Recourse stationarity failed. 8940149.567312 > 88167.701382
[ADMM RHO] V | primal max ratio=0.025 | primal mean ratio=0.020 | primal selected=0.025 | dual mean ratio=0.022 | increase threshold=5.0 | decrease threshold=5.0 | action=held
[ADMM RHO] PF | primal max ratio=0.991 | primal mean ratio=0.291 | primal selected=0.991 | dual mean ratio=1.218 | increase threshold=5.0 | decrease threshold=3.0 | action=held
[ADMM RHO] ESS | primal max ratio=0.088 | primal mean ratio=0.025 | primal selected=0.088 | dual mean ratio=0.011 | increase threshold=5.0 | decrease threshold=5.0 | action=held
[INFO]		 - ADMM cycle 19 | Primal (V max/mean | PF max/mean | ESS max/mean) = 0.000253/0.000020 | 0.009913/0.000291 | 0.008797/0.000249 | Dual (V max/mean | PF max/mean | ESS max/mean) = 0.001237/0.000215 | 0.122311/0.012177 | 0.003645/0.000111 | Recourse change = 8940149.567312 (tol. 88167.701382) | Stable cycles = 0/1 | Penalty actions (V/PF/ESS) = held/held/held
[INFO] 	 - Iteration 19: 34.93 s
[INFO] 	 - ADMM Iteration 20
[INFO] 		 - Updating distribution networks:
[INFO] 			 - Running SMOPF, Network case33_1, 2025, Spring...
[INFO] 			 - Running SMOPF, Network case33_1, 2025, Summer...
[INFO] 			 - Running SMOPF, Network case33_1, 2025, Autumn...
[INFO] 			 - Running SMOPF, Network case33_1, 2025, Winter...
[INFO] 			 - Running SMOPF, Network case33_1, 2030, Spring...
[INFO] 			 - Running SMOPF, Network case33_1, 2030, Summer...
[INFO] 			 - Running SMOPF, Network case33_1, 2030, Autumn...
[INFO] 			 - Running SMOPF, Network case33_1, 2030, Winter...
[INFO] 			 - Running SMOPF, Network case33_1, 2035, Spring...
[INFO] 			 - Running SMOPF, Network case33_1, 2035, Summer...
[INFO] 			 - Running SMOPF, Network case33_1, 2035, Autumn...
[INFO] 			 - Running SMOPF, Network case33_1, 2035, Winter...
[INFO] 			 - Running SMOPF, Network case33_2, 2025, Spring...
[INFO] 			 - Running SMOPF, Network case33_2, 2025, Summer...
[INFO] 			 - Running SMOPF, Network case33_2, 2025, Autumn...
[INFO] 			 - Running SMOPF, Network case33_2, 2025, Winter...
[INFO] 			 - Running SMOPF, Network case33_2, 2030, Spring...
[INFO] 			 - Running SMOPF, Network case33_2, 2030, Summer...
[INFO] 			 - Running SMOPF, Network case33_2, 2030, Autumn...
[INFO] 			 - Running SMOPF, Network case33_2, 2030, Winter...
[INFO] 			 - Running SMOPF, Network case33_2, 2035, Spring...
[INFO] 			 - Running SMOPF, Network case33_2, 2035, Summer...
[INFO] 			 - Running SMOPF, Network case33_2, 2035, Autumn...
[INFO] 			 - Running SMOPF, Network case33_2, 2035, Winter...
[INFO] 			 - Running SMOPF, Network case33_3, 2025, Spring...
[INFO] 			 - Running SMOPF, Network case33_3, 2025, Summer...
[INFO] 			 - Running SMOPF, Network case33_3, 2025, Autumn...
[INFO] 			 - Running SMOPF, Network case33_3, 2025, Winter...
[INFO] 			 - Running SMOPF, Network case33_3, 2030, Spring...
[INFO] 			 - Running SMOPF, Network case33_3, 2030, Summer...
[INFO] 			 - Running SMOPF, Network case33_3, 2030, Autumn...
[INFO] 			 - Running SMOPF, Network case33_3, 2030, Winter...
[INFO] 			 - Running SMOPF, Network case33_3, 2035, Spring...
[INFO] 			 - Running SMOPF, Network case33_3, 2035, Summer...
[INFO] 			 - Running SMOPF, Network case33_3, 2035, Autumn...
[INFO] 			 - Running SMOPF, Network case33_3, 2035, Winter...
[INFO] 		 - Updating transmission network...
[INFO] 			 - Running SMOPF, Network case9, 2025, Spring...
[INFO] 			 - Running SMOPF, Network case9, 2025, Summer...
[INFO] 			 - Running SMOPF, Network case9, 2025, Autumn...
[INFO] 			 - Running SMOPF, Network case9, 2025, Winter...
[INFO] 			 - Running SMOPF, Network case9, 2030, Spring...
[INFO] 			 - Running SMOPF, Network case9, 2030, Summer...
[INFO] 			 - Running SMOPF, Network case9, 2030, Autumn...
[INFO] 			 - Running SMOPF, Network case9, 2030, Winter...
[INFO] 			 - Running SMOPF, Network case9, 2035, Spring...
[INFO] 			 - Running SMOPF, Network case9, 2035, Summer...
[INFO] 			 - Running SMOPF, Network case9, 2035, Autumn...
[INFO] 			 - Running SMOPF, Network case9, 2035, Winter...
[TSO PROX] cycle=20 | updated_blocks=12 | held_failed_blocks=0 | V max=0.000444 | PF max=0.021821 | ESS max=0.007007
[TSO PROX][V MAX] node=9, year=2035, day=Spring, period=15 | dV=0.153086 kV | normalized=0.000444
[TSO PROX][PF MAX] node=9, year=2030, day=Summer, period=17, type=P | delta=3.273213 MW | normalized=0.021821
[TSO PROX][ESS MAX] node=9, year=2035, day=Winter, period=11, type=P | delta=0.013575 MW | normalized=0.007007
[INFO] 		 - Updating SharedESS...
[INFO] 		 - Running Shared ESS optimization (subproblem)...
[INFO] 			 - Node 5...
[INFO] Shared ESS complementarity diagnostics for ESS node=5: ratio_max=2.583332e-05 n_periods=288 mu_final=4.867074e-09 s_obj=1.000000e-01 eps=1.000000e-03 bound=1.401717e-02 measured=8.135330e-03
[INFO] 			 - Node 7...
[INFO] Shared ESS complementarity diagnostics for ESS node=7: ratio_max=2.551937e-05 n_periods=288 mu_final=4.922752e-09 s_obj=1.000000e-01 eps=1.000000e-03 bound=1.417753e-02 measured=8.014416e-03
[INFO] 			 - Node 9...
[INFO] Shared ESS complementarity diagnostics for ESS node=9: ratio_max=2.556902e-05 n_periods=288 mu_final=4.886980e-09 s_obj=1.000000e-01 eps=1.000000e-03 bound=1.407450e-02 measured=8.143907e-03
[INFO]		 - Primal residuals ok!
[INFO]		 - interface PF mean dual residual failed. 0.010879 > 0.010000
[RECOURSE JUMP] cycle=20 | abs_change=7.270063e+06 | tol=8.727369e+04 | signed_change=-7.270063e+06
[RECOURSE JUMP] Reconciliation | previous=8.727369e+08 | current=8.654668e+08 | block_delta=-7.270063e+06 | mismatch=+1.192093e-07
[RECOURSE JUMP] Aggregate signed changes:
  TSO | delta=-9.784151e+06
  DSO node=9 | delta=+1.505117e+06
  DSO node=7 | delta=+9.529709e+05
  DSO node=5 | delta=+5.600040e+04
  SALVAGE | delta=+1.931744e-35
[RECOURSE JUMP] Largest 10 block changes:
  TSO node=None year=2030 day=Summer | previous=7.678908e+07 | current=7.492243e+07 | delta=-1.866652e+06 | abs_delta=1.866652e+06
    [RECOURSE JUMP][TSO PROX] year=2030 day=Summer | V max=0.000274 | PF max=0.021821 | ESS max=0.000030
    [RECOURSE COMPONENTS] gen=-2.091167e+06 | flex=+2.245144e+05 | load_curt=+0.000000e+00 | res_curt=+0.000000e+00 | ess_usage=+0.000000e+00 | slacks=+6.099413e-09 | ess_comp=-1.081929e-03
    [SLACK COMPONENTS] voltage=+3.997009e-09 | node_P=+0.000000e+00 | node_Q=+0.000000e+00 | branch_ij=+0.000000e+00 | branch_ji=+0.000000e+00 | flex_P=+1.051200e-09 | flex_Q=+1.051200e-09
    [SLACK COMPONENT CHECK] classified_delta=+6.099410e-09 | objective_slack_delta=+6.099413e-09 | mismatch=-2.664535e-15
    [RECOURSE COMPONENT CHECK] classified_delta=-1.866652e+06 | block_delta=-1.866652e+06 | mismatch=-3.259629e-09
  TSO node=None year=2035 day=Spring | previous=7.331425e+07 | current=7.160622e+07 | delta=-1.708030e+06 | abs_delta=1.708030e+06
    [RECOURSE JUMP][TSO PROX] year=2035 day=Spring | V max=0.000444 | PF max=0.014112 | ESS max=0.003218
    [RECOURSE COMPONENTS] gen=-2.138274e+06 | flex=+4.336836e+05 | load_curt=+0.000000e+00 | res_curt=+0.000000e+00 | ess_usage=+0.000000e+00 | slacks=+1.138098e-06 | ess_comp=-3.439831e+03
    [SLACK COMPONENTS] voltage=+7.452371e-07 | node_P=+0.000000e+00 | node_Q=+0.000000e+00 | branch_ij=+0.000000e+00 | branch_ji=+0.000000e+00 | flex_P=+1.964306e-07 | flex_Q=+1.964306e-07
    [SLACK COMPONENT CHECK] classified_delta=+1.138098e-06 | objective_slack_delta=+1.138098e-06 | mismatch=-7.993606e-15
    [RECOURSE COMPONENT CHECK] classified_delta=-1.708030e+06 | block_delta=-1.708030e+06 | mismatch=-6.286427e-09
  TSO node=None year=2030 day=Spring | previous=7.255263e+07 | current=7.102395e+07 | delta=-1.528677e+06 | abs_delta=1.528677e+06
    [RECOURSE JUMP][TSO PROX] year=2030 day=Spring | V max=0.000274 | PF max=0.017731 | ESS max=0.000025
    [RECOURSE COMPONENTS] gen=-2.077504e+06 | flex=+5.488274e+05 | load_curt=+0.000000e+00 | res_curt=+0.000000e+00 | ess_usage=+0.000000e+00 | slacks=+5.070703e-09 | ess_comp=-2.020618e-03
    [SLACK COMPONENTS] voltage=+3.342038e-09 | node_P=+0.000000e+00 | node_Q=+0.000000e+00 | branch_ij=+0.000000e+00 | branch_ji=+0.000000e+00 | flex_P=+8.643251e-10 | flex_Q=+8.643251e-10
    [SLACK COMPONENT CHECK] classified_delta=+5.070688e-09 | objective_slack_delta=+5.070703e-09 | mismatch=-1.509903e-14
    [RECOURSE COMPONENT CHECK] classified_delta=-1.528677e+06 | block_delta=-1.528677e+06 | mismatch=-2.677552e-08
  TSO node=None year=2025 day=Spring | previous=9.204735e+07 | current=9.065734e+07 | delta=-1.390015e+06 | abs_delta=1.390015e+06
    [RECOURSE JUMP][TSO PROX] year=2025 day=Spring | V max=0.000250 | PF max=0.017075 | ESS max=0.000762
    [RECOURSE COMPONENTS] gen=-1.948332e+06 | flex=+5.583165e+05 | load_curt=+0.000000e+00 | res_curt=+0.000000e+00 | ess_usage=+0.000000e+00 | slacks=+1.263743e-07 | ess_comp=+2.114599e-02
    [SLACK COMPONENTS] voltage=+8.343510e-08 | node_P=+0.000000e+00 | node_Q=+0.000000e+00 | branch_ij=+0.000000e+00 | branch_ji=+0.000000e+00 | flex_P=+2.146962e-08 | flex_Q=+2.146962e-08
    [SLACK COMPONENT CHECK] classified_delta=+1.263743e-07 | objective_slack_delta=+1.263743e-07 | mismatch=-8.881784e-16
    [RECOURSE COMPONENT CHECK] classified_delta=-1.390015e+06 | block_delta=-1.390015e+06 | mismatch=+6.519258e-09
  TSO node=None year=2025 day=Summer | previous=1.020890e+08 | current=1.008740e+08 | delta=-1.214979e+06 | abs_delta=1.214979e+06
    [RECOURSE JUMP][TSO PROX] year=2025 day=Summer | V max=0.000283 | PF max=0.020802 | ESS max=0.000653
    [RECOURSE COMPONENTS] gen=-1.320594e+06 | flex=+1.056146e+05 | load_curt=+0.000000e+00 | res_curt=+0.000000e+00 | ess_usage=+0.000000e+00 | slacks=-2.692957e-12 | ess_comp=+4.647176e-04
    [SLACK COMPONENTS] voltage=-2.692957e-12 | node_P=+0.000000e+00 | node_Q=+0.000000e+00 | branch_ij=+0.000000e+00 | branch_ji=+0.000000e+00 | flex_P=-2.664535e-15 | flex_Q=-2.664535e-15
    [SLACK COMPONENT CHECK] classified_delta=-2.698286e-12 | objective_slack_delta=-2.692957e-12 | mismatch=-5.329071e-15
    [RECOURSE COMPONENT CHECK] classified_delta=-1.214979e+06 | block_delta=-1.214979e+06 | mismatch=+1.001172e-08
  TSO node=None year=2035 day=Summer | previous=8.245485e+07 | current=8.127154e+07 | delta=-1.183304e+06 | abs_delta=1.183304e+06
    [RECOURSE JUMP][TSO PROX] year=2035 day=Summer | V max=0.000267 | PF max=0.020934 | ESS max=0.002545
    [RECOURSE COMPONENTS] gen=-1.537817e+06 | flex=+3.545136e+05 | load_curt=+0.000000e+00 | res_curt=+0.000000e+00 | ess_usage=+0.000000e+00 | slacks=-6.629364e-12 | ess_comp=+1.346904e-02
    [SLACK COMPONENTS] voltage=-6.622258e-12 | node_P=+0.000000e+00 | node_Q=+0.000000e+00 | branch_ij=+0.000000e+00 | branch_ji=+0.000000e+00 | flex_P=+0.000000e+00 | flex_Q=+0.000000e+00
    [SLACK COMPONENT CHECK] classified_delta=-6.622258e-12 | objective_slack_delta=-6.629364e-12 | mismatch=+7.105427e-15
    [RECOURSE COMPONENT CHECK] classified_delta=-1.183304e+06 | block_delta=-1.183304e+06 | mismatch=+3.259629e-09
  DSO node=9 year=2030 day=Spring | previous=3.705633e+06 | current=4.081655e+06 | delta=+3.760220e+05 | abs_delta=3.760220e+05
    [RECOURSE COMPONENTS] gen=+0.000000e+00 | flex=+3.864876e+05 | load_curt=+0.000000e+00 | res_curt=-1.046559e+04 | ess_usage=+0.000000e+00 | slacks=-1.338508e-06 | ess_comp=-4.489570e-05
    [SLACK COMPONENTS] voltage=-1.321461e-06 | node_P=+0.000000e+00 | node_Q=+0.000000e+00 | branch_ij=+0.000000e+00 | branch_ji=+0.000000e+00 | flex_P=-1.704704e-08 | flex_Q=+0.000000e+00
    [SLACK COMPONENT CHECK] classified_delta=-1.338508e-06 | objective_slack_delta=-1.338508e-06 | mismatch=+1.421085e-14
    [RECOURSE COMPONENT CHECK] classified_delta=+3.760220e+05 | block_delta=+3.760220e+05 | mismatch=+5.820766e-11
  DSO node=9 year=2030 day=Summer | previous=3.720180e+06 | current=4.085604e+06 | delta=+3.654247e+05 | abs_delta=3.654247e+05
    [RECOURSE COMPONENTS] gen=+0.000000e+00 | flex=+3.797611e+05 | load_curt=+0.000000e+00 | res_curt=-1.433646e+04 | ess_usage=+0.000000e+00 | slacks=+1.279807e-06 | ess_comp=+6.992247e-06
    [SLACK COMPONENTS] voltage=+1.322595e-06 | node_P=+0.000000e+00 | node_Q=+0.000000e+00 | branch_ij=+0.000000e+00 | branch_ji=+0.000000e+00 | flex_P=-4.283200e-08 | flex_Q=+4.308376e-11
    [SLACK COMPONENT CHECK] classified_delta=+1.279806e-06 | objective_slack_delta=+1.279807e-06 | mismatch=-7.105427e-13
    [RECOURSE COMPONENT CHECK] classified_delta=+3.654247e+05 | block_delta=+3.654247e+05 | mismatch=-4.074536e-10
  TSO node=None year=2035 day=Autumn | previous=3.752482e+07 | current=3.716978e+07 | delta=-3.550396e+05 | abs_delta=3.550396e+05
    [RECOURSE JUMP][TSO PROX] year=2035 day=Autumn | V max=0.000186 | PF max=0.017228 | ESS max=0.006729
    [RECOURSE COMPONENTS] gen=-3.114211e+05 | flex=-4.149681e+04 | load_curt=+0.000000e+00 | res_curt=+0.000000e+00 | ess_usage=+0.000000e+00 | slacks=+3.128542e-07 | ess_comp=-2.121642e+03
    [SLACK COMPONENTS] voltage=+2.058004e-07 | node_P=+0.000000e+00 | node_Q=+0.000000e+00 | branch_ij=+0.000000e+00 | branch_ji=+0.000000e+00 | flex_P=+5.352687e-08 | flex_Q=+5.352687e-08
    [SLACK COMPONENT CHECK] classified_delta=+3.128541e-07 | objective_slack_delta=+3.128542e-07 | mismatch=-2.220446e-14
    [RECOURSE COMPONENT CHECK] classified_delta=-3.550396e+05 | block_delta=-3.550396e+05 | mismatch=+5.704351e-09
  DSO node=9 year=2025 day=Spring | previous=3.389959e+06 | current=3.741398e+06 | delta=+3.514396e+05 | abs_delta=3.514396e+05
    [RECOURSE COMPONENTS] gen=+0.000000e+00 | flex=+3.630862e+05 | load_curt=+0.000000e+00 | res_curt=-1.164661e+04 | ess_usage=+0.000000e+00 | slacks=-3.505949e-08 | ess_comp=-7.810742e-03
    [SLACK COMPONENTS] voltage=-1.226721e-08 | node_P=+0.000000e+00 | node_Q=+0.000000e+00 | branch_ij=+0.000000e+00 | branch_ji=+0.000000e+00 | flex_P=-2.279234e-08 | flex_Q=+0.000000e+00
    [SLACK COMPONENT CHECK] classified_delta=-3.505955e-08 | objective_slack_delta=-3.505949e-08 | mismatch=-6.039613e-14
    [RECOURSE COMPONENT CHECK] classified_delta=+3.514396e+05 | block_delta=+3.514396e+05 | mismatch=-1.164153e-10
[INFO]		 - Recourse stationarity failed. 7270062.778149 > 87273.686425
[ADMM RHO] V | primal max ratio=0.014 | primal mean ratio=0.016 | primal selected=0.016 | dual mean ratio=0.019 | increase threshold=5.0 | decrease threshold=5.0 | action=held
[ADMM RHO] PF | primal max ratio=0.855 | primal mean ratio=0.227 | primal selected=0.855 | dual mean ratio=1.088 | increase threshold=5.0 | decrease threshold=3.0 | action=held
[ADMM RHO] ESS | primal max ratio=0.046 | primal mean ratio=0.016 | primal selected=0.046 | dual mean ratio=0.012 | increase threshold=5.0 | decrease threshold=5.0 | action=held
[INFO]		 - ADMM cycle 20 | Primal (V max/mean | PF max/mean | ESS max/mean) = 0.000139/0.000016 | 0.008555/0.000227 | 0.004574/0.000159 | Dual (V max/mean | PF max/mean | ESS max/mean) = 0.001093/0.000191 | 0.113525/0.010879 | 0.003647/0.000120 | Recourse change = 7270062.778149 (tol. 87273.686425) | Stable cycles = 0/1 | Penalty actions (V/PF/ESS) = held/held/held
[INFO] 	 - Iteration 20: 34.37 s
[INFO] 	 - ADMM Iteration 21
[INFO] 		 - Updating distribution networks:
[INFO] 			 - Running SMOPF, Network case33_1, 2025, Spring...
[INFO] 			 - Running SMOPF, Network case33_1, 2025, Summer...
[INFO] 			 - Running SMOPF, Network case33_1, 2025, Autumn...
[INFO] 			 - Running SMOPF, Network case33_1, 2025, Winter...
[INFO] 			 - Running SMOPF, Network case33_1, 2030, Spring...
[INFO] 			 - Running SMOPF, Network case33_1, 2030, Summer...
[INFO] 			 - Running SMOPF, Network case33_1, 2030, Autumn...
[INFO] 			 - Running SMOPF, Network case33_1, 2030, Winter...
[INFO] 			 - Running SMOPF, Network case33_1, 2035, Spring...
[INFO] 			 - Running SMOPF, Network case33_1, 2035, Summer...
[INFO] 			 - Running SMOPF, Network case33_1, 2035, Autumn...
[INFO] 			 - Running SMOPF, Network case33_1, 2035, Winter...
[INFO] 			 - Running SMOPF, Network case33_2, 2025, Spring...
[INFO] 			 - Running SMOPF, Network case33_2, 2025, Summer...
[INFO] 			 - Running SMOPF, Network case33_2, 2025, Autumn...
[INFO] 			 - Running SMOPF, Network case33_2, 2025, Winter...
[INFO] 			 - Running SMOPF, Network case33_2, 2030, Spring...
[INFO] 			 - Running SMOPF, Network case33_2, 2030, Summer...
[INFO] 			 - Running SMOPF, Network case33_2, 2030, Autumn...
[INFO] 			 - Running SMOPF, Network case33_2, 2030, Winter...
[INFO] 			 - Running SMOPF, Network case33_2, 2035, Spring...
[INFO] 			 - Running SMOPF, Network case33_2, 2035, Summer...
[INFO] 			 - Running SMOPF, Network case33_2, 2035, Autumn...
[INFO] 			 - Running SMOPF, Network case33_2, 2035, Winter...
[INFO] 			 - Running SMOPF, Network case33_3, 2025, Spring...
[INFO] 			 - Running SMOPF, Network case33_3, 2025, Summer...
[INFO] 			 - Running SMOPF, Network case33_3, 2025, Autumn...
[INFO] 			 - Running SMOPF, Network case33_3, 2025, Winter...
[INFO] 			 - Running SMOPF, Network case33_3, 2030, Spring...
[INFO] 			 - Running SMOPF, Network case33_3, 2030, Summer...
[INFO] 			 - Running SMOPF, Network case33_3, 2030, Autumn...
[INFO] 			 - Running SMOPF, Network case33_3, 2030, Winter...
[INFO] 			 - Running SMOPF, Network case33_3, 2035, Spring...
[INFO] 			 - Running SMOPF, Network case33_3, 2035, Summer...
[INFO] 			 - Running SMOPF, Network case33_3, 2035, Autumn...
[INFO] 			 - Running SMOPF, Network case33_3, 2035, Winter...
[INFO] 		 - Updating transmission network...
[INFO] 			 - Running SMOPF, Network case9, 2025, Spring...
[INFO] 			 - Running SMOPF, Network case9, 2025, Summer...
[INFO] 			 - Running SMOPF, Network case9, 2025, Autumn...
[INFO] 			 - Running SMOPF, Network case9, 2025, Winter...
[INFO] 			 - Running SMOPF, Network case9, 2030, Spring...
[INFO] 			 - Running SMOPF, Network case9, 2030, Summer...
[INFO] 			 - Running SMOPF, Network case9, 2030, Autumn...
[INFO] 			 - Running SMOPF, Network case9, 2030, Winter...
[INFO] 			 - Running SMOPF, Network case9, 2035, Spring...
[INFO] 			 - Running SMOPF, Network case9, 2035, Summer...
[INFO] 			 - Running SMOPF, Network case9, 2035, Autumn...
[INFO] 			 - Running SMOPF, Network case9, 2035, Winter...
[TSO PROX] cycle=21 | updated_blocks=12 | held_failed_blocks=0 | V max=0.000397 | PF max=0.021774 | ESS max=0.003550
[TSO PROX][V MAX] node=9, year=2035, day=Spring, period=15 | dV=0.137046 kV | normalized=0.000397
[TSO PROX][PF MAX] node=9, year=2030, day=Summer, period=17, type=P | delta=3.266161 MW | normalized=0.021774
[TSO PROX][ESS MAX] node=9, year=2035, day=Winter, period=12, type=P | delta=0.006879 MW | normalized=0.003550
[INFO] 		 - Updating SharedESS...
[INFO] 		 - Running Shared ESS optimization (subproblem)...
[INFO] 			 - Node 5...
[INFO] Shared ESS complementarity diagnostics for ESS node=5: ratio_max=2.563909e-05 n_periods=288 mu_final=4.603155e-09 s_obj=1.000000e-01 eps=1.000000e-03 bound=1.325709e-02 measured=8.132624e-03
[INFO] 			 - Node 7...
[INFO] Shared ESS complementarity diagnostics for ESS node=7: ratio_max=2.557993e-05 n_periods=288 mu_final=4.931462e-09 s_obj=1.000000e-01 eps=1.000000e-03 bound=1.420261e-02 measured=8.033083e-03
[INFO] 			 - Node 9...
[INFO] Shared ESS complementarity diagnostics for ESS node=9: ratio_max=2.564388e-05 n_periods=288 mu_final=4.759961e-09 s_obj=1.000000e-01 eps=1.000000e-03 bound=1.370869e-02 measured=8.155249e-03
[DIAG][PF MAX] node=5, year=2035, day=Summer, period=9, type=P | TSO=22.378494 MW, DSO=20.128673 MW, diff=2.249821 MW, rating=200.000000 MVA, normalized=0.011249, rho(TSO/DSO)=5.202459/5.202459
[INFO]		 - interface PF max primal residual failed. 0.011249 > 0.010000
[INFO]		 - Dual residuals ok!
[RECOURSE JUMP] cycle=21 | abs_change=6.309662e+06 | tol=8.654668e+04 | signed_change=-6.309662e+06
[RECOURSE JUMP] Reconciliation | previous=8.654668e+08 | current=8.591571e+08 | block_delta=-6.309662e+06 | mismatch=+0.000000e+00
[RECOURSE JUMP] Aggregate signed changes:
  TSO | delta=-8.935093e+06
  DSO node=9 | delta=+1.539448e+06
  DSO node=7 | delta=+9.904385e+05
  DSO node=5 | delta=+9.554352e+04
  SALVAGE | delta=-1.882759e-35
[RECOURSE JUMP] Largest 10 block changes:
  TSO node=None year=2030 day=Summer | previous=7.492243e+07 | current=7.317808e+07 | delta=-1.744352e+06 | abs_delta=1.744352e+06
    [RECOURSE JUMP][TSO PROX] year=2030 day=Summer | V max=0.000262 | PF max=0.021774 | ESS max=0.000116
    [RECOURSE COMPONENTS] gen=-1.997578e+06 | flex=+2.532256e+05 | load_curt=+0.000000e+00 | res_curt=+0.000000e+00 | ess_usage=+0.000000e+00 | slacks=-4.193453e-09 | ess_comp=-4.009871e-05
    [SLACK COMPONENTS] voltage=-2.730857e-09 | node_P=+0.000000e+00 | node_Q=+0.000000e+00 | branch_ij=+0.000000e+00 | branch_ji=+0.000000e+00 | flex_P=-7.313021e-10 | flex_Q=-7.313021e-10
    [SLACK COMPONENT CHECK] classified_delta=-4.193462e-09 | objective_slack_delta=-4.193453e-09 | mismatch=-8.881784e-15
    [RECOURSE COMPONENT CHECK] classified_delta=-1.744352e+06 | block_delta=-1.744352e+06 | mismatch=+1.653098e-08
  TSO node=None year=2035 day=Spring | previous=7.160622e+07 | current=6.987533e+07 | delta=-1.730885e+06 | abs_delta=1.730885e+06
    [RECOURSE JUMP][TSO PROX] year=2035 day=Spring | V max=0.000397 | PF max=0.013934 | ESS max=0.001888
    [RECOURSE COMPONENTS] gen=-2.231826e+06 | flex=+5.041349e+05 | load_curt=+0.000000e+00 | res_curt=+0.000000e+00 | ess_usage=+0.000000e+00 | slacks=-3.310085e-07 | ess_comp=-3.193170e+03
    [SLACK COMPONENTS] voltage=-2.165999e-07 | node_P=+0.000000e+00 | node_Q=+0.000000e+00 | branch_ij=+0.000000e+00 | branch_ji=+0.000000e+00 | flex_P=-5.720432e-08 | flex_Q=-5.720432e-08
    [SLACK COMPONENT CHECK] classified_delta=-3.310085e-07 | objective_slack_delta=-3.310085e-07 | mismatch=+1.776357e-15
    [RECOURSE COMPONENT CHECK] classified_delta=-1.730885e+06 | block_delta=-1.730885e+06 | mismatch=+6.053597e-09
  TSO node=None year=2030 day=Spring | previous=7.102395e+07 | current=6.956693e+07 | delta=-1.457018e+06 | abs_delta=1.457018e+06
    [RECOURSE JUMP][TSO PROX] year=2030 day=Spring | V max=0.000227 | PF max=0.017689 | ESS max=0.000043
    [RECOURSE COMPONENTS] gen=-2.071422e+06 | flex=+6.144043e+05 | load_curt=+0.000000e+00 | res_curt=+0.000000e+00 | ess_usage=+0.000000e+00 | slacks=-2.878210e-09 | ess_comp=-8.278282e-04
    [SLACK COMPONENTS] voltage=-1.884523e-09 | node_P=+0.000000e+00 | node_Q=+0.000000e+00 | branch_ij=+0.000000e+00 | branch_ji=+0.000000e+00 | flex_P=-4.968421e-10 | flex_Q=-4.968421e-10
    [SLACK COMPONENT CHECK] classified_delta=-2.878207e-09 | objective_slack_delta=-2.878210e-09 | mismatch=+2.664535e-15
    [RECOURSE COMPONENT CHECK] classified_delta=-1.457018e+06 | block_delta=-1.457018e+06 | mismatch=+1.979060e-08
  TSO node=None year=2025 day=Spring | previous=9.065734e+07 | current=8.938296e+07 | delta=-1.274378e+06 | abs_delta=1.274378e+06
    [RECOURSE JUMP][TSO PROX] year=2025 day=Spring | V max=0.000194 | PF max=0.017031 | ESS max=0.000759
    [RECOURSE COMPONENTS] gen=-1.892054e+06 | flex=+6.176764e+05 | load_curt=+0.000000e+00 | res_curt=+0.000000e+00 | ess_usage=+0.000000e+00 | slacks=+8.521113e-10 | ess_comp=-1.870998e-03
    [SLACK COMPONENTS] voltage=+5.656062e-10 | node_P=+0.000000e+00 | node_Q=+0.000000e+00 | branch_ij=+0.000000e+00 | branch_ji=+0.000000e+00 | flex_P=+1.432356e-10 | flex_Q=+1.432356e-10
    [SLACK COMPONENT CHECK] classified_delta=+8.520775e-10 | objective_slack_delta=+8.521113e-10 | mismatch=-3.375078e-14
    [RECOURSE COMPONENT CHECK] classified_delta=-1.274378e+06 | block_delta=-1.274378e+06 | mismatch=+2.072193e-08
  TSO node=None year=2025 day=Summer | previous=1.008740e+08 | current=9.978139e+07 | delta=-1.092637e+06 | abs_delta=1.092637e+06
    [RECOURSE JUMP][TSO PROX] year=2025 day=Summer | V max=0.000273 | PF max=0.020527 | ESS max=0.000651
    [RECOURSE COMPONENTS] gen=-1.248768e+06 | flex=+1.561310e+05 | load_curt=+0.000000e+00 | res_curt=+0.000000e+00 | ess_usage=+0.000000e+00 | slacks=-3.574030e-12 | ess_comp=+8.795530e-04
    [SLACK COMPONENTS] voltage=-3.574030e-12 | node_P=+0.000000e+00 | node_Q=+0.000000e+00 | branch_ij=+0.000000e+00 | branch_ji=+0.000000e+00 | flex_P=+0.000000e+00 | flex_Q=+0.000000e+00
    [SLACK COMPONENT CHECK] classified_delta=-3.574030e-12 | objective_slack_delta=-3.574030e-12 | mismatch=+0.000000e+00
    [RECOURSE COMPONENT CHECK] classified_delta=-1.092637e+06 | block_delta=-1.092637e+06 | mismatch=-1.140870e-08
  TSO node=None year=2035 day=Summer | previous=8.127154e+07 | current=8.024688e+07 | delta=-1.024666e+06 | abs_delta=1.024666e+06
    [RECOURSE JUMP][TSO PROX] year=2035 day=Summer | V max=0.000230 | PF max=0.014436 | ESS max=0.001680
    [RECOURSE COMPONENTS] gen=-1.464441e+06 | flex=+4.397751e+05 | load_curt=+0.000000e+00 | res_curt=+0.000000e+00 | ess_usage=+0.000000e+00 | slacks=-7.275958e-12 | ess_comp=+2.856663e-03
    [SLACK COMPONENTS] voltage=-7.275958e-12 | node_P=+0.000000e+00 | node_Q=+0.000000e+00 | branch_ij=+0.000000e+00 | branch_ji=+0.000000e+00 | flex_P=+0.000000e+00 | flex_Q=+0.000000e+00
    [SLACK COMPONENT CHECK] classified_delta=-7.275958e-12 | objective_slack_delta=-7.275958e-12 | mismatch=+0.000000e+00
    [RECOURSE COMPONENT CHECK] classified_delta=-1.024666e+06 | block_delta=-1.024666e+06 | mismatch=-8.731149e-09
  DSO node=9 year=2030 day=Spring | previous=4.081655e+06 | current=4.472955e+06 | delta=+3.913000e+05 | abs_delta=3.913000e+05
    [RECOURSE COMPONENTS] gen=+0.000000e+00 | flex=+4.019479e+05 | load_curt=+0.000000e+00 | res_curt=-1.064784e+04 | ess_usage=+0.000000e+00 | slacks=-1.354118e-06 | ess_comp=+1.763912e-05
    [SLACK COMPONENTS] voltage=-1.341873e-06 | node_P=+0.000000e+00 | node_Q=+0.000000e+00 | branch_ij=+0.000000e+00 | branch_ji=+0.000000e+00 | flex_P=-1.224487e-08 | flex_Q=+0.000000e+00
    [SLACK COMPONENT CHECK] classified_delta=-1.354118e-06 | objective_slack_delta=-1.354118e-06 | mismatch=-1.740830e-13
    [RECOURSE COMPONENT CHECK] classified_delta=+3.913000e+05 | block_delta=+3.913000e+05 | mismatch=+6.402843e-10
  DSO node=9 year=2025 day=Spring | previous=3.741398e+06 | current=4.110769e+06 | delta=+3.693705e+05 | abs_delta=3.693705e+05
    [RECOURSE COMPONENTS] gen=+0.000000e+00 | flex=+3.809342e+05 | load_curt=+0.000000e+00 | res_curt=-1.156371e+04 | ess_usage=+0.000000e+00 | slacks=-1.207087e-06 | ess_comp=-5.794181e-03
    [SLACK COMPONENTS] voltage=-1.188634e-06 | node_P=+0.000000e+00 | node_Q=+0.000000e+00 | branch_ij=+0.000000e+00 | branch_ji=+0.000000e+00 | flex_P=-1.845223e-08 | flex_Q=+0.000000e+00
    [SLACK COMPONENT CHECK] classified_delta=-1.207086e-06 | objective_slack_delta=-1.207087e-06 | mismatch=+1.065814e-13
    [RECOURSE COMPONENT CHECK] classified_delta=+3.693705e+05 | block_delta=+3.693705e+05 | mismatch=-5.820766e-10
  TSO node=None year=2035 day=Autumn | previous=3.716978e+07 | current=3.683092e+07 | delta=-3.388588e+05 | abs_delta=3.388588e+05
    [RECOURSE JUMP][TSO PROX] year=2035 day=Autumn | V max=0.000171 | PF max=0.017209 | ESS max=0.003374
    [RECOURSE COMPONENTS] gen=-3.328833e+05 | flex=-4.115045e+03 | load_curt=+0.000000e+00 | res_curt=+0.000000e+00 | ess_usage=+0.000000e+00 | slacks=+1.299648e-08 | ess_comp=-1.860514e+03
    [SLACK COMPONENTS] voltage=+8.535011e-09 | node_P=+0.000000e+00 | node_Q=+0.000000e+00 | branch_ij=+0.000000e+00 | branch_ji=+0.000000e+00 | flex_P=+2.230745e-09 | flex_Q=+2.230745e-09
    [SLACK COMPONENT CHECK] classified_delta=+1.299650e-08 | objective_slack_delta=+1.299648e-08 | mismatch=+2.042810e-14
    [RECOURSE COMPONENT CHECK] classified_delta=-3.388588e+05 | block_delta=-3.388588e+05 | mismatch=+2.444722e-09
  DSO node=9 year=2030 day=Summer | previous=4.085604e+06 | current=4.423589e+06 | delta=+3.379846e+05 | abs_delta=3.379846e+05
    [RECOURSE COMPONENTS] gen=+0.000000e+00 | flex=+3.511369e+05 | load_curt=+0.000000e+00 | res_curt=-1.315230e+04 | ess_usage=+0.000000e+00 | slacks=-1.435360e-06 | ess_comp=-6.967864e-05
    [SLACK COMPONENTS] voltage=-1.387575e-06 | node_P=+0.000000e+00 | node_Q=+0.000000e+00 | branch_ij=+0.000000e+00 | branch_ji=+0.000000e+00 | flex_P=-4.774060e-08 | flex_Q=-4.308376e-11
    [SLACK COMPONENT CHECK] classified_delta=-1.435359e-06 | objective_slack_delta=-1.435360e-06 | mismatch=+8.242296e-13
    [RECOURSE COMPONENT CHECK] classified_delta=+3.379846e+05 | block_delta=+3.379846e+05 | mismatch=-4.656613e-10
[INFO]		 - Recourse stationarity failed. 6309662.484238 > 86546.680147
[ADMM RHO] V | primal max ratio=0.024 | primal mean ratio=0.014 | primal selected=0.024 | dual mean ratio=0.017 | increase threshold=5.0 | decrease threshold=5.0 | action=held
[ADMM RHO] PF | primal max ratio=1.125 | primal mean ratio=0.220 | primal selected=1.125 | dual mean ratio=0.988 | increase threshold=5.0 | decrease threshold=3.0 | action=held
[ADMM RHO] ESS | primal max ratio=0.046 | primal mean ratio=0.016 | primal selected=0.046 | dual mean ratio=0.013 | increase threshold=5.0 | decrease threshold=5.0 | action=held
[INFO]		 - ADMM cycle 21 | Primal (V max/mean | PF max/mean | ESS max/mean) = 0.000243/0.000014 | 0.011249/0.000220 | 0.004591/0.000158 | Dual (V max/mean | PF max/mean | ESS max/mean) = 0.000894/0.000170 | 0.113287/0.009875 | 0.003653/0.000131 | Recourse change = 6309662.484238 (tol. 86546.680147) | Stable cycles = 0/1 | Penalty actions (V/PF/ESS) = held/held/held
[INFO] 	 - Iteration 21: 34.63 s
[INFO] 	 - ADMM Iteration 22
[INFO] 		 - Updating distribution networks:
[INFO] 			 - Running SMOPF, Network case33_1, 2025, Spring...
[INFO] 			 - Running SMOPF, Network case33_1, 2025, Summer...
[INFO] 			 - Running SMOPF, Network case33_1, 2025, Autumn...
[INFO] 			 - Running SMOPF, Network case33_1, 2025, Winter...
[INFO] 			 - Running SMOPF, Network case33_1, 2030, Spring...
[INFO] 			 - Running SMOPF, Network case33_1, 2030, Summer...
[INFO] 			 - Running SMOPF, Network case33_1, 2030, Autumn...
[INFO] 			 - Running SMOPF, Network case33_1, 2030, Winter...
[INFO] 			 - Running SMOPF, Network case33_1, 2035, Spring...
[INFO] 			 - Running SMOPF, Network case33_1, 2035, Summer...
[INFO] 			 - Running SMOPF, Network case33_1, 2035, Autumn...
[INFO] 			 - Running SMOPF, Network case33_1, 2035, Winter...
[INFO] 			 - Running SMOPF, Network case33_2, 2025, Spring...
[INFO] 			 - Running SMOPF, Network case33_2, 2025, Summer...
[INFO] 			 - Running SMOPF, Network case33_2, 2025, Autumn...
[INFO] 			 - Running SMOPF, Network case33_2, 2025, Winter...
[INFO] 			 - Running SMOPF, Network case33_2, 2030, Spring...
[INFO] 			 - Running SMOPF, Network case33_2, 2030, Summer...
[INFO] 			 - Running SMOPF, Network case33_2, 2030, Autumn...
[INFO] 			 - Running SMOPF, Network case33_2, 2030, Winter...
[INFO] 			 - Running SMOPF, Network case33_2, 2035, Spring...
[INFO] 			 - Running SMOPF, Network case33_2, 2035, Summer...
[INFO] 			 - Running SMOPF, Network case33_2, 2035, Autumn...
[INFO] 			 - Running SMOPF, Network case33_2, 2035, Winter...
[INFO] 			 - Running SMOPF, Network case33_3, 2025, Spring...
[INFO] 			 - Running SMOPF, Network case33_3, 2025, Summer...
[INFO] 			 - Running SMOPF, Network case33_3, 2025, Autumn...
[INFO] 			 - Running SMOPF, Network case33_3, 2025, Winter...
[INFO] 			 - Running SMOPF, Network case33_3, 2030, Spring...
[INFO] 			 - Running SMOPF, Network case33_3, 2030, Summer...
[INFO] 			 - Running SMOPF, Network case33_3, 2030, Autumn...
[INFO] 			 - Running SMOPF, Network case33_3, 2030, Winter...
[INFO] 			 - Running SMOPF, Network case33_3, 2035, Spring...
[INFO] 			 - Running SMOPF, Network case33_3, 2035, Summer...
[INFO] 			 - Running SMOPF, Network case33_3, 2035, Autumn...
[INFO] 			 - Running SMOPF, Network case33_3, 2035, Winter...
[INFO] 		 - Updating transmission network...
[INFO] 			 - Running SMOPF, Network case9, 2025, Spring...
[INFO] 			 - Running SMOPF, Network case9, 2025, Summer...
[INFO] 			 - Running SMOPF, Network case9, 2025, Autumn...
[INFO] 			 - Running SMOPF, Network case9, 2025, Winter...
[INFO] 			 - Running SMOPF, Network case9, 2030, Spring...
[INFO] 			 - Running SMOPF, Network case9, 2030, Summer...
[INFO] 			 - Running SMOPF, Network case9, 2030, Autumn...
[INFO] 			 - Running SMOPF, Network case9, 2030, Winter...
[INFO] 			 - Running SMOPF, Network case9, 2035, Spring...
[INFO] 			 - Running SMOPF, Network case9, 2035, Summer...
[INFO] 			 - Running SMOPF, Network case9, 2035, Autumn...
[INFO] 			 - Running SMOPF, Network case9, 2035, Winter...
[TSO PROX] cycle=22 | updated_blocks=12 | held_failed_blocks=0 | V max=0.000361 | PF max=0.020515 | ESS max=0.002347
[TSO PROX][V MAX] node=9, year=2035, day=Spring, period=15 | dV=0.124679 kV | normalized=0.000361
[TSO PROX][PF MAX] node=9, year=2025, day=Summer, period=8, type=P | delta=3.077227 MW | normalized=0.020515
[TSO PROX][ESS MAX] node=7, year=2035, day=Summer, period=20, type=P | delta=0.004547 MW | normalized=0.002347
[INFO] 		 - Updating SharedESS...
[INFO] 		 - Running Shared ESS optimization (subproblem)...
[INFO] 			 - Node 5...
[INFO] Shared ESS complementarity diagnostics for ESS node=5: ratio_max=2.579124e-05 n_periods=288 mu_final=4.678905e-09 s_obj=1.000000e-01 eps=1.000000e-03 bound=1.347525e-02 measured=8.077379e-03
[INFO] 			 - Node 7...
[INFO] Shared ESS complementarity diagnostics for ESS node=7: ratio_max=2.534491e-05 n_periods=288 mu_final=5.075132e-09 s_obj=1.000000e-01 eps=1.000000e-03 bound=1.461638e-02 measured=7.959430e-03
[INFO] 			 - Node 9...
[INFO] Shared ESS complementarity diagnostics for ESS node=9: ratio_max=2.582187e-05 n_periods=288 mu_final=4.796449e-09 s_obj=1.000000e-01 eps=1.000000e-03 bound=1.381377e-02 measured=8.092517e-03
[INFO]		 - Primal residuals ok!
[INFO]		 - Dual residuals ok!
[RECOURSE JUMP] cycle=22 | abs_change=5.154534e+06 | tol=8.591571e+04 | signed_change=-5.154534e+06
[RECOURSE JUMP] Reconciliation | previous=8.591571e+08 | current=8.540026e+08 | block_delta=-5.154534e+06 | mismatch=+4.768372e-07
[RECOURSE JUMP] Aggregate signed changes:
  TSO | delta=-7.783474e+06
  DSO node=9 | delta=+1.523740e+06
  DSO node=7 | delta=+9.027109e+05
  DSO node=5 | delta=+2.024886e+05
  SALVAGE | delta=-2.007271e-35
[RECOURSE JUMP] Largest 10 block changes:
  TSO node=None year=2030 day=Summer | previous=7.317808e+07 | current=7.168021e+07 | delta=-1.497861e+06 | abs_delta=1.497861e+06
    [RECOURSE JUMP][TSO PROX] year=2030 day=Summer | V max=0.000240 | PF max=0.019080 | ESS max=0.000249
    [RECOURSE COMPONENTS] gen=-1.832307e+06 | flex=+3.344459e+05 | load_curt=+0.000000e+00 | res_curt=+0.000000e+00 | ess_usage=+0.000000e+00 | slacks=-1.042807e-08 | ess_comp=+8.600763e-04
    [SLACK COMPONENTS] voltage=-6.807817e-09 | node_P=+0.000000e+00 | node_Q=+0.000000e+00 | branch_ij=+0.000000e+00 | branch_ji=+0.000000e+00 | flex_P=-1.810134e-09 | flex_Q=-1.810134e-09
    [SLACK COMPONENT CHECK] classified_delta=-1.042808e-08 | objective_slack_delta=-1.042807e-08 | mismatch=-9.769963e-15
    [RECOURSE COMPONENT CHECK] classified_delta=-1.497861e+06 | block_delta=-1.497861e+06 | mismatch=-6.752089e-09
  TSO node=None year=2030 day=Spring | previous=6.956693e+07 | current=6.816657e+07 | delta=-1.400360e+06 | abs_delta=1.400360e+06
    [RECOURSE JUMP][TSO PROX] year=2030 day=Spring | V max=0.000174 | PF max=0.017652 | ESS max=0.000037
    [RECOURSE COMPONENTS] gen=-2.049233e+06 | flex=+6.488729e+05 | load_curt=+0.000000e+00 | res_curt=+0.000000e+00 | ess_usage=+0.000000e+00 | slacks=+1.048271e-09 | ess_comp=+3.812446e-04
    [SLACK COMPONENTS] voltage=+6.988472e-10 | node_P=+0.000000e+00 | node_Q=+0.000000e+00 | branch_ij=+0.000000e+00 | branch_ji=+0.000000e+00 | flex_P=+1.747087e-10 | flex_Q=+1.747087e-10
    [SLACK COMPONENT CHECK] classified_delta=+1.048265e-09 | objective_slack_delta=+1.048271e-09 | mismatch=-6.217249e-15
    [RECOURSE COMPONENT CHECK] classified_delta=-1.400360e+06 | block_delta=-1.400360e+06 | mismatch=+1.071021e-08
  TSO node=None year=2035 day=Spring | previous=6.987533e+07 | current=6.849463e+07 | delta=-1.380705e+06 | abs_delta=1.380705e+06
    [RECOURSE JUMP][TSO PROX] year=2035 day=Spring | V max=0.000361 | PF max=0.012558 | ESS max=0.000340
    [RECOURSE COMPONENTS] gen=-1.860797e+06 | flex=+4.830785e+05 | load_curt=+0.000000e+00 | res_curt=+0.000000e+00 | ess_usage=+0.000000e+00 | slacks=+6.541072e-08 | ess_comp=-2.986747e+03
    [SLACK COMPONENTS] voltage=+4.299920e-08 | node_P=+0.000000e+00 | node_Q=+0.000000e+00 | branch_ij=+0.000000e+00 | branch_ji=+0.000000e+00 | flex_P=+1.120576e-08 | flex_Q=+1.120576e-08
    [SLACK COMPONENT CHECK] classified_delta=+6.541072e-08 | objective_slack_delta=+6.541072e-08 | mismatch=-6.217249e-15
    [RECOURSE COMPONENT CHECK] classified_delta=-1.380705e+06 | block_delta=-1.380705e+06 | mismatch=+1.047738e-08
  TSO node=None year=2025 day=Spring | previous=8.938296e+07 | current=8.812060e+07 | delta=-1.262364e+06 | abs_delta=1.262364e+06
    [RECOURSE JUMP][TSO PROX] year=2025 day=Spring | V max=0.000163 | PF max=0.016995 | ESS max=0.000750
    [RECOURSE COMPONENTS] gen=-1.881493e+06 | flex=+6.191292e+05 | load_curt=+0.000000e+00 | res_curt=+0.000000e+00 | ess_usage=+0.000000e+00 | slacks=-1.272342e-07 | ess_comp=-2.301367e-02
    [SLACK COMPONENTS] voltage=-8.400848e-08 | node_P=+0.000000e+00 | node_Q=+0.000000e+00 | branch_ij=+0.000000e+00 | branch_ji=+0.000000e+00 | flex_P=-2.161285e-08 | flex_Q=-2.161285e-08
    [SLACK COMPONENT CHECK] classified_delta=-1.272342e-07 | objective_slack_delta=-1.272342e-07 | mismatch=+3.463896e-14
    [RECOURSE COMPONENT CHECK] classified_delta=-1.262364e+06 | block_delta=-1.262364e+06 | mismatch=-2.584420e-08
  TSO node=None year=2025 day=Summer | previous=9.978139e+07 | current=9.873488e+07 | delta=-1.046504e+06 | abs_delta=1.046504e+06
    [RECOURSE JUMP][TSO PROX] year=2025 day=Summer | V max=0.000235 | PF max=0.020515 | ESS max=0.000648
    [RECOURSE COMPONENTS] gen=-1.220188e+06 | flex=+1.736845e+05 | load_curt=+0.000000e+00 | res_curt=+0.000000e+00 | ess_usage=+0.000000e+00 | slacks=-3.652190e-12 | ess_comp=+8.653577e-04
    [SLACK COMPONENTS] voltage=-3.645084e-12 | node_P=+0.000000e+00 | node_Q=+0.000000e+00 | branch_ij=+0.000000e+00 | branch_ji=+0.000000e+00 | flex_P=+0.000000e+00 | flex_Q=+0.000000e+00
    [SLACK COMPONENT CHECK] classified_delta=-3.645084e-12 | objective_slack_delta=-3.652190e-12 | mismatch=+7.105427e-15
    [RECOURSE COMPONENT CHECK] classified_delta=-1.046504e+06 | block_delta=-1.046504e+06 | mismatch=+1.094304e-08
  TSO node=None year=2035 day=Summer | previous=8.024688e+07 | current=7.929268e+07 | delta=-9.541970e+05 | abs_delta=9.541970e+05
    [RECOURSE JUMP][TSO PROX] year=2035 day=Summer | V max=0.000216 | PF max=0.014429 | ESS max=0.002347
    [RECOURSE COMPONENTS] gen=-1.520813e+06 | flex=+5.666159e+05 | load_curt=+0.000000e+00 | res_curt=+0.000000e+00 | ess_usage=+0.000000e+00 | slacks=-5.364598e-12 | ess_comp=-5.803579e-05
    [SLACK COMPONENTS] voltage=-5.371703e-12 | node_P=+0.000000e+00 | node_Q=+0.000000e+00 | branch_ij=+0.000000e+00 | branch_ji=+0.000000e+00 | flex_P=+0.000000e+00 | flex_Q=+0.000000e+00
    [SLACK COMPONENT CHECK] classified_delta=-5.371703e-12 | objective_slack_delta=-5.364598e-12 | mismatch=-7.105427e-15
    [RECOURSE COMPONENT CHECK] classified_delta=-9.541970e+05 | block_delta=-9.541970e+05 | mismatch=+2.095476e-08
  DSO node=9 year=2030 day=Spring | previous=4.472955e+06 | current=4.863459e+06 | delta=+3.905043e+05 | abs_delta=3.905043e+05
    [RECOURSE COMPONENTS] gen=+0.000000e+00 | flex=+4.010461e+05 | load_curt=+0.000000e+00 | res_curt=-1.054182e+04 | ess_usage=+0.000000e+00 | slacks=-1.279289e-06 | ess_comp=+2.041962e-06
    [SLACK COMPONENTS] voltage=-1.263972e-06 | node_P=+0.000000e+00 | node_Q=+0.000000e+00 | branch_ij=+0.000000e+00 | branch_ji=+0.000000e+00 | flex_P=-1.531711e-08 | flex_Q=+0.000000e+00
    [SLACK COMPONENT CHECK] classified_delta=-1.279289e-06 | objective_slack_delta=-1.279289e-06 | mismatch=+1.492140e-13
    [RECOURSE COMPONENT CHECK] classified_delta=+3.905043e+05 | block_delta=+3.905043e+05 | mismatch=-8.731149e-10
  DSO node=9 year=2030 day=Summer | previous=4.423589e+06 | current=4.780217e+06 | delta=+3.566276e+05 | abs_delta=3.566276e+05
    [RECOURSE COMPONENTS] gen=+0.000000e+00 | flex=+3.683052e+05 | load_curt=+0.000000e+00 | res_curt=-1.167763e+04 | ess_usage=+0.000000e+00 | slacks=-9.020170e-08 | ess_comp=+1.581078e-04
    [SLACK COMPONENTS] voltage=-4.619778e-08 | node_P=+0.000000e+00 | node_Q=+0.000000e+00 | branch_ij=+0.000000e+00 | branch_ji=+0.000000e+00 | flex_P=-4.400381e-08 | flex_Q=+0.000000e+00
    [SLACK COMPONENT CHECK] classified_delta=-9.020160e-08 | objective_slack_delta=-9.020170e-08 | mismatch=+9.947598e-14
    [RECOURSE COMPONENT CHECK] classified_delta=+3.566276e+05 | block_delta=+3.566276e+05 | mismatch=+1.105946e-09
  DSO node=9 year=2025 day=Spring | previous=4.110769e+06 | current=4.449461e+06 | delta=+3.386924e+05 | abs_delta=3.386924e+05
    [RECOURSE COMPONENTS] gen=+0.000000e+00 | flex=+3.491375e+05 | load_curt=+0.000000e+00 | res_curt=-1.044514e+04 | ess_usage=+0.000000e+00 | slacks=-1.182701e-06 | ess_comp=-5.842107e-03
    [SLACK COMPONENTS] voltage=-1.165449e-06 | node_P=+0.000000e+00 | node_Q=+0.000000e+00 | branch_ij=+0.000000e+00 | branch_ji=+0.000000e+00 | flex_P=-1.725194e-08 | flex_Q=+0.000000e+00
    [SLACK COMPONENT CHECK] classified_delta=-1.182701e-06 | objective_slack_delta=-1.182701e-06 | mismatch=-2.131628e-14
    [RECOURSE COMPONENT CHECK] classified_delta=+3.386924e+05 | block_delta=+3.386924e+05 | mismatch=+1.746230e-10
  DSO node=9 year=2035 day=Summer | previous=4.389298e+06 | current=4.653643e+06 | delta=+2.643449e+05 | abs_delta=2.643449e+05
    [RECOURSE COMPONENTS] gen=+0.000000e+00 | flex=+2.693659e+05 | load_curt=+0.000000e+00 | res_curt=-5.021011e+03 | ess_usage=+0.000000e+00 | slacks=+8.160361e-07 | ess_comp=-2.218398e-04
    [SLACK COMPONENTS] voltage=+8.709181e-07 | node_P=+0.000000e+00 | node_Q=+0.000000e+00 | branch_ij=+0.000000e+00 | branch_ji=+0.000000e+00 | flex_P=-3.147279e-08 | flex_Q=-2.340901e-08
    [SLACK COMPONENT CHECK] classified_delta=+8.160363e-07 | objective_slack_delta=+8.160361e-07 | mismatch=+2.344791e-13
    [RECOURSE COMPONENT CHECK] classified_delta=+2.643449e+05 | block_delta=+2.643449e+05 | mismatch=-5.238689e-10
[INFO]		 - Recourse stationarity failed. 5154534.091578 > 85915.713899
[ADMM RHO] V | primal max ratio=0.015 | primal mean ratio=0.012 | primal selected=0.015 | dual mean ratio=0.015 | increase threshold=5.0 | decrease threshold=5.0 | action=held
[ADMM RHO] PF | primal max ratio=0.867 | primal mean ratio=0.207 | primal selected=0.867 | dual mean ratio=0.866 | increase threshold=5.0 | decrease threshold=3.0 | action=held
[ADMM RHO] ESS | primal max ratio=0.044 | primal mean ratio=0.014 | primal selected=0.044 | dual mean ratio=0.014 | increase threshold=5.0 | decrease threshold=5.0 | action=held
[INFO]		 - ADMM cycle 22 | Primal (V max/mean | PF max/mean | ESS max/mean) = 0.000152/0.000012 | 0.008672/0.000207 | 0.004412/0.000138 | Dual (V max/mean | PF max/mean | ESS max/mean) = 0.000813/0.000152 | 0.106728/0.008656 | 0.003657/0.000141 | Recourse change = 5154534.091578 (tol. 85915.713899) | Stable cycles = 0/1 | Penalty actions (V/PF/ESS) = held/held/held
[INFO] 	 - Iteration 22: 32.59 s
[INFO] 	 - ADMM Iteration 23
[INFO] 		 - Updating distribution networks:
[INFO] 			 - Running SMOPF, Network case33_1, 2025, Spring...
[INFO] 			 - Running SMOPF, Network case33_1, 2025, Summer...
[INFO] 			 - Running SMOPF, Network case33_1, 2025, Autumn...
[INFO] 			 - Running SMOPF, Network case33_1, 2025, Winter...
[INFO] 			 - Running SMOPF, Network case33_1, 2030, Spring...
[INFO] 			 - Running SMOPF, Network case33_1, 2030, Summer...
[INFO] 			 - Running SMOPF, Network case33_1, 2030, Autumn...
[INFO] 			 - Running SMOPF, Network case33_1, 2030, Winter...
[INFO] 			 - Running SMOPF, Network case33_1, 2035, Spring...
[INFO] 			 - Running SMOPF, Network case33_1, 2035, Summer...
[INFO] 			 - Running SMOPF, Network case33_1, 2035, Autumn...
[INFO] 			 - Running SMOPF, Network case33_1, 2035, Winter...
[INFO] 			 - Running SMOPF, Network case33_2, 2025, Spring...
[INFO] 			 - Running SMOPF, Network case33_2, 2025, Summer...
[INFO] 			 - Running SMOPF, Network case33_2, 2025, Autumn...
[INFO] 			 - Running SMOPF, Network case33_2, 2025, Winter...
[INFO] 			 - Running SMOPF, Network case33_2, 2030, Spring...
[INFO] 			 - Running SMOPF, Network case33_2, 2030, Summer...
[INFO] 			 - Running SMOPF, Network case33_2, 2030, Autumn...
[INFO] 			 - Running SMOPF, Network case33_2, 2030, Winter...
[INFO] 			 - Running SMOPF, Network case33_2, 2035, Spring...
[INFO] 			 - Running SMOPF, Network case33_2, 2035, Summer...
[INFO] 			 - Running SMOPF, Network case33_2, 2035, Autumn...
[INFO] 			 - Running SMOPF, Network case33_2, 2035, Winter...
[INFO] 			 - Running SMOPF, Network case33_3, 2025, Spring...
[INFO] 			 - Running SMOPF, Network case33_3, 2025, Summer...
[INFO] 			 - Running SMOPF, Network case33_3, 2025, Autumn...
[INFO] 			 - Running SMOPF, Network case33_3, 2025, Winter...
[INFO] 			 - Running SMOPF, Network case33_3, 2030, Spring...
[INFO] 			 - Running SMOPF, Network case33_3, 2030, Summer...
[INFO] 			 - Running SMOPF, Network case33_3, 2030, Autumn...
[INFO] 			 - Running SMOPF, Network case33_3, 2030, Winter...
[INFO] 			 - Running SMOPF, Network case33_3, 2035, Spring...
[INFO] 			 - Running SMOPF, Network case33_3, 2035, Summer...
[INFO] 			 - Running SMOPF, Network case33_3, 2035, Autumn...
[INFO] 			 - Running SMOPF, Network case33_3, 2035, Winter...
[INFO] 		 - Updating transmission network...
[INFO] 			 - Running SMOPF, Network case9, 2025, Spring...
[INFO] 			 - Running SMOPF, Network case9, 2025, Summer...
[INFO] 			 - Running SMOPF, Network case9, 2025, Autumn...
[INFO] 			 - Running SMOPF, Network case9, 2025, Winter...
[INFO] 			 - Running SMOPF, Network case9, 2030, Spring...
[INFO] 			 - Running SMOPF, Network case9, 2030, Summer...
[INFO] 			 - Running SMOPF, Network case9, 2030, Autumn...
[INFO] 			 - Running SMOPF, Network case9, 2030, Winter...
[INFO] 			 - Running SMOPF, Network case9, 2035, Spring...
[INFO] 			 - Running SMOPF, Network case9, 2035, Summer...
[INFO] 			 - Running SMOPF, Network case9, 2035, Autumn...
[INFO] 			 - Running SMOPF, Network case9, 2035, Winter...
[TSO PROX] cycle=23 | updated_blocks=12 | held_failed_blocks=0 | V max=0.000333 | PF max=0.020501 | ESS max=0.001865
[TSO PROX][V MAX] node=9, year=2035, day=Spring, period=15 | dV=0.114987 kV | normalized=0.000333
[TSO PROX][PF MAX] node=9, year=2025, day=Summer, period=8, type=P | delta=3.075123 MW | normalized=0.020501
[TSO PROX][ESS MAX] node=9, year=2035, day=Autumn, period=9, type=P | delta=0.003614 MW | normalized=0.001865
[INFO] 		 - Updating SharedESS...
[INFO] 		 - Running Shared ESS optimization (subproblem)...
[INFO] 			 - Node 5...
[INFO] Shared ESS complementarity diagnostics for ESS node=5: ratio_max=2.567892e-05 n_periods=288 mu_final=4.779648e-09 s_obj=1.000000e-01 eps=1.000000e-03 bound=1.376539e-02 measured=8.050393e-03
[INFO] 			 - Node 7...
[INFO] Shared ESS complementarity diagnostics for ESS node=7: ratio_max=2.553837e-05 n_periods=288 mu_final=5.095377e-09 s_obj=1.000000e-01 eps=1.000000e-03 bound=1.467469e-02 measured=7.910198e-03
[INFO] 			 - Node 9...
[INFO] Shared ESS complementarity diagnostics for ESS node=9: ratio_max=2.556431e-05 n_periods=288 mu_final=4.822719e-09 s_obj=1.000000e-01 eps=1.000000e-03 bound=1.388943e-02 measured=8.038990e-03
[INFO]		 - Primal residuals ok!
[INFO]		 - Dual residuals ok!
[RECOURSE JUMP] cycle=23 | abs_change=4.401862e+06 | tol=8.540026e+04 | signed_change=-4.401862e+06
[RECOURSE JUMP] Reconciliation | previous=8.540026e+08 | current=8.496007e+08 | block_delta=-4.401862e+06 | mismatch=-1.192093e-07
[RECOURSE JUMP] Aggregate signed changes:
  TSO | delta=-6.726384e+06
  DSO node=9 | delta=+1.401825e+06
  DSO node=7 | delta=+6.779454e+05
  DSO node=5 | delta=+2.447524e+05
  SALVAGE | delta=-9.257688e-37
[RECOURSE JUMP] Largest 10 block changes:
  TSO node=None year=2030 day=Spring | previous=6.816657e+07 | current=6.677216e+07 | delta=-1.394410e+06 | abs_delta=1.394410e+06
    [RECOURSE JUMP][TSO PROX] year=2030 day=Spring | V max=0.000156 | PF max=0.017605 | ESS max=0.000020
    [RECOURSE COMPONENTS] gen=-2.047853e+06 | flex=+6.534425e+05 | load_curt=+0.000000e+00 | res_curt=+0.000000e+00 | ess_usage=+0.000000e+00 | slacks=+1.244871e-11 | ess_comp=+1.615811e-03
    [SLACK COMPONENTS] voltage=+1.688960e-11 | node_P=+0.000000e+00 | node_Q=+0.000000e+00 | branch_ij=+0.000000e+00 | branch_ji=+0.000000e+00 | flex_P=-2.215561e-12 | flex_Q=-2.215561e-12
    [SLACK COMPONENT CHECK] classified_delta=+1.245848e-11 | objective_slack_delta=+1.244871e-11 | mismatch=+9.769963e-15
    [RECOURSE COMPONENT CHECK] classified_delta=-1.394410e+06 | block_delta=-1.394410e+06 | mismatch=-1.164153e-08
  TSO node=None year=2025 day=Spring | previous=8.812060e+07 | current=8.688235e+07 | delta=-1.238245e+06 | abs_delta=1.238245e+06
    [RECOURSE JUMP][TSO PROX] year=2025 day=Spring | V max=0.000144 | PF max=0.016928 | ESS max=0.000739
    [RECOURSE COMPONENTS] gen=-1.843286e+06 | flex=+6.050414e+05 | load_curt=+0.000000e+00 | res_curt=+0.000000e+00 | ess_usage=+0.000000e+00 | slacks=-3.041123e-12 | ess_comp=-1.483793e-03
    [SLACK COMPONENTS] voltage=-3.041123e-12 | node_P=+0.000000e+00 | node_Q=+0.000000e+00 | branch_ij=+0.000000e+00 | branch_ji=+0.000000e+00 | flex_P=+0.000000e+00 | flex_Q=+0.000000e+00
    [SLACK COMPONENT CHECK] classified_delta=-3.041123e-12 | objective_slack_delta=-3.041123e-12 | mismatch=+0.000000e+00
    [RECOURSE COMPONENT CHECK] classified_delta=-1.238245e+06 | block_delta=-1.238245e+06 | mismatch=+3.026798e-09
  TSO node=None year=2025 day=Summer | previous=9.873488e+07 | current=9.770091e+07 | delta=-1.033970e+06 | abs_delta=1.033970e+06
    [RECOURSE JUMP][TSO PROX] year=2025 day=Summer | V max=0.000212 | PF max=0.020501 | ESS max=0.000645
    [RECOURSE COMPONENTS] gen=-1.208508e+06 | flex=+1.745387e+05 | load_curt=+0.000000e+00 | res_curt=+0.000000e+00 | ess_usage=+0.000000e+00 | slacks=-3.005596e-12 | ess_comp=+5.512575e-04
    [SLACK COMPONENTS] voltage=-3.012701e-12 | node_P=+0.000000e+00 | node_Q=+0.000000e+00 | branch_ij=+0.000000e+00 | branch_ji=+0.000000e+00 | flex_P=+0.000000e+00 | flex_Q=+0.000000e+00
    [SLACK COMPONENT CHECK] classified_delta=-3.012701e-12 | objective_slack_delta=-3.005596e-12 | mismatch=-7.105427e-15
    [RECOURSE COMPONENT CHECK] classified_delta=-1.033970e+06 | block_delta=-1.033970e+06 | mismatch=-5.355105e-09
  TSO node=None year=2030 day=Summer | previous=7.168021e+07 | current=7.068947e+07 | delta=-9.907466e+05 | abs_delta=9.907466e+05
    [RECOURSE JUMP][TSO PROX] year=2030 day=Summer | V max=0.000205 | PF max=0.012899 | ESS max=0.000176
    [RECOURSE COMPONENTS] gen=-1.166851e+06 | flex=+1.761043e+05 | load_curt=+0.000000e+00 | res_curt=+0.000000e+00 | ess_usage=+0.000000e+00 | slacks=-3.052577e-09 | ess_comp=+1.167654e-03
    [SLACK COMPONENTS] voltage=-1.984326e-09 | node_P=+0.000000e+00 | node_Q=+0.000000e+00 | branch_ij=+0.000000e+00 | branch_ji=+0.000000e+00 | flex_P=-5.341150e-10 | flex_Q=-5.341150e-10
    [SLACK COMPONENT CHECK] classified_delta=-3.052556e-09 | objective_slack_delta=-3.052577e-09 | mismatch=+2.131628e-14
    [RECOURSE COMPONENT CHECK] classified_delta=-9.907466e+05 | block_delta=-9.907466e+05 | mismatch=-2.095476e-08
  TSO node=None year=2035 day=Summer | previous=7.929268e+07 | current=7.834468e+07 | delta=-9.479955e+05 | abs_delta=9.479955e+05
    [RECOURSE JUMP][TSO PROX] year=2035 day=Summer | V max=0.000213 | PF max=0.014416 | ESS max=0.001674
    [RECOURSE COMPONENTS] gen=-1.534281e+06 | flex=+5.862859e+05 | load_curt=+0.000000e+00 | res_curt=+0.000000e+00 | ess_usage=+0.000000e+00 | slacks=-4.718004e-12 | ess_comp=-3.325812e-03
    [SLACK COMPONENTS] voltage=-4.718004e-12 | node_P=+0.000000e+00 | node_Q=+0.000000e+00 | branch_ij=+0.000000e+00 | branch_ji=+0.000000e+00 | flex_P=+0.000000e+00 | flex_Q=+0.000000e+00
    [SLACK COMPONENT CHECK] classified_delta=-4.718004e-12 | objective_slack_delta=-4.718004e-12 | mismatch=+0.000000e+00
    [RECOURSE COMPONENT CHECK] classified_delta=-9.479955e+05 | block_delta=-9.479955e+05 | mismatch=-1.839362e-08
  TSO node=None year=2035 day=Spring | previous=6.849463e+07 | current=6.758452e+07 | delta=-9.101097e+05 | abs_delta=9.101097e+05
    [RECOURSE JUMP][TSO PROX] year=2035 day=Spring | V max=0.000333 | PF max=0.012694 | ESS max=0.000694
    [RECOURSE COMPONENTS] gen=-1.264851e+06 | flex=+3.576521e+05 | load_curt=+0.000000e+00 | res_curt=+0.000000e+00 | ess_usage=+0.000000e+00 | slacks=-1.840685e-08 | ess_comp=-2.910841e+03
    [SLACK COMPONENTS] voltage=-1.190690e-08 | node_P=+0.000000e+00 | node_Q=+0.000000e+00 | branch_ij=+0.000000e+00 | branch_ji=+0.000000e+00 | flex_P=-3.249978e-09 | flex_Q=-3.249978e-09
    [SLACK COMPONENT CHECK] classified_delta=-1.840685e-08 | objective_slack_delta=-1.840685e-08 | mismatch=-2.664535e-15
    [RECOURSE COMPONENT CHECK] classified_delta=-9.101097e+05 | block_delta=-9.101097e+05 | mismatch=-2.013985e-08
  DSO node=9 year=2030 day=Spring | previous=4.863459e+06 | current=5.253389e+06 | delta=+3.899299e+05 | abs_delta=3.899299e+05
    [RECOURSE COMPONENTS] gen=+0.000000e+00 | flex=+4.003176e+05 | load_curt=+0.000000e+00 | res_curt=-1.038766e+04 | ess_usage=+0.000000e+00 | slacks=-1.179846e-06 | ess_comp=-3.224596e-05
    [SLACK COMPONENTS] voltage=-1.160796e-06 | node_P=+0.000000e+00 | node_Q=+0.000000e+00 | branch_ij=+0.000000e+00 | branch_ji=+0.000000e+00 | flex_P=-2.012609e-08 | flex_Q=+1.075986e-09
    [SLACK COMPONENT CHECK] classified_delta=-1.179846e-06 | objective_slack_delta=-1.179846e-06 | mismatch=-2.309264e-13
    [RECOURSE COMPONENT CHECK] classified_delta=+3.899299e+05 | block_delta=+3.899299e+05 | mismatch=+6.984919e-10
  DSO node=9 year=2025 day=Spring | previous=4.449461e+06 | current=4.803642e+06 | delta=+3.541811e+05 | abs_delta=3.541811e+05
    [RECOURSE COMPONENTS] gen=+0.000000e+00 | flex=+3.649285e+05 | load_curt=+0.000000e+00 | res_curt=-1.074741e+04 | ess_usage=+0.000000e+00 | slacks=-1.171799e-06 | ess_comp=-3.342863e-03
    [SLACK COMPONENTS] voltage=-1.145992e-06 | node_P=+0.000000e+00 | node_Q=+0.000000e+00 | branch_ij=+0.000000e+00 | branch_ji=+0.000000e+00 | flex_P=-2.586360e-08 | flex_Q=+5.738343e-11
    [SLACK COMPONENT CHECK] classified_delta=-1.171798e-06 | objective_slack_delta=-1.171799e-06 | mismatch=+2.984279e-13
    [RECOURSE COMPONENT CHECK] classified_delta=+3.541811e+05 | block_delta=+3.541811e+05 | mismatch=+5.820766e-10
  DSO node=9 year=2035 day=Summer | previous=4.653643e+06 | current=4.930325e+06 | delta=+2.766826e+05 | abs_delta=2.766826e+05
    [RECOURSE COMPONENTS] gen=+0.000000e+00 | flex=+2.820393e+05 | load_curt=+0.000000e+00 | res_curt=-5.356674e+03 | ess_usage=+0.000000e+00 | slacks=-3.328220e-06 | ess_comp=-5.970645e-05
    [SLACK COMPONENTS] voltage=-3.303391e-06 | node_P=+0.000000e+00 | node_Q=+0.000000e+00 | branch_ij=+0.000000e+00 | branch_ji=+0.000000e+00 | flex_P=-2.482854e-08 | flex_Q=+0.000000e+00
    [SLACK COMPONENT CHECK] classified_delta=-3.328220e-06 | objective_slack_delta=-3.328220e-06 | mismatch=+2.060574e-13
    [RECOURSE COMPONENT CHECK] classified_delta=+2.766826e+05 | block_delta=+2.766826e+05 | mismatch=-1.746230e-10
  TSO node=None year=2035 day=Autumn | previous=3.659302e+07 | current=3.639686e+07 | delta=-1.961610e+05 | abs_delta=1.961610e+05
    [RECOURSE JUMP][TSO PROX] year=2035 day=Autumn | V max=0.000152 | PF max=0.013131 | ESS max=0.001865
    [RECOURSE COMPONENTS] gen=-2.027243e+05 | flex=+8.234373e+03 | load_curt=+0.000000e+00 | res_curt=+0.000000e+00 | ess_usage=+0.000000e+00 | slacks=+6.882331e-09 | ess_comp=-1.671137e+03
    [SLACK COMPONENTS] voltage=+4.510738e-09 | node_P=+0.000000e+00 | node_Q=+0.000000e+00 | branch_ij=+0.000000e+00 | branch_ji=+0.000000e+00 | flex_P=+1.185793e-09 | flex_Q=+1.185793e-09
    [SLACK COMPONENT CHECK] classified_delta=+6.882324e-09 | objective_slack_delta=+6.882331e-09 | mismatch=-7.105427e-15
    [RECOURSE COMPONENT CHECK] classified_delta=-1.961610e+05 | block_delta=-1.961610e+05 | mismatch=+1.135049e-09
[INFO]		 - Recourse stationarity failed. 4401862.076323 > 85400.260490
[ADMM RHO] V | primal max ratio=0.007 | primal mean ratio=0.009 | primal selected=0.009 | dual mean ratio=0.014 | increase threshold=5.0 | decrease threshold=5.0 | action=held
[ADMM RHO] PF | primal max ratio=0.745 | primal mean ratio=0.154 | primal selected=0.745 | dual mean ratio=0.749 | increase threshold=5.0 | decrease threshold=3.0 | action=held
[ADMM RHO] ESS | primal max ratio=0.026 | primal mean ratio=0.011 | primal selected=0.026 | dual mean ratio=0.015 | increase threshold=5.0 | decrease threshold=5.0 | action=held
[INFO]		 - ADMM cycle 23 | Primal (V max/mean | PF max/mean | ESS max/mean) = 0.000069/0.000009 | 0.007455/0.000154 | 0.002585/0.000111 | Dual (V max/mean | PF max/mean | ESS max/mean) = 0.000750/0.000138 | 0.106655/0.007488 | 0.003658/0.000148 | Recourse change = 4401862.076323 (tol. 85400.260490) | Stable cycles = 0/1 | Penalty actions (V/PF/ESS) = held/held/held
[INFO] 	 - Iteration 23: 33.76 s
[INFO] 	 - ADMM Iteration 24
[INFO] 		 - Updating distribution networks:
[INFO] 			 - Running SMOPF, Network case33_1, 2025, Spring...
[INFO] 			 - Running SMOPF, Network case33_1, 2025, Summer...
[INFO] 			 - Running SMOPF, Network case33_1, 2025, Autumn...
[INFO] 			 - Running SMOPF, Network case33_1, 2025, Winter...
[INFO] 			 - Running SMOPF, Network case33_1, 2030, Spring...
[INFO] 			 - Running SMOPF, Network case33_1, 2030, Summer...
[INFO] 			 - Running SMOPF, Network case33_1, 2030, Autumn...
[INFO] 			 - Running SMOPF, Network case33_1, 2030, Winter...
[INFO] 			 - Running SMOPF, Network case33_1, 2035, Spring...
[INFO] 			 - Running SMOPF, Network case33_1, 2035, Summer...
[INFO] 			 - Running SMOPF, Network case33_1, 2035, Autumn...
[INFO] 			 - Running SMOPF, Network case33_1, 2035, Winter...
[INFO] 			 - Running SMOPF, Network case33_2, 2025, Spring...
[INFO] 			 - Running SMOPF, Network case33_2, 2025, Summer...
[INFO] 			 - Running SMOPF, Network case33_2, 2025, Autumn...
[INFO] 			 - Running SMOPF, Network case33_2, 2025, Winter...
[INFO] 			 - Running SMOPF, Network case33_2, 2030, Spring...
[INFO] 			 - Running SMOPF, Network case33_2, 2030, Summer...
[INFO] 			 - Running SMOPF, Network case33_2, 2030, Autumn...
[INFO] 			 - Running SMOPF, Network case33_2, 2030, Winter...
[INFO] 			 - Running SMOPF, Network case33_2, 2035, Spring...
[INFO] 			 - Running SMOPF, Network case33_2, 2035, Summer...
[INFO] 			 - Running SMOPF, Network case33_2, 2035, Autumn...
[INFO] 			 - Running SMOPF, Network case33_2, 2035, Winter...
[INFO] 			 - Running SMOPF, Network case33_3, 2025, Spring...
[INFO] 			 - Running SMOPF, Network case33_3, 2025, Summer...
[INFO] 			 - Running SMOPF, Network case33_3, 2025, Autumn...
[INFO] 			 - Running SMOPF, Network case33_3, 2025, Winter...
[INFO] 			 - Running SMOPF, Network case33_3, 2030, Spring...
[INFO] 			 - Running SMOPF, Network case33_3, 2030, Summer...
[INFO] 			 - Running SMOPF, Network case33_3, 2030, Autumn...
[INFO] 			 - Running SMOPF, Network case33_3, 2030, Winter...
[INFO] 			 - Running SMOPF, Network case33_3, 2035, Spring...
[INFO] 			 - Running SMOPF, Network case33_3, 2035, Summer...
[INFO] 			 - Running SMOPF, Network case33_3, 2035, Autumn...
[INFO] 			 - Running SMOPF, Network case33_3, 2035, Winter...
[INFO] 		 - Updating transmission network...
[INFO] 			 - Running SMOPF, Network case9, 2025, Spring...
[INFO] 			 - Running SMOPF, Network case9, 2025, Summer...
[INFO] 			 - Running SMOPF, Network case9, 2025, Autumn...
[INFO] 			 - Running SMOPF, Network case9, 2025, Winter...
[INFO] 			 - Running SMOPF, Network case9, 2030, Spring...
[INFO] 			 - Running SMOPF, Network case9, 2030, Summer...
[INFO] 			 - Running SMOPF, Network case9, 2030, Autumn...
[INFO] 			 - Running SMOPF, Network case9, 2030, Winter...
[INFO] 			 - Running SMOPF, Network case9, 2035, Spring...
[INFO] 			 - Running SMOPF, Network case9, 2035, Summer...
[INFO] 			 - Running SMOPF, Network case9, 2035, Autumn...
[INFO] 			 - Running SMOPF, Network case9, 2035, Winter...
[TSO PROX] cycle=24 | updated_blocks=12 | held_failed_blocks=0 | V max=0.000309 | PF max=0.020483 | ESS max=0.001737
[TSO PROX][V MAX] node=9, year=2035, day=Spring, period=15 | dV=0.106458 kV | normalized=0.000309
[TSO PROX][PF MAX] node=9, year=2025, day=Summer, period=8, type=P | delta=3.072482 MW | normalized=0.020483
[TSO PROX][ESS MAX] node=9, year=2035, day=Winter, period=12, type=P | delta=0.003366 MW | normalized=0.001737
[INFO] 		 - Updating SharedESS...
[INFO] 		 - Running Shared ESS optimization (subproblem)...
[INFO] 			 - Node 5...
[INFO] Shared ESS complementarity diagnostics for ESS node=5: ratio_max=2.579500e-05 n_periods=288 mu_final=4.913432e-09 s_obj=1.000000e-01 eps=1.000000e-03 bound=1.415069e-02 measured=8.037402e-03
[INFO] 			 - Node 7...
[INFO] Shared ESS complementarity diagnostics for ESS node=7: ratio_max=2.572560e-05 n_periods=288 mu_final=4.920135e-09 s_obj=1.000000e-01 eps=1.000000e-03 bound=1.416999e-02 measured=7.895951e-03
[INFO] 			 - Node 9...
[INFO] Shared ESS complementarity diagnostics for ESS node=9: ratio_max=2.575598e-05 n_periods=288 mu_final=4.930465e-09 s_obj=1.000000e-01 eps=1.000000e-03 bound=1.419974e-02 measured=8.020001e-03
[INFO]		 - Primal residuals ok!
[INFO]		 - Dual residuals ok!
[RECOURSE JUMP] cycle=24 | abs_change=3.719791e+06 | tol=8.496007e+04 | signed_change=-3.719791e+06
[RECOURSE JUMP] Reconciliation | previous=8.496007e+08 | current=8.458810e+08 | block_delta=-3.719791e+06 | mismatch=-1.192093e-07
[RECOURSE JUMP] Aggregate signed changes:
  TSO | delta=-5.829550e+06
  DSO node=9 | delta=+1.224192e+06
  DSO node=7 | delta=+5.848923e+05
  DSO node=5 | delta=+3.006757e+05
  SALVAGE | delta=-1.150932e-35
[RECOURSE JUMP] Largest 10 block changes:
  TSO node=None year=2030 day=Spring | previous=6.677216e+07 | current=6.537562e+07 | delta=-1.396547e+06 | abs_delta=1.396547e+06
    [RECOURSE JUMP][TSO PROX] year=2030 day=Spring | V max=0.000144 | PF max=0.017573 | ESS max=0.000026
    [RECOURSE COMPONENTS] gen=-2.051505e+06 | flex=+6.549576e+05 | load_curt=+0.000000e+00 | res_curt=+0.000000e+00 | ess_usage=+0.000000e+00 | slacks=-7.396615e-09 | ess_comp=+2.259012e-03
    [SLACK COMPONENTS] voltage=-4.859317e-09 | node_P=+0.000000e+00 | node_Q=+0.000000e+00 | branch_ij=+0.000000e+00 | branch_ji=+0.000000e+00 | flex_P=-1.268652e-09 | flex_Q=-1.268652e-09
    [SLACK COMPONENT CHECK] classified_delta=-7.396621e-09 | objective_slack_delta=-7.396615e-09 | mismatch=-6.217249e-15
    [RECOURSE COMPONENT CHECK] classified_delta=-1.396547e+06 | block_delta=-1.396547e+06 | mismatch=-9.313226e-09
  TSO node=None year=2025 day=Spring | previous=8.688235e+07 | current=8.569722e+07 | delta=-1.185127e+06 | abs_delta=1.185127e+06
    [RECOURSE JUMP][TSO PROX] year=2025 day=Spring | V max=0.000138 | PF max=0.014010 | ESS max=0.000732
    [RECOURSE COMPONENTS] gen=-1.764894e+06 | flex=+5.797670e+05 | load_curt=+0.000000e+00 | res_curt=+0.000000e+00 | ess_usage=+0.000000e+00 | slacks=+1.244553e-07 | ess_comp=+1.827164e-02
    [SLACK COMPONENTS] voltage=+8.218310e-08 | node_P=+0.000000e+00 | node_Q=+0.000000e+00 | branch_ij=+0.000000e+00 | branch_ji=+0.000000e+00 | flex_P=+2.113609e-08 | flex_Q=+2.113609e-08
    [SLACK COMPONENT CHECK] classified_delta=+1.244553e-07 | objective_slack_delta=+1.244553e-07 | mismatch=-1.953993e-14
    [RECOURSE COMPONENT CHECK] classified_delta=-1.185127e+06 | block_delta=-1.185127e+06 | mismatch=+6.984919e-10
  TSO node=None year=2025 day=Summer | previous=9.770091e+07 | current=9.668121e+07 | delta=-1.019702e+06 | abs_delta=1.019702e+06
    [RECOURSE JUMP][TSO PROX] year=2025 day=Summer | V max=0.000194 | PF max=0.020483 | ESS max=0.000643
    [RECOURSE COMPONENTS] gen=-1.225322e+06 | flex=+2.056206e+05 | load_curt=+0.000000e+00 | res_curt=+0.000000e+00 | ess_usage=+0.000000e+00 | slacks=-2.529532e-12 | ess_comp=+2.281223e-04
    [SLACK COMPONENTS] voltage=-2.529532e-12 | node_P=+0.000000e+00 | node_Q=+0.000000e+00 | branch_ij=+0.000000e+00 | branch_ji=+0.000000e+00 | flex_P=+0.000000e+00 | flex_Q=+0.000000e+00
    [SLACK COMPONENT CHECK] classified_delta=-2.529532e-12 | objective_slack_delta=-2.529532e-12 | mismatch=+0.000000e+00
    [RECOURSE COMPONENT CHECK] classified_delta=-1.019702e+06 | block_delta=-1.019702e+06 | mismatch=-1.082662e-08
  TSO node=None year=2035 day=Summer | previous=7.834468e+07 | current=7.741549e+07 | delta=-9.291963e+05 | abs_delta=9.291963e+05
    [RECOURSE JUMP][TSO PROX] year=2035 day=Summer | V max=0.000213 | PF max=0.014405 | ESS max=0.000627
    [RECOURSE COMPONENTS] gen=-1.504104e+06 | flex=+5.749078e+05 | load_curt=+0.000000e+00 | res_curt=+0.000000e+00 | ess_usage=+0.000000e+00 | slacks=-4.739320e-12 | ess_comp=-6.986051e-03
    [SLACK COMPONENTS] voltage=-4.732215e-12 | node_P=+0.000000e+00 | node_Q=+0.000000e+00 | branch_ij=+0.000000e+00 | branch_ji=+0.000000e+00 | flex_P=+0.000000e+00 | flex_Q=+0.000000e+00
    [SLACK COMPONENT CHECK] classified_delta=-4.732215e-12 | objective_slack_delta=-4.739320e-12 | mismatch=+7.105427e-15
    [RECOURSE COMPONENT CHECK] classified_delta=-9.291963e+05 | block_delta=-9.291963e+05 | mismatch=-4.307367e-09
  TSO node=None year=2035 day=Spring | previous=6.758452e+07 | current=6.685622e+07 | delta=-7.283023e+05 | abs_delta=7.283023e+05
    [RECOURSE JUMP][TSO PROX] year=2035 day=Spring | V max=0.000309 | PF max=0.012693 | ESS max=0.000757
    [RECOURSE COMPONENTS] gen=-1.025072e+06 | flex=+2.991716e+05 | load_curt=+0.000000e+00 | res_curt=+0.000000e+00 | ess_usage=+0.000000e+00 | slacks=-1.836923e-07 | ess_comp=-2.401870e+03
    [SLACK COMPONENTS] voltage=-1.202789e-07 | node_P=+0.000000e+00 | node_Q=+0.000000e+00 | branch_ij=+0.000000e+00 | branch_ji=+0.000000e+00 | flex_P=-3.170669e-08 | flex_Q=-3.170669e-08
    [SLACK COMPONENT CHECK] classified_delta=-1.836923e-07 | objective_slack_delta=-1.836923e-07 | mismatch=+1.776357e-15
    [RECOURSE COMPONENT CHECK] classified_delta=-7.283023e+05 | block_delta=-7.283023e+05 | mismatch=+1.362059e-08
  DSO node=9 year=2030 day=Spring | previous=5.253389e+06 | current=5.642886e+06 | delta=+3.894968e+05 | abs_delta=3.894968e+05
    [RECOURSE COMPONENTS] gen=+0.000000e+00 | flex=+3.996631e+05 | load_curt=+0.000000e+00 | res_curt=-1.016631e+04 | ess_usage=+0.000000e+00 | slacks=-1.119345e-06 | ess_comp=+8.076830e-05
    [SLACK COMPONENTS] voltage=-1.098141e-06 | node_P=+0.000000e+00 | node_Q=+0.000000e+00 | branch_ij=+0.000000e+00 | branch_ji=+0.000000e+00 | flex_P=-2.012799e-08 | flex_Q=-1.075986e-09
    [SLACK COMPONENT CHECK] classified_delta=-1.119345e-06 | objective_slack_delta=-1.119345e-06 | mismatch=+2.664535e-13
    [RECOURSE COMPONENT CHECK] classified_delta=+3.894968e+05 | block_delta=+3.894968e+05 | mismatch=-1.571607e-09
  DSO node=9 year=2025 day=Spring | previous=4.803642e+06 | current=5.140212e+06 | delta=+3.365694e+05 | abs_delta=3.365694e+05
    [RECOURSE COMPONENTS] gen=+0.000000e+00 | flex=+3.468462e+05 | load_curt=+0.000000e+00 | res_curt=-1.027688e+04 | ess_usage=+0.000000e+00 | slacks=-7.513036e-07 | ess_comp=-3.747037e-03
    [SLACK COMPONENTS] voltage=-7.305204e-07 | node_P=+0.000000e+00 | node_Q=+0.000000e+00 | branch_ij=+0.000000e+00 | branch_ji=+0.000000e+00 | flex_P=-2.072616e-08 | flex_Q=-5.738343e-11
    [SLACK COMPONENT CHECK] classified_delta=-7.513039e-07 | objective_slack_delta=-7.513036e-07 | mismatch=-3.339551e-13
    [RECOURSE COMPONENT CHECK] classified_delta=+3.365694e+05 | block_delta=+3.365694e+05 | mismatch=-3.492460e-10
  DSO node=9 year=2035 day=Summer | previous=4.930325e+06 | current=5.206549e+06 | delta=+2.762237e+05 | abs_delta=2.762237e+05
    [RECOURSE COMPONENTS] gen=+0.000000e+00 | flex=+2.814426e+05 | load_curt=+0.000000e+00 | res_curt=-5.218903e+03 | ess_usage=+0.000000e+00 | slacks=-2.342907e-06 | ess_comp=-1.173804e-04
    [SLACK COMPONENTS] voltage=-2.335276e-06 | node_P=+0.000000e+00 | node_Q=+0.000000e+00 | branch_ij=+0.000000e+00 | branch_ji=+0.000000e+00 | flex_P=-7.633012e-09 | flex_Q=+2.486900e-13
    [SLACK COMPONENT CHECK] classified_delta=-2.342908e-06 | objective_slack_delta=-2.342907e-06 | mismatch=-1.193712e-12
    [RECOURSE COMPONENT CHECK] classified_delta=+2.762237e+05 | block_delta=+2.762237e+05 | mismatch=+1.688022e-09
  TSO node=None year=2030 day=Summer | previous=7.068947e+07 | current=7.042604e+07 | delta=-2.634296e+05 | abs_delta=2.634296e+05
    [RECOURSE JUMP][TSO PROX] year=2030 day=Summer | V max=0.000212 | PF max=0.008232 | ESS max=0.000271
    [RECOURSE COMPONENTS] gen=-1.121686e+05 | flex=-1.512610e+05 | load_curt=+0.000000e+00 | res_curt=+0.000000e+00 | ess_usage=+0.000000e+00 | slacks=+2.876220e-09 | ess_comp=+1.564260e-03
    [SLACK COMPONENTS] voltage=+1.893852e-09 | node_P=+0.000000e+00 | node_Q=+0.000000e+00 | branch_ij=+0.000000e+00 | branch_ji=+0.000000e+00 | flex_P=+4.911813e-10 | flex_Q=+4.911813e-10
    [SLACK COMPONENT CHECK] classified_delta=+2.876215e-09 | objective_slack_delta=+2.876220e-09 | mismatch=-5.329071e-15
    [RECOURSE COMPONENT CHECK] classified_delta=-2.634296e+05 | block_delta=-2.634296e+05 | mismatch=+1.752051e-08
  TSO node=None year=2035 day=Autumn | previous=3.639686e+07 | current=3.618629e+07 | delta=-2.105711e+05 | abs_delta=2.105711e+05
    [RECOURSE JUMP][TSO PROX] year=2035 day=Autumn | V max=0.000146 | PF max=0.013120 | ESS max=0.001677
    [RECOURSE COMPONENTS] gen=-2.479408e+05 | flex=+3.909168e+04 | load_curt=+0.000000e+00 | res_curt=+0.000000e+00 | ess_usage=+0.000000e+00 | slacks=+9.512107e-09 | ess_comp=-1.722042e+03
    [SLACK COMPONENTS] voltage=+6.240441e-09 | node_P=+0.000000e+00 | node_Q=+0.000000e+00 | branch_ij=+0.000000e+00 | branch_ji=+0.000000e+00 | flex_P=+1.635847e-09 | flex_Q=+1.635847e-09
    [SLACK COMPONENT CHECK] classified_delta=+9.512134e-09 | objective_slack_delta=+9.512107e-09 | mismatch=+2.753353e-14
    [RECOURSE COMPONENT CHECK] classified_delta=-2.105711e+05 | block_delta=-2.105711e+05 | mismatch=+9.313226e-10
[INFO]		 - Recourse stationarity failed. 3719790.647188 > 84960.074282
[ADMM RHO] V | primal max ratio=0.006 | primal mean ratio=0.008 | primal selected=0.008 | dual mean ratio=0.013 | increase threshold=5.0 | decrease threshold=5.0 | action=held
[ADMM RHO] PF | primal max ratio=0.559 | primal mean ratio=0.119 | primal selected=0.559 | dual mean ratio=0.670 | increase threshold=5.0 | decrease threshold=3.0 | action=held
[ADMM RHO] ESS | primal max ratio=0.016 | primal mean ratio=0.010 | primal selected=0.016 | dual mean ratio=0.015 | increase threshold=5.0 | decrease threshold=5.0 | action=held
[INFO]		 - ADMM cycle 24 | Primal (V max/mean | PF max/mean | ESS max/mean) = 0.000057/0.000008 | 0.005593/0.000119 | 0.001584/0.000100 | Dual (V max/mean | PF max/mean | ESS max/mean) = 0.000694/0.000131 | 0.106563/0.006704 | 0.003658/0.000153 | Recourse change = 3719790.647188 (tol. 84960.074282) | Stable cycles = 0/1 | Penalty actions (V/PF/ESS) = held/held/held
[INFO] 	 - Iteration 24: 34.00 s
[INFO] 	 - ADMM Iteration 25
[INFO] 		 - Updating distribution networks:
[INFO] 			 - Running SMOPF, Network case33_1, 2025, Spring...
[INFO] 			 - Running SMOPF, Network case33_1, 2025, Summer...
[INFO] 			 - Running SMOPF, Network case33_1, 2025, Autumn...
[INFO] 			 - Running SMOPF, Network case33_1, 2025, Winter...
[INFO] 			 - Running SMOPF, Network case33_1, 2030, Spring...
[INFO] 			 - Running SMOPF, Network case33_1, 2030, Summer...
[INFO] 			 - Running SMOPF, Network case33_1, 2030, Autumn...
[INFO] 			 - Running SMOPF, Network case33_1, 2030, Winter...
[INFO] 			 - Running SMOPF, Network case33_1, 2035, Spring...
[INFO] 			 - Running SMOPF, Network case33_1, 2035, Summer...
[INFO] 			 - Running SMOPF, Network case33_1, 2035, Autumn...
[INFO] 			 - Running SMOPF, Network case33_1, 2035, Winter...
[INFO] 			 - Running SMOPF, Network case33_2, 2025, Spring...
[INFO] 			 - Running SMOPF, Network case33_2, 2025, Summer...
[INFO] 			 - Running SMOPF, Network case33_2, 2025, Autumn...
[INFO] 			 - Running SMOPF, Network case33_2, 2025, Winter...
[INFO] 			 - Running SMOPF, Network case33_2, 2030, Spring...
[INFO] 			 - Running SMOPF, Network case33_2, 2030, Summer...
[INFO] 			 - Running SMOPF, Network case33_2, 2030, Autumn...
[INFO] 			 - Running SMOPF, Network case33_2, 2030, Winter...
[INFO] 			 - Running SMOPF, Network case33_2, 2035, Spring...
[INFO] 			 - Running SMOPF, Network case33_2, 2035, Summer...
[INFO] 			 - Running SMOPF, Network case33_2, 2035, Autumn...
[INFO] 			 - Running SMOPF, Network case33_2, 2035, Winter...
[INFO] 			 - Running SMOPF, Network case33_3, 2025, Spring...
[INFO] 			 - Running SMOPF, Network case33_3, 2025, Summer...
[INFO] 			 - Running SMOPF, Network case33_3, 2025, Autumn...
[INFO] 			 - Running SMOPF, Network case33_3, 2025, Winter...
[INFO] 			 - Running SMOPF, Network case33_3, 2030, Spring...
[INFO] 			 - Running SMOPF, Network case33_3, 2030, Summer...
[INFO] 			 - Running SMOPF, Network case33_3, 2030, Autumn...
[INFO] 			 - Running SMOPF, Network case33_3, 2030, Winter...
[INFO] 			 - Running SMOPF, Network case33_3, 2035, Spring...
[INFO] 			 - Running SMOPF, Network case33_3, 2035, Summer...
[INFO] 			 - Running SMOPF, Network case33_3, 2035, Autumn...
[INFO] 			 - Running SMOPF, Network case33_3, 2035, Winter...
[INFO] 		 - Updating transmission network...
[INFO] 			 - Running SMOPF, Network case9, 2025, Spring...
[INFO] 			 - Running SMOPF, Network case9, 2025, Summer...
[INFO] 			 - Running SMOPF, Network case9, 2025, Autumn...
[INFO] 			 - Running SMOPF, Network case9, 2025, Winter...
[INFO] 			 - Running SMOPF, Network case9, 2030, Spring...
[INFO] 			 - Running SMOPF, Network case9, 2030, Summer...
[INFO] 			 - Running SMOPF, Network case9, 2030, Autumn...
[INFO] 			 - Running SMOPF, Network case9, 2030, Winter...
[INFO] 			 - Running SMOPF, Network case9, 2035, Spring...
[INFO] 			 - Running SMOPF, Network case9, 2035, Summer...
[INFO] 			 - Running SMOPF, Network case9, 2035, Autumn...
[INFO] 			 - Running SMOPF, Network case9, 2035, Winter...
[TSO PROX] cycle=25 | updated_blocks=12 | held_failed_blocks=0 | V max=0.000285 | PF max=0.020465 | ESS max=0.000958
[TSO PROX][V MAX] node=9, year=2035, day=Spring, period=15 | dV=0.098479 kV | normalized=0.000285
[TSO PROX][PF MAX] node=9, year=2025, day=Summer, period=8, type=P | delta=3.069782 MW | normalized=0.020465
[TSO PROX][ESS MAX] node=9, year=2035, day=Autumn, period=12, type=P | delta=0.001856 MW | normalized=0.000958
[INFO] 		 - Updating SharedESS...
[INFO] 		 - Running Shared ESS optimization (subproblem)...
[INFO] 			 - Node 5...
[INFO] Shared ESS complementarity diagnostics for ESS node=5: ratio_max=2.581267e-05 n_periods=288 mu_final=5.022215e-09 s_obj=1.000000e-01 eps=1.000000e-03 bound=1.446398e-02 measured=8.012969e-03
[INFO] 			 - Node 7...
[INFO] Shared ESS complementarity diagnostics for ESS node=7: ratio_max=2.582382e-05 n_periods=288 mu_final=5.025821e-09 s_obj=1.000000e-01 eps=1.000000e-03 bound=1.447436e-02 measured=7.876249e-03
[INFO] 			 - Node 9...
[INFO] Shared ESS complementarity diagnostics for ESS node=9: ratio_max=2.579522e-05 n_periods=288 mu_final=5.034543e-09 s_obj=1.000000e-01 eps=1.000000e-03 bound=1.449948e-02 measured=7.995988e-03
[INFO]		 - Primal residuals ok!
[INFO]		 - Dual residuals ok!
[RECOURSE JUMP] cycle=25 | abs_change=3.315602e+06 | tol=8.458810e+04 | signed_change=-3.315602e+06
[RECOURSE JUMP] Reconciliation | previous=8.458810e+08 | current=8.425654e+08 | block_delta=-3.315602e+06 | mismatch=+0.000000e+00
[RECOURSE JUMP] Aggregate signed changes:
  TSO | delta=-5.316904e+06
  DSO node=9 | delta=+1.139749e+06
  DSO node=7 | delta=+5.451643e+05
  DSO node=5 | delta=+3.163894e+05
  SALVAGE | delta=+3.055306e-35
[RECOURSE JUMP] Largest 10 block changes:
  TSO node=None year=2030 day=Spring | previous=6.537562e+07 | current=6.402291e+07 | delta=-1.352707e+06 | abs_delta=1.352707e+06
    [RECOURSE JUMP][TSO PROX] year=2030 day=Spring | V max=0.000135 | PF max=0.014098 | ESS max=0.000036
    [RECOURSE COMPONENTS] gen=-1.988160e+06 | flex=+6.354537e+05 | load_curt=+0.000000e+00 | res_curt=+0.000000e+00 | ess_usage=+0.000000e+00 | slacks=-1.474500e-08 | ess_comp=+3.541325e-03
    [SLACK COMPONENTS] voltage=-9.697352e-09 | node_P=+0.000000e+00 | node_Q=+0.000000e+00 | branch_ij=+0.000000e+00 | branch_ji=+0.000000e+00 | flex_P=-2.523823e-09 | flex_Q=-2.523823e-09
    [SLACK COMPONENT CHECK] classified_delta=-1.474500e-08 | objective_slack_delta=-1.474500e-08 | mismatch=+0.000000e+00
    [RECOURSE COMPONENT CHECK] classified_delta=-1.352707e+06 | block_delta=-1.352707e+06 | mismatch=-9.313226e-10
  TSO node=None year=2025 day=Spring | previous=8.569722e+07 | current=8.461671e+07 | delta=-1.080511e+06 | abs_delta=1.080511e+06
    [RECOURSE JUMP][TSO PROX] year=2025 day=Spring | V max=0.000134 | PF max=0.014004 | ESS max=0.000721
    [RECOURSE COMPONENTS] gen=-1.619806e+06 | flex=+5.392948e+05 | load_curt=+0.000000e+00 | res_curt=+0.000000e+00 | ess_usage=+0.000000e+00 | slacks=-5.616052e-09 | ess_comp=-1.929564e-03
    [SLACK COMPONENTS] voltage=-3.706162e-09 | node_P=+0.000000e+00 | node_Q=+0.000000e+00 | branch_ij=+0.000000e+00 | branch_ji=+0.000000e+00 | flex_P=-9.549432e-10 | flex_Q=-9.549432e-10
    [SLACK COMPONENT CHECK] classified_delta=-5.616049e-09 | objective_slack_delta=-5.616052e-09 | mismatch=+2.664535e-15
    [RECOURSE COMPONENT CHECK] classified_delta=-1.080511e+06 | block_delta=-1.080511e+06 | mismatch=+8.381903e-09
  TSO node=None year=2025 day=Summer | previous=9.668121e+07 | current=9.563979e+07 | delta=-1.041418e+06 | abs_delta=1.041418e+06
    [RECOURSE JUMP][TSO PROX] year=2025 day=Summer | V max=0.000182 | PF max=0.020465 | ESS max=0.000642
    [RECOURSE COMPONENTS] gen=-1.267463e+06 | flex=+2.260447e+05 | load_curt=+0.000000e+00 | res_curt=+0.000000e+00 | ess_usage=+0.000000e+00 | slacks=-2.295053e-12 | ess_comp=-4.751426e-05
    [SLACK COMPONENTS] voltage=-2.295053e-12 | node_P=+0.000000e+00 | node_Q=+0.000000e+00 | branch_ij=+0.000000e+00 | branch_ji=+0.000000e+00 | flex_P=+0.000000e+00 | flex_Q=+0.000000e+00
    [SLACK COMPONENT CHECK] classified_delta=-2.295053e-12 | objective_slack_delta=-2.295053e-12 | mismatch=+0.000000e+00
    [RECOURSE COMPONENT CHECK] classified_delta=-1.041418e+06 | block_delta=-1.041418e+06 | mismatch=+9.313226e-09
  TSO node=None year=2035 day=Summer | previous=7.741549e+07 | current=7.651930e+07 | delta=-8.961879e+05 | abs_delta=8.961879e+05
    [RECOURSE JUMP][TSO PROX] year=2035 day=Summer | V max=0.000212 | PF max=0.009096 | ESS max=0.000431
    [RECOURSE COMPONENTS] gen=-1.471792e+06 | flex=+5.756043e+05 | load_curt=+0.000000e+00 | res_curt=+0.000000e+00 | ess_usage=+0.000000e+00 | slacks=-4.511946e-12 | ess_comp=-1.382365e-02
    [SLACK COMPONENTS] voltage=-4.511946e-12 | node_P=+0.000000e+00 | node_Q=+0.000000e+00 | branch_ij=+0.000000e+00 | branch_ji=+0.000000e+00 | flex_P=+0.000000e+00 | flex_Q=+0.000000e+00
    [SLACK COMPONENT CHECK] classified_delta=-4.511946e-12 | objective_slack_delta=-4.511946e-12 | mismatch=+0.000000e+00
    [RECOURSE COMPONENT CHECK] classified_delta=-8.961879e+05 | block_delta=-8.961879e+05 | mismatch=+8.614734e-09
  TSO node=None year=2035 day=Spring | previous=6.685622e+07 | current=6.617339e+07 | delta=-6.828229e+05 | abs_delta=6.828229e+05
    [RECOURSE JUMP][TSO PROX] year=2035 day=Spring | V max=0.000285 | PF max=0.011542 | ESS max=0.000433
    [RECOURSE COMPONENTS] gen=-9.808336e+05 | flex=+2.985467e+05 | load_curt=+0.000000e+00 | res_curt=+0.000000e+00 | ess_usage=+0.000000e+00 | slacks=+3.689565e-08 | ess_comp=-5.360106e+02
    [SLACK COMPONENTS] voltage=+2.429505e-08 | node_P=+0.000000e+00 | node_Q=+0.000000e+00 | branch_ij=+0.000000e+00 | branch_ji=+0.000000e+00 | flex_P=+6.300304e-09 | flex_Q=+6.300304e-09
    [SLACK COMPONENT CHECK] classified_delta=+3.689566e-08 | objective_slack_delta=+3.689565e-08 | mismatch=+7.105427e-15
    [RECOURSE COMPONENT CHECK] classified_delta=-6.828229e+05 | block_delta=-6.828229e+05 | mismatch=+7.334165e-09
  DSO node=9 year=2030 day=Spring | previous=5.642886e+06 | current=6.018362e+06 | delta=+3.754762e+05 | abs_delta=3.754762e+05
    [RECOURSE COMPONENTS] gen=+0.000000e+00 | flex=+3.854901e+05 | load_curt=+0.000000e+00 | res_curt=-1.001393e+04 | ess_usage=+0.000000e+00 | slacks=-8.810370e-07 | ess_comp=-4.536711e-05
    [SLACK COMPONENTS] voltage=-8.558069e-07 | node_P=+0.000000e+00 | node_Q=+0.000000e+00 | branch_ij=+0.000000e+00 | branch_ji=+0.000000e+00 | flex_P=-2.523012e-08 | flex_Q=+0.000000e+00
    [SLACK COMPONENT CHECK] classified_delta=-8.810370e-07 | objective_slack_delta=-8.810370e-07 | mismatch=-5.329071e-14
    [RECOURSE COMPONENT CHECK] classified_delta=+3.754762e+05 | block_delta=+3.754762e+05 | mismatch=+1.571607e-09
  DSO node=9 year=2025 day=Spring | previous=5.140212e+06 | current=5.439723e+06 | delta=+2.995117e+05 | abs_delta=2.995117e+05
    [RECOURSE COMPONENTS] gen=+0.000000e+00 | flex=+3.090777e+05 | load_curt=+0.000000e+00 | res_curt=-9.565993e+03 | ess_usage=+0.000000e+00 | slacks=-1.927130e-07 | ess_comp=-3.043365e-03
    [SLACK COMPONENTS] voltage=-1.783466e-07 | node_P=+0.000000e+00 | node_Q=+0.000000e+00 | branch_ij=+0.000000e+00 | branch_ji=+0.000000e+00 | flex_P=-1.436642e-08 | flex_Q=+0.000000e+00
    [SLACK COMPONENT CHECK] classified_delta=-1.927130e-07 | objective_slack_delta=-1.927130e-07 | mismatch=+1.065814e-14
    [RECOURSE COMPONENT CHECK] classified_delta=+2.995117e+05 | block_delta=+2.995117e+05 | mismatch=+4.074536e-10
  DSO node=9 year=2035 day=Summer | previous=5.206549e+06 | current=5.482170e+06 | delta=+2.756210e+05 | abs_delta=2.756210e+05
    [RECOURSE COMPONENTS] gen=+0.000000e+00 | flex=+2.807311e+05 | load_curt=+0.000000e+00 | res_curt=-5.110122e+03 | ess_usage=+0.000000e+00 | slacks=-1.817966e-06 | ess_comp=-1.848499e-04
    [SLACK COMPONENTS] voltage=-1.811159e-06 | node_P=+0.000000e+00 | node_Q=+0.000000e+00 | branch_ij=+0.000000e+00 | branch_ji=+0.000000e+00 | flex_P=-7.721891e-09 | flex_Q=+9.158043e-10
    [SLACK COMPONENT CHECK] classified_delta=-1.817965e-06 | objective_slack_delta=-1.817966e-06 | mismatch=+8.562040e-13
    [RECOURSE COMPONENT CHECK] classified_delta=+2.756210e+05 | block_delta=+2.756210e+05 | mismatch=-1.746230e-09
  DSO node=9 year=2025 day=Summer | previous=2.927484e+06 | current=3.131796e+06 | delta=+2.043127e+05 | abs_delta=2.043127e+05
    [RECOURSE COMPONENTS] gen=+0.000000e+00 | flex=+2.162668e+05 | load_curt=+0.000000e+00 | res_curt=-1.195410e+04 | ess_usage=+0.000000e+00 | slacks=-1.170559e-06 | ess_comp=+8.461263e-03
    [SLACK COMPONENTS] voltage=-1.175751e-06 | node_P=+0.000000e+00 | node_Q=+0.000000e+00 | branch_ij=+0.000000e+00 | branch_ji=+0.000000e+00 | flex_P=-1.004661e-08 | flex_Q=+1.523798e-08
    [SLACK COMPONENT CHECK] classified_delta=-1.170559e-06 | objective_slack_delta=-1.170559e-06 | mismatch=-5.364598e-13
    [RECOURSE COMPONENT CHECK] classified_delta=+2.043127e+05 | block_delta=+2.043127e+05 | mismatch=+1.746230e-10
  DSO node=5 year=2035 day=Spring | previous=8.270366e+06 | current=8.455855e+06 | delta=+1.854887e+05 | abs_delta=1.854887e+05
    [RECOURSE COMPONENTS] gen=+0.000000e+00 | flex=+1.854872e+05 | load_curt=+0.000000e+00 | res_curt=+1.803258e+00 | ess_usage=+0.000000e+00 | slacks=-5.104874e-06 | ess_comp=-3.327587e-01
    [SLACK COMPONENTS] voltage=+8.531208e-08 | node_P=+0.000000e+00 | node_Q=+0.000000e+00 | branch_ij=+0.000000e+00 | branch_ji=+0.000000e+00 | flex_P=-5.190417e-06 | flex_Q=+2.295657e-10
    [SLACK COMPONENT CHECK] classified_delta=-5.104875e-06 | objective_slack_delta=-5.104874e-06 | mismatch=-1.286082e-12
    [RECOURSE COMPONENT CHECK] classified_delta=+1.854887e+05 | block_delta=+1.854887e+05 | mismatch=-2.910383e-11
[INFO]		 - Recourse stationarity failed. 3315601.604977 > 84588.095218
[ADMM RHO] V | primal max ratio=0.007 | primal mean ratio=0.006 | primal selected=0.007 | dual mean ratio=0.013 | increase threshold=5.0 | decrease threshold=5.0 | action=held
[ADMM RHO] PF | primal max ratio=0.672 | primal mean ratio=0.087 | primal selected=0.672 | dual mean ratio=0.636 | increase threshold=5.0 | decrease threshold=3.0 | action=held
[ADMM RHO] ESS | primal max ratio=0.018 | primal mean ratio=0.009 | primal selected=0.018 | dual mean ratio=0.016 | increase threshold=5.0 | decrease threshold=5.0 | action=held
[INFO]		 - ADMM cycle 25 | Primal (V max/mean | PF max/mean | ESS max/mean) = 0.000070/0.000006 | 0.006725/0.000087 | 0.001774/0.000090 | Dual (V max/mean | PF max/mean | ESS max/mean) = 0.000642/0.000126 | 0.106469/0.006362 | 0.003656/0.000156 | Recourse change = 3315601.604977 (tol. 84588.095218) | Stable cycles = 0/1 | Penalty actions (V/PF/ESS) = held/held/held
[INFO] 	 - Iteration 25: 31.83 s
[INFO] 	 - ADMM Iteration 26
[INFO] 		 - Updating distribution networks:
[INFO] 			 - Running SMOPF, Network case33_1, 2025, Spring...
[INFO] 			 - Running SMOPF, Network case33_1, 2025, Summer...
[INFO] 			 - Running SMOPF, Network case33_1, 2025, Autumn...
[INFO] 			 - Running SMOPF, Network case33_1, 2025, Winter...
[INFO] 			 - Running SMOPF, Network case33_1, 2030, Spring...
[INFO] 			 - Running SMOPF, Network case33_1, 2030, Summer...
[INFO] 			 - Running SMOPF, Network case33_1, 2030, Autumn...
[INFO] 			 - Running SMOPF, Network case33_1, 2030, Winter...
[INFO] 			 - Running SMOPF, Network case33_1, 2035, Spring...
[INFO] 			 - Running SMOPF, Network case33_1, 2035, Summer...
[INFO] 			 - Running SMOPF, Network case33_1, 2035, Autumn...
[INFO] 			 - Running SMOPF, Network case33_1, 2035, Winter...
[INFO] 			 - Running SMOPF, Network case33_2, 2025, Spring...
[INFO] 			 - Running SMOPF, Network case33_2, 2025, Summer...
[INFO] 			 - Running SMOPF, Network case33_2, 2025, Autumn...
[INFO] 			 - Running SMOPF, Network case33_2, 2025, Winter...
[INFO] 			 - Running SMOPF, Network case33_2, 2030, Spring...
[INFO] 			 - Running SMOPF, Network case33_2, 2030, Summer...
[INFO] 			 - Running SMOPF, Network case33_2, 2030, Autumn...
[INFO] 			 - Running SMOPF, Network case33_2, 2030, Winter...
[INFO] 			 - Running SMOPF, Network case33_2, 2035, Spring...
[INFO] 			 - Running SMOPF, Network case33_2, 2035, Summer...
[INFO] 			 - Running SMOPF, Network case33_2, 2035, Autumn...
[INFO] 			 - Running SMOPF, Network case33_2, 2035, Winter...
[INFO] 			 - Running SMOPF, Network case33_3, 2025, Spring...
[INFO] 			 - Running SMOPF, Network case33_3, 2025, Summer...
[INFO] 			 - Running SMOPF, Network case33_3, 2025, Autumn...
[INFO] 			 - Running SMOPF, Network case33_3, 2025, Winter...
[INFO] 			 - Running SMOPF, Network case33_3, 2030, Spring...
[INFO] 			 - Running SMOPF, Network case33_3, 2030, Summer...
[INFO] 			 - Running SMOPF, Network case33_3, 2030, Autumn...
[INFO] 			 - Running SMOPF, Network case33_3, 2030, Winter...
[INFO] 			 - Running SMOPF, Network case33_3, 2035, Spring...
[INFO] 			 - Running SMOPF, Network case33_3, 2035, Summer...
[INFO] 			 - Running SMOPF, Network case33_3, 2035, Autumn...
[INFO] 			 - Running SMOPF, Network case33_3, 2035, Winter...
[INFO] 		 - Updating transmission network...
[INFO] 			 - Running SMOPF, Network case9, 2025, Spring...
[INFO] 			 - Running SMOPF, Network case9, 2025, Summer...
[INFO] 			 - Running SMOPF, Network case9, 2025, Autumn...
[INFO] 			 - Running SMOPF, Network case9, 2025, Winter...
[INFO] 			 - Running SMOPF, Network case9, 2030, Spring...
[INFO] 			 - Running SMOPF, Network case9, 2030, Summer...
[INFO] 			 - Running SMOPF, Network case9, 2030, Autumn...
[INFO] 			 - Running SMOPF, Network case9, 2030, Winter...
[INFO] 			 - Running SMOPF, Network case9, 2035, Spring...
[INFO] 			 - Running SMOPF, Network case9, 2035, Summer...
[INFO] 			 - Running SMOPF, Network case9, 2035, Autumn...
[INFO] 			 - Running SMOPF, Network case9, 2035, Winter...
[TSO PROX] cycle=26 | updated_blocks=12 | held_failed_blocks=0 | V max=0.000272 | PF max=0.016099 | ESS max=0.001038
[TSO PROX][V MAX] node=7, year=2030, day=Summer, period=10 | dV=0.093760 kV | normalized=0.000272
[TSO PROX][PF MAX] node=9, year=2025, day=Summer, period=9, type=P | delta=2.414853 MW | normalized=0.016099
[TSO PROX][ESS MAX] node=5, year=2035, day=Winter, period=20, type=P | delta=0.002010 MW | normalized=0.001038
[INFO] 		 - Updating SharedESS...
[INFO] 		 - Running Shared ESS optimization (subproblem)...
[INFO] 			 - Node 5...
[INFO] Shared ESS complementarity diagnostics for ESS node=5: ratio_max=2.564257e-05 n_periods=288 mu_final=5.108540e-09 s_obj=1.000000e-01 eps=1.000000e-03 bound=1.471260e-02 measured=7.992048e-03
[INFO] 			 - Node 7...
[INFO] Shared ESS complementarity diagnostics for ESS node=7: ratio_max=2.577369e-05 n_periods=288 mu_final=5.112147e-09 s_obj=1.000000e-01 eps=1.000000e-03 bound=1.472298e-02 measured=7.875802e-03
[INFO] 			 - Node 9...
[INFO] Shared ESS complementarity diagnostics for ESS node=9: ratio_max=2.569740e-05 n_periods=288 mu_final=5.117409e-09 s_obj=1.000000e-01 eps=1.000000e-03 bound=1.473814e-02 measured=7.978309e-03
[INFO]		 - Primal residuals ok!
[INFO]		 - Dual residuals ok!
[RECOURSE JUMP] cycle=26 | abs_change=2.918358e+06 | tol=8.425654e+04 | signed_change=-2.918358e+06
[RECOURSE JUMP] Reconciliation | previous=8.425654e+08 | current=8.396470e+08 | block_delta=-2.918358e+06 | mismatch=+2.384186e-07
[RECOURSE JUMP] Aggregate signed changes:
  TSO | delta=-4.800466e+06
  DSO node=9 | delta=+1.086997e+06
  DSO node=7 | delta=+5.595462e+05
  DSO node=5 | delta=+2.355650e+05
  SALVAGE | delta=-2.905442e-35
[RECOURSE JUMP] Largest 10 block changes:
  TSO node=None year=2030 day=Spring | previous=6.402291e+07 | current=6.284602e+07 | delta=-1.176887e+06 | abs_delta=1.176887e+06
    [RECOURSE JUMP][TSO PROX] year=2030 day=Spring | V max=0.000134 | PF max=0.011825 | ESS max=0.000034
    [RECOURSE COMPONENTS] gen=-1.756314e+06 | flex=+5.794268e+05 | load_curt=+0.000000e+00 | res_curt=+0.000000e+00 | ess_usage=+0.000000e+00 | slacks=+1.389001e-08 | ess_comp=+5.467171e-03
    [SLACK COMPONENTS] voltage=+9.149005e-09 | node_P=+0.000000e+00 | node_Q=+0.000000e+00 | branch_ij=+0.000000e+00 | branch_ji=+0.000000e+00 | flex_P=+2.370501e-09 | flex_Q=+2.370501e-09
    [SLACK COMPONENT CHECK] classified_delta=+1.389001e-08 | objective_slack_delta=+1.389001e-08 | mismatch=-2.664535e-15
    [RECOURSE COMPONENT CHECK] classified_delta=-1.176887e+06 | block_delta=-1.176887e+06 | mismatch=+1.420267e-08
  TSO node=None year=2025 day=Spring | previous=8.461671e+07 | current=8.358977e+07 | delta=-1.026940e+06 | abs_delta=1.026940e+06
    [RECOURSE JUMP][TSO PROX] year=2025 day=Spring | V max=0.000131 | PF max=0.013995 | ESS max=0.000712
    [RECOURSE COMPONENTS] gen=-1.547134e+06 | flex=+5.201941e+05 | load_curt=+0.000000e+00 | res_curt=+0.000000e+00 | ess_usage=+0.000000e+00 | slacks=-8.753858e-09 | ess_comp=-1.455906e-03
    [SLACK COMPONENTS] voltage=-5.778844e-09 | node_P=+0.000000e+00 | node_Q=+0.000000e+00 | branch_ij=+0.000000e+00 | branch_ji=+0.000000e+00 | flex_P=-1.487502e-09 | flex_Q=-1.487502e-09
    [SLACK COMPONENT CHECK] classified_delta=-8.753848e-09 | objective_slack_delta=-8.753858e-09 | mismatch=+9.769963e-15
    [RECOURSE COMPONENT CHECK] classified_delta=-1.026940e+06 | block_delta=-1.026940e+06 | mismatch=-8.149073e-09
  TSO node=None year=2025 day=Summer | previous=9.563979e+07 | current=9.468653e+07 | delta=-9.532616e+05 | abs_delta=9.532616e+05
    [RECOURSE JUMP][TSO PROX] year=2025 day=Summer | V max=0.000184 | PF max=0.016099 | ESS max=0.000641
    [RECOURSE COMPONENTS] gen=-1.180702e+06 | flex=+2.274405e+05 | load_curt=+0.000000e+00 | res_curt=+0.000000e+00 | ess_usage=+0.000000e+00 | slacks=-1.826095e-12 | ess_comp=-2.448499e-04
    [SLACK COMPONENTS] voltage=-1.826095e-12 | node_P=+0.000000e+00 | node_Q=+0.000000e+00 | branch_ij=+0.000000e+00 | branch_ji=+0.000000e+00 | flex_P=+0.000000e+00 | flex_Q=+0.000000e+00
    [SLACK COMPONENT CHECK] classified_delta=-1.826095e-12 | objective_slack_delta=-1.826095e-12 | mismatch=+0.000000e+00
    [RECOURSE COMPONENT CHECK] classified_delta=-9.532616e+05 | block_delta=-9.532616e+05 | mismatch=+5.122274e-09
  TSO node=None year=2035 day=Summer | previous=7.651930e+07 | current=7.565701e+07 | delta=-8.622934e+05 | abs_delta=8.622934e+05
    [RECOURSE JUMP][TSO PROX] year=2035 day=Summer | V max=0.000210 | PF max=0.009060 | ESS max=0.000605
    [RECOURSE COMPONENTS] gen=-1.431306e+06 | flex=+5.690121e+05 | load_curt=+0.000000e+00 | res_curt=+0.000000e+00 | ess_usage=+0.000000e+00 | slacks=-4.241940e-12 | ess_comp=-3.225694e-02
    [SLACK COMPONENTS] voltage=-4.249046e-12 | node_P=+0.000000e+00 | node_Q=+0.000000e+00 | branch_ij=+0.000000e+00 | branch_ji=+0.000000e+00 | flex_P=+0.000000e+00 | flex_Q=+0.000000e+00
    [SLACK COMPONENT CHECK] classified_delta=-4.249046e-12 | objective_slack_delta=-4.241940e-12 | mismatch=-7.105427e-15
    [RECOURSE COMPONENT CHECK] classified_delta=-8.622934e+05 | block_delta=-8.622934e+05 | mismatch=-6.868504e-09
  TSO node=None year=2035 day=Spring | previous=6.617339e+07 | current=6.553549e+07 | delta=-6.379039e+05 | abs_delta=6.379039e+05
    [RECOURSE JUMP][TSO PROX] year=2035 day=Spring | V max=0.000247 | PF max=0.011764 | ESS max=0.000088
    [RECOURSE COMPONENTS] gen=-9.179447e+05 | flex=+2.800419e+05 | load_curt=+0.000000e+00 | res_curt=+0.000000e+00 | ess_usage=+0.000000e+00 | slacks=-9.420345e-08 | ess_comp=-1.042352e+00
    [SLACK COMPONENTS] voltage=-6.169456e-08 | node_P=+0.000000e+00 | node_Q=+0.000000e+00 | branch_ij=+0.000000e+00 | branch_ji=+0.000000e+00 | flex_P=-1.625444e-08 | flex_Q=-1.625444e-08
    [SLACK COMPONENT CHECK] classified_delta=-9.420343e-08 | objective_slack_delta=-9.420345e-08 | mismatch=+2.042810e-14
    [RECOURSE COMPONENT CHECK] classified_delta=-6.379039e+05 | block_delta=-6.379039e+05 | mismatch=-6.635673e-09
  DSO node=9 year=2030 day=Spring | previous=6.018362e+06 | current=6.349989e+06 | delta=+3.316273e+05 | abs_delta=3.316273e+05
    [RECOURSE COMPONENTS] gen=+0.000000e+00 | flex=+3.403430e+05 | load_curt=+0.000000e+00 | res_curt=-8.715761e+03 | ess_usage=+0.000000e+00 | slacks=-6.150698e-07 | ess_comp=+1.240149e-04
    [SLACK COMPONENTS] voltage=-5.805120e-07 | node_P=+0.000000e+00 | node_Q=+0.000000e+00 | branch_ij=+0.000000e+00 | branch_ji=+0.000000e+00 | flex_P=-3.455776e-08 | flex_Q=+0.000000e+00
    [SLACK COMPONENT CHECK] classified_delta=-6.150698e-07 | objective_slack_delta=-6.150698e-07 | mismatch=+2.842171e-14
    [RECOURSE COMPONENT CHECK] classified_delta=+3.316273e+05 | block_delta=+3.316273e+05 | mismatch=-3.492460e-10
  DSO node=9 year=2025 day=Spring | previous=5.439723e+06 | current=5.738157e+06 | delta=+2.984338e+05 | abs_delta=2.984338e+05
    [RECOURSE COMPONENTS] gen=+0.000000e+00 | flex=+3.070895e+05 | load_curt=+0.000000e+00 | res_curt=-8.655697e+03 | ess_usage=+0.000000e+00 | slacks=-2.466941e-07 | ess_comp=-2.454442e-03
    [SLACK COMPONENTS] voltage=-2.022484e-07 | node_P=+0.000000e+00 | node_Q=+0.000000e+00 | branch_ij=+0.000000e+00 | branch_ji=+0.000000e+00 | flex_P=-4.444575e-08 | flex_Q=+0.000000e+00
    [SLACK COMPONENT CHECK] classified_delta=-2.466942e-07 | objective_slack_delta=-2.466941e-07 | mismatch=-1.065814e-13
    [RECOURSE COMPONENT CHECK] classified_delta=+2.984338e+05 | block_delta=+2.984338e+05 | mismatch=-2.910383e-10
  DSO node=9 year=2035 day=Summer | previous=5.482170e+06 | current=5.757057e+06 | delta=+2.748871e+05 | abs_delta=2.748871e+05
    [RECOURSE COMPONENTS] gen=+0.000000e+00 | flex=+2.800911e+05 | load_curt=+0.000000e+00 | res_curt=-5.203998e+03 | ess_usage=+0.000000e+00 | slacks=-7.878043e-07 | ess_comp=-2.525846e-04
    [SLACK COMPONENTS] voltage=-7.803619e-07 | node_P=+0.000000e+00 | node_Q=+0.000000e+00 | branch_ij=+0.000000e+00 | branch_ji=+0.000000e+00 | flex_P=-6.526076e-09 | flex_Q=-9.160530e-10
    [SLACK COMPONENT CHECK] classified_delta=-7.878040e-07 | objective_slack_delta=-7.878043e-07 | mismatch=+2.664535e-13
    [RECOURSE COMPONENT CHECK] classified_delta=+2.748871e+05 | block_delta=+2.748871e+05 | mismatch=+1.396984e-09
  DSO node=9 year=2025 day=Summer | previous=3.131796e+06 | current=3.336018e+06 | delta=+2.042215e+05 | abs_delta=2.042215e+05
    [RECOURSE COMPONENTS] gen=+0.000000e+00 | flex=+2.150461e+05 | load_curt=+0.000000e+00 | res_curt=-1.082460e+04 | ess_usage=+0.000000e+00 | slacks=+9.779774e-08 | ess_comp=-7.846546e-03
    [SLACK COMPONENTS] voltage=+1.709911e-07 | node_P=+0.000000e+00 | node_Q=+0.000000e+00 | branch_ij=+0.000000e+00 | branch_ji=+0.000000e+00 | flex_P=-5.842353e-08 | flex_Q=-1.476992e-08
    [SLACK COMPONENT CHECK] classified_delta=+9.779769e-08 | objective_slack_delta=+9.779774e-08 | mismatch=-4.973799e-14
    [RECOURSE COMPONENT CHECK] classified_delta=+2.042215e+05 | block_delta=+2.042215e+05 | mismatch=-5.820766e-11
  DSO node=7 year=2030 day=Spring | previous=2.394080e+06 | current=2.575230e+06 | delta=+1.811503e+05 | abs_delta=1.811503e+05
    [RECOURSE COMPONENTS] gen=+0.000000e+00 | flex=+1.858919e+05 | load_curt=+0.000000e+00 | res_curt=-4.741590e+03 | ess_usage=+0.000000e+00 | slacks=+4.515082e-07 | ess_comp=-2.644291e-05
    [SLACK COMPONENTS] voltage=+4.999206e-07 | node_P=+0.000000e+00 | node_Q=+0.000000e+00 | branch_ij=+0.000000e+00 | branch_ji=+0.000000e+00 | flex_P=-4.910359e-08 | flex_Q=+6.901999e-10
    [SLACK COMPONENT CHECK] classified_delta=+4.515072e-07 | objective_slack_delta=+4.515082e-07 | mismatch=-1.040945e-12
    [RECOURSE COMPONENT CHECK] classified_delta=+1.811503e+05 | block_delta=+1.811503e+05 | mismatch=-2.619345e-10
[INFO]		 - Recourse stationarity failed. 2918358.112739 > 84256.535057
[ADMM RHO] V | primal max ratio=0.008 | primal mean ratio=0.005 | primal selected=0.008 | dual mean ratio=0.012 | increase threshold=5.0 | decrease threshold=5.0 | action=held
[ADMM RHO] PF | primal max ratio=0.557 | primal mean ratio=0.084 | primal selected=0.557 | dual mean ratio=0.591 | increase threshold=5.0 | decrease threshold=3.0 | action=held
[ADMM RHO] ESS | primal max ratio=0.014 | primal mean ratio=0.007 | primal selected=0.014 | dual mean ratio=0.016 | increase threshold=5.0 | decrease threshold=5.0 | action=held
[INFO]		 - ADMM cycle 26 | Primal (V max/mean | PF max/mean | ESS max/mean) = 0.000077/0.000005 | 0.005570/0.000084 | 0.001350/0.000069 | Dual (V max/mean | PF max/mean | ESS max/mean) = 0.000615/0.000122 | 0.083755/0.005909 | 0.003655/0.000157 | Recourse change = 2918358.112739 (tol. 84256.535057) | Stable cycles = 0/1 | Penalty actions (V/PF/ESS) = held/held/held
[INFO] 	 - Iteration 26: 33.82 s
[INFO] 	 - ADMM Iteration 27
[INFO] 		 - Updating distribution networks:
[INFO] 			 - Running SMOPF, Network case33_1, 2025, Spring...
[INFO] 			 - Running SMOPF, Network case33_1, 2025, Summer...
[INFO] 			 - Running SMOPF, Network case33_1, 2025, Autumn...
[INFO] 			 - Running SMOPF, Network case33_1, 2025, Winter...
[INFO] 			 - Running SMOPF, Network case33_1, 2030, Spring...
[INFO] 			 - Running SMOPF, Network case33_1, 2030, Summer...
[INFO] 			 - Running SMOPF, Network case33_1, 2030, Autumn...
[INFO] 			 - Running SMOPF, Network case33_1, 2030, Winter...
[INFO] 			 - Running SMOPF, Network case33_1, 2035, Spring...
[INFO] 			 - Running SMOPF, Network case33_1, 2035, Summer...
[INFO] 			 - Running SMOPF, Network case33_1, 2035, Autumn...
[INFO] 			 - Running SMOPF, Network case33_1, 2035, Winter...
[INFO] 			 - Running SMOPF, Network case33_2, 2025, Spring...
[INFO] 			 - Running SMOPF, Network case33_2, 2025, Summer...
[INFO] 			 - Running SMOPF, Network case33_2, 2025, Autumn...
[INFO] 			 - Running SMOPF, Network case33_2, 2025, Winter...
[INFO] 			 - Running SMOPF, Network case33_2, 2030, Spring...
[INFO] 			 - Running SMOPF, Network case33_2, 2030, Summer...
[INFO] 			 - Running SMOPF, Network case33_2, 2030, Autumn...
[INFO] 			 - Running SMOPF, Network case33_2, 2030, Winter...
[INFO] 			 - Running SMOPF, Network case33_2, 2035, Spring...
[INFO] 			 - Running SMOPF, Network case33_2, 2035, Summer...
[INFO] 			 - Running SMOPF, Network case33_2, 2035, Autumn...
[INFO] 			 - Running SMOPF, Network case33_2, 2035, Winter...
[INFO] 			 - Running SMOPF, Network case33_3, 2025, Spring...
[INFO] 			 - Running SMOPF, Network case33_3, 2025, Summer...
[INFO] 			 - Running SMOPF, Network case33_3, 2025, Autumn...
[INFO] 			 - Running SMOPF, Network case33_3, 2025, Winter...
[INFO] 			 - Running SMOPF, Network case33_3, 2030, Spring...
[INFO] 			 - Running SMOPF, Network case33_3, 2030, Summer...
[INFO] 			 - Running SMOPF, Network case33_3, 2030, Autumn...
[INFO] 			 - Running SMOPF, Network case33_3, 2030, Winter...
[INFO] 			 - Running SMOPF, Network case33_3, 2035, Spring...
[INFO] 			 - Running SMOPF, Network case33_3, 2035, Summer...
[INFO] 			 - Running SMOPF, Network case33_3, 2035, Autumn...
[INFO] 			 - Running SMOPF, Network case33_3, 2035, Winter...
[INFO] 		 - Updating transmission network...
[INFO] 			 - Running SMOPF, Network case9, 2025, Spring...
[INFO] 			 - Running SMOPF, Network case9, 2025, Summer...
[INFO] 			 - Running SMOPF, Network case9, 2025, Autumn...
[INFO] 			 - Running SMOPF, Network case9, 2025, Winter...
[INFO] 			 - Running SMOPF, Network case9, 2030, Spring...
[INFO] 			 - Running SMOPF, Network case9, 2030, Summer...
[INFO] 			 - Running SMOPF, Network case9, 2030, Autumn...
[INFO] 			 - Running SMOPF, Network case9, 2030, Winter...
[INFO] 			 - Running SMOPF, Network case9, 2035, Spring...
[INFO] 			 - Running SMOPF, Network case9, 2035, Summer...
[INFO] 			 - Running SMOPF, Network case9, 2035, Autumn...
[INFO] 			 - Running SMOPF, Network case9, 2035, Winter...
[TSO PROX] cycle=27 | updated_blocks=12 | held_failed_blocks=0 | V max=0.000240 | PF max=0.016050 | ESS max=0.000808
[TSO PROX][V MAX] node=9, year=2035, day=Spring, period=14 | dV=0.082868 kV | normalized=0.000240
[TSO PROX][PF MAX] node=9, year=2025, day=Summer, period=9, type=P | delta=2.407525 MW | normalized=0.016050
[TSO PROX][ESS MAX] node=9, year=2035, day=Winter, period=20, type=P | delta=0.001565 MW | normalized=0.000808
[INFO] 		 - Updating SharedESS...
[INFO] 		 - Running Shared ESS optimization (subproblem)...
[INFO] 			 - Node 5...
[INFO] Shared ESS complementarity diagnostics for ESS node=5: ratio_max=2.575424e-05 n_periods=288 mu_final=5.158457e-09 s_obj=1.000000e-01 eps=1.000000e-03 bound=1.485635e-02 measured=7.975960e-03
[INFO] 			 - Node 7...
[INFO] Shared ESS complementarity diagnostics for ESS node=7: ratio_max=2.576564e-05 n_periods=288 mu_final=5.164098e-09 s_obj=1.000000e-01 eps=1.000000e-03 bound=1.487260e-02 measured=7.885420e-03
[INFO] 			 - Node 9...
[INFO] Shared ESS complementarity diagnostics for ESS node=9: ratio_max=2.572668e-05 n_periods=288 mu_final=5.168036e-09 s_obj=1.000000e-01 eps=1.000000e-03 bound=1.488394e-02 measured=7.959738e-03
[INFO]		 - Primal residuals ok!
[INFO]		 - Dual residuals ok!
[RECOURSE JUMP] cycle=27 | abs_change=2.512080e+06 | tol=8.396470e+04 | signed_change=-2.512080e+06
[RECOURSE JUMP] Reconciliation | previous=8.396470e+08 | current=8.371349e+08 | block_delta=-2.512080e+06 | mismatch=-3.576279e-07
[RECOURSE JUMP] Aggregate signed changes:
  TSO | delta=-4.236890e+06
  DSO node=9 | delta=+9.625950e+05
  DSO node=7 | delta=+5.313815e+05
  DSO node=5 | delta=+2.308337e+05
  SALVAGE | delta=+2.297736e-35
[RECOURSE JUMP] Largest 10 block changes:
  TSO node=None year=2025 day=Spring | previous=8.358977e+07 | current=8.263147e+07 | delta=-9.583046e+05 | abs_delta=9.583046e+05
    [RECOURSE JUMP][TSO PROX] year=2025 day=Spring | V max=0.000130 | PF max=0.011360 | ESS max=0.000705
    [RECOURSE COMPONENTS] gen=-1.462187e+06 | flex=+5.038821e+05 | load_curt=+0.000000e+00 | res_curt=+0.000000e+00 | ess_usage=+0.000000e+00 | slacks=-4.498219e-09 | ess_comp=-1.186351e-03
    [SLACK COMPONENTS] voltage=-2.968875e-09 | node_P=+0.000000e+00 | node_Q=+0.000000e+00 | branch_ij=+0.000000e+00 | branch_ji=+0.000000e+00 | flex_P=-7.646763e-10 | flex_Q=-7.646763e-10
    [SLACK COMPONENT CHECK] classified_delta=-4.498228e-09 | objective_slack_delta=-4.498219e-09 | mismatch=-8.881784e-15
    [RECOURSE COMPONENT CHECK] classified_delta=-9.583046e+05 | block_delta=-9.583046e+05 | mismatch=-1.280569e-09
  TSO node=None year=2030 day=Spring | previous=6.284602e+07 | current=6.196123e+07 | delta=-8.847868e+05 | abs_delta=8.847868e+05
    [RECOURSE JUMP][TSO PROX] year=2030 day=Spring | V max=0.000135 | PF max=0.011782 | ESS max=0.000028
    [RECOURSE COMPONENTS] gen=-1.312980e+06 | flex=+4.281935e+05 | load_curt=+0.000000e+00 | res_curt=+0.000000e+00 | ess_usage=+0.000000e+00 | slacks=-1.167829e-08 | ess_comp=+6.935606e-03
    [SLACK COMPONENTS] voltage=-7.681670e-09 | node_P=+0.000000e+00 | node_Q=+0.000000e+00 | branch_ij=+0.000000e+00 | branch_ji=+0.000000e+00 | flex_P=-1.998298e-09 | flex_Q=-1.998298e-09
    [SLACK COMPONENT CHECK] classified_delta=-1.167827e-08 | objective_slack_delta=-1.167829e-08 | mismatch=+2.131628e-14
    [RECOURSE COMPONENT CHECK] classified_delta=-8.847868e+05 | block_delta=-8.847868e+05 | mismatch=-2.211891e-09
  TSO node=None year=2025 day=Summer | previous=9.468653e+07 | current=9.381394e+07 | delta=-8.725936e+05 | abs_delta=8.725936e+05
    [RECOURSE JUMP][TSO PROX] year=2025 day=Summer | V max=0.000187 | PF max=0.016050 | ESS max=0.000641
    [RECOURSE COMPONENTS] gen=-1.095262e+06 | flex=+2.226686e+05 | load_curt=+0.000000e+00 | res_curt=+0.000000e+00 | ess_usage=+0.000000e+00 | slacks=-1.428191e-12 | ess_comp=-3.515185e-04
    [SLACK COMPONENTS] voltage=-1.428191e-12 | node_P=+0.000000e+00 | node_Q=+0.000000e+00 | branch_ij=+0.000000e+00 | branch_ji=+0.000000e+00 | flex_P=+0.000000e+00 | flex_Q=+0.000000e+00
    [SLACK COMPONENT CHECK] classified_delta=-1.428191e-12 | objective_slack_delta=-1.428191e-12 | mismatch=+0.000000e+00
    [RECOURSE COMPONENT CHECK] classified_delta=-8.725936e+05 | block_delta=-8.725936e+05 | mismatch=-4.773028e-09
  TSO node=None year=2035 day=Summer | previous=7.565701e+07 | current=7.480740e+07 | delta=-8.496036e+05 | abs_delta=8.496036e+05
    [RECOURSE JUMP][TSO PROX] year=2035 day=Summer | V max=0.000197 | PF max=0.009032 | ESS max=0.000430
    [RECOURSE COMPONENTS] gen=-1.412473e+06 | flex=+5.628697e+05 | load_curt=+0.000000e+00 | res_curt=+0.000000e+00 | ess_usage=+0.000000e+00 | slacks=-4.334311e-12 | ess_comp=-1.189402e-01
    [SLACK COMPONENTS] voltage=-4.334311e-12 | node_P=+0.000000e+00 | node_Q=+0.000000e+00 | branch_ij=+0.000000e+00 | branch_ji=+0.000000e+00 | flex_P=+0.000000e+00 | flex_Q=+0.000000e+00
    [SLACK COMPONENT CHECK] classified_delta=-4.334311e-12 | objective_slack_delta=-4.334311e-12 | mismatch=+0.000000e+00
    [RECOURSE COMPONENT CHECK] classified_delta=-8.496036e+05 | block_delta=-8.496036e+05 | mismatch=+1.431908e-08
  TSO node=None year=2035 day=Spring | previous=6.553549e+07 | current=6.495620e+07 | delta=-5.792845e+05 | abs_delta=5.792845e+05
    [RECOURSE JUMP][TSO PROX] year=2035 day=Spring | V max=0.000240 | PF max=0.011859 | ESS max=0.000203
    [RECOURSE COMPONENTS] gen=-8.425048e+05 | flex=+2.632206e+05 | load_curt=+0.000000e+00 | res_curt=+0.000000e+00 | ess_usage=+0.000000e+00 | slacks=+2.625055e-07 | ess_comp=-2.789805e-01
    [SLACK COMPONENTS] voltage=+1.722488e-07 | node_P=+0.000000e+00 | node_Q=+0.000000e+00 | branch_ij=+0.000000e+00 | branch_ji=+0.000000e+00 | flex_P=+4.512838e-08 | flex_Q=+4.512838e-08
    [SLACK COMPONENT CHECK] classified_delta=+2.625055e-07 | objective_slack_delta=+2.625055e-07 | mismatch=-1.332268e-14
    [RECOURSE COMPONENT CHECK] classified_delta=-5.792845e+05 | block_delta=-5.792845e+05 | mismatch=-6.402843e-09
  DSO node=9 year=2025 day=Spring | previous=5.738157e+06 | current=6.029920e+06 | delta=+2.917624e+05 | abs_delta=2.917624e+05
    [RECOURSE COMPONENTS] gen=+0.000000e+00 | flex=+2.991872e+05 | load_curt=+0.000000e+00 | res_curt=-7.424824e+03 | ess_usage=+0.000000e+00 | slacks=-1.283809e-06 | ess_comp=-1.829626e-03
    [SLACK COMPONENTS] voltage=-1.161578e-06 | node_P=+0.000000e+00 | node_Q=+0.000000e+00 | branch_ij=+0.000000e+00 | branch_ji=+0.000000e+00 | flex_P=-1.222310e-07 | flex_Q=+0.000000e+00
    [SLACK COMPONENT CHECK] classified_delta=-1.283809e-06 | objective_slack_delta=-1.283809e-06 | mismatch=+1.314504e-13
    [RECOURSE COMPONENT CHECK] classified_delta=+2.917624e+05 | block_delta=+2.917624e+05 | mismatch=+4.656613e-10
  DSO node=9 year=2035 day=Summer | previous=5.757057e+06 | current=6.031190e+06 | delta=+2.741325e+05 | abs_delta=2.741325e+05
    [RECOURSE COMPONENTS] gen=+0.000000e+00 | flex=+2.792886e+05 | load_curt=+0.000000e+00 | res_curt=-5.156159e+03 | ess_usage=+0.000000e+00 | slacks=-1.201802e-06 | ess_comp=-3.645383e-04
    [SLACK COMPONENTS] voltage=-1.187349e-06 | node_P=+0.000000e+00 | node_Q=+0.000000e+00 | branch_ij=+0.000000e+00 | branch_ji=+0.000000e+00 | flex_P=-1.445349e-08 | flex_Q=+0.000000e+00
    [SLACK COMPONENT CHECK] classified_delta=-1.201802e-06 | objective_slack_delta=-1.201802e-06 | mismatch=-1.385558e-13
    [RECOURSE COMPONENT CHECK] classified_delta=+2.741325e+05 | block_delta=+2.741325e+05 | mismatch=+2.910383e-10
  DSO node=9 year=2025 day=Summer | previous=3.336018e+06 | current=3.550742e+06 | delta=+2.147243e+05 | abs_delta=2.147243e+05
    [RECOURSE COMPONENTS] gen=+0.000000e+00 | flex=+2.248604e+05 | load_curt=+0.000000e+00 | res_curt=-1.013603e+04 | ess_usage=+0.000000e+00 | slacks=-2.646885e-08 | ess_comp=-9.009982e-03
    [SLACK COMPONENTS] voltage=+2.799572e-08 | node_P=+0.000000e+00 | node_Q=+0.000000e+00 | branch_ij=+0.000000e+00 | branch_ji=+0.000000e+00 | flex_P=-5.503538e-08 | flex_Q=+5.708074e-10
    [SLACK COMPONENT CHECK] classified_delta=-2.646884e-08 | objective_slack_delta=-2.646885e-08 | mismatch=+1.065814e-14
    [RECOURSE COMPONENT CHECK] classified_delta=+2.147243e+05 | block_delta=+2.147243e+05 | mismatch=+2.037268e-10
  DSO node=9 year=2030 day=Spring | previous=6.349989e+06 | current=6.535369e+06 | delta=+1.853803e+05 | abs_delta=1.853803e+05
    [RECOURSE COMPONENTS] gen=+0.000000e+00 | flex=+1.865339e+05 | load_curt=+0.000000e+00 | res_curt=-1.153584e+03 | ess_usage=+0.000000e+00 | slacks=+4.975525e-05 | ess_comp=+8.309751e-05
    [SLACK COMPONENTS] voltage=+1.378047e-05 | node_P=+0.000000e+00 | node_Q=+0.000000e+00 | branch_ij=+0.000000e+00 | branch_ji=+0.000000e+00 | flex_P=+3.597478e-05 | flex_Q=+0.000000e+00
    [SLACK COMPONENT CHECK] classified_delta=+4.975525e-05 | objective_slack_delta=+4.975525e-05 | mismatch=+7.460699e-14
    [RECOURSE COMPONENT CHECK] classified_delta=+1.853803e+05 | block_delta=+1.853803e+05 | mismatch=+4.365575e-10
  DSO node=7 year=2030 day=Spring | previous=2.575230e+06 | current=2.739454e+06 | delta=+1.642239e+05 | abs_delta=1.642239e+05
    [RECOURSE COMPONENTS] gen=+0.000000e+00 | flex=+1.684604e+05 | load_curt=+0.000000e+00 | res_curt=-4.236467e+03 | ess_usage=+0.000000e+00 | slacks=-7.728653e-07 | ess_comp=-1.060449e-06
    [SLACK COMPONENTS] voltage=-7.099381e-07 | node_P=+0.000000e+00 | node_Q=+0.000000e+00 | branch_ij=+0.000000e+00 | branch_ji=+0.000000e+00 | flex_P=-6.441774e-08 | flex_Q=+1.491475e-09
    [SLACK COMPONENT CHECK] classified_delta=-7.728644e-07 | objective_slack_delta=-7.728653e-07 | mismatch=+9.343637e-13
    [RECOURSE COMPONENT CHECK] classified_delta=+1.642239e+05 | block_delta=+1.642239e+05 | mismatch=-2.328306e-10
[INFO]		 - Recourse stationarity failed. 2512079.936723 > 83964.699246
[ADMM RHO] V | primal max ratio=0.009 | primal mean ratio=0.004 | primal selected=0.009 | dual mean ratio=0.012 | increase threshold=5.0 | decrease threshold=5.0 | action=held
[ADMM RHO] PF | primal max ratio=0.727 | primal mean ratio=0.093 | primal selected=0.727 | dual mean ratio=0.543 | increase threshold=5.0 | decrease threshold=3.0 | action=held
[ADMM RHO] ESS | primal max ratio=0.011 | primal mean ratio=0.006 | primal selected=0.011 | dual mean ratio=0.015 | increase threshold=5.0 | decrease threshold=5.0 | action=held
[INFO]		 - ADMM cycle 27 | Primal (V max/mean | PF max/mean | ESS max/mean) = 0.000091/0.000004 | 0.007268/0.000093 | 0.001102/0.000058 | Dual (V max/mean | PF max/mean | ESS max/mean) = 0.000677/0.000119 | 0.083500/0.005427 | 0.003655/0.000155 | Recourse change = 2512079.936723 (tol. 83964.699246) | Stable cycles = 0/1 | Penalty actions (V/PF/ESS) = held/held/held
[INFO] 	 - Iteration 27: 33.49 s
[INFO] 	 - ADMM Iteration 28
[INFO] 		 - Updating distribution networks:
[INFO] 			 - Running SMOPF, Network case33_1, 2025, Spring...
[INFO] 			 - Running SMOPF, Network case33_1, 2025, Summer...
[INFO] 			 - Running SMOPF, Network case33_1, 2025, Autumn...
[INFO] 			 - Running SMOPF, Network case33_1, 2025, Winter...
[INFO] 			 - Running SMOPF, Network case33_1, 2030, Spring...
[INFO] 			 - Running SMOPF, Network case33_1, 2030, Summer...
[INFO] 			 - Running SMOPF, Network case33_1, 2030, Autumn...
[INFO] 			 - Running SMOPF, Network case33_1, 2030, Winter...
[INFO] 			 - Running SMOPF, Network case33_1, 2035, Spring...
[INFO] 			 - Running SMOPF, Network case33_1, 2035, Summer...
[INFO] 			 - Running SMOPF, Network case33_1, 2035, Autumn...
[INFO] 			 - Running SMOPF, Network case33_1, 2035, Winter...
[INFO] 			 - Running SMOPF, Network case33_2, 2025, Spring...
[INFO] 			 - Running SMOPF, Network case33_2, 2025, Summer...
[INFO] 			 - Running SMOPF, Network case33_2, 2025, Autumn...
[INFO] 			 - Running SMOPF, Network case33_2, 2025, Winter...
[INFO] 			 - Running SMOPF, Network case33_2, 2030, Spring...
[INFO] 			 - Running SMOPF, Network case33_2, 2030, Summer...
[INFO] 			 - Running SMOPF, Network case33_2, 2030, Autumn...
[INFO] 			 - Running SMOPF, Network case33_2, 2030, Winter...
[INFO] 			 - Running SMOPF, Network case33_2, 2035, Spring...
[INFO] 			 - Running SMOPF, Network case33_2, 2035, Summer...
[INFO] 			 - Running SMOPF, Network case33_2, 2035, Autumn...
[INFO] 			 - Running SMOPF, Network case33_2, 2035, Winter...
[INFO] 			 - Running SMOPF, Network case33_3, 2025, Spring...
[INFO] 			 - Running SMOPF, Network case33_3, 2025, Summer...
[INFO] 			 - Running SMOPF, Network case33_3, 2025, Autumn...
[INFO] 			 - Running SMOPF, Network case33_3, 2025, Winter...
[INFO] 			 - Running SMOPF, Network case33_3, 2030, Spring...
[INFO] 			 - Running SMOPF, Network case33_3, 2030, Summer...
[INFO] 			 - Running SMOPF, Network case33_3, 2030, Autumn...
[INFO] 			 - Running SMOPF, Network case33_3, 2030, Winter...
[INFO] 			 - Running SMOPF, Network case33_3, 2035, Spring...
[INFO] 			 - Running SMOPF, Network case33_3, 2035, Summer...
[INFO] 			 - Running SMOPF, Network case33_3, 2035, Autumn...
[INFO] 			 - Running SMOPF, Network case33_3, 2035, Winter...
[INFO] 		 - Updating transmission network...
[INFO] 			 - Running SMOPF, Network case9, 2025, Spring...
[INFO] 			 - Running SMOPF, Network case9, 2025, Summer...
[INFO] 			 - Running SMOPF, Network case9, 2025, Autumn...
[INFO] 			 - Running SMOPF, Network case9, 2025, Winter...
[INFO] 			 - Running SMOPF, Network case9, 2030, Spring...
[INFO] 			 - Running SMOPF, Network case9, 2030, Summer...
[INFO] 			 - Running SMOPF, Network case9, 2030, Autumn...
[INFO] 			 - Running SMOPF, Network case9, 2030, Winter...
[INFO] 			 - Running SMOPF, Network case9, 2035, Spring...
[INFO] 			 - Running SMOPF, Network case9, 2035, Summer...
[INFO] 			 - Running SMOPF, Network case9, 2035, Autumn...
[INFO] 			 - Running SMOPF, Network case9, 2035, Winter...
[TSO PROX] cycle=28 | updated_blocks=12 | held_failed_blocks=0 | V max=0.000226 | PF max=0.015986 | ESS max=0.000701
[TSO PROX][V MAX] node=9, year=2035, day=Spring, period=14 | dV=0.078077 kV | normalized=0.000226
[TSO PROX][PF MAX] node=9, year=2025, day=Summer, period=9, type=P | delta=2.397829 MW | normalized=0.015986
[TSO PROX][ESS MAX] node=9, year=2025, day=Spring, period=3, type=P | delta=0.001358 MW | normalized=0.000701
[INFO] 		 - Updating SharedESS...
[INFO] 		 - Running Shared ESS optimization (subproblem)...
[INFO] 			 - Node 5...
[INFO] Shared ESS complementarity diagnostics for ESS node=5: ratio_max=2.551836e-05 n_periods=288 mu_final=5.164078e-09 s_obj=1.000000e-01 eps=1.000000e-03 bound=1.487254e-02 measured=7.964099e-03
[INFO] 			 - Node 7...
[INFO] Shared ESS complementarity diagnostics for ESS node=7: ratio_max=2.558113e-05 n_periods=288 mu_final=5.163890e-09 s_obj=1.000000e-01 eps=1.000000e-03 bound=1.487200e-02 measured=7.904652e-03
[INFO] 			 - Node 9...
[INFO] Shared ESS complementarity diagnostics for ESS node=9: ratio_max=2.562684e-05 n_periods=288 mu_final=5.170725e-09 s_obj=1.000000e-01 eps=1.000000e-03 bound=1.489169e-02 measured=7.947831e-03
[INFO]		 - Primal residuals ok!
[INFO]		 - Dual residuals ok!
[RECOURSE JUMP] cycle=28 | abs_change=2.177848e+06 | tol=8.371349e+04 | signed_change=-2.177848e+06
[RECOURSE JUMP] Reconciliation | previous=8.371349e+08 | current=8.349571e+08 | block_delta=-2.177848e+06 | mismatch=-1.192093e-07
[RECOURSE JUMP] Aggregate signed changes:
  TSO | delta=-3.664253e+06
  DSO node=9 | delta=+6.776350e+05
  DSO node=7 | delta=+5.616957e+05
  DSO node=5 | delta=+2.470741e+05
  SALVAGE | delta=-1.026798e-35
[RECOURSE JUMP] Largest 10 block changes:
  TSO node=None year=2025 day=Summer | previous=9.381394e+07 | current=9.294444e+07 | delta=-8.695030e+05 | abs_delta=8.695030e+05
    [RECOURSE JUMP][TSO PROX] year=2025 day=Summer | V max=0.000189 | PF max=0.015986 | ESS max=0.000641
    [RECOURSE COMPONENTS] gen=-1.093531e+06 | flex=+2.240276e+05 | load_curt=+0.000000e+00 | res_curt=+0.000000e+00 | ess_usage=+0.000000e+00 | slacks=-1.264766e-12 | ess_comp=-3.821875e-04
    [SLACK COMPONENTS] voltage=-1.264766e-12 | node_P=+0.000000e+00 | node_Q=+0.000000e+00 | branch_ij=+0.000000e+00 | branch_ji=+0.000000e+00 | flex_P=+0.000000e+00 | flex_Q=+0.000000e+00
    [SLACK COMPONENT CHECK] classified_delta=-1.264766e-12 | objective_slack_delta=-1.264766e-12 | mismatch=+0.000000e+00
    [RECOURSE COMPONENT CHECK] classified_delta=-8.695030e+05 | block_delta=-8.695030e+05 | mismatch=+3.958121e-09
  TSO node=None year=2035 day=Summer | previous=7.480740e+07 | current=7.396474e+07 | delta=-8.426650e+05 | abs_delta=8.426650e+05
    [RECOURSE JUMP][TSO PROX] year=2035 day=Summer | V max=0.000188 | PF max=0.009010 | ESS max=0.000192
    [RECOURSE COMPONENTS] gen=-1.401626e+06 | flex=+5.589613e+05 | load_curt=+0.000000e+00 | res_curt=+0.000000e+00 | ess_usage=+0.000000e+00 | slacks=-4.384049e-12 | ess_comp=-7.392663e-01
    [SLACK COMPONENTS] voltage=-4.376943e-12 | node_P=+0.000000e+00 | node_Q=+0.000000e+00 | branch_ij=+0.000000e+00 | branch_ji=+0.000000e+00 | flex_P=+0.000000e+00 | flex_Q=+0.000000e+00
    [SLACK COMPONENT CHECK] classified_delta=-4.376943e-12 | objective_slack_delta=-4.384049e-12 | mismatch=+7.105427e-15
    [RECOURSE COMPONENT CHECK] classified_delta=-8.426650e+05 | block_delta=-8.426650e+05 | mismatch=+7.683411e-09
  TSO node=None year=2025 day=Spring | previous=8.263147e+07 | current=8.198372e+07 | delta=-6.477424e+05 | abs_delta=6.477424e+05
    [RECOURSE JUMP][TSO PROX] year=2025 day=Spring | V max=0.000114 | PF max=0.011349 | ESS max=0.000701
    [RECOURSE COMPONENTS] gen=-9.887363e+05 | flex=+3.409938e+05 | load_curt=+0.000000e+00 | res_curt=+0.000000e+00 | ess_usage=+0.000000e+00 | slacks=+1.453243e-08 | ess_comp=-1.503063e-04
    [SLACK COMPONENTS] voltage=+9.599312e-09 | node_P=+0.000000e+00 | node_Q=+0.000000e+00 | branch_ij=+0.000000e+00 | branch_ji=+0.000000e+00 | flex_P=+2.466553e-09 | flex_Q=+2.466553e-09
    [SLACK COMPONENT CHECK] classified_delta=+1.453242e-08 | objective_slack_delta=+1.453243e-08 | mismatch=-1.509903e-14
    [RECOURSE COMPONENT CHECK] classified_delta=-6.477424e+05 | block_delta=-6.477424e+05 | mismatch=-1.164153e-08
  TSO node=None year=2030 day=Spring | previous=6.196123e+07 | current=6.136122e+07 | delta=-6.000141e+05 | abs_delta=6.000141e+05
    [RECOURSE JUMP][TSO PROX] year=2030 day=Spring | V max=0.000132 | PF max=0.011745 | ESS max=0.000027
    [RECOURSE COMPONENTS] gen=-8.759915e+05 | flex=+2.759774e+05 | load_curt=+0.000000e+00 | res_curt=+0.000000e+00 | ess_usage=+0.000000e+00 | slacks=-4.960370e-10 | ess_comp=+7.920706e-03
    [SLACK COMPONENTS] voltage=-3.216130e-10 | node_P=+0.000000e+00 | node_Q=+0.000000e+00 | branch_ij=+0.000000e+00 | branch_ji=+0.000000e+00 | flex_P=-8.721157e-11 | flex_Q=-8.721157e-11
    [SLACK COMPONENT CHECK] classified_delta=-4.960361e-10 | objective_slack_delta=-4.960370e-10 | mismatch=+8.881784e-16
    [RECOURSE COMPONENT CHECK] classified_delta=-6.000141e+05 | block_delta=-6.000141e+05 | mismatch=+4.773028e-09
  TSO node=None year=2035 day=Spring | previous=6.495620e+07 | current=6.451693e+07 | delta=-4.392761e+05 | abs_delta=4.392761e+05
    [RECOURSE JUMP][TSO PROX] year=2035 day=Spring | V max=0.000226 | PF max=0.009553 | ESS max=0.000320
    [RECOURSE COMPONENTS] gen=-6.552219e+05 | flex=+2.159460e+05 | load_curt=+0.000000e+00 | res_curt=+0.000000e+00 | ess_usage=+0.000000e+00 | slacks=-3.205387e-07 | ess_comp=-1.335666e-01
    [SLACK COMPONENTS] voltage=-2.102048e-07 | node_P=+0.000000e+00 | node_Q=+0.000000e+00 | branch_ij=+0.000000e+00 | branch_ji=+0.000000e+00 | flex_P=-5.516696e-08 | flex_Q=-5.516696e-08
    [SLACK COMPONENT CHECK] classified_delta=-3.205387e-07 | objective_slack_delta=-3.205387e-07 | mismatch=-1.332268e-14
    [RECOURSE COMPONENT CHECK] classified_delta=-4.392761e+05 | block_delta=-4.392761e+05 | mismatch=+1.600711e-08
  DSO node=9 year=2035 day=Summer | previous=6.031190e+06 | current=6.305066e+06 | delta=+2.738767e+05 | abs_delta=2.738767e+05
    [RECOURSE COMPONENTS] gen=+0.000000e+00 | flex=+2.789889e+05 | load_curt=+0.000000e+00 | res_curt=-5.112127e+03 | ess_usage=+0.000000e+00 | slacks=-9.241715e-07 | ess_comp=-5.372362e-04
    [SLACK COMPONENTS] voltage=-9.214054e-07 | node_P=+0.000000e+00 | node_Q=+0.000000e+00 | branch_ij=+0.000000e+00 | branch_ji=+0.000000e+00 | flex_P=-2.766068e-09 | flex_Q=+0.000000e+00
    [SLACK COMPONENT CHECK] classified_delta=-9.241715e-07 | objective_slack_delta=-9.241715e-07 | mismatch=-1.065814e-14
    [RECOURSE COMPONENT CHECK] classified_delta=+2.738767e+05 | block_delta=+2.738767e+05 | mismatch=-4.074536e-10
  DSO node=9 year=2025 day=Summer | previous=3.550742e+06 | current=3.742152e+06 | delta=+1.914101e+05 | abs_delta=1.914101e+05
    [RECOURSE COMPONENTS] gen=+0.000000e+00 | flex=+2.006276e+05 | load_curt=+0.000000e+00 | res_curt=-9.217496e+03 | ess_usage=+0.000000e+00 | slacks=-1.357800e-06 | ess_comp=-7.458727e-04
    [SLACK COMPONENTS] voltage=-1.294578e-06 | node_P=+0.000000e+00 | node_Q=+0.000000e+00 | branch_ij=+0.000000e+00 | branch_ji=+0.000000e+00 | flex_P=-6.463470e-08 | flex_Q=+1.413245e-09
    [SLACK COMPONENT CHECK] classified_delta=-1.357799e-06 | objective_slack_delta=-1.357800e-06 | mismatch=+4.725109e-13
    [RECOURSE COMPONENT CHECK] classified_delta=+1.914101e+05 | block_delta=+1.914101e+05 | mismatch=+1.164153e-10
  DSO node=7 year=2030 day=Spring | previous=2.739454e+06 | current=2.912197e+06 | delta=+1.727429e+05 | abs_delta=1.727429e+05
    [RECOURSE COMPONENTS] gen=+0.000000e+00 | flex=+1.770610e+05 | load_curt=+0.000000e+00 | res_curt=-4.318116e+03 | ess_usage=+0.000000e+00 | slacks=-6.700494e-07 | ess_comp=+1.907970e-04
    [SLACK COMPONENTS] voltage=-6.312557e-07 | node_P=+0.000000e+00 | node_Q=+0.000000e+00 | branch_ij=+0.000000e+00 | branch_ji=+0.000000e+00 | flex_P=-3.661181e-08 | flex_Q=-2.181675e-09
    [SLACK COMPONENT CHECK] classified_delta=-6.700491e-07 | objective_slack_delta=-6.700494e-07 | mismatch=+2.202682e-13
    [RECOURSE COMPONENT CHECK] classified_delta=+1.727429e+05 | block_delta=+1.727429e+05 | mismatch=+0.000000e+00
  DSO node=7 year=2025 day=Spring | previous=2.125777e+06 | current=2.287093e+06 | delta=+1.613154e+05 | abs_delta=1.613154e+05
    [RECOURSE COMPONENTS] gen=+0.000000e+00 | flex=+1.661744e+05 | load_curt=+0.000000e+00 | res_curt=-4.858996e+03 | ess_usage=+0.000000e+00 | slacks=-8.558907e-07 | ess_comp=-1.285729e-03
    [SLACK COMPONENTS] voltage=-8.421399e-07 | node_P=+0.000000e+00 | node_Q=+0.000000e+00 | branch_ij=+0.000000e+00 | branch_ji=+0.000000e+00 | flex_P=-1.375063e-08 | flex_Q=+0.000000e+00
    [SLACK COMPONENT CHECK] classified_delta=-8.558905e-07 | objective_slack_delta=-8.558907e-07 | mismatch=+1.918465e-13
    [RECOURSE COMPONENT CHECK] classified_delta=+1.613154e+05 | block_delta=+1.613154e+05 | mismatch=+8.731149e-11
  DSO node=5 year=2035 day=Summer | previous=5.872589e+06 | current=6.015758e+06 | delta=+1.431691e+05 | abs_delta=1.431691e+05
    [RECOURSE COMPONENTS] gen=+0.000000e+00 | flex=+1.431668e+05 | load_curt=+0.000000e+00 | res_curt=+2.243910e+00 | ess_usage=+0.000000e+00 | slacks=+3.192290e-06 | ess_comp=-5.976426e-04
    [SLACK COMPONENTS] voltage=-1.325939e-07 | node_P=+0.000000e+00 | node_Q=+0.000000e+00 | branch_ij=+0.000000e+00 | branch_ji=+0.000000e+00 | flex_P=+3.324883e-06 | flex_Q=+0.000000e+00
    [SLACK COMPONENT CHECK] classified_delta=+3.192289e-06 | objective_slack_delta=+3.192290e-06 | mismatch=-2.948752e-13
    [RECOURSE COMPONENT CHECK] classified_delta=+1.431691e+05 | block_delta=+1.431691e+05 | mismatch=+4.947651e-10
[INFO]		 - Recourse stationarity failed. 2177848.383601 > 83713.491252
[ADMM RHO] V | primal max ratio=0.006 | primal mean ratio=0.004 | primal selected=0.006 | dual mean ratio=0.012 | increase threshold=5.0 | decrease threshold=5.0 | action=held
[ADMM RHO] PF | primal max ratio=0.588 | primal mean ratio=0.099 | primal selected=0.588 | dual mean ratio=0.492 | increase threshold=5.0 | decrease threshold=3.0 | action=held
[ADMM RHO] ESS | primal max ratio=0.014 | primal mean ratio=0.006 | primal selected=0.014 | dual mean ratio=0.015 | increase threshold=5.0 | decrease threshold=5.0 | action=held
[INFO]		 - ADMM cycle 28 | Primal (V max/mean | PF max/mean | ESS max/mean) = 0.000059/0.000004 | 0.005885/0.000099 | 0.001372/0.000057 | Dual (V max/mean | PF max/mean | ESS max/mean) = 0.000525/0.000116 | 0.083164/0.004920 | 0.003655/0.000151 | Recourse change = 2177848.383601 (tol. 83713.491252) | Stable cycles = 0/1 | Penalty actions (V/PF/ESS) = held/held/held
[INFO] 	 - Iteration 28: 32.00 s
[INFO] 	 - ADMM Iteration 29
[INFO] 		 - Updating distribution networks:
[INFO] 			 - Running SMOPF, Network case33_1, 2025, Spring...
[INFO] 			 - Running SMOPF, Network case33_1, 2025, Summer...
[INFO] 			 - Running SMOPF, Network case33_1, 2025, Autumn...
[INFO] 			 - Running SMOPF, Network case33_1, 2025, Winter...
[INFO] 			 - Running SMOPF, Network case33_1, 2030, Spring...
[INFO] 			 - Running SMOPF, Network case33_1, 2030, Summer...
[INFO] 			 - Running SMOPF, Network case33_1, 2030, Autumn...
[INFO] 			 - Running SMOPF, Network case33_1, 2030, Winter...
[INFO] 			 - Running SMOPF, Network case33_1, 2035, Spring...
[INFO] 			 - Running SMOPF, Network case33_1, 2035, Summer...
[INFO] 			 - Running SMOPF, Network case33_1, 2035, Autumn...
[INFO] 			 - Running SMOPF, Network case33_1, 2035, Winter...
[INFO] 			 - Running SMOPF, Network case33_2, 2025, Spring...
[INFO] 			 - Running SMOPF, Network case33_2, 2025, Summer...
[INFO] 			 - Running SMOPF, Network case33_2, 2025, Autumn...
[INFO] 			 - Running SMOPF, Network case33_2, 2025, Winter...
[INFO] 			 - Running SMOPF, Network case33_2, 2030, Spring...
[INFO] 			 - Running SMOPF, Network case33_2, 2030, Summer...
[INFO] 			 - Running SMOPF, Network case33_2, 2030, Autumn...
[INFO] 			 - Running SMOPF, Network case33_2, 2030, Winter...
[INFO] 			 - Running SMOPF, Network case33_2, 2035, Spring...
[INFO] 			 - Running SMOPF, Network case33_2, 2035, Summer...
[INFO] 			 - Running SMOPF, Network case33_2, 2035, Autumn...
[INFO] 			 - Running SMOPF, Network case33_2, 2035, Winter...
[INFO] 			 - Running SMOPF, Network case33_3, 2025, Spring...
[INFO] 			 - Running SMOPF, Network case33_3, 2025, Summer...
[INFO] 			 - Running SMOPF, Network case33_3, 2025, Autumn...
[INFO] 			 - Running SMOPF, Network case33_3, 2025, Winter...
[INFO] 			 - Running SMOPF, Network case33_3, 2030, Spring...
[INFO] 			 - Running SMOPF, Network case33_3, 2030, Summer...
[INFO] 			 - Running SMOPF, Network case33_3, 2030, Autumn...
[INFO] 			 - Running SMOPF, Network case33_3, 2030, Winter...
[INFO] 			 - Running SMOPF, Network case33_3, 2035, Spring...
[INFO] 			 - Running SMOPF, Network case33_3, 2035, Summer...
[INFO] 			 - Running SMOPF, Network case33_3, 2035, Autumn...
[INFO] 			 - Running SMOPF, Network case33_3, 2035, Winter...
[INFO] 		 - Updating transmission network...
[INFO] 			 - Running SMOPF, Network case9, 2025, Spring...
[INFO] 			 - Running SMOPF, Network case9, 2025, Summer...
[INFO] 			 - Running SMOPF, Network case9, 2025, Autumn...
[INFO] 			 - Running SMOPF, Network case9, 2025, Winter...
[INFO] 			 - Running SMOPF, Network case9, 2030, Spring...
[INFO] 			 - Running SMOPF, Network case9, 2030, Summer...
[INFO] 			 - Running SMOPF, Network case9, 2030, Autumn...
[INFO] 			 - Running SMOPF, Network case9, 2030, Winter...
[INFO] 			 - Running SMOPF, Network case9, 2035, Spring...
[INFO] 			 - Running SMOPF, Network case9, 2035, Summer...
[INFO] 			 - Running SMOPF, Network case9, 2035, Autumn...
[INFO] 			 - Running SMOPF, Network case9, 2035, Winter...
[TSO PROX] cycle=29 | updated_blocks=12 | held_failed_blocks=0 | V max=0.000235 | PF max=0.012895 | ESS max=0.000698
[TSO PROX][V MAX] node=7, year=2030, day=Summer, period=11 | dV=0.080927 kV | normalized=0.000235
[TSO PROX][PF MAX] node=9, year=2025, day=Summer, period=9, type=P | delta=1.934281 MW | normalized=0.012895
[TSO PROX][ESS MAX] node=9, year=2025, day=Spring, period=3, type=P | delta=0.001352 MW | normalized=0.000698
[INFO] 		 - Updating SharedESS...
[INFO] 		 - Running Shared ESS optimization (subproblem)...
[INFO] 			 - Node 5...
[INFO] Shared ESS complementarity diagnostics for ESS node=5: ratio_max=2.550488e-05 n_periods=288 mu_final=5.123771e-09 s_obj=1.000000e-01 eps=1.000000e-03 bound=1.475646e-02 measured=7.957429e-03
[INFO] 			 - Node 7...
[INFO] Shared ESS complementarity diagnostics for ESS node=7: ratio_max=2.555133e-05 n_periods=288 mu_final=5.113410e-09 s_obj=1.000000e-01 eps=1.000000e-03 bound=1.472662e-02 measured=7.926689e-03
[INFO] 			 - Node 9...
[INFO] Shared ESS complementarity diagnostics for ESS node=9: ratio_max=2.551747e-05 n_periods=288 mu_final=5.123312e-09 s_obj=1.000000e-01 eps=1.000000e-03 bound=1.475514e-02 measured=7.942745e-03
[INFO]		 - Primal residuals ok!
[INFO]		 - Dual residuals ok!
[RECOURSE JUMP] cycle=29 | abs_change=1.887052e+06 | tol=8.349571e+04 | signed_change=-1.887052e+06
[RECOURSE JUMP] Reconciliation | previous=8.349571e+08 | current=8.330700e+08 | block_delta=-1.887052e+06 | mismatch=+5.960464e-07
[RECOURSE JUMP] Aggregate signed changes:
  TSO | delta=-3.126851e+06
  DSO node=7 | delta=+5.544261e+05
  DSO node=9 | delta=+4.583194e+05
  DSO node=5 | delta=+2.270530e+05
  SALVAGE | delta=+2.431703e-35
[RECOURSE JUMP] Largest 10 block changes:
  TSO node=None year=2035 day=Summer | previous=7.396474e+07 | current=7.312446e+07 | delta=-8.402828e+05 | abs_delta=8.402828e+05
    [RECOURSE JUMP][TSO PROX] year=2035 day=Summer | V max=0.000185 | PF max=0.008978 | ESS max=0.000144
    [RECOURSE COMPONENTS] gen=-1.397470e+06 | flex=+5.571878e+05 | load_curt=+0.000000e+00 | res_curt=+0.000000e+00 | ess_usage=+0.000000e+00 | slacks=-4.298784e-12 | ess_comp=-9.713674e-01
    [SLACK COMPONENTS] voltage=-4.305889e-12 | node_P=+0.000000e+00 | node_Q=+0.000000e+00 | branch_ij=+0.000000e+00 | branch_ji=+0.000000e+00 | flex_P=+0.000000e+00 | flex_Q=+0.000000e+00
    [SLACK COMPONENT CHECK] classified_delta=-4.305889e-12 | objective_slack_delta=-4.298784e-12 | mismatch=-7.105427e-15
    [RECOURSE COMPONENT CHECK] classified_delta=-8.402828e+05 | block_delta=-8.402828e+05 | mismatch=-1.036096e-08
  TSO node=None year=2025 day=Summer | previous=9.294444e+07 | current=9.235906e+07 | delta=-5.853741e+05 | abs_delta=5.853741e+05
    [RECOURSE JUMP][TSO PROX] year=2025 day=Summer | V max=0.000189 | PF max=0.012895 | ESS max=0.000641
    [RECOURSE COMPONENTS] gen=-6.761645e+05 | flex=+9.079048e+04 | load_curt=+0.000000e+00 | res_curt=+0.000000e+00 | ess_usage=+0.000000e+00 | slacks=-1.918465e-13 | ess_comp=-3.741232e-04
    [SLACK COMPONENTS] voltage=-1.918465e-13 | node_P=+0.000000e+00 | node_Q=+0.000000e+00 | branch_ij=+0.000000e+00 | branch_ji=+0.000000e+00 | flex_P=+0.000000e+00 | flex_Q=+0.000000e+00
    [SLACK COMPONENT CHECK] classified_delta=-1.918465e-13 | objective_slack_delta=-1.918465e-13 | mismatch=+0.000000e+00
    [RECOURSE COMPONENT CHECK] classified_delta=-5.853741e+05 | block_delta=-5.853741e+05 | mismatch=-2.561137e-09
  TSO node=None year=2030 day=Spring | previous=6.136122e+07 | current=6.083727e+07 | delta=-5.239505e+05 | abs_delta=5.239505e+05
    [RECOURSE JUMP][TSO PROX] year=2030 day=Spring | V max=0.000128 | PF max=0.011705 | ESS max=0.000027
    [RECOURSE COMPONENTS] gen=-7.622683e+05 | flex=+2.383178e+05 | load_curt=+0.000000e+00 | res_curt=+0.000000e+00 | ess_usage=+0.000000e+00 | slacks=-7.477681e-09 | ess_comp=+8.935813e-03
    [SLACK COMPONENTS] voltage=-4.919144e-09 | node_P=+0.000000e+00 | node_Q=+0.000000e+00 | branch_ij=+0.000000e+00 | branch_ji=+0.000000e+00 | flex_P=-1.279277e-09 | flex_Q=-1.279277e-09
    [SLACK COMPONENT CHECK] classified_delta=-7.477698e-09 | objective_slack_delta=-7.477681e-09 | mismatch=-1.687539e-14
    [RECOURSE COMPONENT CHECK] classified_delta=-5.239505e+05 | block_delta=-5.239505e+05 | mismatch=-7.159542e-09
  TSO node=None year=2035 day=Spring | previous=6.451693e+07 | current=6.404203e+07 | delta=-4.749034e+05 | abs_delta=4.749034e+05
    [RECOURSE JUMP][TSO PROX] year=2035 day=Spring | V max=0.000188 | PF max=0.009202 | ESS max=0.000558
    [RECOURSE COMPONENTS] gen=-6.987338e+05 | flex=+2.238305e+05 | load_curt=+0.000000e+00 | res_curt=+0.000000e+00 | ess_usage=+0.000000e+00 | slacks=+7.715562e-08 | ess_comp=-4.523246e-02
    [SLACK COMPONENTS] voltage=+5.066572e-08 | node_P=+0.000000e+00 | node_Q=+0.000000e+00 | branch_ij=+0.000000e+00 | branch_ji=+0.000000e+00 | flex_P=+1.324495e-08 | flex_Q=+1.324495e-08
    [SLACK COMPONENT CHECK] classified_delta=+7.715563e-08 | objective_slack_delta=+7.715562e-08 | mismatch=+6.217249e-15
    [RECOURSE COMPONENT CHECK] classified_delta=-4.749034e+05 | block_delta=-4.749034e+05 | mismatch=-5.238689e-09
  TSO node=None year=2025 day=Spring | previous=8.198372e+07 | current=8.152272e+07 | delta=-4.610060e+05 | abs_delta=4.610060e+05
    [RECOURSE JUMP][TSO PROX] year=2025 day=Spring | V max=0.000101 | PF max=0.011337 | ESS max=0.000698
    [RECOURSE COMPONENTS] gen=-6.946328e+05 | flex=+2.336268e+05 | load_curt=+0.000000e+00 | res_curt=+0.000000e+00 | ess_usage=+0.000000e+00 | slacks=+4.335945e-09 | ess_comp=-3.476298e-05
    [SLACK COMPONENTS] voltage=+2.864816e-09 | node_P=+0.000000e+00 | node_Q=+0.000000e+00 | branch_ij=+0.000000e+00 | branch_ji=+0.000000e+00 | flex_P=+7.355756e-10 | flex_Q=+7.355756e-10
    [SLACK COMPONENT CHECK] classified_delta=+4.335967e-09 | objective_slack_delta=+4.335945e-09 | mismatch=+2.220446e-14
    [RECOURSE COMPONENT CHECK] classified_delta=-4.610060e+05 | block_delta=-4.610060e+05 | mismatch=+2.066372e-08
  DSO node=9 year=2035 day=Summer | previous=6.305066e+06 | current=6.578239e+06 | delta=+2.731722e+05 | abs_delta=2.731722e+05
    [RECOURSE COMPONENTS] gen=+0.000000e+00 | flex=+2.782308e+05 | load_curt=+0.000000e+00 | res_curt=-5.058594e+03 | ess_usage=+0.000000e+00 | slacks=-9.313711e-07 | ess_comp=-8.667013e-04
    [SLACK COMPONENTS] voltage=-9.206748e-07 | node_P=+0.000000e+00 | node_Q=+0.000000e+00 | branch_ij=+0.000000e+00 | branch_ji=+0.000000e+00 | flex_P=-1.069626e-08 | flex_Q=+0.000000e+00
    [SLACK COMPONENT CHECK] classified_delta=-9.313710e-07 | objective_slack_delta=-9.313711e-07 | mismatch=+7.815970e-14
    [RECOURSE COMPONENT CHECK] classified_delta=+2.731722e+05 | block_delta=+2.731722e+05 | mismatch=-1.513399e-09
  DSO node=7 year=2030 day=Spring | previous=2.912197e+06 | current=3.084443e+06 | delta=+1.722461e+05 | abs_delta=1.722461e+05
    [RECOURSE COMPONENTS] gen=+0.000000e+00 | flex=+1.763596e+05 | load_curt=+0.000000e+00 | res_curt=-4.113482e+03 | ess_usage=+0.000000e+00 | slacks=-6.507873e-07 | ess_comp=+7.794073e-05
    [SLACK COMPONENTS] voltage=-6.135792e-07 | node_P=+0.000000e+00 | node_Q=+0.000000e+00 | branch_ij=+0.000000e+00 | branch_ji=+0.000000e+00 | flex_P=-3.720823e-08 | flex_Q=+0.000000e+00
    [SLACK COMPONENT CHECK] classified_delta=-6.507874e-07 | objective_slack_delta=-6.507873e-07 | mismatch=-6.039613e-14
    [RECOURSE COMPONENT CHECK] classified_delta=+1.722461e+05 | block_delta=+1.722461e+05 | mismatch=+2.910383e-10
  DSO node=7 year=2025 day=Spring | previous=2.287093e+06 | current=2.438007e+06 | delta=+1.509148e+05 | abs_delta=1.509148e+05
    [RECOURSE COMPONENTS] gen=+0.000000e+00 | flex=+1.554676e+05 | load_curt=+0.000000e+00 | res_curt=-4.552830e+03 | ess_usage=+0.000000e+00 | slacks=-4.769706e-07 | ess_comp=-7.949555e-04
    [SLACK COMPONENTS] voltage=-4.669510e-07 | node_P=+0.000000e+00 | node_Q=+0.000000e+00 | branch_ij=+0.000000e+00 | branch_ji=+0.000000e+00 | flex_P=-1.001974e-08 | flex_Q=+0.000000e+00
    [SLACK COMPONENT CHECK] classified_delta=-4.769707e-07 | objective_slack_delta=-4.769706e-07 | mismatch=-1.172396e-13
    [RECOURSE COMPONENT CHECK] classified_delta=+1.509148e+05 | block_delta=+1.509148e+05 | mismatch=+1.164153e-10
  DSO node=5 year=2035 day=Summer | previous=6.015758e+06 | current=6.158358e+06 | delta=+1.426000e+05 | abs_delta=1.426000e+05
    [RECOURSE COMPONENTS] gen=+0.000000e+00 | flex=+1.425975e+05 | load_curt=+0.000000e+00 | res_curt=+2.449592e+00 | ess_usage=+0.000000e+00 | slacks=-1.059113e-06 | ess_comp=-1.012328e-03
    [SLACK COMPONENTS] voltage=-3.944519e-07 | node_P=+0.000000e+00 | node_Q=+0.000000e+00 | branch_ij=+0.000000e+00 | branch_ji=+0.000000e+00 | flex_P=-6.646608e-07 | flex_Q=+0.000000e+00
    [SLACK COMPONENT CHECK] classified_delta=-1.059113e-06 | objective_slack_delta=-1.059113e-06 | mismatch=+1.705303e-13
    [RECOURSE COMPONENT CHECK] classified_delta=+1.426000e+05 | block_delta=+1.426000e+05 | mismatch=-5.820766e-10
  DSO node=7 year=2035 day=Summer | previous=3.654232e+06 | current=3.776380e+06 | delta=+1.221474e+05 | abs_delta=1.221474e+05
    [RECOURSE COMPONENTS] gen=+0.000000e+00 | flex=+1.246208e+05 | load_curt=+0.000000e+00 | res_curt=-2.473404e+03 | ess_usage=+0.000000e+00 | slacks=-7.575774e-07 | ess_comp=-9.158044e-04
    [SLACK COMPONENTS] voltage=-7.505895e-07 | node_P=+0.000000e+00 | node_Q=+0.000000e+00 | branch_ij=+0.000000e+00 | branch_ji=+0.000000e+00 | flex_P=-6.591549e-09 | flex_Q=-3.959748e-10
    [SLACK COMPONENT CHECK] classified_delta=-7.575770e-07 | objective_slack_delta=-7.575774e-07 | mismatch=+4.085621e-13
    [RECOURSE COMPONENT CHECK] classified_delta=+1.221474e+05 | block_delta=+1.221474e+05 | mismatch=-2.473826e-10
[INFO]		 - Recourse stationarity failed. 1887052.309765 > 83495.706414
[ADMM RHO] V | primal max ratio=0.005 | primal mean ratio=0.005 | primal selected=0.005 | dual mean ratio=0.011 | increase threshold=5.0 | decrease threshold=5.0 | action=held
[ADMM RHO] PF | primal max ratio=0.795 | primal mean ratio=0.098 | primal selected=0.795 | dual mean ratio=0.447 | increase threshold=5.0 | decrease threshold=3.0 | action=held
[ADMM RHO] ESS | primal max ratio=0.016 | primal mean ratio=0.006 | primal selected=0.016 | dual mean ratio=0.015 | increase threshold=5.0 | decrease threshold=5.0 | action=held
[INFO]		 - ADMM cycle 29 | Primal (V max/mean | PF max/mean | ESS max/mean) = 0.000046/0.000005 | 0.007952/0.000098 | 0.001613/0.000057 | Dual (V max/mean | PF max/mean | ESS max/mean) = 0.000528/0.000114 | 0.067087/0.004474 | 0.003656/0.000146 | Recourse change = 1887052.309765 (tol. 83495.706414) | Stable cycles = 0/1 | Penalty actions (V/PF/ESS) = held/held/held
[INFO] 	 - Iteration 29: 33.16 s
[INFO] 	 - ADMM Iteration 30
[INFO] 		 - Updating distribution networks:
[INFO] 			 - Running SMOPF, Network case33_1, 2025, Spring...
[INFO] 			 - Running SMOPF, Network case33_1, 2025, Summer...
[INFO] 			 - Running SMOPF, Network case33_1, 2025, Autumn...
[INFO] 			 - Running SMOPF, Network case33_1, 2025, Winter...
[INFO] 			 - Running SMOPF, Network case33_1, 2030, Spring...
[INFO] 			 - Running SMOPF, Network case33_1, 2030, Summer...
[INFO] 			 - Running SMOPF, Network case33_1, 2030, Autumn...
[INFO] 			 - Running SMOPF, Network case33_1, 2030, Winter...
[INFO] 			 - Running SMOPF, Network case33_1, 2035, Spring...
[INFO] 			 - Running SMOPF, Network case33_1, 2035, Summer...
[INFO] 			 - Running SMOPF, Network case33_1, 2035, Autumn...
[INFO] 			 - Running SMOPF, Network case33_1, 2035, Winter...
[INFO] 			 - Running SMOPF, Network case33_2, 2025, Spring...
[INFO] 			 - Running SMOPF, Network case33_2, 2025, Summer...
[INFO] 			 - Running SMOPF, Network case33_2, 2025, Autumn...
[INFO] 			 - Running SMOPF, Network case33_2, 2025, Winter...
[INFO] 			 - Running SMOPF, Network case33_2, 2030, Spring...
[INFO] 			 - Running SMOPF, Network case33_2, 2030, Summer...
[INFO] 			 - Running SMOPF, Network case33_2, 2030, Autumn...
[INFO] 			 - Running SMOPF, Network case33_2, 2030, Winter...
[INFO] 			 - Running SMOPF, Network case33_2, 2035, Spring...
[INFO] 			 - Running SMOPF, Network case33_2, 2035, Summer...
[INFO] 			 - Running SMOPF, Network case33_2, 2035, Autumn...
[INFO] 			 - Running SMOPF, Network case33_2, 2035, Winter...
[INFO] 			 - Running SMOPF, Network case33_3, 2025, Spring...
[INFO] 			 - Running SMOPF, Network case33_3, 2025, Summer...
[INFO] 			 - Running SMOPF, Network case33_3, 2025, Autumn...
[INFO] 			 - Running SMOPF, Network case33_3, 2025, Winter...
[INFO] 			 - Running SMOPF, Network case33_3, 2030, Spring...
[INFO] 			 - Running SMOPF, Network case33_3, 2030, Summer...
[INFO] 			 - Running SMOPF, Network case33_3, 2030, Autumn...
[INFO] 			 - Running SMOPF, Network case33_3, 2030, Winter...
[INFO] 			 - Running SMOPF, Network case33_3, 2035, Spring...
[INFO] 			 - Running SMOPF, Network case33_3, 2035, Summer...
[INFO] 			 - Running SMOPF, Network case33_3, 2035, Autumn...
[INFO] 			 - Running SMOPF, Network case33_3, 2035, Winter...
[INFO] 		 - Updating transmission network...
[INFO] 			 - Running SMOPF, Network case9, 2025, Spring...
[INFO] 			 - Running SMOPF, Network case9, 2025, Summer...
[INFO] 			 - Running SMOPF, Network case9, 2025, Autumn...
[INFO] 			 - Running SMOPF, Network case9, 2025, Winter...
[INFO] 			 - Running SMOPF, Network case9, 2030, Spring...
[INFO] 			 - Running SMOPF, Network case9, 2030, Summer...
[INFO] 			 - Running SMOPF, Network case9, 2030, Autumn...
[INFO] 			 - Running SMOPF, Network case9, 2030, Winter...
[INFO] 			 - Running SMOPF, Network case9, 2035, Spring...
[INFO] 			 - Running SMOPF, Network case9, 2035, Summer...
[INFO] 			 - Running SMOPF, Network case9, 2035, Autumn...
[INFO] 			 - Running SMOPF, Network case9, 2035, Winter...
[TSO PROX] cycle=30 | updated_blocks=12 | held_failed_blocks=0 | V max=0.000195 | PF max=0.011325 | ESS max=0.000696
[TSO PROX][V MAX] node=7, year=2030, day=Summer, period=11 | dV=0.067353 kV | normalized=0.000195
[TSO PROX][PF MAX] node=7, year=2025, day=Spring, period=23, type=P | delta=1.132452 MW | normalized=0.011325
[TSO PROX][ESS MAX] node=9, year=2025, day=Spring, period=3, type=P | delta=0.001349 MW | normalized=0.000696
[INFO] 		 - Updating SharedESS...
[INFO] 		 - Running Shared ESS optimization (subproblem)...
[INFO] 			 - Node 5...
[INFO] Shared ESS complementarity diagnostics for ESS node=5: ratio_max=2.568416e-05 n_periods=288 mu_final=5.054655e-09 s_obj=1.000000e-01 eps=1.000000e-03 bound=1.455741e-02 measured=7.955374e-03
[INFO] 			 - Node 7...
[INFO] Shared ESS complementarity diagnostics for ESS node=7: ratio_max=2.556747e-05 n_periods=288 mu_final=5.028349e-09 s_obj=1.000000e-01 eps=1.000000e-03 bound=1.448164e-02 measured=7.944788e-03
[INFO] 			 - Node 9...
[INFO] Shared ESS complementarity diagnostics for ESS node=9: ratio_max=2.584413e-05 n_periods=288 mu_final=5.043034e-09 s_obj=1.000000e-01 eps=1.000000e-03 bound=1.452394e-02 measured=7.940645e-03
[INFO]		 - Primal residuals ok!
[INFO]		 - Dual residuals ok!
[RECOURSE JUMP] cycle=30 | abs_change=1.336163e+06 | tol=8.330700e+04 | signed_change=-1.336163e+06
[RECOURSE JUMP] Reconciliation | previous=8.330700e+08 | current=8.317338e+08 | block_delta=-1.336163e+06 | mismatch=-2.384186e-07
[RECOURSE JUMP] Aggregate signed changes:
  TSO | delta=-2.386881e+06
  DSO node=7 | delta=+5.015333e+05
  DSO node=9 | delta=+3.025678e+05
  DSO node=5 | delta=+2.466170e+05
  SALVAGE | delta=-2.364690e-35
[RECOURSE JUMP] Largest 10 block changes:
  TSO node=None year=2035 day=Summer | previous=7.312446e+07 | current=7.228461e+07 | delta=-8.398504e+05 | abs_delta=8.398504e+05
    [RECOURSE JUMP][TSO PROX] year=2035 day=Summer | V max=0.000184 | PF max=0.008948 | ESS max=0.000152
    [RECOURSE COMPONENTS] gen=-1.396756e+06 | flex=+5.569058e+05 | load_curt=+0.000000e+00 | res_curt=+0.000000e+00 | ess_usage=+0.000000e+00 | slacks=+1.173674e-10 | ess_comp=-3.956951e-01
    [SLACK COMPONENTS] voltage=+7.516121e-11 | node_P=+0.000000e+00 | node_Q=+0.000000e+00 | branch_ij=+0.000000e+00 | branch_ji=+0.000000e+00 | flex_P=+2.109246e-11 | flex_Q=+2.109246e-11
    [SLACK COMPONENT CHECK] classified_delta=+1.173461e-10 | objective_slack_delta=+1.173674e-10 | mismatch=-2.131628e-14
    [RECOURSE COMPONENT CHECK] classified_delta=-8.398504e+05 | block_delta=-8.398504e+05 | mismatch=+0.000000e+00
  TSO node=None year=2025 day=Spring | previous=8.152272e+07 | current=8.109006e+07 | delta=-4.326605e+05 | abs_delta=4.326605e+05
    [RECOURSE JUMP][TSO PROX] year=2025 day=Spring | V max=0.000096 | PF max=0.011325 | ESS max=0.000696
    [RECOURSE COMPONENTS] gen=-6.502133e+05 | flex=+2.175528e+05 | load_curt=+0.000000e+00 | res_curt=+0.000000e+00 | ess_usage=+0.000000e+00 | slacks=-6.350000e-09 | ess_comp=+5.235334e-06
    [SLACK COMPONENTS] voltage=-4.193325e-09 | node_P=+0.000000e+00 | node_Q=+0.000000e+00 | branch_ij=+0.000000e+00 | branch_ji=+0.000000e+00 | flex_P=-1.078350e-09 | flex_Q=-1.078350e-09
    [SLACK COMPONENT CHECK] classified_delta=-6.350025e-09 | objective_slack_delta=-6.350000e-09 | mismatch=-2.486900e-14
    [RECOURSE COMPONENT CHECK] classified_delta=-4.326605e+05 | block_delta=-4.326605e+05 | mismatch=-1.065200e-08
  TSO node=None year=2030 day=Spring | previous=6.083727e+07 | current=6.041941e+07 | delta=-4.178572e+05 | abs_delta=4.178572e+05
    [RECOURSE JUMP][TSO PROX] year=2030 day=Spring | V max=0.000125 | PF max=0.009943 | ESS max=0.000027
    [RECOURSE COMPONENTS] gen=-6.077402e+05 | flex=+1.898830e+05 | load_curt=+0.000000e+00 | res_curt=+0.000000e+00 | ess_usage=+0.000000e+00 | slacks=-1.368438e-08 | ess_comp=+9.942916e-03
    [SLACK COMPONENTS] voltage=-9.007245e-09 | node_P=+0.000000e+00 | node_Q=+0.000000e+00 | branch_ij=+0.000000e+00 | branch_ji=+0.000000e+00 | flex_P=-2.338564e-09 | flex_Q=-2.338564e-09
    [SLACK COMPONENT CHECK] classified_delta=-1.368437e-08 | objective_slack_delta=-1.368438e-08 | mismatch=+4.440892e-15
    [RECOURSE COMPONENT CHECK] classified_delta=-4.178572e+05 | block_delta=-4.178572e+05 | mismatch=+7.217750e-09
  TSO node=None year=2035 day=Spring | previous=6.404203e+07 | current=6.373812e+07 | delta=-3.039075e+05 | abs_delta=3.039075e+05
    [RECOURSE JUMP][TSO PROX] year=2035 day=Spring | V max=0.000158 | PF max=0.009065 | ESS max=0.000653
    [RECOURSE COMPONENTS] gen=-4.605403e+05 | flex=+1.566328e+05 | load_curt=+0.000000e+00 | res_curt=+0.000000e+00 | ess_usage=+0.000000e+00 | slacks=+1.441740e-07 | ess_comp=-1.961453e-02
    [SLACK COMPONENTS] voltage=+9.465194e-08 | node_P=+0.000000e+00 | node_Q=+0.000000e+00 | branch_ij=+0.000000e+00 | branch_ji=+0.000000e+00 | flex_P=+2.476103e-08 | flex_Q=+2.476103e-08
    [SLACK COMPONENT CHECK] classified_delta=+1.441740e-07 | objective_slack_delta=+1.441740e-07 | mismatch=-8.881784e-15
    [RECOURSE COMPONENT CHECK] classified_delta=-3.039075e+05 | block_delta=-3.039075e+05 | mismatch=-5.646143e-09
  DSO node=9 year=2035 day=Summer | previous=6.578239e+06 | current=6.850827e+06 | delta=+2.725884e+05 | abs_delta=2.725884e+05
    [RECOURSE COMPONENTS] gen=+0.000000e+00 | flex=+2.776594e+05 | load_curt=+0.000000e+00 | res_curt=-5.071058e+03 | ess_usage=+0.000000e+00 | slacks=-8.828235e-07 | ess_comp=-1.654405e-03
    [SLACK COMPONENTS] voltage=-8.718571e-07 | node_P=+0.000000e+00 | node_Q=+0.000000e+00 | branch_ij=+0.000000e+00 | branch_ji=+0.000000e+00 | flex_P=-1.096646e-08 | flex_Q=+0.000000e+00
    [SLACK COMPONENT CHECK] classified_delta=-8.828235e-07 | objective_slack_delta=-8.828235e-07 | mismatch=-5.684342e-14
    [RECOURSE COMPONENT CHECK] classified_delta=+2.725884e+05 | block_delta=+2.725884e+05 | mismatch=+4.074536e-10
  TSO node=None year=2025 day=Summer | previous=9.235906e+07 | current=9.211555e+07 | delta=-2.435153e+05 | abs_delta=2.435153e+05
    [RECOURSE JUMP][TSO PROX] year=2025 day=Summer | V max=0.000168 | PF max=0.010019 | ESS max=0.000641
    [RECOURSE COMPONENTS] gen=-1.769704e+05 | flex=-6.654497e+04 | load_curt=+0.000000e+00 | res_curt=+0.000000e+00 | ess_usage=+0.000000e+00 | slacks=+3.602452e-12 | ess_comp=-3.474062e-04
    [SLACK COMPONENTS] voltage=+3.602452e-12 | node_P=+0.000000e+00 | node_Q=+0.000000e+00 | branch_ij=+0.000000e+00 | branch_ji=+0.000000e+00 | flex_P=+0.000000e+00 | flex_Q=+0.000000e+00
    [SLACK COMPONENT CHECK] classified_delta=+3.602452e-12 | objective_slack_delta=+3.602452e-12 | mismatch=+0.000000e+00
    [RECOURSE COMPONENT CHECK] classified_delta=-2.435153e+05 | block_delta=-2.435153e+05 | mismatch=-1.539593e-08
  DSO node=7 year=2025 day=Spring | previous=2.438007e+06 | current=2.594776e+06 | delta=+1.567687e+05 | abs_delta=1.567687e+05
    [RECOURSE COMPONENTS] gen=+0.000000e+00 | flex=+1.614157e+05 | load_curt=+0.000000e+00 | res_curt=-4.647055e+03 | ess_usage=+0.000000e+00 | slacks=-4.089924e-07 | ess_comp=-3.893676e-04
    [SLACK COMPONENTS] voltage=-3.798143e-07 | node_P=+0.000000e+00 | node_Q=+0.000000e+00 | branch_ij=+0.000000e+00 | branch_ji=+0.000000e+00 | flex_P=-2.917816e-08 | flex_Q=+0.000000e+00
    [SLACK COMPONENT CHECK] classified_delta=-4.089924e-07 | objective_slack_delta=-4.089924e-07 | mismatch=+2.486900e-14
    [RECOURSE COMPONENT CHECK] classified_delta=+1.567687e+05 | block_delta=+1.567687e+05 | mismatch=-8.731149e-11
  DSO node=5 year=2035 day=Summer | previous=6.158358e+06 | current=6.301556e+06 | delta=+1.431985e+05 | abs_delta=1.431985e+05
    [RECOURSE COMPONENTS] gen=+0.000000e+00 | flex=+1.431963e+05 | load_curt=+0.000000e+00 | res_curt=+2.276472e+00 | ess_usage=+0.000000e+00 | slacks=-2.131253e-06 | ess_comp=-1.894366e-03
    [SLACK COMPONENTS] voltage=-4.813233e-07 | node_P=+0.000000e+00 | node_Q=+0.000000e+00 | branch_ij=+0.000000e+00 | branch_ji=+0.000000e+00 | flex_P=-1.649929e-06 | flex_Q=+0.000000e+00
    [SLACK COMPONENT CHECK] classified_delta=-2.131253e-06 | objective_slack_delta=-2.131253e-06 | mismatch=-6.394885e-14
    [RECOURSE COMPONENT CHECK] classified_delta=+1.431985e+05 | block_delta=+1.431985e+05 | mismatch=-8.731149e-11
  DSO node=7 year=2035 day=Summer | previous=3.776380e+06 | current=3.898531e+06 | delta=+1.221510e+05 | abs_delta=1.221510e+05
    [RECOURSE COMPONENTS] gen=+0.000000e+00 | flex=+1.245077e+05 | load_curt=+0.000000e+00 | res_curt=-2.356736e+03 | ess_usage=+0.000000e+00 | slacks=-7.712048e-07 | ess_comp=-1.762232e-03
    [SLACK COMPONENTS] voltage=-7.634922e-07 | node_P=+0.000000e+00 | node_Q=+0.000000e+00 | branch_ij=+0.000000e+00 | branch_ji=+0.000000e+00 | flex_P=-7.709971e-09 | flex_Q=-2.572165e-12
    [SLACK COMPONENT CHECK] classified_delta=-7.712047e-07 | objective_slack_delta=-7.712048e-07 | mismatch=+1.421085e-13
    [RECOURSE COMPONENT CHECK] classified_delta=+1.221510e+05 | block_delta=+1.221510e+05 | mismatch=-4.656613e-10
  DSO node=7 year=2030 day=Spring | previous=3.084443e+06 | current=3.195099e+06 | delta=+1.106555e+05 | abs_delta=1.106555e+05
    [RECOURSE COMPONENTS] gen=+0.000000e+00 | flex=+1.108497e+05 | load_curt=+0.000000e+00 | res_curt=-1.942038e+02 | ess_usage=+0.000000e+00 | slacks=+4.161574e-05 | ess_comp=+1.989277e-04
    [SLACK COMPONENTS] voltage=+1.379821e-05 | node_P=+0.000000e+00 | node_Q=+0.000000e+00 | branch_ij=+0.000000e+00 | branch_ji=+0.000000e+00 | flex_P=+2.781753e-05 | flex_Q=+0.000000e+00
    [SLACK COMPONENT CHECK] classified_delta=+4.161574e-05 | objective_slack_delta=+4.161574e-05 | mismatch=-1.421085e-14
    [RECOURSE COMPONENT CHECK] classified_delta=+1.106555e+05 | block_delta=+1.106555e+05 | mismatch=-2.037268e-10
[INFO]		 - Recourse stationarity failed. 1336163.109011 > 83307.001183
[ADMM RHO] V | primal max ratio=0.005 | primal mean ratio=0.004 | primal selected=0.005 | dual mean ratio=0.011 | increase threshold=5.0 | decrease threshold=5.0 | action=held
[ADMM RHO] PF | primal max ratio=0.621 | primal mean ratio=0.100 | primal selected=0.621 | dual mean ratio=0.402 | increase threshold=5.0 | decrease threshold=3.0 | action=held
[ADMM RHO] ESS | primal max ratio=0.016 | primal mean ratio=0.007 | primal selected=0.016 | dual mean ratio=0.014 | increase threshold=5.0 | decrease threshold=5.0 | action=held
[INFO]		 - ADMM cycle 30 | Primal (V max/mean | PF max/mean | ESS max/mean) = 0.000053/0.000004 | 0.006214/0.000100 | 0.001636/0.000073 | Dual (V max/mean | PF max/mean | ESS max/mean) = 0.000594/0.000111 | 0.058915/0.004024 | 0.003656/0.000139 | Recourse change = 1336163.109011 (tol. 83307.001183) | Stable cycles = 0/1 | Penalty actions (V/PF/ESS) = held/held/held
[INFO] 	 - Iteration 30: 33.44 s
[INFO] 	 - ADMM Iteration 31
[INFO] 		 - Updating distribution networks:
[INFO] 			 - Running SMOPF, Network case33_1, 2025, Spring...
[INFO] 			 - Running SMOPF, Network case33_1, 2025, Summer...
[INFO] 			 - Running SMOPF, Network case33_1, 2025, Autumn...
[INFO] 			 - Running SMOPF, Network case33_1, 2025, Winter...
[INFO] 			 - Running SMOPF, Network case33_1, 2030, Spring...
[INFO] 			 - Running SMOPF, Network case33_1, 2030, Summer...
[INFO] 			 - Running SMOPF, Network case33_1, 2030, Autumn...
[INFO] 			 - Running SMOPF, Network case33_1, 2030, Winter...
[INFO] 			 - Running SMOPF, Network case33_1, 2035, Spring...
[INFO] 			 - Running SMOPF, Network case33_1, 2035, Summer...
[INFO] 			 - Running SMOPF, Network case33_1, 2035, Autumn...
[INFO] 			 - Running SMOPF, Network case33_1, 2035, Winter...
[INFO] 			 - Running SMOPF, Network case33_2, 2025, Spring...
[INFO] 			 - Running SMOPF, Network case33_2, 2025, Summer...
[INFO] 			 - Running SMOPF, Network case33_2, 2025, Autumn...
[INFO] 			 - Running SMOPF, Network case33_2, 2025, Winter...
[INFO] 			 - Running SMOPF, Network case33_2, 2030, Spring...
[INFO] 			 - Running SMOPF, Network case33_2, 2030, Summer...
[INFO] 			 - Running SMOPF, Network case33_2, 2030, Autumn...
[INFO] 			 - Running SMOPF, Network case33_2, 2030, Winter...
[INFO] 			 - Running SMOPF, Network case33_2, 2035, Spring...
[INFO] 			 - Running SMOPF, Network case33_2, 2035, Summer...
[INFO] 			 - Running SMOPF, Network case33_2, 2035, Autumn...
[INFO] 			 - Running SMOPF, Network case33_2, 2035, Winter...
[INFO] 			 - Running SMOPF, Network case33_3, 2025, Spring...
[INFO] 			 - Running SMOPF, Network case33_3, 2025, Summer...
[INFO] 			 - Running SMOPF, Network case33_3, 2025, Autumn...
[INFO] 			 - Running SMOPF, Network case33_3, 2025, Winter...
[INFO] 			 - Running SMOPF, Network case33_3, 2030, Spring...
[INFO] 			 - Running SMOPF, Network case33_3, 2030, Summer...
[INFO] 			 - Running SMOPF, Network case33_3, 2030, Autumn...
[INFO] 			 - Running SMOPF, Network case33_3, 2030, Winter...
[INFO] 			 - Running SMOPF, Network case33_3, 2035, Spring...
[INFO] 			 - Running SMOPF, Network case33_3, 2035, Summer...
[INFO] 			 - Running SMOPF, Network case33_3, 2035, Autumn...
[INFO] 			 - Running SMOPF, Network case33_3, 2035, Winter...
[INFO] 		 - Updating transmission network...
[INFO] 			 - Running SMOPF, Network case9, 2025, Spring...
[INFO] 			 - Running SMOPF, Network case9, 2025, Summer...
[INFO] 			 - Running SMOPF, Network case9, 2025, Autumn...
[INFO] 			 - Running SMOPF, Network case9, 2025, Winter...
[INFO] 			 - Running SMOPF, Network case9, 2030, Spring...
[INFO] 			 - Running SMOPF, Network case9, 2030, Summer...
[INFO] 			 - Running SMOPF, Network case9, 2030, Autumn...
[INFO] 			 - Running SMOPF, Network case9, 2030, Winter...
[INFO] 			 - Running SMOPF, Network case9, 2035, Spring...
[INFO] 			 - Running SMOPF, Network case9, 2035, Summer...
[INFO] 			 - Running SMOPF, Network case9, 2035, Autumn...
[INFO] 			 - Running SMOPF, Network case9, 2035, Winter...
[TSO PROX] cycle=31 | updated_blocks=12 | held_failed_blocks=0 | V max=0.000183 | PF max=0.011313 | ESS max=0.000697
[TSO PROX][V MAX] node=9, year=2035, day=Summer, period=19 | dV=0.063210 kV | normalized=0.000183
[TSO PROX][PF MAX] node=7, year=2025, day=Spring, period=23, type=P | delta=1.131283 MW | normalized=0.011313
[TSO PROX][ESS MAX] node=7, year=2025, day=Spring, period=3, type=P | delta=0.001350 MW | normalized=0.000697
[INFO] 		 - Updating SharedESS...
[INFO] 		 - Running Shared ESS optimization (subproblem)...
[INFO] 			 - Node 5...
[INFO] Shared ESS complementarity diagnostics for ESS node=5: ratio_max=2.564584e-05 n_periods=288 mu_final=4.975160e-09 s_obj=1.000000e-01 eps=1.000000e-03 bound=1.432846e-02 measured=7.955134e-03
[INFO] 			 - Node 7...
[INFO] Shared ESS complementarity diagnostics for ESS node=7: ratio_max=2.571439e-05 n_periods=288 mu_final=4.933151e-09 s_obj=1.000000e-01 eps=1.000000e-03 bound=1.420747e-02 measured=7.959975e-03
[INFO] 			 - Node 9...
[INFO] Shared ESS complementarity diagnostics for ESS node=9: ratio_max=2.561888e-05 n_periods=288 mu_final=4.951399e-09 s_obj=1.000000e-01 eps=1.000000e-03 bound=1.426003e-02 measured=7.938989e-03
[INFO]		 - Primal residuals ok!
[INFO]		 - Dual residuals ok!
[RECOURSE JUMP] cycle=31 | abs_change=1.168734e+06 | tol=8.317338e+04 | signed_change=-1.168734e+06
[RECOURSE JUMP] Reconciliation | previous=8.317338e+08 | current=8.305651e+08 | block_delta=-1.168734e+06 | mismatch=-2.384186e-07
[RECOURSE JUMP] Aggregate signed changes:
  TSO | delta=-2.131338e+06
  DSO node=7 | delta=+4.335949e+05
  DSO node=9 | delta=+2.667820e+05
  DSO node=5 | delta=+2.622273e+05
  SALVAGE | delta=+8.112021e-36
[RECOURSE JUMP] Largest 10 block changes:
  TSO node=None year=2035 day=Summer | previous=7.228461e+07 | current=7.144544e+07 | delta=-8.391642e+05 | abs_delta=8.391642e+05
    [RECOURSE JUMP][TSO PROX] year=2035 day=Summer | V max=0.000183 | PF max=0.008925 | ESS max=0.000090
    [RECOURSE COMPONENTS] gen=-1.396010e+06 | flex=+5.568461e+05 | load_curt=+0.000000e+00 | res_curt=+0.000000e+00 | ess_usage=+0.000000e+00 | slacks=-1.257945e-10 | ess_comp=-5.874579e-02
    [SLACK COMPONENTS] voltage=-8.358825e-11 | node_P=+0.000000e+00 | node_Q=+0.000000e+00 | branch_ij=+0.000000e+00 | branch_ji=+0.000000e+00 | flex_P=-2.109246e-11 | flex_Q=-2.109246e-11
    [SLACK COMPONENT CHECK] classified_delta=-1.257732e-10 | objective_slack_delta=-1.257945e-10 | mismatch=+2.131628e-14
    [RECOURSE COMPONENT CHECK] classified_delta=-8.391642e+05 | block_delta=-8.391642e+05 | mismatch=-2.561137e-09
  TSO node=None year=2025 day=Spring | previous=8.109006e+07 | current=8.064652e+07 | delta=-4.435392e+05 | abs_delta=4.435392e+05
    [RECOURSE JUMP][TSO PROX] year=2025 day=Spring | V max=0.000093 | PF max=0.011313 | ESS max=0.000697
    [RECOURSE COMPONENTS] gen=-6.705424e+05 | flex=+2.270033e+05 | load_curt=+0.000000e+00 | res_curt=+0.000000e+00 | ess_usage=+0.000000e+00 | slacks=-1.726076e-08 | ess_comp=-1.939772e-04
    [SLACK COMPONENTS] voltage=-1.139991e-08 | node_P=+0.000000e+00 | node_Q=+0.000000e+00 | branch_ij=+0.000000e+00 | branch_ji=+0.000000e+00 | flex_P=-2.930414e-09 | flex_Q=-2.930414e-09
    [SLACK COMPONENT CHECK] classified_delta=-1.726074e-08 | objective_slack_delta=-1.726076e-08 | mismatch=+2.042810e-14
    [RECOURSE COMPONENT CHECK] classified_delta=-4.435392e+05 | block_delta=-4.435392e+05 | mismatch=+1.117587e-08
  TSO node=None year=2035 day=Spring | previous=6.373812e+07 | current=6.344662e+07 | delta=-2.914965e+05 | abs_delta=2.914965e+05
    [RECOURSE JUMP][TSO PROX] year=2035 day=Spring | V max=0.000155 | PF max=0.008579 | ESS max=0.000520
    [RECOURSE COMPONENTS] gen=-4.448891e+05 | flex=+1.533926e+05 | load_curt=+0.000000e+00 | res_curt=+0.000000e+00 | ess_usage=+0.000000e+00 | slacks=+2.181960e-07 | ess_comp=-2.134741e-02
    [SLACK COMPONENTS] voltage=+1.432349e-07 | node_P=+0.000000e+00 | node_Q=+0.000000e+00 | branch_ij=+0.000000e+00 | branch_ji=+0.000000e+00 | flex_P=+3.748056e-08 | flex_Q=+3.748056e-08
    [SLACK COMPONENT CHECK] classified_delta=+2.181960e-07 | objective_slack_delta=+2.181960e-07 | mismatch=+2.309264e-14
    [RECOURSE COMPONENT CHECK] classified_delta=-2.914965e+05 | block_delta=-2.914965e+05 | mismatch=+1.559965e-08
  TSO node=None year=2030 day=Spring | previous=6.041941e+07 | current=6.013502e+07 | delta=-2.843925e+05 | abs_delta=2.843925e+05
    [RECOURSE JUMP][TSO PROX] year=2030 day=Spring | V max=0.000123 | PF max=0.007620 | ESS max=0.000027
    [RECOURSE COMPONENTS] gen=-4.000222e+05 | flex=+1.156297e+05 | load_curt=+0.000000e+00 | res_curt=+0.000000e+00 | ess_usage=+0.000000e+00 | slacks=-1.610130e-08 | ess_comp=+1.066693e-02
    [SLACK COMPONENTS] voltage=-1.060052e-08 | node_P=+0.000000e+00 | node_Q=+0.000000e+00 | branch_ij=+0.000000e+00 | branch_ji=+0.000000e+00 | flex_P=-2.750394e-09 | flex_Q=-2.750394e-09
    [SLACK COMPONENT CHECK] classified_delta=-1.610131e-08 | objective_slack_delta=-1.610130e-08 | mismatch=-7.105427e-15
    [RECOURSE COMPONENT CHECK] classified_delta=-2.843925e+05 | block_delta=-2.843925e+05 | mismatch=-6.984919e-10
  DSO node=9 year=2035 day=Summer | previous=6.850827e+06 | current=7.122662e+06 | delta=+2.718349e+05 | abs_delta=2.718349e+05
    [RECOURSE COMPONENTS] gen=+0.000000e+00 | flex=+2.769358e+05 | load_curt=+0.000000e+00 | res_curt=-5.100976e+03 | ess_usage=+0.000000e+00 | slacks=-8.497327e-07 | ess_comp=-4.490504e-03
    [SLACK COMPONENTS] voltage=-8.368316e-07 | node_P=+0.000000e+00 | node_Q=+0.000000e+00 | branch_ij=+0.000000e+00 | branch_ji=+0.000000e+00 | flex_P=-1.290113e-08 | flex_Q=+0.000000e+00
    [SLACK COMPONENT CHECK] classified_delta=-8.497327e-07 | objective_slack_delta=-8.497327e-07 | mismatch=-5.684342e-14
    [RECOURSE COMPONENT CHECK] classified_delta=+2.718349e+05 | block_delta=+2.718349e+05 | mismatch=+2.037268e-09
  DSO node=7 year=2025 day=Spring | previous=2.594776e+06 | current=2.751493e+06 | delta=+1.567172e+05 | abs_delta=1.567172e+05
    [RECOURSE COMPONENTS] gen=+0.000000e+00 | flex=+1.613439e+05 | load_curt=+0.000000e+00 | res_curt=-4.626723e+03 | ess_usage=+0.000000e+00 | slacks=-5.503178e-07 | ess_comp=-1.062828e-04
    [SLACK COMPONENTS] voltage=-5.301288e-07 | node_P=+0.000000e+00 | node_Q=+0.000000e+00 | branch_ij=+0.000000e+00 | branch_ji=+0.000000e+00 | flex_P=-2.018920e-08 | flex_Q=+0.000000e+00
    [SLACK COMPONENT CHECK] classified_delta=-5.503180e-07 | objective_slack_delta=-5.503178e-07 | mismatch=-1.278977e-13
    [RECOURSE COMPONENT CHECK] classified_delta=+1.567172e+05 | block_delta=+1.567172e+05 | mismatch=+8.731149e-11
  DSO node=5 year=2035 day=Summer | previous=6.301556e+06 | current=6.445077e+06 | delta=+1.435213e+05 | abs_delta=1.435213e+05
    [RECOURSE COMPONENTS] gen=+0.000000e+00 | flex=+1.435193e+05 | load_curt=+0.000000e+00 | res_curt=+2.007217e+00 | ess_usage=+0.000000e+00 | slacks=-1.505863e-06 | ess_comp=-5.512150e-03
    [SLACK COMPONENTS] voltage=-4.214868e-07 | node_P=+0.000000e+00 | node_Q=+0.000000e+00 | branch_ij=+0.000000e+00 | branch_ji=+0.000000e+00 | flex_P=-1.084376e-06 | flex_Q=+0.000000e+00
    [SLACK COMPONENT CHECK] classified_delta=-1.505863e-06 | objective_slack_delta=-1.505863e-06 | mismatch=-4.263256e-14
    [RECOURSE COMPONENT CHECK] classified_delta=+1.435213e+05 | block_delta=+1.435213e+05 | mismatch=+2.823072e-09
  TSO node=None year=2025 day=Summer | previous=9.211555e+07 | current=9.197283e+07 | delta=-1.427167e+05 | abs_delta=1.427167e+05
    [RECOURSE JUMP][TSO PROX] year=2025 day=Summer | V max=0.000158 | PF max=0.010016 | ESS max=0.000642
    [RECOURSE COMPONENTS] gen=-3.974118e+04 | flex=-1.029755e+05 | load_curt=+0.000000e+00 | res_curt=+0.000000e+00 | ess_usage=+0.000000e+00 | slacks=+4.149570e-12 | ess_comp=-3.080197e-04
    [SLACK COMPONENTS] voltage=+4.149570e-12 | node_P=+0.000000e+00 | node_Q=+0.000000e+00 | branch_ij=+0.000000e+00 | branch_ji=+0.000000e+00 | flex_P=+0.000000e+00 | flex_Q=+0.000000e+00
    [SLACK COMPONENT CHECK] classified_delta=+4.149570e-12 | objective_slack_delta=+4.149570e-12 | mismatch=+0.000000e+00
    [RECOURSE COMPONENT CHECK] classified_delta=-1.427167e+05 | block_delta=-1.427167e+05 | mismatch=+6.839400e-09
  DSO node=7 year=2035 day=Summer | previous=3.898531e+06 | current=4.020541e+06 | delta=+1.220097e+05 | abs_delta=1.220097e+05
    [RECOURSE COMPONENTS] gen=+0.000000e+00 | flex=+1.244209e+05 | load_curt=+0.000000e+00 | res_curt=-2.411221e+03 | ess_usage=+0.000000e+00 | slacks=-7.046288e-07 | ess_comp=-4.733576e-03
    [SLACK COMPONENTS] voltage=-6.990930e-07 | node_P=+0.000000e+00 | node_Q=+0.000000e+00 | branch_ij=+0.000000e+00 | branch_ji=+0.000000e+00 | flex_P=-5.576954e-09 | flex_Q=+4.033751e-11
    [SLACK COMPONENT CHECK] classified_delta=-7.046296e-07 | objective_slack_delta=-7.046288e-07 | mismatch=-8.064660e-13
    [RECOURSE COMPONENT CHECK] classified_delta=+1.220097e+05 | block_delta=+1.220097e+05 | mismatch=+5.820766e-11
  DSO node=9 year=2025 day=Summer | previous=3.707871e+06 | current=3.598348e+06 | delta=-1.095236e+05 | abs_delta=1.095236e+05
    [RECOURSE COMPONENTS] gen=+0.000000e+00 | flex=-1.095266e+05 | load_curt=+0.000000e+00 | res_curt=+2.960350e+00 | ess_usage=+0.000000e+00 | slacks=+8.633358e-05 | ess_comp=+2.899767e-02
    [SLACK COMPONENTS] voltage=+6.680673e-06 | node_P=+0.000000e+00 | node_Q=+0.000000e+00 | branch_ij=+0.000000e+00 | branch_ji=+0.000000e+00 | flex_P=+7.965291e-05 | flex_Q=+0.000000e+00
    [SLACK COMPONENT CHECK] classified_delta=+8.633358e-05 | objective_slack_delta=+8.633358e-05 | mismatch=+6.394885e-14
    [RECOURSE COMPONENT CHECK] classified_delta=-1.095236e+05 | block_delta=-1.095236e+05 | mismatch=+7.566996e-10
[INFO]		 - Recourse stationarity failed. 1168734.046461 > 83173.384872
[ADMM RHO] V | primal max ratio=0.005 | primal mean ratio=0.003 | primal selected=0.005 | dual mean ratio=0.011 | increase threshold=5.0 | decrease threshold=5.0 | action=held
[ADMM RHO] PF | primal max ratio=0.647 | primal mean ratio=0.088 | primal selected=0.647 | dual mean ratio=0.374 | increase threshold=5.0 | decrease threshold=3.0 | action=held
[ADMM RHO] ESS | primal max ratio=0.012 | primal mean ratio=0.009 | primal selected=0.012 | dual mean ratio=0.013 | increase threshold=5.0 | decrease threshold=5.0 | action=held
[INFO]		 - ADMM cycle 31 | Primal (V max/mean | PF max/mean | ESS max/mean) = 0.000053/0.000003 | 0.006474/0.000088 | 0.001155/0.000088 | Dual (V max/mean | PF max/mean | ESS max/mean) = 0.000412/0.000108 | 0.058856/0.003738 | 0.003656/0.000130 | Recourse change = 1168734.046461 (tol. 83173.384872) | Stable cycles = 0/1 | Penalty actions (V/PF/ESS) = held/held/held
[INFO] 	 - Iteration 31: 31.61 s
[INFO] 	 - ADMM Iteration 32
[INFO] 		 - Updating distribution networks:
[INFO] 			 - Running SMOPF, Network case33_1, 2025, Spring...
[INFO] 			 - Running SMOPF, Network case33_1, 2025, Summer...
[INFO] 			 - Running SMOPF, Network case33_1, 2025, Autumn...
[INFO] 			 - Running SMOPF, Network case33_1, 2025, Winter...
[INFO] 			 - Running SMOPF, Network case33_1, 2030, Spring...
[INFO] 			 - Running SMOPF, Network case33_1, 2030, Summer...
[INFO] 			 - Running SMOPF, Network case33_1, 2030, Autumn...
[INFO] 			 - Running SMOPF, Network case33_1, 2030, Winter...
[INFO] 			 - Running SMOPF, Network case33_1, 2035, Spring...
[INFO] 			 - Running SMOPF, Network case33_1, 2035, Summer...
[INFO] 			 - Running SMOPF, Network case33_1, 2035, Autumn...
[INFO] 			 - Running SMOPF, Network case33_1, 2035, Winter...
[INFO] 			 - Running SMOPF, Network case33_2, 2025, Spring...
[INFO] 			 - Running SMOPF, Network case33_2, 2025, Summer...
[INFO] 			 - Running SMOPF, Network case33_2, 2025, Autumn...
[INFO] 			 - Running SMOPF, Network case33_2, 2025, Winter...
[INFO] 			 - Running SMOPF, Network case33_2, 2030, Spring...
[INFO] 			 - Running SMOPF, Network case33_2, 2030, Summer...
[INFO] 			 - Running SMOPF, Network case33_2, 2030, Autumn...
[INFO] 			 - Running SMOPF, Network case33_2, 2030, Winter...
[INFO] 			 - Running SMOPF, Network case33_2, 2035, Spring...
[INFO] 			 - Running SMOPF, Network case33_2, 2035, Summer...
[INFO] 			 - Running SMOPF, Network case33_2, 2035, Autumn...
[INFO] 			 - Running SMOPF, Network case33_2, 2035, Winter...
[INFO] 			 - Running SMOPF, Network case33_3, 2025, Spring...
[INFO] 			 - Running SMOPF, Network case33_3, 2025, Summer...
[INFO] 			 - Running SMOPF, Network case33_3, 2025, Autumn...
[INFO] 			 - Running SMOPF, Network case33_3, 2025, Winter...
[INFO] 			 - Running SMOPF, Network case33_3, 2030, Spring...
[INFO] 			 - Running SMOPF, Network case33_3, 2030, Summer...
[INFO] 			 - Running SMOPF, Network case33_3, 2030, Autumn...
[INFO] 			 - Running SMOPF, Network case33_3, 2030, Winter...
[INFO] 			 - Running SMOPF, Network case33_3, 2035, Spring...
[INFO] 			 - Running SMOPF, Network case33_3, 2035, Summer...
[INFO] 			 - Running SMOPF, Network case33_3, 2035, Autumn...
[INFO] 			 - Running SMOPF, Network case33_3, 2035, Winter...
[INFO] 		 - Updating transmission network...
[INFO] 			 - Running SMOPF, Network case9, 2025, Spring...
[INFO] 			 - Running SMOPF, Network case9, 2025, Summer...
[INFO] 			 - Running SMOPF, Network case9, 2025, Autumn...
[INFO] 			 - Running SMOPF, Network case9, 2025, Winter...
[INFO] 			 - Running SMOPF, Network case9, 2030, Spring...
[INFO] 			 - Running SMOPF, Network case9, 2030, Summer...
[INFO] 			 - Running SMOPF, Network case9, 2030, Autumn...
[INFO] 			 - Running SMOPF, Network case9, 2030, Winter...
[INFO] 			 - Running SMOPF, Network case9, 2035, Spring...
[INFO] 			 - Running SMOPF, Network case9, 2035, Summer...
[INFO] 			 - Running SMOPF, Network case9, 2035, Autumn...
[INFO] 			 - Running SMOPF, Network case9, 2035, Winter...
[TSO PROX] cycle=32 | updated_blocks=12 | held_failed_blocks=0 | V max=0.000182 | PF max=0.011304 | ESS max=0.000699
[TSO PROX][V MAX] node=9, year=2035, day=Summer, period=19 | dV=0.062915 kV | normalized=0.000182
[TSO PROX][PF MAX] node=7, year=2025, day=Spring, period=23, type=P | delta=1.130447 MW | normalized=0.011304
[TSO PROX][ESS MAX] node=7, year=2025, day=Spring, period=3, type=P | delta=0.001353 MW | normalized=0.000699
[INFO] 		 - Updating SharedESS...
[INFO] 		 - Running Shared ESS optimization (subproblem)...
[INFO] 			 - Node 5...
[INFO] Shared ESS complementarity diagnostics for ESS node=5: ratio_max=2.569552e-05 n_periods=288 mu_final=4.900468e-09 s_obj=1.000000e-01 eps=1.000000e-03 bound=1.411335e-02 measured=7.958942e-03
[INFO] 			 - Node 7...
[INFO] Shared ESS complementarity diagnostics for ESS node=7: ratio_max=2.568058e-05 n_periods=288 mu_final=4.847445e-09 s_obj=1.000000e-01 eps=1.000000e-03 bound=1.396064e-02 measured=7.973604e-03
[INFO] 			 - Node 9...
[INFO] Shared ESS complementarity diagnostics for ESS node=9: ratio_max=2.566594e-05 n_periods=288 mu_final=4.870143e-09 s_obj=1.000000e-01 eps=1.000000e-03 bound=1.402601e-02 measured=7.943911e-03
[INFO]		 - Primal residuals ok!
[INFO]		 - Dual residuals ok!
[RECOURSE JUMP] cycle=32 | abs_change=1.289595e+06 | tol=8.305651e+04 | signed_change=-1.289595e+06
[RECOURSE JUMP] Reconciliation | previous=8.305651e+08 | current=8.292755e+08 | block_delta=-1.289595e+06 | mismatch=+3.576279e-07
[RECOURSE JUMP] Aggregate signed changes:
  TSO | delta=-2.244271e+06
  DSO node=7 | delta=+4.171942e+05
  DSO node=9 | delta=+2.737817e+05
  DSO node=5 | delta=+2.636996e+05
  SALVAGE | delta=-1.232220e-35
[RECOURSE JUMP] Largest 10 block changes:
  TSO node=None year=2035 day=Summer | previous=7.144544e+07 | current=7.060946e+07 | delta=-8.359765e+05 | abs_delta=8.359765e+05
    [RECOURSE JUMP][TSO PROX] year=2035 day=Summer | V max=0.000182 | PF max=0.008899 | ESS max=0.000047
    [RECOURSE COMPONENTS] gen=-1.390542e+06 | flex=+5.545655e+05 | load_curt=+0.000000e+00 | res_curt=+0.000000e+00 | ess_usage=+0.000000e+00 | slacks=+1.353417e-07 | ess_comp=-3.093691e-02
    [SLACK COMPONENTS] voltage=+8.839865e-08 | node_P=+0.000000e+00 | node_Q=+0.000000e+00 | branch_ij=+0.000000e+00 | branch_ji=+0.000000e+00 | flex_P=+2.347153e-08 | flex_Q=+2.347153e-08
    [SLACK COMPONENT CHECK] classified_delta=+1.353417e-07 | objective_slack_delta=+1.353417e-07 | mismatch=+8.881784e-16
    [RECOURSE COMPONENT CHECK] classified_delta=-8.359765e+05 | block_delta=-8.359765e+05 | mismatch=+7.217750e-09
  TSO node=None year=2025 day=Spring | previous=8.064652e+07 | current=8.019408e+07 | delta=-4.524438e+05 | abs_delta=4.524438e+05
    [RECOURSE JUMP][TSO PROX] year=2025 day=Spring | V max=0.000095 | PF max=0.011304 | ESS max=0.000699
    [RECOURSE COMPONENTS] gen=-6.872068e+05 | flex=+2.347630e+05 | load_curt=+0.000000e+00 | res_curt=+0.000000e+00 | ess_usage=+0.000000e+00 | slacks=-1.466255e-08 | ess_comp=+4.787295e-04
    [SLACK COMPONENTS] voltage=-9.684157e-09 | node_P=+0.000000e+00 | node_Q=+0.000000e+00 | branch_ij=+0.000000e+00 | branch_ji=+0.000000e+00 | flex_P=-2.489207e-09 | flex_Q=-2.489207e-09
    [SLACK COMPONENT CHECK] classified_delta=-1.466257e-08 | objective_slack_delta=-1.466255e-08 | mismatch=-2.398082e-14
    [RECOURSE COMPONENT CHECK] classified_delta=-4.524438e+05 | block_delta=-4.524438e+05 | mismatch=-1.105946e-08
  TSO node=None year=2035 day=Spring | previous=6.344662e+07 | current=6.302631e+07 | delta=-4.203132e+05 | abs_delta=4.203132e+05
    [RECOURSE JUMP][TSO PROX] year=2035 day=Spring | V max=0.000154 | PF max=0.008069 | ESS max=0.000246
    [RECOURSE COMPONENTS] gen=-6.284098e+05 | flex=+2.080967e+05 | load_curt=+0.000000e+00 | res_curt=+0.000000e+00 | ess_usage=+0.000000e+00 | slacks=+1.301575e-07 | ess_comp=-1.912131e-02
    [SLACK COMPONENTS] voltage=+8.545168e-08 | node_P=+0.000000e+00 | node_Q=+0.000000e+00 | branch_ij=+0.000000e+00 | branch_ji=+0.000000e+00 | flex_P=+2.235293e-08 | flex_Q=+2.235293e-08
    [SLACK COMPONENT CHECK] classified_delta=+1.301575e-07 | objective_slack_delta=+1.301575e-07 | mismatch=+8.881784e-16
    [RECOURSE COMPONENT CHECK] classified_delta=-4.203132e+05 | block_delta=-4.203132e+05 | mismatch=-4.190952e-09
  DSO node=9 year=2035 day=Summer | previous=7.122662e+06 | current=7.393878e+06 | delta=+2.712163e+05 | abs_delta=2.712163e+05
    [RECOURSE COMPONENTS] gen=+0.000000e+00 | flex=+2.761262e+05 | load_curt=+0.000000e+00 | res_curt=-4.909815e+03 | ess_usage=+0.000000e+00 | slacks=-8.942632e-07 | ess_comp=-5.922646e-02
    [SLACK COMPONENTS] voltage=-8.774036e-07 | node_P=+0.000000e+00 | node_Q=+0.000000e+00 | branch_ij=+0.000000e+00 | branch_ji=+0.000000e+00 | flex_P=-1.685941e-08 | flex_Q=+0.000000e+00
    [SLACK COMPONENT CHECK] classified_delta=-8.942630e-07 | objective_slack_delta=-8.942632e-07 | mismatch=+1.776357e-13
    [RECOURSE COMPONENT CHECK] classified_delta=+2.712163e+05 | block_delta=+2.712163e+05 | mismatch=-1.571607e-09
  TSO node=None year=2030 day=Spring | previous=6.013502e+07 | current=5.990386e+07 | delta=-2.311638e+05 | abs_delta=2.311638e+05
    [RECOURSE JUMP][TSO PROX] year=2030 day=Spring | V max=0.000122 | PF max=0.006682 | ESS max=0.000026
    [RECOURSE COMPONENTS] gen=-3.205978e+05 | flex=+8.943397e+04 | load_curt=+0.000000e+00 | res_curt=+0.000000e+00 | ess_usage=+0.000000e+00 | slacks=-2.059611e-08 | ess_comp=+1.163024e-02
    [SLACK COMPONENTS] voltage=-1.356256e-08 | node_P=+0.000000e+00 | node_Q=+0.000000e+00 | branch_ij=+0.000000e+00 | branch_ji=+0.000000e+00 | flex_P=-3.516778e-09 | flex_Q=-3.516778e-09
    [SLACK COMPONENT CHECK] classified_delta=-2.059612e-08 | objective_slack_delta=-2.059611e-08 | mismatch=-7.993606e-15
    [RECOURSE COMPONENT CHECK] classified_delta=-2.311638e+05 | block_delta=-2.311638e+05 | mismatch=-5.820766e-09
  DSO node=7 year=2025 day=Spring | previous=2.751493e+06 | current=2.911334e+06 | delta=+1.598412e+05 | abs_delta=1.598412e+05
    [RECOURSE COMPONENTS] gen=+0.000000e+00 | flex=+1.628054e+05 | load_curt=+0.000000e+00 | res_curt=-4.371699e+03 | ess_usage=+0.000000e+00 | slacks=+1.405217e+03 | ess_comp=+2.227767e+00
    [SLACK COMPONENTS] voltage=+1.297124e+03 | node_P=+0.000000e+00 | node_Q=+0.000000e+00 | branch_ij=+0.000000e+00 | branch_ji=+0.000000e+00 | flex_P=+5.404659e+01 | flex_Q=+5.404655e+01
    [SLACK COMPONENT CHECK] classified_delta=+1.405217e+03 | objective_slack_delta=+1.405217e+03 | mismatch=+9.094947e-13
    [RECOURSE COMPONENT CHECK] classified_delta=+1.598412e+05 | block_delta=+1.598412e+05 | mismatch=+2.910383e-11
  TSO node=None year=2025 day=Summer | previous=9.197283e+07 | current=9.181539e+07 | delta=-1.574357e+05 | abs_delta=1.574357e+05
    [RECOURSE JUMP][TSO PROX] year=2025 day=Summer | V max=0.000162 | PF max=0.009993 | ESS max=0.000642
    [RECOURSE COMPONENTS] gen=-8.910866e+04 | flex=-6.832709e+04 | load_curt=+0.000000e+00 | res_curt=+0.000000e+00 | ess_usage=+0.000000e+00 | slacks=+6.657785e-12 | ess_comp=-2.624024e-04
    [SLACK COMPONENTS] voltage=+6.664891e-12 | node_P=+0.000000e+00 | node_Q=+0.000000e+00 | branch_ij=+0.000000e+00 | branch_ji=+0.000000e+00 | flex_P=+0.000000e+00 | flex_Q=+0.000000e+00
    [SLACK COMPONENT CHECK] classified_delta=+6.664891e-12 | objective_slack_delta=+6.657785e-12 | mismatch=+7.105427e-15
    [RECOURSE COMPONENT CHECK] classified_delta=-1.574357e+05 | block_delta=-1.574357e+05 | mismatch=+3.346941e-09
  DSO node=5 year=2035 day=Summer | previous=6.445077e+06 | current=6.588263e+06 | delta=+1.431853e+05 | abs_delta=1.431853e+05
    [RECOURSE COMPONENTS] gen=+0.000000e+00 | flex=+1.431836e+05 | load_curt=+0.000000e+00 | res_curt=+1.797447e+00 | ess_usage=+0.000000e+00 | slacks=-7.072404e-07 | ess_comp=-1.252652e-01
    [SLACK COMPONENTS] voltage=-3.189314e-07 | node_P=+0.000000e+00 | node_Q=+0.000000e+00 | branch_ij=+0.000000e+00 | branch_ji=+0.000000e+00 | flex_P=-3.883089e-07 | flex_Q=+0.000000e+00
    [SLACK COMPONENT CHECK] classified_delta=-7.072403e-07 | objective_slack_delta=-7.072404e-07 | mismatch=+7.815970e-14
    [RECOURSE COMPONENT CHECK] classified_delta=+1.431853e+05 | block_delta=+1.431853e+05 | mismatch=-2.095476e-09
  DSO node=7 year=2035 day=Summer | previous=4.020541e+06 | current=4.142370e+06 | delta=+1.218298e+05 | abs_delta=1.218298e+05
    [RECOURSE COMPONENTS] gen=+0.000000e+00 | flex=+1.242387e+05 | load_curt=+0.000000e+00 | res_curt=-2.408816e+03 | ess_usage=+0.000000e+00 | slacks=-5.215525e-07 | ess_comp=-7.535861e-02
    [SLACK COMPONENTS] voltage=-5.090481e-07 | node_P=+0.000000e+00 | node_Q=+0.000000e+00 | branch_ij=+0.000000e+00 | branch_ji=+0.000000e+00 | flex_P=-1.246339e-08 | flex_Q=-4.033751e-11
    [SLACK COMPONENT CHECK] classified_delta=-5.215518e-07 | objective_slack_delta=-5.215525e-07 | mismatch=+6.892265e-13
    [RECOURSE COMPONENT CHECK] classified_delta=+1.218298e+05 | block_delta=+1.218298e+05 | mismatch=-2.619345e-10
  DSO node=9 year=2025 day=Summer | previous=3.598348e+06 | current=3.491793e+06 | delta=-1.065551e+05 | abs_delta=1.065551e+05
    [RECOURSE COMPONENTS] gen=+0.000000e+00 | flex=-1.065602e+05 | load_curt=+0.000000e+00 | res_curt=+5.098204e+00 | ess_usage=+0.000000e+00 | slacks=-2.973575e-06 | ess_comp=-3.874349e-02
    [SLACK COMPONENTS] voltage=-3.923737e-07 | node_P=+0.000000e+00 | node_Q=+0.000000e+00 | branch_ij=+0.000000e+00 | branch_ji=+0.000000e+00 | flex_P=-2.581201e-06 | flex_Q=+0.000000e+00
    [SLACK COMPONENT CHECK] classified_delta=-2.973575e-06 | objective_slack_delta=-2.973575e-06 | mismatch=-1.314504e-13
    [RECOURSE COMPONENT CHECK] classified_delta=-1.065551e+05 | block_delta=-1.065551e+05 | mismatch=-7.275958e-10
[INFO]		 - Recourse stationarity failed. 1289595.420581 > 83056.511467
[ADMM RHO] V | primal max ratio=0.006 | primal mean ratio=0.003 | primal selected=0.006 | dual mean ratio=0.011 | increase threshold=5.0 | decrease threshold=5.0 | action=held
[ADMM RHO] PF | primal max ratio=0.561 | primal mean ratio=0.065 | primal selected=0.561 | dual mean ratio=0.358 | increase threshold=5.0 | decrease threshold=3.0 | action=held
[ADMM RHO] ESS | primal max ratio=0.010 | primal mean ratio=0.010 | primal selected=0.010 | dual mean ratio=0.012 | increase threshold=5.0 | decrease threshold=5.0 | action=held
[INFO]		 - ADMM cycle 32 | Primal (V max/mean | PF max/mean | ESS max/mean) = 0.000061/0.000003 | 0.005608/0.000065 | 0.001034/0.000103 | Dual (V max/mean | PF max/mean | ESS max/mean) = 0.000411/0.000106 | 0.058817/0.003576 | 0.003656/0.000122 | Recourse change = 1289595.420581 (tol. 83056.511467) | Stable cycles = 0/1 | Penalty actions (V/PF/ESS) = held/held/held
[INFO] 	 - Iteration 32: 33.46 s
[INFO] 	 - ADMM Iteration 33
[INFO] 		 - Updating distribution networks:
[INFO] 			 - Running SMOPF, Network case33_1, 2025, Spring...
[INFO] 			 - Running SMOPF, Network case33_1, 2025, Summer...
[INFO] 			 - Running SMOPF, Network case33_1, 2025, Autumn...
[INFO] 			 - Running SMOPF, Network case33_1, 2025, Winter...
[INFO] 			 - Running SMOPF, Network case33_1, 2030, Spring...
[INFO] 			 - Running SMOPF, Network case33_1, 2030, Summer...
[INFO] 			 - Running SMOPF, Network case33_1, 2030, Autumn...
[INFO] 			 - Running SMOPF, Network case33_1, 2030, Winter...
[INFO] 			 - Running SMOPF, Network case33_1, 2035, Spring...
[INFO] 			 - Running SMOPF, Network case33_1, 2035, Summer...
[INFO] 			 - Running SMOPF, Network case33_1, 2035, Autumn...
[INFO] 			 - Running SMOPF, Network case33_1, 2035, Winter...
[INFO] 			 - Running SMOPF, Network case33_2, 2025, Spring...
[INFO] 			 - Running SMOPF, Network case33_2, 2025, Summer...
[INFO] 			 - Running SMOPF, Network case33_2, 2025, Autumn...
[INFO] 			 - Running SMOPF, Network case33_2, 2025, Winter...
[INFO] 			 - Running SMOPF, Network case33_2, 2030, Spring...
[INFO] 			 - Running SMOPF, Network case33_2, 2030, Summer...
[INFO] 			 - Running SMOPF, Network case33_2, 2030, Autumn...
[INFO] 			 - Running SMOPF, Network case33_2, 2030, Winter...
[INFO] 			 - Running SMOPF, Network case33_2, 2035, Spring...
[INFO] 			 - Running SMOPF, Network case33_2, 2035, Summer...
[INFO] 			 - Running SMOPF, Network case33_2, 2035, Autumn...
[INFO] 			 - Running SMOPF, Network case33_2, 2035, Winter...
[INFO] 			 - Running SMOPF, Network case33_3, 2025, Spring...
[INFO] 			 - Running SMOPF, Network case33_3, 2025, Summer...
[INFO] 			 - Running SMOPF, Network case33_3, 2025, Autumn...
[INFO] 			 - Running SMOPF, Network case33_3, 2025, Winter...
[INFO] 			 - Running SMOPF, Network case33_3, 2030, Spring...
[INFO] 			 - Running SMOPF, Network case33_3, 2030, Summer...
[INFO] 			 - Running SMOPF, Network case33_3, 2030, Autumn...
[INFO] 			 - Running SMOPF, Network case33_3, 2030, Winter...
[INFO] 			 - Running SMOPF, Network case33_3, 2035, Spring...
[INFO] 			 - Running SMOPF, Network case33_3, 2035, Summer...
[INFO] 			 - Running SMOPF, Network case33_3, 2035, Autumn...
[INFO] 			 - Running SMOPF, Network case33_3, 2035, Winter...
[INFO] 		 - Updating transmission network...
[INFO] 			 - Running SMOPF, Network case9, 2025, Spring...
[INFO] 			 - Running SMOPF, Network case9, 2025, Summer...
[INFO] 			 - Running SMOPF, Network case9, 2025, Autumn...
[INFO] 			 - Running SMOPF, Network case9, 2025, Winter...
[INFO] 			 - Running SMOPF, Network case9, 2030, Spring...
[INFO] 			 - Running SMOPF, Network case9, 2030, Summer...
[INFO] 			 - Running SMOPF, Network case9, 2030, Autumn...
[INFO] 			 - Running SMOPF, Network case9, 2030, Winter...
[INFO] 			 - Running SMOPF, Network case9, 2035, Spring...
[INFO] 			 - Running SMOPF, Network case9, 2035, Summer...
[INFO] 			 - Running SMOPF, Network case9, 2035, Autumn...
[INFO] 			 - Running SMOPF, Network case9, 2035, Winter...
[TSO PROX] cycle=33 | updated_blocks=12 | held_failed_blocks=0 | V max=0.000181 | PF max=0.011294 | ESS max=0.000701
[TSO PROX][V MAX] node=9, year=2035, day=Summer, period=19 | dV=0.062597 kV | normalized=0.000181
[TSO PROX][PF MAX] node=7, year=2025, day=Spring, period=23, type=P | delta=1.129384 MW | normalized=0.011294
[TSO PROX][ESS MAX] node=9, year=2025, day=Spring, period=3, type=P | delta=0.001358 MW | normalized=0.000701
[INFO] 		 - Updating SharedESS...
[INFO] 		 - Running Shared ESS optimization (subproblem)...
[INFO] 			 - Node 5...
[INFO] Shared ESS complementarity diagnostics for ESS node=5: ratio_max=2.572532e-05 n_periods=288 mu_final=4.845927e-09 s_obj=1.000000e-01 eps=1.000000e-03 bound=1.395627e-02 measured=7.964348e-03
[INFO] 			 - Node 7...
[INFO] Shared ESS complementarity diagnostics for ESS node=7: ratio_max=2.569812e-05 n_periods=288 mu_final=4.491285e-09 s_obj=1.000000e-01 eps=1.000000e-03 bound=1.293490e-02 measured=7.989104e-03
[INFO] 			 - Node 9...
[INFO] Shared ESS complementarity diagnostics for ESS node=9: ratio_max=2.568628e-05 n_periods=288 mu_final=4.810192e-09 s_obj=1.000000e-01 eps=1.000000e-03 bound=1.385335e-02 measured=7.953117e-03
[INFO]		 - Primal residuals ok!
[INFO]		 - Dual residuals ok!
[RECOURSE JUMP] cycle=33 | abs_change=1.140437e+06 | tol=8.292755e+04 | signed_change=-1.140437e+06
[RECOURSE JUMP] Reconciliation | previous=8.292755e+08 | current=8.281351e+08 | block_delta=-1.140437e+06 | mismatch=+2.384186e-07
[RECOURSE JUMP] Aggregate signed changes:
  TSO | delta=-2.070444e+06
  DSO node=7 | delta=+3.912524e+05
  DSO node=9 | delta=+2.725092e+05
  DSO node=5 | delta=+2.662455e+05
  SALVAGE | delta=+1.108004e-35
[RECOURSE JUMP] Largest 10 block changes:
  TSO node=None year=2035 day=Summer | previous=7.060946e+07 | current=6.977718e+07 | delta=-8.322810e+05 | abs_delta=8.322810e+05
    [RECOURSE JUMP][TSO PROX] year=2035 day=Summer | V max=0.000181 | PF max=0.008867 | ESS max=0.000048
    [RECOURSE COMPONENTS] gen=-1.384373e+06 | flex=+5.520922e+05 | load_curt=+0.000000e+00 | res_curt=+0.000000e+00 | ess_usage=+0.000000e+00 | slacks=-4.392113e-09 | ess_comp=-3.108415e-02
    [SLACK COMPONENTS] voltage=-2.863167e-09 | node_P=+0.000000e+00 | node_Q=+0.000000e+00 | branch_ij=+0.000000e+00 | branch_ji=+0.000000e+00 | flex_P=-7.644738e-10 | flex_Q=-7.644738e-10
    [SLACK COMPONENT CHECK] classified_delta=-4.392115e-09 | objective_slack_delta=-4.392113e-09 | mismatch=-1.776357e-15
    [RECOURSE COMPONENT CHECK] classified_delta=-8.322810e+05 | block_delta=-8.322810e+05 | mismatch=-1.059379e-08
  TSO node=None year=2025 day=Spring | previous=8.019408e+07 | current=7.975372e+07 | delta=-4.403526e+05 | abs_delta=4.403526e+05
    [RECOURSE JUMP][TSO PROX] year=2025 day=Spring | V max=0.000094 | PF max=0.011294 | ESS max=0.000701
    [RECOURSE COMPONENTS] gen=-6.691742e+05 | flex=+2.288216e+05 | load_curt=+0.000000e+00 | res_curt=+0.000000e+00 | ess_usage=+0.000000e+00 | slacks=-2.061136e-08 | ess_comp=+5.223614e-03
    [SLACK COMPONENTS] voltage=-1.361338e-08 | node_P=+0.000000e+00 | node_Q=+0.000000e+00 | branch_ij=+0.000000e+00 | branch_ji=+0.000000e+00 | flex_P=-3.498985e-09 | flex_Q=-3.498985e-09
    [SLACK COMPONENT CHECK] classified_delta=-2.061135e-08 | objective_slack_delta=-2.061136e-08 | mismatch=+8.881784e-15
    [RECOURSE COMPONENT CHECK] classified_delta=-4.403526e+05 | block_delta=-4.403526e+05 | mismatch=-9.313226e-10
  TSO node=None year=2035 day=Spring | previous=6.302631e+07 | current=6.271054e+07 | delta=-3.157679e+05 | abs_delta=3.157679e+05
    [RECOURSE JUMP][TSO PROX] year=2035 day=Spring | V max=0.000147 | PF max=0.008002 | ESS max=0.000146
    [RECOURSE COMPONENTS] gen=-4.834412e+05 | flex=+1.676733e+05 | load_curt=+0.000000e+00 | res_curt=+0.000000e+00 | ess_usage=+0.000000e+00 | slacks=-1.124879e-06 | ess_comp=-1.628175e-02
    [SLACK COMPONENTS] voltage=-7.382341e-07 | node_P=+0.000000e+00 | node_Q=+0.000000e+00 | branch_ij=+0.000000e+00 | branch_ji=+0.000000e+00 | flex_P=-1.933223e-07 | flex_Q=-1.933223e-07
    [SLACK COMPONENT CHECK] classified_delta=-1.124879e-06 | objective_slack_delta=-1.124879e-06 | mismatch=-1.953993e-14
    [RECOURSE COMPONENT CHECK] classified_delta=-3.157679e+05 | block_delta=-3.157679e+05 | mismatch=-7.683411e-09
  DSO node=9 year=2035 day=Summer | previous=7.393878e+06 | current=7.664502e+06 | delta=+2.706240e+05 | abs_delta=2.706240e+05
    [RECOURSE COMPONENTS] gen=+0.000000e+00 | flex=+2.752987e+05 | load_curt=+0.000000e+00 | res_curt=-4.673993e+03 | ess_usage=+0.000000e+00 | slacks=-8.957180e-07 | ess_comp=-7.438177e-01
    [SLACK COMPONENTS] voltage=-8.815809e-07 | node_P=+0.000000e+00 | node_Q=+0.000000e+00 | branch_ij=+0.000000e+00 | branch_ji=+0.000000e+00 | flex_P=-1.413719e-08 | flex_Q=+0.000000e+00
    [SLACK COMPONENT CHECK] classified_delta=-8.957181e-07 | objective_slack_delta=-8.957180e-07 | mismatch=-6.394885e-14
    [RECOURSE COMPONENT CHECK] classified_delta=+2.706240e+05 | block_delta=+2.706240e+05 | mismatch=-9.313226e-10
  TSO node=None year=2030 day=Spring | previous=5.990386e+07 | current=5.972668e+07 | delta=-1.771757e+05 | abs_delta=1.771757e+05
    [RECOURSE JUMP][TSO PROX] year=2030 day=Spring | V max=0.000121 | PF max=0.005565 | ESS max=0.000045
    [RECOURSE COMPONENTS] gen=-2.411044e+05 | flex=+6.392862e+04 | load_curt=+0.000000e+00 | res_curt=+0.000000e+00 | ess_usage=+0.000000e+00 | slacks=-1.706444e-08 | ess_comp=+2.211150e-02
    [SLACK COMPONENTS] voltage=-1.123852e-08 | node_P=+0.000000e+00 | node_Q=+0.000000e+00 | branch_ij=+0.000000e+00 | branch_ji=+0.000000e+00 | flex_P=-2.912957e-09 | flex_Q=-2.912957e-09
    [SLACK COMPONENT CHECK] classified_delta=-1.706443e-08 | objective_slack_delta=-1.706444e-08 | mismatch=+1.154632e-14
    [RECOURSE COMPONENT CHECK] classified_delta=-1.771757e+05 | block_delta=-1.771757e+05 | mismatch=-9.807991e-09
  TSO node=None year=2025 day=Summer | previous=9.181539e+07 | current=9.164885e+07 | delta=-1.665424e+05 | abs_delta=1.665424e+05
    [RECOURSE JUMP][TSO PROX] year=2025 day=Summer | V max=0.000145 | PF max=0.009618 | ESS max=0.000643
    [RECOURSE COMPONENTS] gen=-1.147621e+05 | flex=-5.178030e+04 | load_curt=+0.000000e+00 | res_curt=+0.000000e+00 | ess_usage=+0.000000e+00 | slacks=+6.600942e-12 | ess_comp=-2.340215e-04
    [SLACK COMPONENTS] voltage=+6.593837e-12 | node_P=+0.000000e+00 | node_Q=+0.000000e+00 | branch_ij=+0.000000e+00 | branch_ji=+0.000000e+00 | flex_P=+0.000000e+00 | flex_Q=+0.000000e+00
    [SLACK COMPONENT CHECK] classified_delta=+6.593837e-12 | objective_slack_delta=+6.600942e-12 | mismatch=-7.105427e-15
    [RECOURSE COMPONENT CHECK] classified_delta=-1.665424e+05 | block_delta=-1.665424e+05 | mismatch=+4.016329e-09
  DSO node=7 year=2025 day=Spring | previous=2.911334e+06 | current=3.064211e+06 | delta=+1.528769e+05 | abs_delta=1.528769e+05
    [RECOURSE COMPONENTS] gen=+0.000000e+00 | flex=+1.589799e+05 | load_curt=+0.000000e+00 | res_curt=-4.695609e+03 | ess_usage=+0.000000e+00 | slacks=-1.405217e+03 | ess_comp=-2.231448e+00
    [SLACK COMPONENTS] voltage=-1.297124e+03 | node_P=+0.000000e+00 | node_Q=+0.000000e+00 | branch_ij=+0.000000e+00 | branch_ji=+0.000000e+00 | flex_P=-5.404659e+01 | flex_Q=-5.404655e+01
    [SLACK COMPONENT CHECK] classified_delta=-1.405217e+03 | objective_slack_delta=-1.405217e+03 | mismatch=-6.821210e-13
    [RECOURSE COMPONENT CHECK] classified_delta=+1.528769e+05 | block_delta=+1.528769e+05 | mismatch=-5.820766e-11
  DSO node=5 year=2035 day=Summer | previous=6.588263e+06 | current=6.730975e+06 | delta=+1.427123e+05 | abs_delta=1.427123e+05
    [RECOURSE COMPONENTS] gen=+0.000000e+00 | flex=+1.427113e+05 | load_curt=+0.000000e+00 | res_curt=+1.708520e+00 | ess_usage=+0.000000e+00 | slacks=-3.854993e-07 | ess_comp=-6.792454e-01
    [SLACK COMPONENTS] voltage=-2.508842e-07 | node_P=+0.000000e+00 | node_Q=+0.000000e+00 | branch_ij=+0.000000e+00 | branch_ji=+0.000000e+00 | flex_P=-1.362143e-07 | flex_Q=+1.598661e-09
    [SLACK COMPONENT CHECK] classified_delta=-3.854998e-07 | objective_slack_delta=-3.854993e-07 | mismatch=-5.435652e-13
    [RECOURSE COMPONENT CHECK] classified_delta=+1.427123e+05 | block_delta=+1.427123e+05 | mismatch=+4.365575e-10
  DSO node=7 year=2035 day=Summer | previous=4.142370e+06 | current=4.263986e+06 | delta=+1.216155e+05 | abs_delta=1.216155e+05
    [RECOURSE COMPONENTS] gen=+0.000000e+00 | flex=+1.239151e+05 | load_curt=+0.000000e+00 | res_curt=-2.298915e+03 | ess_usage=+0.000000e+00 | slacks=-5.377630e-07 | ess_comp=-7.260949e-01
    [SLACK COMPONENTS] voltage=-5.335959e-07 | node_P=+0.000000e+00 | node_Q=+0.000000e+00 | branch_ij=+0.000000e+00 | branch_ji=+0.000000e+00 | flex_P=-8.720857e-09 | flex_Q=+4.553748e-09
    [SLACK COMPONENT CHECK] classified_delta=-5.377630e-07 | objective_slack_delta=-5.377630e-07 | mismatch=+2.486900e-14
    [RECOURSE COMPONENT CHECK] classified_delta=+1.216155e+05 | block_delta=+1.216155e+05 | mismatch=-1.746230e-10
  DSO node=9 year=2025 day=Summer | previous=3.491793e+06 | current=3.397311e+06 | delta=-9.448186e+04 | abs_delta=9.448186e+04
    [RECOURSE COMPONENTS] gen=+0.000000e+00 | flex=-9.448212e+04 | load_curt=+0.000000e+00 | res_curt=+2.591262e-01 | ess_usage=+0.000000e+00 | slacks=+2.601331e-06 | ess_comp=+2.159590e-03
    [SLACK COMPONENTS] voltage=-9.618454e-07 | node_P=+0.000000e+00 | node_Q=+0.000000e+00 | branch_ij=+0.000000e+00 | branch_ji=+0.000000e+00 | flex_P=+3.563177e-06 | flex_Q=+0.000000e+00
    [SLACK COMPONENT CHECK] classified_delta=+2.601331e-06 | objective_slack_delta=+2.601331e-06 | mismatch=-3.197442e-14
    [RECOURSE COMPONENT CHECK] classified_delta=-9.448186e+04 | block_delta=-9.448186e+04 | mismatch=+1.309672e-10
[INFO]		 - Recourse stationarity failed. 1140436.961309 > 82927.551925
[ADMM RHO] V | primal max ratio=0.007 | primal mean ratio=0.002 | primal selected=0.007 | dual mean ratio=0.010 | increase threshold=5.0 | decrease threshold=5.0 | action=held
[ADMM RHO] PF | primal max ratio=0.435 | primal mean ratio=0.047 | primal selected=0.435 | dual mean ratio=0.337 | increase threshold=5.0 | decrease threshold=3.0 | action=held
[ADMM RHO] ESS | primal max ratio=0.011 | primal mean ratio=0.011 | primal selected=0.011 | dual mean ratio=0.011 | increase threshold=5.0 | decrease threshold=5.0 | action=held
[INFO]		 - ADMM cycle 33 | Primal (V max/mean | PF max/mean | ESS max/mean) = 0.000067/0.000002 | 0.004349/0.000047 | 0.001119/0.000112 | Dual (V max/mean | PF max/mean | ESS max/mean) = 0.000485/0.000104 | 0.058760/0.003371 | 0.003656/0.000113 | Recourse change = 1140436.961309 (tol. 82927.551925) | Stable cycles = 0/1 | Penalty actions (V/PF/ESS) = held/held/held
[INFO] 	 - Iteration 33: 31.13 s
[INFO] 	 - ADMM Iteration 34
[INFO] 		 - Updating distribution networks:
[INFO] 			 - Running SMOPF, Network case33_1, 2025, Spring...
[INFO] 			 - Running SMOPF, Network case33_1, 2025, Summer...
[INFO] 			 - Running SMOPF, Network case33_1, 2025, Autumn...
[INFO] 			 - Running SMOPF, Network case33_1, 2025, Winter...
[INFO] 			 - Running SMOPF, Network case33_1, 2030, Spring...
[INFO] 			 - Running SMOPF, Network case33_1, 2030, Summer...
[INFO] 			 - Running SMOPF, Network case33_1, 2030, Autumn...
[INFO] 			 - Running SMOPF, Network case33_1, 2030, Winter...
[INFO] 			 - Running SMOPF, Network case33_1, 2035, Spring...
[INFO] 			 - Running SMOPF, Network case33_1, 2035, Summer...
[INFO] 			 - Running SMOPF, Network case33_1, 2035, Autumn...
[INFO] 			 - Running SMOPF, Network case33_1, 2035, Winter...
[INFO] 			 - Running SMOPF, Network case33_2, 2025, Spring...
[WARNING] Network primary solve did not converge for case33_2, year=2025, day=Spring: status=warning, termination=maxIterations, message=Ipopt 3.14.18\x3a Maximum Number of Iterations Exceeded. | warm_start=True
[WARNING] ADMM penalties for case33_2, year=2025, day=Spring: rho_v=2.25, rho_pf=5.20246, rho_ess=1
[WARNING] IPOPT primary solve log for case33_2, year=2025, day=Spring: /Users/micaelsimoes/Projects/share-resource-planning-no_esso-degradation/data/SRP1/Results/P56A/evals/p515a_candidate1_rewired/logs/optim_log_case33_2_2025_Spring.log
[INFO] Retrying network solve once for case33_2, year=2025, day=Spring, cold start, with warm_start_init_point=no.
[INFO] Network recovery solve succeeded for case33_2, year=2025, day=Spring.
[INFO] 			 - Running SMOPF, Network case33_2, 2025, Summer...
[INFO] 			 - Running SMOPF, Network case33_2, 2025, Autumn...
[INFO] 			 - Running SMOPF, Network case33_2, 2025, Winter...
[INFO] 			 - Running SMOPF, Network case33_2, 2030, Spring...
[INFO] 			 - Running SMOPF, Network case33_2, 2030, Summer...
[INFO] 			 - Running SMOPF, Network case33_2, 2030, Autumn...
[INFO] 			 - Running SMOPF, Network case33_2, 2030, Winter...
[INFO] 			 - Running SMOPF, Network case33_2, 2035, Spring...
[INFO] 			 - Running SMOPF, Network case33_2, 2035, Summer...
[INFO] 			 - Running SMOPF, Network case33_2, 2035, Autumn...
[INFO] 			 - Running SMOPF, Network case33_2, 2035, Winter...
[INFO] 			 - Running SMOPF, Network case33_3, 2025, Spring...
[INFO] 			 - Running SMOPF, Network case33_3, 2025, Summer...
[INFO] 			 - Running SMOPF, Network case33_3, 2025, Autumn...
[INFO] 			 - Running SMOPF, Network case33_3, 2025, Winter...
[INFO] 			 - Running SMOPF, Network case33_3, 2030, Spring...
[INFO] 			 - Running SMOPF, Network case33_3, 2030, Summer...
[INFO] 			 - Running SMOPF, Network case33_3, 2030, Autumn...
[INFO] 			 - Running SMOPF, Network case33_3, 2030, Winter...
[INFO] 			 - Running SMOPF, Network case33_3, 2035, Spring...
[INFO] 			 - Running SMOPF, Network case33_3, 2035, Summer...
[INFO] 			 - Running SMOPF, Network case33_3, 2035, Autumn...
[INFO] 			 - Running SMOPF, Network case33_3, 2035, Winter...
[INFO] 		 - Updating transmission network...
[INFO] 			 - Running SMOPF, Network case9, 2025, Spring...
[INFO] 			 - Running SMOPF, Network case9, 2025, Summer...
[INFO] 			 - Running SMOPF, Network case9, 2025, Autumn...
[INFO] 			 - Running SMOPF, Network case9, 2025, Winter...
[INFO] 			 - Running SMOPF, Network case9, 2030, Spring...
[INFO] 			 - Running SMOPF, Network case9, 2030, Summer...
[INFO] 			 - Running SMOPF, Network case9, 2030, Autumn...
[INFO] 			 - Running SMOPF, Network case9, 2030, Winter...
[INFO] 			 - Running SMOPF, Network case9, 2035, Spring...
[INFO] 			 - Running SMOPF, Network case9, 2035, Summer...
[INFO] 			 - Running SMOPF, Network case9, 2035, Autumn...
[INFO] 			 - Running SMOPF, Network case9, 2035, Winter...
[TSO PROX] cycle=34 | updated_blocks=12 | held_failed_blocks=0 | V max=0.000181 | PF max=0.011275 | ESS max=0.000704
[TSO PROX][V MAX] node=9, year=2035, day=Summer, period=19 | dV=0.062283 kV | normalized=0.000181
[TSO PROX][PF MAX] node=7, year=2025, day=Spring, period=23, type=P | delta=1.127482 MW | normalized=0.011275
[TSO PROX][ESS MAX] node=9, year=2025, day=Spring, period=3, type=P | delta=0.001365 MW | normalized=0.000704
[INFO] 		 - Updating SharedESS...
[INFO] 		 - Running Shared ESS optimization (subproblem)...
[INFO] 			 - Node 5...
[INFO] Shared ESS complementarity diagnostics for ESS node=5: ratio_max=2.585088e-05 n_periods=288 mu_final=4.813156e-09 s_obj=1.000000e-01 eps=1.000000e-03 bound=1.386189e-02 measured=7.969309e-03
[INFO] 			 - Node 7...
[INFO] Shared ESS complementarity diagnostics for ESS node=7: ratio_max=2.569758e-05 n_periods=288 mu_final=4.638180e-09 s_obj=1.000000e-01 eps=1.000000e-03 bound=1.335796e-02 measured=8.003704e-03
[INFO] 			 - Node 9...
[INFO] Shared ESS complementarity diagnostics for ESS node=9: ratio_max=2.568705e-05 n_periods=288 mu_final=4.775717e-09 s_obj=1.000000e-01 eps=1.000000e-03 bound=1.375407e-02 measured=7.962244e-03
[INFO]		 - Primal residuals ok!
[INFO]		 - Dual residuals ok!
[RECOURSE JUMP] cycle=34 | abs_change=9.812585e+05 | tol=8.281351e+04 | signed_change=-9.812585e+05
[RECOURSE JUMP] Reconciliation | previous=8.281351e+08 | current=8.271538e+08 | block_delta=-9.812585e+05 | mismatch=-1.192093e-07
[RECOURSE JUMP] Aggregate signed changes:
  TSO | delta=-1.803545e+06
  DSO node=7 | delta=+2.852085e+05
  DSO node=9 | delta=+2.721324e+05
  DSO node=5 | delta=+2.649453e+05
  SALVAGE | delta=+1.869629e-36
[RECOURSE JUMP] Largest 10 block changes:
  TSO node=None year=2035 day=Summer | previous=6.977718e+07 | current=6.894800e+07 | delta=-8.291879e+05 | abs_delta=8.291879e+05
    [RECOURSE JUMP][TSO PROX] year=2035 day=Summer | V max=0.000181 | PF max=0.008843 | ESS max=0.000053
    [RECOURSE COMPONENTS] gen=-1.379334e+06 | flex=+5.501457e+05 | load_curt=+0.000000e+00 | res_curt=+0.000000e+00 | ess_usage=+0.000000e+00 | slacks=+5.196654e-09 | ess_comp=-1.098800e-02
    [SLACK COMPONENTS] voltage=+3.400167e-09 | node_P=+0.000000e+00 | node_Q=+0.000000e+00 | branch_ij=+0.000000e+00 | branch_ji=+0.000000e+00 | flex_P=+8.982384e-10 | flex_Q=+8.982384e-10
    [SLACK COMPONENT CHECK] classified_delta=+5.196644e-09 | objective_slack_delta=+5.196654e-09 | mismatch=-9.769963e-15
    [RECOURSE COMPONENT CHECK] classified_delta=-8.291879e+05 | block_delta=-8.291879e+05 | mismatch=+8.963980e-09
  TSO node=None year=2025 day=Spring | previous=7.975372e+07 | current=7.932609e+07 | delta=-4.276287e+05 | abs_delta=4.276287e+05
    [RECOURSE JUMP][TSO PROX] year=2025 day=Spring | V max=0.000093 | PF max=0.011275 | ESS max=0.000704
    [RECOURSE COMPONENTS] gen=-6.509185e+05 | flex=+2.232898e+05 | load_curt=+0.000000e+00 | res_curt=+0.000000e+00 | ess_usage=+0.000000e+00 | slacks=-1.407698e-08 | ess_comp=-3.901729e-04
    [SLACK COMPONENTS] voltage=-9.297565e-09 | node_P=+0.000000e+00 | node_Q=+0.000000e+00 | branch_ij=+0.000000e+00 | branch_ji=+0.000000e+00 | flex_P=-2.389708e-09 | flex_Q=-2.389708e-09
    [SLACK COMPONENT CHECK] classified_delta=-1.407698e-08 | objective_slack_delta=-1.407698e-08 | mismatch=+8.881784e-16
    [RECOURSE COMPONENT CHECK] classified_delta=-4.276287e+05 | block_delta=-4.276287e+05 | mismatch=+5.471520e-09
  DSO node=9 year=2035 day=Summer | previous=7.664502e+06 | current=7.934715e+06 | delta=+2.702124e+05 | abs_delta=2.702124e+05
    [RECOURSE COMPONENTS] gen=+0.000000e+00 | flex=+2.748262e+05 | load_curt=+0.000000e+00 | res_curt=-4.613817e+03 | ess_usage=+0.000000e+00 | slacks=-7.858125e-07 | ess_comp=-1.552473e-02
    [SLACK COMPONENTS] voltage=-7.790364e-07 | node_P=+0.000000e+00 | node_Q=+0.000000e+00 | branch_ij=+0.000000e+00 | branch_ji=+0.000000e+00 | flex_P=-6.898091e-09 | flex_Q=+1.216698e-10
    [SLACK COMPONENT CHECK] classified_delta=-7.858129e-07 | objective_slack_delta=-7.858125e-07 | mismatch=-4.014566e-13
    [RECOURSE COMPONENT CHECK] classified_delta=+2.702124e+05 | block_delta=+2.702124e+05 | mismatch=+2.910383e-10
  TSO node=None year=2035 day=Spring | previous=6.271054e+07 | current=6.244251e+07 | delta=-2.680306e+05 | abs_delta=2.680306e+05
    [RECOURSE JUMP][TSO PROX] year=2035 day=Spring | V max=0.000145 | PF max=0.007668 | ESS max=0.000175
    [RECOURSE COMPONENTS] gen=-4.312788e+05 | flex=+1.632482e+05 | load_curt=+0.000000e+00 | res_curt=+0.000000e+00 | ess_usage=+0.000000e+00 | slacks=+1.121196e-06 | ess_comp=-1.291370e-02
    [SLACK COMPONENTS] voltage=+7.358994e-07 | node_P=+0.000000e+00 | node_Q=+0.000000e+00 | branch_ij=+0.000000e+00 | branch_ji=+0.000000e+00 | flex_P=+1.926486e-07 | flex_Q=+1.926486e-07
    [SLACK COMPONENT CHECK] classified_delta=+1.121196e-06 | objective_slack_delta=+1.121196e-06 | mismatch=+1.421085e-14
    [RECOURSE COMPONENT CHECK] classified_delta=-2.680306e+05 | block_delta=-2.680306e+05 | mismatch=-1.187436e-08
  TSO node=None year=2030 day=Spring | previous=5.972668e+07 | current=5.955175e+07 | delta=-1.749291e+05 | abs_delta=1.749291e+05
    [RECOURSE JUMP][TSO PROX] year=2030 day=Spring | V max=0.000116 | PF max=0.005008 | ESS max=0.000070
    [RECOURSE COMPONENTS] gen=-2.496824e+05 | flex=+7.475323e+04 | load_curt=+0.000000e+00 | res_curt=+0.000000e+00 | ess_usage=+0.000000e+00 | slacks=-1.162815e-08 | ess_comp=+8.272280e-02
    [SLACK COMPONENTS] voltage=-7.659111e-09 | node_P=+0.000000e+00 | node_Q=+0.000000e+00 | branch_ij=+0.000000e+00 | branch_ji=+0.000000e+00 | flex_P=-1.984516e-09 | flex_Q=-1.984516e-09
    [SLACK COMPONENT CHECK] classified_delta=-1.162814e-08 | objective_slack_delta=-1.162815e-08 | mismatch=+2.664535e-15
    [RECOURSE COMPONENT CHECK] classified_delta=-1.749291e+05 | block_delta=-1.749291e+05 | mismatch=+6.868504e-09
  DSO node=7 year=2025 day=Spring | previous=3.064211e+06 | current=3.220393e+06 | delta=+1.561821e+05 | abs_delta=1.561821e+05
    [RECOURSE COMPONENTS] gen=+0.000000e+00 | flex=+1.605616e+05 | load_curt=+0.000000e+00 | res_curt=-4.379527e+03 | ess_usage=+0.000000e+00 | slacks=-4.881209e-07 | ess_comp=-9.659133e-04
    [SLACK COMPONENTS] voltage=-4.643665e-07 | node_P=+0.000000e+00 | node_Q=+0.000000e+00 | branch_ij=+0.000000e+00 | branch_ji=+0.000000e+00 | flex_P=-2.356980e-08 | flex_Q=-1.848726e-10
    [SLACK COMPONENT CHECK] classified_delta=-4.881211e-07 | objective_slack_delta=-4.881209e-07 | mismatch=-2.060574e-13
    [RECOURSE COMPONENT CHECK] classified_delta=+1.561821e+05 | block_delta=+1.561821e+05 | mismatch=+2.910383e-11
  DSO node=5 year=2035 day=Summer | previous=6.730975e+06 | current=6.873273e+06 | delta=+1.422983e+05 | abs_delta=1.422983e+05
    [RECOURSE COMPONENTS] gen=+0.000000e+00 | flex=+1.422967e+05 | load_curt=+0.000000e+00 | res_curt=+1.607966e+00 | ess_usage=+0.000000e+00 | slacks=-4.005266e-07 | ess_comp=-1.168270e-02
    [SLACK COMPONENTS] voltage=-2.436027e-07 | node_P=+0.000000e+00 | node_Q=+0.000000e+00 | branch_ij=+0.000000e+00 | branch_ji=+0.000000e+00 | flex_P=-1.553246e-07 | flex_Q=-1.598661e-09
    [SLACK COMPONENT CHECK] classified_delta=-4.005260e-07 | objective_slack_delta=-4.005266e-07 | mismatch=+6.536993e-13
    [RECOURSE COMPONENT CHECK] classified_delta=+1.422983e+05 | block_delta=+1.422983e+05 | mismatch=+1.746230e-10
  DSO node=7 year=2035 day=Summer | previous=4.263986e+06 | current=4.385389e+06 | delta=+1.214031e+05 | abs_delta=1.214031e+05
    [RECOURSE COMPONENTS] gen=+0.000000e+00 | flex=+1.236896e+05 | load_curt=+0.000000e+00 | res_curt=-2.286500e+03 | ess_usage=+0.000000e+00 | slacks=-6.758273e-07 | ess_comp=-1.600097e-02
    [SLACK COMPONENTS] voltage=-6.475759e-07 | node_P=+0.000000e+00 | node_Q=+0.000000e+00 | branch_ij=+0.000000e+00 | branch_ji=+0.000000e+00 | flex_P=-2.369768e-08 | flex_Q=-4.553748e-09
    [SLACK COMPONENT CHECK] classified_delta=-6.758273e-07 | objective_slack_delta=-6.758273e-07 | mismatch=+3.552714e-14
    [RECOURSE COMPONENT CHECK] classified_delta=+1.214031e+05 | block_delta=+1.214031e+05 | mismatch=+6.402843e-10
  DSO node=9 year=2025 day=Summer | previous=3.397311e+06 | current=3.302492e+06 | delta=-9.481901e+04 | abs_delta=9.481901e+04
    [RECOURSE COMPONENTS] gen=+0.000000e+00 | flex=-9.481724e+04 | load_curt=+0.000000e+00 | res_curt=-1.777606e+00 | ess_usage=+0.000000e+00 | slacks=+3.309876e-06 | ess_comp=+6.629295e-04
    [SLACK COMPONENTS] voltage=+6.020653e-07 | node_P=+0.000000e+00 | node_Q=+0.000000e+00 | branch_ij=+0.000000e+00 | branch_ji=+0.000000e+00 | flex_P=+2.707810e-06 | flex_Q=+0.000000e+00
    [SLACK COMPONENT CHECK] classified_delta=+3.309876e-06 | objective_slack_delta=+3.309876e-06 | mismatch=-7.815970e-14
    [RECOURSE COMPONENT CHECK] classified_delta=-9.481901e+04 | block_delta=-9.481901e+04 | mismatch=+4.802132e-10
  DSO node=9 year=2035 day=Spring | previous=8.966595e+06 | current=9.043621e+06 | delta=+7.702671e+04 | abs_delta=7.702671e+04
    [RECOURSE COMPONENTS] gen=+0.000000e+00 | flex=+7.703127e+04 | load_curt=+0.000000e+00 | res_curt=-4.560984e+00 | ess_usage=+0.000000e+00 | slacks=-3.986565e-05 | ess_comp=-5.810647e-04
    [SLACK COMPONENTS] voltage=-1.763041e-07 | node_P=+0.000000e+00 | node_Q=+0.000000e+00 | branch_ij=+0.000000e+00 | branch_ji=+0.000000e+00 | flex_P=-3.968934e-05 | flex_Q=+0.000000e+00
    [SLACK COMPONENT CHECK] classified_delta=-3.986565e-05 | objective_slack_delta=-3.986565e-05 | mismatch=+4.263256e-14
    [RECOURSE COMPONENT CHECK] classified_delta=+7.702671e+04 | block_delta=+7.702671e+04 | mismatch=-9.749783e-10
[INFO]		 - Recourse stationarity failed. 981258.457634 > 82813.508229
[ADMM RHO] V | primal max ratio=0.004 | primal mean ratio=0.002 | primal selected=0.004 | dual mean ratio=0.010 | increase threshold=5.0 | decrease threshold=5.0 | action=held
[ADMM RHO] PF | primal max ratio=0.398 | primal mean ratio=0.054 | primal selected=0.398 | dual mean ratio=0.310 | increase threshold=5.0 | decrease threshold=3.0 | action=held
[ADMM RHO] ESS | primal max ratio=0.012 | primal mean ratio=0.012 | primal selected=0.012 | dual mean ratio=0.010 | increase threshold=5.0 | decrease threshold=5.0 | action=held
[INFO]		 - ADMM cycle 34 | Primal (V max/mean | PF max/mean | ESS max/mean) = 0.000035/0.000002 | 0.003976/0.000054 | 0.001226/0.000121 | Dual (V max/mean | PF max/mean | ESS max/mean) = 0.000406/0.000103 | 0.058657/0.003098 | 0.003656/0.000105 | Recourse change = 981258.457634 (tol. 82813.508229) | Stable cycles = 0/1 | Penalty actions (V/PF/ESS) = held/held/held
[INFO] 	 - Iteration 34: 35.21 s
[INFO] 	 - ADMM Iteration 35
[INFO] 		 - Updating distribution networks:
[INFO] 			 - Running SMOPF, Network case33_1, 2025, Spring...
[INFO] 			 - Running SMOPF, Network case33_1, 2025, Summer...
[INFO] 			 - Running SMOPF, Network case33_1, 2025, Autumn...
[INFO] 			 - Running SMOPF, Network case33_1, 2025, Winter...
[INFO] 			 - Running SMOPF, Network case33_1, 2030, Spring...
[INFO] 			 - Running SMOPF, Network case33_1, 2030, Summer...
[INFO] 			 - Running SMOPF, Network case33_1, 2030, Autumn...
[INFO] 			 - Running SMOPF, Network case33_1, 2030, Winter...
[INFO] 			 - Running SMOPF, Network case33_1, 2035, Spring...
[INFO] 			 - Running SMOPF, Network case33_1, 2035, Summer...
[INFO] 			 - Running SMOPF, Network case33_1, 2035, Autumn...
[INFO] 			 - Running SMOPF, Network case33_1, 2035, Winter...
[INFO] 			 - Running SMOPF, Network case33_2, 2025, Spring...
[INFO] 			 - Running SMOPF, Network case33_2, 2025, Summer...
[INFO] 			 - Running SMOPF, Network case33_2, 2025, Autumn...
[INFO] 			 - Running SMOPF, Network case33_2, 2025, Winter...
[INFO] 			 - Running SMOPF, Network case33_2, 2030, Spring...
[INFO] 			 - Running SMOPF, Network case33_2, 2030, Summer...
[INFO] 			 - Running SMOPF, Network case33_2, 2030, Autumn...
[INFO] 			 - Running SMOPF, Network case33_2, 2030, Winter...
[INFO] 			 - Running SMOPF, Network case33_2, 2035, Spring...
[INFO] 			 - Running SMOPF, Network case33_2, 2035, Summer...
[INFO] 			 - Running SMOPF, Network case33_2, 2035, Autumn...
[INFO] 			 - Running SMOPF, Network case33_2, 2035, Winter...
[INFO] 			 - Running SMOPF, Network case33_3, 2025, Spring...
[INFO] 			 - Running SMOPF, Network case33_3, 2025, Summer...
[INFO] 			 - Running SMOPF, Network case33_3, 2025, Autumn...
[INFO] 			 - Running SMOPF, Network case33_3, 2025, Winter...
[INFO] 			 - Running SMOPF, Network case33_3, 2030, Spring...
[INFO] 			 - Running SMOPF, Network case33_3, 2030, Summer...
[INFO] 			 - Running SMOPF, Network case33_3, 2030, Autumn...
[INFO] 			 - Running SMOPF, Network case33_3, 2030, Winter...
[INFO] 			 - Running SMOPF, Network case33_3, 2035, Spring...
[INFO] 			 - Running SMOPF, Network case33_3, 2035, Summer...
[INFO] 			 - Running SMOPF, Network case33_3, 2035, Autumn...
[INFO] 			 - Running SMOPF, Network case33_3, 2035, Winter...
[INFO] 		 - Updating transmission network...
[INFO] 			 - Running SMOPF, Network case9, 2025, Spring...
[INFO] 			 - Running SMOPF, Network case9, 2025, Summer...
[INFO] 			 - Running SMOPF, Network case9, 2025, Autumn...
[INFO] 			 - Running SMOPF, Network case9, 2025, Winter...
[INFO] 			 - Running SMOPF, Network case9, 2030, Spring...
[INFO] 			 - Running SMOPF, Network case9, 2030, Summer...
[INFO] 			 - Running SMOPF, Network case9, 2030, Autumn...
[INFO] 			 - Running SMOPF, Network case9, 2030, Winter...
[INFO] 			 - Running SMOPF, Network case9, 2035, Spring...
[INFO] 			 - Running SMOPF, Network case9, 2035, Summer...
[INFO] 			 - Running SMOPF, Network case9, 2035, Autumn...
[INFO] 			 - Running SMOPF, Network case9, 2035, Winter...
[TSO PROX] cycle=35 | updated_blocks=12 | held_failed_blocks=0 | V max=0.000284 | PF max=0.011257 | ESS max=0.000708
[TSO PROX][V MAX] node=5, year=2035, day=Summer, period=15 | dV=0.098071 kV | normalized=0.000284
[TSO PROX][PF MAX] node=7, year=2025, day=Spring, period=23, type=P | delta=1.125697 MW | normalized=0.011257
[TSO PROX][ESS MAX] node=5, year=2025, day=Spring, period=3, type=P | delta=0.001372 MW | normalized=0.000708
[INFO] 		 - Updating SharedESS...
[INFO] 		 - Running Shared ESS optimization (subproblem)...
[INFO] 			 - Node 5...
[INFO] Shared ESS complementarity diagnostics for ESS node=5: ratio_max=2.585610e-05 n_periods=288 mu_final=4.804170e-09 s_obj=1.000000e-01 eps=1.000000e-03 bound=1.383601e-02 measured=7.961972e-03
[INFO] 			 - Node 7...
[INFO] Shared ESS complementarity diagnostics for ESS node=7: ratio_max=2.568784e-05 n_periods=288 mu_final=4.701537e-09 s_obj=1.000000e-01 eps=1.000000e-03 bound=1.354043e-02 measured=8.005586e-03
[INFO] 			 - Node 9...
[INFO] Shared ESS complementarity diagnostics for ESS node=9: ratio_max=2.576719e-05 n_periods=288 mu_final=4.776113e-09 s_obj=1.000000e-01 eps=1.000000e-03 bound=1.375521e-02 measured=7.960806e-03
[INFO]		 - Primal residuals ok!
[INFO]		 - Dual residuals ok!
[RECOURSE JUMP] cycle=35 | abs_change=9.236798e+05 | tol=8.271538e+04 | signed_change=-9.236798e+05
[RECOURSE JUMP] Reconciliation | previous=8.271538e+08 | current=8.262301e+08 | block_delta=-9.236798e+05 | mismatch=-2.384186e-07
[RECOURSE JUMP] Aggregate signed changes:
  TSO | delta=-1.696751e+06
  DSO node=7 | delta=+2.806448e+05
  DSO node=5 | delta=+2.524129e+05
  DSO node=9 | delta=+2.400140e+05
  SALVAGE | delta=-3.008351e-36
[RECOURSE JUMP] Largest 10 block changes:
  TSO node=None year=2035 day=Summer | previous=6.894800e+07 | current=6.813616e+07 | delta=-8.118342e+05 | abs_delta=8.118342e+05
    [RECOURSE JUMP][TSO PROX] year=2035 day=Summer | V max=0.000284 | PF max=0.008609 | ESS max=0.000065
    [RECOURSE COMPONENTS] gen=-1.349822e+06 | flex=+5.379874e+05 | load_curt=+0.000000e+00 | res_curt=+0.000000e+00 | ess_usage=+0.000000e+00 | slacks=+2.517737e-09 | ess_comp=-5.799340e-03
    [SLACK COMPONENTS] voltage=+1.659743e-09 | node_P=+0.000000e+00 | node_Q=+0.000000e+00 | branch_ij=+0.000000e+00 | branch_ji=+0.000000e+00 | flex_P=+4.289995e-10 | flex_Q=+4.289995e-10
    [SLACK COMPONENT CHECK] classified_delta=+2.517742e-09 | objective_slack_delta=+2.517737e-09 | mismatch=+4.440892e-15
    [RECOURSE COMPONENT CHECK] classified_delta=-8.118342e+05 | block_delta=-8.118342e+05 | mismatch=-6.402843e-09
  TSO node=None year=2025 day=Spring | previous=7.932609e+07 | current=7.891464e+07 | delta=-4.114509e+05 | abs_delta=4.114509e+05
    [RECOURSE JUMP][TSO PROX] year=2025 day=Spring | V max=0.000092 | PF max=0.011257 | ESS max=0.000708
    [RECOURSE COMPONENTS] gen=-6.306345e+05 | flex=+2.191836e+05 | load_curt=+0.000000e+00 | res_curt=+0.000000e+00 | ess_usage=+0.000000e+00 | slacks=-9.286637e-09 | ess_comp=-1.132478e-04
    [SLACK COMPONENTS] voltage=-6.133597e-09 | node_P=+0.000000e+00 | node_Q=+0.000000e+00 | branch_ij=+0.000000e+00 | branch_ji=+0.000000e+00 | flex_P=-1.576523e-09 | flex_Q=-1.576523e-09
    [SLACK COMPONENT CHECK] classified_delta=-9.286643e-09 | objective_slack_delta=-9.286637e-09 | mismatch=-5.329071e-15
    [RECOURSE COMPONENT CHECK] classified_delta=-4.114509e+05 | block_delta=-4.114509e+05 | mismatch=-6.461050e-09
  TSO node=None year=2035 day=Spring | previous=6.244251e+07 | current=6.214517e+07 | delta=-2.973429e+05 | abs_delta=2.973429e+05
    [RECOURSE JUMP][TSO PROX] year=2035 day=Spring | V max=0.000144 | PF max=0.006663 | ESS max=0.000135
    [RECOURSE COMPONENTS] gen=-4.690714e+05 | flex=+1.717286e+05 | load_curt=+0.000000e+00 | res_curt=+0.000000e+00 | ess_usage=+0.000000e+00 | slacks=+1.782271e-07 | ess_comp=-9.234246e-03
    [SLACK COMPONENTS] voltage=+1.170345e-07 | node_P=+0.000000e+00 | node_Q=+0.000000e+00 | branch_ij=+0.000000e+00 | branch_ji=+0.000000e+00 | flex_P=+3.059635e-08 | flex_Q=+3.059635e-08
    [SLACK COMPONENT CHECK] classified_delta=+1.782272e-07 | objective_slack_delta=+1.782271e-07 | mismatch=+1.065814e-14
    [RECOURSE COMPONENT CHECK] classified_delta=-2.973429e+05 | block_delta=-2.973429e+05 | mismatch=+1.373701e-08
  DSO node=9 year=2035 day=Summer | previous=7.934715e+06 | current=8.194645e+06 | delta=+2.599305e+05 | abs_delta=2.599305e+05
    [RECOURSE COMPONENTS] gen=+0.000000e+00 | flex=+2.617416e+05 | load_curt=+0.000000e+00 | res_curt=-1.811114e+03 | ess_usage=+0.000000e+00 | slacks=-2.450298e-06 | ess_comp=-4.520856e-03
    [SLACK COMPONENTS] voltage=-2.357528e-06 | node_P=+0.000000e+00 | node_Q=+0.000000e+00 | branch_ij=+0.000000e+00 | branch_ji=+0.000000e+00 | flex_P=-9.264826e-08 | flex_Q=-1.216698e-10
    [SLACK COMPONENT CHECK] classified_delta=-2.450298e-06 | objective_slack_delta=-2.450298e-06 | mismatch=+5.186962e-13
    [RECOURSE COMPONENT CHECK] classified_delta=+2.599305e+05 | block_delta=+2.599305e+05 | mismatch=+1.571607e-09
  TSO node=None year=2030 day=Spring | previous=5.955175e+07 | current=5.939144e+07 | delta=-1.603153e+05 | abs_delta=1.603153e+05
    [RECOURSE JUMP][TSO PROX] year=2030 day=Spring | V max=0.000112 | PF max=0.005094 | ESS max=0.000069
    [RECOURSE COMPONENTS] gen=-2.303724e+05 | flex=+7.005705e+04 | load_curt=+0.000000e+00 | res_curt=+0.000000e+00 | ess_usage=+0.000000e+00 | slacks=-2.163039e-08 | ess_comp=+6.085152e-02
    [SLACK COMPONENTS] voltage=-1.424809e-08 | node_P=+0.000000e+00 | node_Q=+0.000000e+00 | branch_ij=+0.000000e+00 | branch_ji=+0.000000e+00 | flex_P=-3.691155e-09 | flex_Q=-3.691155e-09
    [SLACK COMPONENT CHECK] classified_delta=-2.163040e-08 | objective_slack_delta=-2.163039e-08 | mismatch=-5.329071e-15
    [RECOURSE COMPONENT CHECK] classified_delta=-1.603153e+05 | block_delta=-1.603153e+05 | mismatch=-6.228220e-09
  DSO node=7 year=2025 day=Spring | previous=3.220393e+06 | current=3.376488e+06 | delta=+1.560945e+05 | abs_delta=1.560945e+05
    [RECOURSE COMPONENTS] gen=+0.000000e+00 | flex=+1.603926e+05 | load_curt=+0.000000e+00 | res_curt=-4.298070e+03 | ess_usage=+0.000000e+00 | slacks=-4.176699e-07 | ess_comp=-2.137940e-04
    [SLACK COMPONENTS] voltage=-4.011339e-07 | node_P=+0.000000e+00 | node_Q=+0.000000e+00 | branch_ij=+0.000000e+00 | branch_ji=+0.000000e+00 | flex_P=-1.653618e-08 | flex_Q=+0.000000e+00
    [SLACK COMPONENT CHECK] classified_delta=-4.176701e-07 | objective_slack_delta=-4.176699e-07 | mismatch=-2.025047e-13
    [RECOURSE COMPONENT CHECK] classified_delta=+1.560945e+05 | block_delta=+1.560945e+05 | mismatch=-4.656613e-10
  DSO node=5 year=2035 day=Summer | previous=6.873273e+06 | current=7.015442e+06 | delta=+1.421685e+05 | abs_delta=1.421685e+05
    [RECOURSE COMPONENTS] gen=+0.000000e+00 | flex=+1.421670e+05 | load_curt=+0.000000e+00 | res_curt=+1.470355e+00 | ess_usage=+0.000000e+00 | slacks=-5.769517e-07 | ess_comp=-4.540419e-03
    [SLACK COMPONENTS] voltage=-2.335777e-07 | node_P=+0.000000e+00 | node_Q=+0.000000e+00 | branch_ij=+0.000000e+00 | branch_ji=+0.000000e+00 | flex_P=-3.433740e-07 | flex_Q=+0.000000e+00
    [SLACK COMPONENT CHECK] classified_delta=-5.769517e-07 | objective_slack_delta=-5.769517e-07 | mismatch=+7.105427e-15
    [RECOURSE COMPONENT CHECK] classified_delta=+1.421685e+05 | block_delta=+1.421685e+05 | mismatch=-2.910383e-10
  DSO node=7 year=2035 day=Summer | previous=4.385389e+06 | current=4.506450e+06 | delta=+1.210610e+05 | abs_delta=1.210610e+05
    [RECOURSE COMPONENTS] gen=+0.000000e+00 | flex=+1.233192e+05 | load_curt=+0.000000e+00 | res_curt=-2.258166e+03 | ess_usage=+0.000000e+00 | slacks=-6.745577e-07 | ess_comp=-4.665067e-03
    [SLACK COMPONENTS] voltage=-6.438265e-07 | node_P=+0.000000e+00 | node_Q=+0.000000e+00 | branch_ij=+0.000000e+00 | branch_ji=+0.000000e+00 | flex_P=-3.073107e-08 | flex_Q=+0.000000e+00
    [SLACK COMPONENT CHECK] classified_delta=-6.745576e-07 | objective_slack_delta=-6.745577e-07 | mismatch=+7.105427e-14
    [RECOURSE COMPONENT CHECK] classified_delta=+1.210610e+05 | block_delta=+1.210610e+05 | mismatch=-2.328306e-10
  DSO node=9 year=2025 day=Summer | previous=3.302492e+06 | current=3.207785e+06 | delta=-9.470656e+04 | abs_delta=9.470656e+04
    [RECOURSE COMPONENTS] gen=+0.000000e+00 | flex=-9.470403e+04 | load_curt=+0.000000e+00 | res_curt=-2.546408e+00 | ess_usage=+0.000000e+00 | slacks=+1.827384e-06 | ess_comp=+2.418667e-02
    [SLACK COMPONENTS] voltage=+1.150639e-06 | node_P=+0.000000e+00 | node_Q=+0.000000e+00 | branch_ij=+0.000000e+00 | branch_ji=+0.000000e+00 | flex_P=+6.767451e-07 | flex_Q=+0.000000e+00
    [SLACK COMPONENT CHECK] classified_delta=+1.827384e-06 | objective_slack_delta=+1.827384e-06 | mismatch=+7.105427e-14
    [RECOURSE COMPONENT CHECK] classified_delta=-9.470656e+04 | block_delta=-9.470656e+04 | mismatch=-2.182787e-10
  TSO node=None year=2025 day=Summer | previous=9.165268e+07 | current=9.172600e+07 | delta=+7.332218e+04 | abs_delta=7.332218e+04
    [RECOURSE JUMP][TSO PROX] year=2025 day=Summer | V max=0.000131 | PF max=0.006325 | ESS max=0.000643
    [RECOURSE COMPONENTS] gen=+2.540264e+05 | flex=-1.807042e+05 | load_curt=+0.000000e+00 | res_curt=+0.000000e+00 | ess_usage=+0.000000e+00 | slacks=+7.162271e-12 | ess_comp=-1.687348e-04
    [SLACK COMPONENTS] voltage=+7.169376e-12 | node_P=+0.000000e+00 | node_Q=+0.000000e+00 | branch_ij=+0.000000e+00 | branch_ji=+0.000000e+00 | flex_P=+0.000000e+00 | flex_Q=+0.000000e+00
    [SLACK COMPONENT CHECK] classified_delta=+7.169376e-12 | objective_slack_delta=+7.162271e-12 | mismatch=+7.105427e-15
    [RECOURSE COMPONENT CHECK] classified_delta=+7.332218e+04 | block_delta=+7.332218e+04 | mismatch=+6.883056e-09
[INFO]		 - Recourse stationarity failed. 923679.821526 > 82715.382383
[ADMM RHO] V | primal max ratio=0.028 | primal mean ratio=0.002 | primal selected=0.028 | dual mean ratio=0.010 | increase threshold=5.0 | decrease threshold=5.0 | action=held
[ADMM RHO] PF | primal max ratio=0.424 | primal mean ratio=0.052 | primal selected=0.424 | dual mean ratio=0.294 | increase threshold=5.0 | decrease threshold=3.0 | action=held
[ADMM RHO] ESS | primal max ratio=0.013 | primal mean ratio=0.013 | primal selected=0.013 | dual mean ratio=0.010 | increase threshold=5.0 | decrease threshold=5.0 | action=held
[INFO]		 - ADMM cycle 35 | Primal (V max/mean | PF max/mean | ESS max/mean) = 0.000284/0.000002 | 0.004238/0.000052 | 0.001327/0.000127 | Dual (V max/mean | PF max/mean | ESS max/mean) = 0.000640/0.000102 | 0.058565/0.002941 | 0.003656/0.000095 | Recourse change = 923679.821526 (tol. 82715.382383) | Stable cycles = 0/1 | Penalty actions (V/PF/ESS) = held/held/held
[INFO] 	 - Iteration 35: 33.48 s
[INFO] 	 - ADMM Iteration 36
[INFO] 		 - Updating distribution networks:
[INFO] 			 - Running SMOPF, Network case33_1, 2025, Spring...
[INFO] 			 - Running SMOPF, Network case33_1, 2025, Summer...
[INFO] 			 - Running SMOPF, Network case33_1, 2025, Autumn...
[INFO] 			 - Running SMOPF, Network case33_1, 2025, Winter...
[INFO] 			 - Running SMOPF, Network case33_1, 2030, Spring...
[INFO] 			 - Running SMOPF, Network case33_1, 2030, Summer...
[INFO] 			 - Running SMOPF, Network case33_1, 2030, Autumn...
[INFO] 			 - Running SMOPF, Network case33_1, 2030, Winter...
[INFO] 			 - Running SMOPF, Network case33_1, 2035, Spring...
[INFO] 			 - Running SMOPF, Network case33_1, 2035, Summer...
[INFO] 			 - Running SMOPF, Network case33_1, 2035, Autumn...
[INFO] 			 - Running SMOPF, Network case33_1, 2035, Winter...
[INFO] 			 - Running SMOPF, Network case33_2, 2025, Spring...
[INFO] 			 - Running SMOPF, Network case33_2, 2025, Summer...
[INFO] 			 - Running SMOPF, Network case33_2, 2025, Autumn...
[INFO] 			 - Running SMOPF, Network case33_2, 2025, Winter...
[INFO] 			 - Running SMOPF, Network case33_2, 2030, Spring...
[INFO] 			 - Running SMOPF, Network case33_2, 2030, Summer...
[INFO] 			 - Running SMOPF, Network case33_2, 2030, Autumn...
[INFO] 			 - Running SMOPF, Network case33_2, 2030, Winter...
[INFO] 			 - Running SMOPF, Network case33_2, 2035, Spring...
[INFO] 			 - Running SMOPF, Network case33_2, 2035, Summer...
[INFO] 			 - Running SMOPF, Network case33_2, 2035, Autumn...
[INFO] 			 - Running SMOPF, Network case33_2, 2035, Winter...
[INFO] 			 - Running SMOPF, Network case33_3, 2025, Spring...
[INFO] 			 - Running SMOPF, Network case33_3, 2025, Summer...
[INFO] 			 - Running SMOPF, Network case33_3, 2025, Autumn...
[INFO] 			 - Running SMOPF, Network case33_3, 2025, Winter...
[INFO] 			 - Running SMOPF, Network case33_3, 2030, Spring...
[INFO] 			 - Running SMOPF, Network case33_3, 2030, Summer...
[INFO] 			 - Running SMOPF, Network case33_3, 2030, Autumn...
[INFO] 			 - Running SMOPF, Network case33_3, 2030, Winter...
[INFO] 			 - Running SMOPF, Network case33_3, 2035, Spring...
[INFO] 			 - Running SMOPF, Network case33_3, 2035, Summer...
[INFO] 			 - Running SMOPF, Network case33_3, 2035, Autumn...
[INFO] 			 - Running SMOPF, Network case33_3, 2035, Winter...
[INFO] 		 - Updating transmission network...
[INFO] 			 - Running SMOPF, Network case9, 2025, Spring...
[INFO] 			 - Running SMOPF, Network case9, 2025, Summer...
[INFO] 			 - Running SMOPF, Network case9, 2025, Autumn...
[INFO] 			 - Running SMOPF, Network case9, 2025, Winter...
[INFO] 			 - Running SMOPF, Network case9, 2030, Spring...
[INFO] 			 - Running SMOPF, Network case9, 2030, Summer...
[INFO] 			 - Running SMOPF, Network case9, 2030, Autumn...
[INFO] 			 - Running SMOPF, Network case9, 2030, Winter...
[INFO] 			 - Running SMOPF, Network case9, 2035, Spring...
[INFO] 			 - Running SMOPF, Network case9, 2035, Summer...
[INFO] 			 - Running SMOPF, Network case9, 2035, Autumn...
[INFO] 			 - Running SMOPF, Network case9, 2035, Winter...
[TSO PROX] cycle=36 | updated_blocks=12 | held_failed_blocks=0 | V max=0.000564 | PF max=0.011101 | ESS max=0.000711
[TSO PROX][V MAX] node=5, year=2035, day=Summer, period=15 | dV=0.194419 kV | normalized=0.000564
[TSO PROX][PF MAX] node=7, year=2025, day=Spring, period=23, type=P | delta=1.110100 MW | normalized=0.011101
[TSO PROX][ESS MAX] node=5, year=2025, day=Spring, period=3, type=P | delta=0.001378 MW | normalized=0.000711
[INFO] 		 - Updating SharedESS...
[INFO] 		 - Running Shared ESS optimization (subproblem)...
[INFO] 			 - Node 5...
[INFO] Shared ESS complementarity diagnostics for ESS node=5: ratio_max=2.573282e-05 n_periods=288 mu_final=4.802324e-09 s_obj=1.000000e-01 eps=1.000000e-03 bound=1.383069e-02 measured=7.959661e-03
[INFO] 			 - Node 7...
[INFO] Shared ESS complementarity diagnostics for ESS node=7: ratio_max=2.581183e-05 n_periods=288 mu_final=4.740067e-09 s_obj=1.000000e-01 eps=1.000000e-03 bound=1.365139e-02 measured=8.000044e-03
[INFO] 			 - Node 9...
[INFO] Shared ESS complementarity diagnostics for ESS node=9: ratio_max=2.582272e-05 n_periods=288 mu_final=4.789700e-09 s_obj=1.000000e-01 eps=1.000000e-03 bound=1.379434e-02 measured=7.958126e-03
[INFO]		 - Primal residuals ok!
[INFO]		 - Dual residuals ok!
[RECOURSE JUMP] cycle=36 | abs_change=8.157553e+05 | tol=8.262301e+04 | signed_change=-8.157553e+05
[RECOURSE JUMP] Reconciliation | previous=8.262301e+08 | current=8.254144e+08 | block_delta=-8.157553e+05 | mismatch=-1.192093e-07
[RECOURSE JUMP] Aggregate signed changes:
  TSO | delta=-1.416718e+06
  DSO node=7 | delta=+2.682818e+05
  DSO node=5 | delta=+2.224455e+05
  DSO node=9 | delta=+1.102352e+05
  SALVAGE | delta=-1.000084e-35
[RECOURSE JUMP] Largest 10 block changes:
  TSO node=None year=2035 day=Summer | previous=6.813616e+07 | current=6.752488e+07 | delta=-6.112768e+05 | abs_delta=6.112768e+05
    [RECOURSE JUMP][TSO PROX] year=2035 day=Summer | V max=0.000564 | PF max=0.006282 | ESS max=0.000070
    [RECOURSE COMPONENTS] gen=-1.007447e+06 | flex=+3.961701e+05 | load_curt=+0.000000e+00 | res_curt=+0.000000e+00 | ess_usage=+0.000000e+00 | slacks=-1.102656e-08 | ess_comp=-3.657924e-03
    [SLACK COMPONENTS] voltage=-7.187246e-09 | node_P=+0.000000e+00 | node_Q=+0.000000e+00 | branch_ij=+0.000000e+00 | branch_ji=+0.000000e+00 | flex_P=-1.919655e-09 | flex_Q=-1.919655e-09
    [SLACK COMPONENT CHECK] classified_delta=-1.102656e-08 | objective_slack_delta=-1.102656e-08 | mismatch=+1.776357e-15
    [RECOURSE COMPONENT CHECK] classified_delta=-6.112768e+05 | block_delta=-6.112768e+05 | mismatch=-1.245644e-08
  TSO node=None year=2025 day=Spring | previous=7.891464e+07 | current=7.852745e+07 | delta=-3.871912e+05 | abs_delta=3.871912e+05
    [RECOURSE JUMP][TSO PROX] year=2025 day=Spring | V max=0.000091 | PF max=0.011101 | ESS max=0.000711
    [RECOURSE COMPONENTS] gen=-5.945613e+05 | flex=+2.073702e+05 | load_curt=+0.000000e+00 | res_curt=+0.000000e+00 | ess_usage=+0.000000e+00 | slacks=+4.349324e-09 | ess_comp=+7.358234e-04
    [SLACK COMPONENTS] voltage=+2.872447e-09 | node_P=+0.000000e+00 | node_Q=+0.000000e+00 | branch_ij=+0.000000e+00 | branch_ji=+0.000000e+00 | flex_P=+7.384386e-10 | flex_Q=+7.384386e-10
    [SLACK COMPONENT CHECK] classified_delta=+4.349324e-09 | objective_slack_delta=+4.349324e-09 | mismatch=+0.000000e+00
    [RECOURSE COMPONENT CHECK] classified_delta=-3.871912e+05 | block_delta=-3.871912e+05 | mismatch=-9.313226e-10
  TSO node=None year=2035 day=Spring | previous=6.214517e+07 | current=6.186334e+07 | delta=-2.818259e+05 | abs_delta=2.818259e+05
    [RECOURSE JUMP][TSO PROX] year=2035 day=Spring | V max=0.000143 | PF max=0.006749 | ESS max=0.000064
    [RECOURSE COMPONENTS] gen=-4.453342e+05 | flex=+1.635083e+05 | load_curt=+0.000000e+00 | res_curt=+0.000000e+00 | ess_usage=+0.000000e+00 | slacks=+2.114400e-07 | ess_comp=-4.978103e-03
    [SLACK COMPONENTS] voltage=+1.388556e-07 | node_P=+0.000000e+00 | node_Q=+0.000000e+00 | branch_ij=+0.000000e+00 | branch_ji=+0.000000e+00 | flex_P=+3.629218e-08 | flex_Q=+3.629218e-08
    [SLACK COMPONENT CHECK] classified_delta=+2.114400e-07 | objective_slack_delta=+2.114400e-07 | mismatch=-2.664535e-14
    [RECOURSE COMPONENT CHECK] classified_delta=-2.818259e+05 | block_delta=-2.818259e+05 | mismatch=+9.196810e-09
  DSO node=7 year=2025 day=Spring | previous=3.376488e+06 | current=3.527639e+06 | delta=+1.511513e+05 | abs_delta=1.511513e+05
    [RECOURSE COMPONENTS] gen=+0.000000e+00 | flex=+1.544024e+05 | load_curt=+0.000000e+00 | res_curt=-3.251139e+03 | ess_usage=+0.000000e+00 | slacks=-7.892841e-07 | ess_comp=+5.041849e-04
    [SLACK COMPONENTS] voltage=-6.640711e-07 | node_P=+0.000000e+00 | node_Q=+0.000000e+00 | branch_ij=+0.000000e+00 | branch_ji=+0.000000e+00 | flex_P=-1.252128e-07 | flex_Q=+0.000000e+00
    [SLACK COMPONENT CHECK] classified_delta=-7.892839e-07 | objective_slack_delta=-7.892841e-07 | mismatch=+1.634248e-13
    [RECOURSE COMPONENT CHECK] classified_delta=+1.511513e+05 | block_delta=+1.511513e+05 | mismatch=+5.529728e-10
  TSO node=None year=2030 day=Spring | previous=5.939144e+07 | current=5.924337e+07 | delta=-1.480654e+05 | abs_delta=1.480654e+05
    [RECOURSE JUMP][TSO PROX] year=2030 day=Spring | V max=0.000108 | PF max=0.005252 | ESS max=0.000046
    [RECOURSE COMPONENTS] gen=-2.115067e+05 | flex=+6.344127e+04 | load_curt=+0.000000e+00 | res_curt=+0.000000e+00 | ess_usage=+0.000000e+00 | slacks=-2.131628e-12 | ess_comp=+4.534060e-02
    [SLACK COMPONENTS] voltage=-2.138734e-12 | node_P=+0.000000e+00 | node_Q=+0.000000e+00 | branch_ij=+0.000000e+00 | branch_ji=+0.000000e+00 | flex_P=-4.440892e-16 | flex_Q=-4.440892e-16
    [SLACK COMPONENT CHECK] classified_delta=-2.139622e-12 | objective_slack_delta=-2.131628e-12 | mismatch=-7.993606e-15
    [RECOURSE COMPONENT CHECK] classified_delta=-1.480654e+05 | block_delta=-1.480654e+05 | mismatch=+1.615263e-08
  DSO node=5 year=2035 day=Summer | previous=7.015442e+06 | current=7.143413e+06 | delta=+1.279710e+05 | abs_delta=1.279710e+05
    [RECOURSE COMPONENTS] gen=+0.000000e+00 | flex=+1.279710e+05 | load_curt=+0.000000e+00 | res_curt=+2.360217e-02 | ess_usage=+0.000000e+00 | slacks=+6.206786e-06 | ess_comp=-2.172505e-03
    [SLACK COMPONENTS] voltage=+5.804452e-07 | node_P=+0.000000e+00 | node_Q=+0.000000e+00 | branch_ij=+0.000000e+00 | branch_ji=+0.000000e+00 | flex_P=+5.626341e-06 | flex_Q=+0.000000e+00
    [SLACK COMPONENT CHECK] classified_delta=+6.206786e-06 | objective_slack_delta=+6.206786e-06 | mismatch=-9.237056e-14
    [RECOURSE COMPONENT CHECK] classified_delta=+1.279710e+05 | block_delta=+1.279710e+05 | mismatch=+4.656613e-10
  DSO node=9 year=2035 day=Summer | previous=8.194645e+06 | current=8.319228e+06 | delta=+1.245825e+05 | abs_delta=1.245825e+05
    [RECOURSE COMPONENTS] gen=+0.000000e+00 | flex=+1.244252e+05 | load_curt=+0.000000e+00 | res_curt=+1.573284e+02 | ess_usage=+0.000000e+00 | slacks=+5.344957e-05 | ess_comp=-2.114309e-03
    [SLACK COMPONENTS] voltage=+1.790262e-05 | node_P=+0.000000e+00 | node_Q=+0.000000e+00 | branch_ij=+0.000000e+00 | branch_ji=+0.000000e+00 | flex_P=+3.554671e-05 | flex_Q=+2.386926e-10
    [SLACK COMPONENT CHECK] classified_delta=+5.344957e-05 | objective_slack_delta=+5.344957e-05 | mismatch=-2.096101e-13
    [RECOURSE COMPONENT CHECK] classified_delta=+1.245825e+05 | block_delta=+1.245825e+05 | mismatch=-1.018634e-10
  DSO node=7 year=2035 day=Summer | previous=4.506450e+06 | current=4.624520e+06 | delta=+1.180701e+05 | abs_delta=1.180701e+05
    [RECOURSE COMPONENTS] gen=+0.000000e+00 | flex=+1.196360e+05 | load_curt=+0.000000e+00 | res_curt=-1.565872e+03 | ess_usage=+0.000000e+00 | slacks=-1.765430e-06 | ess_comp=-2.175382e-03
    [SLACK COMPONENTS] voltage=-1.596938e-06 | node_P=+0.000000e+00 | node_Q=+0.000000e+00 | branch_ij=+0.000000e+00 | branch_ji=+0.000000e+00 | flex_P=-1.684921e-07 | flex_Q=+0.000000e+00
    [SLACK COMPONENT CHECK] classified_delta=-1.765430e-06 | objective_slack_delta=-1.765430e-06 | mismatch=-8.171241e-14
    [RECOURSE COMPONENT CHECK] classified_delta=+1.180701e+05 | block_delta=+1.180701e+05 | mismatch=+5.384209e-10
  TSO node=None year=2025 day=Summer | previous=9.172600e+07 | current=9.181061e+07 | delta=+8.461227e+04 | abs_delta=8.461227e+04
    [RECOURSE JUMP][TSO PROX] year=2025 day=Summer | V max=0.000132 | PF max=0.006482 | ESS max=0.000643
    [RECOURSE COMPONENTS] gen=+2.487255e+05 | flex=-1.641132e+05 | load_curt=+0.000000e+00 | res_curt=+0.000000e+00 | ess_usage=+0.000000e+00 | slacks=+7.005951e-12 | ess_comp=-1.331528e-04
    [SLACK COMPONENTS] voltage=+6.998846e-12 | node_P=+0.000000e+00 | node_Q=+0.000000e+00 | branch_ij=+0.000000e+00 | branch_ji=+0.000000e+00 | flex_P=+0.000000e+00 | flex_Q=+0.000000e+00
    [SLACK COMPONENT CHECK] classified_delta=+6.998846e-12 | objective_slack_delta=+7.005951e-12 | mismatch=-7.105427e-15
    [RECOURSE COMPONENT CHECK] classified_delta=+8.461227e+04 | block_delta=+8.461227e+04 | mismatch=-9.982614e-09
  DSO node=9 year=2025 day=Summer | previous=3.207785e+06 | current=3.125759e+06 | delta=-8.202582e+04 | abs_delta=8.202582e+04
    [RECOURSE COMPONENTS] gen=+0.000000e+00 | flex=-8.202471e+04 | load_curt=+0.000000e+00 | res_curt=-1.112990e+00 | ess_usage=+0.000000e+00 | slacks=-1.852493e-05 | ess_comp=+2.635341e-03
    [SLACK COMPONENTS] voltage=+8.853648e-07 | node_P=+0.000000e+00 | node_Q=+0.000000e+00 | branch_ij=+0.000000e+00 | branch_ji=+0.000000e+00 | flex_P=-1.941030e-05 | flex_Q=+0.000000e+00
    [SLACK COMPONENT CHECK] classified_delta=-1.852493e-05 | objective_slack_delta=-1.852493e-05 | mismatch=+8.526513e-14
    [RECOURSE COMPONENT CHECK] classified_delta=-8.202582e+04 | block_delta=-8.202582e+04 | mismatch=+6.111804e-10
[INFO]		 - Recourse stationarity failed. 815755.269000 > 82623.014401
[ADMM RHO] V | primal max ratio=0.028 | primal mean ratio=0.003 | primal selected=0.028 | dual mean ratio=0.010 | increase threshold=5.0 | decrease threshold=5.0 | action=held
[ADMM RHO] PF | primal max ratio=0.449 | primal mean ratio=0.062 | primal selected=0.449 | dual mean ratio=0.268 | increase threshold=5.0 | decrease threshold=3.0 | action=held
[ADMM RHO] ESS | primal max ratio=0.014 | primal mean ratio=0.013 | primal selected=0.014 | dual mean ratio=0.009 | increase threshold=5.0 | decrease threshold=5.0 | action=held
[INFO]		 - ADMM cycle 36 | Primal (V max/mean | PF max/mean | ESS max/mean) = 0.000279/0.000003 | 0.004492/0.000062 | 0.001422/0.000131 | Dual (V max/mean | PF max/mean | ESS max/mean) = 0.001279/0.000104 | 0.057753/0.002680 | 0.003656/0.000086 | Recourse change = 815755.269000 (tol. 82623.014401) | Stable cycles = 0/1 | Penalty actions (V/PF/ESS) = held/held/held
[INFO] 	 - Iteration 36: 30.69 s
[INFO] 	 - ADMM Iteration 37
[INFO] 		 - Updating distribution networks:
[INFO] 			 - Running SMOPF, Network case33_1, 2025, Spring...
[INFO] 			 - Running SMOPF, Network case33_1, 2025, Summer...
[INFO] 			 - Running SMOPF, Network case33_1, 2025, Autumn...
[INFO] 			 - Running SMOPF, Network case33_1, 2025, Winter...
[INFO] 			 - Running SMOPF, Network case33_1, 2030, Spring...
[INFO] 			 - Running SMOPF, Network case33_1, 2030, Summer...
[INFO] 			 - Running SMOPF, Network case33_1, 2030, Autumn...
[INFO] 			 - Running SMOPF, Network case33_1, 2030, Winter...
[INFO] 			 - Running SMOPF, Network case33_1, 2035, Spring...
[INFO] 			 - Running SMOPF, Network case33_1, 2035, Summer...
[INFO] 			 - Running SMOPF, Network case33_1, 2035, Autumn...
[INFO] 			 - Running SMOPF, Network case33_1, 2035, Winter...
[INFO] 			 - Running SMOPF, Network case33_2, 2025, Spring...
[INFO] 			 - Running SMOPF, Network case33_2, 2025, Summer...
[INFO] 			 - Running SMOPF, Network case33_2, 2025, Autumn...
[INFO] 			 - Running SMOPF, Network case33_2, 2025, Winter...
[INFO] 			 - Running SMOPF, Network case33_2, 2030, Spring...
[INFO] 			 - Running SMOPF, Network case33_2, 2030, Summer...
[INFO] 			 - Running SMOPF, Network case33_2, 2030, Autumn...
[INFO] 			 - Running SMOPF, Network case33_2, 2030, Winter...
[INFO] 			 - Running SMOPF, Network case33_2, 2035, Spring...
[INFO] 			 - Running SMOPF, Network case33_2, 2035, Summer...
[INFO] 			 - Running SMOPF, Network case33_2, 2035, Autumn...
[INFO] 			 - Running SMOPF, Network case33_2, 2035, Winter...
[INFO] 			 - Running SMOPF, Network case33_3, 2025, Spring...
[INFO] 			 - Running SMOPF, Network case33_3, 2025, Summer...
[INFO] 			 - Running SMOPF, Network case33_3, 2025, Autumn...
[INFO] 			 - Running SMOPF, Network case33_3, 2025, Winter...
[INFO] 			 - Running SMOPF, Network case33_3, 2030, Spring...
[INFO] 			 - Running SMOPF, Network case33_3, 2030, Summer...
[INFO] 			 - Running SMOPF, Network case33_3, 2030, Autumn...
[INFO] 			 - Running SMOPF, Network case33_3, 2030, Winter...
[INFO] 			 - Running SMOPF, Network case33_3, 2035, Spring...
[INFO] 			 - Running SMOPF, Network case33_3, 2035, Summer...
[INFO] 			 - Running SMOPF, Network case33_3, 2035, Autumn...
[INFO] 			 - Running SMOPF, Network case33_3, 2035, Winter...
[INFO] 		 - Updating transmission network...
[INFO] 			 - Running SMOPF, Network case9, 2025, Spring...
[INFO] 			 - Running SMOPF, Network case9, 2025, Summer...
[INFO] 			 - Running SMOPF, Network case9, 2025, Autumn...
[INFO] 			 - Running SMOPF, Network case9, 2025, Winter...
[INFO] 			 - Running SMOPF, Network case9, 2030, Spring...
[INFO] 			 - Running SMOPF, Network case9, 2030, Summer...
[INFO] 			 - Running SMOPF, Network case9, 2030, Autumn...
[INFO] 			 - Running SMOPF, Network case9, 2030, Winter...
[INFO] 			 - Running SMOPF, Network case9, 2035, Spring...
[INFO] 			 - Running SMOPF, Network case9, 2035, Summer...
[INFO] 			 - Running SMOPF, Network case9, 2035, Autumn...
[INFO] 			 - Running SMOPF, Network case9, 2035, Winter...
[TSO PROX] cycle=37 | updated_blocks=12 | held_failed_blocks=0 | V max=0.000627 | PF max=0.008916 | ESS max=0.000718
[TSO PROX][V MAX] node=5, year=2035, day=Summer, period=15 | dV=0.216229 kV | normalized=0.000627
[TSO PROX][PF MAX] node=7, year=2025, day=Spring, period=23, type=P | delta=0.891591 MW | normalized=0.008916
[TSO PROX][ESS MAX] node=7, year=2025, day=Spring, period=3, type=P | delta=0.001391 MW | normalized=0.000718
[INFO] 		 - Updating SharedESS...
[INFO] 		 - Running Shared ESS optimization (subproblem)...
[INFO] 			 - Node 5...
[INFO] Shared ESS complementarity diagnostics for ESS node=5: ratio_max=2.581207e-05 n_periods=288 mu_final=4.818789e-09 s_obj=1.000000e-01 eps=1.000000e-03 bound=1.387811e-02 measured=8.023644e-03
[INFO] 			 - Node 7...
[INFO] Shared ESS complementarity diagnostics for ESS node=7: ratio_max=2.583196e-05 n_periods=288 mu_final=4.776267e-09 s_obj=1.000000e-01 eps=1.000000e-03 bound=1.375565e-02 measured=8.061817e-03
[INFO] 			 - Node 9...
[INFO] Shared ESS complementarity diagnostics for ESS node=9: ratio_max=2.578053e-05 n_periods=288 mu_final=4.816407e-09 s_obj=1.000000e-01 eps=1.000000e-03 bound=1.387125e-02 measured=8.017677e-03
[INFO]		 - Primal residuals ok!
[INFO]		 - Dual residuals ok!
[RECOURSE JUMP] cycle=37 | abs_change=6.450374e+05 | tol=8.254144e+04 | signed_change=-6.450374e+05
[RECOURSE JUMP] Reconciliation | previous=8.254144e+08 | current=8.247694e+08 | block_delta=-6.450374e+05 | mismatch=+3.576279e-07
[RECOURSE JUMP] Aggregate signed changes:
  TSO | delta=-9.972638e+05
  DSO node=7 | delta=+1.697799e+05
  DSO node=5 | delta=+1.470227e+05
  DSO node=9 | delta=+3.542377e+04
  SALVAGE | delta=+1.122602e-36
[RECOURSE JUMP] Largest 10 block changes:
  TSO node=None year=2035 day=Summer | previous=6.752488e+07 | current=6.715768e+07 | delta=-3.672002e+05 | abs_delta=3.672002e+05
    [RECOURSE JUMP][TSO PROX] year=2035 day=Summer | V max=0.000627 | PF max=0.006857 | ESS max=0.000039
    [RECOURSE COMPONENTS] gen=-5.938729e+05 | flex=+2.266727e+05 | load_curt=+0.000000e+00 | res_curt=+0.000000e+00 | ess_usage=+0.000000e+00 | slacks=-2.622942e-08 | ess_comp=-2.664069e-03
    [SLACK COMPONENTS] voltage=-1.713214e-08 | node_P=+0.000000e+00 | node_Q=+0.000000e+00 | branch_ij=+0.000000e+00 | branch_ji=+0.000000e+00 | flex_P=-4.548641e-09 | flex_Q=-4.548641e-09
    [SLACK COMPONENT CHECK] classified_delta=-2.622942e-08 | objective_slack_delta=-2.622942e-08 | mismatch=+3.552714e-15
    [RECOURSE COMPONENT CHECK] classified_delta=-3.672002e+05 | block_delta=-3.672002e+05 | mismatch=+8.963980e-09
  TSO node=None year=2025 day=Spring | previous=7.852745e+07 | current=7.828298e+07 | delta=-2.444673e+05 | abs_delta=2.444673e+05
    [RECOURSE JUMP][TSO PROX] year=2025 day=Spring | V max=0.000091 | PF max=0.008916 | ESS max=0.000718
    [RECOURSE COMPONENTS] gen=-3.665139e+05 | flex=+1.220465e+05 | load_curt=+0.000000e+00 | res_curt=+0.000000e+00 | ess_usage=+0.000000e+00 | slacks=+8.568016e-09 | ess_comp=+1.769677e-03
    [SLACK COMPONENTS] voltage=+5.658421e-09 | node_P=+0.000000e+00 | node_Q=+0.000000e+00 | branch_ij=+0.000000e+00 | branch_ji=+0.000000e+00 | flex_P=+1.454799e-09 | flex_Q=+1.454799e-09
    [SLACK COMPONENT CHECK] classified_delta=+8.568020e-09 | objective_slack_delta=+8.568016e-09 | mismatch=+4.440892e-15
    [RECOURSE COMPONENT CHECK] classified_delta=-2.444673e+05 | block_delta=-2.444673e+05 | mismatch=+1.455192e-09
  TSO node=None year=2035 day=Spring | previous=6.186334e+07 | current=6.162428e+07 | delta=-2.390618e+05 | abs_delta=2.390618e+05
    [RECOURSE JUMP][TSO PROX] year=2035 day=Spring | V max=0.000141 | PF max=0.006835 | ESS max=0.000115
    [RECOURSE COMPONENTS] gen=-3.852478e+05 | flex=+1.461860e+05 | load_curt=+0.000000e+00 | res_curt=+0.000000e+00 | ess_usage=+0.000000e+00 | slacks=-1.510877e-06 | ess_comp=+5.886582e-04
    [SLACK COMPONENTS] voltage=-9.918031e-07 | node_P=+0.000000e+00 | node_Q=+0.000000e+00 | branch_ij=+0.000000e+00 | branch_ji=+0.000000e+00 | flex_P=-2.595371e-07 | flex_Q=-2.595371e-07
    [SLACK COMPONENT CHECK] classified_delta=-1.510877e-06 | objective_slack_delta=-1.510877e-06 | mismatch=+2.664535e-15
    [RECOURSE COMPONENT CHECK] classified_delta=-2.390618e+05 | block_delta=-2.390618e+05 | mismatch=-1.426088e-08
  TSO node=None year=2030 day=Spring | previous=5.924337e+07 | current=5.907274e+07 | delta=-1.706335e+05 | abs_delta=1.706335e+05
    [RECOURSE JUMP][TSO PROX] year=2030 day=Spring | V max=0.000105 | PF max=0.005131 | ESS max=0.000066
    [RECOURSE COMPONENTS] gen=-2.463994e+05 | flex=+7.576596e+04 | load_curt=+0.000000e+00 | res_curt=+0.000000e+00 | ess_usage=+0.000000e+00 | slacks=-2.103206e-12 | ess_comp=+3.634958e-02
    [SLACK COMPONENTS] voltage=-2.067679e-12 | node_P=+0.000000e+00 | node_Q=+0.000000e+00 | branch_ij=+0.000000e+00 | branch_ji=+0.000000e+00 | flex_P=-5.329071e-15 | flex_Q=-5.329071e-15
    [SLACK COMPONENT CHECK] classified_delta=-2.078338e-12 | objective_slack_delta=-2.103206e-12 | mismatch=+2.486900e-14
    [RECOURSE COMPONENT CHECK] classified_delta=-1.706335e+05 | block_delta=-1.706335e+05 | mismatch=-1.018634e-08
  DSO node=7 year=2035 day=Summer | previous=4.624520e+06 | current=4.717003e+06 | delta=+9.248315e+04 | abs_delta=9.248315e+04
    [RECOURSE COMPONENTS] gen=+0.000000e+00 | flex=+9.249977e+04 | load_curt=+0.000000e+00 | res_curt=-1.662560e+01 | ess_usage=+0.000000e+00 | slacks=+1.400289e-05 | ess_comp=-1.281235e-03
    [SLACK COMPONENTS] voltage=+7.773200e-06 | node_P=+0.000000e+00 | node_Q=+0.000000e+00 | branch_ij=+0.000000e+00 | branch_ji=+0.000000e+00 | flex_P=+6.229165e-06 | flex_Q=+5.224514e-10
    [SLACK COMPONENT CHECK] classified_delta=+1.400289e-05 | objective_slack_delta=+1.400289e-05 | mismatch=-6.039613e-14
    [RECOURSE COMPONENT CHECK] classified_delta=+9.248315e+04 | block_delta=+9.248315e+04 | mismatch=-6.548362e-10
  DSO node=5 year=2035 day=Summer | previous=7.143413e+06 | current=7.223865e+06 | delta=+8.045215e+04 | abs_delta=8.045215e+04
    [RECOURSE COMPONENTS] gen=+0.000000e+00 | flex=+8.045513e+04 | load_curt=+0.000000e+00 | res_curt=-2.977838e+00 | ess_usage=+0.000000e+00 | slacks=+2.551247e-05 | ess_comp=-1.219092e-03
    [SLACK COMPONENTS] voltage=+2.742262e-06 | node_P=+0.000000e+00 | node_Q=+0.000000e+00 | branch_ij=+0.000000e+00 | branch_ji=+0.000000e+00 | flex_P=+2.277021e-05 | flex_Q=+0.000000e+00
    [SLACK COMPONENT CHECK] classified_delta=+2.551247e-05 | objective_slack_delta=+2.551247e-05 | mismatch=-7.105427e-15
    [RECOURSE COMPONENT CHECK] classified_delta=+8.045215e+04 | block_delta=+8.045215e+04 | mismatch=-5.675247e-10
  DSO node=9 year=2025 day=Summer | previous=3.125759e+06 | current=3.046305e+06 | delta=-7.945443e+04 | abs_delta=7.945443e+04
    [RECOURSE COMPONENTS] gen=+0.000000e+00 | flex=-7.945188e+04 | load_curt=+0.000000e+00 | res_curt=-2.519264e+00 | ess_usage=+0.000000e+00 | slacks=-1.020739e-05 | ess_comp=-3.187369e-02
    [SLACK COMPONENTS] voltage=-4.471461e-07 | node_P=+0.000000e+00 | node_Q=+0.000000e+00 | branch_ij=+0.000000e+00 | branch_ji=+0.000000e+00 | flex_P=-9.760243e-06 | flex_Q=+0.000000e+00
    [SLACK COMPONENT CHECK] classified_delta=-1.020739e-05 | objective_slack_delta=-1.020739e-05 | mismatch=+2.842171e-14
    [RECOURSE COMPONENT CHECK] classified_delta=-7.945443e+04 | block_delta=-7.945443e+04 | mismatch=-5.238689e-10
  DSO node=7 year=2025 day=Spring | previous=3.527639e+06 | current=3.602426e+06 | delta=+7.478652e+04 | abs_delta=7.478652e+04
    [RECOURSE COMPONENTS] gen=+0.000000e+00 | flex=+7.479552e+04 | load_curt=+0.000000e+00 | res_curt=-9.003297e+00 | ess_usage=+0.000000e+00 | slacks=+6.350204e-05 | ess_comp=+7.933943e-04
    [SLACK COMPONENTS] voltage=+1.787931e-05 | node_P=+0.000000e+00 | node_Q=+0.000000e+00 | branch_ij=+0.000000e+00 | branch_ji=+0.000000e+00 | flex_P=+4.562273e-05 | flex_Q=+0.000000e+00
    [SLACK COMPONENT CHECK] classified_delta=+6.350204e-05 | objective_slack_delta=+6.350204e-05 | mismatch=+2.486900e-14
    [RECOURSE COMPONENT CHECK] classified_delta=+7.478652e+04 | block_delta=+7.478652e+04 | mismatch=-3.783498e-10
  TSO node=None year=2025 day=Summer | previous=9.181061e+07 | current=9.187721e+07 | delta=+6.659775e+04 | abs_delta=6.659775e+04
    [RECOURSE JUMP][TSO PROX] year=2025 day=Summer | V max=0.000132 | PF max=0.006562 | ESS max=0.000643
    [RECOURSE COMPONENTS] gen=+2.146554e+05 | flex=-1.480577e+05 | load_curt=+0.000000e+00 | res_curt=+0.000000e+00 | ess_usage=+0.000000e+00 | slacks=+6.806999e-12 | ess_comp=-1.140872e-04
    [SLACK COMPONENTS] voltage=+6.806999e-12 | node_P=+0.000000e+00 | node_Q=+0.000000e+00 | branch_ij=+0.000000e+00 | branch_ji=+0.000000e+00 | flex_P=+0.000000e+00 | flex_Q=+0.000000e+00
    [SLACK COMPONENT CHECK] classified_delta=+6.806999e-12 | objective_slack_delta=+6.806999e-12 | mismatch=+0.000000e+00
    [RECOURSE COMPONENT CHECK] classified_delta=+6.659775e+04 | block_delta=+6.659775e+04 | mismatch=+2.121669e-08
  TSO node=None year=2035 day=Autumn | previous=3.502122e+07 | current=3.495610e+07 | delta=-6.511914e+04 | abs_delta=6.511914e+04
    [RECOURSE JUMP][TSO PROX] year=2035 day=Autumn | V max=0.000126 | PF max=0.003679 | ESS max=0.000377
    [RECOURSE COMPONENTS] gen=-1.188716e+05 | flex=+5.557529e+04 | load_curt=+0.000000e+00 | res_curt=+0.000000e+00 | ess_usage=+0.000000e+00 | slacks=-4.751058e-08 | ess_comp=-1.822841e+03
    [SLACK COMPONENTS] voltage=-3.123776e-08 | node_P=+0.000000e+00 | node_Q=+0.000000e+00 | branch_ij=+0.000000e+00 | branch_ji=+0.000000e+00 | flex_P=-8.136414e-09 | flex_Q=-8.136414e-09
    [SLACK COMPONENT CHECK] classified_delta=-4.751059e-08 | objective_slack_delta=-4.751058e-08 | mismatch=-1.421085e-14
    [RECOURSE COMPONENT CHECK] classified_delta=-6.511914e+04 | block_delta=-6.511914e+04 | mismatch=-3.667083e-09
[INFO]		 - Recourse stationarity failed. 645037.392060 > 82541.438874
[ADMM RHO] V | primal max ratio=0.006 | primal mean ratio=0.002 | primal selected=0.006 | dual mean ratio=0.010 | increase threshold=5.0 | decrease threshold=5.0 | action=held
[ADMM RHO] PF | primal max ratio=0.216 | primal mean ratio=0.057 | primal selected=0.216 | dual mean ratio=0.237 | increase threshold=5.0 | decrease threshold=3.0 | action=held
[ADMM RHO] ESS | primal max ratio=0.015 | primal mean ratio=0.013 | primal selected=0.015 | dual mean ratio=0.008 | increase threshold=5.0 | decrease threshold=5.0 | action=held
[INFO]		 - ADMM cycle 37 | Primal (V max/mean | PF max/mean | ESS max/mean) = 0.000063/0.000002 | 0.002160/0.000057 | 0.001459/0.000131 | Dual (V max/mean | PF max/mean | ESS max/mean) = 0.001896/0.000104 | 0.046385/0.002368 | 0.003656/0.000077 | Recourse change = 645037.392060 (tol. 82541.438874) | Stable cycles = 0/1 | Penalty actions (V/PF/ESS) = held/held/held
[INFO] 	 - Iteration 37: 32.43 s
[INFO] 	 - ADMM Iteration 38
[INFO] 		 - Updating distribution networks:
[INFO] 			 - Running SMOPF, Network case33_1, 2025, Spring...
[INFO] 			 - Running SMOPF, Network case33_1, 2025, Summer...
[INFO] 			 - Running SMOPF, Network case33_1, 2025, Autumn...
[INFO] 			 - Running SMOPF, Network case33_1, 2025, Winter...
[INFO] 			 - Running SMOPF, Network case33_1, 2030, Spring...
[INFO] 			 - Running SMOPF, Network case33_1, 2030, Summer...
[INFO] 			 - Running SMOPF, Network case33_1, 2030, Autumn...
[INFO] 			 - Running SMOPF, Network case33_1, 2030, Winter...
[INFO] 			 - Running SMOPF, Network case33_1, 2035, Spring...
[INFO] 			 - Running SMOPF, Network case33_1, 2035, Summer...
[INFO] 			 - Running SMOPF, Network case33_1, 2035, Autumn...
[INFO] 			 - Running SMOPF, Network case33_1, 2035, Winter...
[INFO] 			 - Running SMOPF, Network case33_2, 2025, Spring...
[INFO] 			 - Running SMOPF, Network case33_2, 2025, Summer...
[INFO] 			 - Running SMOPF, Network case33_2, 2025, Autumn...
[INFO] 			 - Running SMOPF, Network case33_2, 2025, Winter...
[INFO] 			 - Running SMOPF, Network case33_2, 2030, Spring...
[INFO] 			 - Running SMOPF, Network case33_2, 2030, Summer...
[INFO] 			 - Running SMOPF, Network case33_2, 2030, Autumn...
[INFO] 			 - Running SMOPF, Network case33_2, 2030, Winter...
[INFO] 			 - Running SMOPF, Network case33_2, 2035, Spring...
[INFO] 			 - Running SMOPF, Network case33_2, 2035, Summer...
[INFO] 			 - Running SMOPF, Network case33_2, 2035, Autumn...
[WARNING] Network primary solve did not converge for case33_2, year=2035, day=Autumn: status=warning, termination=maxIterations, message=Ipopt 3.14.18\x3a Maximum Number of Iterations Exceeded. | warm_start=True
[WARNING] ADMM penalties for case33_2, year=2035, day=Autumn: rho_v=2.25, rho_pf=5.20246, rho_ess=1
[WARNING] IPOPT primary solve log for case33_2, year=2035, day=Autumn: /Users/micaelsimoes/Projects/share-resource-planning-no_esso-degradation/data/SRP1/Results/P56A/evals/p515a_candidate1_rewired/logs/optim_log_case33_2_2035_Autumn.log
[INFO] Retrying network solve once for case33_2, year=2035, day=Autumn, cold start, with warm_start_init_point=no.
[WARNING] Network recovery solve did not converge for case33_2, year=2035, day=Autumn: status=warning, termination=maxIterations, message=Ipopt 3.14.18\x3a Maximum Number of Iterations Exceeded. | warm_start=False
[WARNING] ADMM penalties for case33_2, year=2035, day=Autumn: rho_v=2.25, rho_pf=5.20246, rho_ess=1
[WARNING] IPOPT recovery solve log for case33_2, year=2035, day=Autumn: /Users/micaelsimoes/Projects/share-resource-planning-no_esso-degradation/data/SRP1/Results/P56A/evals/p515a_candidate1_rewired/logs/optim_log_case33_2_2035_Autumn_recovery.log
[DEBUG][FROZEN SMOPF] Capturing failure | node=7 | network=case33_2 | year=2035 | day=Autumn | cycle=38 | status=warning, termination=maxIterations, message=Ipopt 3.14.18\x3a Maximum Number of Iterations Exceeded.
[DEBUG][FROZEN SMOPF] Saved failing pre-solve block to /Users/micaelsimoes/Projects/share-resource-planning-no_esso-degradation/data/SRP1/Results/P515A/run_b/results/FrozenSMOPF/frozen_DSO_node7_case33_2_2035_Autumn_cycle38.pkl
[INFO] 			 - Running SMOPF, Network case33_2, 2035, Winter...
[WARNING] Distribution network node=7, network=case33_2, year=2035, day=Autumn did not converge: status=warning, termination=maxIterations, message=Ipopt 3.14.18\x3a Maximum Number of Iterations Exceeded.
[INFO] 			 - Running SMOPF, Network case33_3, 2025, Spring...
[INFO] 			 - Running SMOPF, Network case33_3, 2025, Summer...
[INFO] 			 - Running SMOPF, Network case33_3, 2025, Autumn...
[INFO] 			 - Running SMOPF, Network case33_3, 2025, Winter...
[INFO] 			 - Running SMOPF, Network case33_3, 2030, Spring...
[INFO] 			 - Running SMOPF, Network case33_3, 2030, Summer...
[INFO] 			 - Running SMOPF, Network case33_3, 2030, Autumn...
[INFO] 			 - Running SMOPF, Network case33_3, 2030, Winter...
[INFO] 			 - Running SMOPF, Network case33_3, 2035, Spring...
[INFO] 			 - Running SMOPF, Network case33_3, 2035, Summer...
[INFO] 			 - Running SMOPF, Network case33_3, 2035, Autumn...
[INFO] 			 - Running SMOPF, Network case33_3, 2035, Winter...
[INFO] 		 - Updating transmission network...
[INFO] 			 - Running SMOPF, Network case9, 2025, Spring...
[INFO] 			 - Running SMOPF, Network case9, 2025, Summer...
[INFO] 			 - Running SMOPF, Network case9, 2025, Autumn...
[INFO] 			 - Running SMOPF, Network case9, 2025, Winter...
[INFO] 			 - Running SMOPF, Network case9, 2030, Spring...
[INFO] 			 - Running SMOPF, Network case9, 2030, Summer...
[INFO] 			 - Running SMOPF, Network case9, 2030, Autumn...
[INFO] 			 - Running SMOPF, Network case9, 2030, Winter...
[INFO] 			 - Running SMOPF, Network case9, 2035, Spring...
[INFO] 			 - Running SMOPF, Network case9, 2035, Summer...
[INFO] 			 - Running SMOPF, Network case9, 2035, Autumn...
[INFO] 			 - Running SMOPF, Network case9, 2035, Winter...
[TSO PROX] cycle=38 | updated_blocks=12 | held_failed_blocks=0 | V max=0.000627 | PF max=0.007512 | ESS max=0.000721
[TSO PROX][V MAX] node=5, year=2035, day=Summer, period=15 | dV=0.216172 kV | normalized=0.000627
[TSO PROX][PF MAX] node=5, year=2035, day=Summer, period=14, type=P | delta=1.502302 MW | normalized=0.007512
[TSO PROX][ESS MAX] node=7, year=2025, day=Spring, period=3, type=P | delta=0.001396 MW | normalized=0.000721
[INFO] 		 - Updating SharedESS...
[INFO] 		 - Running Shared ESS optimization (subproblem)...
[INFO] 			 - Node 5...
[INFO] Shared ESS complementarity diagnostics for ESS node=5: ratio_max=2.570275e-05 n_periods=288 mu_final=4.850621e-09 s_obj=1.000000e-01 eps=1.000000e-03 bound=1.396979e-02 measured=8.090120e-03
[INFO] 			 - Node 7...
[INFO] Shared ESS complementarity diagnostics for ESS node=7: ratio_max=2.573061e-05 n_periods=288 mu_final=4.819400e-09 s_obj=1.000000e-01 eps=1.000000e-03 bound=1.387987e-02 measured=8.119733e-03
[INFO] 			 - Node 9...
[INFO] Shared ESS complementarity diagnostics for ESS node=9: ratio_max=2.570800e-05 n_periods=288 mu_final=4.836117e-09 s_obj=1.000000e-01 eps=1.000000e-03 bound=1.392802e-02 measured=8.085363e-03
[INFO]		 - Primal residuals ok!
[INFO]		 - Dual residuals ok!
[WARNING]		 - At least one local ADMM problem did not solve successfully.
[INFO]		 - Recourse stationarity unavailable after a failed local solve.
[ADMM RHO] V | primal max ratio=0.005 | primal mean ratio=0.002 | primal selected=0.005 | dual mean ratio=0.010 | increase threshold=5.0 | decrease threshold=5.0 | action=held after solver failure
[ADMM RHO] PF | primal max ratio=0.257 | primal mean ratio=0.054 | primal selected=0.257 | dual mean ratio=0.214 | increase threshold=5.0 | decrease threshold=3.0 | action=held after solver failure
[ADMM RHO] ESS | primal max ratio=0.037 | primal mean ratio=0.013 | primal selected=0.037 | dual mean ratio=0.007 | increase threshold=5.0 | decrease threshold=5.0 | action=held after solver failure
[INFO]		 - ADMM cycle 38 | Primal (V max/mean | PF max/mean | ESS max/mean) = 0.000051/0.000002 | 0.002567/0.000054 | 0.003654/0.000131 | Dual (V max/mean | PF max/mean | ESS max/mean) = 0.001552/0.000103 | 0.039159/0.002144 | 0.003656/0.000073 | Recourse change = N/A (tol. N/A) | Stable cycles = 0/1 | Penalty actions (V/PF/ESS) = held after solver failure/held after solver failure/held after solver failure
[INFO] 	 - Iteration 38: 37.01 s
[INFO] 	 - ADMM Iteration 39
[INFO] 		 - Updating distribution networks:
[INFO] 			 - Running SMOPF, Network case33_1, 2025, Spring...
[INFO] 			 - Running SMOPF, Network case33_1, 2025, Summer...
[INFO] 			 - Running SMOPF, Network case33_1, 2025, Autumn...
[INFO] 			 - Running SMOPF, Network case33_1, 2025, Winter...
[INFO] 			 - Running SMOPF, Network case33_1, 2030, Spring...
[INFO] 			 - Running SMOPF, Network case33_1, 2030, Summer...
[INFO] 			 - Running SMOPF, Network case33_1, 2030, Autumn...
[INFO] 			 - Running SMOPF, Network case33_1, 2030, Winter...
[INFO] 			 - Running SMOPF, Network case33_1, 2035, Spring...
[INFO] 			 - Running SMOPF, Network case33_1, 2035, Summer...
[INFO] 			 - Running SMOPF, Network case33_1, 2035, Autumn...
[INFO] 			 - Running SMOPF, Network case33_1, 2035, Winter...
[INFO] 			 - Running SMOPF, Network case33_2, 2025, Spring...
[INFO] 			 - Running SMOPF, Network case33_2, 2025, Summer...
[INFO] 			 - Running SMOPF, Network case33_2, 2025, Autumn...
[INFO] 			 - Running SMOPF, Network case33_2, 2025, Winter...
[INFO] 			 - Running SMOPF, Network case33_2, 2030, Spring...
[INFO] 			 - Running SMOPF, Network case33_2, 2030, Summer...
[INFO] 			 - Running SMOPF, Network case33_2, 2030, Autumn...
[INFO] 			 - Running SMOPF, Network case33_2, 2030, Winter...
[INFO] 			 - Running SMOPF, Network case33_2, 2035, Spring...
[INFO] 			 - Running SMOPF, Network case33_2, 2035, Summer...
[INFO] 			 - Running SMOPF, Network case33_2, 2035, Autumn...
[INFO] 			 - Running SMOPF, Network case33_2, 2035, Winter...
[INFO] 			 - Running SMOPF, Network case33_3, 2025, Spring...
[INFO] 			 - Running SMOPF, Network case33_3, 2025, Summer...
[INFO] 			 - Running SMOPF, Network case33_3, 2025, Autumn...
[INFO] 			 - Running SMOPF, Network case33_3, 2025, Winter...
[INFO] 			 - Running SMOPF, Network case33_3, 2030, Spring...
[INFO] 			 - Running SMOPF, Network case33_3, 2030, Summer...
[INFO] 			 - Running SMOPF, Network case33_3, 2030, Autumn...
[INFO] 			 - Running SMOPF, Network case33_3, 2030, Winter...
[INFO] 			 - Running SMOPF, Network case33_3, 2035, Spring...
[INFO] 			 - Running SMOPF, Network case33_3, 2035, Summer...
[INFO] 			 - Running SMOPF, Network case33_3, 2035, Autumn...
[INFO] 			 - Running SMOPF, Network case33_3, 2035, Winter...
[INFO] 		 - Updating transmission network...
[INFO] 			 - Running SMOPF, Network case9, 2025, Spring...
[INFO] 			 - Running SMOPF, Network case9, 2025, Summer...
[INFO] 			 - Running SMOPF, Network case9, 2025, Autumn...
[INFO] 			 - Running SMOPF, Network case9, 2025, Winter...
[INFO] 			 - Running SMOPF, Network case9, 2030, Spring...
[INFO] 			 - Running SMOPF, Network case9, 2030, Summer...
[INFO] 			 - Running SMOPF, Network case9, 2030, Autumn...
[INFO] 			 - Running SMOPF, Network case9, 2030, Winter...
[INFO] 			 - Running SMOPF, Network case9, 2035, Spring...
[INFO] 			 - Running SMOPF, Network case9, 2035, Summer...
[INFO] 			 - Running SMOPF, Network case9, 2035, Autumn...
[INFO] 			 - Running SMOPF, Network case9, 2035, Winter...
[TSO PROX] cycle=39 | updated_blocks=12 | held_failed_blocks=0 | V max=0.000565 | PF max=0.007980 | ESS max=0.000722
[TSO PROX][V MAX] node=5, year=2035, day=Summer, period=15 | dV=0.194940 kV | normalized=0.000565
[TSO PROX][PF MAX] node=5, year=2035, day=Summer, period=14, type=P | delta=1.596027 MW | normalized=0.007980
[TSO PROX][ESS MAX] node=7, year=2025, day=Spring, period=3, type=P | delta=0.001400 MW | normalized=0.000722
[INFO] 		 - Updating SharedESS...
[INFO] 		 - Running Shared ESS optimization (subproblem)...
[INFO] 			 - Node 5...
[INFO] Shared ESS complementarity diagnostics for ESS node=5: ratio_max=2.570696e-05 n_periods=288 mu_final=4.881758e-09 s_obj=1.000000e-01 eps=1.000000e-03 bound=1.405946e-02 measured=8.136693e-03
[INFO] 			 - Node 7...
[INFO] Shared ESS complementarity diagnostics for ESS node=7: ratio_max=2.582140e-05 n_periods=288 mu_final=4.873162e-09 s_obj=1.000000e-01 eps=1.000000e-03 bound=1.403471e-02 measured=8.165724e-03
[INFO] 			 - Node 9...
[INFO] Shared ESS complementarity diagnostics for ESS node=9: ratio_max=2.570767e-05 n_periods=288 mu_final=4.873538e-09 s_obj=1.000000e-01 eps=1.000000e-03 bound=1.403579e-02 measured=8.130281e-03
[INFO]		 - Primal residuals ok!
[INFO]		 - Dual residuals ok!
[INFO]		 - Recourse stationarity requires one previous successful cycle.
[ADMM RHO] V | primal max ratio=0.008 | primal mean ratio=0.001 | primal selected=0.008 | dual mean ratio=0.010 | increase threshold=5.0 | decrease threshold=5.0 | action=held
[ADMM RHO] PF | primal max ratio=0.146 | primal mean ratio=0.039 | primal selected=0.146 | dual mean ratio=0.207 | increase threshold=5.0 | decrease threshold=3.0 | action=held
[ADMM RHO] ESS | primal max ratio=0.015 | primal mean ratio=0.012 | primal selected=0.015 | dual mean ratio=0.007 | increase threshold=5.0 | decrease threshold=5.0 | action=held
[INFO]		 - ADMM cycle 39 | Primal (V max/mean | PF max/mean | ESS max/mean) = 0.000082/0.000001 | 0.001465/0.000039 | 0.001454/0.000122 | Dual (V max/mean | PF max/mean | ESS max/mean) = 0.001409/0.000103 | 0.041516/0.002070 | 0.003673/0.000073 | Recourse change = N/A (tol. N/A) | Stable cycles = 0/1 | Penalty actions (V/PF/ESS) = held/held/held
[INFO] 	 - Iteration 39: 32.34 s
[INFO] 	 - ADMM Iteration 40
[INFO] 		 - Updating distribution networks:
[INFO] 			 - Running SMOPF, Network case33_1, 2025, Spring...
[INFO] 			 - Running SMOPF, Network case33_1, 2025, Summer...
[INFO] 			 - Running SMOPF, Network case33_1, 2025, Autumn...
[INFO] 			 - Running SMOPF, Network case33_1, 2025, Winter...
[INFO] 			 - Running SMOPF, Network case33_1, 2030, Spring...
[INFO] 			 - Running SMOPF, Network case33_1, 2030, Summer...
[INFO] 			 - Running SMOPF, Network case33_1, 2030, Autumn...
[INFO] 			 - Running SMOPF, Network case33_1, 2030, Winter...
[INFO] 			 - Running SMOPF, Network case33_1, 2035, Spring...
[INFO] 			 - Running SMOPF, Network case33_1, 2035, Summer...
[INFO] 			 - Running SMOPF, Network case33_1, 2035, Autumn...
[INFO] 			 - Running SMOPF, Network case33_1, 2035, Winter...
[INFO] 			 - Running SMOPF, Network case33_2, 2025, Spring...
[INFO] 			 - Running SMOPF, Network case33_2, 2025, Summer...
[INFO] 			 - Running SMOPF, Network case33_2, 2025, Autumn...
[INFO] 			 - Running SMOPF, Network case33_2, 2025, Winter...
[INFO] 			 - Running SMOPF, Network case33_2, 2030, Spring...
[INFO] 			 - Running SMOPF, Network case33_2, 2030, Summer...
[INFO] 			 - Running SMOPF, Network case33_2, 2030, Autumn...
[INFO] 			 - Running SMOPF, Network case33_2, 2030, Winter...
[INFO] 			 - Running SMOPF, Network case33_2, 2035, Spring...
[INFO] 			 - Running SMOPF, Network case33_2, 2035, Summer...
[INFO] 			 - Running SMOPF, Network case33_2, 2035, Autumn...
[INFO] 			 - Running SMOPF, Network case33_2, 2035, Winter...
[INFO] 			 - Running SMOPF, Network case33_3, 2025, Spring...
[INFO] 			 - Running SMOPF, Network case33_3, 2025, Summer...
[INFO] 			 - Running SMOPF, Network case33_3, 2025, Autumn...
[INFO] 			 - Running SMOPF, Network case33_3, 2025, Winter...
[INFO] 			 - Running SMOPF, Network case33_3, 2030, Spring...
[INFO] 			 - Running SMOPF, Network case33_3, 2030, Summer...
[INFO] 			 - Running SMOPF, Network case33_3, 2030, Autumn...
[INFO] 			 - Running SMOPF, Network case33_3, 2030, Winter...
[INFO] 			 - Running SMOPF, Network case33_3, 2035, Spring...
[INFO] 			 - Running SMOPF, Network case33_3, 2035, Summer...
[INFO] 			 - Running SMOPF, Network case33_3, 2035, Autumn...
[INFO] 			 - Running SMOPF, Network case33_3, 2035, Winter...
[INFO] 		 - Updating transmission network...
[INFO] 			 - Running SMOPF, Network case9, 2025, Spring...
[INFO] 			 - Running SMOPF, Network case9, 2025, Summer...
[INFO] 			 - Running SMOPF, Network case9, 2025, Autumn...
[INFO] 			 - Running SMOPF, Network case9, 2025, Winter...
[INFO] 			 - Running SMOPF, Network case9, 2030, Spring...
[INFO] 			 - Running SMOPF, Network case9, 2030, Summer...
[INFO] 			 - Running SMOPF, Network case9, 2030, Autumn...
[INFO] 			 - Running SMOPF, Network case9, 2030, Winter...
[INFO] 			 - Running SMOPF, Network case9, 2035, Spring...
[INFO] 			 - Running SMOPF, Network case9, 2035, Summer...
[INFO] 			 - Running SMOPF, Network case9, 2035, Autumn...
[INFO] 			 - Running SMOPF, Network case9, 2035, Winter...
[TSO PROX] cycle=40 | updated_blocks=12 | held_failed_blocks=0 | V max=0.001028 | PF max=0.006557 | ESS max=0.000724
[TSO PROX][V MAX] node=5, year=2035, day=Summer, period=14 | dV=0.354582 kV | normalized=0.001028
[TSO PROX][PF MAX] node=7, year=2025, day=Spring, period=23, type=P | delta=0.655684 MW | normalized=0.006557
[TSO PROX][ESS MAX] node=7, year=2025, day=Spring, period=3, type=P | delta=0.001402 MW | normalized=0.000724
[INFO] 		 - Updating SharedESS...
[INFO] 		 - Running Shared ESS optimization (subproblem)...
[INFO] 			 - Node 5...
[INFO] Shared ESS complementarity diagnostics for ESS node=5: ratio_max=2.570740e-05 n_periods=288 mu_final=4.908853e-09 s_obj=1.000000e-01 eps=1.000000e-03 bound=1.413750e-02 measured=8.064221e-03
[INFO] 			 - Node 7...
[INFO] Shared ESS complementarity diagnostics for ESS node=7: ratio_max=2.573580e-05 n_periods=288 mu_final=4.917352e-09 s_obj=1.000000e-01 eps=1.000000e-03 bound=1.416197e-02 measured=8.083735e-03
[INFO] 			 - Node 9...
[INFO] Shared ESS complementarity diagnostics for ESS node=9: ratio_max=2.578682e-05 n_periods=288 mu_final=4.907685e-09 s_obj=1.000000e-01 eps=1.000000e-03 bound=1.413413e-02 measured=8.074737e-03
[INFO]		 - Primal residuals ok!
[INFO]		 - Dual residuals ok!
[RECOURSE JUMP] cycle=40 | abs_change=3.393430e+05 | tol=8.239449e+04 | signed_change=-3.393430e+05
[RECOURSE JUMP] Reconciliation | previous=8.239449e+08 | current=8.236056e+08 | block_delta=-3.393430e+05 | mismatch=-2.384186e-07
[RECOURSE JUMP] Aggregate signed changes:
  TSO | delta=-4.025590e+05
  DSO node=5 | delta=+7.049981e+04
  DSO node=9 | delta=-3.702973e+04
  DSO node=7 | delta=+2.974591e+04
  SALVAGE | delta=+3.498404e-36
[RECOURSE JUMP] Largest 10 block changes:
  TSO node=None year=2035 day=Spring | previous=6.120683e+07 | current=6.103492e+07 | delta=-1.719111e+05 | abs_delta=1.719111e+05
    [RECOURSE JUMP][TSO PROX] year=2035 day=Spring | V max=0.000120 | PF max=0.005239 | ESS max=0.000042
    [RECOURSE COMPONENTS] gen=-2.821893e+05 | flex=+1.102781e+05 | load_curt=+0.000000e+00 | res_curt=+0.000000e+00 | ess_usage=+0.000000e+00 | slacks=-5.850634e-08 | ess_comp=+1.205082e-01
    [SLACK COMPONENTS] voltage=-3.841568e-08 | node_P=+0.000000e+00 | node_Q=+0.000000e+00 | branch_ij=+0.000000e+00 | branch_ji=+0.000000e+00 | flex_P=-1.004532e-08 | flex_Q=-1.004532e-08
    [SLACK COMPONENT CHECK] classified_delta=-5.850633e-08 | objective_slack_delta=-5.850634e-08 | mismatch=+1.243450e-14
    [RECOURSE COMPONENT CHECK] classified_delta=-1.719111e+05 | block_delta=-1.719111e+05 | mismatch=+1.396984e-09
  TSO node=None year=2030 day=Spring | previous=5.876133e+07 | current=5.864031e+07 | delta=-1.210213e+05 | abs_delta=1.210213e+05
    [RECOURSE JUMP][TSO PROX] year=2030 day=Spring | V max=0.000089 | PF max=0.004598 | ESS max=0.000041
    [RECOURSE COMPONENTS] gen=-1.737908e+05 | flex=+5.276947e+04 | load_curt=+0.000000e+00 | res_curt=+0.000000e+00 | ess_usage=+0.000000e+00 | slacks=+1.776357e-13 | ess_comp=+8.203033e-02
    [SLACK COMPONENTS] voltage=+2.131628e-13 | node_P=+0.000000e+00 | node_Q=+0.000000e+00 | branch_ij=+0.000000e+00 | branch_ji=+0.000000e+00 | flex_P=-3.108624e-15 | flex_Q=-3.108624e-15
    [SLACK COMPONENT CHECK] classified_delta=+2.069456e-13 | objective_slack_delta=+1.776357e-13 | mismatch=+2.930989e-14
    [RECOURSE COMPONENT CHECK] classified_delta=-1.210213e+05 | block_delta=-1.210213e+05 | mismatch=-7.596100e-09
  TSO node=None year=2025 day=Spring | previous=7.805287e+07 | current=7.795760e+07 | delta=-9.527357e+04 | abs_delta=9.527357e+04
    [RECOURSE JUMP][TSO PROX] year=2025 day=Spring | V max=0.000090 | PF max=0.006557 | ESS max=0.000724
    [RECOURSE COMPONENTS] gen=-1.320214e+05 | flex=+3.674787e+04 | load_curt=+0.000000e+00 | res_curt=+0.000000e+00 | ess_usage=+0.000000e+00 | slacks=+2.080981e-09 | ess_comp=+2.418731e-04
    [SLACK COMPONENTS] voltage=+1.373500e-09 | node_P=+0.000000e+00 | node_Q=+0.000000e+00 | branch_ij=+0.000000e+00 | branch_ji=+0.000000e+00 | flex_P=+3.537499e-10 | flex_Q=+3.537499e-10
    [SLACK COMPONENT CHECK] classified_delta=+2.081000e-09 | objective_slack_delta=+2.080981e-09 | mismatch=+1.953993e-14
    [RECOURSE COMPONENT CHECK] classified_delta=-9.527357e+04 | block_delta=-9.527357e+04 | mismatch=+8.818461e-09
  DSO node=9 year=2025 day=Summer | previous=2.889041e+06 | current=2.813724e+06 | delta=-7.531621e+04 | abs_delta=7.531621e+04
    [RECOURSE COMPONENTS] gen=+0.000000e+00 | flex=-7.531374e+04 | load_curt=+0.000000e+00 | res_curt=-2.447018e+00 | ess_usage=+0.000000e+00 | slacks=-2.719061e-06 | ess_comp=-2.553537e-02
    [SLACK COMPONENTS] voltage=+6.045723e-07 | node_P=+0.000000e+00 | node_Q=+0.000000e+00 | branch_ij=+0.000000e+00 | branch_ji=+0.000000e+00 | flex_P=-3.323633e-06 | flex_Q=+0.000000e+00
    [SLACK COMPONENT CHECK] classified_delta=-2.719061e-06 | objective_slack_delta=-2.719061e-06 | mismatch=+9.947598e-14
    [RECOURSE COMPONENT CHECK] classified_delta=-7.531621e+04 | block_delta=-7.531621e+04 | mismatch=-1.891749e-10
  TSO node=None year=2025 day=Summer | previous=9.201598e+07 | current=9.208976e+07 | delta=+7.377809e+04 | abs_delta=7.377809e+04
    [RECOURSE JUMP][TSO PROX] year=2025 day=Summer | V max=0.000131 | PF max=0.005272 | ESS max=0.000643
    [RECOURSE COMPONENTS] gen=+2.157018e+05 | flex=-1.419238e+05 | load_curt=+0.000000e+00 | res_curt=+0.000000e+00 | ess_usage=+0.000000e+00 | slacks=+6.743051e-12 | ess_comp=-9.881739e-05
    [SLACK COMPONENTS] voltage=+6.743051e-12 | node_P=+0.000000e+00 | node_Q=+0.000000e+00 | branch_ij=+0.000000e+00 | branch_ji=+0.000000e+00 | flex_P=+0.000000e+00 | flex_Q=+0.000000e+00
    [SLACK COMPONENT CHECK] classified_delta=+6.743051e-12 | objective_slack_delta=+6.743051e-12 | mismatch=+0.000000e+00
    [RECOURSE COMPONENT CHECK] classified_delta=+7.377809e+04 | block_delta=+7.377809e+04 | mismatch=-1.523586e-08
  TSO node=None year=2035 day=Summer | previous=6.689284e+07 | current=6.682409e+07 | delta=-6.874975e+04 | abs_delta=6.874975e+04
    [RECOURSE JUMP][TSO PROX] year=2035 day=Summer | V max=0.001028 | PF max=0.004574 | ESS max=0.000212
    [RECOURSE COMPONENTS] gen=-8.681220e+04 | flex=+1.806245e+04 | load_curt=+0.000000e+00 | res_curt=+0.000000e+00 | ess_usage=+0.000000e+00 | slacks=-2.363451e-08 | ess_comp=-6.916438e-04
    [SLACK COMPONENTS] voltage=-1.545805e-08 | node_P=+0.000000e+00 | node_Q=+0.000000e+00 | branch_ij=+0.000000e+00 | branch_ji=+0.000000e+00 | flex_P=-4.088224e-09 | flex_Q=-4.088224e-09
    [SLACK COMPONENT CHECK] classified_delta=-2.363450e-08 | objective_slack_delta=-2.363451e-08 | mismatch=+1.687539e-14
    [RECOURSE COMPONENT CHECK] classified_delta=-6.874975e+04 | block_delta=-6.874975e+04 | mismatch=-1.139415e-08
  TSO node=None year=2035 day=Autumn | previous=3.484008e+07 | current=3.477909e+07 | delta=-6.098982e+04 | abs_delta=6.098982e+04
    [RECOURSE JUMP][TSO PROX] year=2035 day=Autumn | V max=0.000133 | PF max=0.003640 | ESS max=0.000377
    [RECOURSE COMPONENTS] gen=-1.156713e+05 | flex=+5.564736e+04 | load_curt=+0.000000e+00 | res_curt=+0.000000e+00 | ess_usage=+0.000000e+00 | slacks=-3.717448e-07 | ess_comp=-9.658562e+02
    [SLACK COMPONENTS] voltage=-2.442775e-07 | node_P=+0.000000e+00 | node_Q=+0.000000e+00 | branch_ij=+0.000000e+00 | branch_ji=+0.000000e+00 | flex_P=-6.373367e-08 | flex_Q=-6.373367e-08
    [SLACK COMPONENT CHECK] classified_delta=-3.717448e-07 | objective_slack_delta=-3.717448e-07 | mismatch=+1.243450e-14
    [RECOURSE COMPONENT CHECK] classified_delta=-6.098982e+04 | block_delta=-6.098982e+04 | mismatch=-3.979949e-09
  DSO node=7 year=2035 day=Spring | previous=5.982579e+06 | current=6.019411e+06 | delta=+3.683226e+04 | abs_delta=3.683226e+04
    [RECOURSE COMPONENTS] gen=+0.000000e+00 | flex=+3.683141e+04 | load_curt=+0.000000e+00 | res_curt=+2.564702e-02 | ess_usage=+0.000000e+00 | slacks=+7.674985e-06 | ess_comp=+8.276124e-01
    [SLACK COMPONENTS] voltage=+3.297175e-07 | node_P=+0.000000e+00 | node_Q=+0.000000e+00 | branch_ij=+0.000000e+00 | branch_ji=+0.000000e+00 | flex_P=+7.345267e-06 | flex_Q=+0.000000e+00
    [SLACK COMPONENT CHECK] classified_delta=+7.674985e-06 | objective_slack_delta=+7.674985e-06 | mismatch=+2.486900e-14
    [RECOURSE COMPONENT CHECK] classified_delta=+3.683226e+04 | block_delta=+3.683226e+04 | mismatch=-8.803909e-10
  DSO node=7 year=2025 day=Summer | previous=1.801144e+06 | current=1.764748e+06 | delta=-3.639556e+04 | abs_delta=3.639556e+04
    [RECOURSE COMPONENTS] gen=+0.000000e+00 | flex=-3.639517e+04 | load_curt=+0.000000e+00 | res_curt=-3.828584e-01 | ess_usage=+0.000000e+00 | slacks=+4.247070e-07 | ess_comp=-2.716476e-03
    [SLACK COMPONENTS] voltage=+2.589684e-07 | node_P=+0.000000e+00 | node_Q=+0.000000e+00 | branch_ij=+0.000000e+00 | branch_ji=+0.000000e+00 | flex_P=+1.657386e-07 | flex_Q=+0.000000e+00
    [SLACK COMPONENT CHECK] classified_delta=+4.247071e-07 | objective_slack_delta=+4.247070e-07 | mismatch=+6.394885e-14
    [RECOURSE COMPONENT CHECK] classified_delta=-3.639556e+04 | block_delta=-3.639556e+04 | mismatch=+5.093170e-11
  DSO node=9 year=2035 day=Spring | previous=9.341703e+06 | current=9.377978e+06 | delta=+3.627446e+04 | abs_delta=3.627446e+04
    [RECOURSE COMPONENTS] gen=+0.000000e+00 | flex=+3.627495e+04 | load_curt=+0.000000e+00 | res_curt=-1.323833e+00 | ess_usage=+0.000000e+00 | slacks=+5.018125e-05 | ess_comp=+8.317148e-01
    [SLACK COMPONENTS] voltage=-2.784185e-06 | node_P=+0.000000e+00 | node_Q=+0.000000e+00 | branch_ij=+0.000000e+00 | branch_ji=+0.000000e+00 | flex_P=+5.296544e-05 | flex_Q=+0.000000e+00
    [SLACK COMPONENT CHECK] classified_delta=+5.018125e-05 | objective_slack_delta=+5.018125e-05 | mismatch=+7.105427e-15
    [RECOURSE COMPONENT CHECK] classified_delta=+3.627446e+04 | block_delta=+3.627446e+04 | mismatch=+1.818989e-10
[INFO]		 - Recourse stationarity failed. 339342.965281 > 82394.493572
[ADMM RHO] V | primal max ratio=0.103 | primal mean ratio=0.004 | primal selected=0.103 | dual mean ratio=0.010 | increase threshold=5.0 | decrease threshold=5.0 | action=held
[ADMM RHO] PF | primal max ratio=0.712 | primal mean ratio=0.039 | primal selected=0.712 | dual mean ratio=0.195 | increase threshold=5.0 | decrease threshold=3.0 | action=held
[ADMM RHO] ESS | primal max ratio=0.014 | primal mean ratio=0.011 | primal selected=0.014 | dual mean ratio=0.008 | increase threshold=5.0 | decrease threshold=5.0 | action=held
[INFO]		 - ADMM cycle 40 | Primal (V max/mean | PF max/mean | ESS max/mean) = 0.001028/0.000004 | 0.007121/0.000039 | 0.001402/0.000111 | Dual (V max/mean | PF max/mean | ESS max/mean) = 0.002312/0.000104 | 0.041612/0.001952 | 0.003673/0.000079 | Recourse change = 339342.965281 (tol. 82394.493572) | Stable cycles = 0/1 | Penalty actions (V/PF/ESS) = held/held/held
[INFO] 	 - Iteration 40: 31.04 s
[INFO] 	 - ADMM Iteration 41
[INFO] 		 - Updating distribution networks:
[INFO] 			 - Running SMOPF, Network case33_1, 2025, Spring...
[INFO] 			 - Running SMOPF, Network case33_1, 2025, Summer...
[INFO] 			 - Running SMOPF, Network case33_1, 2025, Autumn...
[INFO] 			 - Running SMOPF, Network case33_1, 2025, Winter...
[INFO] 			 - Running SMOPF, Network case33_1, 2030, Spring...
[INFO] 			 - Running SMOPF, Network case33_1, 2030, Summer...
[INFO] 			 - Running SMOPF, Network case33_1, 2030, Autumn...
[INFO] 			 - Running SMOPF, Network case33_1, 2030, Winter...
[INFO] 			 - Running SMOPF, Network case33_1, 2035, Spring...
[INFO] 			 - Running SMOPF, Network case33_1, 2035, Summer...
[INFO] 			 - Running SMOPF, Network case33_1, 2035, Autumn...
[INFO] 			 - Running SMOPF, Network case33_1, 2035, Winter...
[INFO] 			 - Running SMOPF, Network case33_2, 2025, Spring...
[INFO] 			 - Running SMOPF, Network case33_2, 2025, Summer...
[INFO] 			 - Running SMOPF, Network case33_2, 2025, Autumn...
[INFO] 			 - Running SMOPF, Network case33_2, 2025, Winter...
[INFO] 			 - Running SMOPF, Network case33_2, 2030, Spring...
[INFO] 			 - Running SMOPF, Network case33_2, 2030, Summer...
[INFO] 			 - Running SMOPF, Network case33_2, 2030, Autumn...
[INFO] 			 - Running SMOPF, Network case33_2, 2030, Winter...
[INFO] 			 - Running SMOPF, Network case33_2, 2035, Spring...
[INFO] 			 - Running SMOPF, Network case33_2, 2035, Summer...
[INFO] 			 - Running SMOPF, Network case33_2, 2035, Autumn...
[INFO] 			 - Running SMOPF, Network case33_2, 2035, Winter...
[INFO] 			 - Running SMOPF, Network case33_3, 2025, Spring...
[INFO] 			 - Running SMOPF, Network case33_3, 2025, Summer...
[INFO] 			 - Running SMOPF, Network case33_3, 2025, Autumn...
[INFO] 			 - Running SMOPF, Network case33_3, 2025, Winter...
[INFO] 			 - Running SMOPF, Network case33_3, 2030, Spring...
[INFO] 			 - Running SMOPF, Network case33_3, 2030, Summer...
[INFO] 			 - Running SMOPF, Network case33_3, 2030, Autumn...
[INFO] 			 - Running SMOPF, Network case33_3, 2030, Winter...
[INFO] 			 - Running SMOPF, Network case33_3, 2035, Spring...
[INFO] 			 - Running SMOPF, Network case33_3, 2035, Summer...
[INFO] 			 - Running SMOPF, Network case33_3, 2035, Autumn...
[INFO] 			 - Running SMOPF, Network case33_3, 2035, Winter...
[INFO] 		 - Updating transmission network...
[INFO] 			 - Running SMOPF, Network case9, 2025, Spring...
[INFO] 			 - Running SMOPF, Network case9, 2025, Summer...
[INFO] 			 - Running SMOPF, Network case9, 2025, Autumn...
[INFO] 			 - Running SMOPF, Network case9, 2025, Winter...
[INFO] 			 - Running SMOPF, Network case9, 2030, Spring...
[INFO] 			 - Running SMOPF, Network case9, 2030, Summer...
[INFO] 			 - Running SMOPF, Network case9, 2030, Autumn...
[INFO] 			 - Running SMOPF, Network case9, 2030, Winter...
[INFO] 			 - Running SMOPF, Network case9, 2035, Spring...
[INFO] 			 - Running SMOPF, Network case9, 2035, Summer...
[INFO] 			 - Running SMOPF, Network case9, 2035, Autumn...
[INFO] 			 - Running SMOPF, Network case9, 2035, Winter...
[TSO PROX] cycle=41 | updated_blocks=12 | held_failed_blocks=0 | V max=0.000942 | PF max=0.006612 | ESS max=0.000725
[TSO PROX][V MAX] node=5, year=2035, day=Summer, period=14 | dV=0.324947 kV | normalized=0.000942
[TSO PROX][PF MAX] node=7, year=2025, day=Spring, period=23, type=P | delta=0.661188 MW | normalized=0.006612
[TSO PROX][ESS MAX] node=7, year=2025, day=Spring, period=3, type=P | delta=0.001404 MW | normalized=0.000725
[INFO] 		 - Updating SharedESS...
[INFO] 		 - Running Shared ESS optimization (subproblem)...
[INFO] 			 - Node 5...
[INFO] Shared ESS complementarity diagnostics for ESS node=5: ratio_max=2.570783e-05 n_periods=288 mu_final=4.926354e-09 s_obj=1.000000e-01 eps=1.000000e-03 bound=1.418790e-02 measured=8.024857e-03
[INFO] 			 - Node 7...
[INFO] Shared ESS complementarity diagnostics for ESS node=7: ratio_max=2.573406e-05 n_periods=288 mu_final=4.942303e-09 s_obj=1.000000e-01 eps=1.000000e-03 bound=1.423383e-02 measured=8.042274e-03
[INFO] 			 - Node 9...
[INFO] Shared ESS complementarity diagnostics for ESS node=9: ratio_max=2.570822e-05 n_periods=288 mu_final=4.931584e-09 s_obj=1.000000e-01 eps=1.000000e-03 bound=1.420296e-02 measured=8.024338e-03
[INFO]		 - Primal residuals ok!
[INFO]		 - Dual residuals ok!
[RECOURSE JUMP] cycle=41 | abs_change=3.108994e+05 | tol=8.236056e+04 | signed_change=-3.108994e+05
[RECOURSE JUMP] Reconciliation | previous=8.236056e+08 | current=8.232947e+08 | block_delta=-3.108994e+05 | mismatch=+1.192093e-07
[RECOURSE JUMP] Aggregate signed changes:
  TSO | delta=-3.470079e+05
  DSO node=5 | delta=+4.697333e+04
  DSO node=9 | delta=-3.809599e+04
  DSO node=7 | delta=+2.723118e+04
  SALVAGE | delta=+2.074394e-35
[RECOURSE JUMP] Largest 10 block changes:
  TSO node=None year=2035 day=Spring | previous=6.103492e+07 | current=6.088597e+07 | delta=-1.489452e+05 | abs_delta=1.489452e+05
    [RECOURSE JUMP][TSO PROX] year=2035 day=Spring | V max=0.000121 | PF max=0.005243 | ESS max=0.000150
    [RECOURSE COMPONENTS] gen=-2.505984e+05 | flex=+1.016511e+05 | load_curt=+0.000000e+00 | res_curt=+0.000000e+00 | ess_usage=+0.000000e+00 | slacks=+9.559498e-08 | ess_comp=+2.174087e+00
    [SLACK COMPONENTS] voltage=+6.277337e-08 | node_P=+0.000000e+00 | node_Q=+0.000000e+00 | branch_ij=+0.000000e+00 | branch_ji=+0.000000e+00 | flex_P=+1.641079e-08 | flex_Q=+1.641079e-08
    [SLACK COMPONENT CHECK] classified_delta=+9.559496e-08 | objective_slack_delta=+9.559498e-08 | mismatch=-2.131628e-14
    [RECOURSE COMPONENT CHECK] classified_delta=-1.489452e+05 | block_delta=-1.489452e+05 | mismatch=-1.423177e-08
  TSO node=None year=2030 day=Spring | previous=5.864031e+07 | current=5.853199e+07 | delta=-1.083216e+05 | abs_delta=1.083216e+05
    [RECOURSE JUMP][TSO PROX] year=2030 day=Spring | V max=0.000091 | PF max=0.004700 | ESS max=0.000037
    [RECOURSE COMPONENTS] gen=-1.530941e+05 | flex=+4.477237e+04 | load_curt=+0.000000e+00 | res_curt=+0.000000e+00 | ess_usage=+0.000000e+00 | slacks=+3.979039e-13 | ess_comp=+9.752331e-02
    [SLACK COMPONENTS] voltage=+3.979039e-13 | node_P=+0.000000e+00 | node_Q=+0.000000e+00 | branch_ij=+0.000000e+00 | branch_ji=+0.000000e+00 | flex_P=+0.000000e+00 | flex_Q=+0.000000e+00
    [SLACK COMPONENT CHECK] classified_delta=+3.979039e-13 | objective_slack_delta=+3.979039e-13 | mismatch=+0.000000e+00
    [RECOURSE COMPONENT CHECK] classified_delta=-1.083216e+05 | block_delta=-1.083216e+05 | mismatch=-1.053559e-08
  TSO node=None year=2025 day=Spring | previous=7.795760e+07 | current=7.785260e+07 | delta=-1.050005e+05 | abs_delta=1.050005e+05
    [RECOURSE JUMP][TSO PROX] year=2025 day=Spring | V max=0.000090 | PF max=0.006612 | ESS max=0.000725
    [RECOURSE COMPONENTS] gen=-1.488003e+05 | flex=+4.379976e+04 | load_curt=+0.000000e+00 | res_curt=+0.000000e+00 | ess_usage=+0.000000e+00 | slacks=+1.489411e-09 | ess_comp=+4.004617e-05
    [SLACK COMPONENTS] voltage=+9.827374e-10 | node_P=+0.000000e+00 | node_Q=+0.000000e+00 | branch_ij=+0.000000e+00 | branch_ji=+0.000000e+00 | flex_P=+2.533325e-10 | flex_Q=+2.533325e-10
    [SLACK COMPONENT CHECK] classified_delta=+1.489402e-09 | objective_slack_delta=+1.489411e-09 | mismatch=-8.881784e-15
    [RECOURSE COMPONENT CHECK] classified_delta=-1.050005e+05 | block_delta=-1.050005e+05 | mismatch=-1.225271e-08
  DSO node=9 year=2025 day=Summer | previous=2.813724e+06 | current=2.749944e+06 | delta=-6.378086e+04 | abs_delta=6.378086e+04
    [RECOURSE COMPONENTS] gen=+0.000000e+00 | flex=-6.378017e+04 | load_curt=+0.000000e+00 | res_curt=-6.952365e-01 | ess_usage=+0.000000e+00 | slacks=-1.879227e-05 | ess_comp=+5.540827e-04
    [SLACK COMPONENTS] voltage=-1.736550e-07 | node_P=+0.000000e+00 | node_Q=+0.000000e+00 | branch_ij=+0.000000e+00 | branch_ji=+0.000000e+00 | flex_P=-1.861861e-05 | flex_Q=+0.000000e+00
    [SLACK COMPONENT CHECK] classified_delta=-1.879227e-05 | objective_slack_delta=-1.879227e-05 | mismatch=-1.989520e-13
    [RECOURSE COMPONENT CHECK] classified_delta=-6.378086e+04 | block_delta=-6.378086e+04 | mismatch=+1.076842e-09
  TSO node=None year=2025 day=Summer | previous=9.208976e+07 | current=9.215297e+07 | delta=+6.321608e+04 | abs_delta=6.321608e+04
    [RECOURSE JUMP][TSO PROX] year=2025 day=Summer | V max=0.000131 | PF max=0.005530 | ESS max=0.000643
    [RECOURSE COMPONENTS] gen=+1.911444e+05 | flex=-1.279283e+05 | load_curt=+0.000000e+00 | res_curt=+0.000000e+00 | ess_usage=+0.000000e+00 | slacks=+6.714629e-12 | ess_comp=-1.100626e-04
    [SLACK COMPONENTS] voltage=+6.721734e-12 | node_P=+0.000000e+00 | node_Q=+0.000000e+00 | branch_ij=+0.000000e+00 | branch_ji=+0.000000e+00 | flex_P=+0.000000e+00 | flex_Q=+0.000000e+00
    [SLACK COMPONENT CHECK] classified_delta=+6.721734e-12 | objective_slack_delta=+6.714629e-12 | mismatch=+7.105427e-15
    [RECOURSE COMPONENT CHECK] classified_delta=+6.321608e+04 | block_delta=+6.321608e+04 | mismatch=+1.127773e-09
  TSO node=None year=2035 day=Autumn | previous=3.477909e+07 | current=3.471843e+07 | delta=-6.066423e+04 | abs_delta=6.066423e+04
    [RECOURSE JUMP][TSO PROX] year=2035 day=Autumn | V max=0.000131 | PF max=0.003627 | ESS max=0.000118
    [RECOURSE COMPONENTS] gen=-1.141171e+05 | flex=+5.381657e+04 | load_curt=+0.000000e+00 | res_curt=+0.000000e+00 | ess_usage=+0.000000e+00 | slacks=+5.774496e-08 | ess_comp=-3.637334e+02
    [SLACK COMPONENTS] voltage=+3.793802e-08 | node_P=+0.000000e+00 | node_Q=+0.000000e+00 | branch_ij=+0.000000e+00 | branch_ji=+0.000000e+00 | flex_P=+9.903467e-09 | flex_Q=+9.903467e-09
    [SLACK COMPONENT CHECK] classified_delta=+5.774496e-08 | objective_slack_delta=+5.774496e-08 | mismatch=-5.329071e-15
    [RECOURSE COMPONENT CHECK] classified_delta=-6.066423e+04 | block_delta=-6.066423e+04 | mismatch=+7.617928e-09
  DSO node=7 year=2035 day=Spring | previous=6.019411e+06 | current=6.057865e+06 | delta=+3.845435e+04 | abs_delta=3.845435e+04
    [RECOURSE COMPONENTS] gen=+0.000000e+00 | flex=+3.845425e+04 | load_curt=+0.000000e+00 | res_curt=+9.520233e-02 | ess_usage=+0.000000e+00 | slacks=+1.550950e-06 | ess_comp=+3.368071e-03
    [SLACK COMPONENTS] voltage=+7.507526e-08 | node_P=+0.000000e+00 | node_Q=+0.000000e+00 | branch_ij=+0.000000e+00 | branch_ji=+0.000000e+00 | flex_P=+1.475875e-06 | flex_Q=+0.000000e+00
    [SLACK COMPONENT CHECK] classified_delta=+1.550950e-06 | objective_slack_delta=+1.550950e-06 | mismatch=-5.329071e-14
    [RECOURSE COMPONENT CHECK] classified_delta=+3.845435e+04 | block_delta=+3.845435e+04 | mismatch=+6.912160e-10
  DSO node=7 year=2025 day=Summer | previous=1.764748e+06 | current=1.728374e+06 | delta=-3.637450e+04 | abs_delta=3.637450e+04
    [RECOURSE COMPONENTS] gen=+0.000000e+00 | flex=-3.637412e+04 | load_curt=+0.000000e+00 | res_curt=-3.830257e-01 | ess_usage=+0.000000e+00 | slacks=+9.303023e-07 | ess_comp=-5.543665e-04
    [SLACK COMPONENTS] voltage=+2.184586e-07 | node_P=+0.000000e+00 | node_Q=+0.000000e+00 | branch_ij=+0.000000e+00 | branch_ji=+0.000000e+00 | flex_P=+7.118436e-07 | flex_Q=+0.000000e+00
    [SLACK COMPONENT CHECK] classified_delta=+9.303022e-07 | objective_slack_delta=+9.303023e-07 | mismatch=-4.263256e-14
    [RECOURSE COMPONENT CHECK] classified_delta=-3.637450e+04 | block_delta=-3.637450e+04 | mismatch=-1.382432e-10
  DSO node=9 year=2035 day=Spring | previous=9.377978e+06 | current=9.413178e+06 | delta=+3.520017e+04 | abs_delta=3.520017e+04
    [RECOURSE COMPONENTS] gen=+0.000000e+00 | flex=+3.520108e+04 | load_curt=+0.000000e+00 | res_curt=-9.173874e-01 | ess_usage=+0.000000e+00 | slacks=+2.658077e-05 | ess_comp=+5.549950e-03
    [SLACK COMPONENTS] voltage=-2.704416e-07 | node_P=+0.000000e+00 | node_Q=+0.000000e+00 | branch_ij=+0.000000e+00 | branch_ji=+0.000000e+00 | flex_P=+2.685121e-05 | flex_Q=+0.000000e+00
    [SLACK COMPONENT CHECK] classified_delta=+2.658077e-05 | objective_slack_delta=+2.658077e-05 | mismatch=+2.060574e-13
    [RECOURSE COMPONENT CHECK] classified_delta=+3.520017e+04 | block_delta=+3.520017e+04 | mismatch=-2.182787e-09
  DSO node=5 year=2035 day=Spring | previous=9.447288e+06 | current=9.479820e+06 | delta=+3.253206e+04 | abs_delta=3.253206e+04
    [RECOURSE COMPONENTS] gen=+0.000000e+00 | flex=+3.253187e+04 | load_curt=+0.000000e+00 | res_curt=+1.861914e-01 | ess_usage=+0.000000e+00 | slacks=+1.596077e-05 | ess_comp=+2.889201e-03
    [SLACK COMPONENTS] voltage=+5.592626e-07 | node_P=+0.000000e+00 | node_Q=+0.000000e+00 | branch_ij=+0.000000e+00 | branch_ji=+0.000000e+00 | flex_P=+1.540150e-05 | flex_Q=+0.000000e+00
    [SLACK COMPONENT CHECK] classified_delta=+1.596077e-05 | objective_slack_delta=+1.596077e-05 | mismatch=-7.815970e-14
    [RECOURSE COMPONENT CHECK] classified_delta=+3.253206e+04 | block_delta=+3.253206e+04 | mismatch=+7.530616e-10
[INFO]		 - Recourse stationarity failed. 310899.359850 > 82360.559275
[ADMM RHO] V | primal max ratio=0.012 | primal mean ratio=0.002 | primal selected=0.012 | dual mean ratio=0.011 | increase threshold=5.0 | decrease threshold=5.0 | action=held
[ADMM RHO] PF | primal max ratio=0.176 | primal mean ratio=0.028 | primal selected=0.176 | dual mean ratio=0.188 | increase threshold=5.0 | decrease threshold=3.0 | action=held
[ADMM RHO] ESS | primal max ratio=0.012 | primal mean ratio=0.010 | primal selected=0.012 | dual mean ratio=0.009 | increase threshold=5.0 | decrease threshold=5.0 | action=held
[INFO]		 - ADMM cycle 41 | Primal (V max/mean | PF max/mean | ESS max/mean) = 0.000123/0.000002 | 0.001765/0.000028 | 0.001222/0.000101 | Dual (V max/mean | PF max/mean | ESS max/mean) = 0.004625/0.000108 | 0.034508/0.001878 | 0.003603/0.000086 | Recourse change = 310899.359850 (tol. 82360.559275) | Stable cycles = 0/1 | Penalty actions (V/PF/ESS) = held/held/held
[INFO] 	 - Iteration 41: 32.47 s
[INFO] 	 - ADMM Iteration 42
[INFO] 		 - Updating distribution networks:
[INFO] 			 - Running SMOPF, Network case33_1, 2025, Spring...
[INFO] 			 - Running SMOPF, Network case33_1, 2025, Summer...
[INFO] 			 - Running SMOPF, Network case33_1, 2025, Autumn...
[INFO] 			 - Running SMOPF, Network case33_1, 2025, Winter...
[INFO] 			 - Running SMOPF, Network case33_1, 2030, Spring...
[INFO] 			 - Running SMOPF, Network case33_1, 2030, Summer...
[INFO] 			 - Running SMOPF, Network case33_1, 2030, Autumn...
[INFO] 			 - Running SMOPF, Network case33_1, 2030, Winter...
[INFO] 			 - Running SMOPF, Network case33_1, 2035, Spring...
[INFO] 			 - Running SMOPF, Network case33_1, 2035, Summer...
[INFO] 			 - Running SMOPF, Network case33_1, 2035, Autumn...
[INFO] 			 - Running SMOPF, Network case33_1, 2035, Winter...
[INFO] 			 - Running SMOPF, Network case33_2, 2025, Spring...
[INFO] 			 - Running SMOPF, Network case33_2, 2025, Summer...
[INFO] 			 - Running SMOPF, Network case33_2, 2025, Autumn...
[INFO] 			 - Running SMOPF, Network case33_2, 2025, Winter...
[INFO] 			 - Running SMOPF, Network case33_2, 2030, Spring...
[INFO] 			 - Running SMOPF, Network case33_2, 2030, Summer...
[INFO] 			 - Running SMOPF, Network case33_2, 2030, Autumn...
[INFO] 			 - Running SMOPF, Network case33_2, 2030, Winter...
[INFO] 			 - Running SMOPF, Network case33_2, 2035, Spring...
[INFO] 			 - Running SMOPF, Network case33_2, 2035, Summer...
[INFO] 			 - Running SMOPF, Network case33_2, 2035, Autumn...
[INFO] 			 - Running SMOPF, Network case33_2, 2035, Winter...
[INFO] 			 - Running SMOPF, Network case33_3, 2025, Spring...
[INFO] 			 - Running SMOPF, Network case33_3, 2025, Summer...
[INFO] 			 - Running SMOPF, Network case33_3, 2025, Autumn...
[INFO] 			 - Running SMOPF, Network case33_3, 2025, Winter...
[INFO] 			 - Running SMOPF, Network case33_3, 2030, Spring...
[INFO] 			 - Running SMOPF, Network case33_3, 2030, Summer...
[INFO] 			 - Running SMOPF, Network case33_3, 2030, Autumn...
[INFO] 			 - Running SMOPF, Network case33_3, 2030, Winter...
[INFO] 			 - Running SMOPF, Network case33_3, 2035, Spring...
[INFO] 			 - Running SMOPF, Network case33_3, 2035, Summer...
[INFO] 			 - Running SMOPF, Network case33_3, 2035, Autumn...
[INFO] 			 - Running SMOPF, Network case33_3, 2035, Winter...
[INFO] 		 - Updating transmission network...
[INFO] 			 - Running SMOPF, Network case9, 2025, Spring...
[INFO] 			 - Running SMOPF, Network case9, 2025, Summer...
[INFO] 			 - Running SMOPF, Network case9, 2025, Autumn...
[INFO] 			 - Running SMOPF, Network case9, 2025, Winter...
[INFO] 			 - Running SMOPF, Network case9, 2030, Spring...
[INFO] 			 - Running SMOPF, Network case9, 2030, Summer...
[INFO] 			 - Running SMOPF, Network case9, 2030, Autumn...
[INFO] 			 - Running SMOPF, Network case9, 2030, Winter...
[INFO] 			 - Running SMOPF, Network case9, 2035, Spring...
[INFO] 			 - Running SMOPF, Network case9, 2035, Summer...
[INFO] 			 - Running SMOPF, Network case9, 2035, Autumn...
[INFO] 			 - Running SMOPF, Network case9, 2035, Winter...
[TSO PROX] cycle=42 | updated_blocks=12 | held_failed_blocks=0 | V max=0.000771 | PF max=0.006646 | ESS max=0.000725
[TSO PROX][V MAX] node=5, year=2035, day=Summer, period=14 | dV=0.266074 kV | normalized=0.000771
[TSO PROX][PF MAX] node=7, year=2025, day=Spring, period=23, type=P | delta=0.664554 MW | normalized=0.006646
[TSO PROX][ESS MAX] node=7, year=2025, day=Spring, period=3, type=P | delta=0.001404 MW | normalized=0.000725
[INFO] 		 - Updating SharedESS...
[INFO] 		 - Running Shared ESS optimization (subproblem)...
[INFO] 			 - Node 5...
[INFO] Shared ESS complementarity diagnostics for ESS node=5: ratio_max=2.577560e-05 n_periods=288 mu_final=4.932612e-09 s_obj=1.000000e-01 eps=1.000000e-03 bound=1.420592e-02 measured=8.060015e-03
[INFO] 			 - Node 7...
[INFO] Shared ESS complementarity diagnostics for ESS node=7: ratio_max=2.573055e-05 n_periods=288 mu_final=4.960346e-09 s_obj=1.000000e-01 eps=1.000000e-03 bound=1.428580e-02 measured=8.060248e-03
[INFO] 			 - Node 9...
[INFO] Shared ESS complementarity diagnostics for ESS node=9: ratio_max=2.570483e-05 n_periods=288 mu_final=4.944170e-09 s_obj=1.000000e-01 eps=1.000000e-03 bound=1.423921e-02 measured=8.050682e-03
[INFO]		 - Primal residuals ok!
[INFO]		 - Dual residuals ok!
[RECOURSE JUMP] cycle=42 | abs_change=3.015262e+05 | tol=8.232947e+04 | signed_change=-3.015262e+05
[RECOURSE JUMP] Reconciliation | previous=8.232947e+08 | current=8.229932e+08 | block_delta=-3.015262e+05 | mismatch=+2.384186e-07
[RECOURSE JUMP] Aggregate signed changes:
  TSO | delta=-3.486682e+05
  DSO node=5 | delta=+5.327383e+04
  DSO node=9 | delta=-3.110173e+04
  DSO node=7 | delta=+2.496999e+04
  SALVAGE | delta=-3.570994e-35
[RECOURSE JUMP] Largest 10 block changes:
  TSO node=None year=2035 day=Spring | previous=6.088597e+07 | current=6.074381e+07 | delta=-1.421664e+05 | abs_delta=1.421664e+05
    [RECOURSE JUMP][TSO PROX] year=2035 day=Spring | V max=0.000121 | PF max=0.005257 | ESS max=0.000042
    [RECOURSE COMPONENTS] gen=-2.413362e+05 | flex=+9.916971e+04 | load_curt=+0.000000e+00 | res_curt=+0.000000e+00 | ess_usage=+0.000000e+00 | slacks=+4.273168e-08 | ess_comp=+1.394800e-01
    [SLACK COMPONENTS] voltage=+2.806692e-08 | node_P=+0.000000e+00 | node_Q=+0.000000e+00 | branch_ij=+0.000000e+00 | branch_ji=+0.000000e+00 | flex_P=+7.332377e-09 | flex_Q=+7.332377e-09
    [SLACK COMPONENT CHECK] classified_delta=+4.273168e-08 | objective_slack_delta=+4.273168e-08 | mismatch=-1.776357e-15
    [RECOURSE COMPONENT CHECK] classified_delta=-1.421664e+05 | block_delta=-1.421664e+05 | mismatch=+1.452281e-08
  TSO node=None year=2025 day=Spring | previous=7.785260e+07 | current=7.774182e+07 | delta=-1.107790e+05 | abs_delta=1.107790e+05
    [RECOURSE JUMP][TSO PROX] year=2025 day=Spring | V max=0.000091 | PF max=0.006646 | ESS max=0.000725
    [RECOURSE COMPONENTS] gen=-1.592655e+05 | flex=+4.848647e+04 | load_curt=+0.000000e+00 | res_curt=+0.000000e+00 | ess_usage=+0.000000e+00 | slacks=+3.950547e-10 | ess_comp=-1.497269e-04
    [SLACK COMPONENTS] voltage=+2.600373e-10 | node_P=+0.000000e+00 | node_Q=+0.000000e+00 | branch_ij=+0.000000e+00 | branch_ji=+0.000000e+00 | flex_P=+6.750511e-11 | flex_Q=+6.750511e-11
    [SLACK COMPONENT CHECK] classified_delta=+3.950476e-10 | objective_slack_delta=+3.950547e-10 | mismatch=-7.105427e-15
    [RECOURSE COMPONENT CHECK] classified_delta=-1.107790e+05 | block_delta=-1.107790e+05 | mismatch=+1.335866e-08
  TSO node=None year=2030 day=Spring | previous=5.853199e+07 | current=5.842535e+07 | delta=-1.066366e+05 | abs_delta=1.066366e+05
    [RECOURSE JUMP][TSO PROX] year=2030 day=Spring | V max=0.000094 | PF max=0.004671 | ESS max=0.000041
    [RECOURSE COMPONENTS] gen=-1.512472e+05 | flex=+4.461060e+04 | load_curt=+0.000000e+00 | res_curt=+0.000000e+00 | ess_usage=+0.000000e+00 | slacks=+5.826450e-13 | ess_comp=+2.334573e-02
    [SLACK COMPONENTS] voltage=+5.826450e-13 | node_P=+0.000000e+00 | node_Q=+0.000000e+00 | branch_ij=+0.000000e+00 | branch_ji=+0.000000e+00 | flex_P=+0.000000e+00 | flex_Q=+0.000000e+00
    [SLACK COMPONENT CHECK] classified_delta=+5.826450e-13 | objective_slack_delta=+5.826450e-13 | mismatch=+0.000000e+00
    [RECOURSE COMPONENT CHECK] classified_delta=-1.066366e+05 | block_delta=-1.066366e+05 | mismatch=+5.980837e-09
  TSO node=None year=2035 day=Autumn | previous=3.471843e+07 | current=3.465741e+07 | delta=-6.102251e+04 | abs_delta=6.102251e+04
    [RECOURSE JUMP][TSO PROX] year=2035 day=Autumn | V max=0.000129 | PF max=0.003610 | ESS max=0.000066
    [RECOURSE COMPONENTS] gen=-1.138691e+05 | flex=+5.284740e+04 | load_curt=+0.000000e+00 | res_curt=+0.000000e+00 | ess_usage=+0.000000e+00 | slacks=-1.260425e-07 | ess_comp=-7.727158e-01
    [SLACK COMPONENTS] voltage=-8.281482e-08 | node_P=+0.000000e+00 | node_Q=+0.000000e+00 | branch_ij=+0.000000e+00 | branch_ji=+0.000000e+00 | flex_P=-2.161381e-08 | flex_Q=-2.161381e-08
    [SLACK COMPONENT CHECK] classified_delta=-1.260424e-07 | objective_slack_delta=-1.260425e-07 | mismatch=+7.105427e-15
    [RECOURSE COMPONENT CHECK] classified_delta=-6.102251e+04 | block_delta=-6.102251e+04 | mismatch=-1.586159e-09
  DSO node=9 year=2025 day=Summer | previous=2.749944e+06 | current=2.689051e+06 | delta=-6.089239e+04 | abs_delta=6.089239e+04
    [RECOURSE COMPONENTS] gen=+0.000000e+00 | flex=-6.089029e+04 | load_curt=+0.000000e+00 | res_curt=-2.109616e+00 | ess_usage=+0.000000e+00 | slacks=-4.622554e-06 | ess_comp=+4.514591e-03
    [SLACK COMPONENTS] voltage=-6.741451e-07 | node_P=+0.000000e+00 | node_Q=+0.000000e+00 | branch_ij=+0.000000e+00 | branch_ji=+0.000000e+00 | flex_P=-3.948409e-06 | flex_Q=+0.000000e+00
    [SLACK COMPONENT CHECK] classified_delta=-4.622554e-06 | objective_slack_delta=-4.622554e-06 | mismatch=+2.096101e-13
    [RECOURSE COMPONENT CHECK] classified_delta=-6.089239e+04 | block_delta=-6.089239e+04 | mismatch=-8.731149e-10
  TSO node=None year=2025 day=Summer | previous=9.215297e+07 | current=9.220538e+07 | delta=+5.240979e+04 | abs_delta=5.240979e+04
    [RECOURSE JUMP][TSO PROX] year=2025 day=Summer | V max=0.000130 | PF max=0.005545 | ESS max=0.000643
    [RECOURSE COMPONENTS] gen=+1.730669e+05 | flex=-1.206571e+05 | load_curt=+0.000000e+00 | res_curt=+0.000000e+00 | ess_usage=+0.000000e+00 | slacks=+6.806999e-12 | ess_comp=-1.157861e-04
    [SLACK COMPONENTS] voltage=+6.799894e-12 | node_P=+0.000000e+00 | node_Q=+0.000000e+00 | branch_ij=+0.000000e+00 | branch_ji=+0.000000e+00 | flex_P=+0.000000e+00 | flex_Q=+0.000000e+00
    [SLACK COMPONENT CHECK] classified_delta=+6.799894e-12 | objective_slack_delta=+6.806999e-12 | mismatch=-7.105427e-15
    [RECOURSE COMPONENT CHECK] classified_delta=+5.240979e+04 | block_delta=+5.240979e+04 | mismatch=-1.287844e-09
  DSO node=7 year=2035 day=Spring | previous=6.057865e+06 | current=6.095995e+06 | delta=+3.812998e+04 | abs_delta=3.812998e+04
    [RECOURSE COMPONENTS] gen=+0.000000e+00 | flex=+3.812990e+04 | load_curt=+0.000000e+00 | res_curt=+7.827245e-02 | ess_usage=+0.000000e+00 | slacks=+3.830126e-06 | ess_comp=+9.270666e-04
    [SLACK COMPONENTS] voltage=+1.753322e-07 | node_P=+0.000000e+00 | node_Q=+0.000000e+00 | branch_ij=+0.000000e+00 | branch_ji=+0.000000e+00 | flex_P=+3.654794e-06 | flex_Q=+0.000000e+00
    [SLACK COMPONENT CHECK] classified_delta=+3.830126e-06 | objective_slack_delta=+3.830126e-06 | mismatch=+5.329071e-14
    [RECOURSE COMPONENT CHECK] classified_delta=+3.812998e+04 | block_delta=+3.812998e+04 | mismatch=+5.966285e-10
  DSO node=7 year=2025 day=Summer | previous=1.728374e+06 | current=1.692005e+06 | delta=-3.636901e+04 | abs_delta=3.636901e+04
    [RECOURSE COMPONENTS] gen=+0.000000e+00 | flex=-3.636862e+04 | load_curt=+0.000000e+00 | res_curt=-3.801330e-01 | ess_usage=+0.000000e+00 | slacks=+5.934446e-07 | ess_comp=-1.542308e-03
    [SLACK COMPONENTS] voltage=+1.871781e-07 | node_P=+0.000000e+00 | node_Q=+0.000000e+00 | branch_ij=+0.000000e+00 | branch_ji=+0.000000e+00 | flex_P=+4.062665e-07 | flex_Q=+0.000000e+00
    [SLACK COMPONENT CHECK] classified_delta=+5.934446e-07 | objective_slack_delta=+5.934446e-07 | mismatch=+4.973799e-14
    [RECOURSE COMPONENT CHECK] classified_delta=-3.636901e+04 | block_delta=-3.636901e+04 | mismatch=+1.600711e-10
  DSO node=9 year=2035 day=Spring | previous=9.413178e+06 | current=9.448477e+06 | delta=+3.529889e+04 | abs_delta=3.529889e+04
    [RECOURSE COMPONENTS] gen=+0.000000e+00 | flex=+3.529965e+04 | load_curt=+0.000000e+00 | res_curt=-7.619172e-01 | ess_usage=+0.000000e+00 | slacks=+2.157818e-06 | ess_comp=+1.097732e-03
    [SLACK COMPONENTS] voltage=+4.296939e-07 | node_P=+0.000000e+00 | node_Q=+0.000000e+00 | branch_ij=+0.000000e+00 | branch_ji=+0.000000e+00 | flex_P=+1.728124e-06 | flex_Q=+0.000000e+00
    [SLACK COMPONENT CHECK] classified_delta=+2.157818e-06 | objective_slack_delta=+2.157818e-06 | mismatch=+2.486900e-14
    [RECOURSE COMPONENT CHECK] classified_delta=+3.529889e+04 | block_delta=+3.529889e+04 | mismatch=+1.753506e-09
  DSO node=5 year=2035 day=Spring | previous=9.479820e+06 | current=9.512296e+06 | delta=+3.247647e+04 | abs_delta=3.247647e+04
    [RECOURSE COMPONENTS] gen=+0.000000e+00 | flex=+3.247621e+04 | load_curt=+0.000000e+00 | res_curt=+2.515108e-01 | ess_usage=+0.000000e+00 | slacks=+5.395799e-06 | ess_comp=+8.720843e-04
    [SLACK COMPONENTS] voltage=+2.804447e-07 | node_P=+0.000000e+00 | node_Q=+0.000000e+00 | branch_ij=+0.000000e+00 | branch_ji=+0.000000e+00 | flex_P=+5.115355e-06 | flex_Q=+0.000000e+00
    [SLACK COMPONENT CHECK] classified_delta=+5.395800e-06 | objective_slack_delta=+5.395799e-06 | mismatch=+1.101341e-13
    [RECOURSE COMPONENT CHECK] classified_delta=+3.247647e+04 | block_delta=+3.247647e+04 | mismatch=+1.269655e-09
[INFO]		 - Recourse stationarity failed. 301526.162262 > 82329.469340
[ADMM RHO] V | primal max ratio=0.020 | primal mean ratio=0.002 | primal selected=0.020 | dual mean ratio=0.010 | increase threshold=5.0 | decrease threshold=5.0 | action=held
[ADMM RHO] PF | primal max ratio=0.176 | primal mean ratio=0.021 | primal selected=0.176 | dual mean ratio=0.181 | increase threshold=5.0 | decrease threshold=3.0 | action=held
[ADMM RHO] ESS | primal max ratio=0.013 | primal mean ratio=0.009 | primal selected=0.013 | dual mean ratio=0.009 | increase threshold=5.0 | decrease threshold=5.0 | action=held
[INFO]		 - ADMM cycle 42 | Primal (V max/mean | PF max/mean | ESS max/mean) = 0.000195/0.000002 | 0.001765/0.000021 | 0.001312/0.000091 | Dual (V max/mean | PF max/mean | ESS max/mean) = 0.001926/0.000104 | 0.034573/0.001813 | 0.003463/0.000094 | Recourse change = 301526.162262 (tol. 82329.469340) | Stable cycles = 0/1 | Penalty actions (V/PF/ESS) = held/held/held
[INFO] 	 - Iteration 42: 32.59 s
[INFO] 	 - ADMM Iteration 43
[INFO] 		 - Updating distribution networks:
[INFO] 			 - Running SMOPF, Network case33_1, 2025, Spring...
[INFO] 			 - Running SMOPF, Network case33_1, 2025, Summer...
[INFO] 			 - Running SMOPF, Network case33_1, 2025, Autumn...
[INFO] 			 - Running SMOPF, Network case33_1, 2025, Winter...
[INFO] 			 - Running SMOPF, Network case33_1, 2030, Spring...
[INFO] 			 - Running SMOPF, Network case33_1, 2030, Summer...
[INFO] 			 - Running SMOPF, Network case33_1, 2030, Autumn...
[INFO] 			 - Running SMOPF, Network case33_1, 2030, Winter...
[INFO] 			 - Running SMOPF, Network case33_1, 2035, Spring...
[INFO] 			 - Running SMOPF, Network case33_1, 2035, Summer...
[INFO] 			 - Running SMOPF, Network case33_1, 2035, Autumn...
[INFO] 			 - Running SMOPF, Network case33_1, 2035, Winter...
[INFO] 			 - Running SMOPF, Network case33_2, 2025, Spring...
[INFO] 			 - Running SMOPF, Network case33_2, 2025, Summer...
[INFO] 			 - Running SMOPF, Network case33_2, 2025, Autumn...
[INFO] 			 - Running SMOPF, Network case33_2, 2025, Winter...
[INFO] 			 - Running SMOPF, Network case33_2, 2030, Spring...
[INFO] 			 - Running SMOPF, Network case33_2, 2030, Summer...
[INFO] 			 - Running SMOPF, Network case33_2, 2030, Autumn...
[INFO] 			 - Running SMOPF, Network case33_2, 2030, Winter...
[INFO] 			 - Running SMOPF, Network case33_2, 2035, Spring...
[INFO] 			 - Running SMOPF, Network case33_2, 2035, Summer...
[INFO] 			 - Running SMOPF, Network case33_2, 2035, Autumn...
[INFO] 			 - Running SMOPF, Network case33_2, 2035, Winter...
[INFO] 			 - Running SMOPF, Network case33_3, 2025, Spring...
[INFO] 			 - Running SMOPF, Network case33_3, 2025, Summer...
[INFO] 			 - Running SMOPF, Network case33_3, 2025, Autumn...
[INFO] 			 - Running SMOPF, Network case33_3, 2025, Winter...
[INFO] 			 - Running SMOPF, Network case33_3, 2030, Spring...
[INFO] 			 - Running SMOPF, Network case33_3, 2030, Summer...
[INFO] 			 - Running SMOPF, Network case33_3, 2030, Autumn...
[INFO] 			 - Running SMOPF, Network case33_3, 2030, Winter...
[INFO] 			 - Running SMOPF, Network case33_3, 2035, Spring...
[INFO] 			 - Running SMOPF, Network case33_3, 2035, Summer...
[INFO] 			 - Running SMOPF, Network case33_3, 2035, Autumn...
[INFO] 			 - Running SMOPF, Network case33_3, 2035, Winter...
[INFO] 		 - Updating transmission network...
[INFO] 			 - Running SMOPF, Network case9, 2025, Spring...
[INFO] 			 - Running SMOPF, Network case9, 2025, Summer...
[INFO] 			 - Running SMOPF, Network case9, 2025, Autumn...
[INFO] 			 - Running SMOPF, Network case9, 2025, Winter...
[INFO] 			 - Running SMOPF, Network case9, 2030, Spring...
[INFO] 			 - Running SMOPF, Network case9, 2030, Summer...
[INFO] 			 - Running SMOPF, Network case9, 2030, Autumn...
[INFO] 			 - Running SMOPF, Network case9, 2030, Winter...
[INFO] 			 - Running SMOPF, Network case9, 2035, Spring...
[INFO] 			 - Running SMOPF, Network case9, 2035, Summer...
[INFO] 			 - Running SMOPF, Network case9, 2035, Autumn...
[INFO] 			 - Running SMOPF, Network case9, 2035, Winter...
[TSO PROX] cycle=43 | updated_blocks=12 | held_failed_blocks=0 | V max=0.000617 | PF max=0.006648 | ESS max=0.000724
[TSO PROX][V MAX] node=5, year=2035, day=Summer, period=14 | dV=0.212783 kV | normalized=0.000617
[TSO PROX][PF MAX] node=7, year=2025, day=Spring, period=23, type=P | delta=0.664791 MW | normalized=0.006648
[TSO PROX][ESS MAX] node=7, year=2025, day=Spring, period=3, type=P | delta=0.001403 MW | normalized=0.000724
[INFO] 		 - Updating SharedESS...
[INFO] 		 - Running Shared ESS optimization (subproblem)...
[INFO] 			 - Node 5...
[INFO] Shared ESS complementarity diagnostics for ESS node=5: ratio_max=2.569715e-05 n_periods=288 mu_final=4.925639e-09 s_obj=1.000000e-01 eps=1.000000e-03 bound=1.418584e-02 measured=8.062120e-03
[INFO] 			 - Node 7...
[INFO] Shared ESS complementarity diagnostics for ESS node=7: ratio_max=2.572631e-05 n_periods=288 mu_final=4.957382e-09 s_obj=1.000000e-01 eps=1.000000e-03 bound=1.427726e-02 measured=8.078024e-03
[INFO] 			 - Node 9...
[INFO] Shared ESS complementarity diagnostics for ESS node=9: ratio_max=2.570084e-05 n_periods=288 mu_final=4.942122e-09 s_obj=1.000000e-01 eps=1.000000e-03 bound=1.423331e-02 measured=8.081956e-03
[INFO]		 - Primal residuals ok!
[INFO]		 - Dual residuals ok!
[RECOURSE JUMP] cycle=43 | abs_change=3.177522e+05 | tol=8.229932e+04 | signed_change=-3.177522e+05
[RECOURSE JUMP] Reconciliation | previous=8.229932e+08 | current=8.226754e+08 | block_delta=-3.177522e+05 | mismatch=-2.384186e-07
[RECOURSE JUMP] Aggregate signed changes:
  TSO | delta=-3.646709e+05
  DSO node=5 | delta=+4.470225e+04
  DSO node=7 | delta=+2.772725e+04
  DSO node=9 | delta=-2.551075e+04
  SALVAGE | delta=-2.713633e-35
[RECOURSE JUMP] Largest 10 block changes:
  TSO node=None year=2035 day=Spring | previous=6.074381e+07 | current=6.059764e+07 | delta=-1.461673e+05 | abs_delta=1.461673e+05
    [RECOURSE JUMP][TSO PROX] year=2035 day=Spring | V max=0.000121 | PF max=0.005251 | ESS max=0.000033
    [RECOURSE COMPONENTS] gen=-2.427532e+05 | flex=+9.658582e+04 | load_curt=+0.000000e+00 | res_curt=+0.000000e+00 | ess_usage=+0.000000e+00 | slacks=+2.161144e-09 | ess_comp=+2.957118e-02
    [SLACK COMPONENTS] voltage=+1.425093e-09 | node_P=+0.000000e+00 | node_Q=+0.000000e+00 | branch_ij=+0.000000e+00 | branch_ji=+0.000000e+00 | flex_P=+3.680212e-10 | flex_Q=+3.680212e-10
    [SLACK COMPONENT CHECK] classified_delta=+2.161135e-09 | objective_slack_delta=+2.161144e-09 | mismatch=-8.881784e-15
    [RECOURSE COMPONENT CHECK] classified_delta=-1.461673e+05 | block_delta=-1.461673e+05 | mismatch=-1.868466e-08
  TSO node=None year=2025 day=Spring | previous=7.774182e+07 | current=7.763273e+07 | delta=-1.090821e+05 | abs_delta=1.090821e+05
    [RECOURSE JUMP][TSO PROX] year=2025 day=Spring | V max=0.000092 | PF max=0.006648 | ESS max=0.000724
    [RECOURSE COMPONENTS] gen=-1.570193e+05 | flex=+4.793727e+04 | load_curt=+0.000000e+00 | res_curt=+0.000000e+00 | ess_usage=+0.000000e+00 | slacks=-3.713822e-09 | ess_comp=-5.338675e-04
    [SLACK COMPONENTS] voltage=-2.453049e-09 | node_P=+0.000000e+00 | node_Q=+0.000000e+00 | branch_ij=+0.000000e+00 | branch_ji=+0.000000e+00 | flex_P=-6.303815e-10 | flex_Q=-6.303815e-10
    [SLACK COMPONENT CHECK] classified_delta=-3.713812e-09 | objective_slack_delta=-3.713822e-09 | mismatch=+9.769963e-15
    [RECOURSE COMPONENT CHECK] classified_delta=-1.090821e+05 | block_delta=-1.090821e+05 | mismatch=+1.993612e-09
  TSO node=None year=2030 day=Spring | previous=5.842535e+07 | current=5.831942e+07 | delta=-1.059259e+05 | abs_delta=1.059259e+05
    [RECOURSE JUMP][TSO PROX] year=2030 day=Spring | V max=0.000096 | PF max=0.004601 | ESS max=0.000024
    [RECOURSE COMPONENTS] gen=-1.564254e+05 | flex=+5.049951e+04 | load_curt=+0.000000e+00 | res_curt=+0.000000e+00 | ess_usage=+0.000000e+00 | slacks=+1.868727e-12 | ess_comp=-3.942845e-02
    [SLACK COMPONENTS] voltage=+1.868727e-12 | node_P=+0.000000e+00 | node_Q=+0.000000e+00 | branch_ij=+0.000000e+00 | branch_ji=+0.000000e+00 | flex_P=+0.000000e+00 | flex_Q=+0.000000e+00
    [SLACK COMPONENT CHECK] classified_delta=+1.868727e-12 | objective_slack_delta=+1.868727e-12 | mismatch=+0.000000e+00
    [RECOURSE COMPONENT CHECK] classified_delta=-1.059259e+05 | block_delta=-1.059259e+05 | mismatch=+6.766641e-09
  TSO node=None year=2035 day=Autumn | previous=3.465741e+07 | current=3.459684e+07 | delta=-6.056397e+04 | abs_delta=6.056397e+04
    [RECOURSE JUMP][TSO PROX] year=2035 day=Autumn | V max=0.000128 | PF max=0.003589 | ESS max=0.000067
    [RECOURSE COMPONENTS] gen=-1.129924e+05 | flex=+5.242861e+04 | load_curt=+0.000000e+00 | res_curt=+0.000000e+00 | ess_usage=+0.000000e+00 | slacks=+4.745409e-09 | ess_comp=-2.192635e-01
    [SLACK COMPONENTS] voltage=+3.117314e-09 | node_P=+0.000000e+00 | node_Q=+0.000000e+00 | branch_ij=+0.000000e+00 | branch_ji=+0.000000e+00 | flex_P=+8.140439e-10 | flex_Q=+8.140439e-10
    [SLACK COMPONENT CHECK] classified_delta=+4.745402e-09 | objective_slack_delta=+4.745409e-09 | mismatch=-7.105427e-15
    [RECOURSE COMPONENT CHECK] classified_delta=-6.056397e+04 | block_delta=-6.056397e+04 | mismatch=-1.957233e-09
  TSO node=None year=2025 day=Summer | previous=9.220538e+07 | current=9.226177e+07 | delta=+5.638328e+04 | abs_delta=5.638328e+04
    [RECOURSE JUMP][TSO PROX] year=2025 day=Summer | V max=0.000130 | PF max=0.005309 | ESS max=0.000643
    [RECOURSE COMPONENTS] gen=+1.693134e+05 | flex=-1.129301e+05 | load_curt=+0.000000e+00 | res_curt=+0.000000e+00 | ess_usage=+0.000000e+00 | slacks=+6.828316e-12 | ess_comp=-1.213392e-04
    [SLACK COMPONENTS] voltage=+6.828316e-12 | node_P=+0.000000e+00 | node_Q=+0.000000e+00 | branch_ij=+0.000000e+00 | branch_ji=+0.000000e+00 | flex_P=+0.000000e+00 | flex_Q=+0.000000e+00
    [SLACK COMPONENT CHECK] classified_delta=+6.828316e-12 | objective_slack_delta=+6.828316e-12 | mismatch=+0.000000e+00
    [RECOURSE COMPONENT CHECK] classified_delta=+5.638328e+04 | block_delta=+5.638328e+04 | mismatch=-3.703462e-09
  DSO node=9 year=2025 day=Summer | previous=2.689051e+06 | current=2.633866e+06 | delta=-5.518474e+04 | abs_delta=5.518474e+04
    [RECOURSE COMPONENTS] gen=+0.000000e+00 | flex=-5.518182e+04 | load_curt=+0.000000e+00 | res_curt=-2.914106e+00 | ess_usage=+0.000000e+00 | slacks=+9.209609e-06 | ess_comp=-4.513938e-03
    [SLACK COMPONENTS] voltage=-1.047789e-08 | node_P=+0.000000e+00 | node_Q=+0.000000e+00 | branch_ij=+0.000000e+00 | branch_ji=+0.000000e+00 | flex_P=+9.220087e-06 | flex_Q=+0.000000e+00
    [SLACK COMPONENT CHECK] classified_delta=+9.209609e-06 | objective_slack_delta=+9.209609e-06 | mismatch=+2.486900e-14
    [RECOURSE COMPONENT CHECK] classified_delta=-5.518474e+04 | block_delta=-5.518474e+04 | mismatch=+4.947651e-10
  DSO node=7 year=2035 day=Spring | previous=6.095995e+06 | current=6.133670e+06 | delta=+3.767433e+04 | abs_delta=3.767433e+04
    [RECOURSE COMPONENTS] gen=+0.000000e+00 | flex=+3.767422e+04 | load_curt=+0.000000e+00 | res_curt=+1.163972e-01 | ess_usage=+0.000000e+00 | slacks=-5.794799e-07 | ess_comp=+5.217746e-04
    [SLACK COMPONENTS] voltage=+5.686502e-09 | node_P=+0.000000e+00 | node_Q=+0.000000e+00 | branch_ij=+0.000000e+00 | branch_ji=+0.000000e+00 | flex_P=-5.851664e-07 | flex_Q=+0.000000e+00
    [SLACK COMPONENT CHECK] classified_delta=-5.794799e-07 | objective_slack_delta=-5.794799e-07 | mismatch=+2.486900e-14
    [RECOURSE COMPONENT CHECK] classified_delta=+3.767433e+04 | block_delta=+3.767433e+04 | mismatch=-2.037268e-10
  DSO node=9 year=2035 day=Spring | previous=9.448477e+06 | current=9.483662e+06 | delta=+3.518480e+04 | abs_delta=3.518480e+04
    [RECOURSE COMPONENTS] gen=+0.000000e+00 | flex=+3.518560e+04 | load_curt=+0.000000e+00 | res_curt=-8.045922e-01 | ess_usage=+0.000000e+00 | slacks=-7.733772e-06 | ess_comp=+5.698199e-04
    [SLACK COMPONENTS] voltage=+1.278346e-07 | node_P=+0.000000e+00 | node_Q=+0.000000e+00 | branch_ij=+0.000000e+00 | branch_ji=+0.000000e+00 | flex_P=-7.861607e-06 | flex_Q=+0.000000e+00
    [SLACK COMPONENT CHECK] classified_delta=-7.733772e-06 | objective_slack_delta=-7.733772e-06 | mismatch=-6.039613e-14
    [RECOURSE COMPONENT CHECK] classified_delta=+3.518480e+04 | block_delta=+3.518480e+04 | mismatch=+1.855369e-09
  DSO node=7 year=2025 day=Summer | previous=1.692005e+06 | current=1.659008e+06 | delta=-3.299664e+04 | abs_delta=3.299664e+04
    [RECOURSE COMPONENTS] gen=+0.000000e+00 | flex=-3.299622e+04 | load_curt=+0.000000e+00 | res_curt=-4.240276e-01 | ess_usage=+0.000000e+00 | slacks=-1.131261e-05 | ess_comp=-3.115976e-03
    [SLACK COMPONENTS] voltage=+1.437390e-07 | node_P=+0.000000e+00 | node_Q=+0.000000e+00 | branch_ij=+0.000000e+00 | branch_ji=+0.000000e+00 | flex_P=-1.145635e-05 | flex_Q=+0.000000e+00
    [SLACK COMPONENT CHECK] classified_delta=-1.131261e-05 | objective_slack_delta=-1.131261e-05 | mismatch=+1.065814e-13
    [RECOURSE COMPONENT CHECK] classified_delta=-3.299664e+04 | block_delta=-3.299664e+04 | mismatch=+1.236913e-10
  DSO node=9 year=2030 day=Summer | previous=4.301569e+06 | current=4.277031e+06 | delta=-2.453876e+04 | abs_delta=2.453876e+04
    [RECOURSE COMPONENTS] gen=+0.000000e+00 | flex=-2.453586e+04 | load_curt=+0.000000e+00 | res_curt=-2.903755e+00 | ess_usage=+0.000000e+00 | slacks=+1.677161e-06 | ess_comp=+1.391332e-04
    [SLACK COMPONENTS] voltage=+5.011073e-07 | node_P=+0.000000e+00 | node_Q=+0.000000e+00 | branch_ij=+0.000000e+00 | branch_ji=+0.000000e+00 | flex_P=+1.169562e-06 | flex_Q=+6.491369e-09
    [SLACK COMPONENT CHECK] classified_delta=+1.677160e-06 | objective_slack_delta=+1.677161e-06 | mismatch=-3.588241e-13
    [RECOURSE COMPONENT CHECK] classified_delta=-2.453876e+04 | block_delta=-2.453876e+04 | mismatch=+7.566996e-10
[INFO]		 - Recourse stationarity failed. 317752.184199 > 82299.316723
[ADMM RHO] V | primal max ratio=0.017 | primal mean ratio=0.001 | primal selected=0.017 | dual mean ratio=0.010 | increase threshold=5.0 | decrease threshold=5.0 | action=held
[ADMM RHO] PF | primal max ratio=0.358 | primal mean ratio=0.020 | primal selected=0.358 | dual mean ratio=0.175 | increase threshold=5.0 | decrease threshold=3.0 | action=held
[ADMM RHO] ESS | primal max ratio=0.017 | primal mean ratio=0.008 | primal selected=0.017 | dual mean ratio=0.010 | increase threshold=5.0 | decrease threshold=5.0 | action=held
[INFO]		 - ADMM cycle 43 | Primal (V max/mean | PF max/mean | ESS max/mean) = 0.000170/0.000001 | 0.003581/0.000020 | 0.001658/0.000080 | Dual (V max/mean | PF max/mean | ESS max/mean) = 0.001388/0.000102 | 0.034585/0.001752 | 0.003241/0.000101 | Recourse change = 317752.184199 (tol. 82299.316723) | Stable cycles = 0/1 | Penalty actions (V/PF/ESS) = held/held/held
[INFO] 	 - Iteration 43: 32.27 s
[INFO] 	 - ADMM Iteration 44
[INFO] 		 - Updating distribution networks:
[INFO] 			 - Running SMOPF, Network case33_1, 2025, Spring...
[INFO] 			 - Running SMOPF, Network case33_1, 2025, Summer...
[INFO] 			 - Running SMOPF, Network case33_1, 2025, Autumn...
[INFO] 			 - Running SMOPF, Network case33_1, 2025, Winter...
[INFO] 			 - Running SMOPF, Network case33_1, 2030, Spring...
[INFO] 			 - Running SMOPF, Network case33_1, 2030, Summer...
[INFO] 			 - Running SMOPF, Network case33_1, 2030, Autumn...
[INFO] 			 - Running SMOPF, Network case33_1, 2030, Winter...
[INFO] 			 - Running SMOPF, Network case33_1, 2035, Spring...
[INFO] 			 - Running SMOPF, Network case33_1, 2035, Summer...
[INFO] 			 - Running SMOPF, Network case33_1, 2035, Autumn...
[INFO] 			 - Running SMOPF, Network case33_1, 2035, Winter...
[INFO] 			 - Running SMOPF, Network case33_2, 2025, Spring...
[INFO] 			 - Running SMOPF, Network case33_2, 2025, Summer...
[INFO] 			 - Running SMOPF, Network case33_2, 2025, Autumn...
[INFO] 			 - Running SMOPF, Network case33_2, 2025, Winter...
[INFO] 			 - Running SMOPF, Network case33_2, 2030, Spring...
[INFO] 			 - Running SMOPF, Network case33_2, 2030, Summer...
[INFO] 			 - Running SMOPF, Network case33_2, 2030, Autumn...
[INFO] 			 - Running SMOPF, Network case33_2, 2030, Winter...
[INFO] 			 - Running SMOPF, Network case33_2, 2035, Spring...
[INFO] 			 - Running SMOPF, Network case33_2, 2035, Summer...
[INFO] 			 - Running SMOPF, Network case33_2, 2035, Autumn...
[INFO] 			 - Running SMOPF, Network case33_2, 2035, Winter...
[INFO] 			 - Running SMOPF, Network case33_3, 2025, Spring...
[INFO] 			 - Running SMOPF, Network case33_3, 2025, Summer...
[INFO] 			 - Running SMOPF, Network case33_3, 2025, Autumn...
[INFO] 			 - Running SMOPF, Network case33_3, 2025, Winter...
[INFO] 			 - Running SMOPF, Network case33_3, 2030, Spring...
[INFO] 			 - Running SMOPF, Network case33_3, 2030, Summer...
[INFO] 			 - Running SMOPF, Network case33_3, 2030, Autumn...
[INFO] 			 - Running SMOPF, Network case33_3, 2030, Winter...
[INFO] 			 - Running SMOPF, Network case33_3, 2035, Spring...
[INFO] 			 - Running SMOPF, Network case33_3, 2035, Summer...
[INFO] 			 - Running SMOPF, Network case33_3, 2035, Autumn...
[INFO] 			 - Running SMOPF, Network case33_3, 2035, Winter...
[INFO] 		 - Updating transmission network...
[INFO] 			 - Running SMOPF, Network case9, 2025, Spring...
[INFO] 			 - Running SMOPF, Network case9, 2025, Summer...
[INFO] 			 - Running SMOPF, Network case9, 2025, Autumn...
[INFO] 			 - Running SMOPF, Network case9, 2025, Winter...
[INFO] 			 - Running SMOPF, Network case9, 2030, Spring...
[INFO] 			 - Running SMOPF, Network case9, 2030, Summer...
[INFO] 			 - Running SMOPF, Network case9, 2030, Autumn...
[INFO] 			 - Running SMOPF, Network case9, 2030, Winter...
[INFO] 			 - Running SMOPF, Network case9, 2035, Spring...
[INFO] 			 - Running SMOPF, Network case9, 2035, Summer...
[INFO] 			 - Running SMOPF, Network case9, 2035, Autumn...
[INFO] 			 - Running SMOPF, Network case9, 2035, Winter...
[TSO PROX] cycle=44 | updated_blocks=12 | held_failed_blocks=0 | V max=0.000491 | PF max=0.006636 | ESS max=0.000723
[TSO PROX][V MAX] node=5, year=2035, day=Summer, period=14 | dV=0.169302 kV | normalized=0.000491
[TSO PROX][PF MAX] node=7, year=2025, day=Spring, period=23, type=P | delta=0.663635 MW | normalized=0.006636
[TSO PROX][ESS MAX] node=7, year=2025, day=Spring, period=3, type=P | delta=0.001400 MW | normalized=0.000723
[INFO] 		 - Updating SharedESS...
[INFO] 		 - Running Shared ESS optimization (subproblem)...
[INFO] 			 - Node 5...
[INFO] Shared ESS complementarity diagnostics for ESS node=5: ratio_max=2.569250e-05 n_periods=288 mu_final=4.903519e-09 s_obj=1.000000e-01 eps=1.000000e-03 bound=1.412213e-02 measured=8.120060e-03
[INFO] 			 - Node 7...
[INFO] Shared ESS complementarity diagnostics for ESS node=7: ratio_max=2.576629e-05 n_periods=288 mu_final=4.940075e-09 s_obj=1.000000e-01 eps=1.000000e-03 bound=1.422742e-02 measured=8.085266e-03
[INFO] 			 - Node 9...
[INFO] Shared ESS complementarity diagnostics for ESS node=9: ratio_max=2.569704e-05 n_periods=288 mu_final=4.930283e-09 s_obj=1.000000e-01 eps=1.000000e-03 bound=1.419922e-02 measured=8.085174e-03
[INFO]		 - Primal residuals ok!
[INFO]		 - Dual residuals ok!
[RECOURSE JUMP] cycle=44 | abs_change=2.982759e+05 | tol=8.226754e+04 | signed_change=-2.982759e+05
[RECOURSE JUMP] Reconciliation | previous=8.226754e+08 | current=8.223771e+08 | block_delta=-2.982759e+05 | mismatch=-2.384186e-07
[RECOURSE JUMP] Aggregate signed changes:
  TSO | delta=-3.571325e+05
  DSO node=5 | delta=+4.544612e+04
  DSO node=7 | delta=+3.244543e+04
  DSO node=9 | delta=-1.903500e+04
  SALVAGE | delta=+1.911939e-35
[RECOURSE JUMP] Largest 10 block changes:
  TSO node=None year=2035 day=Spring | previous=6.059764e+07 | current=6.045301e+07 | delta=-1.446306e+05 | abs_delta=1.446306e+05
    [RECOURSE JUMP][TSO PROX] year=2035 day=Spring | V max=0.000121 | PF max=0.005248 | ESS max=0.000028
    [RECOURSE COMPONENTS] gen=-2.379562e+05 | flex=+9.332554e+04 | load_curt=+0.000000e+00 | res_curt=+0.000000e+00 | ess_usage=+0.000000e+00 | slacks=+5.849330e-10 | ess_comp=+1.163793e-02
    [SLACK COMPONENTS] voltage=+3.899672e-10 | node_P=+0.000000e+00 | node_Q=+0.000000e+00 | branch_ij=+0.000000e+00 | branch_ji=+0.000000e+00 | flex_P=+9.749090e-11 | flex_Q=+9.749090e-11
    [SLACK COMPONENT CHECK] classified_delta=+5.849490e-10 | objective_slack_delta=+5.849330e-10 | mismatch=+1.598721e-14
    [RECOURSE COMPONENT CHECK] classified_delta=-1.446306e+05 | block_delta=-1.446306e+05 | mismatch=+1.050648e-08
  TSO node=None year=2030 day=Spring | previous=5.831942e+07 | current=5.821163e+07 | delta=-1.077948e+05 | abs_delta=1.077948e+05
    [RECOURSE JUMP][TSO PROX] year=2030 day=Spring | V max=0.000098 | PF max=0.004544 | ESS max=0.000023
    [RECOURSE COMPONENTS] gen=-1.594350e+05 | flex=+5.164025e+04 | load_curt=+0.000000e+00 | res_curt=+0.000000e+00 | ess_usage=+0.000000e+00 | slacks=+1.854517e-12 | ess_comp=-6.509836e-02
    [SLACK COMPONENTS] voltage=+1.854517e-12 | node_P=+0.000000e+00 | node_Q=+0.000000e+00 | branch_ij=+0.000000e+00 | branch_ji=+0.000000e+00 | flex_P=+0.000000e+00 | flex_Q=+0.000000e+00
    [SLACK COMPONENT CHECK] classified_delta=+1.854517e-12 | objective_slack_delta=+1.854517e-12 | mismatch=+0.000000e+00
    [RECOURSE COMPONENT CHECK] classified_delta=-1.077948e+05 | block_delta=-1.077948e+05 | mismatch=-7.566996e-10
  TSO node=None year=2025 day=Spring | previous=7.763273e+07 | current=7.752655e+07 | delta=-1.061809e+05 | abs_delta=1.061809e+05
    [RECOURSE JUMP][TSO PROX] year=2025 day=Spring | V max=0.000093 | PF max=0.006636 | ESS max=0.000723
    [RECOURSE COMPONENTS] gen=-1.524145e+05 | flex=+4.623360e+04 | load_curt=+0.000000e+00 | res_curt=+0.000000e+00 | ess_usage=+0.000000e+00 | slacks=+1.443510e-09 | ess_comp=-9.158680e-05
    [SLACK COMPONENTS] voltage=+9.523120e-10 | node_P=+0.000000e+00 | node_Q=+0.000000e+00 | branch_ij=+0.000000e+00 | branch_ji=+0.000000e+00 | flex_P=+2.455991e-10 | flex_Q=+2.455991e-10
    [SLACK COMPONENT CHECK] classified_delta=+1.443510e-09 | objective_slack_delta=+1.443510e-09 | mismatch=+0.000000e+00
    [RECOURSE COMPONENT CHECK] classified_delta=-1.061809e+05 | block_delta=-1.061809e+05 | mismatch=-1.213630e-08
  TSO node=None year=2035 day=Autumn | previous=3.459684e+07 | current=3.453915e+07 | delta=-5.769357e+04 | abs_delta=5.769357e+04
    [RECOURSE JUMP][TSO PROX] year=2035 day=Autumn | V max=0.000127 | PF max=0.003577 | ESS max=0.000068
    [RECOURSE COMPONENTS] gen=-1.076636e+05 | flex=+4.997010e+04 | load_curt=+0.000000e+00 | res_curt=+0.000000e+00 | ess_usage=+0.000000e+00 | slacks=-3.179554e-08 | ess_comp=-1.028781e-01
    [SLACK COMPONENTS] voltage=-2.088795e-08 | node_P=+0.000000e+00 | node_Q=+0.000000e+00 | branch_ij=+0.000000e+00 | branch_ji=+0.000000e+00 | flex_P=-5.453800e-09 | flex_Q=-5.453800e-09
    [SLACK COMPONENT CHECK] classified_delta=-3.179555e-08 | objective_slack_delta=-3.179554e-08 | mismatch=-7.993606e-15
    [RECOURSE COMPONENT CHECK] classified_delta=-5.769357e+04 | block_delta=-5.769357e+04 | mismatch=-1.906301e-09
  DSO node=9 year=2025 day=Summer | previous=2.633866e+06 | current=2.578992e+06 | delta=-5.487441e+04 | abs_delta=5.487441e+04
    [RECOURSE COMPONENTS] gen=+0.000000e+00 | flex=-5.487234e+04 | load_curt=+0.000000e+00 | res_curt=-2.078357e+00 | ess_usage=+0.000000e+00 | slacks=+4.009790e-06 | ess_comp=+4.818440e-03
    [SLACK COMPONENTS] voltage=+6.105784e-07 | node_P=+0.000000e+00 | node_Q=+0.000000e+00 | branch_ij=+0.000000e+00 | branch_ji=+0.000000e+00 | flex_P=+3.399211e-06 | flex_Q=+0.000000e+00
    [SLACK COMPONENT CHECK] classified_delta=+4.009789e-06 | objective_slack_delta=+4.009790e-06 | mismatch=-1.350031e-13
    [RECOURSE COMPONENT CHECK] classified_delta=-5.487441e+04 | block_delta=-5.487441e+04 | mismatch=-3.929017e-10
  TSO node=None year=2025 day=Summer | previous=9.226177e+07 | current=9.231501e+07 | delta=+5.324901e+04 | abs_delta=5.324901e+04
    [RECOURSE JUMP][TSO PROX] year=2025 day=Summer | V max=0.000130 | PF max=0.005192 | ESS max=0.000643
    [RECOURSE COMPONENTS] gen=+1.624942e+05 | flex=-1.092452e+05 | load_curt=+0.000000e+00 | res_curt=+0.000000e+00 | ess_usage=+0.000000e+00 | slacks=+6.863843e-12 | ess_comp=-1.394602e-04
    [SLACK COMPONENTS] voltage=+6.863843e-12 | node_P=+0.000000e+00 | node_Q=+0.000000e+00 | branch_ij=+0.000000e+00 | branch_ji=+0.000000e+00 | flex_P=+0.000000e+00 | flex_Q=+0.000000e+00
    [SLACK COMPONENT CHECK] classified_delta=+6.863843e-12 | objective_slack_delta=+6.863843e-12 | mismatch=+0.000000e+00
    [RECOURSE COMPONENT CHECK] classified_delta=+5.324901e+04 | block_delta=+5.324901e+04 | mismatch=+1.744047e-08
  DSO node=7 year=2035 day=Spring | previous=6.133670e+06 | current=6.171538e+06 | delta=+3.786841e+04 | abs_delta=3.786841e+04
    [RECOURSE COMPONENTS] gen=+0.000000e+00 | flex=+3.786830e+04 | load_curt=+0.000000e+00 | res_curt=+1.121515e-01 | ess_usage=+0.000000e+00 | slacks=-3.768213e-08 | ess_comp=+3.868130e-04
    [SLACK COMPONENTS] voltage=+2.861901e-08 | node_P=+0.000000e+00 | node_Q=+0.000000e+00 | branch_ij=+0.000000e+00 | branch_ji=+0.000000e+00 | flex_P=-6.630108e-08 | flex_Q=+0.000000e+00
    [SLACK COMPONENT CHECK] classified_delta=-3.768207e-08 | objective_slack_delta=-3.768213e-08 | mismatch=+5.684342e-14
    [RECOURSE COMPONENT CHECK] classified_delta=+3.786841e+04 | block_delta=+3.786841e+04 | mismatch=+2.473826e-10
  TSO node=None year=2030 day=Summer | previous=7.026983e+07 | current=7.030579e+07 | delta=+3.596072e+04 | abs_delta=3.596072e+04
    [RECOURSE JUMP][TSO PROX] year=2030 day=Summer | V max=0.000133 | PF max=0.003771 | ESS max=0.000083
    [RECOURSE COMPONENTS] gen=+7.602644e+04 | flex=-4.006555e+04 | load_curt=+0.000000e+00 | res_curt=+0.000000e+00 | ess_usage=+0.000000e+00 | slacks=+4.519052e-12 | ess_comp=-1.796108e-01
    [SLACK COMPONENTS] voltage=+4.519052e-12 | node_P=+0.000000e+00 | node_Q=+0.000000e+00 | branch_ij=+0.000000e+00 | branch_ji=+0.000000e+00 | flex_P=+0.000000e+00 | flex_Q=+0.000000e+00
    [SLACK COMPONENT CHECK] classified_delta=+4.519052e-12 | objective_slack_delta=+4.519052e-12 | mismatch=+0.000000e+00
    [RECOURSE COMPONENT CHECK] classified_delta=+3.596072e+04 | block_delta=+3.596072e+04 | mismatch=-3.405148e-09
  DSO node=9 year=2035 day=Spring | previous=9.483662e+06 | current=9.519090e+06 | delta=+3.542797e+04 | abs_delta=3.542797e+04
    [RECOURSE COMPONENTS] gen=+0.000000e+00 | flex=+3.542888e+04 | load_curt=+0.000000e+00 | res_curt=-9.080049e-01 | ess_usage=+0.000000e+00 | slacks=-1.711206e-06 | ess_comp=+4.133726e-04
    [SLACK COMPONENTS] voltage=+3.596494e-08 | node_P=+0.000000e+00 | node_Q=+0.000000e+00 | branch_ij=+0.000000e+00 | branch_ji=+0.000000e+00 | flex_P=-1.747171e-06 | flex_Q=+0.000000e+00
    [SLACK COMPONENT CHECK] classified_delta=-1.711206e-06 | objective_slack_delta=-1.711206e-06 | mismatch=-7.460699e-14
    [RECOURSE COMPONENT CHECK] classified_delta=+3.542797e+04 | block_delta=+3.542797e+04 | mismatch=-1.273293e-09
  DSO node=7 year=2025 day=Summer | previous=1.659008e+06 | current=1.628795e+06 | delta=-3.021354e+04 | abs_delta=3.021354e+04
    [RECOURSE COMPONENTS] gen=+0.000000e+00 | flex=-3.021320e+04 | load_curt=+0.000000e+00 | res_curt=-3.391226e-01 | ess_usage=+0.000000e+00 | slacks=-1.342174e-05 | ess_comp=+3.062264e-03
    [SLACK COMPONENTS] voltage=-9.880931e-07 | node_P=+0.000000e+00 | node_Q=+0.000000e+00 | branch_ij=+0.000000e+00 | branch_ji=+0.000000e+00 | flex_P=-1.243365e-05 | flex_Q=+0.000000e+00
    [SLACK COMPONENT CHECK] classified_delta=-1.342174e-05 | objective_slack_delta=-1.342174e-05 | mismatch=-2.167155e-13
    [RECOURSE COMPONENT CHECK] classified_delta=-3.021354e+04 | block_delta=-3.021354e+04 | mismatch=-3.892637e-10
[INFO]		 - Recourse stationarity failed. 298275.914119 > 82267.541505
[ADMM RHO] V | primal max ratio=0.013 | primal mean ratio=0.001 | primal selected=0.013 | dual mean ratio=0.010 | increase threshold=5.0 | decrease threshold=5.0 | action=held
[ADMM RHO] PF | primal max ratio=0.375 | primal mean ratio=0.023 | primal selected=0.375 | dual mean ratio=0.170 | increase threshold=5.0 | decrease threshold=3.0 | action=held
[ADMM RHO] ESS | primal max ratio=0.020 | primal mean ratio=0.007 | primal selected=0.020 | dual mean ratio=0.011 | increase threshold=5.0 | decrease threshold=5.0 | action=held
[INFO]		 - ADMM cycle 44 | Primal (V max/mean | PF max/mean | ESS max/mean) = 0.000135/0.000001 | 0.003755/0.000023 | 0.001963/0.000070 | Dual (V max/mean | PF max/mean | ESS max/mean) = 0.001104/0.000101 | 0.034525/0.001700 | 0.002943/0.000107 | Recourse change = 298275.914119 (tol. 82267.541505) | Stable cycles = 0/1 | Penalty actions (V/PF/ESS) = held/held/held
[INFO] 	 - Iteration 44: 31.94 s
[INFO] 	 - ADMM Iteration 45
[INFO] 		 - Updating distribution networks:
[INFO] 			 - Running SMOPF, Network case33_1, 2025, Spring...
[INFO] 			 - Running SMOPF, Network case33_1, 2025, Summer...
[INFO] 			 - Running SMOPF, Network case33_1, 2025, Autumn...
[INFO] 			 - Running SMOPF, Network case33_1, 2025, Winter...
[INFO] 			 - Running SMOPF, Network case33_1, 2030, Spring...
[INFO] 			 - Running SMOPF, Network case33_1, 2030, Summer...
[INFO] 			 - Running SMOPF, Network case33_1, 2030, Autumn...
[INFO] 			 - Running SMOPF, Network case33_1, 2030, Winter...
[INFO] 			 - Running SMOPF, Network case33_1, 2035, Spring...
[INFO] 			 - Running SMOPF, Network case33_1, 2035, Summer...
[INFO] 			 - Running SMOPF, Network case33_1, 2035, Autumn...
[INFO] 			 - Running SMOPF, Network case33_1, 2035, Winter...
[INFO] 			 - Running SMOPF, Network case33_2, 2025, Spring...
[INFO] 			 - Running SMOPF, Network case33_2, 2025, Summer...
[INFO] 			 - Running SMOPF, Network case33_2, 2025, Autumn...
[INFO] 			 - Running SMOPF, Network case33_2, 2025, Winter...
[INFO] 			 - Running SMOPF, Network case33_2, 2030, Spring...
[INFO] 			 - Running SMOPF, Network case33_2, 2030, Summer...
[INFO] 			 - Running SMOPF, Network case33_2, 2030, Autumn...
[INFO] 			 - Running SMOPF, Network case33_2, 2030, Winter...
[INFO] 			 - Running SMOPF, Network case33_2, 2035, Spring...
[INFO] 			 - Running SMOPF, Network case33_2, 2035, Summer...
[INFO] 			 - Running SMOPF, Network case33_2, 2035, Autumn...
[INFO] 			 - Running SMOPF, Network case33_2, 2035, Winter...
[INFO] 			 - Running SMOPF, Network case33_3, 2025, Spring...
[INFO] 			 - Running SMOPF, Network case33_3, 2025, Summer...
[INFO] 			 - Running SMOPF, Network case33_3, 2025, Autumn...
[INFO] 			 - Running SMOPF, Network case33_3, 2025, Winter...
[INFO] 			 - Running SMOPF, Network case33_3, 2030, Spring...
[INFO] 			 - Running SMOPF, Network case33_3, 2030, Summer...
[INFO] 			 - Running SMOPF, Network case33_3, 2030, Autumn...
[INFO] 			 - Running SMOPF, Network case33_3, 2030, Winter...
[INFO] 			 - Running SMOPF, Network case33_3, 2035, Spring...
[INFO] 			 - Running SMOPF, Network case33_3, 2035, Summer...
[INFO] 			 - Running SMOPF, Network case33_3, 2035, Autumn...
[INFO] 			 - Running SMOPF, Network case33_3, 2035, Winter...
[INFO] 		 - Updating transmission network...
[INFO] 			 - Running SMOPF, Network case9, 2025, Spring...
[INFO] 			 - Running SMOPF, Network case9, 2025, Summer...
[INFO] 			 - Running SMOPF, Network case9, 2025, Autumn...
[INFO] 			 - Running SMOPF, Network case9, 2025, Winter...
[INFO] 			 - Running SMOPF, Network case9, 2030, Spring...
[INFO] 			 - Running SMOPF, Network case9, 2030, Summer...
[INFO] 			 - Running SMOPF, Network case9, 2030, Autumn...
[INFO] 			 - Running SMOPF, Network case9, 2030, Winter...
[INFO] 			 - Running SMOPF, Network case9, 2035, Spring...
[INFO] 			 - Running SMOPF, Network case9, 2035, Summer...
[INFO] 			 - Running SMOPF, Network case9, 2035, Autumn...
[INFO] 			 - Running SMOPF, Network case9, 2035, Winter...
[TSO PROX] cycle=45 | updated_blocks=12 | held_failed_blocks=0 | V max=0.000392 | PF max=0.006595 | ESS max=0.000721
[TSO PROX][V MAX] node=5, year=2035, day=Summer, period=14 | dV=0.135308 kV | normalized=0.000392
[TSO PROX][PF MAX] node=7, year=2025, day=Spring, period=23, type=P | delta=0.659476 MW | normalized=0.006595
[TSO PROX][ESS MAX] node=7, year=2025, day=Spring, period=3, type=P | delta=0.001397 MW | normalized=0.000721
[INFO] 		 - Updating SharedESS...
[INFO] 		 - Running Shared ESS optimization (subproblem)...
[INFO] 			 - Node 5...
[INFO] Shared ESS complementarity diagnostics for ESS node=5: ratio_max=2.568971e-05 n_periods=288 mu_final=4.894621e-09 s_obj=1.000000e-01 eps=1.000000e-03 bound=1.409651e-02 measured=8.125324e-03
[INFO] 			 - Node 7...
[INFO] Shared ESS complementarity diagnostics for ESS node=7: ratio_max=2.581532e-05 n_periods=288 mu_final=4.907301e-09 s_obj=1.000000e-01 eps=1.000000e-03 bound=1.413303e-02 measured=8.123748e-03
[INFO] 			 - Node 9...
[INFO] Shared ESS complementarity diagnostics for ESS node=9: ratio_max=2.569374e-05 n_periods=288 mu_final=4.894295e-09 s_obj=1.000000e-01 eps=1.000000e-03 bound=1.409557e-02 measured=8.137380e-03
[INFO]		 - Primal residuals ok!
[INFO]		 - Dual residuals ok!
[RECOURSE JUMP] cycle=45 | abs_change=3.011387e+05 | tol=8.223771e+04 | signed_change=-3.011387e+05
[RECOURSE JUMP] Reconciliation | previous=8.223771e+08 | current=8.220760e+08 | block_delta=-3.011387e+05 | mismatch=+0.000000e+00
[RECOURSE JUMP] Aggregate signed changes:
  TSO | delta=-3.931540e+05
  DSO node=5 | delta=+6.018718e+04
  DSO node=7 | delta=+3.863732e+04
  DSO node=9 | delta=-6.809146e+03
  SALVAGE | delta=+1.278040e-35
[RECOURSE JUMP] Largest 10 block changes:
  TSO node=None year=2035 day=Spring | previous=6.045301e+07 | current=6.031392e+07 | delta=-1.390920e+05 | abs_delta=1.390920e+05
    [RECOURSE JUMP][TSO PROX] year=2035 day=Spring | V max=0.000122 | PF max=0.005252 | ESS max=0.000024
    [RECOURSE COMPONENTS] gen=-2.300590e+05 | flex=+9.096706e+04 | load_curt=+0.000000e+00 | res_curt=+0.000000e+00 | ess_usage=+0.000000e+00 | slacks=-5.982628e-10 | ess_comp=+6.347763e-03
    [SLACK COMPONENTS] voltage=-3.871747e-10 | node_P=+0.000000e+00 | node_Q=+0.000000e+00 | branch_ij=+0.000000e+00 | branch_ji=+0.000000e+00 | flex_P=-1.055414e-10 | flex_Q=-1.055414e-10
    [SLACK COMPONENT CHECK] classified_delta=-5.982574e-10 | objective_slack_delta=-5.982628e-10 | mismatch=+5.329071e-15
    [RECOURSE COMPONENT CHECK] classified_delta=-1.390920e+05 | block_delta=-1.390920e+05 | mismatch=+5.267793e-09
  TSO node=None year=2030 day=Spring | previous=5.821163e+07 | current=5.810420e+07 | delta=-1.074286e+05 | abs_delta=1.074286e+05
    [RECOURSE JUMP][TSO PROX] year=2030 day=Spring | V max=0.000099 | PF max=0.004507 | ESS max=0.000021
    [RECOURSE COMPONENTS] gen=-1.588639e+05 | flex=+5.143529e+04 | load_curt=+0.000000e+00 | res_curt=+0.000000e+00 | ess_usage=+0.000000e+00 | slacks=+1.868727e-12 | ess_comp=-6.335520e-02
    [SLACK COMPONENTS] voltage=+1.868727e-12 | node_P=+0.000000e+00 | node_Q=+0.000000e+00 | branch_ij=+0.000000e+00 | branch_ji=+0.000000e+00 | flex_P=+0.000000e+00 | flex_Q=+0.000000e+00
    [SLACK COMPONENT CHECK] classified_delta=+1.868727e-12 | objective_slack_delta=+1.868727e-12 | mismatch=+0.000000e+00
    [RECOURSE COMPONENT CHECK] classified_delta=-1.074286e+05 | block_delta=-1.074286e+05 | mismatch=+8.585630e-10
  TSO node=None year=2025 day=Spring | previous=7.752655e+07 | current=7.742345e+07 | delta=-1.031064e+05 | abs_delta=1.031064e+05
    [RECOURSE JUMP][TSO PROX] year=2025 day=Spring | V max=0.000095 | PF max=0.006595 | ESS max=0.000721
    [RECOURSE COMPONENTS] gen=-1.474084e+05 | flex=+4.430202e+04 | load_curt=+0.000000e+00 | res_curt=+0.000000e+00 | ess_usage=+0.000000e+00 | slacks=-2.578453e-09 | ess_comp=-6.109940e-04
    [SLACK COMPONENTS] voltage=-1.703235e-09 | node_P=+0.000000e+00 | node_Q=+0.000000e+00 | branch_ij=+0.000000e+00 | branch_ji=+0.000000e+00 | flex_P=-4.376224e-10 | flex_Q=-4.376224e-10
    [SLACK COMPONENT CHECK] classified_delta=-2.578480e-09 | objective_slack_delta=-2.578453e-09 | mismatch=-2.664535e-14
    [RECOURSE COMPONENT CHECK] classified_delta=-1.031064e+05 | block_delta=-1.031064e+05 | mismatch=+1.625449e-08
  TSO node=None year=2025 day=Summer | previous=9.231501e+07 | current=9.237643e+07 | delta=+6.142016e+04 | abs_delta=6.142016e+04
    [RECOURSE JUMP][TSO PROX] year=2025 day=Summer | V max=0.000130 | PF max=0.004446 | ESS max=0.000643
    [RECOURSE COMPONENTS] gen=+1.730350e+05 | flex=-1.116148e+05 | load_curt=+0.000000e+00 | res_curt=+0.000000e+00 | ess_usage=+0.000000e+00 | slacks=+6.991741e-12 | ess_comp=-1.396696e-04
    [SLACK COMPONENTS] voltage=+6.991741e-12 | node_P=+0.000000e+00 | node_Q=+0.000000e+00 | branch_ij=+0.000000e+00 | branch_ji=+0.000000e+00 | flex_P=+0.000000e+00 | flex_Q=+0.000000e+00
    [SLACK COMPONENT CHECK] classified_delta=+6.991741e-12 | objective_slack_delta=+6.991741e-12 | mismatch=+0.000000e+00
    [RECOURSE COMPONENT CHECK] classified_delta=+6.142016e+04 | block_delta=+6.142016e+04 | mismatch=+4.569301e-09
  DSO node=9 year=2025 day=Summer | previous=2.578992e+06 | current=2.521586e+06 | delta=-5.740645e+04 | abs_delta=5.740645e+04
    [RECOURSE COMPONENTS] gen=+0.000000e+00 | flex=-5.740423e+04 | load_curt=+0.000000e+00 | res_curt=-2.222737e+00 | ess_usage=+0.000000e+00 | slacks=+5.032387e-06 | ess_comp=-5.612041e-03
    [SLACK COMPONENTS] voltage=+9.808529e-07 | node_P=+0.000000e+00 | node_Q=+0.000000e+00 | branch_ij=+0.000000e+00 | branch_ji=+0.000000e+00 | flex_P=+4.051534e-06 | flex_Q=+0.000000e+00
    [SLACK COMPONENT CHECK] classified_delta=+5.032387e-06 | objective_slack_delta=+5.032387e-06 | mismatch=+1.065814e-14
    [RECOURSE COMPONENT CHECK] classified_delta=-5.740645e+04 | block_delta=-5.740645e+04 | mismatch=+4.001777e-10
  TSO node=None year=2035 day=Autumn | previous=3.453915e+07 | current=3.448618e+07 | delta=-5.296604e+04 | abs_delta=5.296604e+04
    [RECOURSE JUMP][TSO PROX] year=2035 day=Autumn | V max=0.000126 | PF max=0.003567 | ESS max=0.000068
    [RECOURSE COMPONENTS] gen=-9.912023e+04 | flex=+4.615425e+04 | load_curt=+0.000000e+00 | res_curt=+0.000000e+00 | ess_usage=+0.000000e+00 | slacks=-7.133089e-09 | ess_comp=-5.565218e-02
    [SLACK COMPONENTS] voltage=-4.685035e-09 | node_P=+0.000000e+00 | node_Q=+0.000000e+00 | branch_ij=+0.000000e+00 | branch_ji=+0.000000e+00 | flex_P=-1.224016e-09 | flex_Q=-1.224016e-09
    [SLACK COMPONENT CHECK] classified_delta=-7.133066e-09 | objective_slack_delta=-7.133089e-09 | mismatch=+2.309264e-14
    [RECOURSE COMPONENT CHECK] classified_delta=-5.296604e+04 | block_delta=-5.296604e+04 | mismatch=+2.168235e-09
  DSO node=7 year=2035 day=Spring | previous=6.171538e+06 | current=6.209599e+06 | delta=+3.806074e+04 | abs_delta=3.806074e+04
    [RECOURSE COMPONENTS] gen=+0.000000e+00 | flex=+3.806064e+04 | load_curt=+0.000000e+00 | res_curt=+1.033824e-01 | ess_usage=+0.000000e+00 | slacks=+1.501235e-06 | ess_comp=+3.155339e-04
    [SLACK COMPONENTS] voltage=+9.152922e-08 | node_P=+0.000000e+00 | node_Q=+0.000000e+00 | branch_ij=+0.000000e+00 | branch_ji=+0.000000e+00 | flex_P=+1.409705e-06 | flex_Q=+0.000000e+00
    [SLACK COMPONENT CHECK] classified_delta=+1.501235e-06 | objective_slack_delta=+1.501235e-06 | mismatch=-3.552714e-15
    [RECOURSE COMPONENT CHECK] classified_delta=+3.806074e+04 | block_delta=+3.806074e+04 | mismatch=-6.766641e-10
  TSO node=None year=2035 day=Summer | previous=6.677170e+07 | current=6.673545e+07 | delta=-3.625631e+04 | abs_delta=3.625631e+04
    [RECOURSE JUMP][TSO PROX] year=2035 day=Summer | V max=0.000392 | PF max=0.004298 | ESS max=0.000025
    [RECOURSE COMPONENTS] gen=-3.977033e+04 | flex=+3.514021e+03 | load_curt=+0.000000e+00 | res_curt=+0.000000e+00 | ess_usage=+0.000000e+00 | slacks=+2.321173e-09 | ess_comp=+1.910886e-04
    [SLACK COMPONENTS] voltage=+1.519872e-09 | node_P=+0.000000e+00 | node_Q=+0.000000e+00 | branch_ij=+0.000000e+00 | branch_ji=+0.000000e+00 | flex_P=+4.006506e-10 | flex_Q=+4.006506e-10
    [SLACK COMPONENT CHECK] classified_delta=+2.321173e-09 | objective_slack_delta=+2.321173e-09 | mismatch=+8.881784e-16
    [RECOURSE COMPONENT CHECK] classified_delta=-3.625631e+04 | block_delta=-3.625631e+04 | mismatch=-1.520675e-09
  DSO node=9 year=2035 day=Spring | previous=9.519090e+06 | current=9.554504e+06 | delta=+3.541449e+04 | abs_delta=3.541449e+04
    [RECOURSE COMPONENTS] gen=+0.000000e+00 | flex=+3.541537e+04 | load_curt=+0.000000e+00 | res_curt=-8.813460e-01 | ess_usage=+0.000000e+00 | slacks=+3.136712e-06 | ess_comp=+3.390542e-04
    [SLACK COMPONENTS] voltage=+9.058016e-08 | node_P=+0.000000e+00 | node_Q=+0.000000e+00 | branch_ij=+0.000000e+00 | branch_ji=+0.000000e+00 | flex_P=+3.046132e-06 | flex_Q=+0.000000e+00
    [SLACK COMPONENT CHECK] classified_delta=+3.136712e-06 | objective_slack_delta=+3.136712e-06 | mismatch=+1.776357e-13
    [RECOURSE COMPONENT CHECK] classified_delta=+3.541449e+04 | block_delta=+3.541449e+04 | mismatch=-1.738954e-09
  DSO node=7 year=2025 day=Summer | previous=1.628795e+06 | current=1.599102e+06 | delta=-2.969251e+04 | abs_delta=2.969251e+04
    [RECOURSE COMPONENTS] gen=+0.000000e+00 | flex=-2.969215e+04 | load_curt=+0.000000e+00 | res_curt=-3.628189e-01 | ess_usage=+0.000000e+00 | slacks=-3.628036e-06 | ess_comp=+1.357988e-03
    [SLACK COMPONENTS] voltage=-4.797047e-07 | node_P=+0.000000e+00 | node_Q=+0.000000e+00 | branch_ij=+0.000000e+00 | branch_ji=+0.000000e+00 | flex_P=-3.148331e-06 | flex_Q=+0.000000e+00
    [SLACK COMPONENT CHECK] classified_delta=-3.628036e-06 | objective_slack_delta=-3.628036e-06 | mismatch=-1.776357e-14
    [RECOURSE COMPONENT CHECK] classified_delta=-2.969251e+04 | block_delta=-2.969251e+04 | mismatch=+1.855369e-10
[INFO]		 - Recourse stationarity failed. 301138.658541 > 82237.713913
[ADMM RHO] V | primal max ratio=0.010 | primal mean ratio=0.001 | primal selected=0.010 | dual mean ratio=0.010 | increase threshold=5.0 | decrease threshold=5.0 | action=held
[ADMM RHO] PF | primal max ratio=0.144 | primal mean ratio=0.020 | primal selected=0.144 | dual mean ratio=0.166 | increase threshold=5.0 | decrease threshold=3.0 | action=held
[ADMM RHO] ESS | primal max ratio=0.022 | primal mean ratio=0.006 | primal selected=0.022 | dual mean ratio=0.011 | increase threshold=5.0 | decrease threshold=5.0 | action=held
[INFO]		 - ADMM cycle 45 | Primal (V max/mean | PF max/mean | ESS max/mean) = 0.000103/0.000001 | 0.001438/0.000020 | 0.002221/0.000062 | Dual (V max/mean | PF max/mean | ESS max/mean) = 0.000882/0.000100 | 0.034309/0.001665 | 0.002576/0.000112 | Recourse change = 301138.658541 (tol. 82237.713913) | Stable cycles = 0/1 | Penalty actions (V/PF/ESS) = held/held/held
[INFO] 	 - Iteration 45: 30.88 s
[INFO] 	 - ADMM Iteration 46
[INFO] 		 - Updating distribution networks:
[INFO] 			 - Running SMOPF, Network case33_1, 2025, Spring...
[INFO] 			 - Running SMOPF, Network case33_1, 2025, Summer...
[INFO] 			 - Running SMOPF, Network case33_1, 2025, Autumn...
[INFO] 			 - Running SMOPF, Network case33_1, 2025, Winter...
[INFO] 			 - Running SMOPF, Network case33_1, 2030, Spring...
[INFO] 			 - Running SMOPF, Network case33_1, 2030, Summer...
[INFO] 			 - Running SMOPF, Network case33_1, 2030, Autumn...
[INFO] 			 - Running SMOPF, Network case33_1, 2030, Winter...
[INFO] 			 - Running SMOPF, Network case33_1, 2035, Spring...
[INFO] 			 - Running SMOPF, Network case33_1, 2035, Summer...
[INFO] 			 - Running SMOPF, Network case33_1, 2035, Autumn...
[INFO] 			 - Running SMOPF, Network case33_1, 2035, Winter...
[INFO] 			 - Running SMOPF, Network case33_2, 2025, Spring...
[INFO] 			 - Running SMOPF, Network case33_2, 2025, Summer...
[INFO] 			 - Running SMOPF, Network case33_2, 2025, Autumn...
[INFO] 			 - Running SMOPF, Network case33_2, 2025, Winter...
[INFO] 			 - Running SMOPF, Network case33_2, 2030, Spring...
[INFO] 			 - Running SMOPF, Network case33_2, 2030, Summer...
[INFO] 			 - Running SMOPF, Network case33_2, 2030, Autumn...
[INFO] 			 - Running SMOPF, Network case33_2, 2030, Winter...
[INFO] 			 - Running SMOPF, Network case33_2, 2035, Spring...
[INFO] 			 - Running SMOPF, Network case33_2, 2035, Summer...
[INFO] 			 - Running SMOPF, Network case33_2, 2035, Autumn...
[INFO] 			 - Running SMOPF, Network case33_2, 2035, Winter...
[INFO] 			 - Running SMOPF, Network case33_3, 2025, Spring...
[INFO] 			 - Running SMOPF, Network case33_3, 2025, Summer...
[INFO] 			 - Running SMOPF, Network case33_3, 2025, Autumn...
[INFO] 			 - Running SMOPF, Network case33_3, 2025, Winter...
[INFO] 			 - Running SMOPF, Network case33_3, 2030, Spring...
[INFO] 			 - Running SMOPF, Network case33_3, 2030, Summer...
[INFO] 			 - Running SMOPF, Network case33_3, 2030, Autumn...
[INFO] 			 - Running SMOPF, Network case33_3, 2030, Winter...
[INFO] 			 - Running SMOPF, Network case33_3, 2035, Spring...
[INFO] 			 - Running SMOPF, Network case33_3, 2035, Summer...
[INFO] 			 - Running SMOPF, Network case33_3, 2035, Autumn...
[INFO] 			 - Running SMOPF, Network case33_3, 2035, Winter...
[INFO] 		 - Updating transmission network...
[INFO] 			 - Running SMOPF, Network case9, 2025, Spring...
[INFO] 			 - Running SMOPF, Network case9, 2025, Summer...
[INFO] 			 - Running SMOPF, Network case9, 2025, Autumn...
[INFO] 			 - Running SMOPF, Network case9, 2025, Winter...
[INFO] 			 - Running SMOPF, Network case9, 2030, Spring...
[INFO] 			 - Running SMOPF, Network case9, 2030, Summer...
[INFO] 			 - Running SMOPF, Network case9, 2030, Autumn...
[INFO] 			 - Running SMOPF, Network case9, 2030, Winter...
[INFO] 			 - Running SMOPF, Network case9, 2035, Spring...
[INFO] 			 - Running SMOPF, Network case9, 2035, Summer...
[INFO] 			 - Running SMOPF, Network case9, 2035, Autumn...
[INFO] 			 - Running SMOPF, Network case9, 2035, Winter...
[TSO PROX] cycle=46 | updated_blocks=12 | held_failed_blocks=0 | V max=0.000316 | PF max=0.006476 | ESS max=0.000719
[TSO PROX][V MAX] node=5, year=2035, day=Summer, period=14 | dV=0.109054 kV | normalized=0.000316
[TSO PROX][PF MAX] node=7, year=2025, day=Spring, period=23, type=P | delta=0.647603 MW | normalized=0.006476
[TSO PROX][ESS MAX] node=7, year=2025, day=Spring, period=3, type=P | delta=0.001393 MW | normalized=0.000719
[INFO] 		 - Updating SharedESS...
[INFO] 		 - Running Shared ESS optimization (subproblem)...
[INFO] 			 - Node 5...
[INFO] Shared ESS complementarity diagnostics for ESS node=5: ratio_max=2.582421e-05 n_periods=288 mu_final=4.934813e-09 s_obj=1.000000e-01 eps=1.000000e-03 bound=1.421226e-02 measured=8.092097e-03
[INFO] 			 - Node 7...
[INFO] Shared ESS complementarity diagnostics for ESS node=7: ratio_max=2.571585e-05 n_periods=288 mu_final=4.909543e-09 s_obj=1.000000e-01 eps=1.000000e-03 bound=1.413948e-02 measured=8.104382e-03
[INFO] 			 - Node 9...
[INFO] Shared ESS complementarity diagnostics for ESS node=9: ratio_max=2.569115e-05 n_periods=288 mu_final=4.876022e-09 s_obj=1.000000e-01 eps=1.000000e-03 bound=1.404294e-02 measured=8.113218e-03
[INFO]		 - Primal residuals ok!
[INFO]		 - Dual residuals ok!
[RECOURSE JUMP] cycle=46 | abs_change=2.688468e+05 | tol=8.220760e+04 | signed_change=-2.688468e+05
[RECOURSE JUMP] Reconciliation | previous=8.220760e+08 | current=8.218072e+08 | block_delta=-2.688468e+05 | mismatch=+3.576279e-07
[RECOURSE JUMP] Aggregate signed changes:
  TSO | delta=-3.731673e+05
  DSO node=5 | delta=+5.267287e+04
  DSO node=7 | delta=+4.188618e+04
  DSO node=9 | delta=+9.761450e+03
  SALVAGE | delta=+6.377751e-37
[RECOURSE JUMP] Largest 10 block changes:
  TSO node=None year=2035 day=Spring | previous=6.031392e+07 | current=6.017811e+07 | delta=-1.358054e+05 | abs_delta=1.358054e+05
    [RECOURSE JUMP][TSO PROX] year=2035 day=Spring | V max=0.000122 | PF max=0.005253 | ESS max=0.000023
    [RECOURSE COMPONENTS] gen=-2.257784e+05 | flex=+8.997294e+04 | load_curt=+0.000000e+00 | res_curt=+0.000000e+00 | ess_usage=+0.000000e+00 | slacks=+6.878764e-10 | ess_comp=+4.039298e-03
    [SLACK COMPONENTS] voltage=+4.578382e-10 | node_P=+0.000000e+00 | node_Q=+0.000000e+00 | branch_ij=+0.000000e+00 | branch_ji=+0.000000e+00 | flex_P=+1.150116e-10 | flex_Q=+1.150116e-10
    [SLACK COMPONENT CHECK] classified_delta=+6.878613e-10 | objective_slack_delta=+6.878764e-10 | mismatch=-1.509903e-14
    [RECOURSE COMPONENT CHECK] classified_delta=-1.358054e+05 | block_delta=-1.358054e+05 | mismatch=-4.220055e-09
  TSO node=None year=2025 day=Spring | previous=7.742345e+07 | current=7.733216e+07 | delta=-9.128262e+04 | abs_delta=9.128262e+04
    [RECOURSE JUMP][TSO PROX] year=2025 day=Spring | V max=0.000096 | PF max=0.006476 | ESS max=0.000719
    [RECOURSE COMPONENTS] gen=-1.275740e+05 | flex=+3.629140e+04 | load_curt=+0.000000e+00 | res_curt=+0.000000e+00 | ess_usage=+0.000000e+00 | slacks=-3.094414e-09 | ess_comp=-5.960653e-04
    [SLACK COMPONENTS] voltage=-2.043691e-09 | node_P=+0.000000e+00 | node_Q=+0.000000e+00 | branch_ij=+0.000000e+00 | branch_ji=+0.000000e+00 | flex_P=-5.253566e-10 | flex_Q=-5.253566e-10
    [SLACK COMPONENT CHECK] classified_delta=-3.094405e-09 | objective_slack_delta=-3.094414e-09 | mismatch=+8.881784e-15
    [RECOURSE COMPONENT CHECK] classified_delta=-9.128262e+04 | block_delta=-9.128262e+04 | mismatch=+4.220055e-10
  TSO node=None year=2030 day=Spring | previous=5.810420e+07 | current=5.803038e+07 | delta=-7.382366e+04 | abs_delta=7.382366e+04
    [RECOURSE JUMP][TSO PROX] year=2030 day=Spring | V max=0.000101 | PF max=0.004478 | ESS max=0.000066
    [RECOURSE COMPONENTS] gen=-1.063556e+05 | flex=+3.253200e+04 | load_curt=+0.000000e+00 | res_curt=+0.000000e+00 | ess_usage=+0.000000e+00 | slacks=+1.961098e-12 | ess_comp=-2.458359e-02
    [SLACK COMPONENTS] voltage=+1.961098e-12 | node_P=+0.000000e+00 | node_Q=+0.000000e+00 | branch_ij=+0.000000e+00 | branch_ji=+0.000000e+00 | flex_P=+4.440892e-16 | flex_Q=+4.440892e-16
    [SLACK COMPONENT CHECK] classified_delta=+1.961986e-12 | objective_slack_delta=+1.961098e-12 | mismatch=+8.881784e-16
    [RECOURSE COMPONENT CHECK] classified_delta=-7.382366e+04 | block_delta=-7.382366e+04 | mismatch=-4.889444e-09
  TSO node=None year=2025 day=Summer | previous=9.237643e+07 | current=9.244067e+07 | delta=+6.423833e+04 | abs_delta=6.423833e+04
    [RECOURSE JUMP][TSO PROX] year=2025 day=Summer | V max=0.000130 | PF max=0.004643 | ESS max=0.000643
    [RECOURSE COMPONENTS] gen=+1.692634e+05 | flex=-1.050250e+05 | load_curt=+0.000000e+00 | res_curt=+0.000000e+00 | ess_usage=+0.000000e+00 | slacks=+6.956213e-12 | ess_comp=-1.456833e-04
    [SLACK COMPONENTS] voltage=+6.956213e-12 | node_P=+0.000000e+00 | node_Q=+0.000000e+00 | branch_ij=+0.000000e+00 | branch_ji=+0.000000e+00 | flex_P=+0.000000e+00 | flex_Q=+0.000000e+00
    [SLACK COMPONENT CHECK] classified_delta=+6.956213e-12 | objective_slack_delta=+6.956213e-12 | mismatch=+0.000000e+00
    [RECOURSE COMPONENT CHECK] classified_delta=+6.423833e+04 | block_delta=+6.423833e+04 | mismatch=-2.537126e-08
  DSO node=9 year=2025 day=Summer | previous=2.521586e+06 | current=2.472257e+06 | delta=-4.932865e+04 | abs_delta=4.932865e+04
    [RECOURSE COMPONENTS] gen=+0.000000e+00 | flex=-4.932790e+04 | load_curt=+0.000000e+00 | res_curt=-7.465441e-01 | ess_usage=+0.000000e+00 | slacks=-1.247578e-05 | ess_comp=-2.078799e-03
    [SLACK COMPONENTS] voltage=+1.404492e-07 | node_P=+0.000000e+00 | node_Q=+0.000000e+00 | branch_ij=+0.000000e+00 | branch_ji=+0.000000e+00 | flex_P=-1.261622e-05 | flex_Q=+0.000000e+00
    [SLACK COMPONENT CHECK] classified_delta=-1.247578e-05 | objective_slack_delta=-1.247578e-05 | mismatch=+2.842171e-14
    [RECOURSE COMPONENT CHECK] classified_delta=-4.932865e+04 | block_delta=-4.932865e+04 | mismatch=-5.384209e-10
  TSO node=None year=2035 day=Autumn | previous=3.448618e+07 | current=3.443691e+07 | delta=-4.927371e+04 | abs_delta=4.927371e+04
    [RECOURSE JUMP][TSO PROX] year=2035 day=Autumn | V max=0.000126 | PF max=0.003558 | ESS max=0.000069
    [RECOURSE COMPONENTS] gen=-9.278024e+04 | flex=+4.350656e+04 | load_curt=+0.000000e+00 | res_curt=+0.000000e+00 | ess_usage=+0.000000e+00 | slacks=+2.557954e-12 | ess_comp=-3.220021e-02
    [SLACK COMPONENTS] voltage=+2.579270e-12 | node_P=+0.000000e+00 | node_Q=+0.000000e+00 | branch_ij=+0.000000e+00 | branch_ji=+0.000000e+00 | flex_P=-1.953993e-14 | flex_Q=-1.953993e-14
    [SLACK COMPONENT CHECK] classified_delta=+2.540190e-12 | objective_slack_delta=+2.557954e-12 | mismatch=-1.776357e-14
    [RECOURSE COMPONENT CHECK] classified_delta=-4.927371e+04 | block_delta=-4.927371e+04 | mismatch=-3.281457e-09
  TSO node=None year=2035 day=Summer | previous=6.673545e+07 | current=6.669387e+07 | delta=-4.157695e+04 | abs_delta=4.157695e+04
    [RECOURSE JUMP][TSO PROX] year=2035 day=Summer | V max=0.000316 | PF max=0.004233 | ESS max=0.000028
    [RECOURSE COMPONENTS] gen=-4.874704e+04 | flex=+7.170094e+03 | load_curt=+0.000000e+00 | res_curt=+0.000000e+00 | ess_usage=+0.000000e+00 | slacks=+8.794935e-09 | ess_comp=+2.728001e-04
    [SLACK COMPONENTS] voltage=+5.758537e-09 | node_P=+0.000000e+00 | node_Q=+0.000000e+00 | branch_ij=+0.000000e+00 | branch_ji=+0.000000e+00 | flex_P=+1.518199e-09 | flex_Q=+1.518199e-09
    [SLACK COMPONENT CHECK] classified_delta=+8.794935e-09 | objective_slack_delta=+8.794935e-09 | mismatch=+8.881784e-16
    [RECOURSE COMPONENT CHECK] classified_delta=-4.157695e+04 | block_delta=-4.157695e+04 | mismatch=-5.318725e-09
  TSO node=None year=2030 day=Summer | previous=7.029366e+07 | current=7.025521e+07 | delta=-3.845185e+04 | abs_delta=3.845185e+04
    [RECOURSE JUMP][TSO PROX] year=2030 day=Summer | V max=0.000124 | PF max=0.002848 | ESS max=0.000071
    [RECOURSE COMPONENTS] gen=-4.409710e+04 | flex=+5.645386e+03 | load_curt=+0.000000e+00 | res_curt=+0.000000e+00 | ess_usage=+0.000000e+00 | slacks=+4.078515e-12 | ess_comp=-1.393177e-01
    [SLACK COMPONENTS] voltage=+4.085621e-12 | node_P=+0.000000e+00 | node_Q=+0.000000e+00 | branch_ij=+0.000000e+00 | branch_ji=+0.000000e+00 | flex_P=+0.000000e+00 | flex_Q=+0.000000e+00
    [SLACK COMPONENT CHECK] classified_delta=+4.085621e-12 | objective_slack_delta=+4.078515e-12 | mismatch=+7.105427e-15
    [RECOURSE COMPONENT CHECK] classified_delta=-3.845185e+04 | block_delta=-3.845185e+04 | mismatch=-1.163426e-08
  DSO node=7 year=2035 day=Spring | previous=6.209599e+06 | current=6.247595e+06 | delta=+3.799653e+04 | abs_delta=3.799653e+04
    [RECOURSE COMPONENTS] gen=+0.000000e+00 | flex=+3.799641e+04 | load_curt=+0.000000e+00 | res_curt=+1.207824e-01 | ess_usage=+0.000000e+00 | slacks=+1.010983e-06 | ess_comp=+2.551927e-04
    [SLACK COMPONENTS] voltage=+7.525347e-08 | node_P=+0.000000e+00 | node_Q=+0.000000e+00 | branch_ij=+0.000000e+00 | branch_ji=+0.000000e+00 | flex_P=+9.357295e-07 | flex_Q=+0.000000e+00
    [SLACK COMPONENT CHECK] classified_delta=+1.010983e-06 | objective_slack_delta=+1.010983e-06 | mismatch=-1.705303e-13
    [RECOURSE COMPONENT CHECK] classified_delta=+3.799653e+04 | block_delta=+3.799653e+04 | mismatch=+6.111804e-10
  DSO node=9 year=2035 day=Spring | previous=9.554504e+06 | current=9.589728e+06 | delta=+3.522388e+04 | abs_delta=3.522388e+04
    [RECOURSE COMPONENTS] gen=+0.000000e+00 | flex=+3.522468e+04 | load_curt=+0.000000e+00 | res_curt=-7.954380e-01 | ess_usage=+0.000000e+00 | slacks=+2.014212e-06 | ess_comp=+2.800893e-04
    [SLACK COMPONENTS] voltage=+9.221100e-08 | node_P=+0.000000e+00 | node_Q=+0.000000e+00 | branch_ij=+0.000000e+00 | branch_ji=+0.000000e+00 | flex_P=+1.922001e-06 | flex_Q=+0.000000e+00
    [SLACK COMPONENT CHECK] classified_delta=+2.014212e-06 | objective_slack_delta=+2.014212e-06 | mismatch=-1.776357e-13
    [RECOURSE COMPONENT CHECK] classified_delta=+3.522388e+04 | block_delta=+3.522388e+04 | mismatch=+1.993612e-09
[INFO]		 - Recourse stationarity failed. 268846.841883 > 82207.600048
[ADMM RHO] V | primal max ratio=0.008 | primal mean ratio=0.001 | primal selected=0.008 | dual mean ratio=0.010 | increase threshold=5.0 | decrease threshold=5.0 | action=held
[ADMM RHO] PF | primal max ratio=0.221 | primal mean ratio=0.019 | primal selected=0.221 | dual mean ratio=0.159 | increase threshold=5.0 | decrease threshold=3.0 | action=held
[ADMM RHO] ESS | primal max ratio=0.024 | primal mean ratio=0.005 | primal selected=0.024 | dual mean ratio=0.011 | increase threshold=5.0 | decrease threshold=5.0 | action=held
[INFO]		 - ADMM cycle 46 | Primal (V max/mean | PF max/mean | ESS max/mean) = 0.000079/0.000001 | 0.002206/0.000019 | 0.002427/0.000053 | Dual (V max/mean | PF max/mean | ESS max/mean) = 0.000711/0.000099 | 0.033691/0.001591 | 0.002149/0.000115 | Recourse change = 268846.841883 (tol. 82207.600048) | Stable cycles = 0/1 | Penalty actions (V/PF/ESS) = held/held/held
[INFO] 	 - Iteration 46: 32.57 s
[INFO] 	 - ADMM Iteration 47
[INFO] 		 - Updating distribution networks:
[INFO] 			 - Running SMOPF, Network case33_1, 2025, Spring...
[INFO] 			 - Running SMOPF, Network case33_1, 2025, Summer...
[INFO] 			 - Running SMOPF, Network case33_1, 2025, Autumn...
[INFO] 			 - Running SMOPF, Network case33_1, 2025, Winter...
[INFO] 			 - Running SMOPF, Network case33_1, 2030, Spring...
[INFO] 			 - Running SMOPF, Network case33_1, 2030, Summer...
[INFO] 			 - Running SMOPF, Network case33_1, 2030, Autumn...
[INFO] 			 - Running SMOPF, Network case33_1, 2030, Winter...
[INFO] 			 - Running SMOPF, Network case33_1, 2035, Spring...
[INFO] 			 - Running SMOPF, Network case33_1, 2035, Summer...
[INFO] 			 - Running SMOPF, Network case33_1, 2035, Autumn...
[INFO] 			 - Running SMOPF, Network case33_1, 2035, Winter...
[INFO] 			 - Running SMOPF, Network case33_2, 2025, Spring...
[INFO] 			 - Running SMOPF, Network case33_2, 2025, Summer...
[INFO] 			 - Running SMOPF, Network case33_2, 2025, Autumn...
[INFO] 			 - Running SMOPF, Network case33_2, 2025, Winter...
[INFO] 			 - Running SMOPF, Network case33_2, 2030, Spring...
[INFO] 			 - Running SMOPF, Network case33_2, 2030, Summer...
[INFO] 			 - Running SMOPF, Network case33_2, 2030, Autumn...
[INFO] 			 - Running SMOPF, Network case33_2, 2030, Winter...
[INFO] 			 - Running SMOPF, Network case33_2, 2035, Spring...
[INFO] 			 - Running SMOPF, Network case33_2, 2035, Summer...
[INFO] 			 - Running SMOPF, Network case33_2, 2035, Autumn...
[INFO] 			 - Running SMOPF, Network case33_2, 2035, Winter...
[INFO] 			 - Running SMOPF, Network case33_3, 2025, Spring...
[INFO] 			 - Running SMOPF, Network case33_3, 2025, Summer...
[INFO] 			 - Running SMOPF, Network case33_3, 2025, Autumn...
[INFO] 			 - Running SMOPF, Network case33_3, 2025, Winter...
[INFO] 			 - Running SMOPF, Network case33_3, 2030, Spring...
[INFO] 			 - Running SMOPF, Network case33_3, 2030, Summer...
[INFO] 			 - Running SMOPF, Network case33_3, 2030, Autumn...
[INFO] 			 - Running SMOPF, Network case33_3, 2030, Winter...
[INFO] 			 - Running SMOPF, Network case33_3, 2035, Spring...
[INFO] 			 - Running SMOPF, Network case33_3, 2035, Summer...
[INFO] 			 - Running SMOPF, Network case33_3, 2035, Autumn...
[INFO] 			 - Running SMOPF, Network case33_3, 2035, Winter...
[INFO] 		 - Updating transmission network...
[INFO] 			 - Running SMOPF, Network case9, 2025, Spring...
[INFO] 			 - Running SMOPF, Network case9, 2025, Summer...
[INFO] 			 - Running SMOPF, Network case9, 2025, Autumn...
[INFO] 			 - Running SMOPF, Network case9, 2025, Winter...
[INFO] 			 - Running SMOPF, Network case9, 2030, Spring...
[INFO] 			 - Running SMOPF, Network case9, 2030, Summer...
[INFO] 			 - Running SMOPF, Network case9, 2030, Autumn...
[INFO] 			 - Running SMOPF, Network case9, 2030, Winter...
[INFO] 			 - Running SMOPF, Network case9, 2035, Spring...
[INFO] 			 - Running SMOPF, Network case9, 2035, Summer...
[INFO] 			 - Running SMOPF, Network case9, 2035, Autumn...
[INFO] 			 - Running SMOPF, Network case9, 2035, Winter...
[TSO PROX] cycle=47 | updated_blocks=12 | held_failed_blocks=0 | V max=0.000257 | PF max=0.006404 | ESS max=0.000717
[TSO PROX][V MAX] node=5, year=2035, day=Summer, period=14 | dV=0.088631 kV | normalized=0.000257
[TSO PROX][PF MAX] node=7, year=2025, day=Spring, period=23, type=P | delta=0.640424 MW | normalized=0.006404
[TSO PROX][ESS MAX] node=7, year=2025, day=Spring, period=3, type=P | delta=0.001389 MW | normalized=0.000717
[INFO] 		 - Updating SharedESS...
[INFO] 		 - Running Shared ESS optimization (subproblem)...
[INFO] 			 - Node 5...
[INFO] Shared ESS complementarity diagnostics for ESS node=5: ratio_max=2.568507e-05 n_periods=288 mu_final=4.955414e-09 s_obj=1.000000e-01 eps=1.000000e-03 bound=1.427159e-02 measured=8.098228e-03
[INFO] 			 - Node 7...
[INFO] Shared ESS complementarity diagnostics for ESS node=7: ratio_max=2.571356e-05 n_periods=288 mu_final=4.912449e-09 s_obj=1.000000e-01 eps=1.000000e-03 bound=1.414785e-02 measured=8.114308e-03
[INFO] 			 - Node 9...
[INFO] Shared ESS complementarity diagnostics for ESS node=9: ratio_max=2.568918e-05 n_periods=288 mu_final=4.889779e-09 s_obj=1.000000e-01 eps=1.000000e-03 bound=1.408256e-02 measured=8.124800e-03
[INFO]		 - Primal residuals ok!
[INFO]		 - Dual residuals ok!
[RECOURSE JUMP] cycle=47 | abs_change=3.027993e+05 | tol=8.218072e+04 | signed_change=-3.027993e+05
[RECOURSE JUMP] Reconciliation | previous=8.218072e+08 | current=8.215044e+08 | block_delta=-3.027993e+05 | mismatch=-1.192093e-07
[RECOURSE JUMP] Aggregate signed changes:
  TSO | delta=-3.881249e+05
  DSO node=7 | delta=+3.807029e+04
  DSO node=5 | delta=+3.790584e+04
  DSO node=9 | delta=+9.349449e+03
  SALVAGE | delta=+5.084168e-36
[RECOURSE JUMP] Largest 10 block changes:
  TSO node=None year=2035 day=Spring | previous=6.017811e+07 | current=6.004420e+07 | delta=-1.339102e+05 | abs_delta=1.339102e+05
    [RECOURSE JUMP][TSO PROX] year=2035 day=Spring | V max=0.000123 | PF max=0.005247 | ESS max=0.000023
    [RECOURSE COMPONENTS] gen=-2.230636e+05 | flex=+8.915342e+04 | load_curt=+0.000000e+00 | res_curt=+0.000000e+00 | ess_usage=+0.000000e+00 | slacks=+4.578808e-10 | ess_comp=+2.678737e-03
    [SLACK COMPONENTS] voltage=+3.069047e-10 | node_P=+0.000000e+00 | node_Q=+0.000000e+00 | branch_ij=+0.000000e+00 | branch_ji=+0.000000e+00 | flex_P=+7.549072e-11 | flex_Q=+7.549072e-11
    [SLACK COMPONENT CHECK] classified_delta=+4.578862e-10 | objective_slack_delta=+4.578808e-10 | mismatch=+5.329071e-15
    [RECOURSE COMPONENT CHECK] classified_delta=-1.339102e+05 | block_delta=-1.339102e+05 | mismatch=+2.328306e-10
  TSO node=None year=2030 day=Spring | previous=5.803038e+07 | current=5.794058e+07 | delta=-8.979350e+04 | abs_delta=8.979350e+04
    [RECOURSE JUMP][TSO PROX] year=2030 day=Spring | V max=0.000103 | PF max=0.004007 | ESS max=0.000021
    [RECOURSE COMPONENTS] gen=-1.287926e+05 | flex=+3.899914e+04 | load_curt=+0.000000e+00 | res_curt=+0.000000e+00 | ess_usage=+0.000000e+00 | slacks=+1.762146e-12 | ess_comp=-1.964834e-02
    [SLACK COMPONENTS] voltage=+1.726619e-12 | node_P=+0.000000e+00 | node_Q=+0.000000e+00 | branch_ij=+0.000000e+00 | branch_ji=+0.000000e+00 | flex_P=+1.332268e-15 | flex_Q=+1.332268e-15
    [SLACK COMPONENT CHECK] classified_delta=+1.729283e-12 | objective_slack_delta=+1.762146e-12 | mismatch=-3.286260e-14
    [RECOURSE COMPONENT CHECK] classified_delta=-8.979350e+04 | block_delta=-8.979350e+04 | mismatch=-3.637979e-09
  TSO node=None year=2025 day=Spring | previous=7.733216e+07 | current=7.725058e+07 | delta=-8.158104e+04 | abs_delta=8.158104e+04
    [RECOURSE JUMP][TSO PROX] year=2025 day=Spring | V max=0.000094 | PF max=0.006404 | ESS max=0.000717
    [RECOURSE COMPONENTS] gen=-1.130700e+05 | flex=+3.148896e+04 | load_curt=+0.000000e+00 | res_curt=+0.000000e+00 | ess_usage=+0.000000e+00 | slacks=-3.113286e-09 | ess_comp=-5.212154e-04
    [SLACK COMPONENTS] voltage=-2.056019e-09 | node_P=+0.000000e+00 | node_Q=+0.000000e+00 | branch_ij=+0.000000e+00 | branch_ji=+0.000000e+00 | flex_P=-5.286385e-10 | flex_Q=-5.286385e-10
    [SLACK COMPONENT CHECK] classified_delta=-3.113296e-09 | objective_slack_delta=-3.113286e-09 | mismatch=-1.065814e-14
    [RECOURSE COMPONENT CHECK] classified_delta=-8.158104e+04 | block_delta=-8.158104e+04 | mismatch=-9.444193e-09
  TSO node=None year=2025 day=Summer | previous=9.244067e+07 | current=9.249522e+07 | delta=+5.454377e+04 | abs_delta=5.454377e+04
    [RECOURSE JUMP][TSO PROX] year=2025 day=Summer | V max=0.000130 | PF max=0.004788 | ESS max=0.000643
    [RECOURSE COMPONENTS] gen=+1.539583e+05 | flex=-9.941449e+04 | load_curt=+0.000000e+00 | res_curt=+0.000000e+00 | ess_usage=+0.000000e+00 | slacks=+7.048584e-12 | ess_comp=-1.481271e-04
    [SLACK COMPONENTS] voltage=+7.048584e-12 | node_P=+0.000000e+00 | node_Q=+0.000000e+00 | branch_ij=+0.000000e+00 | branch_ji=+0.000000e+00 | flex_P=+0.000000e+00 | flex_Q=+0.000000e+00
    [SLACK COMPONENT CHECK] classified_delta=+7.048584e-12 | objective_slack_delta=+7.048584e-12 | mismatch=+0.000000e+00
    [RECOURSE COMPONENT CHECK] classified_delta=+5.454377e+04 | block_delta=+5.454377e+04 | mismatch=+6.693881e-10
  TSO node=None year=2035 day=Autumn | previous=3.443691e+07 | current=3.438955e+07 | delta=-4.735822e+04 | abs_delta=4.735822e+04
    [RECOURSE JUMP][TSO PROX] year=2035 day=Autumn | V max=0.000125 | PF max=0.003548 | ESS max=0.000069
    [RECOURSE COMPONENTS] gen=-8.906231e+04 | flex=+4.170411e+04 | load_curt=+0.000000e+00 | res_curt=+0.000000e+00 | ess_usage=+0.000000e+00 | slacks=+2.614797e-12 | ess_comp=-1.924498e-02
    [SLACK COMPONENTS] voltage=+2.650324e-12 | node_P=+0.000000e+00 | node_Q=+0.000000e+00 | branch_ij=+0.000000e+00 | branch_ji=+0.000000e+00 | flex_P=-1.687539e-14 | flex_Q=-1.687539e-14
    [SLACK COMPONENT CHECK] classified_delta=+2.616574e-12 | objective_slack_delta=+2.614797e-12 | mismatch=+1.776357e-15
    [RECOURSE COMPONENT CHECK] classified_delta=-4.735822e+04 | block_delta=-4.735822e+04 | mismatch=+5.558832e-09
  DSO node=9 year=2025 day=Summer | previous=2.472257e+06 | current=2.426216e+06 | delta=-4.604093e+04 | abs_delta=4.604093e+04
    [RECOURSE COMPONENTS] gen=+0.000000e+00 | flex=-4.603987e+04 | load_curt=+0.000000e+00 | res_curt=-1.091379e+00 | ess_usage=+0.000000e+00 | slacks=-1.008667e-05 | ess_comp=+3.607430e-02
    [SLACK COMPONENTS] voltage=-6.298343e-07 | node_P=+0.000000e+00 | node_Q=+0.000000e+00 | branch_ij=+0.000000e+00 | branch_ji=+0.000000e+00 | flex_P=-9.456835e-06 | flex_Q=+0.000000e+00
    [SLACK COMPONENT CHECK] classified_delta=-1.008667e-05 | objective_slack_delta=-1.008667e-05 | mismatch=-3.552714e-15
    [RECOURSE COMPONENT CHECK] classified_delta=-4.604093e+04 | block_delta=-4.604093e+04 | mismatch=+7.203198e-10
  TSO node=None year=2035 day=Summer | previous=6.669387e+07 | current=6.665212e+07 | delta=-4.175331e+04 | abs_delta=4.175331e+04
    [RECOURSE JUMP][TSO PROX] year=2035 day=Summer | V max=0.000257 | PF max=0.003981 | ESS max=0.000029
    [RECOURSE COMPONENTS] gen=-4.934974e+04 | flex=+7.596434e+03 | load_curt=+0.000000e+00 | res_curt=+0.000000e+00 | ess_usage=+0.000000e+00 | slacks=+9.829549e-09 | ess_comp=+4.945084e-04
    [SLACK COMPONENTS] voltage=+6.435336e-09 | node_P=+0.000000e+00 | node_Q=+0.000000e+00 | branch_ij=+0.000000e+00 | branch_ji=+0.000000e+00 | flex_P=+1.697119e-09 | flex_Q=+1.697119e-09
    [SLACK COMPONENT CHECK] classified_delta=+9.829574e-09 | objective_slack_delta=+9.829549e-09 | mismatch=+2.575717e-14
    [RECOURSE COMPONENT CHECK] classified_delta=-4.175331e+04 | block_delta=-4.175331e+04 | mismatch=+4.569301e-09
  DSO node=7 year=2035 day=Spring | previous=6.247595e+06 | current=6.285439e+06 | delta=+3.784373e+04 | abs_delta=3.784373e+04
    [RECOURSE COMPONENTS] gen=+0.000000e+00 | flex=+3.784359e+04 | load_curt=+0.000000e+00 | res_curt=+1.386187e-01 | ess_usage=+0.000000e+00 | slacks=-4.417850e-07 | ess_comp=+1.881342e-04
    [SLACK COMPONENTS] voltage=+2.049057e-08 | node_P=+0.000000e+00 | node_Q=+0.000000e+00 | branch_ij=+0.000000e+00 | branch_ji=+0.000000e+00 | flex_P=-4.622755e-07 | flex_Q=+0.000000e+00
    [SLACK COMPONENT CHECK] classified_delta=-4.417849e-07 | objective_slack_delta=-4.417850e-07 | mismatch=+1.172396e-13
    [RECOURSE COMPONENT CHECK] classified_delta=+3.784373e+04 | block_delta=+3.784373e+04 | mismatch=-1.440640e-09
  DSO node=9 year=2035 day=Spring | previous=9.589728e+06 | current=9.624684e+06 | delta=+3.495593e+04 | abs_delta=3.495593e+04
    [RECOURSE COMPONENTS] gen=+0.000000e+00 | flex=+3.495666e+04 | load_curt=+0.000000e+00 | res_curt=-7.283324e-01 | ess_usage=+0.000000e+00 | slacks=-8.131386e-07 | ess_comp=+2.144686e-04
    [SLACK COMPONENTS] voltage=+5.331026e-08 | node_P=+0.000000e+00 | node_Q=+0.000000e+00 | branch_ij=+0.000000e+00 | branch_ji=+0.000000e+00 | flex_P=-8.664486e-07 | flex_Q=+0.000000e+00
    [SLACK COMPONENT CHECK] classified_delta=-8.131383e-07 | objective_slack_delta=-8.131386e-07 | mismatch=+2.629008e-13
    [RECOURSE COMPONENT CHECK] classified_delta=+3.495593e+04 | block_delta=+3.495593e+04 | mismatch=-6.402843e-10
  TSO node=None year=2030 day=Summer | previous=7.025521e+07 | current=7.022189e+07 | delta=-3.331278e+04 | abs_delta=3.331278e+04
    [RECOURSE JUMP][TSO PROX] year=2030 day=Summer | V max=0.000117 | PF max=0.002855 | ESS max=0.000074
    [RECOURSE COMPONENTS] gen=-3.681844e+04 | flex=+3.505803e+03 | load_curt=+0.000000e+00 | res_curt=+0.000000e+00 | ess_usage=+0.000000e+00 | slacks=+3.986145e-12 | ess_comp=-1.428984e-01
    [SLACK COMPONENTS] voltage=+3.979039e-12 | node_P=+0.000000e+00 | node_Q=+0.000000e+00 | branch_ij=+0.000000e+00 | branch_ji=+0.000000e+00 | flex_P=+0.000000e+00 | flex_Q=+0.000000e+00
    [SLACK COMPONENT CHECK] classified_delta=+3.979039e-12 | objective_slack_delta=+3.986145e-12 | mismatch=-7.105427e-15
    [RECOURSE COMPONENT CHECK] classified_delta=-3.331278e+04 | block_delta=-3.331278e+04 | mismatch=-4.365575e-11
[INFO]		 - Recourse stationarity failed. 302799.269996 > 82180.715363
[ADMM RHO] V | primal max ratio=0.006 | primal mean ratio=0.001 | primal selected=0.006 | dual mean ratio=0.010 | increase threshold=5.0 | decrease threshold=5.0 | action=held
[ADMM RHO] PF | primal max ratio=0.109 | primal mean ratio=0.018 | primal selected=0.109 | dual mean ratio=0.154 | increase threshold=5.0 | decrease threshold=3.0 | action=held
[ADMM RHO] ESS | primal max ratio=0.026 | primal mean ratio=0.004 | primal selected=0.026 | dual mean ratio=0.012 | increase threshold=5.0 | decrease threshold=5.0 | action=held
[INFO]		 - ADMM cycle 47 | Primal (V max/mean | PF max/mean | ESS max/mean) = 0.000061/0.000001 | 0.001088/0.000018 | 0.002579/0.000043 | Dual (V max/mean | PF max/mean | ESS max/mean) = 0.000578/0.000099 | 0.033400/0.001539 | 0.001698/0.000116 | Recourse change = 302799.269996 (tol. 82180.715363) | Stable cycles = 0/1 | Penalty actions (V/PF/ESS) = held/held/held
[INFO] 	 - Iteration 47: 32.55 s
[INFO] 	 - ADMM Iteration 48
[INFO] 		 - Updating distribution networks:
[INFO] 			 - Running SMOPF, Network case33_1, 2025, Spring...
[INFO] 			 - Running SMOPF, Network case33_1, 2025, Summer...
[INFO] 			 - Running SMOPF, Network case33_1, 2025, Autumn...
[INFO] 			 - Running SMOPF, Network case33_1, 2025, Winter...
[INFO] 			 - Running SMOPF, Network case33_1, 2030, Spring...
[INFO] 			 - Running SMOPF, Network case33_1, 2030, Summer...
[INFO] 			 - Running SMOPF, Network case33_1, 2030, Autumn...
[INFO] 			 - Running SMOPF, Network case33_1, 2030, Winter...
[INFO] 			 - Running SMOPF, Network case33_1, 2035, Spring...
[INFO] 			 - Running SMOPF, Network case33_1, 2035, Summer...
[INFO] 			 - Running SMOPF, Network case33_1, 2035, Autumn...
[INFO] 			 - Running SMOPF, Network case33_1, 2035, Winter...
[INFO] 			 - Running SMOPF, Network case33_2, 2025, Spring...
[INFO] 			 - Running SMOPF, Network case33_2, 2025, Summer...
[INFO] 			 - Running SMOPF, Network case33_2, 2025, Autumn...
[INFO] 			 - Running SMOPF, Network case33_2, 2025, Winter...
[INFO] 			 - Running SMOPF, Network case33_2, 2030, Spring...
[INFO] 			 - Running SMOPF, Network case33_2, 2030, Summer...
[INFO] 			 - Running SMOPF, Network case33_2, 2030, Autumn...
[INFO] 			 - Running SMOPF, Network case33_2, 2030, Winter...
[INFO] 			 - Running SMOPF, Network case33_2, 2035, Spring...
[INFO] 			 - Running SMOPF, Network case33_2, 2035, Summer...
[INFO] 			 - Running SMOPF, Network case33_2, 2035, Autumn...
[INFO] 			 - Running SMOPF, Network case33_2, 2035, Winter...
[INFO] 			 - Running SMOPF, Network case33_3, 2025, Spring...
[INFO] 			 - Running SMOPF, Network case33_3, 2025, Summer...
[INFO] 			 - Running SMOPF, Network case33_3, 2025, Autumn...
[INFO] 			 - Running SMOPF, Network case33_3, 2025, Winter...
[INFO] 			 - Running SMOPF, Network case33_3, 2030, Spring...
[INFO] 			 - Running SMOPF, Network case33_3, 2030, Summer...
[INFO] 			 - Running SMOPF, Network case33_3, 2030, Autumn...
[INFO] 			 - Running SMOPF, Network case33_3, 2030, Winter...
[INFO] 			 - Running SMOPF, Network case33_3, 2035, Spring...
[INFO] 			 - Running SMOPF, Network case33_3, 2035, Summer...
[INFO] 			 - Running SMOPF, Network case33_3, 2035, Autumn...
[INFO] 			 - Running SMOPF, Network case33_3, 2035, Winter...
[INFO] 		 - Updating transmission network...
[INFO] 			 - Running SMOPF, Network case9, 2025, Spring...
[INFO] 			 - Running SMOPF, Network case9, 2025, Summer...
[INFO] 			 - Running SMOPF, Network case9, 2025, Autumn...
[INFO] 			 - Running SMOPF, Network case9, 2025, Winter...
[INFO] 			 - Running SMOPF, Network case9, 2030, Spring...
[INFO] 			 - Running SMOPF, Network case9, 2030, Summer...
[INFO] 			 - Running SMOPF, Network case9, 2030, Autumn...
[INFO] 			 - Running SMOPF, Network case9, 2030, Winter...
[INFO] 			 - Running SMOPF, Network case9, 2035, Spring...
[INFO] 			 - Running SMOPF, Network case9, 2035, Summer...
[INFO] 			 - Running SMOPF, Network case9, 2035, Autumn...
[INFO] 			 - Running SMOPF, Network case9, 2035, Winter...
[TSO PROX] cycle=48 | updated_blocks=12 | held_failed_blocks=0 | V max=0.000212 | PF max=0.006375 | ESS max=0.000715
[TSO PROX][V MAX] node=5, year=2035, day=Summer, period=14 | dV=0.073044 kV | normalized=0.000212
[TSO PROX][PF MAX] node=7, year=2025, day=Spring, period=23, type=P | delta=0.637479 MW | normalized=0.006375
[TSO PROX][ESS MAX] node=7, year=2025, day=Spring, period=3, type=P | delta=0.001385 MW | normalized=0.000715
[INFO] 		 - Updating SharedESS...
[INFO] 		 - Running Shared ESS optimization (subproblem)...
[INFO] 			 - Node 5...
[INFO] Shared ESS complementarity diagnostics for ESS node=5: ratio_max=2.568546e-05 n_periods=288 mu_final=4.959902e-09 s_obj=1.000000e-01 eps=1.000000e-03 bound=1.428452e-02 measured=8.089697e-03
[INFO] 			 - Node 7...
[INFO] Shared ESS complementarity diagnostics for ESS node=7: ratio_max=2.571202e-05 n_periods=288 mu_final=4.922838e-09 s_obj=1.000000e-01 eps=1.000000e-03 bound=1.417777e-02 measured=8.089675e-03
[INFO] 			 - Node 9...
[INFO] Shared ESS complementarity diagnostics for ESS node=9: ratio_max=2.572323e-05 n_periods=288 mu_final=4.925259e-09 s_obj=1.000000e-01 eps=1.000000e-03 bound=1.418475e-02 measured=8.093877e-03
[INFO]		 - Primal residuals ok!
[INFO]		 - Dual residuals ok!
[RECOURSE JUMP] cycle=48 | abs_change=2.279700e+05 | tol=8.215044e+04 | signed_change=-2.279700e+05
[RECOURSE JUMP] Reconciliation | previous=8.215044e+08 | current=8.212764e+08 | block_delta=-2.279700e+05 | mismatch=+3.576279e-07
[RECOURSE JUMP] Aggregate signed changes:
  TSO | delta=-3.031967e+05
  DSO node=7 | delta=+3.956386e+04
  DSO node=5 | delta=+2.701751e+04
  DSO node=9 | delta=+8.645331e+03
  SALVAGE | delta=+1.867240e-35
[RECOURSE JUMP] Largest 10 block changes:
  TSO node=None year=2030 day=Spring | previous=5.794058e+07 | current=5.785717e+07 | delta=-8.341309e+04 | abs_delta=8.341309e+04
    [RECOURSE JUMP][TSO PROX] year=2030 day=Spring | V max=0.000104 | PF max=0.004120 | ESS max=0.000032
    [RECOURSE COMPONENTS] gen=-1.158113e+05 | flex=+3.239825e+04 | load_curt=+0.000000e+00 | res_curt=+0.000000e+00 | ess_usage=+0.000000e+00 | slacks=+1.556089e-12 | ess_comp=-1.853341e-02
    [SLACK COMPONENTS] voltage=+1.556089e-12 | node_P=+0.000000e+00 | node_Q=+0.000000e+00 | branch_ij=+0.000000e+00 | branch_ji=+0.000000e+00 | flex_P=+1.776357e-15 | flex_Q=+1.776357e-15
    [SLACK COMPONENT CHECK] classified_delta=+1.559641e-12 | objective_slack_delta=+1.556089e-12 | mismatch=+3.552714e-15
    [RECOURSE COMPONENT CHECK] classified_delta=-8.341309e+04 | block_delta=-8.341309e+04 | mismatch=+1.047738e-09
  TSO node=None year=2025 day=Spring | previous=7.725058e+07 | current=7.717341e+07 | delta=-7.717649e+04 | abs_delta=7.717649e+04
    [RECOURSE JUMP][TSO PROX] year=2025 day=Spring | V max=0.000092 | PF max=0.006375 | ESS max=0.000715
    [RECOURSE COMPONENTS] gen=-1.067533e+05 | flex=+2.957678e+04 | load_curt=+0.000000e+00 | res_curt=+0.000000e+00 | ess_usage=+0.000000e+00 | slacks=-4.413657e-09 | ess_comp=-6.361473e-04
    [SLACK COMPONENTS] voltage=-2.914298e-09 | node_P=+0.000000e+00 | node_Q=+0.000000e+00 | branch_ij=+0.000000e+00 | branch_ji=+0.000000e+00 | flex_P=-7.496683e-10 | flex_Q=-7.496683e-10
    [SLACK COMPONENT CHECK] classified_delta=-4.413635e-09 | objective_slack_delta=-4.413657e-09 | mismatch=+2.220446e-14
    [RECOURSE COMPONENT CHECK] classified_delta=-7.717649e+04 | block_delta=-7.717649e+04 | mismatch=-8.076313e-09
  TSO node=None year=2035 day=Spring | previous=6.004420e+07 | current=5.997079e+07 | delta=-7.341135e+04 | abs_delta=7.341135e+04
    [RECOURSE JUMP][TSO PROX] year=2035 day=Spring | V max=0.000125 | PF max=0.005234 | ESS max=0.000078
    [RECOURSE COMPONENTS] gen=-1.367833e+05 | flex=+6.337200e+04 | load_curt=+0.000000e+00 | res_curt=+0.000000e+00 | ess_usage=+0.000000e+00 | slacks=+2.954437e-10 | ess_comp=+1.592593e-03
    [SLACK COMPONENTS] voltage=+2.000178e-10 | node_P=+0.000000e+00 | node_Q=+0.000000e+00 | branch_ij=+0.000000e+00 | branch_ji=+0.000000e+00 | flex_P=+4.771517e-11 | flex_Q=+4.771517e-11
    [SLACK COMPONENT CHECK] classified_delta=+2.954481e-10 | objective_slack_delta=+2.954437e-10 | mismatch=+4.440892e-15
    [RECOURSE COMPONENT CHECK] classified_delta=-7.341135e+04 | block_delta=-7.341135e+04 | mismatch=-1.658918e-09
  TSO node=None year=2025 day=Summer | previous=9.249522e+07 | current=9.254787e+07 | delta=+5.265733e+04 | abs_delta=5.265733e+04
    [RECOURSE JUMP][TSO PROX] year=2025 day=Summer | V max=0.000130 | PF max=0.004815 | ESS max=0.000643
    [RECOURSE COMPONENTS] gen=+1.508193e+05 | flex=-9.816195e+04 | load_curt=+0.000000e+00 | res_curt=+0.000000e+00 | ess_usage=+0.000000e+00 | slacks=+7.062795e-12 | ess_comp=-1.450623e-04
    [SLACK COMPONENTS] voltage=+7.069900e-12 | node_P=+0.000000e+00 | node_Q=+0.000000e+00 | branch_ij=+0.000000e+00 | branch_ji=+0.000000e+00 | flex_P=+0.000000e+00 | flex_Q=+0.000000e+00
    [SLACK COMPONENT CHECK] classified_delta=+7.069900e-12 | objective_slack_delta=+7.062795e-12 | mismatch=+7.105427e-15
    [RECOURSE COMPONENT CHECK] classified_delta=+5.265733e+04 | block_delta=+5.265733e+04 | mismatch=+1.910666e-08
  TSO node=None year=2035 day=Autumn | previous=3.438955e+07 | current=3.434177e+07 | delta=-4.778376e+04 | abs_delta=4.778376e+04
    [RECOURSE JUMP][TSO PROX] year=2035 day=Autumn | V max=0.000125 | PF max=0.003538 | ESS max=0.000069
    [RECOURSE COMPONENTS] gen=-8.883355e+04 | flex=+4.104986e+04 | load_curt=+0.000000e+00 | res_curt=+0.000000e+00 | ess_usage=+0.000000e+00 | slacks=+2.707168e-12 | ess_comp=-7.149460e-02
    [SLACK COMPONENTS] voltage=+2.643219e-12 | node_P=+0.000000e+00 | node_Q=+0.000000e+00 | branch_ij=+0.000000e+00 | branch_ji=+0.000000e+00 | flex_P=+3.019807e-14 | flex_Q=+3.019807e-14
    [SLACK COMPONENT CHECK] classified_delta=+2.703615e-12 | objective_slack_delta=+2.707168e-12 | mismatch=-3.552714e-15
    [RECOURSE COMPONENT CHECK] classified_delta=-4.778376e+04 | block_delta=-4.778376e+04 | mismatch=-1.353328e-09
  DSO node=9 year=2025 day=Summer | previous=2.426216e+06 | current=2.381938e+06 | delta=-4.427788e+04 | abs_delta=4.427788e+04
    [RECOURSE COMPONENTS] gen=+0.000000e+00 | flex=-4.427633e+04 | load_curt=+0.000000e+00 | res_curt=-1.513145e+00 | ess_usage=+0.000000e+00 | slacks=-2.736175e-06 | ess_comp=-3.220887e-02
    [SLACK COMPONENTS] voltage=-7.960239e-08 | node_P=+0.000000e+00 | node_Q=+0.000000e+00 | branch_ij=+0.000000e+00 | branch_ji=+0.000000e+00 | flex_P=-2.656573e-06 | flex_Q=+0.000000e+00
    [SLACK COMPONENT CHECK] classified_delta=-2.736176e-06 | objective_slack_delta=-2.736175e-06 | mismatch=-1.421085e-13
    [RECOURSE COMPONENT CHECK] classified_delta=-4.427788e+04 | block_delta=-4.427788e+04 | mismatch=-4.802132e-10
  TSO node=None year=2035 day=Summer | previous=6.665212e+07 | current=6.660827e+07 | delta=-4.384375e+04 | abs_delta=4.384375e+04
    [RECOURSE JUMP][TSO PROX] year=2035 day=Summer | V max=0.000212 | PF max=0.003745 | ESS max=0.000029
    [RECOURSE COMPONENTS] gen=-5.734617e+04 | flex=+1.350242e+04 | load_curt=+0.000000e+00 | res_curt=+0.000000e+00 | ess_usage=+0.000000e+00 | slacks=+1.282672e-09 | ess_comp=+8.997247e-04
    [SLACK COMPONENTS] voltage=+8.388170e-10 | node_P=+0.000000e+00 | node_Q=+0.000000e+00 | branch_ij=+0.000000e+00 | branch_ji=+0.000000e+00 | flex_P=+2.219132e-10 | flex_Q=+2.219132e-10
    [SLACK COMPONENT CHECK] classified_delta=+1.282643e-09 | objective_slack_delta=+1.282672e-09 | mismatch=-2.842171e-14
    [RECOURSE COMPONENT CHECK] classified_delta=-4.384375e+04 | block_delta=-4.384375e+04 | mismatch=-6.097252e-09
  DSO node=7 year=2035 day=Spring | previous=6.285439e+06 | current=6.323012e+06 | delta=+3.757277e+04 | abs_delta=3.757277e+04
    [RECOURSE COMPONENTS] gen=+0.000000e+00 | flex=+3.757261e+04 | load_curt=+0.000000e+00 | res_curt=+1.569352e-01 | ess_usage=+0.000000e+00 | slacks=-2.232760e-06 | ess_comp=+1.102362e-04
    [SLACK COMPONENTS] voltage=-4.883481e-08 | node_P=+0.000000e+00 | node_Q=+0.000000e+00 | branch_ij=+0.000000e+00 | branch_ji=+0.000000e+00 | flex_P=-2.183926e-06 | flex_Q=+0.000000e+00
    [SLACK COMPONENT CHECK] classified_delta=-2.232760e-06 | objective_slack_delta=-2.232760e-06 | mismatch=-1.563194e-13
    [RECOURSE COMPONENT CHECK] classified_delta=+3.757277e+04 | block_delta=+3.757277e+04 | mismatch=+1.753506e-09
  DSO node=9 year=2035 day=Spring | previous=9.624684e+06 | current=9.659175e+06 | delta=+3.449083e+04 | abs_delta=3.449083e+04
    [RECOURSE COMPONENTS] gen=+0.000000e+00 | flex=+3.449151e+04 | load_curt=+0.000000e+00 | res_curt=-6.749717e-01 | ess_usage=+0.000000e+00 | slacks=-3.221584e-06 | ess_comp=+1.361152e-04
    [SLACK COMPONENTS] voltage=+1.130525e-08 | node_P=+0.000000e+00 | node_Q=+0.000000e+00 | branch_ij=+0.000000e+00 | branch_ji=+0.000000e+00 | flex_P=-3.232889e-06 | flex_Q=+0.000000e+00
    [SLACK COMPONENT CHECK] classified_delta=-3.221584e-06 | objective_slack_delta=-3.221584e-06 | mismatch=-2.451372e-13
    [RECOURSE COMPONENT CHECK] classified_delta=+3.449083e+04 | block_delta=+3.449083e+04 | mismatch=+2.401066e-10
  DSO node=7 year=2025 day=Summer | previous=1.541685e+06 | current=1.512313e+06 | delta=-2.937212e+04 | abs_delta=2.937212e+04
    [RECOURSE COMPONENTS] gen=+0.000000e+00 | flex=-2.937178e+04 | load_curt=+0.000000e+00 | res_curt=-3.416225e-01 | ess_usage=+0.000000e+00 | slacks=+3.349645e-06 | ess_comp=+1.392897e-03
    [SLACK COMPONENTS] voltage=+3.560660e-07 | node_P=+0.000000e+00 | node_Q=+0.000000e+00 | branch_ij=+0.000000e+00 | branch_ji=+0.000000e+00 | flex_P=+2.993579e-06 | flex_Q=+0.000000e+00
    [SLACK COMPONENT CHECK] classified_delta=+3.349645e-06 | objective_slack_delta=+3.349645e-06 | mismatch=+3.161915e-13
    [RECOURSE COMPONENT CHECK] classified_delta=-2.937212e+04 | block_delta=-2.937212e+04 | mismatch=+2.910383e-11
[INFO]		 - Recourse stationarity failed. 227969.978618 > 82150.435436
[ADMM RHO] V | primal max ratio=0.005 | primal mean ratio=0.001 | primal selected=0.005 | dual mean ratio=0.010 | increase threshold=5.0 | decrease threshold=5.0 | action=held
[ADMM RHO] PF | primal max ratio=0.341 | primal mean ratio=0.023 | primal selected=0.341 | dual mean ratio=0.147 | increase threshold=5.0 | decrease threshold=3.0 | action=held
[ADMM RHO] ESS | primal max ratio=0.027 | primal mean ratio=0.003 | primal selected=0.027 | dual mean ratio=0.012 | increase threshold=5.0 | decrease threshold=5.0 | action=held
[INFO]		 - ADMM cycle 48 | Primal (V max/mean | PF max/mean | ESS max/mean) = 0.000047/0.000001 | 0.003411/0.000023 | 0.002668/0.000034 | Dual (V max/mean | PF max/mean | ESS max/mean) = 0.000476/0.000099 | 0.033207/0.001467 | 0.001749/0.000116 | Recourse change = 227969.978618 (tol. 82150.435436) | Stable cycles = 0/1 | Penalty actions (V/PF/ESS) = held/held/held
[INFO] 	 - Iteration 48: 32.05 s
[INFO] 	 - ADMM Iteration 49
[INFO] 		 - Updating distribution networks:
[INFO] 			 - Running SMOPF, Network case33_1, 2025, Spring...
[INFO] 			 - Running SMOPF, Network case33_1, 2025, Summer...
[INFO] 			 - Running SMOPF, Network case33_1, 2025, Autumn...
[INFO] 			 - Running SMOPF, Network case33_1, 2025, Winter...
[INFO] 			 - Running SMOPF, Network case33_1, 2030, Spring...
[INFO] 			 - Running SMOPF, Network case33_1, 2030, Summer...
[INFO] 			 - Running SMOPF, Network case33_1, 2030, Autumn...
[INFO] 			 - Running SMOPF, Network case33_1, 2030, Winter...
[INFO] 			 - Running SMOPF, Network case33_1, 2035, Spring...
[INFO] 			 - Running SMOPF, Network case33_1, 2035, Summer...
[INFO] 			 - Running SMOPF, Network case33_1, 2035, Autumn...
[INFO] 			 - Running SMOPF, Network case33_1, 2035, Winter...
[INFO] 			 - Running SMOPF, Network case33_2, 2025, Spring...
[INFO] 			 - Running SMOPF, Network case33_2, 2025, Summer...
[INFO] 			 - Running SMOPF, Network case33_2, 2025, Autumn...
[INFO] 			 - Running SMOPF, Network case33_2, 2025, Winter...
[INFO] 			 - Running SMOPF, Network case33_2, 2030, Spring...
[INFO] 			 - Running SMOPF, Network case33_2, 2030, Summer...
[INFO] 			 - Running SMOPF, Network case33_2, 2030, Autumn...
[INFO] 			 - Running SMOPF, Network case33_2, 2030, Winter...
[INFO] 			 - Running SMOPF, Network case33_2, 2035, Spring...
[INFO] 			 - Running SMOPF, Network case33_2, 2035, Summer...
[INFO] 			 - Running SMOPF, Network case33_2, 2035, Autumn...
[INFO] 			 - Running SMOPF, Network case33_2, 2035, Winter...
[INFO] 			 - Running SMOPF, Network case33_3, 2025, Spring...
[INFO] 			 - Running SMOPF, Network case33_3, 2025, Summer...
[INFO] 			 - Running SMOPF, Network case33_3, 2025, Autumn...
[INFO] 			 - Running SMOPF, Network case33_3, 2025, Winter...
[INFO] 			 - Running SMOPF, Network case33_3, 2030, Spring...
[INFO] 			 - Running SMOPF, Network case33_3, 2030, Summer...
[INFO] 			 - Running SMOPF, Network case33_3, 2030, Autumn...
[INFO] 			 - Running SMOPF, Network case33_3, 2030, Winter...
[INFO] 			 - Running SMOPF, Network case33_3, 2035, Spring...
[INFO] 			 - Running SMOPF, Network case33_3, 2035, Summer...
[INFO] 			 - Running SMOPF, Network case33_3, 2035, Autumn...
[INFO] 			 - Running SMOPF, Network case33_3, 2035, Winter...
[INFO] 		 - Updating transmission network...
[INFO] 			 - Running SMOPF, Network case9, 2025, Spring...
[INFO] 			 - Running SMOPF, Network case9, 2025, Summer...
[INFO] 			 - Running SMOPF, Network case9, 2025, Autumn...
[INFO] 			 - Running SMOPF, Network case9, 2025, Winter...
[INFO] 			 - Running SMOPF, Network case9, 2030, Spring...
[INFO] 			 - Running SMOPF, Network case9, 2030, Summer...
[INFO] 			 - Running SMOPF, Network case9, 2030, Autumn...
[INFO] 			 - Running SMOPF, Network case9, 2030, Winter...
[INFO] 			 - Running SMOPF, Network case9, 2035, Spring...
[INFO] 			 - Running SMOPF, Network case9, 2035, Summer...
[INFO] 			 - Running SMOPF, Network case9, 2035, Autumn...
[INFO] 			 - Running SMOPF, Network case9, 2035, Winter...
[TSO PROX] cycle=49 | updated_blocks=12 | held_failed_blocks=0 | V max=0.000206 | PF max=0.006351 | ESS max=0.000713
[TSO PROX][V MAX] node=5, year=2035, day=Summer, period=19 | dV=0.071214 kV | normalized=0.000206
[TSO PROX][PF MAX] node=7, year=2025, day=Spring, period=23, type=P | delta=0.635057 MW | normalized=0.006351
[TSO PROX][ESS MAX] node=9, year=2025, day=Spring, period=3, type=P | delta=0.001382 MW | normalized=0.000713
[INFO] 		 - Updating SharedESS...
[INFO] 		 - Running Shared ESS optimization (subproblem)...
[INFO] 			 - Node 5...
[INFO] Shared ESS complementarity diagnostics for ESS node=5: ratio_max=2.578856e-05 n_periods=288 mu_final=4.933589e-09 s_obj=1.000000e-01 eps=1.000000e-03 bound=1.420874e-02 measured=8.086201e-03
[INFO] 			 - Node 7...
[INFO] Shared ESS complementarity diagnostics for ESS node=7: ratio_max=2.579300e-05 n_periods=288 mu_final=4.887289e-09 s_obj=1.000000e-01 eps=1.000000e-03 bound=1.407539e-02 measured=8.085391e-03
[INFO] 			 - Node 9...
[INFO] Shared ESS complementarity diagnostics for ESS node=9: ratio_max=2.581896e-05 n_periods=288 mu_final=4.899868e-09 s_obj=1.000000e-01 eps=1.000000e-03 bound=1.411162e-02 measured=8.087030e-03
[INFO]		 - Primal residuals ok!
[INFO]		 - Dual residuals ok!
[RECOURSE JUMP] cycle=49 | abs_change=2.413098e+05 | tol=8.212764e+04 | signed_change=-2.413098e+05
[RECOURSE JUMP] Reconciliation | previous=8.212764e+08 | current=8.210351e+08 | block_delta=-2.413098e+05 | mismatch=-3.576279e-07
[RECOURSE JUMP] Aggregate signed changes:
  TSO | delta=-2.786318e+05
  DSO node=7 | delta=+3.601494e+04
  DSO node=5 | delta=+7.884224e+03
  DSO node=9 | delta=-6.577175e+03
  SALVAGE | delta=-3.628942e-35
[RECOURSE JUMP] Largest 10 block changes:
  TSO node=None year=2035 day=Spring | previous=5.997079e+07 | current=5.985586e+07 | delta=-1.149292e+05 | abs_delta=1.149292e+05
    [RECOURSE JUMP][TSO PROX] year=2035 day=Spring | V max=0.000126 | PF max=0.005105 | ESS max=0.000031
    [RECOURSE COMPONENTS] gen=-1.927694e+05 | flex=+7.784015e+04 | load_curt=+0.000000e+00 | res_curt=+0.000000e+00 | ess_usage=+0.000000e+00 | slacks=-4.166694e-10 | ess_comp=+4.201745e-04
    [SLACK COMPONENTS] voltage=-2.678533e-10 | node_P=+0.000000e+00 | node_Q=+0.000000e+00 | branch_ij=+0.000000e+00 | branch_ji=+0.000000e+00 | flex_P=-7.439960e-11 | flex_Q=-7.439960e-11
    [SLACK COMPONENT CHECK] classified_delta=-4.166525e-10 | objective_slack_delta=-4.166694e-10 | mismatch=+1.687539e-14
    [RECOURSE COMPONENT CHECK] classified_delta=-1.149292e+05 | block_delta=-1.149292e+05 | mismatch=+2.270099e-09
  TSO node=None year=2025 day=Spring | previous=7.717341e+07 | current=7.710040e+07 | delta=-7.300370e+04 | abs_delta=7.300370e+04
    [RECOURSE JUMP][TSO PROX] year=2025 day=Spring | V max=0.000091 | PF max=0.006351 | ESS max=0.000713
    [RECOURSE COMPONENTS] gen=-1.000279e+05 | flex=+2.702424e+04 | load_curt=+0.000000e+00 | res_curt=+0.000000e+00 | ess_usage=+0.000000e+00 | slacks=-1.759695e-09 | ess_comp=-3.584057e-04
    [SLACK COMPONENTS] voltage=-1.162128e-09 | node_P=+0.000000e+00 | node_Q=+0.000000e+00 | branch_ij=+0.000000e+00 | branch_ji=+0.000000e+00 | flex_P=-2.987806e-10 | flex_Q=-2.987806e-10
    [SLACK COMPONENT CHECK] classified_delta=-1.759689e-09 | objective_slack_delta=-1.759695e-09 | mismatch=+5.329071e-15
    [RECOURSE COMPONENT CHECK] classified_delta=-7.300370e+04 | block_delta=-7.300370e+04 | mismatch=+1.760782e-08
  TSO node=None year=2030 day=Spring | previous=5.785717e+07 | current=5.778939e+07 | delta=-6.778395e+04 | abs_delta=6.778395e+04
    [RECOURSE JUMP][TSO PROX] year=2030 day=Spring | V max=0.000106 | PF max=0.004209 | ESS max=0.000041
    [RECOURSE COMPONENTS] gen=-9.108758e+04 | flex=+2.330364e+04 | load_curt=+0.000000e+00 | res_curt=+0.000000e+00 | ess_usage=+0.000000e+00 | slacks=+1.648459e-12 | ess_comp=-1.643590e-02
    [SLACK COMPONENTS] voltage=+1.655565e-12 | node_P=+0.000000e+00 | node_Q=+0.000000e+00 | branch_ij=+0.000000e+00 | branch_ji=+0.000000e+00 | flex_P=+8.881784e-16 | flex_Q=+8.881784e-16
    [SLACK COMPONENT CHECK] classified_delta=+1.657341e-12 | objective_slack_delta=+1.648459e-12 | mismatch=+8.881784e-15
    [RECOURSE COMPONENT CHECK] classified_delta=-6.778395e+04 | block_delta=-6.778395e+04 | mismatch=+7.989001e-09
  TSO node=None year=2025 day=Summer | previous=9.254787e+07 | current=9.260193e+07 | delta=+5.405268e+04 | abs_delta=5.405268e+04
    [RECOURSE JUMP][TSO PROX] year=2025 day=Summer | V max=0.000130 | PF max=0.004774 | ESS max=0.000643
    [RECOURSE COMPONENTS] gen=+1.527807e+05 | flex=-9.872799e+04 | load_curt=+0.000000e+00 | res_curt=+0.000000e+00 | ess_usage=+0.000000e+00 | slacks=+7.041479e-12 | ess_comp=-1.507799e-04
    [SLACK COMPONENTS] voltage=+7.041479e-12 | node_P=+0.000000e+00 | node_Q=+0.000000e+00 | branch_ij=+0.000000e+00 | branch_ji=+0.000000e+00 | flex_P=+0.000000e+00 | flex_Q=+0.000000e+00
    [SLACK COMPONENT CHECK] classified_delta=+7.041479e-12 | objective_slack_delta=+7.041479e-12 | mismatch=+0.000000e+00
    [RECOURSE COMPONENT CHECK] classified_delta=+5.405268e+04 | block_delta=+5.405268e+04 | mismatch=-1.549051e-08
  TSO node=None year=2035 day=Autumn | previous=3.434177e+07 | current=3.429370e+07 | delta=-4.807259e+04 | abs_delta=4.807259e+04
    [RECOURSE JUMP][TSO PROX] year=2035 day=Autumn | V max=0.000124 | PF max=0.003528 | ESS max=0.000069
    [RECOURSE COMPONENTS] gen=-8.908446e+04 | flex=+4.101190e+04 | load_curt=+0.000000e+00 | res_curt=+0.000000e+00 | ess_usage=+0.000000e+00 | slacks=+2.664535e-12 | ess_comp=-3.181702e-02
    [SLACK COMPONENTS] voltage=+2.664535e-12 | node_P=+0.000000e+00 | node_Q=+0.000000e+00 | branch_ij=+0.000000e+00 | branch_ji=+0.000000e+00 | flex_P=+3.552714e-15 | flex_Q=+3.552714e-15
    [SLACK COMPONENT CHECK] classified_delta=+2.671641e-12 | objective_slack_delta=+2.664535e-12 | mismatch=+7.105427e-15
    [RECOURSE COMPONENT CHECK] classified_delta=-4.807259e+04 | block_delta=-4.807259e+04 | mismatch=-6.708433e-09
  DSO node=9 year=2025 day=Summer | previous=2.381938e+06 | current=2.337613e+06 | delta=-4.432498e+04 | abs_delta=4.432498e+04
    [RECOURSE COMPONENTS] gen=+0.000000e+00 | flex=-4.432333e+04 | load_curt=+0.000000e+00 | res_curt=-1.644624e+00 | ess_usage=+0.000000e+00 | slacks=+1.600086e-06 | ess_comp=-1.170530e-03
    [SLACK COMPONENTS] voltage=+2.789426e-07 | node_P=+0.000000e+00 | node_Q=+0.000000e+00 | branch_ij=+0.000000e+00 | branch_ji=+0.000000e+00 | flex_P=+1.321144e-06 | flex_Q=+0.000000e+00
    [SLACK COMPONENT CHECK] classified_delta=+1.600086e-06 | objective_slack_delta=+1.600086e-06 | mismatch=+4.973799e-14
    [RECOURSE COMPONENT CHECK] classified_delta=-4.432498e+04 | block_delta=-4.432498e+04 | mismatch=+2.910383e-11
  DSO node=7 year=2035 day=Spring | previous=6.323012e+06 | current=6.356858e+06 | delta=+3.384615e+04 | abs_delta=3.384615e+04
    [RECOURSE COMPONENTS] gen=+0.000000e+00 | flex=+3.384581e+04 | load_curt=+0.000000e+00 | res_curt=+3.389017e-01 | ess_usage=+0.000000e+00 | slacks=-2.693569e-05 | ess_comp=+2.481075e-05
    [SLACK COMPONENTS] voltage=-1.034113e-06 | node_P=+0.000000e+00 | node_Q=+0.000000e+00 | branch_ij=+0.000000e+00 | branch_ji=+0.000000e+00 | flex_P=-2.590157e-05 | flex_Q=+0.000000e+00
    [SLACK COMPONENT CHECK] classified_delta=-2.693569e-05 | objective_slack_delta=-2.693569e-05 | mismatch=+1.811884e-13
    [RECOURSE COMPONENT CHECK] classified_delta=+3.384615e+04 | block_delta=+3.384615e+04 | mismatch=-1.178705e-09
  DSO node=7 year=2025 day=Summer | previous=1.512313e+06 | current=1.482768e+06 | delta=-2.954479e+04 | abs_delta=2.954479e+04
    [RECOURSE COMPONENTS] gen=+0.000000e+00 | flex=-2.954447e+04 | load_curt=+0.000000e+00 | res_curt=-3.288453e-01 | ess_usage=+0.000000e+00 | slacks=+2.029998e-06 | ess_comp=+5.984699e-03
    [SLACK COMPONENTS] voltage=+2.692974e-07 | node_P=+0.000000e+00 | node_Q=+0.000000e+00 | branch_ij=+0.000000e+00 | branch_ji=+0.000000e+00 | flex_P=+1.760701e-06 | flex_Q=+0.000000e+00
    [SLACK COMPONENT CHECK] classified_delta=+2.029998e-06 | objective_slack_delta=+2.029998e-06 | mismatch=-8.171241e-14
    [RECOURSE COMPONENT CHECK] classified_delta=-2.954479e+04 | block_delta=-2.954479e+04 | mismatch=-1.164153e-10
  DSO node=9 year=2035 day=Spring | previous=9.659175e+06 | current=9.687882e+06 | delta=+2.870686e+04 | abs_delta=2.870686e+04
    [RECOURSE COMPONENTS] gen=+0.000000e+00 | flex=+2.870718e+04 | load_curt=+0.000000e+00 | res_curt=-3.251967e-01 | ess_usage=+0.000000e+00 | slacks=-3.400189e-05 | ess_comp=+4.757783e-05
    [SLACK COMPONENTS] voltage=-6.629524e-07 | node_P=+0.000000e+00 | node_Q=+0.000000e+00 | branch_ij=+0.000000e+00 | branch_ji=+0.000000e+00 | flex_P=-3.333894e-05 | flex_Q=+0.000000e+00
    [SLACK COMPONENT CHECK] classified_delta=-3.400189e-05 | objective_slack_delta=-3.400189e-05 | mismatch=+1.314504e-13
    [RECOURSE COMPONENT CHECK] classified_delta=+2.870686e+04 | block_delta=+2.870686e+04 | mismatch=-1.455192e-11
  TSO node=None year=2035 day=Summer | previous=6.660827e+07 | current=6.658160e+07 | delta=-2.667900e+04 | abs_delta=2.667900e+04
    [RECOURSE JUMP][TSO PROX] year=2035 day=Summer | V max=0.000206 | PF max=0.003800 | ESS max=0.000027
    [RECOURSE COMPONENTS] gen=-3.095734e+04 | flex=+4.278338e+03 | load_curt=+0.000000e+00 | res_curt=+0.000000e+00 | ess_usage=+0.000000e+00 | slacks=-1.757810e-08 | ess_comp=+1.531237e-03
    [SLACK COMPONENTS] voltage=-1.150870e-08 | node_P=+0.000000e+00 | node_Q=+0.000000e+00 | branch_ij=+0.000000e+00 | branch_ji=+0.000000e+00 | flex_P=-3.034698e-09 | flex_Q=-3.034698e-09
    [SLACK COMPONENT CHECK] classified_delta=-1.757810e-08 | objective_slack_delta=-1.757810e-08 | mismatch=-4.440892e-15
    [RECOURSE COMPONENT CHECK] classified_delta=-2.667900e+04 | block_delta=-2.667900e+04 | mismatch=+1.295848e-08
[INFO]		 - Recourse stationarity failed. 241309.805710 > 82127.638439
[ADMM RHO] V | primal max ratio=0.004 | primal mean ratio=0.001 | primal selected=0.004 | dual mean ratio=0.010 | increase threshold=5.0 | decrease threshold=5.0 | action=held
[ADMM RHO] PF | primal max ratio=0.109 | primal mean ratio=0.023 | primal selected=0.109 | dual mean ratio=0.142 | increase threshold=5.0 | decrease threshold=3.0 | action=held
[ADMM RHO] ESS | primal max ratio=0.027 | primal mean ratio=0.003 | primal selected=0.027 | dual mean ratio=0.011 | increase threshold=5.0 | decrease threshold=5.0 | action=held
[INFO]		 - ADMM cycle 49 | Primal (V max/mean | PF max/mean | ESS max/mean) = 0.000037/0.000001 | 0.001087/0.000023 | 0.002705/0.000030 | Dual (V max/mean | PF max/mean | ESS max/mean) = 0.000464/0.000099 | 0.033043/0.001422 | 0.001767/0.000115 | Recourse change = 241309.805710 (tol. 82127.638439) | Stable cycles = 0/1 | Penalty actions (V/PF/ESS) = held/held/held
[INFO] 	 - Iteration 49: 30.91 s
[INFO] 	 - ADMM Iteration 50
[INFO] 		 - Updating distribution networks:
[INFO] 			 - Running SMOPF, Network case33_1, 2025, Spring...
[INFO] 			 - Running SMOPF, Network case33_1, 2025, Summer...
[INFO] 			 - Running SMOPF, Network case33_1, 2025, Autumn...
[INFO] 			 - Running SMOPF, Network case33_1, 2025, Winter...
[INFO] 			 - Running SMOPF, Network case33_1, 2030, Spring...
[INFO] 			 - Running SMOPF, Network case33_1, 2030, Summer...
[INFO] 			 - Running SMOPF, Network case33_1, 2030, Autumn...
[INFO] 			 - Running SMOPF, Network case33_1, 2030, Winter...
[INFO] 			 - Running SMOPF, Network case33_1, 2035, Spring...
[INFO] 			 - Running SMOPF, Network case33_1, 2035, Summer...
[INFO] 			 - Running SMOPF, Network case33_1, 2035, Autumn...
[INFO] 			 - Running SMOPF, Network case33_1, 2035, Winter...
[INFO] 			 - Running SMOPF, Network case33_2, 2025, Spring...
[INFO] 			 - Running SMOPF, Network case33_2, 2025, Summer...
[INFO] 			 - Running SMOPF, Network case33_2, 2025, Autumn...
[INFO] 			 - Running SMOPF, Network case33_2, 2025, Winter...
[INFO] 			 - Running SMOPF, Network case33_2, 2030, Spring...
[INFO] 			 - Running SMOPF, Network case33_2, 2030, Summer...
[INFO] 			 - Running SMOPF, Network case33_2, 2030, Autumn...
[INFO] 			 - Running SMOPF, Network case33_2, 2030, Winter...
[INFO] 			 - Running SMOPF, Network case33_2, 2035, Spring...
[INFO] 			 - Running SMOPF, Network case33_2, 2035, Summer...
[INFO] 			 - Running SMOPF, Network case33_2, 2035, Autumn...
[INFO] 			 - Running SMOPF, Network case33_2, 2035, Winter...
[INFO] 			 - Running SMOPF, Network case33_3, 2025, Spring...
[INFO] 			 - Running SMOPF, Network case33_3, 2025, Summer...
[INFO] 			 - Running SMOPF, Network case33_3, 2025, Autumn...
[INFO] 			 - Running SMOPF, Network case33_3, 2025, Winter...
[INFO] 			 - Running SMOPF, Network case33_3, 2030, Spring...
[INFO] 			 - Running SMOPF, Network case33_3, 2030, Summer...
[INFO] 			 - Running SMOPF, Network case33_3, 2030, Autumn...
[INFO] 			 - Running SMOPF, Network case33_3, 2030, Winter...
[INFO] 			 - Running SMOPF, Network case33_3, 2035, Spring...
[INFO] 			 - Running SMOPF, Network case33_3, 2035, Summer...
[INFO] 			 - Running SMOPF, Network case33_3, 2035, Autumn...
[INFO] 			 - Running SMOPF, Network case33_3, 2035, Winter...
[INFO] 		 - Updating transmission network...
[INFO] 			 - Running SMOPF, Network case9, 2025, Spring...
[INFO] 			 - Running SMOPF, Network case9, 2025, Summer...
[INFO] 			 - Running SMOPF, Network case9, 2025, Autumn...
[INFO] 			 - Running SMOPF, Network case9, 2025, Winter...
[INFO] 			 - Running SMOPF, Network case9, 2030, Spring...
[INFO] 			 - Running SMOPF, Network case9, 2030, Summer...
[INFO] 			 - Running SMOPF, Network case9, 2030, Autumn...
[INFO] 			 - Running SMOPF, Network case9, 2030, Winter...
[INFO] 			 - Running SMOPF, Network case9, 2035, Spring...
[INFO] 			 - Running SMOPF, Network case9, 2035, Summer...
[INFO] 			 - Running SMOPF, Network case9, 2035, Autumn...
[INFO] 			 - Running SMOPF, Network case9, 2035, Winter...
[TSO PROX] cycle=50 | updated_blocks=12 | held_failed_blocks=0 | V max=0.000208 | PF max=0.005024 | ESS max=0.000713
[TSO PROX][V MAX] node=5, year=2035, day=Summer, period=19 | dV=0.071761 kV | normalized=0.000208
[TSO PROX][PF MAX] node=7, year=2035, day=Spring, period=15, type=P | delta=0.502373 MW | normalized=0.005024
[TSO PROX][ESS MAX] node=9, year=2025, day=Spring, period=3, type=P | delta=0.001381 MW | normalized=0.000713
[INFO] 		 - Updating SharedESS...
[INFO] 		 - Running Shared ESS optimization (subproblem)...
[INFO] 			 - Node 5...
[INFO] Shared ESS complementarity diagnostics for ESS node=5: ratio_max=2.584073e-05 n_periods=288 mu_final=4.922595e-09 s_obj=1.000000e-01 eps=1.000000e-03 bound=1.417707e-02 measured=8.062623e-03
[INFO] 			 - Node 7...
[INFO] Shared ESS complementarity diagnostics for ESS node=7: ratio_max=2.579558e-05 n_periods=288 mu_final=4.863110e-09 s_obj=1.000000e-01 eps=1.000000e-03 bound=1.400576e-02 measured=8.071426e-03
[INFO] 			 - Node 9...
[INFO] Shared ESS complementarity diagnostics for ESS node=9: ratio_max=2.581331e-05 n_periods=288 mu_final=4.896527e-09 s_obj=1.000000e-01 eps=1.000000e-03 bound=1.410200e-02 measured=8.070870e-03
[INFO]		 - Primal residuals ok!
[INFO]		 - Dual residuals ok!
[RECOURSE JUMP] cycle=50 | abs_change=2.293938e+05 | tol=8.210351e+04 | signed_change=-2.293938e+05
[RECOURSE JUMP] Reconciliation | previous=8.210351e+08 | current=8.208057e+08 | block_delta=-2.293938e+05 | mismatch=-1.192093e-07
[RECOURSE JUMP] Aggregate signed changes:
  TSO | delta=-2.637788e+05
  DSO node=7 | delta=+2.966345e+04
  DSO node=5 | delta=+6.771623e+03
  DSO node=9 | delta=-2.050072e+03
  SALVAGE | delta=+1.347700e-35
[RECOURSE JUMP] Largest 10 block changes:
  TSO node=None year=2035 day=Spring | previous=5.985586e+07 | current=5.971514e+07 | delta=-1.407243e+05 | abs_delta=1.407243e+05
    [RECOURSE JUMP][TSO PROX] year=2035 day=Spring | V max=0.000126 | PF max=0.005024 | ESS max=0.000065
    [RECOURSE COMPONENTS] gen=-2.275029e+05 | flex=+8.677865e+04 | load_curt=+0.000000e+00 | res_curt=+0.000000e+00 | ess_usage=+0.000000e+00 | slacks=+2.134755e-10 | ess_comp=-7.368066e-04
    [SLACK COMPONENTS] voltage=+1.461657e-10 | node_P=+0.000000e+00 | node_Q=+0.000000e+00 | branch_ij=+0.000000e+00 | branch_ji=+0.000000e+00 | flex_P=+3.364331e-11 | flex_Q=+3.364331e-11
    [SLACK COMPONENT CHECK] classified_delta=+2.134524e-10 | objective_slack_delta=+2.134755e-10 | mismatch=-2.309264e-14
    [RECOURSE COMPONENT CHECK] classified_delta=-1.407243e+05 | block_delta=-1.407243e+05 | mismatch=-7.305061e-09
  TSO node=None year=2030 day=Spring | previous=5.778939e+07 | current=5.772872e+07 | delta=-6.066612e+04 | abs_delta=6.066612e+04
    [RECOURSE JUMP][TSO PROX] year=2030 day=Spring | V max=0.000107 | PF max=0.004227 | ESS max=0.000023
    [RECOURSE COMPONENTS] gen=-8.095465e+04 | flex=+2.028854e+04 | load_curt=+0.000000e+00 | res_curt=+0.000000e+00 | ess_usage=+0.000000e+00 | slacks=+1.705303e-12 | ess_comp=-1.387506e-02
    [SLACK COMPONENTS] voltage=+1.698197e-12 | node_P=+0.000000e+00 | node_Q=+0.000000e+00 | branch_ij=+0.000000e+00 | branch_ji=+0.000000e+00 | flex_P=+1.776357e-15 | flex_Q=+1.776357e-15
    [SLACK COMPONENT CHECK] classified_delta=+1.701750e-12 | objective_slack_delta=+1.705303e-12 | mismatch=-3.552714e-15
    [RECOURSE COMPONENT CHECK] classified_delta=-6.066612e+04 | block_delta=-6.066612e+04 | mismatch=-4.591129e-09
  TSO node=None year=2025 day=Spring | previous=7.710040e+07 | current=7.704322e+07 | delta=-5.718196e+04 | abs_delta=5.718196e+04
    [RECOURSE JUMP][TSO PROX] year=2025 day=Spring | V max=0.000092 | PF max=0.003693 | ESS max=0.000713
    [RECOURSE COMPONENTS] gen=-7.869764e+04 | flex=+2.151567e+04 | load_curt=+0.000000e+00 | res_curt=+0.000000e+00 | ess_usage=+0.000000e+00 | slacks=-2.658901e-09 | ess_comp=-2.343755e-04
    [SLACK COMPONENTS] voltage=-1.755609e-09 | node_P=+0.000000e+00 | node_Q=+0.000000e+00 | branch_ij=+0.000000e+00 | branch_ji=+0.000000e+00 | flex_P=-4.516556e-10 | flex_Q=-4.516556e-10
    [SLACK COMPONENT CHECK] classified_delta=-2.658920e-09 | objective_slack_delta=-2.658901e-09 | mismatch=-1.953993e-14
    [RECOURSE COMPONENT CHECK] classified_delta=-5.718196e+04 | block_delta=-5.718196e+04 | mismatch=-8.942152e-09
  TSO node=None year=2025 day=Summer | previous=9.260193e+07 | current=9.265265e+07 | delta=+5.072422e+04 | abs_delta=5.072422e+04
    [RECOURSE JUMP][TSO PROX] year=2025 day=Summer | V max=0.000130 | PF max=0.004618 | ESS max=0.000643
    [RECOURSE COMPONENTS] gen=+1.453830e+05 | flex=-9.465875e+04 | load_curt=+0.000000e+00 | res_curt=+0.000000e+00 | ess_usage=+0.000000e+00 | slacks=+7.077006e-12 | ess_comp=-1.544263e-04
    [SLACK COMPONENTS] voltage=+7.077006e-12 | node_P=+0.000000e+00 | node_Q=+0.000000e+00 | branch_ij=+0.000000e+00 | branch_ji=+0.000000e+00 | flex_P=+0.000000e+00 | flex_Q=+0.000000e+00
    [SLACK COMPONENT CHECK] classified_delta=+7.077006e-12 | objective_slack_delta=+7.077006e-12 | mismatch=+0.000000e+00
    [RECOURSE COMPONENT CHECK] classified_delta=+5.072422e+04 | block_delta=+5.072422e+04 | mismatch=-9.276846e-09
  TSO node=None year=2035 day=Autumn | previous=3.429370e+07 | current=3.424533e+07 | delta=-4.836465e+04 | abs_delta=4.836465e+04
    [RECOURSE JUMP][TSO PROX] year=2035 day=Autumn | V max=0.000124 | PF max=0.003517 | ESS max=0.000101
    [RECOURSE COMPONENTS] gen=-8.972338e+04 | flex=+4.135883e+04 | load_curt=+0.000000e+00 | res_curt=+0.000000e+00 | ess_usage=+0.000000e+00 | slacks=+2.742695e-12 | ess_comp=-1.040296e-01
    [SLACK COMPONENTS] voltage=+2.749800e-12 | node_P=+0.000000e+00 | node_Q=+0.000000e+00 | branch_ij=+0.000000e+00 | branch_ji=+0.000000e+00 | flex_P=+5.773160e-15 | flex_Q=+5.773160e-15
    [SLACK COMPONENT CHECK] classified_delta=+2.761347e-12 | objective_slack_delta=+2.742695e-12 | mismatch=+1.865175e-14
    [RECOURSE COMPONENT CHECK] classified_delta=-4.836465e+04 | block_delta=-4.836465e+04 | mismatch=+3.055902e-09
  DSO node=9 year=2025 day=Summer | previous=2.337613e+06 | current=2.298176e+06 | delta=-3.943673e+04 | abs_delta=3.943673e+04
    [RECOURSE COMPONENTS] gen=+0.000000e+00 | flex=-3.943497e+04 | load_curt=+0.000000e+00 | res_curt=-1.771701e+00 | ess_usage=+0.000000e+00 | slacks=+6.270451e-06 | ess_comp=+1.524487e-02
    [SLACK COMPONENTS] voltage=+3.501265e-07 | node_P=+0.000000e+00 | node_Q=+0.000000e+00 | branch_ij=+0.000000e+00 | branch_ji=+0.000000e+00 | flex_P=+5.920325e-06 | flex_Q=+0.000000e+00
    [SLACK COMPONENT CHECK] classified_delta=+6.270451e-06 | objective_slack_delta=+6.270451e-06 | mismatch=+1.314504e-13
    [RECOURSE COMPONENT CHECK] classified_delta=-3.943673e+04 | block_delta=-3.943673e+04 | mismatch=-3.055902e-10
  DSO node=7 year=2035 day=Spring | previous=6.356858e+06 | current=6.391050e+06 | delta=+3.419161e+04 | abs_delta=3.419161e+04
    [RECOURSE COMPONENTS] gen=+0.000000e+00 | flex=+3.419136e+04 | load_curt=+0.000000e+00 | res_curt=+2.429976e-01 | ess_usage=+0.000000e+00 | slacks=-1.674636e-05 | ess_comp=-6.111574e-05
    [SLACK COMPONENTS] voltage=-6.421852e-07 | node_P=+0.000000e+00 | node_Q=+0.000000e+00 | branch_ij=+0.000000e+00 | branch_ji=+0.000000e+00 | flex_P=-1.610417e-05 | flex_Q=+0.000000e+00
    [SLACK COMPONENT CHECK] classified_delta=-1.674636e-05 | objective_slack_delta=-1.674636e-05 | mismatch=-5.329071e-14
    [RECOURSE COMPONENT CHECK] classified_delta=+3.419161e+04 | block_delta=+3.419161e+04 | mismatch=+5.529728e-10
  DSO node=9 year=2035 day=Spring | previous=9.687882e+06 | current=9.717657e+06 | delta=+2.977532e+04 | abs_delta=2.977532e+04
    [RECOURSE COMPONENTS] gen=+0.000000e+00 | flex=+2.977594e+04 | load_curt=+0.000000e+00 | res_curt=-6.161971e-01 | ess_usage=+0.000000e+00 | slacks=-2.122771e-05 | ess_comp=-4.379465e-05
    [SLACK COMPONENTS] voltage=-4.026690e-07 | node_P=+0.000000e+00 | node_Q=+0.000000e+00 | branch_ij=+0.000000e+00 | branch_ji=+0.000000e+00 | flex_P=-2.082504e-05 | flex_Q=+0.000000e+00
    [SLACK COMPONENT CHECK] classified_delta=-2.122771e-05 | objective_slack_delta=-2.122771e-05 | mismatch=-9.592327e-14
    [RECOURSE COMPONENT CHECK] classified_delta=+2.977532e+04 | block_delta=+2.977532e+04 | mismatch=+5.602487e-10
  DSO node=7 year=2025 day=Summer | previous=1.482768e+06 | current=1.453221e+06 | delta=-2.954655e+04 | abs_delta=2.954655e+04
    [RECOURSE COMPONENTS] gen=+0.000000e+00 | flex=-2.954623e+04 | load_curt=+0.000000e+00 | res_curt=-3.160625e-01 | ess_usage=+0.000000e+00 | slacks=+4.083758e-07 | ess_comp=-4.720115e-06
    [SLACK COMPONENTS] voltage=+1.681738e-07 | node_P=+0.000000e+00 | node_Q=+0.000000e+00 | branch_ij=+0.000000e+00 | branch_ji=+0.000000e+00 | flex_P=+2.402020e-07 | flex_Q=+0.000000e+00
    [SLACK COMPONENT CHECK] classified_delta=+4.083758e-07 | objective_slack_delta=+4.083758e-07 | mismatch=-2.131628e-14
    [RECOURSE COMPONENT CHECK] classified_delta=-2.954655e+04 | block_delta=-2.954655e+04 | mismatch=-3.528839e-10
  DSO node=5 year=2025 day=Summer | previous=6.279622e+05 | current=6.061680e+05 | delta=-2.179420e+04 | abs_delta=2.179420e+04
    [RECOURSE COMPONENTS] gen=+0.000000e+00 | flex=-2.179391e+04 | load_curt=+0.000000e+00 | res_curt=-2.489629e-01 | ess_usage=+0.000000e+00 | slacks=+3.472024e-08 | ess_comp=-3.837774e-02
    [SLACK COMPONENTS] voltage=+1.613681e-07 | node_P=+0.000000e+00 | node_Q=+0.000000e+00 | branch_ij=+0.000000e+00 | branch_ji=+0.000000e+00 | flex_P=-1.266477e-07 | flex_Q=+0.000000e+00
    [SLACK COMPONENT CHECK] classified_delta=+3.472041e-08 | objective_slack_delta=+3.472024e-08 | mismatch=+1.634248e-13
    [RECOURSE COMPONENT CHECK] classified_delta=-2.179420e+04 | block_delta=-2.179420e+04 | mismatch=-1.200533e-10
[INFO]		 - Recourse stationarity failed. 229393.835857 > 82103.507458
[ADMM RHO] V | primal max ratio=0.003 | primal mean ratio=0.001 | primal selected=0.003 | dual mean ratio=0.010 | increase threshold=5.0 | decrease threshold=5.0 | action=held
[ADMM RHO] PF | primal max ratio=0.084 | primal mean ratio=0.020 | primal selected=0.084 | dual mean ratio=0.137 | increase threshold=5.0 | decrease threshold=3.0 | action=held
[ADMM RHO] ESS | primal max ratio=0.027 | primal mean ratio=0.003 | primal selected=0.027 | dual mean ratio=0.011 | increase threshold=5.0 | decrease threshold=5.0 | action=held
[INFO]		 - ADMM cycle 50 | Primal (V max/mean | PF max/mean | ESS max/mean) = 0.000031/0.000001 | 0.000845/0.000020 | 0.002714/0.000034 | Dual (V max/mean | PF max/mean | ESS max/mean) = 0.000469/0.000098 | 0.026182/0.001372 | 0.001752/0.000112 | Recourse change = 229393.835857 (tol. 82103.507458) | Stable cycles = 0/1 | Penalty actions (V/PF/ESS) = held/held/held
[INFO] 	 - Iteration 50: 32.11 s
[INFO] 	 - ADMM Iteration 51
[INFO] 		 - Updating distribution networks:
[INFO] 			 - Running SMOPF, Network case33_1, 2025, Spring...
[INFO] 			 - Running SMOPF, Network case33_1, 2025, Summer...
[INFO] 			 - Running SMOPF, Network case33_1, 2025, Autumn...
[INFO] 			 - Running SMOPF, Network case33_1, 2025, Winter...
[INFO] 			 - Running SMOPF, Network case33_1, 2030, Spring...
[INFO] 			 - Running SMOPF, Network case33_1, 2030, Summer...
[INFO] 			 - Running SMOPF, Network case33_1, 2030, Autumn...
[INFO] 			 - Running SMOPF, Network case33_1, 2030, Winter...
[INFO] 			 - Running SMOPF, Network case33_1, 2035, Spring...
[INFO] 			 - Running SMOPF, Network case33_1, 2035, Summer...
[INFO] 			 - Running SMOPF, Network case33_1, 2035, Autumn...
[INFO] 			 - Running SMOPF, Network case33_1, 2035, Winter...
[INFO] 			 - Running SMOPF, Network case33_2, 2025, Spring...
[INFO] 			 - Running SMOPF, Network case33_2, 2025, Summer...
[INFO] 			 - Running SMOPF, Network case33_2, 2025, Autumn...
[INFO] 			 - Running SMOPF, Network case33_2, 2025, Winter...
[INFO] 			 - Running SMOPF, Network case33_2, 2030, Spring...
[INFO] 			 - Running SMOPF, Network case33_2, 2030, Summer...
[INFO] 			 - Running SMOPF, Network case33_2, 2030, Autumn...
[INFO] 			 - Running SMOPF, Network case33_2, 2030, Winter...
[INFO] 			 - Running SMOPF, Network case33_2, 2035, Spring...
[INFO] 			 - Running SMOPF, Network case33_2, 2035, Summer...
[INFO] 			 - Running SMOPF, Network case33_2, 2035, Autumn...
[INFO] 			 - Running SMOPF, Network case33_2, 2035, Winter...
[INFO] 			 - Running SMOPF, Network case33_3, 2025, Spring...
[INFO] 			 - Running SMOPF, Network case33_3, 2025, Summer...
[INFO] 			 - Running SMOPF, Network case33_3, 2025, Autumn...
[INFO] 			 - Running SMOPF, Network case33_3, 2025, Winter...
[INFO] 			 - Running SMOPF, Network case33_3, 2030, Spring...
[INFO] 			 - Running SMOPF, Network case33_3, 2030, Summer...
[INFO] 			 - Running SMOPF, Network case33_3, 2030, Autumn...
[INFO] 			 - Running SMOPF, Network case33_3, 2030, Winter...
[INFO] 			 - Running SMOPF, Network case33_3, 2035, Spring...
[INFO] 			 - Running SMOPF, Network case33_3, 2035, Summer...
[INFO] 			 - Running SMOPF, Network case33_3, 2035, Autumn...
[INFO] 			 - Running SMOPF, Network case33_3, 2035, Winter...
[INFO] 		 - Updating transmission network...
[INFO] 			 - Running SMOPF, Network case9, 2025, Spring...
[INFO] 			 - Running SMOPF, Network case9, 2025, Summer...
[INFO] 			 - Running SMOPF, Network case9, 2025, Autumn...
[INFO] 			 - Running SMOPF, Network case9, 2025, Winter...
[INFO] 			 - Running SMOPF, Network case9, 2030, Spring...
[INFO] 			 - Running SMOPF, Network case9, 2030, Summer...
[INFO] 			 - Running SMOPF, Network case9, 2030, Autumn...
[INFO] 			 - Running SMOPF, Network case9, 2030, Winter...
[INFO] 			 - Running SMOPF, Network case9, 2035, Spring...
[INFO] 			 - Running SMOPF, Network case9, 2035, Summer...
[INFO] 			 - Running SMOPF, Network case9, 2035, Autumn...
[INFO] 			 - Running SMOPF, Network case9, 2035, Winter...
[TSO PROX] cycle=51 | updated_blocks=12 | held_failed_blocks=0 | V max=0.000209 | PF max=0.004997 | ESS max=0.001196
[TSO PROX][V MAX] node=5, year=2035, day=Summer, period=19 | dV=0.072224 kV | normalized=0.000209
[TSO PROX][PF MAX] node=7, year=2035, day=Spring, period=15, type=P | delta=0.499726 MW | normalized=0.004997
[TSO PROX][ESS MAX] node=5, year=2035, day=Autumn, period=22, type=P | delta=0.002317 MW | normalized=0.001196
[INFO] 		 - Updating SharedESS...
[INFO] 		 - Running Shared ESS optimization (subproblem)...
[INFO] 			 - Node 5...
[INFO] Shared ESS complementarity diagnostics for ESS node=5: ratio_max=2.578032e-05 n_periods=288 mu_final=4.887530e-09 s_obj=1.000000e-01 eps=1.000000e-03 bound=1.407609e-02 measured=8.075552e-03
[INFO] 			 - Node 7...
[INFO] Shared ESS complementarity diagnostics for ESS node=7: ratio_max=2.571091e-05 n_periods=288 mu_final=5.053116e-09 s_obj=1.000000e-01 eps=1.000000e-03 bound=1.455297e-02 measured=8.078264e-03
[INFO] 			 - Node 9...
[INFO] Shared ESS complementarity diagnostics for ESS node=9: ratio_max=2.575182e-05 n_periods=288 mu_final=5.007068e-09 s_obj=1.000000e-01 eps=1.000000e-03 bound=1.442036e-02 measured=8.071331e-03
[INFO]		 - Primal residuals ok!
[INFO]		 - Dual residuals ok!
[RECOURSE JUMP] cycle=51 | abs_change=2.204792e+05 | tol=8.208057e+04 | signed_change=-2.204792e+05
[RECOURSE JUMP] Reconciliation | previous=8.208057e+08 | current=8.205852e+08 | block_delta=-2.204792e+05 | mismatch=+0.000000e+00
[RECOURSE JUMP] Aggregate signed changes:
  TSO | delta=-2.563788e+05
  DSO node=7 | delta=+3.009957e+04
  DSO node=5 | delta=+7.100480e+03
  DSO node=9 | delta=-1.300446e+03
  SALVAGE | delta=-9.860524e-36
[RECOURSE JUMP] Largest 10 block changes:
  TSO node=None year=2035 day=Spring | previous=5.971514e+07 | current=5.956841e+07 | delta=-1.467233e+05 | abs_delta=1.467233e+05
    [RECOURSE JUMP][TSO PROX] year=2035 day=Spring | V max=0.000127 | PF max=0.004997 | ESS max=0.000069
    [RECOURSE COMPONENTS] gen=-2.354599e+05 | flex=+8.873662e+04 | load_curt=+0.000000e+00 | res_curt=+0.000000e+00 | ess_usage=+0.000000e+00 | slacks=+2.705747e-10 | ess_comp=-1.853670e-03
    [SLACK COMPONENTS] voltage=+1.837535e-10 | node_P=+0.000000e+00 | node_Q=+0.000000e+00 | branch_ij=+0.000000e+00 | branch_ji=+0.000000e+00 | flex_P=+4.340883e-11 | flex_Q=+4.340883e-11
    [SLACK COMPONENT CHECK] classified_delta=+2.705711e-10 | objective_slack_delta=+2.705747e-10 | mismatch=-3.552714e-15
    [RECOURSE COMPONENT CHECK] classified_delta=-1.467233e+05 | block_delta=-1.467233e+05 | mismatch=-2.240995e-09
  TSO node=None year=2030 day=Spring | previous=5.772872e+07 | current=5.766693e+07 | delta=-6.179213e+04 | abs_delta=6.179213e+04
    [RECOURSE JUMP][TSO PROX] year=2030 day=Spring | V max=0.000105 | PF max=0.004217 | ESS max=0.000017
    [RECOURSE COMPONENTS] gen=-8.424798e+04 | flex=+2.245586e+04 | load_curt=+0.000000e+00 | res_curt=+0.000000e+00 | ess_usage=+0.000000e+00 | slacks=+1.762146e-12 | ess_comp=-1.219886e-02
    [SLACK COMPONENTS] voltage=+1.762146e-12 | node_P=+0.000000e+00 | node_Q=+0.000000e+00 | branch_ij=+0.000000e+00 | branch_ji=+0.000000e+00 | flex_P=+1.776357e-15 | flex_Q=+1.776357e-15
    [SLACK COMPONENT CHECK] classified_delta=+1.765699e-12 | objective_slack_delta=+1.762146e-12 | mismatch=+3.552714e-15
    [RECOURSE COMPONENT CHECK] classified_delta=-6.179213e+04 | block_delta=-6.179213e+04 | mismatch=-2.561137e-09
  TSO node=None year=2025 day=Summer | previous=9.265265e+07 | current=9.270507e+07 | delta=+5.242015e+04 | abs_delta=5.242015e+04
    [RECOURSE JUMP][TSO PROX] year=2025 day=Summer | V max=0.000130 | PF max=0.004478 | ESS max=0.000643
    [RECOURSE COMPONENTS] gen=+1.468750e+05 | flex=-9.445482e+04 | load_curt=+0.000000e+00 | res_curt=+0.000000e+00 | ess_usage=+0.000000e+00 | slacks=+7.140954e-12 | ess_comp=-1.555197e-04
    [SLACK COMPONENTS] voltage=+7.140954e-12 | node_P=+0.000000e+00 | node_Q=+0.000000e+00 | branch_ij=+0.000000e+00 | branch_ji=+0.000000e+00 | flex_P=+0.000000e+00 | flex_Q=+0.000000e+00
    [SLACK COMPONENT CHECK] classified_delta=+7.140954e-12 | objective_slack_delta=+7.140954e-12 | mismatch=+0.000000e+00
    [RECOURSE COMPONENT CHECK] classified_delta=+5.242015e+04 | block_delta=+5.242015e+04 | mismatch=+1.586159e-08
  TSO node=None year=2025 day=Spring | previous=7.704322e+07 | current=7.699322e+07 | delta=-5.000610e+04 | abs_delta=5.000610e+04
    [RECOURSE JUMP][TSO PROX] year=2025 day=Spring | V max=0.000093 | PF max=0.003687 | ESS max=0.000712
    [RECOURSE COMPONENTS] gen=-6.928192e+04 | flex=+1.927582e+04 | load_curt=+0.000000e+00 | res_curt=+0.000000e+00 | ess_usage=+0.000000e+00 | slacks=-2.056666e-10 | ess_comp=-7.794872e-05
    [SLACK COMPONENTS] voltage=-1.361471e-10 | node_P=+0.000000e+00 | node_Q=+0.000000e+00 | branch_ij=+0.000000e+00 | branch_ji=+0.000000e+00 | flex_P=-3.476508e-11 | flex_Q=-3.476508e-11
    [SLACK COMPONENT CHECK] classified_delta=-2.056773e-10 | objective_slack_delta=-2.056666e-10 | mismatch=-1.065814e-14
    [RECOURSE COMPONENT CHECK] classified_delta=-5.000610e+04 | block_delta=-5.000610e+04 | mismatch=+1.208537e-08
  TSO node=None year=2035 day=Autumn | previous=3.424533e+07 | current=3.419645e+07 | delta=-4.887645e+04 | abs_delta=4.887645e+04
    [RECOURSE JUMP][TSO PROX] year=2035 day=Autumn | V max=0.000124 | PF max=0.003505 | ESS max=0.001196
    [RECOURSE COMPONENTS] gen=-9.081374e+04 | flex=+4.193729e+04 | load_curt=+0.000000e+00 | res_curt=+0.000000e+00 | ess_usage=+0.000000e+00 | slacks=+2.664535e-12 | ess_comp=+2.764407e-03
    [SLACK COMPONENTS] voltage=+2.721379e-12 | node_P=+0.000000e+00 | node_Q=+0.000000e+00 | branch_ij=+0.000000e+00 | branch_ji=+0.000000e+00 | flex_P=-3.819167e-14 | flex_Q=-3.819167e-14
    [SLACK COMPONENT CHECK] classified_delta=+2.644995e-12 | objective_slack_delta=+2.664535e-12 | mismatch=-1.953993e-14
    [RECOURSE COMPONENT CHECK] classified_delta=-4.887645e+04 | block_delta=-4.887645e+04 | mismatch=+4.889444e-09
  DSO node=9 year=2025 day=Summer | previous=2.298176e+06 | current=2.257280e+06 | delta=-4.089610e+04 | abs_delta=4.089610e+04
    [RECOURSE COMPONENTS] gen=+0.000000e+00 | flex=-4.089430e+04 | load_curt=+0.000000e+00 | res_curt=-1.795223e+00 | ess_usage=+0.000000e+00 | slacks=+7.842331e-06 | ess_comp=-2.134928e-03
    [SLACK COMPONENTS] voltage=+7.629950e-07 | node_P=+0.000000e+00 | node_Q=+0.000000e+00 | branch_ij=+0.000000e+00 | branch_ji=+0.000000e+00 | flex_P=+7.079336e-06 | flex_Q=+0.000000e+00
    [SLACK COMPONENT CHECK] classified_delta=+7.842331e-06 | objective_slack_delta=+7.842331e-06 | mismatch=-1.421085e-13
    [RECOURSE COMPONENT CHECK] classified_delta=-4.089610e+04 | block_delta=-4.089610e+04 | mismatch=+5.748007e-10
  DSO node=7 year=2035 day=Spring | previous=6.391050e+06 | current=6.425281e+06 | delta=+3.423107e+04 | abs_delta=3.423107e+04
    [RECOURSE COMPONENTS] gen=+0.000000e+00 | flex=+3.423090e+04 | load_curt=+0.000000e+00 | res_curt=+1.641325e-01 | ess_usage=+0.000000e+00 | slacks=-4.792316e-06 | ess_comp=-1.399157e-04
    [SLACK COMPONENTS] voltage=-1.599350e-07 | node_P=+0.000000e+00 | node_Q=+0.000000e+00 | branch_ij=+0.000000e+00 | branch_ji=+0.000000e+00 | flex_P=-4.632381e-06 | flex_Q=+0.000000e+00
    [SLACK COMPONENT CHECK] classified_delta=-4.792316e-06 | objective_slack_delta=-4.792316e-06 | mismatch=-2.486900e-14
    [RECOURSE COMPONENT CHECK] classified_delta=+3.423107e+04 | block_delta=+3.423107e+04 | mismatch=-6.257324e-10
  DSO node=9 year=2035 day=Spring | previous=9.717657e+06 | current=9.747203e+06 | delta=+2.954553e+04 | abs_delta=2.954553e+04
    [RECOURSE COMPONENTS] gen=+0.000000e+00 | flex=+2.954627e+04 | load_curt=+0.000000e+00 | res_curt=-7.367967e-01 | ess_usage=+0.000000e+00 | slacks=-5.598434e-06 | ess_comp=-1.290292e-04
    [SLACK COMPONENTS] voltage=-5.184461e-08 | node_P=+0.000000e+00 | node_Q=+0.000000e+00 | branch_ij=+0.000000e+00 | branch_ji=+0.000000e+00 | flex_P=-5.546590e-06 | flex_Q=+0.000000e+00
    [SLACK COMPONENT CHECK] classified_delta=-5.598434e-06 | objective_slack_delta=-5.598434e-06 | mismatch=-3.552714e-15
    [RECOURSE COMPONENT CHECK] classified_delta=+2.954553e+04 | block_delta=+2.954553e+04 | mismatch=-2.342858e-09
  DSO node=7 year=2025 day=Summer | previous=1.453221e+06 | current=1.423828e+06 | delta=-2.939381e+04 | abs_delta=2.939381e+04
    [RECOURSE COMPONENTS] gen=+0.000000e+00 | flex=-2.939350e+04 | load_curt=+0.000000e+00 | res_curt=-3.089640e-01 | ess_usage=+0.000000e+00 | slacks=-3.379864e-07 | ess_comp=-1.492255e-04
    [SLACK COMPONENTS] voltage=+1.404047e-07 | node_P=+0.000000e+00 | node_Q=+0.000000e+00 | branch_ij=+0.000000e+00 | branch_ji=+0.000000e+00 | flex_P=-4.783911e-07 | flex_Q=+0.000000e+00
    [SLACK COMPONENT CHECK] classified_delta=-3.379865e-07 | objective_slack_delta=-3.379864e-07 | mismatch=-4.263256e-14
    [RECOURSE COMPONENT CHECK] classified_delta=-2.939381e+04 | block_delta=-2.939381e+04 | mismatch=+2.619345e-10
  TSO node=None year=2030 day=Winter | previous=4.062623e+07 | current=4.064918e+07 | delta=+2.295520e+04 | abs_delta=2.295520e+04
    [RECOURSE JUMP][TSO PROX] year=2030 day=Winter | V max=0.000120 | PF max=0.002314 | ESS max=0.000027
    [RECOURSE COMPONENTS] gen=+4.108271e+04 | flex=-1.812748e+04 | load_curt=+0.000000e+00 | res_curt=+0.000000e+00 | ess_usage=+0.000000e+00 | slacks=+3.787193e-12 | ess_comp=-2.941008e-02
    [SLACK COMPONENTS] voltage=+3.787193e-12 | node_P=+0.000000e+00 | node_Q=+0.000000e+00 | branch_ij=+0.000000e+00 | branch_ji=+0.000000e+00 | flex_P=+0.000000e+00 | flex_Q=+0.000000e+00
    [SLACK COMPONENT CHECK] classified_delta=+3.787193e-12 | objective_slack_delta=+3.787193e-12 | mismatch=+0.000000e+00
    [RECOURSE COMPONENT CHECK] classified_delta=+2.295520e+04 | block_delta=+2.295520e+04 | mismatch=-2.797606e-09
[INFO]		 - Recourse stationarity failed. 220479.224250 > 82080.568074
[ADMM RHO] V | primal max ratio=0.003 | primal mean ratio=0.001 | primal selected=0.003 | dual mean ratio=0.010 | increase threshold=5.0 | decrease threshold=5.0 | action=held
[ADMM RHO] PF | primal max ratio=0.075 | primal mean ratio=0.016 | primal selected=0.075 | dual mean ratio=0.134 | increase threshold=5.0 | decrease threshold=3.0 | action=held
[ADMM RHO] ESS | primal max ratio=0.027 | primal mean ratio=0.004 | primal selected=0.027 | dual mean ratio=0.011 | increase threshold=5.0 | decrease threshold=5.0 | action=held
[INFO]		 - ADMM cycle 51 | Primal (V max/mean | PF max/mean | ESS max/mean) = 0.000025/0.000001 | 0.000749/0.000016 | 0.002717/0.000042 | Dual (V max/mean | PF max/mean | ESS max/mean) = 0.000472/0.000098 | 0.026053/0.001342 | 0.001704/0.000109 | Recourse change = 220479.224250 (tol. 82080.568074) | Stable cycles = 0/1 | Penalty actions (V/PF/ESS) = held/held/held
[INFO] 	 - Iteration 51: 32.28 s
[INFO] 	 - ADMM Iteration 52
[INFO] 		 - Updating distribution networks:
[INFO] 			 - Running SMOPF, Network case33_1, 2025, Spring...
[INFO] 			 - Running SMOPF, Network case33_1, 2025, Summer...
[INFO] 			 - Running SMOPF, Network case33_1, 2025, Autumn...
[INFO] 			 - Running SMOPF, Network case33_1, 2025, Winter...
[INFO] 			 - Running SMOPF, Network case33_1, 2030, Spring...
[INFO] 			 - Running SMOPF, Network case33_1, 2030, Summer...
[INFO] 			 - Running SMOPF, Network case33_1, 2030, Autumn...
[INFO] 			 - Running SMOPF, Network case33_1, 2030, Winter...
[INFO] 			 - Running SMOPF, Network case33_1, 2035, Spring...
[INFO] 			 - Running SMOPF, Network case33_1, 2035, Summer...
[INFO] 			 - Running SMOPF, Network case33_1, 2035, Autumn...
[INFO] 			 - Running SMOPF, Network case33_1, 2035, Winter...
[INFO] 			 - Running SMOPF, Network case33_2, 2025, Spring...
[INFO] 			 - Running SMOPF, Network case33_2, 2025, Summer...
[INFO] 			 - Running SMOPF, Network case33_2, 2025, Autumn...
[INFO] 			 - Running SMOPF, Network case33_2, 2025, Winter...
[INFO] 			 - Running SMOPF, Network case33_2, 2030, Spring...
[INFO] 			 - Running SMOPF, Network case33_2, 2030, Summer...
[INFO] 			 - Running SMOPF, Network case33_2, 2030, Autumn...
[INFO] 			 - Running SMOPF, Network case33_2, 2030, Winter...
[INFO] 			 - Running SMOPF, Network case33_2, 2035, Spring...
[INFO] 			 - Running SMOPF, Network case33_2, 2035, Summer...
[INFO] 			 - Running SMOPF, Network case33_2, 2035, Autumn...
[INFO] 			 - Running SMOPF, Network case33_2, 2035, Winter...
[INFO] 			 - Running SMOPF, Network case33_3, 2025, Spring...
[INFO] 			 - Running SMOPF, Network case33_3, 2025, Summer...
[INFO] 			 - Running SMOPF, Network case33_3, 2025, Autumn...
[INFO] 			 - Running SMOPF, Network case33_3, 2025, Winter...
[INFO] 			 - Running SMOPF, Network case33_3, 2030, Spring...
[INFO] 			 - Running SMOPF, Network case33_3, 2030, Summer...
[INFO] 			 - Running SMOPF, Network case33_3, 2030, Autumn...
[INFO] 			 - Running SMOPF, Network case33_3, 2030, Winter...
[INFO] 			 - Running SMOPF, Network case33_3, 2035, Spring...
[INFO] 			 - Running SMOPF, Network case33_3, 2035, Summer...
[INFO] 			 - Running SMOPF, Network case33_3, 2035, Autumn...
[INFO] 			 - Running SMOPF, Network case33_3, 2035, Winter...
[INFO] 		 - Updating transmission network...
[INFO] 			 - Running SMOPF, Network case9, 2025, Spring...
[INFO] 			 - Running SMOPF, Network case9, 2025, Summer...
[INFO] 			 - Running SMOPF, Network case9, 2025, Autumn...
[INFO] 			 - Running SMOPF, Network case9, 2025, Winter...
[INFO] 			 - Running SMOPF, Network case9, 2030, Spring...
[INFO] 			 - Running SMOPF, Network case9, 2030, Summer...
[INFO] 			 - Running SMOPF, Network case9, 2030, Autumn...
[INFO] 			 - Running SMOPF, Network case9, 2030, Winter...
[INFO] 			 - Running SMOPF, Network case9, 2035, Spring...
[INFO] 			 - Running SMOPF, Network case9, 2035, Summer...
[INFO] 			 - Running SMOPF, Network case9, 2035, Autumn...
[INFO] 			 - Running SMOPF, Network case9, 2035, Winter...
[TSO PROX] cycle=52 | updated_blocks=12 | held_failed_blocks=0 | V max=0.000210 | PF max=0.005010 | ESS max=0.001150
[TSO PROX][V MAX] node=5, year=2035, day=Summer, period=19 | dV=0.072399 kV | normalized=0.000210
[TSO PROX][PF MAX] node=7, year=2035, day=Spring, period=15, type=P | delta=0.501001 MW | normalized=0.005010
[TSO PROX][ESS MAX] node=5, year=2035, day=Autumn, period=22, type=P | delta=0.002228 MW | normalized=0.001150
[INFO] 		 - Updating SharedESS...
[INFO] 		 - Running Shared ESS optimization (subproblem)...
[INFO] 			 - Node 5...
[INFO] Shared ESS complementarity diagnostics for ESS node=5: ratio_max=2.574351e-05 n_periods=288 mu_final=4.872490e-09 s_obj=1.000000e-01 eps=1.000000e-03 bound=1.403277e-02 measured=8.104021e-03
[INFO] 			 - Node 7...
[INFO] Shared ESS complementarity diagnostics for ESS node=7: ratio_max=2.571118e-05 n_periods=288 mu_final=4.788521e-09 s_obj=1.000000e-01 eps=1.000000e-03 bound=1.379094e-02 measured=8.098220e-03
[INFO] 			 - Node 9...
[INFO] Shared ESS complementarity diagnostics for ESS node=9: ratio_max=2.571088e-05 n_periods=288 mu_final=4.821667e-09 s_obj=1.000000e-01 eps=1.000000e-03 bound=1.388640e-02 measured=8.101027e-03
[INFO]		 - Primal residuals ok!
[INFO]		 - Dual residuals ok!
[RECOURSE JUMP] cycle=52 | abs_change=2.121989e+05 | tol=8.205852e+04 | signed_change=-2.121989e+05
[RECOURSE JUMP] Reconciliation | previous=8.205852e+08 | current=8.203730e+08 | block_delta=-2.121989e+05 | mismatch=+4.768372e-07
[RECOURSE JUMP] Aggregate signed changes:
  TSO | delta=-2.496283e+05
  DSO node=7 | delta=+3.185788e+04
  DSO node=5 | delta=+7.182139e+03
  DSO node=9 | delta=-1.610553e+03
  SALVAGE | delta=+2.574500e-35
[RECOURSE JUMP] Largest 10 block changes:
  TSO node=None year=2035 day=Spring | previous=5.956841e+07 | current=5.943083e+07 | delta=-1.375786e+05 | abs_delta=1.375786e+05
    [RECOURSE JUMP][TSO PROX] year=2035 day=Spring | V max=0.000127 | PF max=0.005010 | ESS max=0.000048
    [RECOURSE COMPONENTS] gen=-2.228379e+05 | flex=+8.525928e+04 | load_curt=+0.000000e+00 | res_curt=+0.000000e+00 | ess_usage=+0.000000e+00 | slacks=+2.896812e-10 | ess_comp=-2.954776e-03
    [SLACK COMPONENTS] voltage=+1.963656e-10 | node_P=+0.000000e+00 | node_Q=+0.000000e+00 | branch_ij=+0.000000e+00 | branch_ji=+0.000000e+00 | flex_P=+4.665868e-11 | flex_Q=+4.665868e-11
    [SLACK COMPONENT CHECK] classified_delta=+2.896829e-10 | objective_slack_delta=+2.896812e-10 | mismatch=+1.776357e-15
    [RECOURSE COMPONENT CHECK] classified_delta=-1.375786e+05 | block_delta=-1.375786e+05 | mismatch=+1.542503e-09
  TSO node=None year=2030 day=Spring | previous=5.766693e+07 | current=5.760561e+07 | delta=-6.131552e+04 | abs_delta=6.131552e+04
    [RECOURSE JUMP][TSO PROX] year=2030 day=Spring | V max=0.000103 | PF max=0.004212 | ESS max=0.000017
    [RECOURSE COMPONENTS] gen=-8.395750e+04 | flex=+2.264199e+04 | load_curt=+0.000000e+00 | res_curt=+0.000000e+00 | ess_usage=+0.000000e+00 | slacks=+1.797673e-12 | ess_comp=-1.106584e-02
    [SLACK COMPONENTS] voltage=+1.797673e-12 | node_P=+0.000000e+00 | node_Q=+0.000000e+00 | branch_ij=+0.000000e+00 | branch_ji=+0.000000e+00 | flex_P=+1.332268e-15 | flex_Q=+1.332268e-15
    [SLACK COMPONENT CHECK] classified_delta=+1.800338e-12 | objective_slack_delta=+1.797673e-12 | mismatch=+2.664535e-15
    [RECOURSE COMPONENT CHECK] classified_delta=-6.131552e+04 | block_delta=-6.131552e+04 | mismatch=+1.222361e-08
  TSO node=None year=2025 day=Summer | previous=9.270507e+07 | current=9.276090e+07 | delta=+5.582824e+04 | abs_delta=5.582824e+04
    [RECOURSE JUMP][TSO PROX] year=2025 day=Summer | V max=0.000129 | PF max=0.004344 | ESS max=0.000643
    [RECOURSE COMPONENTS] gen=+1.518736e+05 | flex=-9.604532e+04 | load_curt=+0.000000e+00 | res_curt=+0.000000e+00 | ess_usage=+0.000000e+00 | slacks=+7.197798e-12 | ess_comp=-1.577861e-04
    [SLACK COMPONENTS] voltage=+7.190692e-12 | node_P=+0.000000e+00 | node_Q=+0.000000e+00 | branch_ij=+0.000000e+00 | branch_ji=+0.000000e+00 | flex_P=+0.000000e+00 | flex_Q=+0.000000e+00
    [SLACK COMPONENT CHECK] classified_delta=+7.190692e-12 | objective_slack_delta=+7.197798e-12 | mismatch=-7.105427e-15
    [RECOURSE COMPONENT CHECK] classified_delta=+5.582824e+04 | block_delta=+5.582824e+04 | mismatch=+2.299203e-09
  TSO node=None year=2025 day=Spring | previous=7.699322e+07 | current=7.694308e+07 | delta=-5.013646e+04 | abs_delta=5.013646e+04
    [RECOURSE JUMP][TSO PROX] year=2025 day=Spring | V max=0.000094 | PF max=0.003665 | ESS max=0.000711
    [RECOURSE COMPONENTS] gen=-7.016725e+04 | flex=+2.003079e+04 | load_curt=+0.000000e+00 | res_curt=+0.000000e+00 | ess_usage=+0.000000e+00 | slacks=-3.555130e-10 | ess_comp=-1.861608e-04
    [SLACK COMPONENTS] voltage=-2.350120e-10 | node_P=+0.000000e+00 | node_Q=+0.000000e+00 | branch_ij=+0.000000e+00 | branch_ji=+0.000000e+00 | flex_P=-6.023759e-11 | flex_Q=-6.023759e-11
    [SLACK COMPONENT CHECK] classified_delta=-3.554872e-10 | objective_slack_delta=-3.555130e-10 | mismatch=+2.575717e-14
    [RECOURSE COMPONENT CHECK] classified_delta=-5.013646e+04 | block_delta=-5.013646e+04 | mismatch=-4.671165e-09
  TSO node=None year=2035 day=Autumn | previous=3.419645e+07 | current=3.414709e+07 | delta=-4.936209e+04 | abs_delta=4.936209e+04
    [RECOURSE JUMP][TSO PROX] year=2035 day=Autumn | V max=0.000124 | PF max=0.003487 | ESS max=0.001150
    [RECOURSE COMPONENTS] gen=-9.186040e+04 | flex=+4.249830e+04 | load_curt=+0.000000e+00 | res_curt=+0.000000e+00 | ess_usage=+0.000000e+00 | slacks=+2.742695e-12 | ess_comp=+4.168618e-03
    [SLACK COMPONENTS] voltage=+2.778222e-12 | node_P=+0.000000e+00 | node_Q=+0.000000e+00 | branch_ij=+0.000000e+00 | branch_ji=+0.000000e+00 | flex_P=-8.437695e-15 | flex_Q=-8.437695e-15
    [SLACK COMPONENT CHECK] classified_delta=+2.761347e-12 | objective_slack_delta=+2.742695e-12 | mismatch=+1.865175e-14
    [RECOURSE COMPONENT CHECK] classified_delta=-4.936209e+04 | block_delta=-4.936209e+04 | mismatch=-2.619345e-10
  DSO node=9 year=2025 day=Summer | previous=2.257280e+06 | current=2.215023e+06 | delta=-4.225743e+04 | abs_delta=4.225743e+04
    [RECOURSE COMPONENTS] gen=+0.000000e+00 | flex=-4.225581e+04 | load_curt=+0.000000e+00 | res_curt=-1.602410e+00 | ess_usage=+0.000000e+00 | slacks=+4.804075e-06 | ess_comp=-1.852598e-02
    [SLACK COMPONENTS] voltage=+7.986267e-07 | node_P=+0.000000e+00 | node_Q=+0.000000e+00 | branch_ij=+0.000000e+00 | branch_ji=+0.000000e+00 | flex_P=+4.005449e-06 | flex_Q=+0.000000e+00
    [SLACK COMPONENT CHECK] classified_delta=+4.804075e-06 | objective_slack_delta=+4.804075e-06 | mismatch=+4.263256e-14
    [RECOURSE COMPONENT CHECK] classified_delta=-4.225743e+04 | block_delta=-4.225743e+04 | mismatch=-4.365575e-11
  DSO node=7 year=2035 day=Spring | previous=6.425281e+06 | current=6.459867e+06 | delta=+3.458637e+04 | abs_delta=3.458637e+04
    [RECOURSE COMPONENTS] gen=+0.000000e+00 | flex=+3.458625e+04 | load_curt=+0.000000e+00 | res_curt=+1.189243e-01 | ess_usage=+0.000000e+00 | slacks=+3.812251e-06 | ess_comp=-2.065802e-04
    [SLACK COMPONENTS] voltage=+1.938951e-07 | node_P=+0.000000e+00 | node_Q=+0.000000e+00 | branch_ij=+0.000000e+00 | branch_ji=+0.000000e+00 | flex_P=+3.618356e-06 | flex_Q=+0.000000e+00
    [SLACK COMPONENT CHECK] classified_delta=+3.812251e-06 | objective_slack_delta=+3.812251e-06 | mismatch=+6.750156e-14
    [RECOURSE COMPONENT CHECK] classified_delta=+3.458637e+04 | block_delta=+3.458637e+04 | mismatch=+2.968591e-09
  DSO node=9 year=2035 day=Spring | previous=9.747203e+06 | current=9.776570e+06 | delta=+2.936753e+04 | abs_delta=2.936753e+04
    [RECOURSE COMPONENTS] gen=+0.000000e+00 | flex=+2.936832e+04 | load_curt=+0.000000e+00 | res_curt=-7.851340e-01 | ess_usage=+0.000000e+00 | slacks=+3.813426e-06 | ess_comp=-2.014876e-04
    [SLACK COMPONENTS] voltage=+1.779938e-07 | node_P=+0.000000e+00 | node_Q=+0.000000e+00 | branch_ij=+0.000000e+00 | branch_ji=+0.000000e+00 | flex_P=+3.635432e-06 | flex_Q=+0.000000e+00
    [SLACK COMPONENT CHECK] classified_delta=+3.813426e-06 | objective_slack_delta=+3.813426e-06 | mismatch=+0.000000e+00
    [RECOURSE COMPONENT CHECK] classified_delta=+2.936753e+04 | block_delta=+2.936753e+04 | mismatch=+1.353328e-09
  DSO node=7 year=2025 day=Summer | previous=1.423828e+06 | current=1.394555e+06 | delta=-2.927211e+04 | abs_delta=2.927211e+04
    [RECOURSE COMPONENTS] gen=+0.000000e+00 | flex=-2.927180e+04 | load_curt=+0.000000e+00 | res_curt=-3.028226e-01 | ess_usage=+0.000000e+00 | slacks=-2.030999e-07 | ess_comp=-1.154807e-04
    [SLACK COMPONENTS] voltage=+1.468240e-07 | node_P=+0.000000e+00 | node_Q=+0.000000e+00 | branch_ij=+0.000000e+00 | branch_ji=+0.000000e+00 | flex_P=-3.499239e-07 | flex_Q=+0.000000e+00
    [SLACK COMPONENT CHECK] classified_delta=-2.030999e-07 | objective_slack_delta=-2.030999e-07 | mismatch=+0.000000e+00
    [RECOURSE COMPONENT CHECK] classified_delta=-2.927211e+04 | block_delta=-2.927211e+04 | mismatch=-1.236913e-10
  DSO node=5 year=2025 day=Summer | previous=5.846009e+05 | current=5.631539e+05 | delta=-2.144692e+04 | abs_delta=2.144692e+04
    [RECOURSE COMPONENTS] gen=+0.000000e+00 | flex=-2.144668e+04 | load_curt=+0.000000e+00 | res_curt=-2.440030e-01 | ess_usage=+0.000000e+00 | slacks=+4.756731e-07 | ess_comp=-1.782761e-03
    [SLACK COMPONENTS] voltage=+1.882686e-07 | node_P=+0.000000e+00 | node_Q=+0.000000e+00 | branch_ij=+0.000000e+00 | branch_ji=+0.000000e+00 | flex_P=+2.874044e-07 | flex_Q=+0.000000e+00
    [SLACK COMPONENT CHECK] classified_delta=+4.756730e-07 | objective_slack_delta=+4.756731e-07 | mismatch=-1.421085e-14
    [RECOURSE COMPONENT CHECK] classified_delta=-2.144692e+04 | block_delta=-2.144692e+04 | mismatch=-1.818989e-11
[INFO]		 - Recourse stationarity failed. 212198.857395 > 82058.520152
[ADMM RHO] V | primal max ratio=0.002 | primal mean ratio=0.001 | primal selected=0.002 | dual mean ratio=0.010 | increase threshold=5.0 | decrease threshold=5.0 | action=held
[ADMM RHO] PF | primal max ratio=0.077 | primal mean ratio=0.014 | primal selected=0.077 | dual mean ratio=0.132 | increase threshold=5.0 | decrease threshold=3.0 | action=held
[ADMM RHO] ESS | primal max ratio=0.021 | primal mean ratio=0.005 | primal selected=0.021 | dual mean ratio=0.011 | increase threshold=5.0 | decrease threshold=5.0 | action=held
[INFO]		 - ADMM cycle 52 | Primal (V max/mean | PF max/mean | ESS max/mean) = 0.000021/0.000001 | 0.000766/0.000014 | 0.002073/0.000047 | Dual (V max/mean | PF max/mean | ESS max/mean) = 0.000474/0.000098 | 0.026104/0.001321 | 0.001627/0.000105 | Recourse change = 212198.857395 (tol. 82058.520152) | Stable cycles = 0/1 | Penalty actions (V/PF/ESS) = held/held/held
[INFO] 	 - Iteration 52: 32.50 s
[INFO] 	 - ADMM Iteration 53
[INFO] 		 - Updating distribution networks:
[INFO] 			 - Running SMOPF, Network case33_1, 2025, Spring...
[INFO] 			 - Running SMOPF, Network case33_1, 2025, Summer...
[INFO] 			 - Running SMOPF, Network case33_1, 2025, Autumn...
[INFO] 			 - Running SMOPF, Network case33_1, 2025, Winter...
[INFO] 			 - Running SMOPF, Network case33_1, 2030, Spring...
[INFO] 			 - Running SMOPF, Network case33_1, 2030, Summer...
[INFO] 			 - Running SMOPF, Network case33_1, 2030, Autumn...
[INFO] 			 - Running SMOPF, Network case33_1, 2030, Winter...
[INFO] 			 - Running SMOPF, Network case33_1, 2035, Spring...
[INFO] 			 - Running SMOPF, Network case33_1, 2035, Summer...
[INFO] 			 - Running SMOPF, Network case33_1, 2035, Autumn...
[INFO] 			 - Running SMOPF, Network case33_1, 2035, Winter...
[INFO] 			 - Running SMOPF, Network case33_2, 2025, Spring...
[INFO] 			 - Running SMOPF, Network case33_2, 2025, Summer...
[INFO] 			 - Running SMOPF, Network case33_2, 2025, Autumn...
[INFO] 			 - Running SMOPF, Network case33_2, 2025, Winter...
[INFO] 			 - Running SMOPF, Network case33_2, 2030, Spring...
[INFO] 			 - Running SMOPF, Network case33_2, 2030, Summer...
[INFO] 			 - Running SMOPF, Network case33_2, 2030, Autumn...
[INFO] 			 - Running SMOPF, Network case33_2, 2030, Winter...
[INFO] 			 - Running SMOPF, Network case33_2, 2035, Spring...
[INFO] 			 - Running SMOPF, Network case33_2, 2035, Summer...
[INFO] 			 - Running SMOPF, Network case33_2, 2035, Autumn...
[INFO] 			 - Running SMOPF, Network case33_2, 2035, Winter...
[INFO] 			 - Running SMOPF, Network case33_3, 2025, Spring...
[INFO] 			 - Running SMOPF, Network case33_3, 2025, Summer...
[INFO] 			 - Running SMOPF, Network case33_3, 2025, Autumn...
[INFO] 			 - Running SMOPF, Network case33_3, 2025, Winter...
[INFO] 			 - Running SMOPF, Network case33_3, 2030, Spring...
[INFO] 			 - Running SMOPF, Network case33_3, 2030, Summer...
[INFO] 			 - Running SMOPF, Network case33_3, 2030, Autumn...
[INFO] 			 - Running SMOPF, Network case33_3, 2030, Winter...
[INFO] 			 - Running SMOPF, Network case33_3, 2035, Spring...
[INFO] 			 - Running SMOPF, Network case33_3, 2035, Summer...
[INFO] 			 - Running SMOPF, Network case33_3, 2035, Autumn...
[INFO] 			 - Running SMOPF, Network case33_3, 2035, Winter...
[INFO] 		 - Updating transmission network...
[INFO] 			 - Running SMOPF, Network case9, 2025, Spring...
[INFO] 			 - Running SMOPF, Network case9, 2025, Summer...
[INFO] 			 - Running SMOPF, Network case9, 2025, Autumn...
[INFO] 			 - Running SMOPF, Network case9, 2025, Winter...
[INFO] 			 - Running SMOPF, Network case9, 2030, Spring...
[INFO] 			 - Running SMOPF, Network case9, 2030, Summer...
[INFO] 			 - Running SMOPF, Network case9, 2030, Autumn...
[INFO] 			 - Running SMOPF, Network case9, 2030, Winter...
[INFO] 			 - Running SMOPF, Network case9, 2035, Spring...
[INFO] 			 - Running SMOPF, Network case9, 2035, Summer...
[INFO] 			 - Running SMOPF, Network case9, 2035, Autumn...
[INFO] 			 - Running SMOPF, Network case9, 2035, Winter...
[TSO PROX] cycle=53 | updated_blocks=12 | held_failed_blocks=0 | V max=0.000200 | PF max=0.005037 | ESS max=0.001292
[TSO PROX][V MAX] node=5, year=2035, day=Summer, period=19 | dV=0.069052 kV | normalized=0.000200
[TSO PROX][PF MAX] node=7, year=2035, day=Spring, period=15, type=P | delta=0.503696 MW | normalized=0.005037
[TSO PROX][ESS MAX] node=9, year=2035, day=Autumn, period=22, type=P | delta=0.002504 MW | normalized=0.001292
[INFO] 		 - Updating SharedESS...
[INFO] 		 - Running Shared ESS optimization (subproblem)...
[INFO] 			 - Node 5...
[INFO] Shared ESS complementarity diagnostics for ESS node=5: ratio_max=2.572964e-05 n_periods=288 mu_final=4.844803e-09 s_obj=1.000000e-01 eps=1.000000e-03 bound=1.395303e-02 measured=8.134613e-03
[INFO] 			 - Node 7...
[INFO] Shared ESS complementarity diagnostics for ESS node=7: ratio_max=2.571347e-05 n_periods=288 mu_final=4.780674e-09 s_obj=1.000000e-01 eps=1.000000e-03 bound=1.376834e-02 measured=8.126041e-03
[INFO] 			 - Node 9...
[INFO] Shared ESS complementarity diagnostics for ESS node=9: ratio_max=2.568924e-05 n_periods=288 mu_final=4.842882e-09 s_obj=1.000000e-01 eps=1.000000e-03 bound=1.394750e-02 measured=8.115831e-03
[INFO]		 - Primal residuals ok!
[INFO]		 - Dual residuals ok!
[RECOURSE JUMP] cycle=53 | abs_change=1.889193e+05 | tol=8.203730e+04 | signed_change=-1.889193e+05
[RECOURSE JUMP] Reconciliation | previous=8.203730e+08 | current=8.201841e+08 | block_delta=-1.889193e+05 | mismatch=-5.960464e-07
[RECOURSE JUMP] Aggregate signed changes:
  TSO | delta=-2.340398e+05
  DSO node=7 | delta=+3.443732e+04
  DSO node=5 | delta=+8.027904e+03
  DSO node=9 | delta=+2.655292e+03
  SALVAGE | delta=-1.873249e-35
[RECOURSE JUMP] Largest 10 block changes:
  TSO node=None year=2035 day=Spring | previous=5.943083e+07 | current=5.932343e+07 | delta=-1.073989e+05 | abs_delta=1.073989e+05
    [RECOURSE JUMP][TSO PROX] year=2035 day=Spring | V max=0.000128 | PF max=0.005037 | ESS max=0.000024
    [RECOURSE COMPONENTS] gen=-1.803916e+05 | flex=+7.299273e+04 | load_curt=+0.000000e+00 | res_curt=+0.000000e+00 | ess_usage=+0.000000e+00 | slacks=-3.213501e-10 | ess_comp=-4.269791e-03
    [SLACK COMPONENTS] voltage=-2.052190e-10 | node_P=+0.000000e+00 | node_Q=+0.000000e+00 | branch_ij=+0.000000e+00 | branch_ji=+0.000000e+00 | flex_P=-5.806067e-11 | flex_Q=-5.806067e-11
    [SLACK COMPONENT CHECK] classified_delta=-3.213403e-10 | objective_slack_delta=-3.213501e-10 | mismatch=+9.769963e-15
    [RECOURSE COMPONENT CHECK] classified_delta=-1.073989e+05 | block_delta=-1.073989e+05 | mismatch=+1.364970e-08
  TSO node=None year=2030 day=Spring | previous=5.760561e+07 | current=5.754551e+07 | delta=-6.010618e+04 | abs_delta=6.010618e+04
    [RECOURSE JUMP][TSO PROX] year=2030 day=Spring | V max=0.000101 | PF max=0.004205 | ESS max=0.000017
    [RECOURSE COMPONENTS] gen=-8.193383e+04 | flex=+2.182766e+04 | load_curt=+0.000000e+00 | res_curt=+0.000000e+00 | ess_usage=+0.000000e+00 | slacks=+1.797673e-12 | ess_comp=-1.018006e-02
    [SLACK COMPONENTS] voltage=+1.797673e-12 | node_P=+0.000000e+00 | node_Q=+0.000000e+00 | branch_ij=+0.000000e+00 | branch_ji=+0.000000e+00 | flex_P=+1.776357e-15 | flex_Q=+1.776357e-15
    [SLACK COMPONENT CHECK] classified_delta=+1.801226e-12 | objective_slack_delta=+1.797673e-12 | mismatch=+3.552714e-15
    [RECOURSE COMPONENT CHECK] classified_delta=-6.010618e+04 | block_delta=-6.010618e+04 | mismatch=-1.022272e-08
  TSO node=None year=2025 day=Summer | previous=9.276090e+07 | current=9.281783e+07 | delta=+5.693208e+04 | abs_delta=5.693208e+04
    [RECOURSE JUMP][TSO PROX] year=2025 day=Summer | V max=0.000130 | PF max=0.004232 | ESS max=0.000643
    [RECOURSE COMPONENTS] gen=+1.533239e+05 | flex=-9.639178e+04 | load_curt=+0.000000e+00 | res_curt=+0.000000e+00 | ess_usage=+0.000000e+00 | slacks=+7.254641e-12 | ess_comp=-1.620771e-04
    [SLACK COMPONENTS] voltage=+7.254641e-12 | node_P=+0.000000e+00 | node_Q=+0.000000e+00 | branch_ij=+0.000000e+00 | branch_ji=+0.000000e+00 | flex_P=+0.000000e+00 | flex_Q=+0.000000e+00
    [SLACK COMPONENT CHECK] classified_delta=+7.254641e-12 | objective_slack_delta=+7.254641e-12 | mismatch=+0.000000e+00
    [RECOURSE COMPONENT CHECK] classified_delta=+5.693208e+04 | block_delta=+5.693208e+04 | mismatch=-6.461050e-09
  TSO node=None year=2025 day=Spring | previous=7.694308e+07 | current=7.688870e+07 | delta=-5.438269e+04 | abs_delta=5.438269e+04
    [RECOURSE JUMP][TSO PROX] year=2025 day=Spring | V max=0.000094 | PF max=0.003647 | ESS max=0.000711
    [RECOURSE COMPONENTS] gen=-7.688311e+04 | flex=+2.250041e+04 | load_curt=+0.000000e+00 | res_curt=+0.000000e+00 | ess_usage=+0.000000e+00 | slacks=-1.795115e-09 | ess_comp=+1.058751e-04
    [SLACK COMPONENTS] voltage=-1.185185e-09 | node_P=+0.000000e+00 | node_Q=+0.000000e+00 | branch_ij=+0.000000e+00 | branch_ji=+0.000000e+00 | flex_P=-3.049712e-10 | flex_Q=-3.049712e-10
    [SLACK COMPONENT CHECK] classified_delta=-1.795128e-09 | objective_slack_delta=-1.795115e-09 | mismatch=-1.243450e-14
    [RECOURSE COMPONENT CHECK] classified_delta=-5.438269e+04 | block_delta=-5.438269e+04 | mismatch=+7.952622e-09
  TSO node=None year=2035 day=Autumn | previous=3.414709e+07 | current=3.409761e+07 | delta=-4.948699e+04 | abs_delta=4.948699e+04
    [RECOURSE JUMP][TSO PROX] year=2035 day=Autumn | V max=0.000123 | PF max=0.003469 | ESS max=0.001292
    [RECOURSE COMPONENTS] gen=-9.218382e+04 | flex=+4.269682e+04 | load_curt=+0.000000e+00 | res_curt=+0.000000e+00 | ess_usage=+0.000000e+00 | slacks=+2.813749e-12 | ess_comp=-3.872907e-05
    [SLACK COMPONENTS] voltage=+2.806644e-12 | node_P=+0.000000e+00 | node_Q=+0.000000e+00 | branch_ij=+0.000000e+00 | branch_ji=+0.000000e+00 | flex_P=+0.000000e+00 | flex_Q=+0.000000e+00
    [SLACK COMPONENT CHECK] classified_delta=+2.806644e-12 | objective_slack_delta=+2.813749e-12 | mismatch=-7.105427e-15
    [RECOURSE COMPONENT CHECK] classified_delta=-4.948699e+04 | block_delta=-4.948699e+04 | mismatch=+4.438334e-10
  DSO node=9 year=2025 day=Summer | previous=2.215023e+06 | current=2.172742e+06 | delta=-4.228039e+04 | abs_delta=4.228039e+04
    [RECOURSE COMPONENTS] gen=+0.000000e+00 | flex=-4.227894e+04 | load_curt=+0.000000e+00 | res_curt=-1.458904e+00 | ess_usage=+0.000000e+00 | slacks=+1.006441e-06 | ess_comp=+7.151461e-03
    [SLACK COMPONENTS] voltage=+5.686800e-07 | node_P=+0.000000e+00 | node_Q=+0.000000e+00 | branch_ij=+0.000000e+00 | branch_ji=+0.000000e+00 | flex_P=+4.377612e-07 | flex_Q=+0.000000e+00
    [SLACK COMPONENT CHECK] classified_delta=+1.006441e-06 | objective_slack_delta=+1.006441e-06 | mismatch=-3.552714e-15
    [RECOURSE COMPONENT CHECK] classified_delta=-4.228039e+04 | block_delta=-4.228039e+04 | mismatch=-1.964509e-10
  DSO node=7 year=2035 day=Spring | previous=6.459867e+06 | current=6.494827e+06 | delta=+3.495965e+04 | abs_delta=3.495965e+04
    [RECOURSE COMPONENTS] gen=+0.000000e+00 | flex=+3.495954e+04 | load_curt=+0.000000e+00 | res_curt=+1.096636e-01 | ess_usage=+0.000000e+00 | slacks=+6.873184e-06 | ess_comp=-2.610814e-04
    [SLACK COMPONENTS] voltage=+3.221964e-07 | node_P=+0.000000e+00 | node_Q=+0.000000e+00 | branch_ij=+0.000000e+00 | branch_ji=+0.000000e+00 | flex_P=+6.550988e-06 | flex_Q=+0.000000e+00
    [SLACK COMPONENT CHECK] classified_delta=+6.873184e-06 | objective_slack_delta=+6.873184e-06 | mismatch=+7.105427e-15
    [RECOURSE COMPONENT CHECK] classified_delta=+3.495965e+04 | block_delta=+3.495965e+04 | mismatch=-2.561137e-09
  DSO node=7 year=2025 day=Summer | previous=1.394555e+06 | current=1.365347e+06 | delta=-2.920841e+04 | abs_delta=2.920841e+04
    [RECOURSE COMPONENTS] gen=+0.000000e+00 | flex=-2.920811e+04 | load_curt=+0.000000e+00 | res_curt=-2.991561e-01 | ess_usage=+0.000000e+00 | slacks=+1.642769e-07 | ess_comp=-1.404661e-03
    [SLACK COMPONENTS] voltage=+1.623568e-07 | node_P=+0.000000e+00 | node_Q=+0.000000e+00 | branch_ij=+0.000000e+00 | branch_ji=+0.000000e+00 | flex_P=+1.920117e-09 | flex_Q=+0.000000e+00
    [SLACK COMPONENT CHECK] classified_delta=+1.642769e-07 | objective_slack_delta=+1.642769e-07 | mismatch=+3.552714e-15
    [RECOURSE COMPONENT CHECK] classified_delta=-2.920841e+04 | block_delta=-2.920841e+04 | mismatch=-1.055014e-10
  TSO node=None year=2035 day=Summer | previous=6.653103e+07 | current=6.650249e+07 | delta=-2.853864e+04 | abs_delta=2.853864e+04
    [RECOURSE JUMP][TSO PROX] year=2035 day=Summer | V max=0.000200 | PF max=0.002639 | ESS max=0.000026
    [RECOURSE COMPONENTS] gen=-3.781673e+04 | flex=+9.278087e+03 | load_curt=+0.000000e+00 | res_curt=+0.000000e+00 | ess_usage=+0.000000e+00 | slacks=+6.473297e-08 | ess_comp=+2.602772e-03
    [SLACK COMPONENTS] voltage=+4.236669e-08 | node_P=+0.000000e+00 | node_Q=+0.000000e+00 | branch_ij=+0.000000e+00 | branch_ji=+0.000000e+00 | flex_P=+1.118313e-08 | flex_Q=+1.118313e-08
    [SLACK COMPONENT CHECK] classified_delta=+6.473296e-08 | objective_slack_delta=+6.473297e-08 | mismatch=-3.552714e-15
    [RECOURSE COMPONENT CHECK] classified_delta=-2.853864e+04 | block_delta=-2.853864e+04 | mismatch=-1.491571e-09
  DSO node=9 year=2035 day=Spring | previous=9.776570e+06 | current=9.801825e+06 | delta=+2.525507e+04 | abs_delta=2.525507e+04
    [RECOURSE COMPONENTS] gen=+0.000000e+00 | flex=+2.525649e+04 | load_curt=+0.000000e+00 | res_curt=-1.419365e+00 | ess_usage=+0.000000e+00 | slacks=-1.705866e-05 | ess_comp=-2.592821e-04
    [SLACK COMPONENTS] voltage=-1.855807e-07 | node_P=+0.000000e+00 | node_Q=+0.000000e+00 | branch_ij=+0.000000e+00 | branch_ji=+0.000000e+00 | flex_P=-1.687308e-05 | flex_Q=+0.000000e+00
    [SLACK COMPONENT CHECK] classified_delta=-1.705866e-05 | objective_slack_delta=-1.705866e-05 | mismatch=-5.329071e-14
    [RECOURSE COMPONENT CHECK] classified_delta=+2.525507e+04 | block_delta=+2.525507e+04 | mismatch=-4.947651e-10
[INFO]		 - Recourse stationarity failed. 188919.308311 > 82037.300266
[ADMM RHO] V | primal max ratio=0.002 | primal mean ratio=0.001 | primal selected=0.002 | dual mean ratio=0.010 | increase threshold=5.0 | decrease threshold=5.0 | action=held
[ADMM RHO] PF | primal max ratio=0.078 | primal mean ratio=0.014 | primal selected=0.078 | dual mean ratio=0.129 | increase threshold=5.0 | decrease threshold=3.0 | action=held
[ADMM RHO] ESS | primal max ratio=0.007 | primal mean ratio=0.005 | primal selected=0.007 | dual mean ratio=0.010 | increase threshold=5.0 | decrease threshold=5.0 | action=held
[INFO]		 - ADMM cycle 53 | Primal (V max/mean | PF max/mean | ESS max/mean) = 0.000018/0.000001 | 0.000782/0.000014 | 0.000693/0.000053 | Dual (V max/mean | PF max/mean | ESS max/mean) = 0.000473/0.000098 | 0.026219/0.001289 | 0.001521/0.000100 | Recourse change = 188919.308311 (tol. 82037.300266) | Stable cycles = 0/1 | Penalty actions (V/PF/ESS) = held/held/held
[INFO] 	 - Iteration 53: 33.04 s
[INFO] 	 - ADMM Iteration 54
[INFO] 		 - Updating distribution networks:
[INFO] 			 - Running SMOPF, Network case33_1, 2025, Spring...
[INFO] 			 - Running SMOPF, Network case33_1, 2025, Summer...
[INFO] 			 - Running SMOPF, Network case33_1, 2025, Autumn...
[INFO] 			 - Running SMOPF, Network case33_1, 2025, Winter...
[INFO] 			 - Running SMOPF, Network case33_1, 2030, Spring...
[INFO] 			 - Running SMOPF, Network case33_1, 2030, Summer...
[INFO] 			 - Running SMOPF, Network case33_1, 2030, Autumn...
[INFO] 			 - Running SMOPF, Network case33_1, 2030, Winter...
[INFO] 			 - Running SMOPF, Network case33_1, 2035, Spring...
[INFO] 			 - Running SMOPF, Network case33_1, 2035, Summer...
[INFO] 			 - Running SMOPF, Network case33_1, 2035, Autumn...
[INFO] 			 - Running SMOPF, Network case33_1, 2035, Winter...
[INFO] 			 - Running SMOPF, Network case33_2, 2025, Spring...
[INFO] 			 - Running SMOPF, Network case33_2, 2025, Summer...
[INFO] 			 - Running SMOPF, Network case33_2, 2025, Autumn...
[INFO] 			 - Running SMOPF, Network case33_2, 2025, Winter...
[INFO] 			 - Running SMOPF, Network case33_2, 2030, Spring...
[INFO] 			 - Running SMOPF, Network case33_2, 2030, Summer...
[INFO] 			 - Running SMOPF, Network case33_2, 2030, Autumn...
[INFO] 			 - Running SMOPF, Network case33_2, 2030, Winter...
[INFO] 			 - Running SMOPF, Network case33_2, 2035, Spring...
[INFO] 			 - Running SMOPF, Network case33_2, 2035, Summer...
[INFO] 			 - Running SMOPF, Network case33_2, 2035, Autumn...
[INFO] 			 - Running SMOPF, Network case33_2, 2035, Winter...
[INFO] 			 - Running SMOPF, Network case33_3, 2025, Spring...
[INFO] 			 - Running SMOPF, Network case33_3, 2025, Summer...
[INFO] 			 - Running SMOPF, Network case33_3, 2025, Autumn...
[INFO] 			 - Running SMOPF, Network case33_3, 2025, Winter...
[INFO] 			 - Running SMOPF, Network case33_3, 2030, Spring...
[INFO] 			 - Running SMOPF, Network case33_3, 2030, Summer...
[INFO] 			 - Running SMOPF, Network case33_3, 2030, Autumn...
[INFO] 			 - Running SMOPF, Network case33_3, 2030, Winter...
[INFO] 			 - Running SMOPF, Network case33_3, 2035, Spring...
[INFO] 			 - Running SMOPF, Network case33_3, 2035, Summer...
[INFO] 			 - Running SMOPF, Network case33_3, 2035, Autumn...
[INFO] 			 - Running SMOPF, Network case33_3, 2035, Winter...
[INFO] 		 - Updating transmission network...
[INFO] 			 - Running SMOPF, Network case9, 2025, Spring...
[INFO] 			 - Running SMOPF, Network case9, 2025, Summer...
[INFO] 			 - Running SMOPF, Network case9, 2025, Autumn...
[INFO] 			 - Running SMOPF, Network case9, 2025, Winter...
[INFO] 			 - Running SMOPF, Network case9, 2030, Spring...
[INFO] 			 - Running SMOPF, Network case9, 2030, Summer...
[INFO] 			 - Running SMOPF, Network case9, 2030, Autumn...
[INFO] 			 - Running SMOPF, Network case9, 2030, Winter...
[INFO] 			 - Running SMOPF, Network case9, 2035, Spring...
[INFO] 			 - Running SMOPF, Network case9, 2035, Summer...
[INFO] 			 - Running SMOPF, Network case9, 2035, Autumn...
[INFO] 			 - Running SMOPF, Network case9, 2035, Winter...
[TSO PROX] cycle=54 | updated_blocks=12 | held_failed_blocks=0 | V max=0.000193 | PF max=0.005041 | ESS max=0.001021
[TSO PROX][V MAX] node=5, year=2035, day=Summer, period=19 | dV=0.066722 kV | normalized=0.000193
[TSO PROX][PF MAX] node=7, year=2035, day=Spring, period=15, type=P | delta=0.504118 MW | normalized=0.005041
[TSO PROX][ESS MAX] node=9, year=2035, day=Autumn, period=22, type=P | delta=0.001978 MW | normalized=0.001021
[INFO] 		 - Updating SharedESS...
[INFO] 		 - Running Shared ESS optimization (subproblem)...
[INFO] 			 - Node 5...
[INFO] Shared ESS complementarity diagnostics for ESS node=5: ratio_max=2.580652e-05 n_periods=288 mu_final=4.831047e-09 s_obj=1.000000e-01 eps=1.000000e-03 bound=1.391342e-02 measured=8.146349e-03
[INFO] 			 - Node 7...
[INFO] Shared ESS complementarity diagnostics for ESS node=7: ratio_max=2.584541e-05 n_periods=288 mu_final=4.770291e-09 s_obj=1.000000e-01 eps=1.000000e-03 bound=1.373844e-02 measured=8.167175e-03
[INFO] 			 - Node 9...
[INFO] Shared ESS complementarity diagnostics for ESS node=9: ratio_max=2.582027e-05 n_periods=288 mu_final=4.844708e-09 s_obj=1.000000e-01 eps=1.000000e-03 bound=1.395276e-02 measured=8.143780e-03
[INFO]		 - Primal residuals ok!
[INFO]		 - Dual residuals ok!
[RECOURSE JUMP] cycle=54 | abs_change=1.846178e+05 | tol=8.201841e+04 | signed_change=-1.846178e+05
[RECOURSE JUMP] Reconciliation | previous=8.201841e+08 | current=8.199995e+08 | block_delta=-1.846178e+05 | mismatch=-2.384186e-07
[RECOURSE JUMP] Aggregate signed changes:
  TSO | delta=-2.255235e+05
  DSO node=7 | delta=+3.431876e+04
  DSO node=5 | delta=+5.515269e+03
  DSO node=9 | delta=+1.071665e+03
  SALVAGE | delta=+1.292392e-35
[RECOURSE JUMP] Largest 10 block changes:
  TSO node=None year=2035 day=Spring | previous=5.932343e+07 | current=5.922402e+07 | delta=-9.941931e+04 | abs_delta=9.941931e+04
    [RECOURSE JUMP][TSO PROX] year=2035 day=Spring | V max=0.000128 | PF max=0.005041 | ESS max=0.000022
    [RECOURSE COMPONENTS] gen=-1.689765e+05 | flex=+6.955716e+04 | load_curt=+0.000000e+00 | res_curt=+0.000000e+00 | ess_usage=+0.000000e+00 | slacks=-4.751115e-10 | ess_comp=-6.561593e-03
    [SLACK COMPONENTS] voltage=-3.063789e-10 | node_P=+0.000000e+00 | node_Q=+0.000000e+00 | branch_ij=+0.000000e+00 | branch_ji=+0.000000e+00 | flex_P=-8.436585e-11 | flex_Q=-8.436585e-11
    [SLACK COMPONENT CHECK] classified_delta=-4.751106e-10 | objective_slack_delta=-4.751115e-10 | mismatch=+8.881784e-16
    [RECOURSE COMPONENT CHECK] classified_delta=-9.941931e+04 | block_delta=-9.941931e+04 | mismatch=-5.209586e-09
  TSO node=None year=2030 day=Spring | previous=5.754551e+07 | current=5.748771e+07 | delta=-5.779284e+04 | abs_delta=5.779284e+04
    [RECOURSE JUMP][TSO PROX] year=2030 day=Spring | V max=0.000099 | PF max=0.004196 | ESS max=0.000015
    [RECOURSE COMPONENTS] gen=-7.792155e+04 | flex=+2.012872e+04 | load_curt=+0.000000e+00 | res_curt=+0.000000e+00 | ess_usage=+0.000000e+00 | slacks=+1.833200e-12 | ess_comp=-7.939319e-03
    [SLACK COMPONENTS] voltage=+1.833200e-12 | node_P=+0.000000e+00 | node_Q=+0.000000e+00 | branch_ij=+0.000000e+00 | branch_ji=+0.000000e+00 | flex_P=+1.776357e-15 | flex_Q=+1.776357e-15
    [SLACK COMPONENT CHECK] classified_delta=+1.836753e-12 | objective_slack_delta=+1.833200e-12 | mismatch=+3.552714e-15
    [RECOURSE COMPONENT CHECK] classified_delta=-5.779284e+04 | block_delta=-5.779284e+04 | mismatch=+9.677024e-10
  TSO node=None year=2025 day=Spring | previous=7.688870e+07 | current=7.683228e+07 | delta=-5.641111e+04 | abs_delta=5.641111e+04
    [RECOURSE JUMP][TSO PROX] year=2025 day=Spring | V max=0.000095 | PF max=0.003633 | ESS max=0.000711
    [RECOURSE COMPONENTS] gen=-8.002685e+04 | flex=+2.361573e+04 | load_curt=+0.000000e+00 | res_curt=+0.000000e+00 | ess_usage=+0.000000e+00 | slacks=-4.010801e-10 | ess_comp=+6.935392e-05
    [SLACK COMPONENTS] voltage=-2.650324e-10 | node_P=+0.000000e+00 | node_Q=+0.000000e+00 | branch_ij=+0.000000e+00 | branch_ji=+0.000000e+00 | flex_P=-6.802292e-11 | flex_Q=-6.802292e-11
    [SLACK COMPONENT CHECK] classified_delta=-4.010783e-10 | objective_slack_delta=-4.010801e-10 | mismatch=+1.776357e-15
    [RECOURSE COMPONENT CHECK] classified_delta=-5.641111e+04 | block_delta=-5.641111e+04 | mismatch=-7.661583e-09
  TSO node=None year=2025 day=Summer | previous=9.281783e+07 | current=9.287390e+07 | delta=+5.606745e+04 | abs_delta=5.606745e+04
    [RECOURSE JUMP][TSO PROX] year=2025 day=Summer | V max=0.000131 | PF max=0.004177 | ESS max=0.000643
    [RECOURSE COMPONENTS] gen=+1.516762e+05 | flex=-9.560876e+04 | load_curt=+0.000000e+00 | res_curt=+0.000000e+00 | ess_usage=+0.000000e+00 | slacks=+7.254641e-12 | ess_comp=-1.598988e-04
    [SLACK COMPONENTS] voltage=+7.254641e-12 | node_P=+0.000000e+00 | node_Q=+0.000000e+00 | branch_ij=+0.000000e+00 | branch_ji=+0.000000e+00 | flex_P=+0.000000e+00 | flex_Q=+0.000000e+00
    [SLACK COMPONENT CHECK] classified_delta=+7.254641e-12 | objective_slack_delta=+7.254641e-12 | mismatch=+0.000000e+00
    [RECOURSE COMPONENT CHECK] classified_delta=+5.606745e+04 | block_delta=+5.606745e+04 | mismatch=+2.047454e-08
  TSO node=None year=2035 day=Autumn | previous=3.409761e+07 | current=3.405020e+07 | delta=-4.740305e+04 | abs_delta=4.740305e+04
    [RECOURSE JUMP][TSO PROX] year=2035 day=Autumn | V max=0.000123 | PF max=0.003274 | ESS max=0.001021
    [RECOURSE COMPONENTS] gen=-8.834569e+04 | flex=+4.094264e+04 | load_curt=+0.000000e+00 | res_curt=+0.000000e+00 | ess_usage=+0.000000e+00 | slacks=+2.827960e-12 | ess_comp=-2.359806e-04
    [SLACK COMPONENTS] voltage=+2.827960e-12 | node_P=+0.000000e+00 | node_Q=+0.000000e+00 | branch_ij=+0.000000e+00 | branch_ji=+0.000000e+00 | flex_P=+0.000000e+00 | flex_Q=+0.000000e+00
    [SLACK COMPONENT CHECK] classified_delta=+2.827960e-12 | objective_slack_delta=+2.827960e-12 | mismatch=+0.000000e+00
    [RECOURSE COMPONENT CHECK] classified_delta=-4.740305e+04 | block_delta=-4.740305e+04 | mismatch=-5.311449e-09
  DSO node=9 year=2025 day=Summer | previous=2.172742e+06 | current=2.130942e+06 | delta=-4.180019e+04 | abs_delta=4.180019e+04
    [RECOURSE COMPONENTS] gen=+0.000000e+00 | flex=-4.179870e+04 | load_curt=+0.000000e+00 | res_curt=-1.482225e+00 | ess_usage=+0.000000e+00 | slacks=-5.967846e-07 | ess_comp=-7.364647e-03
    [SLACK COMPONENTS] voltage=+4.126218e-07 | node_P=+0.000000e+00 | node_Q=+0.000000e+00 | branch_ij=+0.000000e+00 | branch_ji=+0.000000e+00 | flex_P=-1.009406e-06 | flex_Q=+0.000000e+00
    [SLACK COMPONENT CHECK] classified_delta=-5.967846e-07 | objective_slack_delta=-5.967846e-07 | mismatch=+2.842171e-14
    [RECOURSE COMPONENT CHECK] classified_delta=-4.180019e+04 | block_delta=-4.180019e+04 | mismatch=+6.621121e-10
  DSO node=7 year=2035 day=Spring | previous=6.494827e+06 | current=6.529457e+06 | delta=+3.463063e+04 | abs_delta=3.463063e+04
    [RECOURSE COMPONENTS] gen=+0.000000e+00 | flex=+3.463048e+04 | load_curt=+0.000000e+00 | res_curt=+1.483513e-01 | ess_usage=+0.000000e+00 | slacks=+2.029785e-06 | ess_comp=-3.100919e-04
    [SLACK COMPONENTS] voltage=+1.288774e-07 | node_P=+0.000000e+00 | node_Q=+0.000000e+00 | branch_ij=+0.000000e+00 | branch_ji=+0.000000e+00 | flex_P=+1.900908e-06 | flex_Q=+0.000000e+00
    [SLACK COMPONENT CHECK] classified_delta=+2.029785e-06 | objective_slack_delta=+2.029785e-06 | mismatch=-1.492140e-13
    [RECOURSE COMPONENT CHECK] classified_delta=+3.463063e+04 | block_delta=+3.463063e+04 | mismatch=-2.415618e-09
  DSO node=7 year=2025 day=Summer | previous=1.365347e+06 | current=1.336168e+06 | delta=-2.917857e+04 | abs_delta=2.917857e+04
    [RECOURSE COMPONENTS] gen=+0.000000e+00 | flex=-2.917828e+04 | load_curt=+0.000000e+00 | res_curt=-2.950989e-01 | ess_usage=+0.000000e+00 | slacks=+3.836188e-07 | ess_comp=+7.955573e-04
    [SLACK COMPONENTS] voltage=+1.738417e-07 | node_P=+0.000000e+00 | node_Q=+0.000000e+00 | branch_ij=+0.000000e+00 | branch_ji=+0.000000e+00 | flex_P=+2.097772e-07 | flex_Q=+0.000000e+00
    [SLACK COMPONENT CHECK] classified_delta=+3.836189e-07 | objective_slack_delta=+3.836188e-07 | mismatch=+4.618528e-14
    [RECOURSE COMPONENT CHECK] classified_delta=-2.917857e+04 | block_delta=-2.917857e+04 | mismatch=+3.019522e-10
  TSO node=None year=2035 day=Summer | previous=6.650249e+07 | current=6.647667e+07 | delta=-2.582156e+04 | abs_delta=2.582156e+04
    [RECOURSE JUMP][TSO PROX] year=2035 day=Summer | V max=0.000193 | PF max=0.002635 | ESS max=0.000028
    [RECOURSE COMPONENTS] gen=-3.438725e+04 | flex=+8.565684e+03 | load_curt=+0.000000e+00 | res_curt=+0.000000e+00 | ess_usage=+0.000000e+00 | slacks=+3.783249e-08 | ess_comp=+4.144047e-03
    [SLACK COMPONENTS] voltage=+2.475626e-08 | node_P=+0.000000e+00 | node_Q=+0.000000e+00 | branch_ij=+0.000000e+00 | branch_ji=+0.000000e+00 | flex_P=+6.538126e-09 | flex_Q=+6.538126e-09
    [SLACK COMPONENT CHECK] classified_delta=+3.783251e-08 | objective_slack_delta=+3.783249e-08 | mismatch=+2.042810e-14
    [RECOURSE COMPONENT CHECK] classified_delta=-2.582156e+04 | block_delta=-2.582156e+04 | mismatch=+8.240022e-09
  DSO node=9 year=2035 day=Spring | previous=9.801825e+06 | current=9.827510e+06 | delta=+2.568520e+04 | abs_delta=2.568520e+04
    [RECOURSE COMPONENTS] gen=+0.000000e+00 | flex=+2.568547e+04 | load_curt=+0.000000e+00 | res_curt=-2.606829e-01 | ess_usage=+0.000000e+00 | slacks=-8.575891e-06 | ess_comp=-3.073226e-04
    [SLACK COMPONENTS] voltage=-1.022087e-07 | node_P=+0.000000e+00 | node_Q=+0.000000e+00 | branch_ij=+0.000000e+00 | branch_ji=+0.000000e+00 | flex_P=-8.473682e-06 | flex_Q=+0.000000e+00
    [SLACK COMPONENT CHECK] classified_delta=-8.575891e-06 | objective_slack_delta=-8.575891e-06 | mismatch=-3.552714e-15
    [RECOURSE COMPONENT CHECK] classified_delta=+2.568520e+04 | block_delta=+2.568520e+04 | mismatch=+1.724402e-09
[INFO]		 - Recourse stationarity failed. 184617.842558 > 82018.408335
[ADMM RHO] V | primal max ratio=0.002 | primal mean ratio=0.001 | primal selected=0.002 | dual mean ratio=0.010 | increase threshold=5.0 | decrease threshold=5.0 | action=held
[ADMM RHO] PF | primal max ratio=0.080 | primal mean ratio=0.013 | primal selected=0.080 | dual mean ratio=0.127 | increase threshold=5.0 | decrease threshold=3.0 | action=held
[ADMM RHO] ESS | primal max ratio=0.007 | primal mean ratio=0.006 | primal selected=0.007 | dual mean ratio=0.009 | increase threshold=5.0 | decrease threshold=5.0 | action=held
[INFO]		 - ADMM cycle 54 | Primal (V max/mean | PF max/mean | ESS max/mean) = 0.000016/0.000001 | 0.000796/0.000013 | 0.000712/0.000062 | Dual (V max/mean | PF max/mean | ESS max/mean) = 0.000435/0.000098 | 0.026227/0.001270 | 0.001390/0.000094 | Recourse change = 184617.842558 (tol. 82018.408335) | Stable cycles = 0/1 | Penalty actions (V/PF/ESS) = held/held/held
[INFO] 	 - Iteration 54: 31.53 s
[INFO] 	 - ADMM Iteration 55
[INFO] 		 - Updating distribution networks:
[INFO] 			 - Running SMOPF, Network case33_1, 2025, Spring...
[INFO] 			 - Running SMOPF, Network case33_1, 2025, Summer...
[INFO] 			 - Running SMOPF, Network case33_1, 2025, Autumn...
[INFO] 			 - Running SMOPF, Network case33_1, 2025, Winter...
[INFO] 			 - Running SMOPF, Network case33_1, 2030, Spring...
[INFO] 			 - Running SMOPF, Network case33_1, 2030, Summer...
[INFO] 			 - Running SMOPF, Network case33_1, 2030, Autumn...
[INFO] 			 - Running SMOPF, Network case33_1, 2030, Winter...
[INFO] 			 - Running SMOPF, Network case33_1, 2035, Spring...
[INFO] 			 - Running SMOPF, Network case33_1, 2035, Summer...
[INFO] 			 - Running SMOPF, Network case33_1, 2035, Autumn...
[INFO] 			 - Running SMOPF, Network case33_1, 2035, Winter...
[INFO] 			 - Running SMOPF, Network case33_2, 2025, Spring...
[INFO] 			 - Running SMOPF, Network case33_2, 2025, Summer...
[INFO] 			 - Running SMOPF, Network case33_2, 2025, Autumn...
[INFO] 			 - Running SMOPF, Network case33_2, 2025, Winter...
[INFO] 			 - Running SMOPF, Network case33_2, 2030, Spring...
[INFO] 			 - Running SMOPF, Network case33_2, 2030, Summer...
[INFO] 			 - Running SMOPF, Network case33_2, 2030, Autumn...
[INFO] 			 - Running SMOPF, Network case33_2, 2030, Winter...
[INFO] 			 - Running SMOPF, Network case33_2, 2035, Spring...
[INFO] 			 - Running SMOPF, Network case33_2, 2035, Summer...
[INFO] 			 - Running SMOPF, Network case33_2, 2035, Autumn...
[INFO] 			 - Running SMOPF, Network case33_2, 2035, Winter...
[INFO] 			 - Running SMOPF, Network case33_3, 2025, Spring...
[INFO] 			 - Running SMOPF, Network case33_3, 2025, Summer...
[INFO] 			 - Running SMOPF, Network case33_3, 2025, Autumn...
[INFO] 			 - Running SMOPF, Network case33_3, 2025, Winter...
[INFO] 			 - Running SMOPF, Network case33_3, 2030, Spring...
[INFO] 			 - Running SMOPF, Network case33_3, 2030, Summer...
[INFO] 			 - Running SMOPF, Network case33_3, 2030, Autumn...
[INFO] 			 - Running SMOPF, Network case33_3, 2030, Winter...
[INFO] 			 - Running SMOPF, Network case33_3, 2035, Spring...
[INFO] 			 - Running SMOPF, Network case33_3, 2035, Summer...
[INFO] 			 - Running SMOPF, Network case33_3, 2035, Autumn...
[INFO] 			 - Running SMOPF, Network case33_3, 2035, Winter...
[INFO] 		 - Updating transmission network...
[INFO] 			 - Running SMOPF, Network case9, 2025, Spring...
[INFO] 			 - Running SMOPF, Network case9, 2025, Summer...
[INFO] 			 - Running SMOPF, Network case9, 2025, Autumn...
[INFO] 			 - Running SMOPF, Network case9, 2025, Winter...
[INFO] 			 - Running SMOPF, Network case9, 2030, Spring...
[INFO] 			 - Running SMOPF, Network case9, 2030, Summer...
[INFO] 			 - Running SMOPF, Network case9, 2030, Autumn...
[INFO] 			 - Running SMOPF, Network case9, 2030, Winter...
[INFO] 			 - Running SMOPF, Network case9, 2035, Spring...
[INFO] 			 - Running SMOPF, Network case9, 2035, Summer...
[INFO] 			 - Running SMOPF, Network case9, 2035, Autumn...
[INFO] 			 - Running SMOPF, Network case9, 2035, Winter...
[TSO PROX] cycle=55 | updated_blocks=12 | held_failed_blocks=0 | V max=0.000191 | PF max=0.005028 | ESS max=0.000711
[TSO PROX][V MAX] node=5, year=2035, day=Summer, period=19 | dV=0.065862 kV | normalized=0.000191
[TSO PROX][PF MAX] node=7, year=2035, day=Spring, period=15, type=P | delta=0.502832 MW | normalized=0.005028
[TSO PROX][ESS MAX] node=9, year=2025, day=Spring, period=3, type=P | delta=0.001378 MW | normalized=0.000711
[INFO] 		 - Updating SharedESS...
[INFO] 		 - Running Shared ESS optimization (subproblem)...
[INFO] 			 - Node 5...
[INFO] Shared ESS complementarity diagnostics for ESS node=5: ratio_max=2.575808e-05 n_periods=288 mu_final=4.804977e-09 s_obj=1.000000e-01 eps=1.000000e-03 bound=1.383833e-02 measured=8.192614e-03
[INFO] 			 - Node 7...
[INFO] Shared ESS complementarity diagnostics for ESS node=7: ratio_max=2.577627e-05 n_periods=288 mu_final=4.753965e-09 s_obj=1.000000e-01 eps=1.000000e-03 bound=1.369142e-02 measured=8.205837e-03
[INFO] 			 - Node 9...
[INFO] Shared ESS complementarity diagnostics for ESS node=9: ratio_max=2.571152e-05 n_periods=288 mu_final=4.836899e-09 s_obj=1.000000e-01 eps=1.000000e-03 bound=1.393027e-02 measured=8.183191e-03
[INFO]		 - Primal residuals ok!
[INFO]		 - Dual residuals ok!
[RECOURSE JUMP] cycle=55 | abs_change=1.803149e+05 | tol=8.199995e+04 | signed_change=-1.803149e+05
[RECOURSE JUMP] Reconciliation | previous=8.199995e+08 | current=8.198192e+08 | block_delta=-1.803149e+05 | mismatch=+2.384186e-07
[RECOURSE JUMP] Aggregate signed changes:
  TSO | delta=-2.241977e+05
  DSO node=7 | delta=+3.701668e+04
  DSO node=5 | delta=+5.487434e+03
  DSO node=9 | delta=+1.378712e+03
  SALVAGE | delta=-1.981037e-35
[RECOURSE JUMP] Largest 10 block changes:
  TSO node=None year=2035 day=Spring | previous=5.922402e+07 | current=5.912085e+07 | delta=-1.031701e+05 | abs_delta=1.031701e+05
    [RECOURSE JUMP][TSO PROX] year=2035 day=Spring | V max=0.000129 | PF max=0.005028 | ESS max=0.000024
    [RECOURSE COMPONENTS] gen=-1.739967e+05 | flex=+7.082656e+04 | load_curt=+0.000000e+00 | res_curt=+0.000000e+00 | ess_usage=+0.000000e+00 | slacks=-2.153229e-10 | ess_comp=-1.174055e-02
    [SLACK COMPONENTS] voltage=-1.357279e-10 | node_P=+0.000000e+00 | node_Q=+0.000000e+00 | branch_ij=+0.000000e+00 | branch_ji=+0.000000e+00 | flex_P=-3.979750e-11 | flex_Q=-3.979750e-11
    [SLACK COMPONENT CHECK] classified_delta=-2.153229e-10 | objective_slack_delta=-2.153229e-10 | mismatch=+0.000000e+00
    [RECOURSE COMPONENT CHECK] classified_delta=-1.031701e+05 | block_delta=-1.031701e+05 | mismatch=+8.309144e-09
  TSO node=None year=2030 day=Spring | previous=5.748771e+07 | current=5.742785e+07 | delta=-5.986031e+04 | abs_delta=5.986031e+04
    [RECOURSE JUMP][TSO PROX] year=2030 day=Spring | V max=0.000098 | PF max=0.004182 | ESS max=0.000014
    [RECOURSE COMPONENTS] gen=-8.110534e+04 | flex=+2.124504e+04 | load_curt=+0.000000e+00 | res_curt=+0.000000e+00 | ess_usage=+0.000000e+00 | slacks=+1.861622e-12 | ess_comp=-8.256118e-03
    [SLACK COMPONENTS] voltage=+1.861622e-12 | node_P=+0.000000e+00 | node_Q=+0.000000e+00 | branch_ij=+0.000000e+00 | branch_ji=+0.000000e+00 | flex_P=+2.220446e-15 | flex_Q=+2.220446e-15
    [SLACK COMPONENT CHECK] classified_delta=+1.866063e-12 | objective_slack_delta=+1.861622e-12 | mismatch=+4.440892e-15
    [RECOURSE COMPONENT CHECK] classified_delta=-5.986031e+04 | block_delta=-5.986031e+04 | mismatch=-2.735760e-09
  TSO node=None year=2025 day=Spring | previous=7.683228e+07 | current=7.677638e+07 | delta=-5.590119e+04 | abs_delta=5.590119e+04
    [RECOURSE JUMP][TSO PROX] year=2025 day=Spring | V max=0.000095 | PF max=0.003622 | ESS max=0.000711
    [RECOURSE COMPONENTS] gen=-7.927895e+04 | flex=+2.337777e+04 | load_curt=+0.000000e+00 | res_curt=+0.000000e+00 | ess_usage=+0.000000e+00 | slacks=+1.287880e-09 | ess_comp=+1.853619e-04
    [SLACK COMPONENTS] voltage=+8.496244e-10 | node_P=+0.000000e+00 | node_Q=+0.000000e+00 | branch_ij=+0.000000e+00 | branch_ji=+0.000000e+00 | flex_P=+2.191283e-10 | flex_Q=+2.191283e-10
    [SLACK COMPONENT CHECK] classified_delta=+1.287881e-09 | objective_slack_delta=+1.287880e-09 | mismatch=+8.881784e-16
    [RECOURSE COMPONENT CHECK] classified_delta=-5.590119e+04 | block_delta=-5.590119e+04 | mismatch=+3.929017e-09
  TSO node=None year=2025 day=Summer | previous=9.287390e+07 | current=9.292880e+07 | delta=+5.489766e+04 | abs_delta=5.489766e+04
    [RECOURSE JUMP][TSO PROX] year=2025 day=Summer | V max=0.000131 | PF max=0.004165 | ESS max=0.000643
    [RECOURSE COMPONENTS] gen=+1.495701e+05 | flex=-9.467244e+04 | load_curt=+0.000000e+00 | res_curt=+0.000000e+00 | ess_usage=+0.000000e+00 | slacks=+7.332801e-12 | ess_comp=-1.602718e-04
    [SLACK COMPONENTS] voltage=+7.332801e-12 | node_P=+0.000000e+00 | node_Q=+0.000000e+00 | branch_ij=+0.000000e+00 | branch_ji=+0.000000e+00 | flex_P=+0.000000e+00 | flex_Q=+0.000000e+00
    [SLACK COMPONENT CHECK] classified_delta=+7.332801e-12 | objective_slack_delta=+7.332801e-12 | mismatch=+0.000000e+00
    [RECOURSE COMPONENT CHECK] classified_delta=+5.489766e+04 | block_delta=+5.489766e+04 | mismatch=-7.894414e-09
  TSO node=None year=2035 day=Autumn | previous=3.405020e+07 | current=3.400412e+07 | delta=-4.607908e+04 | abs_delta=4.607908e+04
    [RECOURSE JUMP][TSO PROX] year=2035 day=Autumn | V max=0.000123 | PF max=0.003258 | ESS max=0.000387
    [RECOURSE COMPONENTS] gen=-8.575884e+04 | flex=+3.967976e+04 | load_curt=+0.000000e+00 | res_curt=+0.000000e+00 | ess_usage=+0.000000e+00 | slacks=+2.813749e-12 | ess_comp=-2.529834e-04
    [SLACK COMPONENTS] voltage=+2.813749e-12 | node_P=+0.000000e+00 | node_Q=+0.000000e+00 | branch_ij=+0.000000e+00 | branch_ji=+0.000000e+00 | flex_P=+0.000000e+00 | flex_Q=+0.000000e+00
    [SLACK COMPONENT CHECK] classified_delta=+2.813749e-12 | objective_slack_delta=+2.813749e-12 | mismatch=+0.000000e+00
    [RECOURSE COMPONENT CHECK] classified_delta=-4.607908e+04 | block_delta=-4.607908e+04 | mismatch=+4.314643e-09
  DSO node=9 year=2025 day=Summer | previous=2.130942e+06 | current=2.089552e+06 | delta=-4.139030e+04 | abs_delta=4.139030e+04
    [RECOURSE COMPONENTS] gen=+0.000000e+00 | flex=-4.138873e+04 | load_curt=+0.000000e+00 | res_curt=-1.572832e+00 | ess_usage=+0.000000e+00 | slacks=-2.915857e-07 | ess_comp=-1.076525e-03
    [SLACK COMPONENTS] voltage=+4.126109e-07 | node_P=+0.000000e+00 | node_Q=+0.000000e+00 | branch_ij=+0.000000e+00 | branch_ji=+0.000000e+00 | flex_P=-7.041965e-07 | flex_Q=+0.000000e+00
    [SLACK COMPONENT CHECK] classified_delta=-2.915856e-07 | objective_slack_delta=-2.915857e-07 | mismatch=+1.172396e-13
    [RECOURSE COMPONENT CHECK] classified_delta=-4.139030e+04 | block_delta=-4.139030e+04 | mismatch=-5.311449e-10
  DSO node=7 year=2035 day=Spring | previous=6.529457e+06 | current=6.563894e+06 | delta=+3.443643e+04 | abs_delta=3.443643e+04
    [RECOURSE COMPONENTS] gen=+0.000000e+00 | flex=+3.443626e+04 | load_curt=+0.000000e+00 | res_curt=+1.629686e-01 | ess_usage=+0.000000e+00 | slacks=-1.627727e-06 | ess_comp=-3.711268e-04
    [SLACK COMPONENTS] voltage=-1.800220e-08 | node_P=+0.000000e+00 | node_Q=+0.000000e+00 | branch_ij=+0.000000e+00 | branch_ji=+0.000000e+00 | flex_P=-1.609724e-06 | flex_Q=+0.000000e+00
    [SLACK COMPONENT CHECK] classified_delta=-1.627727e-06 | objective_slack_delta=-1.627727e-06 | mismatch=+1.350031e-13
    [RECOURSE COMPONENT CHECK] classified_delta=+3.443643e+04 | block_delta=+3.443643e+04 | mismatch=+1.738954e-09
  DSO node=7 year=2025 day=Summer | previous=1.336168e+06 | current=1.307060e+06 | delta=-2.910894e+04 | abs_delta=2.910894e+04
    [RECOURSE COMPONENTS] gen=+0.000000e+00 | flex=-2.910865e+04 | load_curt=+0.000000e+00 | res_curt=-2.890473e-01 | ess_usage=+0.000000e+00 | slacks=+3.419746e-07 | ess_comp=-3.410786e-03
    [SLACK COMPONENTS] voltage=+1.749698e-07 | node_P=+0.000000e+00 | node_Q=+0.000000e+00 | branch_ij=+0.000000e+00 | branch_ji=+0.000000e+00 | flex_P=+1.670047e-07 | flex_Q=+0.000000e+00
    [SLACK COMPONENT CHECK] classified_delta=+3.419745e-07 | objective_slack_delta=+3.419746e-07 | mismatch=-1.030287e-13
    [RECOURSE COMPONENT CHECK] classified_delta=-2.910894e+04 | block_delta=-2.910894e+04 | mismatch=-2.764864e-10
  DSO node=9 year=2035 day=Spring | previous=9.827510e+06 | current=9.852964e+06 | delta=+2.545318e+04 | abs_delta=2.545318e+04
    [RECOURSE COMPONENTS] gen=+0.000000e+00 | flex=+2.545337e+04 | load_curt=+0.000000e+00 | res_curt=-1.904554e-01 | ess_usage=+0.000000e+00 | slacks=-1.516930e-06 | ess_comp=-3.596426e-04
    [SLACK COMPONENTS] voltage=+9.871997e-10 | node_P=+0.000000e+00 | node_Q=+0.000000e+00 | branch_ij=+0.000000e+00 | branch_ji=+0.000000e+00 | flex_P=-1.517917e-06 | flex_Q=+0.000000e+00
    [SLACK COMPONENT CHECK] classified_delta=-1.516930e-06 | objective_slack_delta=-1.516930e-06 | mismatch=+1.030287e-13
    [RECOURSE COMPONENT CHECK] classified_delta=+2.545318e+04 | block_delta=+2.545318e+04 | mismatch=-1.746230e-10
  TSO node=None year=2035 day=Summer | previous=6.647667e+07 | current=6.645431e+07 | delta=-2.236220e+04 | abs_delta=2.236220e+04
    [RECOURSE JUMP][TSO PROX] year=2035 day=Summer | V max=0.000191 | PF max=0.002270 | ESS max=0.000028
    [RECOURSE COMPONENTS] gen=-2.970668e+04 | flex=+7.344475e+03 | load_curt=+0.000000e+00 | res_curt=+0.000000e+00 | ess_usage=+0.000000e+00 | slacks=+1.287248e-08 | ess_comp=+6.145675e-03
    [SLACK COMPONENTS] voltage=+8.419455e-09 | node_P=+0.000000e+00 | node_Q=+0.000000e+00 | branch_ij=+0.000000e+00 | branch_ji=+0.000000e+00 | flex_P=+2.226500e-09 | flex_Q=+2.226500e-09
    [SLACK COMPONENT CHECK] classified_delta=+1.287246e-08 | objective_slack_delta=+1.287248e-08 | mismatch=-2.131628e-14
    [RECOURSE COMPONENT CHECK] classified_delta=-2.236220e+04 | block_delta=-2.236220e+04 | mismatch=-5.635229e-09
[INFO]		 - Recourse stationarity failed. 180314.875043 > 81999.946551
[ADMM RHO] V | primal max ratio=0.001 | primal mean ratio=0.000 | primal selected=0.001 | dual mean ratio=0.010 | increase threshold=5.0 | decrease threshold=5.0 | action=held
[ADMM RHO] PF | primal max ratio=0.088 | primal mean ratio=0.014 | primal selected=0.088 | dual mean ratio=0.125 | increase threshold=5.0 | decrease threshold=3.0 | action=held
[ADMM RHO] ESS | primal max ratio=0.009 | primal mean ratio=0.007 | primal selected=0.009 | dual mean ratio=0.009 | increase threshold=5.0 | decrease threshold=5.0 | action=held
[INFO]		 - ADMM cycle 55 | Primal (V max/mean | PF max/mean | ESS max/mean) = 0.000012/0.000000 | 0.000881/0.000014 | 0.000867/0.000070 | Dual (V max/mean | PF max/mean | ESS max/mean) = 0.000434/0.000098 | 0.026160/0.001248 | 0.001288/0.000087 | Recourse change = 180314.875043 (tol. 81999.946551) | Stable cycles = 0/1 | Penalty actions (V/PF/ESS) = held/held/held
[INFO] 	 - Iteration 55: 32.73 s
[INFO] 	 - ADMM Iteration 56
[INFO] 		 - Updating distribution networks:
[INFO] 			 - Running SMOPF, Network case33_1, 2025, Spring...
[INFO] 			 - Running SMOPF, Network case33_1, 2025, Summer...
[INFO] 			 - Running SMOPF, Network case33_1, 2025, Autumn...
[INFO] 			 - Running SMOPF, Network case33_1, 2025, Winter...
[INFO] 			 - Running SMOPF, Network case33_1, 2030, Spring...
[INFO] 			 - Running SMOPF, Network case33_1, 2030, Summer...
[INFO] 			 - Running SMOPF, Network case33_1, 2030, Autumn...
[INFO] 			 - Running SMOPF, Network case33_1, 2030, Winter...
[INFO] 			 - Running SMOPF, Network case33_1, 2035, Spring...
[INFO] 			 - Running SMOPF, Network case33_1, 2035, Summer...
[INFO] 			 - Running SMOPF, Network case33_1, 2035, Autumn...
[INFO] 			 - Running SMOPF, Network case33_1, 2035, Winter...
[INFO] 			 - Running SMOPF, Network case33_2, 2025, Spring...
[INFO] 			 - Running SMOPF, Network case33_2, 2025, Summer...
[INFO] 			 - Running SMOPF, Network case33_2, 2025, Autumn...
[INFO] 			 - Running SMOPF, Network case33_2, 2025, Winter...
[INFO] 			 - Running SMOPF, Network case33_2, 2030, Spring...
[INFO] 			 - Running SMOPF, Network case33_2, 2030, Summer...
[INFO] 			 - Running SMOPF, Network case33_2, 2030, Autumn...
[INFO] 			 - Running SMOPF, Network case33_2, 2030, Winter...
[INFO] 			 - Running SMOPF, Network case33_2, 2035, Spring...
[INFO] 			 - Running SMOPF, Network case33_2, 2035, Summer...
[INFO] 			 - Running SMOPF, Network case33_2, 2035, Autumn...
[INFO] 			 - Running SMOPF, Network case33_2, 2035, Winter...
[INFO] 			 - Running SMOPF, Network case33_3, 2025, Spring...
[INFO] 			 - Running SMOPF, Network case33_3, 2025, Summer...
[INFO] 			 - Running SMOPF, Network case33_3, 2025, Autumn...
[INFO] 			 - Running SMOPF, Network case33_3, 2025, Winter...
[INFO] 			 - Running SMOPF, Network case33_3, 2030, Spring...
[INFO] 			 - Running SMOPF, Network case33_3, 2030, Summer...
[INFO] 			 - Running SMOPF, Network case33_3, 2030, Autumn...
[INFO] 			 - Running SMOPF, Network case33_3, 2030, Winter...
[INFO] 			 - Running SMOPF, Network case33_3, 2035, Spring...
[INFO] 			 - Running SMOPF, Network case33_3, 2035, Summer...
[INFO] 			 - Running SMOPF, Network case33_3, 2035, Autumn...
[INFO] 			 - Running SMOPF, Network case33_3, 2035, Winter...
[INFO] 		 - Updating transmission network...
[INFO] 			 - Running SMOPF, Network case9, 2025, Spring...
[INFO] 			 - Running SMOPF, Network case9, 2025, Summer...
[INFO] 			 - Running SMOPF, Network case9, 2025, Autumn...
[INFO] 			 - Running SMOPF, Network case9, 2025, Winter...
[INFO] 			 - Running SMOPF, Network case9, 2030, Spring...
[INFO] 			 - Running SMOPF, Network case9, 2030, Summer...
[INFO] 			 - Running SMOPF, Network case9, 2030, Autumn...
[INFO] 			 - Running SMOPF, Network case9, 2030, Winter...
[INFO] 			 - Running SMOPF, Network case9, 2035, Spring...
[INFO] 			 - Running SMOPF, Network case9, 2035, Summer...
[INFO] 			 - Running SMOPF, Network case9, 2035, Autumn...
[INFO] 			 - Running SMOPF, Network case9, 2035, Winter...
[TSO PROX] cycle=56 | updated_blocks=12 | held_failed_blocks=0 | V max=0.000190 | PF max=0.005011 | ESS max=0.000712
[TSO PROX][V MAX] node=5, year=2035, day=Summer, period=19 | dV=0.065537 kV | normalized=0.000190
[TSO PROX][PF MAX] node=7, year=2035, day=Spring, period=15, type=P | delta=0.501115 MW | normalized=0.005011
[TSO PROX][ESS MAX] node=9, year=2025, day=Spring, period=3, type=P | delta=0.001379 MW | normalized=0.000712
[INFO] 		 - Updating SharedESS...
[INFO] 		 - Running Shared ESS optimization (subproblem)...
[INFO] 			 - Node 5...
[INFO] Shared ESS complementarity diagnostics for ESS node=5: ratio_max=2.579203e-05 n_periods=288 mu_final=4.793762e-09 s_obj=1.000000e-01 eps=1.000000e-03 bound=1.380604e-02 measured=8.233032e-03
[INFO] 			 - Node 7...
[INFO] Shared ESS complementarity diagnostics for ESS node=7: ratio_max=2.571339e-05 n_periods=288 mu_final=4.751567e-09 s_obj=1.000000e-01 eps=1.000000e-03 bound=1.368451e-02 measured=8.222098e-03
[INFO] 			 - Node 9...
[INFO] Shared ESS complementarity diagnostics for ESS node=9: ratio_max=2.573566e-05 n_periods=288 mu_final=4.818398e-09 s_obj=1.000000e-01 eps=1.000000e-03 bound=1.387699e-02 measured=8.233660e-03
[INFO]		 - Primal residuals ok!
[INFO]		 - Dual residuals ok!
[RECOURSE JUMP] cycle=56 | abs_change=1.774388e+05 | tol=8.198192e+04 | signed_change=-1.774388e+05
[RECOURSE JUMP] Reconciliation | previous=8.198192e+08 | current=8.196417e+08 | block_delta=-1.774388e+05 | mismatch=+0.000000e+00
[RECOURSE JUMP] Aggregate signed changes:
  TSO | delta=-2.155964e+05
  DSO node=7 | delta=+3.970239e+04
  DSO node=9 | delta=-5.109844e+03
  DSO node=5 | delta=+3.565122e+03
  SALVAGE | delta=+3.579420e-35
[RECOURSE JUMP] Largest 10 block changes:
  TSO node=None year=2035 day=Spring | previous=5.912085e+07 | current=5.901390e+07 | delta=-1.069465e+05 | abs_delta=1.069465e+05
    [RECOURSE JUMP][TSO PROX] year=2035 day=Spring | V max=0.000130 | PF max=0.005011 | ESS max=0.000025
    [RECOURSE COMPONENTS] gen=-1.790778e+05 | flex=+7.213133e+04 | load_curt=+0.000000e+00 | res_curt=+0.000000e+00 | ess_usage=+0.000000e+00 | slacks=-2.894964e-09 | ess_comp=-2.691783e-02
    [SLACK COMPONENTS] voltage=-1.897462e-09 | node_P=+0.000000e+00 | node_Q=+0.000000e+00 | branch_ij=+0.000000e+00 | branch_ji=+0.000000e+00 | flex_P=-4.987490e-10 | flex_Q=-4.987490e-10
    [SLACK COMPONENT CHECK] classified_delta=-2.894960e-09 | objective_slack_delta=-2.894964e-09 | mismatch=+4.440892e-15
    [RECOURSE COMPONENT CHECK] classified_delta=-1.069465e+05 | block_delta=-1.069465e+05 | mismatch=+4.161848e-09
  TSO node=None year=2030 day=Spring | previous=5.742785e+07 | current=5.736891e+07 | delta=-5.894597e+04 | abs_delta=5.894597e+04
    [RECOURSE JUMP][TSO PROX] year=2030 day=Spring | V max=0.000097 | PF max=0.004130 | ESS max=0.000013
    [RECOURSE COMPONENTS] gen=-8.270201e+04 | flex=+2.375604e+04 | load_curt=+0.000000e+00 | res_curt=+0.000000e+00 | ess_usage=+0.000000e+00 | slacks=+1.875833e-12 | ess_comp=-1.083740e-02
    [SLACK COMPONENTS] voltage=+1.875833e-12 | node_P=+0.000000e+00 | node_Q=+0.000000e+00 | branch_ij=+0.000000e+00 | branch_ji=+0.000000e+00 | flex_P=+4.440892e-16 | flex_Q=+4.440892e-16
    [SLACK COMPONENT CHECK] classified_delta=+1.876721e-12 | objective_slack_delta=+1.875833e-12 | mismatch=+8.881784e-16
    [RECOURSE COMPONENT CHECK] classified_delta=-5.894597e+04 | block_delta=-5.894597e+04 | mismatch=+5.093170e-09
  TSO node=None year=2025 day=Summer | previous=9.292880e+07 | current=9.298716e+07 | delta=+5.836623e+04 | abs_delta=5.836623e+04
    [RECOURSE JUMP][TSO PROX] year=2025 day=Summer | V max=0.000132 | PF max=0.003941 | ESS max=0.000643
    [RECOURSE COMPONENTS] gen=+1.524987e+05 | flex=-9.413251e+04 | load_curt=+0.000000e+00 | res_curt=+0.000000e+00 | ess_usage=+0.000000e+00 | slacks=+7.382539e-12 | ess_comp=-1.606506e-04
    [SLACK COMPONENTS] voltage=+7.389644e-12 | node_P=+0.000000e+00 | node_Q=+0.000000e+00 | branch_ij=+0.000000e+00 | branch_ji=+0.000000e+00 | flex_P=+0.000000e+00 | flex_Q=+0.000000e+00
    [SLACK COMPONENT CHECK] classified_delta=+7.389644e-12 | objective_slack_delta=+7.382539e-12 | mismatch=+7.105427e-15
    [RECOURSE COMPONENT CHECK] classified_delta=+5.836623e+04 | block_delta=+5.836623e+04 | mismatch=-1.696026e-08
  TSO node=None year=2025 day=Spring | previous=7.677638e+07 | current=7.672140e+07 | delta=-5.498051e+04 | abs_delta=5.498051e+04
    [RECOURSE JUMP][TSO PROX] year=2025 day=Spring | V max=0.000096 | PF max=0.003609 | ESS max=0.000712
    [RECOURSE COMPONENTS] gen=-7.793665e+04 | flex=+2.295613e+04 | load_curt=+0.000000e+00 | res_curt=+0.000000e+00 | ess_usage=+0.000000e+00 | slacks=+1.233872e-09 | ess_comp=-7.039780e-06
    [SLACK COMPONENTS] voltage=+8.139196e-10 | node_P=+0.000000e+00 | node_Q=+0.000000e+00 | branch_ij=+0.000000e+00 | branch_ji=+0.000000e+00 | flex_P=+2.099827e-10 | flex_Q=+2.099827e-10
    [SLACK COMPONENT CHECK] classified_delta=+1.233885e-09 | objective_slack_delta=+1.233872e-09 | mismatch=+1.332268e-14
    [RECOURSE COMPONENT CHECK] classified_delta=-5.498051e+04 | block_delta=-5.498051e+04 | mismatch=-1.469743e-09
  DSO node=9 year=2025 day=Summer | previous=2.089552e+06 | current=2.048443e+06 | delta=-4.110859e+04 | abs_delta=4.110859e+04
    [RECOURSE COMPONENTS] gen=+0.000000e+00 | flex=-4.110699e+04 | load_curt=+0.000000e+00 | res_curt=-1.600416e+00 | ess_usage=+0.000000e+00 | slacks=+3.960627e-07 | ess_comp=+3.760095e-04
    [SLACK COMPONENTS] voltage=+4.732038e-07 | node_P=+0.000000e+00 | node_Q=+0.000000e+00 | branch_ij=+0.000000e+00 | branch_ji=+0.000000e+00 | flex_P=-7.714113e-08 | flex_Q=+0.000000e+00
    [SLACK COMPONENT CHECK] classified_delta=+3.960626e-07 | objective_slack_delta=+3.960627e-07 | mismatch=-6.750156e-14
    [RECOURSE COMPONENT CHECK] classified_delta=-4.110859e+04 | block_delta=-4.110859e+04 | mismatch=+1.455192e-10
  TSO node=None year=2035 day=Autumn | previous=3.400412e+07 | current=3.396698e+07 | delta=-3.714432e+04 | abs_delta=3.714432e+04
    [RECOURSE JUMP][TSO PROX] year=2035 day=Autumn | V max=0.000123 | PF max=0.002475 | ESS max=0.000245
    [RECOURSE COMPONENTS] gen=-6.471404e+04 | flex=+2.756972e+04 | load_curt=+0.000000e+00 | res_curt=+0.000000e+00 | ess_usage=+0.000000e+00 | slacks=+2.835066e-12 | ess_comp=-6.459682e-05
    [SLACK COMPONENTS] voltage=+2.835066e-12 | node_P=+0.000000e+00 | node_Q=+0.000000e+00 | branch_ij=+0.000000e+00 | branch_ji=+0.000000e+00 | flex_P=+0.000000e+00 | flex_Q=+0.000000e+00
    [SLACK COMPONENT CHECK] classified_delta=+2.835066e-12 | objective_slack_delta=+2.835066e-12 | mismatch=+0.000000e+00
    [RECOURSE COMPONENT CHECK] classified_delta=-3.714432e+04 | block_delta=-3.714432e+04 | mismatch=+4.365575e-09
  DSO node=7 year=2035 day=Spring | previous=6.563894e+06 | current=6.598148e+06 | delta=+3.425414e+04 | abs_delta=3.425414e+04
    [RECOURSE COMPONENTS] gen=+0.000000e+00 | flex=+3.425394e+04 | load_curt=+0.000000e+00 | res_curt=+1.949960e-01 | ess_usage=+0.000000e+00 | slacks=-2.017063e-06 | ess_comp=-4.866834e-04
    [SLACK COMPONENTS] voltage=-3.310709e-08 | node_P=+0.000000e+00 | node_Q=+0.000000e+00 | branch_ij=+0.000000e+00 | branch_ji=+0.000000e+00 | flex_P=-1.983956e-06 | flex_Q=+0.000000e+00
    [SLACK COMPONENT CHECK] classified_delta=-2.017063e-06 | objective_slack_delta=-2.017063e-06 | mismatch=-2.486900e-14
    [RECOURSE COMPONENT CHECK] classified_delta=+3.425414e+04 | block_delta=+3.425414e+04 | mismatch=+1.091394e-10
  DSO node=7 year=2025 day=Summer | previous=1.307060e+06 | current=1.278001e+06 | delta=-2.905825e+04 | abs_delta=2.905825e+04
    [RECOURSE COMPONENTS] gen=+0.000000e+00 | flex=-2.905797e+04 | load_curt=+0.000000e+00 | res_curt=-2.755688e-01 | ess_usage=+0.000000e+00 | slacks=+3.186659e-07 | ess_comp=-2.403912e-03
    [SLACK COMPONENTS] voltage=+1.779864e-07 | node_P=+0.000000e+00 | node_Q=+0.000000e+00 | branch_ij=+0.000000e+00 | branch_ji=+0.000000e+00 | flex_P=+1.406794e-07 | flex_Q=+0.000000e+00
    [SLACK COMPONENT CHECK] classified_delta=+3.186657e-07 | objective_slack_delta=+3.186659e-07 | mismatch=-1.207923e-13
    [RECOURSE COMPONENT CHECK] classified_delta=-2.905825e+04 | block_delta=-2.905825e+04 | mismatch=-8.367351e-11
  DSO node=9 year=2035 day=Spring | previous=9.852964e+06 | current=9.878082e+06 | delta=+2.511846e+04 | abs_delta=2.511846e+04
    [RECOURSE COMPONENTS] gen=+0.000000e+00 | flex=+2.511892e+04 | load_curt=+0.000000e+00 | res_curt=-4.537905e-01 | ess_usage=+0.000000e+00 | slacks=-8.638182e-08 | ess_comp=-4.494541e-04
    [SLACK COMPONENTS] voltage=+3.414476e-08 | node_P=+0.000000e+00 | node_Q=+0.000000e+00 | branch_ij=+0.000000e+00 | branch_ji=+0.000000e+00 | flex_P=-1.205266e-07 | flex_Q=+0.000000e+00
    [SLACK COMPONENT CHECK] classified_delta=-8.638182e-08 | objective_slack_delta=-8.638182e-08 | mismatch=-3.552714e-15
    [RECOURSE COMPONENT CHECK] classified_delta=+2.511846e+04 | block_delta=+2.511846e+04 | mismatch=+1.313310e-09
  DSO node=7 year=2030 day=Spring | previous=3.766187e+06 | current=3.786758e+06 | delta=+2.057109e+04 | abs_delta=2.057109e+04
    [RECOURSE COMPONENTS] gen=+0.000000e+00 | flex=+2.057348e+04 | load_curt=+0.000000e+00 | res_curt=-2.391389e+00 | ess_usage=+0.000000e+00 | slacks=-3.242272e-07 | ess_comp=-1.389876e-04
    [SLACK COMPONENTS] voltage=+1.130593e-08 | node_P=+0.000000e+00 | node_Q=+0.000000e+00 | branch_ij=+0.000000e+00 | branch_ji=+0.000000e+00 | flex_P=-3.357375e-07 | flex_Q=+2.048317e-10
    [SLACK COMPONENT CHECK] classified_delta=-3.242267e-07 | objective_slack_delta=-3.242272e-07 | mismatch=+5.151435e-13
    [RECOURSE COMPONENT CHECK] classified_delta=+2.057109e+04 | block_delta=+2.057109e+04 | mismatch=+3.237801e-10
[INFO]		 - Recourse stationarity failed. 177438.754114 > 81981.915064
[ADMM RHO] V | primal max ratio=0.001 | primal mean ratio=0.000 | primal selected=0.001 | dual mean ratio=0.010 | increase threshold=5.0 | decrease threshold=5.0 | action=held
[ADMM RHO] PF | primal max ratio=0.119 | primal mean ratio=0.018 | primal selected=0.119 | dual mean ratio=0.121 | increase threshold=5.0 | decrease threshold=3.0 | action=held
[ADMM RHO] ESS | primal max ratio=0.009 | primal mean ratio=0.008 | primal selected=0.009 | dual mean ratio=0.008 | increase threshold=5.0 | decrease threshold=5.0 | action=held
[INFO]		 - ADMM cycle 56 | Primal (V max/mean | PF max/mean | ESS max/mean) = 0.000009/0.000000 | 0.001195/0.000018 | 0.000875/0.000077 | Dual (V max/mean | PF max/mean | ESS max/mean) = 0.000427/0.000098 | 0.026070/0.001210 | 0.001232/0.000081 | Recourse change = 177438.754114 (tol. 81981.915064) | Stable cycles = 0/1 | Penalty actions (V/PF/ESS) = held/held/held
[INFO] 	 - Iteration 56: 32.62 s
[INFO] 	 - ADMM Iteration 57
[INFO] 		 - Updating distribution networks:
[INFO] 			 - Running SMOPF, Network case33_1, 2025, Spring...
[INFO] 			 - Running SMOPF, Network case33_1, 2025, Summer...
[INFO] 			 - Running SMOPF, Network case33_1, 2025, Autumn...
[INFO] 			 - Running SMOPF, Network case33_1, 2025, Winter...
[INFO] 			 - Running SMOPF, Network case33_1, 2030, Spring...
[INFO] 			 - Running SMOPF, Network case33_1, 2030, Summer...
[INFO] 			 - Running SMOPF, Network case33_1, 2030, Autumn...
[INFO] 			 - Running SMOPF, Network case33_1, 2030, Winter...
[INFO] 			 - Running SMOPF, Network case33_1, 2035, Spring...
[INFO] 			 - Running SMOPF, Network case33_1, 2035, Summer...
[INFO] 			 - Running SMOPF, Network case33_1, 2035, Autumn...
[INFO] 			 - Running SMOPF, Network case33_1, 2035, Winter...
[INFO] 			 - Running SMOPF, Network case33_2, 2025, Spring...
[INFO] 			 - Running SMOPF, Network case33_2, 2025, Summer...
[INFO] 			 - Running SMOPF, Network case33_2, 2025, Autumn...
[INFO] 			 - Running SMOPF, Network case33_2, 2025, Winter...
[INFO] 			 - Running SMOPF, Network case33_2, 2030, Spring...
[INFO] 			 - Running SMOPF, Network case33_2, 2030, Summer...
[INFO] 			 - Running SMOPF, Network case33_2, 2030, Autumn...
[INFO] 			 - Running SMOPF, Network case33_2, 2030, Winter...
[INFO] 			 - Running SMOPF, Network case33_2, 2035, Spring...
[INFO] 			 - Running SMOPF, Network case33_2, 2035, Summer...
[INFO] 			 - Running SMOPF, Network case33_2, 2035, Autumn...
[INFO] 			 - Running SMOPF, Network case33_2, 2035, Winter...
[INFO] 			 - Running SMOPF, Network case33_3, 2025, Spring...
[INFO] 			 - Running SMOPF, Network case33_3, 2025, Summer...
[INFO] 			 - Running SMOPF, Network case33_3, 2025, Autumn...
[INFO] 			 - Running SMOPF, Network case33_3, 2025, Winter...
[INFO] 			 - Running SMOPF, Network case33_3, 2030, Spring...
[INFO] 			 - Running SMOPF, Network case33_3, 2030, Summer...
[INFO] 			 - Running SMOPF, Network case33_3, 2030, Autumn...
[INFO] 			 - Running SMOPF, Network case33_3, 2030, Winter...
[INFO] 			 - Running SMOPF, Network case33_3, 2035, Spring...
[INFO] 			 - Running SMOPF, Network case33_3, 2035, Summer...
[INFO] 			 - Running SMOPF, Network case33_3, 2035, Autumn...
[INFO] 			 - Running SMOPF, Network case33_3, 2035, Winter...
[INFO] 		 - Updating transmission network...
[INFO] 			 - Running SMOPF, Network case9, 2025, Spring...
[INFO] 			 - Running SMOPF, Network case9, 2025, Summer...
[INFO] 			 - Running SMOPF, Network case9, 2025, Autumn...
[INFO] 			 - Running SMOPF, Network case9, 2025, Winter...
[INFO] 			 - Running SMOPF, Network case9, 2030, Spring...
[INFO] 			 - Running SMOPF, Network case9, 2030, Summer...
[INFO] 			 - Running SMOPF, Network case9, 2030, Autumn...
[INFO] 			 - Running SMOPF, Network case9, 2030, Winter...
[INFO] 			 - Running SMOPF, Network case9, 2035, Spring...
[INFO] 			 - Running SMOPF, Network case9, 2035, Summer...
[INFO] 			 - Running SMOPF, Network case9, 2035, Autumn...
[INFO] 			 - Running SMOPF, Network case9, 2035, Winter...
[TSO PROX] cycle=57 | updated_blocks=12 | held_failed_blocks=0 | V max=0.000189 | PF max=0.004996 | ESS max=0.000712
[TSO PROX][V MAX] node=5, year=2035, day=Summer, period=19 | dV=0.065298 kV | normalized=0.000189
[TSO PROX][PF MAX] node=7, year=2035, day=Spring, period=15, type=P | delta=0.499569 MW | normalized=0.004996
[TSO PROX][ESS MAX] node=9, year=2025, day=Spring, period=3, type=P | delta=0.001379 MW | normalized=0.000712
[INFO] 		 - Updating SharedESS...
[INFO] 		 - Running Shared ESS optimization (subproblem)...
[INFO] 			 - Node 5...
[INFO] Shared ESS complementarity diagnostics for ESS node=5: ratio_max=2.583345e-05 n_periods=288 mu_final=4.779182e-09 s_obj=1.000000e-01 eps=1.000000e-03 bound=1.376404e-02 measured=8.263119e-03
[INFO] 			 - Node 7...
[INFO] Shared ESS complementarity diagnostics for ESS node=7: ratio_max=2.575496e-05 n_periods=288 mu_final=4.711532e-09 s_obj=1.000000e-01 eps=1.000000e-03 bound=1.356921e-02 measured=8.265591e-03
[INFO] 			 - Node 9...
[INFO] Shared ESS complementarity diagnostics for ESS node=9: ratio_max=2.574997e-05 n_periods=288 mu_final=4.768936e-09 s_obj=1.000000e-01 eps=1.000000e-03 bound=1.373454e-02 measured=8.272769e-03
[INFO]		 - Primal residuals ok!
[INFO]		 - Dual residuals ok!
[RECOURSE JUMP] cycle=57 | abs_change=1.692264e+05 | tol=8.196417e+04 | signed_change=-1.692264e+05
[RECOURSE JUMP] Reconciliation | previous=8.196417e+08 | current=8.194725e+08 | block_delta=-1.692264e+05 | mismatch=+3.576279e-07
[RECOURSE JUMP] Aggregate signed changes:
  TSO | delta=-2.076612e+05
  DSO node=7 | delta=+3.922508e+04
  DSO node=5 | delta=-1.666562e+03
  DSO node=9 | delta=+8.762663e+02
  SALVAGE | delta=-3.142408e-35
[RECOURSE JUMP] Largest 10 block changes:
  TSO node=None year=2035 day=Spring | previous=5.901390e+07 | current=5.890591e+07 | delta=-1.079881e+05 | abs_delta=1.079881e+05
    [RECOURSE JUMP][TSO PROX] year=2035 day=Spring | V max=0.000130 | PF max=0.004996 | ESS max=0.000029
    [RECOURSE COMPONENTS] gen=-1.803738e+05 | flex=+7.238579e+04 | load_curt=+0.000000e+00 | res_curt=+0.000000e+00 | ess_usage=+0.000000e+00 | slacks=-8.878047e-09 | ess_comp=-9.480324e-02
    [SLACK COMPONENTS] voltage=-5.831694e-09 | node_P=+0.000000e+00 | node_Q=+0.000000e+00 | branch_ij=+0.000000e+00 | branch_ji=+0.000000e+00 | flex_P=-1.523180e-09 | flex_Q=-1.523180e-09
    [SLACK COMPONENT CHECK] classified_delta=-8.878055e-09 | objective_slack_delta=-8.878047e-09 | mismatch=-7.993606e-15
    [RECOURSE COMPONENT CHECK] classified_delta=-1.079881e+05 | block_delta=-1.079881e+05 | mismatch=-1.845183e-08
  TSO node=None year=2030 day=Spring | previous=5.736891e+07 | current=5.730325e+07 | delta=-6.566042e+04 | abs_delta=6.566042e+04
    [RECOURSE JUMP][TSO PROX] year=2030 day=Spring | V max=0.000097 | PF max=0.004061 | ESS max=0.000012
    [RECOURSE COMPONENTS] gen=-9.413019e+04 | flex=+2.846977e+04 | load_curt=+0.000000e+00 | res_curt=+0.000000e+00 | ess_usage=+0.000000e+00 | slacks=+1.868727e-12 | ess_comp=-9.236623e-03
    [SLACK COMPONENTS] voltage=+1.868727e-12 | node_P=+0.000000e+00 | node_Q=+0.000000e+00 | branch_ij=+0.000000e+00 | branch_ji=+0.000000e+00 | flex_P=+1.776357e-15 | flex_Q=+1.776357e-15
    [SLACK COMPONENT CHECK] classified_delta=+1.872280e-12 | objective_slack_delta=+1.868727e-12 | mismatch=+3.552714e-15
    [RECOURSE COMPONENT CHECK] classified_delta=-6.566042e+04 | block_delta=-6.566042e+04 | mismatch=-4.583853e-09
  TSO node=None year=2025 day=Summer | previous=9.298716e+07 | current=9.304866e+07 | delta=+6.149826e+04 | abs_delta=6.149826e+04
    [RECOURSE JUMP][TSO PROX] year=2025 day=Summer | V max=0.000132 | PF max=0.003931 | ESS max=0.000643
    [RECOURSE COMPONENTS] gen=+1.499084e+05 | flex=-8.841011e+04 | load_curt=+0.000000e+00 | res_curt=+0.000000e+00 | ess_usage=+0.000000e+00 | slacks=+7.489120e-12 | ess_comp=-1.642945e-04
    [SLACK COMPONENTS] voltage=+7.489120e-12 | node_P=+0.000000e+00 | node_Q=+0.000000e+00 | branch_ij=+0.000000e+00 | branch_ji=+0.000000e+00 | flex_P=+0.000000e+00 | flex_Q=+0.000000e+00
    [SLACK COMPONENT CHECK] classified_delta=+7.489120e-12 | objective_slack_delta=+7.489120e-12 | mismatch=+0.000000e+00
    [RECOURSE COMPONENT CHECK] classified_delta=+6.149826e+04 | block_delta=+6.149826e+04 | mismatch=-6.402843e-09
  TSO node=None year=2025 day=Spring | previous=7.672140e+07 | current=7.666717e+07 | delta=-5.423723e+04 | abs_delta=5.423723e+04
    [RECOURSE JUMP][TSO PROX] year=2025 day=Spring | V max=0.000096 | PF max=0.003599 | ESS max=0.000712
    [RECOURSE COMPONENTS] gen=-7.681892e+04 | flex=+2.258169e+04 | load_curt=+0.000000e+00 | res_curt=+0.000000e+00 | ess_usage=+0.000000e+00 | slacks=-2.232952e-10 | ess_comp=+3.452118e-04
    [SLACK COMPONENTS] voltage=-1.477574e-10 | node_P=+0.000000e+00 | node_Q=+0.000000e+00 | branch_ij=+0.000000e+00 | branch_ji=+0.000000e+00 | flex_P=-3.776890e-11 | flex_Q=-3.776890e-11
    [SLACK COMPONENT CHECK] classified_delta=-2.232952e-10 | objective_slack_delta=-2.232952e-10 | mismatch=+0.000000e+00
    [RECOURSE COMPONENT CHECK] classified_delta=-5.423723e+04 | block_delta=-5.423723e+04 | mismatch=+1.130684e-08
  DSO node=9 year=2025 day=Summer | previous=2.048443e+06 | current=2.013531e+06 | delta=-3.491258e+04 | abs_delta=3.491258e+04
    [RECOURSE COMPONENTS] gen=+0.000000e+00 | flex=-3.491205e+04 | load_curt=+0.000000e+00 | res_curt=-5.301257e-01 | ess_usage=+0.000000e+00 | slacks=-1.048730e-05 | ess_comp=+1.506118e-03
    [SLACK COMPONENTS] voltage=-3.606635e-08 | node_P=+0.000000e+00 | node_Q=+0.000000e+00 | branch_ij=+0.000000e+00 | branch_ji=+0.000000e+00 | flex_P=-1.045124e-05 | flex_Q=+0.000000e+00
    [SLACK COMPONENT CHECK] classified_delta=-1.048730e-05 | objective_slack_delta=-1.048730e-05 | mismatch=+1.207923e-13
    [RECOURSE COMPONENT CHECK] classified_delta=-3.491258e+04 | block_delta=-3.491258e+04 | mismatch=-2.182787e-10
  DSO node=7 year=2035 day=Spring | previous=6.598148e+06 | current=6.632264e+06 | delta=+3.411650e+04 | abs_delta=3.411650e+04
    [RECOURSE COMPONENTS] gen=+0.000000e+00 | flex=+3.411628e+04 | load_curt=+0.000000e+00 | res_curt=+2.231261e-01 | ess_usage=+0.000000e+00 | slacks=-9.269285e-07 | ess_comp=-7.956998e-04
    [SLACK COMPONENTS] voltage=+1.321405e-08 | node_P=+0.000000e+00 | node_Q=+0.000000e+00 | branch_ij=+0.000000e+00 | branch_ji=+0.000000e+00 | flex_P=-9.401425e-07 | flex_Q=+0.000000e+00
    [SLACK COMPONENT CHECK] classified_delta=-9.269284e-07 | objective_slack_delta=-9.269285e-07 | mismatch=+3.197442e-14
    [RECOURSE COMPONENT CHECK] classified_delta=+3.411650e+04 | block_delta=+3.411650e+04 | mismatch=+1.258741e-09
  DSO node=7 year=2025 day=Summer | previous=1.278001e+06 | current=1.248997e+06 | delta=-2.900406e+04 | abs_delta=2.900406e+04
    [RECOURSE COMPONENTS] gen=+0.000000e+00 | flex=-2.900379e+04 | load_curt=+0.000000e+00 | res_curt=-2.649620e-01 | ess_usage=+0.000000e+00 | slacks=+3.189335e-07 | ess_comp=+1.156680e-03
    [SLACK COMPONENTS] voltage=+1.827213e-07 | node_P=+0.000000e+00 | node_Q=+0.000000e+00 | branch_ij=+0.000000e+00 | branch_ji=+0.000000e+00 | flex_P=+1.362123e-07 | flex_Q=+0.000000e+00
    [SLACK COMPONENT CHECK] classified_delta=+3.189336e-07 | objective_slack_delta=+3.189335e-07 | mismatch=+9.237056e-14
    [RECOURSE COMPONENT CHECK] classified_delta=-2.900406e+04 | block_delta=-2.900406e+04 | mismatch=+2.328306e-10
  TSO node=None year=2035 day=Autumn | previous=3.396698e+07 | current=3.393999e+07 | delta=-2.699199e+04 | abs_delta=2.699199e+04
    [RECOURSE JUMP][TSO PROX] year=2035 day=Autumn | V max=0.000123 | PF max=0.002067 | ESS max=0.000285
    [RECOURSE COMPONENTS] gen=-4.459745e+04 | flex=+1.760546e+04 | load_curt=+0.000000e+00 | res_curt=+0.000000e+00 | ess_usage=+0.000000e+00 | slacks=+2.913225e-12 | ess_comp=+4.110486e-04
    [SLACK COMPONENTS] voltage=+2.884804e-12 | node_P=+0.000000e+00 | node_Q=+0.000000e+00 | branch_ij=+0.000000e+00 | branch_ji=+0.000000e+00 | flex_P=+1.154632e-14 | flex_Q=+1.154632e-14
    [SLACK COMPONENT CHECK] classified_delta=+2.907896e-12 | objective_slack_delta=+2.913225e-12 | mismatch=-5.329071e-15
    [RECOURSE COMPONENT CHECK] classified_delta=-2.699199e+04 | block_delta=-2.699199e+04 | mismatch=-6.009941e-09
  DSO node=9 year=2035 day=Spring | previous=9.878082e+06 | current=9.902987e+06 | delta=+2.490543e+04 | abs_delta=2.490543e+04
    [RECOURSE COMPONENTS] gen=+0.000000e+00 | flex=+2.490601e+04 | load_curt=+0.000000e+00 | res_curt=-5.864351e-01 | ess_usage=+0.000000e+00 | slacks=-3.087787e-07 | ess_comp=-6.719950e-04
    [SLACK COMPONENTS] voltage=+4.108864e-08 | node_P=+0.000000e+00 | node_Q=+0.000000e+00 | branch_ij=+0.000000e+00 | branch_ji=+0.000000e+00 | flex_P=-3.498673e-07 | flex_Q=+0.000000e+00
    [SLACK COMPONENT CHECK] classified_delta=-3.087787e-07 | objective_slack_delta=-3.087787e-07 | mismatch=+0.000000e+00
    [RECOURSE COMPONENT CHECK] classified_delta=+2.490543e+04 | block_delta=+2.490543e+04 | mismatch=-3.026798e-09
  DSO node=7 year=2030 day=Spring | previous=3.786758e+06 | current=3.807315e+06 | delta=+2.055697e+04 | abs_delta=2.055697e+04
    [RECOURSE COMPONENTS] gen=+0.000000e+00 | flex=+2.055928e+04 | load_curt=+0.000000e+00 | res_curt=-2.311193e+00 | ess_usage=+0.000000e+00 | slacks=-9.712073e-08 | ess_comp=-4.244870e-05
    [SLACK COMPONENTS] voltage=+1.790130e-08 | node_P=+0.000000e+00 | node_Q=+0.000000e+00 | branch_ij=+0.000000e+00 | branch_ji=+0.000000e+00 | flex_P=-1.131673e-07 | flex_Q=-1.854197e-09
    [SLACK COMPONENT CHECK] classified_delta=-9.712023e-08 | objective_slack_delta=-9.712073e-08 | mismatch=+5.009326e-13
    [RECOURSE COMPONENT CHECK] classified_delta=+2.055697e+04 | block_delta=+2.055697e+04 | mismatch=-1.564331e-10
[INFO]		 - Recourse stationarity failed. 169226.414379 > 81964.171188
[ADMM RHO] V | primal max ratio=0.001 | primal mean ratio=0.001 | primal selected=0.001 | dual mean ratio=0.010 | increase threshold=5.0 | decrease threshold=5.0 | action=held
[ADMM RHO] PF | primal max ratio=0.194 | primal mean ratio=0.022 | primal selected=0.194 | dual mean ratio=0.117 | increase threshold=5.0 | decrease threshold=3.0 | action=held
[ADMM RHO] ESS | primal max ratio=0.009 | primal mean ratio=0.008 | primal selected=0.009 | dual mean ratio=0.007 | increase threshold=5.0 | decrease threshold=5.0 | action=held
[INFO]		 - ADMM cycle 57 | Primal (V max/mean | PF max/mean | ESS max/mean) = 0.000014/0.000001 | 0.001942/0.000022 | 0.000946/0.000080 | Dual (V max/mean | PF max/mean | ESS max/mean) = 0.000426/0.000098 | 0.025992/0.001170 | 0.001153/0.000074 | Recourse change = 169226.414379 (tol. 81964.171188) | Stable cycles = 0/1 | Penalty actions (V/PF/ESS) = held/held/held
[INFO] 	 - Iteration 57: 32.58 s
[INFO] 	 - ADMM Iteration 58
[INFO] 		 - Updating distribution networks:
[INFO] 			 - Running SMOPF, Network case33_1, 2025, Spring...
[INFO] 			 - Running SMOPF, Network case33_1, 2025, Summer...
[INFO] 			 - Running SMOPF, Network case33_1, 2025, Autumn...
[INFO] 			 - Running SMOPF, Network case33_1, 2025, Winter...
[INFO] 			 - Running SMOPF, Network case33_1, 2030, Spring...
[INFO] 			 - Running SMOPF, Network case33_1, 2030, Summer...
[INFO] 			 - Running SMOPF, Network case33_1, 2030, Autumn...
[INFO] 			 - Running SMOPF, Network case33_1, 2030, Winter...
[INFO] 			 - Running SMOPF, Network case33_1, 2035, Spring...
[INFO] 			 - Running SMOPF, Network case33_1, 2035, Summer...
[INFO] 			 - Running SMOPF, Network case33_1, 2035, Autumn...
[INFO] 			 - Running SMOPF, Network case33_1, 2035, Winter...
[INFO] 			 - Running SMOPF, Network case33_2, 2025, Spring...
[INFO] 			 - Running SMOPF, Network case33_2, 2025, Summer...
[INFO] 			 - Running SMOPF, Network case33_2, 2025, Autumn...
[INFO] 			 - Running SMOPF, Network case33_2, 2025, Winter...
[INFO] 			 - Running SMOPF, Network case33_2, 2030, Spring...
[INFO] 			 - Running SMOPF, Network case33_2, 2030, Summer...
[INFO] 			 - Running SMOPF, Network case33_2, 2030, Autumn...
[INFO] 			 - Running SMOPF, Network case33_2, 2030, Winter...
[INFO] 			 - Running SMOPF, Network case33_2, 2035, Spring...
[INFO] 			 - Running SMOPF, Network case33_2, 2035, Summer...
[INFO] 			 - Running SMOPF, Network case33_2, 2035, Autumn...
[INFO] 			 - Running SMOPF, Network case33_2, 2035, Winter...
[INFO] 			 - Running SMOPF, Network case33_3, 2025, Spring...
[INFO] 			 - Running SMOPF, Network case33_3, 2025, Summer...
[INFO] 			 - Running SMOPF, Network case33_3, 2025, Autumn...
[INFO] 			 - Running SMOPF, Network case33_3, 2025, Winter...
[INFO] 			 - Running SMOPF, Network case33_3, 2030, Spring...
[INFO] 			 - Running SMOPF, Network case33_3, 2030, Summer...
[INFO] 			 - Running SMOPF, Network case33_3, 2030, Autumn...
[INFO] 			 - Running SMOPF, Network case33_3, 2030, Winter...
[INFO] 			 - Running SMOPF, Network case33_3, 2035, Spring...
[INFO] 			 - Running SMOPF, Network case33_3, 2035, Summer...
[INFO] 			 - Running SMOPF, Network case33_3, 2035, Autumn...
[INFO] 			 - Running SMOPF, Network case33_3, 2035, Winter...
[INFO] 		 - Updating transmission network...
[INFO] 			 - Running SMOPF, Network case9, 2025, Spring...
[INFO] 			 - Running SMOPF, Network case9, 2025, Summer...
[INFO] 			 - Running SMOPF, Network case9, 2025, Autumn...
[INFO] 			 - Running SMOPF, Network case9, 2025, Winter...
[INFO] 			 - Running SMOPF, Network case9, 2030, Spring...
[INFO] 			 - Running SMOPF, Network case9, 2030, Summer...
[INFO] 			 - Running SMOPF, Network case9, 2030, Autumn...
[INFO] 			 - Running SMOPF, Network case9, 2030, Winter...
[INFO] 			 - Running SMOPF, Network case9, 2035, Spring...
[INFO] 			 - Running SMOPF, Network case9, 2035, Summer...
[INFO] 			 - Running SMOPF, Network case9, 2035, Autumn...
[INFO] 			 - Running SMOPF, Network case9, 2035, Winter...
[TSO PROX] cycle=58 | updated_blocks=12 | held_failed_blocks=0 | V max=0.000189 | PF max=0.004985 | ESS max=0.000713
[TSO PROX][V MAX] node=5, year=2035, day=Summer, period=19 | dV=0.065082 kV | normalized=0.000189
[TSO PROX][PF MAX] node=7, year=2035, day=Spring, period=15, type=P | delta=0.498476 MW | normalized=0.004985
[TSO PROX][ESS MAX] node=7, year=2025, day=Spring, period=3, type=P | delta=0.001380 MW | normalized=0.000713
[INFO] 		 - Updating SharedESS...
[INFO] 		 - Running Shared ESS optimization (subproblem)...
[INFO] 			 - Node 5...
[INFO] Shared ESS complementarity diagnostics for ESS node=5: ratio_max=2.583474e-05 n_periods=288 mu_final=4.743781e-09 s_obj=1.000000e-01 eps=1.000000e-03 bound=1.366209e-02 measured=8.294774e-03
[INFO] 			 - Node 7...
[INFO] Shared ESS complementarity diagnostics for ESS node=7: ratio_max=2.583542e-05 n_periods=288 mu_final=4.653773e-09 s_obj=1.000000e-01 eps=1.000000e-03 bound=1.340287e-02 measured=8.300775e-03
[INFO] 			 - Node 9...
[INFO] Shared ESS complementarity diagnostics for ESS node=9: ratio_max=2.578869e-05 n_periods=288 mu_final=4.691186e-09 s_obj=1.000000e-01 eps=1.000000e-03 bound=1.351062e-02 measured=8.317010e-03
[INFO]		 - Primal residuals ok!
[INFO]		 - Dual residuals ok!
[RECOURSE JUMP] cycle=58 | abs_change=1.630367e+05 | tol=8.194725e+04 | signed_change=-1.630367e+05
[RECOURSE JUMP] Reconciliation | previous=8.194725e+08 | current=8.193094e+08 | block_delta=-1.630367e+05 | mismatch=+0.000000e+00
[RECOURSE JUMP] Aggregate signed changes:
  TSO | delta=-2.082912e+05
  DSO node=7 | delta=+4.201524e+04
  DSO node=9 | delta=+4.952242e+03
  DSO node=5 | delta=-1.712925e+03
  SALVAGE | delta=+3.149658e-35
[RECOURSE JUMP] Largest 10 block changes:
  TSO node=None year=2035 day=Spring | previous=5.890591e+07 | current=5.879836e+07 | delta=-1.075536e+05 | abs_delta=1.075536e+05
    [RECOURSE JUMP][TSO PROX] year=2035 day=Spring | V max=0.000131 | PF max=0.004985 | ESS max=0.000124
    [RECOURSE COMPONENTS] gen=-1.794840e+05 | flex=+7.193171e+04 | load_curt=+0.000000e+00 | res_curt=+0.000000e+00 | ess_usage=+0.000000e+00 | slacks=-1.295617e-07 | ess_comp=-1.242458e+00
    [SLACK COMPONENTS] voltage=-8.518867e-08 | node_P=+0.000000e+00 | node_Q=+0.000000e+00 | branch_ij=+0.000000e+00 | branch_ji=+0.000000e+00 | flex_P=-2.218651e-08 | flex_Q=-2.218651e-08
    [SLACK COMPONENT CHECK] classified_delta=-1.295617e-07 | objective_slack_delta=-1.295617e-07 | mismatch=+1.687539e-14
    [RECOURSE COMPONENT CHECK] classified_delta=-1.075536e+05 | block_delta=-1.075536e+05 | mismatch=+3.376044e-09
  TSO node=None year=2030 day=Spring | previous=5.730325e+07 | current=5.723537e+07 | delta=-6.787616e+04 | abs_delta=6.787616e+04
    [RECOURSE JUMP][TSO PROX] year=2030 day=Spring | V max=0.000097 | PF max=0.004008 | ESS max=0.000012
    [RECOURSE COMPONENTS] gen=-9.801718e+04 | flex=+3.014103e+04 | load_curt=+0.000000e+00 | res_curt=+0.000000e+00 | ess_usage=+0.000000e+00 | slacks=+1.882938e-12 | ess_comp=-9.518725e-03
    [SLACK COMPONENTS] voltage=+1.847411e-12 | node_P=+0.000000e+00 | node_Q=+0.000000e+00 | branch_ij=+0.000000e+00 | branch_ji=+0.000000e+00 | flex_P=+8.881784e-16 | flex_Q=+8.881784e-16
    [SLACK COMPONENT CHECK] classified_delta=+1.849187e-12 | objective_slack_delta=+1.882938e-12 | mismatch=-3.375078e-14
    [RECOURSE COMPONENT CHECK] classified_delta=-6.787616e+04 | block_delta=-6.787616e+04 | mismatch=+2.430170e-09
  TSO node=None year=2025 day=Spring | previous=7.666717e+07 | current=7.661629e+07 | delta=-5.087933e+04 | abs_delta=5.087933e+04
    [RECOURSE JUMP][TSO PROX] year=2025 day=Spring | V max=0.000097 | PF max=0.003480 | ESS max=0.000713
    [RECOURSE COMPONENTS] gen=-7.109911e+04 | flex=+2.021977e+04 | load_curt=+0.000000e+00 | res_curt=+0.000000e+00 | ess_usage=+0.000000e+00 | slacks=+1.980951e-09 | ess_comp=+5.466358e-05
    [SLACK COMPONENTS] voltage=+1.306738e-09 | node_P=+0.000000e+00 | node_Q=+0.000000e+00 | branch_ij=+0.000000e+00 | branch_ji=+0.000000e+00 | flex_P=+3.370890e-10 | flex_Q=+3.370890e-10
    [SLACK COMPONENT CHECK] classified_delta=+1.980916e-09 | objective_slack_delta=+1.980951e-09 | mismatch=-3.463896e-14
    [RECOURSE COMPONENT CHECK] classified_delta=-5.087933e+04 | block_delta=-5.087933e+04 | mismatch=-6.795744e-09
  TSO node=None year=2025 day=Summer | previous=9.304866e+07 | current=9.309425e+07 | delta=+4.558506e+04 | abs_delta=4.558506e+04
    [RECOURSE JUMP][TSO PROX] year=2025 day=Summer | V max=0.000132 | PF max=0.004059 | ESS max=0.000643
    [RECOURSE COMPONENTS] gen=+1.214343e+05 | flex=-7.584924e+04 | load_curt=+0.000000e+00 | res_curt=+0.000000e+00 | ess_usage=+0.000000e+00 | slacks=+7.496226e-12 | ess_comp=-1.665371e-04
    [SLACK COMPONENTS] voltage=+7.489120e-12 | node_P=+0.000000e+00 | node_Q=+0.000000e+00 | branch_ij=+0.000000e+00 | branch_ji=+0.000000e+00 | flex_P=+0.000000e+00 | flex_Q=+0.000000e+00
    [SLACK COMPONENT CHECK] classified_delta=+7.489120e-12 | objective_slack_delta=+7.496226e-12 | mismatch=-7.105427e-15
    [RECOURSE COMPONENT CHECK] classified_delta=+4.558506e+04 | block_delta=+4.558506e+04 | mismatch=+1.599983e-08
  DSO node=7 year=2035 day=Spring | previous=6.632264e+06 | current=6.666295e+06 | delta=+3.403047e+04 | abs_delta=3.403047e+04
    [RECOURSE COMPONENTS] gen=+0.000000e+00 | flex=+3.403024e+04 | load_curt=+0.000000e+00 | res_curt=+2.384566e-01 | ess_usage=+0.000000e+00 | slacks=+5.633188e-08 | ess_comp=-2.081305e-03
    [SLACK COMPONENTS] voltage=+5.731619e-08 | node_P=+0.000000e+00 | node_Q=+0.000000e+00 | branch_ij=+0.000000e+00 | branch_ji=+0.000000e+00 | flex_P=-9.842545e-10 | flex_Q=+0.000000e+00
    [SLACK COMPONENT CHECK] classified_delta=+5.633193e-08 | objective_slack_delta=+5.633188e-08 | mismatch=+4.618528e-14
    [RECOURSE COMPONENT CHECK] classified_delta=+3.403047e+04 | block_delta=+3.403047e+04 | mismatch=-7.712515e-10
  DSO node=9 year=2025 day=Summer | previous=2.013531e+06 | current=1.983529e+06 | delta=-3.000181e+04 | abs_delta=3.000181e+04
    [RECOURSE COMPONENTS] gen=+0.000000e+00 | flex=-3.000144e+04 | load_curt=+0.000000e+00 | res_curt=-3.676968e-01 | ess_usage=+0.000000e+00 | slacks=-1.274787e-05 | ess_comp=+2.011047e-03
    [SLACK COMPONENTS] voltage=-1.342082e-06 | node_P=+0.000000e+00 | node_Q=+0.000000e+00 | branch_ij=+0.000000e+00 | branch_ji=+0.000000e+00 | flex_P=-1.140579e-05 | flex_Q=+0.000000e+00
    [SLACK COMPONENT CHECK] classified_delta=-1.274787e-05 | objective_slack_delta=-1.274787e-05 | mismatch=-1.492140e-13
    [RECOURSE COMPONENT CHECK] classified_delta=-3.000181e+04 | block_delta=-3.000181e+04 | mismatch=-2.619345e-10
  DSO node=7 year=2025 day=Summer | previous=1.248997e+06 | current=1.223800e+06 | delta=-2.519694e+04 | abs_delta=2.519694e+04
    [RECOURSE COMPONENTS] gen=+0.000000e+00 | flex=-2.519670e+04 | load_curt=+0.000000e+00 | res_curt=-2.424061e-01 | ess_usage=+0.000000e+00 | slacks=-1.270750e-05 | ess_comp=-2.487648e-03
    [SLACK COMPONENTS] voltage=-5.662631e-07 | node_P=+0.000000e+00 | node_Q=+0.000000e+00 | branch_ij=+0.000000e+00 | branch_ji=+0.000000e+00 | flex_P=-1.214124e-05 | flex_Q=+0.000000e+00
    [SLACK COMPONENT CHECK] classified_delta=-1.270750e-05 | objective_slack_delta=-1.270750e-05 | mismatch=+1.989520e-13
    [RECOURSE COMPONENT CHECK] classified_delta=-2.519694e+04 | block_delta=-2.519694e+04 | mismatch=-1.273293e-10
  DSO node=9 year=2035 day=Spring | previous=9.902987e+06 | current=9.927696e+06 | delta=+2.470815e+04 | abs_delta=2.470815e+04
    [RECOURSE COMPONENTS] gen=+0.000000e+00 | flex=+2.470873e+04 | load_curt=+0.000000e+00 | res_curt=-5.781199e-01 | ess_usage=+0.000000e+00 | slacks=+3.799948e-08 | ess_comp=-1.477722e-03
    [SLACK COMPONENTS] voltage=+5.438352e-08 | node_P=+0.000000e+00 | node_Q=+0.000000e+00 | branch_ij=+0.000000e+00 | branch_ji=+0.000000e+00 | flex_P=-1.638403e-08 | flex_Q=+0.000000e+00
    [SLACK COMPONENT CHECK] classified_delta=+3.799949e-08 | objective_slack_delta=+3.799948e-08 | mismatch=+7.105427e-15
    [RECOURSE COMPONENT CHECK] classified_delta=+2.470815e+04 | block_delta=+2.470815e+04 | mismatch=-7.639755e-11
  DSO node=7 year=2030 day=Spring | previous=3.807315e+06 | current=3.827947e+06 | delta=+2.063266e+04 | abs_delta=2.063266e+04
    [RECOURSE COMPONENTS] gen=+0.000000e+00 | flex=+2.063490e+04 | load_curt=+0.000000e+00 | res_curt=-2.240001e+00 | ess_usage=+0.000000e+00 | slacks=+2.673002e-07 | ess_comp=-2.032267e-04
    [SLACK COMPONENTS] voltage=+5.946623e-08 | node_P=+0.000000e+00 | node_Q=+0.000000e+00 | branch_ij=+0.000000e+00 | branch_ji=+0.000000e+00 | flex_P=+2.078340e-07 | flex_Q=+0.000000e+00
    [SLACK COMPONENT CHECK] classified_delta=+2.673002e-07 | objective_slack_delta=+2.673002e-07 | mismatch=+3.907985e-14
    [RECOURSE COMPONENT CHECK] classified_delta=+2.063266e+04 | block_delta=+2.063266e+04 | mismatch=+2.655725e-10
  DSO node=7 year=2025 day=Spring | previous=4.006695e+06 | current=4.024673e+06 | delta=+1.797841e+04 | abs_delta=1.797841e+04
    [RECOURSE COMPONENTS] gen=+0.000000e+00 | flex=+1.797838e+04 | load_curt=+0.000000e+00 | res_curt=+3.720824e-02 | ess_usage=+0.000000e+00 | slacks=-4.218435e-08 | ess_comp=+1.467999e-04
    [SLACK COMPONENTS] voltage=+2.011672e-08 | node_P=+0.000000e+00 | node_Q=+0.000000e+00 | branch_ij=+0.000000e+00 | branch_ji=+0.000000e+00 | flex_P=-6.230087e-08 | flex_Q=+0.000000e+00
    [SLACK COMPONENT CHECK] classified_delta=-4.218415e-08 | objective_slack_delta=-4.218435e-08 | mismatch=+2.025047e-13
    [RECOURSE COMPONENT CHECK] classified_delta=+1.797841e+04 | block_delta=+1.797841e+04 | mismatch=-2.728484e-10
[INFO]		 - Recourse stationarity failed. 163036.654304 > 81947.248547
[ADMM RHO] V | primal max ratio=0.001 | primal mean ratio=0.001 | primal selected=0.001 | dual mean ratio=0.010 | increase threshold=5.0 | decrease threshold=5.0 | action=held
[ADMM RHO] PF | primal max ratio=0.170 | primal mean ratio=0.024 | primal selected=0.170 | dual mean ratio=0.113 | increase threshold=5.0 | decrease threshold=3.0 | action=held
[ADMM RHO] ESS | primal max ratio=0.010 | primal mean ratio=0.008 | primal selected=0.010 | dual mean ratio=0.007 | increase threshold=5.0 | decrease threshold=5.0 | action=held
[INFO]		 - ADMM cycle 58 | Primal (V max/mean | PF max/mean | ESS max/mean) = 0.000009/0.000001 | 0.001698/0.000024 | 0.000992/0.000082 | Dual (V max/mean | PF max/mean | ESS max/mean) = 0.000424/0.000099 | 0.025938/0.001133 | 0.001051/0.000067 | Recourse change = 163036.654304 (tol. 81947.248547) | Stable cycles = 0/1 | Penalty actions (V/PF/ESS) = held/held/held
[INFO] 	 - Iteration 58: 32.39 s
[INFO] 	 - ADMM Iteration 59
[INFO] 		 - Updating distribution networks:
[INFO] 			 - Running SMOPF, Network case33_1, 2025, Spring...
[INFO] 			 - Running SMOPF, Network case33_1, 2025, Summer...
[INFO] 			 - Running SMOPF, Network case33_1, 2025, Autumn...
[INFO] 			 - Running SMOPF, Network case33_1, 2025, Winter...
[INFO] 			 - Running SMOPF, Network case33_1, 2030, Spring...
[INFO] 			 - Running SMOPF, Network case33_1, 2030, Summer...
[INFO] 			 - Running SMOPF, Network case33_1, 2030, Autumn...
[INFO] 			 - Running SMOPF, Network case33_1, 2030, Winter...
[INFO] 			 - Running SMOPF, Network case33_1, 2035, Spring...
[INFO] 			 - Running SMOPF, Network case33_1, 2035, Summer...
[INFO] 			 - Running SMOPF, Network case33_1, 2035, Autumn...
[INFO] 			 - Running SMOPF, Network case33_1, 2035, Winter...
[INFO] 			 - Running SMOPF, Network case33_2, 2025, Spring...
[INFO] 			 - Running SMOPF, Network case33_2, 2025, Summer...
[INFO] 			 - Running SMOPF, Network case33_2, 2025, Autumn...
[INFO] 			 - Running SMOPF, Network case33_2, 2025, Winter...
[INFO] 			 - Running SMOPF, Network case33_2, 2030, Spring...
[INFO] 			 - Running SMOPF, Network case33_2, 2030, Summer...
[INFO] 			 - Running SMOPF, Network case33_2, 2030, Autumn...
[INFO] 			 - Running SMOPF, Network case33_2, 2030, Winter...
[INFO] 			 - Running SMOPF, Network case33_2, 2035, Spring...
[INFO] 			 - Running SMOPF, Network case33_2, 2035, Summer...
[INFO] 			 - Running SMOPF, Network case33_2, 2035, Autumn...
[INFO] 			 - Running SMOPF, Network case33_2, 2035, Winter...
[INFO] 			 - Running SMOPF, Network case33_3, 2025, Spring...
[INFO] 			 - Running SMOPF, Network case33_3, 2025, Summer...
[INFO] 			 - Running SMOPF, Network case33_3, 2025, Autumn...
[INFO] 			 - Running SMOPF, Network case33_3, 2025, Winter...
[INFO] 			 - Running SMOPF, Network case33_3, 2030, Spring...
[INFO] 			 - Running SMOPF, Network case33_3, 2030, Summer...
[INFO] 			 - Running SMOPF, Network case33_3, 2030, Autumn...
[INFO] 			 - Running SMOPF, Network case33_3, 2030, Winter...
[INFO] 			 - Running SMOPF, Network case33_3, 2035, Spring...
[INFO] 			 - Running SMOPF, Network case33_3, 2035, Summer...
[INFO] 			 - Running SMOPF, Network case33_3, 2035, Autumn...
[INFO] 			 - Running SMOPF, Network case33_3, 2035, Winter...
[INFO] 		 - Updating transmission network...
[INFO] 			 - Running SMOPF, Network case9, 2025, Spring...
[INFO] 			 - Running SMOPF, Network case9, 2025, Summer...
[INFO] 			 - Running SMOPF, Network case9, 2025, Autumn...
[INFO] 			 - Running SMOPF, Network case9, 2025, Winter...
[INFO] 			 - Running SMOPF, Network case9, 2030, Spring...
[INFO] 			 - Running SMOPF, Network case9, 2030, Summer...
[INFO] 			 - Running SMOPF, Network case9, 2030, Autumn...
[INFO] 			 - Running SMOPF, Network case9, 2030, Winter...
[INFO] 			 - Running SMOPF, Network case9, 2035, Spring...
[INFO] 			 - Running SMOPF, Network case9, 2035, Summer...
[INFO] 			 - Running SMOPF, Network case9, 2035, Autumn...
[INFO] 			 - Running SMOPF, Network case9, 2035, Winter...
[TSO PROX] cycle=59 | updated_blocks=12 | held_failed_blocks=0 | V max=0.000188 | PF max=0.004975 | ESS max=0.000713
[TSO PROX][V MAX] node=5, year=2035, day=Summer, period=19 | dV=0.064907 kV | normalized=0.000188
[TSO PROX][PF MAX] node=7, year=2035, day=Spring, period=15, type=P | delta=0.497501 MW | normalized=0.004975
[TSO PROX][ESS MAX] node=7, year=2025, day=Spring, period=3, type=P | delta=0.001382 MW | normalized=0.000713
[INFO] 		 - Updating SharedESS...
[INFO] 		 - Running Shared ESS optimization (subproblem)...
[INFO] 			 - Node 5...
[INFO] Shared ESS complementarity diagnostics for ESS node=5: ratio_max=2.579112e-05 n_periods=288 mu_final=4.688819e-09 s_obj=1.000000e-01 eps=1.000000e-03 bound=1.350380e-02 measured=8.340226e-03
[INFO] 			 - Node 7...
[INFO] Shared ESS complementarity diagnostics for ESS node=7: ratio_max=2.583127e-05 n_periods=288 mu_final=4.547852e-09 s_obj=1.000000e-01 eps=1.000000e-03 bound=1.309781e-02 measured=8.350788e-03
[INFO] 			 - Node 9...
[INFO] Shared ESS complementarity diagnostics for ESS node=9: ratio_max=2.582826e-05 n_periods=288 mu_final=4.641458e-09 s_obj=1.000000e-01 eps=1.000000e-03 bound=1.336740e-02 measured=8.347246e-03
[INFO]		 - Primal residuals ok!
[INFO]		 - Dual residuals ok!
[RECOURSE JUMP] cycle=59 | abs_change=1.602000e+05 | tol=8.193094e+04 | signed_change=-1.602000e+05
[RECOURSE JUMP] Reconciliation | previous=8.193094e+08 | current=8.191492e+08 | block_delta=-1.602000e+05 | mismatch=+0.000000e+00
[RECOURSE JUMP] Aggregate signed changes:
  TSO | delta=-2.017377e+05
  DSO node=7 | delta=+4.426490e+04
  DSO node=5 | delta=-5.499371e+03
  DSO node=9 | delta=+2.772106e+03
  SALVAGE | delta=-1.340576e-35
[RECOURSE JUMP] Largest 10 block changes:
  TSO node=None year=2035 day=Spring | previous=5.879836e+07 | current=5.869213e+07 | delta=-1.062315e+05 | abs_delta=1.062315e+05
    [RECOURSE JUMP][TSO PROX] year=2035 day=Spring | V max=0.000131 | PF max=0.004975 | ESS max=0.000126
    [RECOURSE COMPONENTS] gen=-1.775832e+05 | flex=+7.135274e+04 | load_curt=+0.000000e+00 | res_curt=+0.000000e+00 | ess_usage=+0.000000e+00 | slacks=-4.035883e-12 | ess_comp=-1.045166e+00
    [SLACK COMPONENTS] voltage=-4.042988e-12 | node_P=+0.000000e+00 | node_Q=+0.000000e+00 | branch_ij=+0.000000e+00 | branch_ji=+0.000000e+00 | flex_P=+4.440892e-16 | flex_Q=+4.440892e-16
    [SLACK COMPONENT CHECK] classified_delta=-4.042100e-12 | objective_slack_delta=-4.035883e-12 | mismatch=-6.217249e-15
    [RECOURSE COMPONENT CHECK] classified_delta=-1.062315e+05 | block_delta=-1.062315e+05 | mismatch=+1.411536e-09
  TSO node=None year=2030 day=Spring | previous=5.723537e+07 | current=5.717259e+07 | delta=-6.278356e+04 | abs_delta=6.278356e+04
    [RECOURSE JUMP][TSO PROX] year=2030 day=Spring | V max=0.000098 | PF max=0.003966 | ESS max=0.000011
    [RECOURSE COMPONENTS] gen=-9.360339e+04 | flex=+3.081984e+04 | load_curt=+0.000000e+00 | res_curt=+0.000000e+00 | ess_usage=+0.000000e+00 | slacks=+1.897149e-12 | ess_comp=-9.830227e-03
    [SLACK COMPONENTS] voltage=+1.897149e-12 | node_P=+0.000000e+00 | node_Q=+0.000000e+00 | branch_ij=+0.000000e+00 | branch_ji=+0.000000e+00 | flex_P=+8.881784e-16 | flex_Q=+8.881784e-16
    [SLACK COMPONENT CHECK] classified_delta=+1.898925e-12 | objective_slack_delta=+1.897149e-12 | mismatch=+1.776357e-15
    [RECOURSE COMPONENT CHECK] classified_delta=-6.278356e+04 | block_delta=-6.278356e+04 | mismatch=+9.174983e-09
  TSO node=None year=2025 day=Spring | previous=7.661629e+07 | current=7.657288e+07 | delta=-4.340355e+04 | abs_delta=4.340355e+04
    [RECOURSE JUMP][TSO PROX] year=2025 day=Spring | V max=0.000098 | PF max=0.003479 | ESS max=0.000713
    [RECOURSE COMPONENTS] gen=-5.831690e+04 | flex=+1.491335e+04 | load_curt=+0.000000e+00 | res_curt=+0.000000e+00 | ess_usage=+0.000000e+00 | slacks=-1.609052e-09 | ess_comp=+2.377310e-04
    [SLACK COMPONENTS] voltage=-1.062162e-09 | node_P=+0.000000e+00 | node_Q=+0.000000e+00 | branch_ij=+0.000000e+00 | branch_ji=+0.000000e+00 | flex_P=-2.734342e-10 | flex_Q=-2.734342e-10
    [SLACK COMPONENT CHECK] classified_delta=-1.609030e-09 | objective_slack_delta=-1.609052e-09 | mismatch=+2.220446e-14
    [RECOURSE COMPONENT CHECK] classified_delta=-4.340355e+04 | block_delta=-4.340355e+04 | mismatch=-1.494482e-08
  DSO node=7 year=2035 day=Spring | previous=6.666295e+06 | current=6.700265e+06 | delta=+3.397026e+04 | abs_delta=3.397026e+04
    [RECOURSE COMPONENTS] gen=+0.000000e+00 | flex=+3.397009e+04 | load_curt=+0.000000e+00 | res_curt=+2.529135e-01 | ess_usage=+0.000000e+00 | slacks=+4.769648e-07 | ess_comp=-7.892745e-02
    [SLACK COMPONENTS] voltage=+7.816476e-08 | node_P=+0.000000e+00 | node_Q=+0.000000e+00 | branch_ij=+0.000000e+00 | branch_ji=+0.000000e+00 | flex_P=+3.987999e-07 | flex_Q=+0.000000e+00
    [SLACK COMPONENT CHECK] classified_delta=+4.769647e-07 | objective_slack_delta=+4.769648e-07 | mismatch=-7.460699e-14
    [RECOURSE COMPONENT CHECK] classified_delta=+3.397026e+04 | block_delta=+3.397026e+04 | mismatch=-5.311449e-10
  TSO node=None year=2025 day=Summer | previous=9.309425e+07 | current=9.312593e+07 | delta=+3.168384e+04 | abs_delta=3.168384e+04
    [RECOURSE JUMP][TSO PROX] year=2025 day=Summer | V max=0.000131 | PF max=0.004177 | ESS max=0.000643
    [RECOURSE COMPONENTS] gen=+9.848304e+04 | flex=-6.679920e+04 | load_curt=+0.000000e+00 | res_curt=+0.000000e+00 | ess_usage=+0.000000e+00 | slacks=+7.588596e-12 | ess_comp=-1.679420e-04
    [SLACK COMPONENTS] voltage=+7.595702e-12 | node_P=+0.000000e+00 | node_Q=+0.000000e+00 | branch_ij=+0.000000e+00 | branch_ji=+0.000000e+00 | flex_P=+0.000000e+00 | flex_Q=+0.000000e+00
    [SLACK COMPONENT CHECK] classified_delta=+7.595702e-12 | objective_slack_delta=+7.588596e-12 | mismatch=+7.105427e-15
    [RECOURSE COMPONENT CHECK] classified_delta=+3.168384e+04 | block_delta=+3.168384e+04 | mismatch=+1.230001e-08
  DSO node=9 year=2025 day=Summer | previous=1.983529e+06 | current=1.956980e+06 | delta=-2.654879e+04 | abs_delta=2.654879e+04
    [RECOURSE COMPONENTS] gen=+0.000000e+00 | flex=-2.654828e+04 | load_curt=+0.000000e+00 | res_curt=-5.190947e-01 | ess_usage=+0.000000e+00 | slacks=-7.429575e-06 | ess_comp=+1.176969e-03
    [SLACK COMPONENTS] voltage=-4.810994e-07 | node_P=+0.000000e+00 | node_Q=+0.000000e+00 | branch_ij=+0.000000e+00 | branch_ji=+0.000000e+00 | flex_P=-6.948475e-06 | flex_Q=+0.000000e+00
    [SLACK COMPONENT CHECK] classified_delta=-7.429575e-06 | objective_slack_delta=-7.429575e-06 | mismatch=+8.526513e-14
    [RECOURSE COMPONENT CHECK] classified_delta=-2.654879e+04 | block_delta=-2.654879e+04 | mismatch=+3.856258e-10
  DSO node=9 year=2035 day=Spring | previous=9.927696e+06 | current=9.952306e+06 | delta=+2.461027e+04 | abs_delta=2.461027e+04
    [RECOURSE COMPONENTS] gen=+0.000000e+00 | flex=+2.461082e+04 | load_curt=+0.000000e+00 | res_curt=-5.404410e-01 | ess_usage=+0.000000e+00 | slacks=+4.645979e-07 | ess_comp=-1.072304e-02
    [SLACK COMPONENTS] voltage=+6.856368e-08 | node_P=+0.000000e+00 | node_Q=+0.000000e+00 | branch_ij=+0.000000e+00 | branch_ji=+0.000000e+00 | flex_P=+3.960343e-07 | flex_Q=+0.000000e+00
    [SLACK COMPONENT CHECK] classified_delta=+4.645979e-07 | objective_slack_delta=+4.645979e-07 | mismatch=+3.197442e-14
    [RECOURSE COMPONENT CHECK] classified_delta=+2.461027e+04 | block_delta=+2.461027e+04 | mismatch=-1.949957e-09
  DSO node=7 year=2025 day=Summer | previous=1.223800e+06 | current=1.201447e+06 | delta=-2.235348e+04 | abs_delta=2.235348e+04
    [RECOURSE COMPONENTS] gen=+0.000000e+00 | flex=-2.235326e+04 | load_curt=+0.000000e+00 | res_curt=-2.220253e-01 | ess_usage=+0.000000e+00 | slacks=-1.228847e-05 | ess_comp=+4.165556e-04
    [SLACK COMPONENTS] voltage=-8.697853e-07 | node_P=+0.000000e+00 | node_Q=+0.000000e+00 | branch_ij=+0.000000e+00 | branch_ji=+0.000000e+00 | flex_P=-1.141868e-05 | flex_Q=+0.000000e+00
    [SLACK COMPONENT CHECK] classified_delta=-1.228847e-05 | objective_slack_delta=-1.228847e-05 | mismatch=-9.237056e-14
    [RECOURSE COMPONENT CHECK] classified_delta=-2.235348e+04 | block_delta=-2.235348e+04 | mismatch=+1.127773e-10
  DSO node=7 year=2030 day=Spring | previous=3.827947e+06 | current=3.848565e+06 | delta=+2.061816e+04 | abs_delta=2.061816e+04
    [RECOURSE COMPONENTS] gen=+0.000000e+00 | flex=+2.062032e+04 | load_curt=+0.000000e+00 | res_curt=-2.160472e+00 | ess_usage=+0.000000e+00 | slacks=+2.401416e-07 | ess_comp=-2.120594e-04
    [SLACK COMPONENTS] voltage=+5.847306e-08 | node_P=+0.000000e+00 | node_Q=+0.000000e+00 | branch_ij=+0.000000e+00 | branch_ji=+0.000000e+00 | flex_P=+1.816684e-07 | flex_Q=+0.000000e+00
    [SLACK COMPONENT CHECK] classified_delta=+2.401415e-07 | objective_slack_delta=+2.401416e-07 | mismatch=-1.492140e-13
    [RECOURSE COMPONENT CHECK] classified_delta=+2.061816e+04 | block_delta=+2.061816e+04 | mismatch=-6.184564e-11
  TSO node=None year=2035 day=Summer | previous=6.641139e+07 | current=6.639289e+07 | delta=-1.850007e+04 | abs_delta=1.850007e+04
    [RECOURSE JUMP][TSO PROX] year=2035 day=Summer | V max=0.000188 | PF max=0.002146 | ESS max=0.000025
    [RECOURSE COMPONENTS] gen=-2.489513e+04 | flex=+6.395024e+03 | load_curt=+0.000000e+00 | res_curt=+0.000000e+00 | ess_usage=+0.000000e+00 | slacks=-2.593781e-08 | ess_comp=+4.443884e-02
    [SLACK COMPONENTS] voltage=-1.697163e-08 | node_P=+0.000000e+00 | node_Q=+0.000000e+00 | branch_ij=+0.000000e+00 | branch_ji=+0.000000e+00 | flex_P=-4.483093e-09 | flex_Q=-4.483093e-09
    [SLACK COMPONENT CHECK] classified_delta=-2.593781e-08 | objective_slack_delta=-2.593781e-08 | mismatch=-3.552714e-15
    [RECOURSE COMPONENT CHECK] classified_delta=-1.850007e+04 | block_delta=-1.850007e+04 | mismatch=-1.906301e-09
[INFO]		 - Recourse stationarity failed. 160200.045779 > 81930.944881
[ADMM RHO] V | primal max ratio=0.001 | primal mean ratio=0.000 | primal selected=0.001 | dual mean ratio=0.010 | increase threshold=5.0 | decrease threshold=5.0 | action=held
[ADMM RHO] PF | primal max ratio=0.100 | primal mean ratio=0.020 | primal selected=0.100 | dual mean ratio=0.111 | increase threshold=5.0 | decrease threshold=3.0 | action=held
[ADMM RHO] ESS | primal max ratio=0.010 | primal mean ratio=0.008 | primal selected=0.010 | dual mean ratio=0.006 | increase threshold=5.0 | decrease threshold=5.0 | action=held
[INFO]		 - ADMM cycle 59 | Primal (V max/mean | PF max/mean | ESS max/mean) = 0.000007/0.000000 | 0.001002/0.000020 | 0.001020/0.000082 | Dual (V max/mean | PF max/mean | ESS max/mean) = 0.000423/0.000099 | 0.025883/0.001106 | 0.000931/0.000062 | Recourse change = 160200.045779 (tol. 81930.944881) | Stable cycles = 0/1 | Penalty actions (V/PF/ESS) = held/held/held
[INFO] 	 - Iteration 59: 31.07 s
[INFO] 	 - ADMM Iteration 60
[INFO] 		 - Updating distribution networks:
[INFO] 			 - Running SMOPF, Network case33_1, 2025, Spring...
[INFO] 			 - Running SMOPF, Network case33_1, 2025, Summer...
[INFO] 			 - Running SMOPF, Network case33_1, 2025, Autumn...
[INFO] 			 - Running SMOPF, Network case33_1, 2025, Winter...
[INFO] 			 - Running SMOPF, Network case33_1, 2030, Spring...
[INFO] 			 - Running SMOPF, Network case33_1, 2030, Summer...
[INFO] 			 - Running SMOPF, Network case33_1, 2030, Autumn...
[INFO] 			 - Running SMOPF, Network case33_1, 2030, Winter...
[INFO] 			 - Running SMOPF, Network case33_1, 2035, Spring...
[INFO] 			 - Running SMOPF, Network case33_1, 2035, Summer...
[INFO] 			 - Running SMOPF, Network case33_1, 2035, Autumn...
[INFO] 			 - Running SMOPF, Network case33_1, 2035, Winter...
[INFO] 			 - Running SMOPF, Network case33_2, 2025, Spring...
[INFO] 			 - Running SMOPF, Network case33_2, 2025, Summer...
[INFO] 			 - Running SMOPF, Network case33_2, 2025, Autumn...
[INFO] 			 - Running SMOPF, Network case33_2, 2025, Winter...
[INFO] 			 - Running SMOPF, Network case33_2, 2030, Spring...
[INFO] 			 - Running SMOPF, Network case33_2, 2030, Summer...
[INFO] 			 - Running SMOPF, Network case33_2, 2030, Autumn...
[INFO] 			 - Running SMOPF, Network case33_2, 2030, Winter...
[INFO] 			 - Running SMOPF, Network case33_2, 2035, Spring...
[INFO] 			 - Running SMOPF, Network case33_2, 2035, Summer...
[INFO] 			 - Running SMOPF, Network case33_2, 2035, Autumn...
[INFO] 			 - Running SMOPF, Network case33_2, 2035, Winter...
[INFO] 			 - Running SMOPF, Network case33_3, 2025, Spring...
[INFO] 			 - Running SMOPF, Network case33_3, 2025, Summer...
[INFO] 			 - Running SMOPF, Network case33_3, 2025, Autumn...
[INFO] 			 - Running SMOPF, Network case33_3, 2025, Winter...
[INFO] 			 - Running SMOPF, Network case33_3, 2030, Spring...
[INFO] 			 - Running SMOPF, Network case33_3, 2030, Summer...
[INFO] 			 - Running SMOPF, Network case33_3, 2030, Autumn...
[INFO] 			 - Running SMOPF, Network case33_3, 2030, Winter...
[INFO] 			 - Running SMOPF, Network case33_3, 2035, Spring...
[INFO] 			 - Running SMOPF, Network case33_3, 2035, Summer...
[INFO] 			 - Running SMOPF, Network case33_3, 2035, Autumn...
[INFO] 			 - Running SMOPF, Network case33_3, 2035, Winter...
[INFO] 		 - Updating transmission network...
[INFO] 			 - Running SMOPF, Network case9, 2025, Spring...
[INFO] 			 - Running SMOPF, Network case9, 2025, Summer...
[INFO] 			 - Running SMOPF, Network case9, 2025, Autumn...
[INFO] 			 - Running SMOPF, Network case9, 2025, Winter...
[INFO] 			 - Running SMOPF, Network case9, 2030, Spring...
[INFO] 			 - Running SMOPF, Network case9, 2030, Summer...
[INFO] 			 - Running SMOPF, Network case9, 2030, Autumn...
[INFO] 			 - Running SMOPF, Network case9, 2030, Winter...
[INFO] 			 - Running SMOPF, Network case9, 2035, Spring...
[INFO] 			 - Running SMOPF, Network case9, 2035, Summer...
[INFO] 			 - Running SMOPF, Network case9, 2035, Autumn...
[INFO] 			 - Running SMOPF, Network case9, 2035, Winter...
[TSO PROX] cycle=60 | updated_blocks=12 | held_failed_blocks=0 | V max=0.000188 | PF max=0.004964 | ESS max=0.000714
[TSO PROX][V MAX] node=5, year=2035, day=Summer, period=19 | dV=0.064772 kV | normalized=0.000188
[TSO PROX][PF MAX] node=7, year=2035, day=Spring, period=15, type=P | delta=0.496404 MW | normalized=0.004964
[TSO PROX][ESS MAX] node=7, year=2025, day=Spring, period=3, type=P | delta=0.001383 MW | normalized=0.000714
[INFO] 		 - Updating SharedESS...
[INFO] 		 - Running Shared ESS optimization (subproblem)...
[INFO] 			 - Node 5...
[INFO] Shared ESS complementarity diagnostics for ESS node=5: ratio_max=2.575125e-05 n_periods=288 mu_final=4.633545e-09 s_obj=1.000000e-01 eps=1.000000e-03 bound=1.334461e-02 measured=8.364007e-03
[INFO] 			 - Node 7...
[INFO] Shared ESS complementarity diagnostics for ESS node=7: ratio_max=2.577108e-05 n_periods=288 mu_final=4.523436e-09 s_obj=1.000000e-01 eps=1.000000e-03 bound=1.302749e-02 measured=8.385863e-03
[INFO] 			 - Node 9...
[INFO] Shared ESS complementarity diagnostics for ESS node=9: ratio_max=2.584651e-05 n_periods=288 mu_final=4.621600e-09 s_obj=1.000000e-01 eps=1.000000e-03 bound=1.331021e-02 measured=8.386971e-03
[INFO]		 - Primal residuals ok!
[INFO]		 - Dual residuals ok!
[RECOURSE JUMP] cycle=60 | abs_change=1.601563e+05 | tol=8.191492e+04 | signed_change=-1.601563e+05
[RECOURSE JUMP] Reconciliation | previous=8.191492e+08 | current=8.189891e+08 | block_delta=-1.601563e+05 | mismatch=-3.576279e-07
[RECOURSE JUMP] Aggregate signed changes:
  TSO | delta=-2.036476e+05
  DSO node=7 | delta=+4.507020e+04
  DSO node=5 | delta=-4.695134e+03
  DSO node=9 | delta=+3.116307e+03
  SALVAGE | delta=-3.553414e-36
[RECOURSE JUMP] Largest 10 block changes:
  TSO node=None year=2035 day=Spring | previous=5.869213e+07 | current=5.858740e+07 | delta=-1.047257e+05 | abs_delta=1.047257e+05
    [RECOURSE JUMP][TSO PROX] year=2035 day=Spring | V max=0.000132 | PF max=0.004964 | ESS max=0.000029
    [RECOURSE COMPONENTS] gen=-1.755138e+05 | flex=+7.078813e+04 | load_curt=+0.000000e+00 | res_curt=+0.000000e+00 | ess_usage=+0.000000e+00 | slacks=-3.964828e-12 | ess_comp=-5.548017e-02
    [SLACK COMPONENTS] voltage=-4.085621e-12 | node_P=+0.000000e+00 | node_Q=+0.000000e+00 | branch_ij=+0.000000e+00 | branch_ji=+0.000000e+00 | flex_P=+5.728751e-14 | flex_Q=+5.728751e-14
    [SLACK COMPONENT CHECK] classified_delta=-3.971046e-12 | objective_slack_delta=-3.964828e-12 | mismatch=-6.217249e-15
    [RECOURSE COMPONENT CHECK] classified_delta=-1.047257e+05 | block_delta=-1.047257e+05 | mismatch=+7.989001e-09
  TSO node=None year=2030 day=Spring | previous=5.717259e+07 | current=5.710740e+07 | delta=-6.518116e+04 | abs_delta=6.518116e+04
    [RECOURSE JUMP][TSO PROX] year=2030 day=Spring | V max=0.000098 | PF max=0.003881 | ESS max=0.000011
    [RECOURSE COMPONENTS] gen=-9.911589e+04 | flex=+3.393475e+04 | load_curt=+0.000000e+00 | res_curt=+0.000000e+00 | ess_usage=+0.000000e+00 | slacks=+1.897149e-12 | ess_comp=-1.017870e-02
    [SLACK COMPONENTS] voltage=+1.904255e-12 | node_P=+0.000000e+00 | node_Q=+0.000000e+00 | branch_ij=+0.000000e+00 | branch_ji=+0.000000e+00 | flex_P=+4.440892e-16 | flex_Q=+4.440892e-16
    [SLACK COMPONENT CHECK] classified_delta=+1.905143e-12 | objective_slack_delta=+1.897149e-12 | mismatch=+7.993606e-15
    [RECOURSE COMPONENT CHECK] classified_delta=-6.518116e+04 | block_delta=-6.518116e+04 | mismatch=-1.717126e-09
  TSO node=None year=2025 day=Spring | previous=7.657288e+07 | current=7.653241e+07 | delta=-4.047226e+04 | abs_delta=4.047226e+04
    [RECOURSE JUMP][TSO PROX] year=2025 day=Spring | V max=0.000099 | PF max=0.003479 | ESS max=0.000714
    [RECOURSE COMPONENTS] gen=-5.349184e+04 | flex=+1.301958e+04 | load_curt=+0.000000e+00 | res_curt=+0.000000e+00 | ess_usage=+0.000000e+00 | slacks=+9.327366e-10 | ess_comp=-1.738884e-04
    [SLACK COMPONENTS] voltage=+6.150174e-10 | node_P=+0.000000e+00 | node_Q=+0.000000e+00 | branch_ij=+0.000000e+00 | branch_ji=+0.000000e+00 | flex_P=+1.588663e-10 | flex_Q=+1.588663e-10
    [SLACK COMPONENT CHECK] classified_delta=+9.327499e-10 | objective_slack_delta=+9.327366e-10 | mismatch=+1.332268e-14
    [RECOURSE COMPONENT CHECK] classified_delta=-4.047226e+04 | block_delta=-4.047226e+04 | mismatch=+1.839362e-08
  DSO node=7 year=2035 day=Spring | previous=6.700265e+06 | current=6.734179e+06 | delta=+3.391383e+04 | abs_delta=3.391383e+04
    [RECOURSE COMPONENTS] gen=+0.000000e+00 | flex=+3.391431e+04 | load_curt=+0.000000e+00 | res_curt=+2.748246e-01 | ess_usage=+0.000000e+00 | slacks=+5.667789e-07 | ess_comp=-7.582451e-01
    [SLACK COMPONENTS] voltage=+8.508624e-08 | node_P=+0.000000e+00 | node_Q=+0.000000e+00 | branch_ij=+0.000000e+00 | branch_ji=+0.000000e+00 | flex_P=+4.816926e-07 | flex_Q=+0.000000e+00
    [SLACK COMPONENT CHECK] classified_delta=+5.667789e-07 | objective_slack_delta=+5.667789e-07 | mismatch=-2.842171e-14
    [RECOURSE COMPONENT CHECK] classified_delta=+3.391383e+04 | block_delta=+3.391383e+04 | mismatch=-1.527951e-10
  TSO node=None year=2025 day=Summer | previous=9.312593e+07 | current=9.315512e+07 | delta=+2.918850e+04 | abs_delta=2.918850e+04
    [RECOURSE JUMP][TSO PROX] year=2025 day=Summer | V max=0.000132 | PF max=0.004103 | ESS max=0.000643
    [RECOURSE COMPONENTS] gen=+9.242744e+04 | flex=-6.323894e+04 | load_curt=+0.000000e+00 | res_curt=+0.000000e+00 | ess_usage=+0.000000e+00 | slacks=+7.624124e-12 | ess_comp=-1.694610e-04
    [SLACK COMPONENTS] voltage=+7.617018e-12 | node_P=+0.000000e+00 | node_Q=+0.000000e+00 | branch_ij=+0.000000e+00 | branch_ji=+0.000000e+00 | flex_P=+0.000000e+00 | flex_Q=+0.000000e+00
    [SLACK COMPONENT CHECK] classified_delta=+7.617018e-12 | objective_slack_delta=+7.624124e-12 | mismatch=-7.105427e-15
    [RECOURSE COMPONENT CHECK] classified_delta=+2.918850e+04 | block_delta=+2.918850e+04 | mismatch=-4.984031e-09
  DSO node=9 year=2025 day=Summer | previous=1.956980e+06 | current=1.929262e+06 | delta=-2.771829e+04 | abs_delta=2.771829e+04
    [RECOURSE COMPONENTS] gen=+0.000000e+00 | flex=-2.771715e+04 | load_curt=+0.000000e+00 | res_curt=-1.137503e+00 | ess_usage=+0.000000e+00 | slacks=+3.271632e-06 | ess_comp=-2.688712e-03
    [SLACK COMPONENTS] voltage=+4.558263e-07 | node_P=+0.000000e+00 | node_Q=+0.000000e+00 | branch_ij=+0.000000e+00 | branch_ji=+0.000000e+00 | flex_P=+2.815806e-06 | flex_Q=+0.000000e+00
    [SLACK COMPONENT CHECK] classified_delta=+3.271632e-06 | objective_slack_delta=+3.271632e-06 | mismatch=+3.552714e-15
    [RECOURSE COMPONENT CHECK] classified_delta=-2.771829e+04 | block_delta=-2.771829e+04 | mismatch=-4.001777e-10
  DSO node=9 year=2035 day=Spring | previous=9.952306e+06 | current=9.976823e+06 | delta=+2.451671e+04 | abs_delta=2.451671e+04
    [RECOURSE COMPONENTS] gen=+0.000000e+00 | flex=+2.451805e+04 | load_curt=+0.000000e+00 | res_curt=-5.129494e-01 | ess_usage=+0.000000e+00 | slacks=+7.109343e-07 | ess_comp=-8.239197e-01
    [SLACK COMPONENTS] voltage=+7.858159e-08 | node_P=+0.000000e+00 | node_Q=+0.000000e+00 | branch_ij=+0.000000e+00 | branch_ji=+0.000000e+00 | flex_P=+6.323526e-07 | flex_Q=+0.000000e+00
    [SLACK COMPONENT CHECK] classified_delta=+7.109342e-07 | objective_slack_delta=+7.109343e-07 | mismatch=-1.669775e-13
    [RECOURSE COMPONENT CHECK] classified_delta=+2.451671e+04 | block_delta=+2.451671e+04 | mismatch=+3.306923e-09
  TSO node=None year=2035 day=Summer | previous=6.639289e+07 | current=6.637171e+07 | delta=-2.118004e+04 | abs_delta=2.118004e+04
    [RECOURSE JUMP][TSO PROX] year=2035 day=Summer | V max=0.000188 | PF max=0.002124 | ESS max=0.000026
    [RECOURSE COMPONENTS] gen=-2.939986e+04 | flex=+8.219811e+03 | load_curt=+0.000000e+00 | res_curt=+0.000000e+00 | ess_usage=+0.000000e+00 | slacks=-7.254222e-08 | ess_comp=+8.257735e-04
    [SLACK COMPONENTS] voltage=-4.745530e-08 | node_P=+0.000000e+00 | node_Q=+0.000000e+00 | branch_ij=+0.000000e+00 | branch_ji=+0.000000e+00 | flex_P=-1.254345e-08 | flex_Q=-1.254345e-08
    [SLACK COMPONENT CHECK] classified_delta=-7.254220e-08 | objective_slack_delta=-7.254222e-08 | mismatch=+1.953993e-14
    [RECOURSE COMPONENT CHECK] classified_delta=-2.118004e+04 | block_delta=-2.118004e+04 | mismatch=-9.662472e-09
  DSO node=7 year=2025 day=Summer | previous=1.201447e+06 | current=1.180699e+06 | delta=-2.074750e+04 | abs_delta=2.074750e+04
    [RECOURSE COMPONENTS] gen=+0.000000e+00 | flex=-2.074722e+04 | load_curt=+0.000000e+00 | res_curt=-2.760908e-01 | ess_usage=+0.000000e+00 | slacks=+5.869565e-06 | ess_comp=+1.152539e-03
    [SLACK COMPONENTS] voltage=+1.244178e-07 | node_P=+0.000000e+00 | node_Q=+0.000000e+00 | branch_ij=+0.000000e+00 | branch_ji=+0.000000e+00 | flex_P=+5.745147e-06 | flex_Q=+0.000000e+00
    [SLACK COMPONENT CHECK] classified_delta=+5.869565e-06 | objective_slack_delta=+5.869565e-06 | mismatch=-6.394885e-14
    [RECOURSE COMPONENT CHECK] classified_delta=-2.074750e+04 | block_delta=-2.074750e+04 | mismatch=-1.564331e-10
  DSO node=7 year=2030 day=Spring | previous=3.848565e+06 | current=3.869120e+06 | delta=+2.055427e+04 | abs_delta=2.055427e+04
    [RECOURSE COMPONENTS] gen=+0.000000e+00 | flex=+2.055635e+04 | load_curt=+0.000000e+00 | res_curt=-2.078438e+00 | ess_usage=+0.000000e+00 | slacks=-3.919661e-08 | ess_comp=-2.106216e-04
    [SLACK COMPONENTS] voltage=+3.797550e-08 | node_P=+0.000000e+00 | node_Q=+0.000000e+00 | branch_ij=+0.000000e+00 | branch_ji=+0.000000e+00 | flex_P=-7.717204e-08 | flex_Q=+0.000000e+00
    [SLACK COMPONENT CHECK] classified_delta=-3.919655e-08 | objective_slack_delta=-3.919661e-08 | mismatch=+6.039613e-14
    [RECOURSE COMPONENT CHECK] classified_delta=+2.055427e+04 | block_delta=+2.055427e+04 | mismatch=-4.074536e-10
[INFO]		 - Recourse stationarity failed. 160156.271586 > 81914.924877
[ADMM RHO] V | primal max ratio=0.001 | primal mean ratio=0.000 | primal selected=0.001 | dual mean ratio=0.010 | increase threshold=5.0 | decrease threshold=5.0 | action=held
[ADMM RHO] PF | primal max ratio=0.071 | primal mean ratio=0.017 | primal selected=0.071 | dual mean ratio=0.108 | increase threshold=5.0 | decrease threshold=3.0 | action=held
[ADMM RHO] ESS | primal max ratio=0.009 | primal mean ratio=0.008 | primal selected=0.009 | dual mean ratio=0.006 | increase threshold=5.0 | decrease threshold=5.0 | action=held
[INFO]		 - ADMM cycle 60 | Primal (V max/mean | PF max/mean | ESS max/mean) = 0.000008/0.000000 | 0.000711/0.000017 | 0.000928/0.000080 | Dual (V max/mean | PF max/mean | ESS max/mean) = 0.000422/0.000099 | 0.025825/0.001083 | 0.000804/0.000059 | Recourse change = 160156.271586 (tol. 81914.924877) | Stable cycles = 0/1 | Penalty actions (V/PF/ESS) = held/held/held
[INFO] 	 - Iteration 60: 32.59 s
[INFO] 	 - ADMM Iteration 61
[INFO] 		 - Updating distribution networks:
[INFO] 			 - Running SMOPF, Network case33_1, 2025, Spring...
[INFO] 			 - Running SMOPF, Network case33_1, 2025, Summer...
[INFO] 			 - Running SMOPF, Network case33_1, 2025, Autumn...
[INFO] 			 - Running SMOPF, Network case33_1, 2025, Winter...
[INFO] 			 - Running SMOPF, Network case33_1, 2030, Spring...
[INFO] 			 - Running SMOPF, Network case33_1, 2030, Summer...
[INFO] 			 - Running SMOPF, Network case33_1, 2030, Autumn...
[INFO] 			 - Running SMOPF, Network case33_1, 2030, Winter...
[INFO] 			 - Running SMOPF, Network case33_1, 2035, Spring...
[INFO] 			 - Running SMOPF, Network case33_1, 2035, Summer...
[INFO] 			 - Running SMOPF, Network case33_1, 2035, Autumn...
[INFO] 			 - Running SMOPF, Network case33_1, 2035, Winter...
[INFO] 			 - Running SMOPF, Network case33_2, 2025, Spring...
[INFO] 			 - Running SMOPF, Network case33_2, 2025, Summer...
[INFO] 			 - Running SMOPF, Network case33_2, 2025, Autumn...
[INFO] 			 - Running SMOPF, Network case33_2, 2025, Winter...
[INFO] 			 - Running SMOPF, Network case33_2, 2030, Spring...
[INFO] 			 - Running SMOPF, Network case33_2, 2030, Summer...
[INFO] 			 - Running SMOPF, Network case33_2, 2030, Autumn...
[INFO] 			 - Running SMOPF, Network case33_2, 2030, Winter...
[INFO] 			 - Running SMOPF, Network case33_2, 2035, Spring...
[INFO] 			 - Running SMOPF, Network case33_2, 2035, Summer...
[INFO] 			 - Running SMOPF, Network case33_2, 2035, Autumn...
[INFO] 			 - Running SMOPF, Network case33_2, 2035, Winter...
[INFO] 			 - Running SMOPF, Network case33_3, 2025, Spring...
[INFO] 			 - Running SMOPF, Network case33_3, 2025, Summer...
[INFO] 			 - Running SMOPF, Network case33_3, 2025, Autumn...
[INFO] 			 - Running SMOPF, Network case33_3, 2025, Winter...
[INFO] 			 - Running SMOPF, Network case33_3, 2030, Spring...
[INFO] 			 - Running SMOPF, Network case33_3, 2030, Summer...
[INFO] 			 - Running SMOPF, Network case33_3, 2030, Autumn...
[INFO] 			 - Running SMOPF, Network case33_3, 2030, Winter...
[INFO] 			 - Running SMOPF, Network case33_3, 2035, Spring...
[INFO] 			 - Running SMOPF, Network case33_3, 2035, Summer...
[INFO] 			 - Running SMOPF, Network case33_3, 2035, Autumn...
[INFO] 			 - Running SMOPF, Network case33_3, 2035, Winter...
[INFO] 		 - Updating transmission network...
[INFO] 			 - Running SMOPF, Network case9, 2025, Spring...
[INFO] 			 - Running SMOPF, Network case9, 2025, Summer...
[INFO] 			 - Running SMOPF, Network case9, 2025, Autumn...
[INFO] 			 - Running SMOPF, Network case9, 2025, Winter...
[INFO] 			 - Running SMOPF, Network case9, 2030, Spring...
[INFO] 			 - Running SMOPF, Network case9, 2030, Summer...
[INFO] 			 - Running SMOPF, Network case9, 2030, Autumn...
[INFO] 			 - Running SMOPF, Network case9, 2030, Winter...
[INFO] 			 - Running SMOPF, Network case9, 2035, Spring...
[INFO] 			 - Running SMOPF, Network case9, 2035, Summer...
[INFO] 			 - Running SMOPF, Network case9, 2035, Autumn...
[INFO] 			 - Running SMOPF, Network case9, 2035, Winter...
[TSO PROX] cycle=61 | updated_blocks=12 | held_failed_blocks=0 | V max=0.000187 | PF max=0.004952 | ESS max=0.000715
[TSO PROX][V MAX] node=5, year=2035, day=Summer, period=19 | dV=0.064663 kV | normalized=0.000187
[TSO PROX][PF MAX] node=7, year=2035, day=Spring, period=15, type=P | delta=0.495237 MW | normalized=0.004952
[TSO PROX][ESS MAX] node=7, year=2025, day=Spring, period=3, type=P | delta=0.001384 MW | normalized=0.000715
[INFO] 		 - Updating SharedESS...
[INFO] 		 - Running Shared ESS optimization (subproblem)...
[INFO] 			 - Node 5...
[INFO] Shared ESS complementarity diagnostics for ESS node=5: ratio_max=2.571773e-05 n_periods=288 mu_final=4.572335e-09 s_obj=1.000000e-01 eps=1.000000e-03 bound=1.316833e-02 measured=8.387966e-03
[INFO] 			 - Node 7...
[INFO] Shared ESS complementarity diagnostics for ESS node=7: ratio_max=2.582424e-05 n_periods=288 mu_final=4.539288e-09 s_obj=1.000000e-01 eps=1.000000e-03 bound=1.307315e-02 measured=8.410260e-03
[INFO] 			 - Node 9...
[INFO] Shared ESS complementarity diagnostics for ESS node=9: ratio_max=2.581218e-05 n_periods=288 mu_final=4.626366e-09 s_obj=1.000000e-01 eps=1.000000e-03 bound=1.332393e-02 measured=8.395662e-03
[INFO]		 - Primal residuals ok!
[INFO]		 - Dual residuals ok!
[RECOURSE JUMP] cycle=61 | abs_change=1.552840e+05 | tol=8.189891e+04 | signed_change=-1.552840e+05
[RECOURSE JUMP] Reconciliation | previous=8.189891e+08 | current=8.188338e+08 | block_delta=-1.552840e+05 | mismatch=+2.384186e-07
[RECOURSE JUMP] Aggregate signed changes:
  TSO | delta=-1.943264e+05
  DSO node=7 | delta=+4.608188e+04
  DSO node=5 | delta=-1.026241e+04
  DSO node=9 | delta=+3.223002e+03
  SALVAGE | delta=-6.467489e-36
[RECOURSE JUMP] Largest 10 block changes:
  TSO node=None year=2035 day=Spring | previous=5.858740e+07 | current=5.848378e+07 | delta=-1.036243e+05 | abs_delta=1.036243e+05
    [RECOURSE JUMP][TSO PROX] year=2035 day=Spring | V max=0.000133 | PF max=0.004952 | ESS max=0.000027
    [RECOURSE COMPONENTS] gen=-1.738822e+05 | flex=+7.025782e+04 | load_curt=+0.000000e+00 | res_curt=+0.000000e+00 | ess_usage=+0.000000e+00 | slacks=-4.064304e-12 | ess_comp=-1.618196e-02
    [SLACK COMPONENTS] voltage=-4.064304e-12 | node_P=+0.000000e+00 | node_Q=+0.000000e+00 | branch_ij=+0.000000e+00 | branch_ji=+0.000000e+00 | flex_P=+2.220446e-15 | flex_Q=+2.220446e-15
    [SLACK COMPONENT CHECK] classified_delta=-4.059864e-12 | objective_slack_delta=-4.064304e-12 | mismatch=+4.440892e-15
    [RECOURSE COMPONENT CHECK] classified_delta=-1.036243e+05 | block_delta=-1.036243e+05 | mismatch=-7.887138e-09
  TSO node=None year=2030 day=Spring | previous=5.710740e+07 | current=5.703751e+07 | delta=-6.989717e+04 | abs_delta=6.989717e+04
    [RECOURSE JUMP][TSO PROX] year=2030 day=Spring | V max=0.000098 | PF max=0.003929 | ESS max=0.000011
    [RECOURSE COMPONENTS] gen=-1.105034e+05 | flex=+4.060621e+04 | load_curt=+0.000000e+00 | res_curt=+0.000000e+00 | ess_usage=+0.000000e+00 | slacks=+1.861622e-12 | ess_comp=-1.188265e-02
    [SLACK COMPONENTS] voltage=+1.854517e-12 | node_P=+0.000000e+00 | node_Q=+0.000000e+00 | branch_ij=+0.000000e+00 | branch_ji=+0.000000e+00 | flex_P=+1.332268e-15 | flex_Q=+1.332268e-15
    [SLACK COMPONENT CHECK] classified_delta=+1.857181e-12 | objective_slack_delta=+1.861622e-12 | mismatch=-4.440892e-15
    [RECOURSE COMPONENT CHECK] classified_delta=-6.989717e+04 | block_delta=-6.989717e+04 | mismatch=+5.384209e-09
  TSO node=None year=2025 day=Spring | previous=7.653241e+07 | current=7.649169e+07 | delta=-4.072101e+04 | abs_delta=4.072101e+04
    [RECOURSE JUMP][TSO PROX] year=2025 day=Spring | V max=0.000100 | PF max=0.003478 | ESS max=0.000715
    [RECOURSE COMPONENTS] gen=-5.403223e+04 | flex=+1.331121e+04 | load_curt=+0.000000e+00 | res_curt=+0.000000e+00 | ess_usage=+0.000000e+00 | slacks=-2.325891e-10 | ess_comp=+4.116191e-05
    [SLACK COMPONENTS] voltage=-1.539178e-10 | node_P=+0.000000e+00 | node_Q=+0.000000e+00 | branch_ij=+0.000000e+00 | branch_ji=+0.000000e+00 | flex_P=-3.934453e-11 | flex_Q=-3.934453e-11
    [SLACK COMPONENT CHECK] classified_delta=-2.326068e-10 | objective_slack_delta=-2.325891e-10 | mismatch=-1.776357e-14
    [RECOURSE COMPONENT CHECK] classified_delta=-4.072101e+04 | block_delta=-4.072101e+04 | mismatch=-4.642061e-09
  TSO node=None year=2025 day=Summer | previous=9.315512e+07 | current=9.319127e+07 | delta=+3.614897e+04 | abs_delta=3.614897e+04
    [RECOURSE JUMP][TSO PROX] year=2025 day=Summer | V max=0.000133 | PF max=0.003992 | ESS max=0.000643
    [RECOURSE COMPONENTS] gen=+1.015485e+05 | flex=-6.539958e+04 | load_curt=+0.000000e+00 | res_curt=+0.000000e+00 | ess_usage=+0.000000e+00 | slacks=+7.680967e-12 | ess_comp=-1.661692e-04
    [SLACK COMPONENTS] voltage=+7.680967e-12 | node_P=+0.000000e+00 | node_Q=+0.000000e+00 | branch_ij=+0.000000e+00 | branch_ji=+0.000000e+00 | flex_P=+0.000000e+00 | flex_Q=+0.000000e+00
    [SLACK COMPONENT CHECK] classified_delta=+7.680967e-12 | objective_slack_delta=+7.680967e-12 | mismatch=+0.000000e+00
    [RECOURSE COMPONENT CHECK] classified_delta=+3.614897e+04 | block_delta=+3.614897e+04 | mismatch=-1.564331e-08
  DSO node=7 year=2035 day=Spring | previous=6.734179e+06 | current=6.768049e+06 | delta=+3.387052e+04 | abs_delta=3.387052e+04
    [RECOURSE COMPONENTS] gen=+0.000000e+00 | flex=+3.387025e+04 | load_curt=+0.000000e+00 | res_curt=+2.756505e-01 | ess_usage=+0.000000e+00 | slacks=+4.177534e-07 | ess_comp=-4.623373e-03
    [SLACK COMPONENTS] voltage=+8.346370e-08 | node_P=+0.000000e+00 | node_Q=+0.000000e+00 | branch_ij=+0.000000e+00 | branch_ji=+0.000000e+00 | flex_P=+3.342899e-07 | flex_Q=+0.000000e+00
    [SLACK COMPONENT CHECK] classified_delta=+4.177536e-07 | objective_slack_delta=+4.177534e-07 | mismatch=+1.882938e-13
    [RECOURSE COMPONENT CHECK] classified_delta=+3.387052e+04 | block_delta=+3.387052e+04 | mismatch=-8.003553e-11
  DSO node=9 year=2025 day=Summer | previous=1.929262e+06 | current=1.899935e+06 | delta=-2.932669e+04 | abs_delta=2.932669e+04
    [RECOURSE COMPONENTS] gen=+0.000000e+00 | flex=-2.932556e+04 | load_curt=+0.000000e+00 | res_curt=-1.158255e+00 | ess_usage=+0.000000e+00 | slacks=+6.012622e-06 | ess_comp=+3.070358e-02
    [SLACK COMPONENTS] voltage=+7.355413e-07 | node_P=+0.000000e+00 | node_Q=+0.000000e+00 | branch_ij=+0.000000e+00 | branch_ji=+0.000000e+00 | flex_P=+5.277080e-06 | flex_Q=+0.000000e+00
    [SLACK COMPONENT CHECK] classified_delta=+6.012622e-06 | objective_slack_delta=+6.012622e-06 | mismatch=-1.705303e-13
    [RECOURSE COMPONENT CHECK] classified_delta=-2.932669e+04 | block_delta=-2.932669e+04 | mismatch=+1.491571e-10
  DSO node=9 year=2035 day=Spring | previous=9.976823e+06 | current=1.000123e+07 | delta=+2.440939e+04 | abs_delta=2.440939e+04
    [RECOURSE COMPONENTS] gen=+0.000000e+00 | flex=+2.440990e+04 | load_curt=+0.000000e+00 | res_curt=-4.967644e-01 | ess_usage=+0.000000e+00 | slacks=+6.483025e-07 | ess_comp=-7.439138e-03
    [SLACK COMPONENTS] voltage=+8.169673e-08 | node_P=+0.000000e+00 | node_Q=+0.000000e+00 | branch_ij=+0.000000e+00 | branch_ji=+0.000000e+00 | flex_P=+5.666059e-07 | flex_Q=+0.000000e+00
    [SLACK COMPONENT CHECK] classified_delta=+6.483026e-07 | objective_slack_delta=+6.483025e-07 | mismatch=+7.460699e-14
    [RECOURSE COMPONENT CHECK] classified_delta=+2.440939e+04 | block_delta=+2.440939e+04 | mismatch=-2.590241e-09
  DSO node=7 year=2030 day=Spring | previous=3.869120e+06 | current=3.892435e+06 | delta=+2.331573e+04 | abs_delta=2.331573e+04
    [RECOURSE COMPONENTS] gen=+0.000000e+00 | flex=+2.331844e+04 | load_curt=+0.000000e+00 | res_curt=-2.705646e+00 | ess_usage=+0.000000e+00 | slacks=-8.608180e-06 | ess_comp=-1.772180e-04
    [SLACK COMPONENTS] voltage=-1.485964e-07 | node_P=+0.000000e+00 | node_Q=+0.000000e+00 | branch_ij=+0.000000e+00 | branch_ji=+0.000000e+00 | flex_P=-8.460669e-06 | flex_Q=+1.084683e-09
    [SLACK COMPONENT CHECK] classified_delta=-8.608181e-06 | objective_slack_delta=-8.608180e-06 | mismatch=-1.421085e-13
    [RECOURSE COMPONENT CHECK] classified_delta=+2.331573e+04 | block_delta=+2.331573e+04 | mismatch=+4.220055e-10
  DSO node=7 year=2025 day=Summer | previous=1.180699e+06 | current=1.158512e+06 | delta=-2.218689e+04 | abs_delta=2.218689e+04
    [RECOURSE COMPONENTS] gen=+0.000000e+00 | flex=-2.218661e+04 | load_curt=+0.000000e+00 | res_curt=-2.726905e-01 | ess_usage=+0.000000e+00 | slacks=+9.612742e-06 | ess_comp=-1.414090e-03
    [SLACK COMPONENTS] voltage=+6.285205e-07 | node_P=+0.000000e+00 | node_Q=+0.000000e+00 | branch_ij=+0.000000e+00 | branch_ji=+0.000000e+00 | flex_P=+8.984222e-06 | flex_Q=+0.000000e+00
    [SLACK COMPONENT CHECK] classified_delta=+9.612742e-06 | objective_slack_delta=+9.612742e-06 | mismatch=+1.065814e-13
    [RECOURSE COMPONENT CHECK] classified_delta=-2.218689e+04 | block_delta=-2.218689e+04 | mismatch=+2.946763e-10
  DSO node=9 year=2030 day=Spring | previous=7.036458e+06 | current=7.054779e+06 | delta=+1.832051e+04 | abs_delta=1.832051e+04
    [RECOURSE COMPONENTS] gen=+0.000000e+00 | flex=+1.832063e+04 | load_curt=+0.000000e+00 | res_curt=-1.168252e-01 | ess_usage=+0.000000e+00 | slacks=+3.695111e-06 | ess_comp=-8.223426e-04
    [SLACK COMPONENTS] voltage=-6.926075e-08 | node_P=+0.000000e+00 | node_Q=+0.000000e+00 | branch_ij=+0.000000e+00 | branch_ji=+0.000000e+00 | flex_P=+3.748731e-06 | flex_Q=+1.564159e-08
    [SLACK COMPONENT CHECK] classified_delta=+3.695111e-06 | objective_slack_delta=+3.695111e-06 | mismatch=+6.394885e-13
    [RECOURSE COMPONENT CHECK] classified_delta=+1.832051e+04 | block_delta=+1.832051e+04 | mismatch=-5.456968e-10
[INFO]		 - Recourse stationarity failed. 155283.955695 > 81898.909250
[ADMM RHO] V | primal max ratio=0.002 | primal mean ratio=0.000 | primal selected=0.002 | dual mean ratio=0.010 | increase threshold=5.0 | decrease threshold=5.0 | action=held
[ADMM RHO] PF | primal max ratio=0.075 | primal mean ratio=0.016 | primal selected=0.075 | dual mean ratio=0.105 | increase threshold=5.0 | decrease threshold=3.0 | action=held
[ADMM RHO] ESS | primal max ratio=0.009 | primal mean ratio=0.008 | primal selected=0.009 | dual mean ratio=0.006 | increase threshold=5.0 | decrease threshold=5.0 | action=held
[INFO]		 - ADMM cycle 61 | Primal (V max/mean | PF max/mean | ESS max/mean) = 0.000021/0.000000 | 0.000745/0.000016 | 0.000920/0.000079 | Dual (V max/mean | PF max/mean | ESS max/mean) = 0.000422/0.000099 | 0.025764/0.001052 | 0.000715/0.000060 | Recourse change = 155283.955695 (tol. 81898.909250) | Stable cycles = 0/1 | Penalty actions (V/PF/ESS) = held/held/held
[INFO] 	 - Iteration 61: 32.37 s
[INFO] 	 - ADMM Iteration 62
[INFO] 		 - Updating distribution networks:
[INFO] 			 - Running SMOPF, Network case33_1, 2025, Spring...
[INFO] 			 - Running SMOPF, Network case33_1, 2025, Summer...
[INFO] 			 - Running SMOPF, Network case33_1, 2025, Autumn...
[INFO] 			 - Running SMOPF, Network case33_1, 2025, Winter...
[INFO] 			 - Running SMOPF, Network case33_1, 2030, Spring...
[INFO] 			 - Running SMOPF, Network case33_1, 2030, Summer...
[INFO] 			 - Running SMOPF, Network case33_1, 2030, Autumn...
[INFO] 			 - Running SMOPF, Network case33_1, 2030, Winter...
[INFO] 			 - Running SMOPF, Network case33_1, 2035, Spring...
[INFO] 			 - Running SMOPF, Network case33_1, 2035, Summer...
[INFO] 			 - Running SMOPF, Network case33_1, 2035, Autumn...
[INFO] 			 - Running SMOPF, Network case33_1, 2035, Winter...
[INFO] 			 - Running SMOPF, Network case33_2, 2025, Spring...
[INFO] 			 - Running SMOPF, Network case33_2, 2025, Summer...
[INFO] 			 - Running SMOPF, Network case33_2, 2025, Autumn...
[INFO] 			 - Running SMOPF, Network case33_2, 2025, Winter...
[INFO] 			 - Running SMOPF, Network case33_2, 2030, Spring...
[INFO] 			 - Running SMOPF, Network case33_2, 2030, Summer...
[INFO] 			 - Running SMOPF, Network case33_2, 2030, Autumn...
[INFO] 			 - Running SMOPF, Network case33_2, 2030, Winter...
[INFO] 			 - Running SMOPF, Network case33_2, 2035, Spring...
[INFO] 			 - Running SMOPF, Network case33_2, 2035, Summer...
[INFO] 			 - Running SMOPF, Network case33_2, 2035, Autumn...
[INFO] 			 - Running SMOPF, Network case33_2, 2035, Winter...
[INFO] 			 - Running SMOPF, Network case33_3, 2025, Spring...
[INFO] 			 - Running SMOPF, Network case33_3, 2025, Summer...
[INFO] 			 - Running SMOPF, Network case33_3, 2025, Autumn...
[INFO] 			 - Running SMOPF, Network case33_3, 2025, Winter...
[INFO] 			 - Running SMOPF, Network case33_3, 2030, Spring...
[INFO] 			 - Running SMOPF, Network case33_3, 2030, Summer...
[INFO] 			 - Running SMOPF, Network case33_3, 2030, Autumn...
[INFO] 			 - Running SMOPF, Network case33_3, 2030, Winter...
[INFO] 			 - Running SMOPF, Network case33_3, 2035, Spring...
[INFO] 			 - Running SMOPF, Network case33_3, 2035, Summer...
[INFO] 			 - Running SMOPF, Network case33_3, 2035, Autumn...
[INFO] 			 - Running SMOPF, Network case33_3, 2035, Winter...
[INFO] 		 - Updating transmission network...
[INFO] 			 - Running SMOPF, Network case9, 2025, Spring...
[INFO] 			 - Running SMOPF, Network case9, 2025, Summer...
[INFO] 			 - Running SMOPF, Network case9, 2025, Autumn...
[INFO] 			 - Running SMOPF, Network case9, 2025, Winter...
[INFO] 			 - Running SMOPF, Network case9, 2030, Spring...
[INFO] 			 - Running SMOPF, Network case9, 2030, Summer...
[INFO] 			 - Running SMOPF, Network case9, 2030, Autumn...
[INFO] 			 - Running SMOPF, Network case9, 2030, Winter...
[INFO] 			 - Running SMOPF, Network case9, 2035, Spring...
[INFO] 			 - Running SMOPF, Network case9, 2035, Summer...
[INFO] 			 - Running SMOPF, Network case9, 2035, Autumn...
[INFO] 			 - Running SMOPF, Network case9, 2035, Winter...
[TSO PROX] cycle=62 | updated_blocks=12 | held_failed_blocks=0 | V max=0.000187 | PF max=0.004940 | ESS max=0.000715
[TSO PROX][V MAX] node=5, year=2035, day=Summer, period=19 | dV=0.064571 kV | normalized=0.000187
[TSO PROX][PF MAX] node=7, year=2035, day=Spring, period=15, type=P | delta=0.493964 MW | normalized=0.004940
[TSO PROX][ESS MAX] node=7, year=2025, day=Spring, period=3, type=P | delta=0.001385 MW | normalized=0.000715
[INFO] 		 - Updating SharedESS...
[INFO] 		 - Running Shared ESS optimization (subproblem)...
[INFO] 			 - Node 5...
[INFO] Shared ESS complementarity diagnostics for ESS node=5: ratio_max=2.571183e-05 n_periods=288 mu_final=4.543137e-09 s_obj=1.000000e-01 eps=1.000000e-03 bound=1.308423e-02 measured=8.379846e-03
[INFO] 			 - Node 7...
[INFO] Shared ESS complementarity diagnostics for ESS node=7: ratio_max=2.572012e-05 n_periods=288 mu_final=4.576362e-09 s_obj=1.000000e-01 eps=1.000000e-03 bound=1.317992e-02 measured=8.368695e-03
[INFO] 			 - Node 9...
[INFO] Shared ESS complementarity diagnostics for ESS node=9: ratio_max=2.578357e-05 n_periods=288 mu_final=4.652494e-09 s_obj=1.000000e-01 eps=1.000000e-03 bound=1.339918e-02 measured=8.351892e-03
[INFO]		 - Primal residuals ok!
[INFO]		 - Dual residuals ok!
[RECOURSE JUMP] cycle=62 | abs_change=1.241166e+05 | tol=8.188338e+04 | signed_change=-1.241166e+05
[RECOURSE JUMP] Reconciliation | previous=8.188338e+08 | current=8.187097e+08 | block_delta=-1.241166e+05 | mismatch=-3.576279e-07
[RECOURSE JUMP] Aggregate signed changes:
  TSO | delta=-1.669962e+05
  DSO node=7 | delta=+5.045354e+04
  DSO node=5 | delta=-1.268060e+04
  DSO node=9 | delta=+5.106703e+03
  SALVAGE | delta=+6.941570e-36
[RECOURSE JUMP] Largest 10 block changes:
  TSO node=None year=2035 day=Spring | previous=5.848378e+07 | current=5.838088e+07 | delta=-1.028949e+05 | abs_delta=1.028949e+05
    [RECOURSE JUMP][TSO PROX] year=2035 day=Spring | V max=0.000133 | PF max=0.004940 | ESS max=0.000025
    [RECOURSE COMPONENTS] gen=-1.727518e+05 | flex=+6.985693e+04 | load_curt=+0.000000e+00 | res_curt=+0.000000e+00 | ess_usage=+0.000000e+00 | slacks=-4.071410e-12 | ess_comp=-6.617195e-03
    [SLACK COMPONENTS] voltage=-4.071410e-12 | node_P=+0.000000e+00 | node_Q=+0.000000e+00 | branch_ij=+0.000000e+00 | branch_ji=+0.000000e+00 | flex_P=+3.552714e-15 | flex_Q=+3.552714e-15
    [SLACK COMPONENT CHECK] classified_delta=-4.064304e-12 | objective_slack_delta=-4.071410e-12 | mismatch=+7.105427e-15
    [RECOURSE COMPONENT CHECK] classified_delta=-1.028949e+05 | block_delta=-1.028949e+05 | mismatch=+9.604264e-10
  TSO node=None year=2030 day=Spring | previous=5.703751e+07 | current=5.698733e+07 | delta=-5.018094e+04 | abs_delta=5.018094e+04
    [RECOURSE JUMP][TSO PROX] year=2030 day=Spring | V max=0.000099 | PF max=0.003971 | ESS max=0.000049
    [RECOURSE COMPONENTS] gen=-8.088861e+04 | flex=+3.070768e+04 | load_curt=+0.000000e+00 | res_curt=+0.000000e+00 | ess_usage=+0.000000e+00 | slacks=+1.904255e-12 | ess_comp=-6.967655e-03
    [SLACK COMPONENTS] voltage=+1.904255e-12 | node_P=+0.000000e+00 | node_Q=+0.000000e+00 | branch_ij=+0.000000e+00 | branch_ji=+0.000000e+00 | flex_P=+0.000000e+00 | flex_Q=+0.000000e+00
    [SLACK COMPONENT CHECK] classified_delta=+1.904255e-12 | objective_slack_delta=+1.904255e-12 | mismatch=+0.000000e+00
    [RECOURSE COMPONENT CHECK] classified_delta=-5.018094e+04 | block_delta=-5.018094e+04 | mismatch=-1.003355e-08
  TSO node=None year=2025 day=Summer | previous=9.319127e+07 | current=9.323611e+07 | delta=+4.484330e+04 | abs_delta=4.484330e+04
    [RECOURSE JUMP][TSO PROX] year=2025 day=Summer | V max=0.000134 | PF max=0.002518 | ESS max=0.000643
    [RECOURSE COMPONENTS] gen=+1.089489e+05 | flex=-6.410557e+04 | load_curt=+0.000000e+00 | res_curt=+0.000000e+00 | ess_usage=+0.000000e+00 | slacks=+7.773338e-12 | ess_comp=-1.610651e-04
    [SLACK COMPONENTS] voltage=+7.773338e-12 | node_P=+0.000000e+00 | node_Q=+0.000000e+00 | branch_ij=+0.000000e+00 | branch_ji=+0.000000e+00 | flex_P=+0.000000e+00 | flex_Q=+0.000000e+00
    [SLACK COMPONENT CHECK] classified_delta=+7.773338e-12 | objective_slack_delta=+7.773338e-12 | mismatch=+0.000000e+00
    [RECOURSE COMPONENT CHECK] classified_delta=+4.484330e+04 | block_delta=+4.484330e+04 | mismatch=-1.197623e-08
  TSO node=None year=2025 day=Spring | previous=7.649169e+07 | current=7.645027e+07 | delta=-4.141887e+04 | abs_delta=4.141887e+04
    [RECOURSE JUMP][TSO PROX] year=2025 day=Spring | V max=0.000101 | PF max=0.003476 | ESS max=0.000715
    [RECOURSE COMPONENTS] gen=-5.526016e+04 | flex=+1.384129e+04 | load_curt=+0.000000e+00 | res_curt=+0.000000e+00 | ess_usage=+0.000000e+00 | slacks=-1.693650e-10 | ess_comp=+2.054647e-05
    [SLACK COMPONENTS] voltage=-1.121805e-10 | node_P=+0.000000e+00 | node_Q=+0.000000e+00 | branch_ij=+0.000000e+00 | branch_ji=+0.000000e+00 | flex_P=-2.858469e-11 | flex_Q=-2.858469e-11
    [SLACK COMPONENT CHECK] classified_delta=-1.693499e-10 | objective_slack_delta=-1.693650e-10 | mismatch=+1.509903e-14
    [RECOURSE COMPONENT CHECK] classified_delta=-4.141887e+04 | block_delta=-4.141887e+04 | mismatch=+1.250737e-08
  DSO node=7 year=2035 day=Spring | previous=6.768049e+06 | current=6.801856e+06 | delta=+3.380620e+04 | abs_delta=3.380620e+04
    [RECOURSE COMPONENTS] gen=+0.000000e+00 | flex=+3.380591e+04 | load_curt=+0.000000e+00 | res_curt=+2.933126e-01 | ess_usage=+0.000000e+00 | slacks=+1.854538e-07 | ess_comp=-1.407185e-03
    [SLACK COMPONENTS] voltage=+7.808273e-08 | node_P=+0.000000e+00 | node_Q=+0.000000e+00 | branch_ij=+0.000000e+00 | branch_ji=+0.000000e+00 | flex_P=+1.073708e-07 | flex_Q=+0.000000e+00
    [SLACK COMPONENT CHECK] classified_delta=+1.854536e-07 | objective_slack_delta=+1.854538e-07 | mismatch=-2.025047e-13
    [RECOURSE COMPONENT CHECK] classified_delta=+3.380620e+04 | block_delta=+3.380620e+04 | mismatch=+2.473826e-10
  DSO node=9 year=2025 day=Summer | previous=1.899935e+06 | current=1.872160e+06 | delta=-2.777472e+04 | abs_delta=2.777472e+04
    [RECOURSE COMPONENTS] gen=+0.000000e+00 | flex=-2.777351e+04 | load_curt=+0.000000e+00 | res_curt=-1.192861e+00 | ess_usage=+0.000000e+00 | slacks=+8.202838e-06 | ess_comp=-2.125385e-02
    [SLACK COMPONENTS] voltage=+5.029130e-07 | node_P=+0.000000e+00 | node_Q=+0.000000e+00 | branch_ij=+0.000000e+00 | branch_ji=+0.000000e+00 | flex_P=+7.699925e-06 | flex_Q=+0.000000e+00
    [SLACK COMPONENT CHECK] classified_delta=+8.202838e-06 | objective_slack_delta=+8.202838e-06 | mismatch=-1.065814e-14
    [RECOURSE COMPONENT CHECK] classified_delta=-2.777472e+04 | block_delta=-2.777472e+04 | mismatch=-3.274181e-11
  DSO node=7 year=2030 day=Spring | previous=3.892435e+06 | current=3.917572e+06 | delta=+2.513702e+04 | abs_delta=2.513702e+04
    [RECOURSE COMPONENTS] gen=+0.000000e+00 | flex=+2.513954e+04 | load_curt=+0.000000e+00 | res_curt=-2.517160e+00 | ess_usage=+0.000000e+00 | slacks=-2.187094e-06 | ess_comp=-2.280692e-04
    [SLACK COMPONENTS] voltage=-2.857751e-07 | node_P=+0.000000e+00 | node_Q=+0.000000e+00 | branch_ij=+0.000000e+00 | branch_ji=+0.000000e+00 | flex_P=-1.901027e-06 | flex_Q=-2.916885e-10
    [SLACK COMPONENT CHECK] classified_delta=-2.187094e-06 | objective_slack_delta=-2.187094e-06 | mismatch=-9.237056e-14
    [RECOURSE COMPONENT CHECK] classified_delta=+2.513702e+04 | block_delta=+2.513702e+04 | mismatch=+6.766641e-10
  DSO node=9 year=2035 day=Spring | previous=1.000123e+07 | current=1.002549e+07 | delta=+2.425615e+04 | abs_delta=2.425615e+04
    [RECOURSE COMPONENTS] gen=+0.000000e+00 | flex=+2.425662e+04 | load_curt=+0.000000e+00 | res_curt=-4.759888e-01 | ess_usage=+0.000000e+00 | slacks=+3.796411e-07 | ess_comp=-1.843487e-03
    [SLACK COMPONENTS] voltage=+7.950831e-08 | node_P=+0.000000e+00 | node_Q=+0.000000e+00 | branch_ij=+0.000000e+00 | branch_ji=+0.000000e+00 | flex_P=+3.001328e-07 | flex_Q=+0.000000e+00
    [SLACK COMPONENT CHECK] classified_delta=+3.796411e-07 | objective_slack_delta=+3.796411e-07 | mismatch=-1.421085e-14
    [RECOURSE COMPONENT CHECK] classified_delta=+2.425615e+04 | block_delta=+2.425615e+04 | mismatch=+1.531589e-09
  DSO node=7 year=2025 day=Summer | previous=1.158512e+06 | current=1.138216e+06 | delta=-2.029618e+04 | abs_delta=2.029618e+04
    [RECOURSE COMPONENTS] gen=+0.000000e+00 | flex=-2.029594e+04 | load_curt=+0.000000e+00 | res_curt=-2.402808e-01 | ess_usage=+0.000000e+00 | slacks=+9.967929e-07 | ess_comp=+2.575958e-03
    [SLACK COMPONENTS] voltage=+3.168518e-07 | node_P=+0.000000e+00 | node_Q=+0.000000e+00 | branch_ij=+0.000000e+00 | branch_ji=+0.000000e+00 | flex_P=+6.799411e-07 | flex_Q=+0.000000e+00
    [SLACK COMPONENT CHECK] classified_delta=+9.967929e-07 | objective_slack_delta=+9.967929e-07 | mismatch=+1.065814e-14
    [RECOURSE COMPONENT CHECK] classified_delta=-2.029618e+04 | block_delta=-2.029618e+04 | mismatch=-1.455192e-10
  DSO node=9 year=2030 day=Spring | previous=7.054779e+06 | current=7.072749e+06 | delta=+1.797055e+04 | abs_delta=1.797055e+04
    [RECOURSE COMPONENTS] gen=+0.000000e+00 | flex=+1.797066e+04 | load_curt=+0.000000e+00 | res_curt=-1.046636e-01 | ess_usage=+0.000000e+00 | slacks=+3.398758e-06 | ess_comp=-2.626315e-05
    [SLACK COMPONENTS] voltage=-3.088155e-08 | node_P=+0.000000e+00 | node_Q=+0.000000e+00 | branch_ij=+0.000000e+00 | branch_ji=+0.000000e+00 | flex_P=+3.437442e-06 | flex_Q=-7.803003e-09
    [SLACK COMPONENT CHECK] classified_delta=+3.398757e-06 | objective_slack_delta=+3.398758e-06 | mismatch=-9.912071e-13
    [RECOURSE COMPONENT CHECK] classified_delta=+1.797055e+04 | block_delta=+1.797055e+04 | mismatch=-9.858923e-10
[INFO]		 - Recourse stationarity failed. 124116.599423 > 81883.380854
[ADMM RHO] V | primal max ratio=0.001 | primal mean ratio=0.000 | primal selected=0.001 | dual mean ratio=0.010 | increase threshold=5.0 | decrease threshold=5.0 | action=held
[ADMM RHO] PF | primal max ratio=0.156 | primal mean ratio=0.016 | primal selected=0.156 | dual mean ratio=0.102 | increase threshold=5.0 | decrease threshold=3.0 | action=held
[ADMM RHO] ESS | primal max ratio=0.009 | primal mean ratio=0.008 | primal selected=0.009 | dual mean ratio=0.006 | increase threshold=5.0 | decrease threshold=5.0 | action=held
[INFO]		 - ADMM cycle 62 | Primal (V max/mean | PF max/mean | ESS max/mean) = 0.000010/0.000000 | 0.001557/0.000016 | 0.000890/0.000076 | Dual (V max/mean | PF max/mean | ESS max/mean) = 0.000421/0.000098 | 0.025698/0.001019 | 0.000715/0.000062 | Recourse change = 124116.599423 (tol. 81883.380854) | Stable cycles = 0/1 | Penalty actions (V/PF/ESS) = held/held/held
[INFO] 	 - Iteration 62: 30.79 s
[INFO] 	 - ADMM Iteration 63
[INFO] 		 - Updating distribution networks:
[INFO] 			 - Running SMOPF, Network case33_1, 2025, Spring...
[INFO] 			 - Running SMOPF, Network case33_1, 2025, Summer...
[INFO] 			 - Running SMOPF, Network case33_1, 2025, Autumn...
[INFO] 			 - Running SMOPF, Network case33_1, 2025, Winter...
[INFO] 			 - Running SMOPF, Network case33_1, 2030, Spring...
[INFO] 			 - Running SMOPF, Network case33_1, 2030, Summer...
[INFO] 			 - Running SMOPF, Network case33_1, 2030, Autumn...
[INFO] 			 - Running SMOPF, Network case33_1, 2030, Winter...
[INFO] 			 - Running SMOPF, Network case33_1, 2035, Spring...
[INFO] 			 - Running SMOPF, Network case33_1, 2035, Summer...
[INFO] 			 - Running SMOPF, Network case33_1, 2035, Autumn...
[INFO] 			 - Running SMOPF, Network case33_1, 2035, Winter...
[INFO] 			 - Running SMOPF, Network case33_2, 2025, Spring...
[INFO] 			 - Running SMOPF, Network case33_2, 2025, Summer...
[INFO] 			 - Running SMOPF, Network case33_2, 2025, Autumn...
[INFO] 			 - Running SMOPF, Network case33_2, 2025, Winter...
[INFO] 			 - Running SMOPF, Network case33_2, 2030, Spring...
[INFO] 			 - Running SMOPF, Network case33_2, 2030, Summer...
[INFO] 			 - Running SMOPF, Network case33_2, 2030, Autumn...
[INFO] 			 - Running SMOPF, Network case33_2, 2030, Winter...
[INFO] 			 - Running SMOPF, Network case33_2, 2035, Spring...
[INFO] 			 - Running SMOPF, Network case33_2, 2035, Summer...
[INFO] 			 - Running SMOPF, Network case33_2, 2035, Autumn...
[INFO] 			 - Running SMOPF, Network case33_2, 2035, Winter...
[INFO] 			 - Running SMOPF, Network case33_3, 2025, Spring...
[INFO] 			 - Running SMOPF, Network case33_3, 2025, Summer...
[INFO] 			 - Running SMOPF, Network case33_3, 2025, Autumn...
[INFO] 			 - Running SMOPF, Network case33_3, 2025, Winter...
[INFO] 			 - Running SMOPF, Network case33_3, 2030, Spring...
[INFO] 			 - Running SMOPF, Network case33_3, 2030, Summer...
[INFO] 			 - Running SMOPF, Network case33_3, 2030, Autumn...
[INFO] 			 - Running SMOPF, Network case33_3, 2030, Winter...
[INFO] 			 - Running SMOPF, Network case33_3, 2035, Spring...
[INFO] 			 - Running SMOPF, Network case33_3, 2035, Summer...
[INFO] 			 - Running SMOPF, Network case33_3, 2035, Autumn...
[INFO] 			 - Running SMOPF, Network case33_3, 2035, Winter...
[INFO] 		 - Updating transmission network...
[INFO] 			 - Running SMOPF, Network case9, 2025, Spring...
[INFO] 			 - Running SMOPF, Network case9, 2025, Summer...
[INFO] 			 - Running SMOPF, Network case9, 2025, Autumn...
[INFO] 			 - Running SMOPF, Network case9, 2025, Winter...
[INFO] 			 - Running SMOPF, Network case9, 2030, Spring...
[INFO] 			 - Running SMOPF, Network case9, 2030, Summer...
[INFO] 			 - Running SMOPF, Network case9, 2030, Autumn...
[INFO] 			 - Running SMOPF, Network case9, 2030, Winter...
[INFO] 			 - Running SMOPF, Network case9, 2035, Spring...
[INFO] 			 - Running SMOPF, Network case9, 2035, Summer...
[INFO] 			 - Running SMOPF, Network case9, 2035, Autumn...
[INFO] 			 - Running SMOPF, Network case9, 2035, Winter...
[TSO PROX] cycle=63 | updated_blocks=12 | held_failed_blocks=0 | V max=0.000187 | PF max=0.004926 | ESS max=0.000715
[TSO PROX][V MAX] node=5, year=2035, day=Summer, period=19 | dV=0.064491 kV | normalized=0.000187
[TSO PROX][PF MAX] node=7, year=2035, day=Spring, period=15, type=P | delta=0.492600 MW | normalized=0.004926
[TSO PROX][ESS MAX] node=7, year=2025, day=Spring, period=3, type=P | delta=0.001386 MW | normalized=0.000715
[INFO] 		 - Updating SharedESS...
[INFO] 		 - Running Shared ESS optimization (subproblem)...
[INFO] 			 - Node 5...
[INFO] Shared ESS complementarity diagnostics for ESS node=5: ratio_max=2.580731e-05 n_periods=288 mu_final=4.597543e-09 s_obj=1.000000e-01 eps=1.000000e-03 bound=1.324092e-02 measured=8.370880e-03
[INFO] 			 - Node 7...
[INFO] Shared ESS complementarity diagnostics for ESS node=7: ratio_max=2.572079e-05 n_periods=288 mu_final=4.598221e-09 s_obj=1.000000e-01 eps=1.000000e-03 bound=1.324288e-02 measured=8.393563e-03
[INFO] 			 - Node 9...
[INFO] Shared ESS complementarity diagnostics for ESS node=9: ratio_max=2.576360e-05 n_periods=288 mu_final=4.637175e-09 s_obj=1.000000e-01 eps=1.000000e-03 bound=1.335506e-02 measured=8.394243e-03
[INFO]		 - Primal residuals ok!
[INFO]		 - Dual residuals ok!
[RECOURSE JUMP] cycle=63 | abs_change=1.281216e+05 | tol=8.187097e+04 | signed_change=-1.281216e+05
[RECOURSE JUMP] Reconciliation | previous=8.187097e+08 | current=8.185816e+08 | block_delta=-1.281216e+05 | mismatch=+1.192093e-07
[RECOURSE JUMP] Aggregate signed changes:
  TSO | delta=-1.649682e+05
  DSO node=7 | delta=+5.418932e+04
  DSO node=5 | delta=-2.033719e+04
  DSO node=9 | delta=+2.994438e+03
  SALVAGE | delta=-1.042551e-35
[RECOURSE JUMP] Largest 10 block changes:
  TSO node=None year=2035 day=Spring | previous=5.838088e+07 | current=5.827765e+07 | delta=-1.032315e+05 | abs_delta=1.032315e+05
    [RECOURSE JUMP][TSO PROX] year=2035 day=Spring | V max=0.000134 | PF max=0.004926 | ESS max=0.000024
    [RECOURSE COMPONENTS] gen=-1.717442e+05 | flex=+6.851271e+04 | load_curt=+0.000000e+00 | res_curt=+0.000000e+00 | ess_usage=+0.000000e+00 | slacks=-4.014566e-12 | ess_comp=-3.066502e-03
    [SLACK COMPONENTS] voltage=-4.050094e-12 | node_P=+0.000000e+00 | node_Q=+0.000000e+00 | branch_ij=+0.000000e+00 | branch_ji=+0.000000e+00 | flex_P=+1.332268e-15 | flex_Q=+1.332268e-15
    [SLACK COMPONENT CHECK] classified_delta=-4.047429e-12 | objective_slack_delta=-4.014566e-12 | mismatch=-3.286260e-14
    [RECOURSE COMPONENT CHECK] classified_delta=-1.032315e+05 | block_delta=-1.032315e+05 | mismatch=-3.419700e-09
  TSO node=None year=2030 day=Spring | previous=5.698733e+07 | current=5.693691e+07 | delta=-5.041450e+04 | abs_delta=5.041450e+04
    [RECOURSE JUMP][TSO PROX] year=2030 day=Spring | V max=0.000099 | PF max=0.003869 | ESS max=0.000043
    [RECOURSE COMPONENTS] gen=-8.092565e+04 | flex=+3.051116e+04 | load_curt=+0.000000e+00 | res_curt=+0.000000e+00 | ess_usage=+0.000000e+00 | slacks=+1.890044e-12 | ess_comp=-1.183759e-02
    [SLACK COMPONENTS] voltage=+1.890044e-12 | node_P=+0.000000e+00 | node_Q=+0.000000e+00 | branch_ij=+0.000000e+00 | branch_ji=+0.000000e+00 | flex_P=-1.332268e-15 | flex_Q=-1.332268e-15
    [SLACK COMPONENT CHECK] classified_delta=+1.887379e-12 | objective_slack_delta=+1.890044e-12 | mismatch=-2.664535e-15
    [RECOURSE COMPONENT CHECK] classified_delta=-5.041450e+04 | block_delta=-5.041450e+04 | mismatch=+1.411536e-09
  TSO node=None year=2025 day=Summer | previous=9.323611e+07 | current=9.328340e+07 | delta=+4.729327e+04 | abs_delta=4.729327e+04
    [RECOURSE JUMP][TSO PROX] year=2025 day=Summer | V max=0.000135 | PF max=0.002418 | ESS max=0.000643
    [RECOURSE COMPONENTS] gen=+1.063148e+05 | flex=-5.902151e+04 | load_curt=+0.000000e+00 | res_curt=+0.000000e+00 | ess_usage=+0.000000e+00 | slacks=+7.894130e-12 | ess_comp=-1.610995e-04
    [SLACK COMPONENTS] voltage=+7.901235e-12 | node_P=+0.000000e+00 | node_Q=+0.000000e+00 | branch_ij=+0.000000e+00 | branch_ji=+0.000000e+00 | flex_P=+0.000000e+00 | flex_Q=+0.000000e+00
    [SLACK COMPONENT CHECK] classified_delta=+7.901235e-12 | objective_slack_delta=+7.894130e-12 | mismatch=+7.105427e-15
    [RECOURSE COMPONENT CHECK] classified_delta=+4.729327e+04 | block_delta=+4.729327e+04 | mismatch=+1.835724e-08
  TSO node=None year=2025 day=Spring | previous=7.645027e+07 | current=7.640944e+07 | delta=-4.083135e+04 | abs_delta=4.083135e+04
    [RECOURSE JUMP][TSO PROX] year=2025 day=Spring | V max=0.000101 | PF max=0.003474 | ESS max=0.000715
    [RECOURSE COMPONENTS] gen=-5.487316e+04 | flex=+1.404181e+04 | load_curt=+0.000000e+00 | res_curt=+0.000000e+00 | ess_usage=+0.000000e+00 | slacks=+2.169287e-11 | ess_comp=+1.491939e-06
    [SLACK COMPONENTS] voltage=+1.388401e-11 | node_P=+0.000000e+00 | node_Q=+0.000000e+00 | branch_ij=+0.000000e+00 | branch_ji=+0.000000e+00 | flex_P=+3.909761e-12 | flex_Q=+3.909761e-12
    [SLACK COMPONENT CHECK] classified_delta=+2.170353e-11 | objective_slack_delta=+2.169287e-11 | mismatch=+1.065814e-14
    [RECOURSE COMPONENT CHECK] classified_delta=-4.083135e+04 | block_delta=-4.083135e+04 | mismatch=-1.677836e-08
  DSO node=7 year=2035 day=Spring | previous=6.801856e+06 | current=6.835584e+06 | delta=+3.372857e+04 | abs_delta=3.372857e+04
    [RECOURSE COMPONENTS] gen=+0.000000e+00 | flex=+3.372826e+04 | load_curt=+0.000000e+00 | res_curt=+3.115966e-01 | ess_usage=+0.000000e+00 | slacks=+2.000797e-08 | ess_comp=-5.947511e-04
    [SLACK COMPONENTS] voltage=+7.547050e-08 | node_P=+0.000000e+00 | node_Q=+0.000000e+00 | branch_ij=+0.000000e+00 | branch_ji=+0.000000e+00 | flex_P=-5.546245e-08 | flex_Q=+0.000000e+00
    [SLACK COMPONENT CHECK] classified_delta=+2.000804e-08 | objective_slack_delta=+2.000797e-08 | mismatch=+6.750156e-14
    [RECOURSE COMPONENT CHECK] classified_delta=+3.372857e+04 | block_delta=+3.372857e+04 | mismatch=-3.783498e-10
  DSO node=9 year=2025 day=Summer | previous=1.872160e+06 | current=1.844553e+06 | delta=-2.760788e+04 | abs_delta=2.760788e+04
    [RECOURSE COMPONENTS] gen=+0.000000e+00 | flex=-2.760696e+04 | load_curt=+0.000000e+00 | res_curt=-9.112380e-01 | ess_usage=+0.000000e+00 | slacks=+5.994963e-06 | ess_comp=-1.036306e-02
    [SLACK COMPONENTS] voltage=+4.400821e-07 | node_P=+0.000000e+00 | node_Q=+0.000000e+00 | branch_ij=+0.000000e+00 | branch_ji=+0.000000e+00 | flex_P=+5.554880e-06 | flex_Q=+0.000000e+00
    [SLACK COMPONENT CHECK] classified_delta=+5.994963e-06 | objective_slack_delta=+5.994963e-06 | mismatch=-4.263256e-14
    [RECOURSE COMPONENT CHECK] classified_delta=-2.760788e+04 | block_delta=-2.760788e+04 | mismatch=+1.273293e-10
  DSO node=9 year=2035 day=Spring | previous=1.002549e+07 | current=1.004961e+07 | delta=+2.411689e+04 | abs_delta=2.411689e+04
    [RECOURSE COMPONENTS] gen=+0.000000e+00 | flex=+2.411735e+04 | load_curt=+0.000000e+00 | res_curt=-4.578217e-01 | ess_usage=+0.000000e+00 | slacks=+1.025522e-07 | ess_comp=-7.193700e-04
    [SLACK COMPONENTS] voltage=+7.799554e-08 | node_P=+0.000000e+00 | node_Q=+0.000000e+00 | branch_ij=+0.000000e+00 | branch_ji=+0.000000e+00 | flex_P=+2.455663e-08 | flex_Q=+0.000000e+00
    [SLACK COMPONENT CHECK] classified_delta=+1.025522e-07 | objective_slack_delta=+1.025522e-07 | mismatch=-1.065814e-14
    [RECOURSE COMPONENT CHECK] classified_delta=+2.411689e+04 | block_delta=+2.411689e+04 | mismatch=+1.455192e-11
  DSO node=7 year=2030 day=Spring | previous=3.917572e+06 | current=3.940898e+06 | delta=+2.332531e+04 | abs_delta=2.332531e+04
    [RECOURSE COMPONENTS] gen=+0.000000e+00 | flex=+2.332775e+04 | load_curt=+0.000000e+00 | res_curt=-2.439167e+00 | ess_usage=+0.000000e+00 | slacks=-4.921775e-06 | ess_comp=-1.992696e-04
    [SLACK COMPONENTS] voltage=-4.077181e-07 | node_P=+0.000000e+00 | node_Q=+0.000000e+00 | branch_ij=+0.000000e+00 | branch_ji=+0.000000e+00 | flex_P=-4.514002e-06 | flex_Q=-5.440981e-11
    [SLACK COMPONENT CHECK] classified_delta=-4.921774e-06 | objective_slack_delta=-4.921775e-06 | mismatch=+1.634248e-13
    [RECOURSE COMPONENT CHECK] classified_delta=+2.332531e+04 | block_delta=+2.332531e+04 | mismatch=-1.211447e-09
  DSO node=7 year=2025 day=Spring | previous=4.096201e+06 | current=4.114124e+06 | delta=+1.792308e+04 | abs_delta=1.792308e+04
    [RECOURSE COMPONENTS] gen=+0.000000e+00 | flex=+1.792302e+04 | load_curt=+0.000000e+00 | res_curt=+6.238197e-02 | ess_usage=+0.000000e+00 | slacks=-3.182458e-08 | ess_comp=-7.113234e-04
    [SLACK COMPONENTS] voltage=+2.565429e-08 | node_P=+0.000000e+00 | node_Q=+0.000000e+00 | branch_ij=+0.000000e+00 | branch_ji=+0.000000e+00 | flex_P=-5.747889e-08 | flex_Q=+0.000000e+00
    [SLACK COMPONENT CHECK] classified_delta=-3.182461e-08 | objective_slack_delta=-3.182458e-08 | mismatch=-2.131628e-14
    [RECOURSE COMPONENT CHECK] classified_delta=+1.792308e+04 | block_delta=+1.792308e+04 | mismatch=+1.196895e-09
  TSO node=None year=2035 day=Summer | previous=6.634059e+07 | current=6.632309e+07 | delta=-1.749794e+04 | abs_delta=1.749794e+04
    [RECOURSE JUMP][TSO PROX] year=2035 day=Summer | V max=0.000187 | PF max=0.002071 | ESS max=0.000031
    [RECOURSE COMPONENTS] gen=-2.396342e+04 | flex=+6.465201e+03 | load_curt=+0.000000e+00 | res_curt=+0.000000e+00 | ess_usage=+0.000000e+00 | slacks=+3.467449e-12 | ess_comp=+2.815725e-01
    [SLACK COMPONENTS] voltage=+3.460343e-12 | node_P=+0.000000e+00 | node_Q=+0.000000e+00 | branch_ij=+0.000000e+00 | branch_ji=+0.000000e+00 | flex_P=+4.440892e-16 | flex_Q=+4.440892e-16
    [SLACK COMPONENT CHECK] classified_delta=+3.461231e-12 | objective_slack_delta=+3.467449e-12 | mismatch=-6.217249e-15
    [RECOURSE COMPONENT CHECK] classified_delta=-1.749794e+04 | block_delta=-1.749794e+04 | mismatch=+1.720400e-08
[INFO]		 - Recourse stationarity failed. 128121.601250 > 81870.969194
[ADMM RHO] V | primal max ratio=0.001 | primal mean ratio=0.000 | primal selected=0.001 | dual mean ratio=0.010 | increase threshold=5.0 | decrease threshold=5.0 | action=held
[ADMM RHO] PF | primal max ratio=0.136 | primal mean ratio=0.016 | primal selected=0.136 | dual mean ratio=0.099 | increase threshold=5.0 | decrease threshold=3.0 | action=held
[ADMM RHO] ESS | primal max ratio=0.008 | primal mean ratio=0.007 | primal selected=0.008 | dual mean ratio=0.007 | increase threshold=5.0 | decrease threshold=5.0 | action=held
[INFO]		 - ADMM cycle 63 | Primal (V max/mean | PF max/mean | ESS max/mean) = 0.000015/0.000000 | 0.001361/0.000016 | 0.000842/0.000071 | Dual (V max/mean | PF max/mean | ESS max/mean) = 0.000421/0.000098 | 0.025627/0.000985 | 0.000776/0.000065 | Recourse change = 128121.601250 (tol. 81870.969194) | Stable cycles = 0/1 | Penalty actions (V/PF/ESS) = held/held/held
[INFO] 	 - Iteration 63: 32.16 s
[INFO] 	 - ADMM Iteration 64
[INFO] 		 - Updating distribution networks:
[INFO] 			 - Running SMOPF, Network case33_1, 2025, Spring...
[INFO] 			 - Running SMOPF, Network case33_1, 2025, Summer...
[INFO] 			 - Running SMOPF, Network case33_1, 2025, Autumn...
[INFO] 			 - Running SMOPF, Network case33_1, 2025, Winter...
[INFO] 			 - Running SMOPF, Network case33_1, 2030, Spring...
[INFO] 			 - Running SMOPF, Network case33_1, 2030, Summer...
[INFO] 			 - Running SMOPF, Network case33_1, 2030, Autumn...
[INFO] 			 - Running SMOPF, Network case33_1, 2030, Winter...
[INFO] 			 - Running SMOPF, Network case33_1, 2035, Spring...
[INFO] 			 - Running SMOPF, Network case33_1, 2035, Summer...
[INFO] 			 - Running SMOPF, Network case33_1, 2035, Autumn...
[INFO] 			 - Running SMOPF, Network case33_1, 2035, Winter...
[INFO] 			 - Running SMOPF, Network case33_2, 2025, Spring...
[INFO] 			 - Running SMOPF, Network case33_2, 2025, Summer...
[INFO] 			 - Running SMOPF, Network case33_2, 2025, Autumn...
[INFO] 			 - Running SMOPF, Network case33_2, 2025, Winter...
[INFO] 			 - Running SMOPF, Network case33_2, 2030, Spring...
[INFO] 			 - Running SMOPF, Network case33_2, 2030, Summer...
[INFO] 			 - Running SMOPF, Network case33_2, 2030, Autumn...
[INFO] 			 - Running SMOPF, Network case33_2, 2030, Winter...
[INFO] 			 - Running SMOPF, Network case33_2, 2035, Spring...
[INFO] 			 - Running SMOPF, Network case33_2, 2035, Summer...
[INFO] 			 - Running SMOPF, Network case33_2, 2035, Autumn...
[INFO] 			 - Running SMOPF, Network case33_2, 2035, Winter...
[INFO] 			 - Running SMOPF, Network case33_3, 2025, Spring...
[INFO] 			 - Running SMOPF, Network case33_3, 2025, Summer...
[INFO] 			 - Running SMOPF, Network case33_3, 2025, Autumn...
[INFO] 			 - Running SMOPF, Network case33_3, 2025, Winter...
[INFO] 			 - Running SMOPF, Network case33_3, 2030, Spring...
[INFO] 			 - Running SMOPF, Network case33_3, 2030, Summer...
[INFO] 			 - Running SMOPF, Network case33_3, 2030, Autumn...
[INFO] 			 - Running SMOPF, Network case33_3, 2030, Winter...
[INFO] 			 - Running SMOPF, Network case33_3, 2035, Spring...
[INFO] 			 - Running SMOPF, Network case33_3, 2035, Summer...
[INFO] 			 - Running SMOPF, Network case33_3, 2035, Autumn...
[INFO] 			 - Running SMOPF, Network case33_3, 2035, Winter...
[INFO] 		 - Updating transmission network...
[INFO] 			 - Running SMOPF, Network case9, 2025, Spring...
[INFO] 			 - Running SMOPF, Network case9, 2025, Summer...
[INFO] 			 - Running SMOPF, Network case9, 2025, Autumn...
[INFO] 			 - Running SMOPF, Network case9, 2025, Winter...
[INFO] 			 - Running SMOPF, Network case9, 2030, Spring...
[INFO] 			 - Running SMOPF, Network case9, 2030, Summer...
[INFO] 			 - Running SMOPF, Network case9, 2030, Autumn...
[INFO] 			 - Running SMOPF, Network case9, 2030, Winter...
[INFO] 			 - Running SMOPF, Network case9, 2035, Spring...
[INFO] 			 - Running SMOPF, Network case9, 2035, Summer...
[INFO] 			 - Running SMOPF, Network case9, 2035, Autumn...
[INFO] 			 - Running SMOPF, Network case9, 2035, Winter...
[TSO PROX] cycle=64 | updated_blocks=12 | held_failed_blocks=0 | V max=0.000187 | PF max=0.004917 | ESS max=0.000715
[TSO PROX][V MAX] node=5, year=2035, day=Summer, period=19 | dV=0.064420 kV | normalized=0.000187
[TSO PROX][PF MAX] node=7, year=2035, day=Spring, period=15, type=P | delta=0.491729 MW | normalized=0.004917
[TSO PROX][ESS MAX] node=7, year=2025, day=Spring, period=3, type=P | delta=0.001386 MW | normalized=0.000715
[INFO] 		 - Updating SharedESS...
[INFO] 		 - Running Shared ESS optimization (subproblem)...
[INFO] 			 - Node 5...
[INFO] Shared ESS complementarity diagnostics for ESS node=5: ratio_max=2.569222e-05 n_periods=288 mu_final=4.648200e-09 s_obj=1.000000e-01 eps=1.000000e-03 bound=1.338682e-02 measured=8.332904e-03
[INFO] 			 - Node 7...
[INFO] Shared ESS complementarity diagnostics for ESS node=7: ratio_max=2.572030e-05 n_periods=288 mu_final=4.671685e-09 s_obj=1.000000e-01 eps=1.000000e-03 bound=1.345445e-02 measured=8.328961e-03
[INFO] 			 - Node 9...
[INFO] Shared ESS complementarity diagnostics for ESS node=9: ratio_max=2.574835e-05 n_periods=288 mu_final=4.743078e-09 s_obj=1.000000e-01 eps=1.000000e-03 bound=1.366007e-02 measured=8.324621e-03
[INFO]		 - Primal residuals ok!
[INFO]		 - Dual residuals ok!
[RECOURSE JUMP] cycle=64 | abs_change=1.471800e+05 | tol=8.185816e+04 | signed_change=-1.471800e+05
[RECOURSE JUMP] Reconciliation | previous=8.185816e+08 | current=8.184344e+08 | block_delta=-1.471800e+05 | mismatch=+3.576279e-07
[RECOURSE JUMP] Aggregate signed changes:
  TSO | delta=-1.910564e+05
  DSO node=7 | delta=+5.641962e+04
  DSO node=5 | delta=-1.934215e+04
  DSO node=9 | delta=+6.798958e+03
  SALVAGE | delta=+8.438375e-36
[RECOURSE JUMP] Largest 10 block changes:
  TSO node=None year=2035 day=Spring | previous=5.827765e+07 | current=5.817681e+07 | delta=-1.008436e+05 | abs_delta=1.008436e+05
    [RECOURSE JUMP][TSO PROX] year=2035 day=Spring | V max=0.000135 | PF max=0.004917 | ESS max=0.000023
    [RECOURSE COMPONENTS] gen=-1.676672e+05 | flex=+6.682363e+04 | load_curt=+0.000000e+00 | res_curt=+0.000000e+00 | ess_usage=+0.000000e+00 | slacks=-4.085621e-12 | ess_comp=-7.998912e-04
    [SLACK COMPONENTS] voltage=-4.050094e-12 | node_P=+0.000000e+00 | node_Q=+0.000000e+00 | branch_ij=+0.000000e+00 | branch_ji=+0.000000e+00 | flex_P=-3.552714e-15 | flex_Q=-3.552714e-15
    [SLACK COMPONENT CHECK] classified_delta=-4.057199e-12 | objective_slack_delta=-4.085621e-12 | mismatch=+2.842171e-14
    [RECOURSE COMPONENT CHECK] classified_delta=-1.008436e+05 | block_delta=-1.008436e+05 | mismatch=+3.099558e-09
  TSO node=None year=2030 day=Spring | previous=5.693691e+07 | current=5.686680e+07 | delta=-7.011313e+04 | abs_delta=7.011313e+04
    [RECOURSE JUMP][TSO PROX] year=2030 day=Spring | V max=0.000099 | PF max=0.003729 | ESS max=0.000012
    [RECOURSE COMPONENTS] gen=-1.111117e+05 | flex=+4.099862e+04 | load_curt=+0.000000e+00 | res_curt=+0.000000e+00 | ess_usage=+0.000000e+00 | slacks=+1.861622e-12 | ess_comp=-1.139846e-02
    [SLACK COMPONENTS] voltage=+1.861622e-12 | node_P=+0.000000e+00 | node_Q=+0.000000e+00 | branch_ij=+0.000000e+00 | branch_ji=+0.000000e+00 | flex_P=+0.000000e+00 | flex_Q=+0.000000e+00
    [SLACK COMPONENT CHECK] classified_delta=+1.861622e-12 | objective_slack_delta=+1.861622e-12 | mismatch=+0.000000e+00
    [RECOURSE COMPONENT CHECK] classified_delta=-7.011313e+04 | block_delta=-7.011313e+04 | mismatch=-8.585630e-09
  TSO node=None year=2025 day=Summer | previous=9.328340e+07 | current=9.332606e+07 | delta=+4.265506e+04 | abs_delta=4.265506e+04
    [RECOURSE JUMP][TSO PROX] year=2025 day=Summer | V max=0.000135 | PF max=0.002378 | ESS max=0.000643
    [RECOURSE COMPONENTS] gen=+9.723173e+04 | flex=-5.457667e+04 | load_curt=+0.000000e+00 | res_curt=+0.000000e+00 | ess_usage=+0.000000e+00 | slacks=+7.894130e-12 | ess_comp=-1.607631e-04
    [SLACK COMPONENTS] voltage=+7.887024e-12 | node_P=+0.000000e+00 | node_Q=+0.000000e+00 | branch_ij=+0.000000e+00 | branch_ji=+0.000000e+00 | flex_P=+0.000000e+00 | flex_Q=+0.000000e+00
    [SLACK COMPONENT CHECK] classified_delta=+7.887024e-12 | objective_slack_delta=+7.894130e-12 | mismatch=-7.105427e-15
    [RECOURSE COMPONENT CHECK] classified_delta=+4.265506e+04 | block_delta=+4.265506e+04 | mismatch=-3.274181e-09
  TSO node=None year=2025 day=Spring | previous=7.640944e+07 | current=7.636815e+07 | delta=-4.128499e+04 | abs_delta=4.128499e+04
    [RECOURSE JUMP][TSO PROX] year=2025 day=Spring | V max=0.000102 | PF max=0.003473 | ESS max=0.000715
    [RECOURSE COMPONENTS] gen=-5.840000e+04 | flex=+1.711501e+04 | load_curt=+0.000000e+00 | res_curt=+0.000000e+00 | ess_usage=+0.000000e+00 | slacks=-1.085098e-09 | ess_comp=+3.456037e-04
    [SLACK COMPONENTS] voltage=-7.162839e-10 | node_P=+0.000000e+00 | node_Q=+0.000000e+00 | branch_ij=+0.000000e+00 | branch_ji=+0.000000e+00 | flex_P=-1.844134e-10 | flex_Q=-1.844134e-10
    [SLACK COMPONENT CHECK] classified_delta=-1.085111e-09 | objective_slack_delta=-1.085098e-09 | mismatch=-1.243450e-14
    [RECOURSE COMPONENT CHECK] classified_delta=-4.128499e+04 | block_delta=-4.128499e+04 | mismatch=+1.818989e-09
  DSO node=7 year=2035 day=Spring | previous=6.835584e+06 | current=6.869417e+06 | delta=+3.383274e+04 | abs_delta=3.383274e+04
    [RECOURSE COMPONENTS] gen=+0.000000e+00 | flex=+3.383242e+04 | load_curt=+0.000000e+00 | res_curt=+3.153815e-01 | ess_usage=+0.000000e+00 | slacks=+1.223182e-06 | ess_comp=-2.537135e-04
    [SLACK COMPONENTS] voltage=+1.293449e-07 | node_P=+0.000000e+00 | node_Q=+0.000000e+00 | branch_ij=+0.000000e+00 | branch_ji=+0.000000e+00 | flex_P=+1.093837e-06 | flex_Q=+0.000000e+00
    [SLACK COMPONENT CHECK] classified_delta=+1.223182e-06 | objective_slack_delta=+1.223182e-06 | mismatch=+5.684342e-14
    [RECOURSE COMPONENT CHECK] classified_delta=+3.383274e+04 | block_delta=+3.383274e+04 | mismatch=+1.295120e-09
  DSO node=9 year=2025 day=Summer | previous=1.844553e+06 | current=1.816575e+06 | delta=-2.797779e+04 | abs_delta=2.797779e+04
    [RECOURSE COMPONENTS] gen=+0.000000e+00 | flex=-2.797711e+04 | load_curt=+0.000000e+00 | res_curt=-6.867224e-01 | ess_usage=+0.000000e+00 | slacks=+2.542005e-06 | ess_comp=+1.004272e-03
    [SLACK COMPONENTS] voltage=+4.357103e-07 | node_P=+0.000000e+00 | node_Q=+0.000000e+00 | branch_ij=+0.000000e+00 | branch_ji=+0.000000e+00 | flex_P=+2.106295e-06 | flex_Q=+0.000000e+00
    [SLACK COMPONENT CHECK] classified_delta=+2.542005e-06 | objective_slack_delta=+2.542005e-06 | mismatch=+1.740830e-13
    [RECOURSE COMPONENT CHECK] classified_delta=-2.797779e+04 | block_delta=-2.797779e+04 | mismatch=+1.346052e-10
  DSO node=9 year=2035 day=Spring | previous=1.004961e+07 | current=1.007379e+07 | delta=+2.418856e+04 | abs_delta=2.418856e+04
    [RECOURSE COMPONENTS] gen=+0.000000e+00 | flex=+2.418902e+04 | load_curt=+0.000000e+00 | res_curt=-4.614961e-01 | ess_usage=+0.000000e+00 | slacks=+1.911455e-06 | ess_comp=-2.820567e-04
    [SLACK COMPONENTS] voltage=+1.265871e-07 | node_P=+0.000000e+00 | node_Q=+0.000000e+00 | branch_ij=+0.000000e+00 | branch_ji=+0.000000e+00 | flex_P=+1.784868e-06 | flex_Q=+0.000000e+00
    [SLACK COMPONENT CHECK] classified_delta=+1.911455e-06 | objective_slack_delta=+1.911455e-06 | mismatch=+4.618528e-14
    [RECOURSE COMPONENT CHECK] classified_delta=+2.418856e+04 | block_delta=+2.418856e+04 | mismatch=+6.039045e-10
  DSO node=7 year=2030 day=Spring | previous=3.940898e+06 | current=3.963539e+06 | delta=+2.264120e+04 | abs_delta=2.264120e+04
    [RECOURSE COMPONENTS] gen=+0.000000e+00 | flex=+2.264357e+04 | load_curt=+0.000000e+00 | res_curt=-2.371099e+00 | ess_usage=+0.000000e+00 | slacks=-5.500295e-06 | ess_comp=-1.839605e-04
    [SLACK COMPONENTS] voltage=-4.009352e-07 | node_P=+0.000000e+00 | node_Q=+0.000000e+00 | branch_ij=+0.000000e+00 | branch_ji=+0.000000e+00 | flex_P=-5.098863e-06 | flex_Q=-4.972662e-10
    [SLACK COMPONENT CHECK] classified_delta=-5.500295e-06 | objective_slack_delta=-5.500295e-06 | mismatch=+1.705303e-13
    [RECOURSE COMPONENT CHECK] classified_delta=+2.264120e+04 | block_delta=+2.264120e+04 | mismatch=+5.202310e-10
  TSO node=None year=2035 day=Summer | previous=6.632309e+07 | current=6.630391e+07 | delta=-1.917905e+04 | abs_delta=1.917905e+04
    [RECOURSE JUMP][TSO PROX] year=2035 day=Summer | V max=0.000187 | PF max=0.002068 | ESS max=0.000047
    [RECOURSE COMPONENTS] gen=-2.679175e+04 | flex=+7.612598e+03 | load_curt=+0.000000e+00 | res_curt=+0.000000e+00 | ess_usage=+0.000000e+00 | slacks=+3.474554e-12 | ess_comp=+9.903781e-02
    [SLACK COMPONENTS] voltage=+3.474554e-12 | node_P=+0.000000e+00 | node_Q=+0.000000e+00 | branch_ij=+0.000000e+00 | branch_ji=+0.000000e+00 | flex_P=-4.440892e-16 | flex_Q=-4.440892e-16
    [SLACK COMPONENT CHECK] classified_delta=+3.473666e-12 | objective_slack_delta=+3.474554e-12 | mismatch=-8.881784e-16
    [RECOURSE COMPONENT CHECK] classified_delta=-1.917905e+04 | block_delta=-1.917905e+04 | mismatch=+4.172762e-09
  DSO node=7 year=2025 day=Spring | previous=4.114124e+06 | current=4.132040e+06 | delta=+1.791621e+04 | abs_delta=1.791621e+04
    [RECOURSE COMPONENTS] gen=+0.000000e+00 | flex=+1.791614e+04 | load_curt=+0.000000e+00 | res_curt=+7.030527e-02 | ess_usage=+0.000000e+00 | slacks=+5.135604e-08 | ess_comp=-1.886157e-03
    [SLACK COMPONENTS] voltage=+4.639480e-08 | node_P=+0.000000e+00 | node_Q=+0.000000e+00 | branch_ij=+0.000000e+00 | branch_ji=+0.000000e+00 | flex_P=+2.759791e-09 | flex_Q=+2.201503e-09
    [SLACK COMPONENT CHECK] classified_delta=+5.135610e-08 | objective_slack_delta=+5.135604e-08 | mismatch=+5.684342e-14
    [RECOURSE COMPONENT CHECK] classified_delta=+1.791621e+04 | block_delta=+1.791621e+04 | mismatch=-2.655725e-10
[INFO]		 - Recourse stationarity failed. 147180.004749 > 81858.157034
[ADMM RHO] V | primal max ratio=0.001 | primal mean ratio=0.000 | primal selected=0.001 | dual mean ratio=0.010 | increase threshold=5.0 | decrease threshold=5.0 | action=held
[ADMM RHO] PF | primal max ratio=0.122 | primal mean ratio=0.012 | primal selected=0.122 | dual mean ratio=0.097 | increase threshold=5.0 | decrease threshold=3.0 | action=held
[ADMM RHO] ESS | primal max ratio=0.008 | primal mean ratio=0.006 | primal selected=0.008 | dual mean ratio=0.007 | increase threshold=5.0 | decrease threshold=5.0 | action=held
[INFO]		 - ADMM cycle 64 | Primal (V max/mean | PF max/mean | ESS max/mean) = 0.000009/0.000000 | 0.001224/0.000012 | 0.000779/0.000065 | Dual (V max/mean | PF max/mean | ESS max/mean) = 0.000420/0.000098 | 0.025587/0.000974 | 0.000894/0.000069 | Recourse change = 147180.004749 (tol. 81858.157034) | Stable cycles = 0/1 | Penalty actions (V/PF/ESS) = held/held/held
[INFO] 	 - Iteration 64: 32.40 s
[INFO] 	 - ADMM Iteration 65
[INFO] 		 - Updating distribution networks:
[INFO] 			 - Running SMOPF, Network case33_1, 2025, Spring...
[INFO] 			 - Running SMOPF, Network case33_1, 2025, Summer...
[INFO] 			 - Running SMOPF, Network case33_1, 2025, Autumn...
[INFO] 			 - Running SMOPF, Network case33_1, 2025, Winter...
[INFO] 			 - Running SMOPF, Network case33_1, 2030, Spring...
[INFO] 			 - Running SMOPF, Network case33_1, 2030, Summer...
[INFO] 			 - Running SMOPF, Network case33_1, 2030, Autumn...
[INFO] 			 - Running SMOPF, Network case33_1, 2030, Winter...
[INFO] 			 - Running SMOPF, Network case33_1, 2035, Spring...
[INFO] 			 - Running SMOPF, Network case33_1, 2035, Summer...
[INFO] 			 - Running SMOPF, Network case33_1, 2035, Autumn...
[INFO] 			 - Running SMOPF, Network case33_1, 2035, Winter...
[INFO] 			 - Running SMOPF, Network case33_2, 2025, Spring...
[INFO] 			 - Running SMOPF, Network case33_2, 2025, Summer...
[INFO] 			 - Running SMOPF, Network case33_2, 2025, Autumn...
[INFO] 			 - Running SMOPF, Network case33_2, 2025, Winter...
[INFO] 			 - Running SMOPF, Network case33_2, 2030, Spring...
[INFO] 			 - Running SMOPF, Network case33_2, 2030, Summer...
[INFO] 			 - Running SMOPF, Network case33_2, 2030, Autumn...
[INFO] 			 - Running SMOPF, Network case33_2, 2030, Winter...
[INFO] 			 - Running SMOPF, Network case33_2, 2035, Spring...
[INFO] 			 - Running SMOPF, Network case33_2, 2035, Summer...
[INFO] 			 - Running SMOPF, Network case33_2, 2035, Autumn...
[INFO] 			 - Running SMOPF, Network case33_2, 2035, Winter...
[INFO] 			 - Running SMOPF, Network case33_3, 2025, Spring...
[INFO] 			 - Running SMOPF, Network case33_3, 2025, Summer...
[INFO] 			 - Running SMOPF, Network case33_3, 2025, Autumn...
[INFO] 			 - Running SMOPF, Network case33_3, 2025, Winter...
[INFO] 			 - Running SMOPF, Network case33_3, 2030, Spring...
[INFO] 			 - Running SMOPF, Network case33_3, 2030, Summer...
[INFO] 			 - Running SMOPF, Network case33_3, 2030, Autumn...
[INFO] 			 - Running SMOPF, Network case33_3, 2030, Winter...
[INFO] 			 - Running SMOPF, Network case33_3, 2035, Spring...
[INFO] 			 - Running SMOPF, Network case33_3, 2035, Summer...
[INFO] 			 - Running SMOPF, Network case33_3, 2035, Autumn...
[INFO] 			 - Running SMOPF, Network case33_3, 2035, Winter...
[INFO] 		 - Updating transmission network...
[INFO] 			 - Running SMOPF, Network case9, 2025, Spring...
[INFO] 			 - Running SMOPF, Network case9, 2025, Summer...
[INFO] 			 - Running SMOPF, Network case9, 2025, Autumn...
[INFO] 			 - Running SMOPF, Network case9, 2025, Winter...
[INFO] 			 - Running SMOPF, Network case9, 2030, Spring...
[INFO] 			 - Running SMOPF, Network case9, 2030, Summer...
[INFO] 			 - Running SMOPF, Network case9, 2030, Autumn...
[INFO] 			 - Running SMOPF, Network case9, 2030, Winter...
[INFO] 			 - Running SMOPF, Network case9, 2035, Spring...
[INFO] 			 - Running SMOPF, Network case9, 2035, Summer...
[INFO] 			 - Running SMOPF, Network case9, 2035, Autumn...
[INFO] 			 - Running SMOPF, Network case9, 2035, Winter...
[TSO PROX] cycle=65 | updated_blocks=12 | held_failed_blocks=0 | V max=0.000187 | PF max=0.004911 | ESS max=0.000715
[TSO PROX][V MAX] node=5, year=2035, day=Summer, period=19 | dV=0.064355 kV | normalized=0.000187
[TSO PROX][PF MAX] node=7, year=2035, day=Spring, period=15, type=P | delta=0.491066 MW | normalized=0.004911
[TSO PROX][ESS MAX] node=7, year=2025, day=Spring, period=3, type=P | delta=0.001386 MW | normalized=0.000715
[INFO] 		 - Updating SharedESS...
[INFO] 		 - Running Shared ESS optimization (subproblem)...
[INFO] 			 - Node 5...
[INFO] Shared ESS complementarity diagnostics for ESS node=5: ratio_max=2.573024e-05 n_periods=288 mu_final=4.686956e-09 s_obj=1.000000e-01 eps=1.000000e-03 bound=1.349843e-02 measured=8.318333e-03
[INFO] 			 - Node 7...
[INFO] Shared ESS complementarity diagnostics for ESS node=7: ratio_max=2.574166e-05 n_periods=288 mu_final=4.708914e-09 s_obj=1.000000e-01 eps=1.000000e-03 bound=1.356167e-02 measured=8.291331e-03
[INFO] 			 - Node 9...
[INFO] Shared ESS complementarity diagnostics for ESS node=9: ratio_max=2.574210e-05 n_periods=288 mu_final=4.775411e-09 s_obj=1.000000e-01 eps=1.000000e-03 bound=1.375318e-02 measured=8.303667e-03
[INFO]		 - Primal residuals ok!
[INFO]		 - Dual residuals ok!
[RECOURSE JUMP] cycle=65 | abs_change=1.366216e+05 | tol=8.184344e+04 | signed_change=-1.366216e+05
[RECOURSE JUMP] Reconciliation | previous=8.184344e+08 | current=8.182978e+08 | block_delta=-1.366216e+05 | mismatch=-1.192093e-07
[RECOURSE JUMP] Aggregate signed changes:
  TSO | delta=-1.894714e+05
  DSO node=7 | delta=+5.819811e+04
  DSO node=5 | delta=-1.470024e+04
  DSO node=9 | delta=+9.351983e+03
  SALVAGE | delta=-3.211110e-35
[RECOURSE JUMP] Largest 10 block changes:
  TSO node=None year=2035 day=Spring | previous=5.817681e+07 | current=5.807925e+07 | delta=-9.755512e+04 | abs_delta=9.755512e+04
    [RECOURSE JUMP][TSO PROX] year=2035 day=Spring | V max=0.000135 | PF max=0.004911 | ESS max=0.000023
    [RECOURSE COMPONENTS] gen=-1.630532e+05 | flex=+6.549806e+04 | load_curt=+0.000000e+00 | res_curt=+0.000000e+00 | ess_usage=+0.000000e+00 | slacks=+1.835798e-06 | ess_comp=-4.907643e-05
    [SLACK COMPONENTS] voltage=+1.207806e-06 | node_P=+0.000000e+00 | node_Q=+0.000000e+00 | branch_ij=+0.000000e+00 | branch_ji=+0.000000e+00 | flex_P=+3.139961e-07 | flex_Q=+3.139961e-07
    [SLACK COMPONENT CHECK] classified_delta=+1.835798e-06 | objective_slack_delta=+1.835798e-06 | mismatch=-2.398082e-14
    [RECOURSE COMPONENT CHECK] classified_delta=-9.755512e+04 | block_delta=-9.755512e+04 | mismatch=-2.182787e-10
  TSO node=None year=2030 day=Spring | previous=5.686680e+07 | current=5.679383e+07 | delta=-7.296412e+04 | abs_delta=7.296412e+04
    [RECOURSE JUMP][TSO PROX] year=2030 day=Spring | V max=0.000099 | PF max=0.003706 | ESS max=0.000032
    [RECOURSE COMPONENTS] gen=-1.154472e+05 | flex=+4.248312e+04 | load_curt=+0.000000e+00 | res_curt=+0.000000e+00 | ess_usage=+0.000000e+00 | slacks=+1.847411e-12 | ess_comp=-1.192175e-02
    [SLACK COMPONENTS] voltage=+1.847411e-12 | node_P=+0.000000e+00 | node_Q=+0.000000e+00 | branch_ij=+0.000000e+00 | branch_ji=+0.000000e+00 | flex_P=-4.440892e-16 | flex_Q=-4.440892e-16
    [SLACK COMPONENT CHECK] classified_delta=+1.846523e-12 | objective_slack_delta=+1.847411e-12 | mismatch=-8.881784e-16
    [RECOURSE COMPONENT CHECK] classified_delta=-7.296412e+04 | block_delta=-7.296412e+04 | mismatch=-3.128662e-09
  TSO node=None year=2025 day=Spring | previous=7.636815e+07 | current=7.632248e+07 | delta=-4.567229e+04 | abs_delta=4.567229e+04
    [RECOURSE JUMP][TSO PROX] year=2025 day=Spring | V max=0.000102 | PF max=0.003472 | ESS max=0.000715
    [RECOURSE COMPONENTS] gen=-6.540823e+04 | flex=+1.973594e+04 | load_curt=+0.000000e+00 | res_curt=+0.000000e+00 | ess_usage=+0.000000e+00 | slacks=+1.529600e-09 | ess_comp=-4.017035e-04
    [SLACK COMPONENTS] voltage=+1.008573e-09 | node_P=+0.000000e+00 | node_Q=+0.000000e+00 | branch_ij=+0.000000e+00 | branch_ji=+0.000000e+00 | flex_P=+2.605147e-10 | flex_Q=+2.605147e-10
    [SLACK COMPONENT CHECK] classified_delta=+1.529602e-09 | objective_slack_delta=+1.529600e-09 | mismatch=+2.664535e-15
    [RECOURSE COMPONENT CHECK] classified_delta=-4.567229e+04 | block_delta=-4.567229e+04 | mismatch=+1.287844e-08
  TSO node=None year=2025 day=Summer | previous=9.332606e+07 | current=9.336309e+07 | delta=+3.703432e+04 | abs_delta=3.703432e+04
    [RECOURSE JUMP][TSO PROX] year=2025 day=Summer | V max=0.000135 | PF max=0.002366 | ESS max=0.000643
    [RECOURSE COMPONENTS] gen=+8.864370e+04 | flex=-5.160938e+04 | load_curt=+0.000000e+00 | res_curt=+0.000000e+00 | ess_usage=+0.000000e+00 | slacks=+7.943868e-12 | ess_comp=-1.633859e-04
    [SLACK COMPONENTS] voltage=+7.943868e-12 | node_P=+0.000000e+00 | node_Q=+0.000000e+00 | branch_ij=+0.000000e+00 | branch_ji=+0.000000e+00 | flex_P=+0.000000e+00 | flex_Q=+0.000000e+00
    [SLACK COMPONENT CHECK] classified_delta=+7.943868e-12 | objective_slack_delta=+7.943868e-12 | mismatch=+0.000000e+00
    [RECOURSE COMPONENT CHECK] classified_delta=+3.703432e+04 | block_delta=+3.703432e+04 | mismatch=-2.102752e-09
  DSO node=7 year=2035 day=Spring | previous=6.869417e+06 | current=6.903298e+06 | delta=+3.388080e+04 | abs_delta=3.388080e+04
    [RECOURSE COMPONENTS] gen=+0.000000e+00 | flex=+3.388048e+04 | load_curt=+0.000000e+00 | res_curt=+3.169968e-01 | ess_usage=+0.000000e+00 | slacks=+1.686840e-06 | ess_comp=-8.373763e-05
    [SLACK COMPONENTS] voltage=+1.532382e-07 | node_P=+0.000000e+00 | node_Q=+0.000000e+00 | branch_ij=+0.000000e+00 | branch_ji=+0.000000e+00 | flex_P=+1.533602e-06 | flex_Q=+0.000000e+00
    [SLACK COMPONENT CHECK] classified_delta=+1.686840e-06 | objective_slack_delta=+1.686840e-06 | mismatch=+3.552714e-14
    [RECOURSE COMPONENT CHECK] classified_delta=+3.388080e+04 | block_delta=+3.388080e+04 | mismatch=-1.236913e-10
  DSO node=9 year=2025 day=Summer | previous=1.816575e+06 | current=1.788579e+06 | delta=-2.799593e+04 | abs_delta=2.799593e+04
    [RECOURSE COMPONENTS] gen=+0.000000e+00 | flex=-2.799523e+04 | load_curt=+0.000000e+00 | res_curt=-7.087512e-01 | ess_usage=+0.000000e+00 | slacks=+6.075775e-07 | ess_comp=+1.767583e-03
    [SLACK COMPONENTS] voltage=+3.213001e-07 | node_P=+0.000000e+00 | node_Q=+0.000000e+00 | branch_ij=+0.000000e+00 | branch_ji=+0.000000e+00 | flex_P=+2.862774e-07 | flex_Q=+0.000000e+00
    [SLACK COMPONENT CHECK] classified_delta=+6.075776e-07 | objective_slack_delta=+6.075775e-07 | mismatch=+2.842171e-14
    [RECOURSE COMPONENT CHECK] classified_delta=-2.799593e+04 | block_delta=-2.799593e+04 | mismatch=-2.255547e-10
  DSO node=9 year=2035 day=Spring | previous=1.007379e+07 | current=1.009797e+07 | delta=+2.417539e+04 | abs_delta=2.417539e+04
    [RECOURSE COMPONENTS] gen=+0.000000e+00 | flex=+2.417584e+04 | load_curt=+0.000000e+00 | res_curt=-4.442258e-01 | ess_usage=+0.000000e+00 | slacks=+2.477652e-06 | ess_comp=-1.276899e-04
    [SLACK COMPONENTS] voltage=+1.461718e-07 | node_P=+0.000000e+00 | node_Q=+0.000000e+00 | branch_ij=+0.000000e+00 | branch_ji=+0.000000e+00 | flex_P=+2.331480e-06 | flex_Q=+0.000000e+00
    [SLACK COMPONENT CHECK] classified_delta=+2.477652e-06 | objective_slack_delta=+2.477652e-06 | mismatch=+3.197442e-14
    [RECOURSE COMPONENT CHECK] classified_delta=+2.417539e+04 | block_delta=+2.417539e+04 | mismatch=+1.891749e-10
  DSO node=7 year=2030 day=Spring | previous=3.963539e+06 | current=3.986949e+06 | delta=+2.340970e+04 | abs_delta=2.340970e+04
    [RECOURSE COMPONENTS] gen=+0.000000e+00 | flex=+2.341208e+04 | load_curt=+0.000000e+00 | res_curt=-2.388229e+00 | ess_usage=+0.000000e+00 | slacks=-1.278461e-06 | ess_comp=-1.324440e-04
    [SLACK COMPONENTS] voltage=-8.341249e-08 | node_P=+0.000000e+00 | node_Q=+0.000000e+00 | branch_ij=+0.000000e+00 | branch_ji=+0.000000e+00 | flex_P=-1.194807e-06 | flex_Q=-2.413181e-10
    [SLACK COMPONENT CHECK] classified_delta=-1.278461e-06 | objective_slack_delta=-1.278461e-06 | mismatch=-1.207923e-13
    [RECOURSE COMPONENT CHECK] classified_delta=+2.340970e+04 | block_delta=+2.340970e+04 | mismatch=-4.110916e-10
  TSO node=None year=2035 day=Summer | previous=6.630391e+07 | current=6.628503e+07 | delta=-1.888474e+04 | abs_delta=1.888474e+04
    [RECOURSE JUMP][TSO PROX] year=2035 day=Summer | V max=0.000187 | PF max=0.002061 | ESS max=0.000049
    [RECOURSE COMPONENTS] gen=-2.632112e+04 | flex=+7.436206e+03 | load_curt=+0.000000e+00 | res_curt=+0.000000e+00 | ess_usage=+0.000000e+00 | slacks=+3.453238e-12 | ess_comp=+1.716981e-01
    [SLACK COMPONENTS] voltage=+3.460343e-12 | node_P=+0.000000e+00 | node_Q=+0.000000e+00 | branch_ij=+0.000000e+00 | branch_ji=+0.000000e+00 | flex_P=+0.000000e+00 | flex_Q=+0.000000e+00
    [SLACK COMPONENT CHECK] classified_delta=+3.460343e-12 | objective_slack_delta=+3.453238e-12 | mismatch=+7.105427e-15
    [RECOURSE COMPONENT CHECK] classified_delta=-1.888474e+04 | block_delta=-1.888474e+04 | mismatch=-2.266461e-09
  DSO node=7 year=2025 day=Spring | previous=4.132040e+06 | current=4.149965e+06 | delta=+1.792461e+04 | abs_delta=1.792461e+04
    [RECOURSE COMPONENTS] gen=+0.000000e+00 | flex=+1.792454e+04 | load_curt=+0.000000e+00 | res_curt=+6.558005e-02 | ess_usage=+0.000000e+00 | slacks=+4.421054e-09 | ess_comp=+1.438139e-03
    [SLACK COMPONENTS] voltage=+1.824151e-08 | node_P=+0.000000e+00 | node_Q=+0.000000e+00 | branch_ij=+0.000000e+00 | branch_ji=+0.000000e+00 | flex_P=-1.161900e-08 | flex_Q=-2.201503e-09
    [SLACK COMPONENT CHECK] classified_delta=+4.421004e-09 | objective_slack_delta=+4.421054e-09 | mismatch=-4.973799e-14
    [RECOURSE COMPONENT CHECK] classified_delta=+1.792461e+04 | block_delta=+1.792461e+04 | mismatch=+6.548362e-11
[INFO]		 - Recourse stationarity failed. 136621.583909 > 81843.439033
[ADMM RHO] V | primal max ratio=0.001 | primal mean ratio=0.000 | primal selected=0.001 | dual mean ratio=0.010 | increase threshold=5.0 | decrease threshold=5.0 | action=held
[ADMM RHO] PF | primal max ratio=0.094 | primal mean ratio=0.009 | primal selected=0.094 | dual mean ratio=0.096 | increase threshold=5.0 | decrease threshold=3.0 | action=held
[ADMM RHO] ESS | primal max ratio=0.007 | primal mean ratio=0.006 | primal selected=0.007 | dual mean ratio=0.007 | increase threshold=5.0 | decrease threshold=5.0 | action=held
[INFO]		 - ADMM cycle 65 | Primal (V max/mean | PF max/mean | ESS max/mean) = 0.000009/0.000000 | 0.000937/0.000009 | 0.000713/0.000058 | Dual (V max/mean | PF max/mean | ESS max/mean) = 0.000420/0.000098 | 0.025550/0.000962 | 0.000998/0.000073 | Recourse change = 136621.583909 (tol. 81843.439033) | Stable cycles = 0/1 | Penalty actions (V/PF/ESS) = held/held/held
[INFO] 	 - Iteration 65: 32.30 s
[INFO] 	 - ADMM Iteration 66
[INFO] 		 - Updating distribution networks:
[INFO] 			 - Running SMOPF, Network case33_1, 2025, Spring...
[INFO] 			 - Running SMOPF, Network case33_1, 2025, Summer...
[INFO] 			 - Running SMOPF, Network case33_1, 2025, Autumn...
[INFO] 			 - Running SMOPF, Network case33_1, 2025, Winter...
[INFO] 			 - Running SMOPF, Network case33_1, 2030, Spring...
[INFO] 			 - Running SMOPF, Network case33_1, 2030, Summer...
[INFO] 			 - Running SMOPF, Network case33_1, 2030, Autumn...
[INFO] 			 - Running SMOPF, Network case33_1, 2030, Winter...
[INFO] 			 - Running SMOPF, Network case33_1, 2035, Spring...
[INFO] 			 - Running SMOPF, Network case33_1, 2035, Summer...
[INFO] 			 - Running SMOPF, Network case33_1, 2035, Autumn...
[INFO] 			 - Running SMOPF, Network case33_1, 2035, Winter...
[INFO] 			 - Running SMOPF, Network case33_2, 2025, Spring...
[INFO] 			 - Running SMOPF, Network case33_2, 2025, Summer...
[INFO] 			 - Running SMOPF, Network case33_2, 2025, Autumn...
[INFO] 			 - Running SMOPF, Network case33_2, 2025, Winter...
[INFO] 			 - Running SMOPF, Network case33_2, 2030, Spring...
[INFO] 			 - Running SMOPF, Network case33_2, 2030, Summer...
[INFO] 			 - Running SMOPF, Network case33_2, 2030, Autumn...
[INFO] 			 - Running SMOPF, Network case33_2, 2030, Winter...
[INFO] 			 - Running SMOPF, Network case33_2, 2035, Spring...
[INFO] 			 - Running SMOPF, Network case33_2, 2035, Summer...
[INFO] 			 - Running SMOPF, Network case33_2, 2035, Autumn...
[INFO] 			 - Running SMOPF, Network case33_2, 2035, Winter...
[INFO] 			 - Running SMOPF, Network case33_3, 2025, Spring...
[INFO] 			 - Running SMOPF, Network case33_3, 2025, Summer...
[INFO] 			 - Running SMOPF, Network case33_3, 2025, Autumn...
[INFO] 			 - Running SMOPF, Network case33_3, 2025, Winter...
[INFO] 			 - Running SMOPF, Network case33_3, 2030, Spring...
[INFO] 			 - Running SMOPF, Network case33_3, 2030, Summer...
[INFO] 			 - Running SMOPF, Network case33_3, 2030, Autumn...
[INFO] 			 - Running SMOPF, Network case33_3, 2030, Winter...
[INFO] 			 - Running SMOPF, Network case33_3, 2035, Spring...
[INFO] 			 - Running SMOPF, Network case33_3, 2035, Summer...
[INFO] 			 - Running SMOPF, Network case33_3, 2035, Autumn...
[INFO] 			 - Running SMOPF, Network case33_3, 2035, Winter...
[INFO] 		 - Updating transmission network...
[INFO] 			 - Running SMOPF, Network case9, 2025, Spring...
[INFO] 			 - Running SMOPF, Network case9, 2025, Summer...
[INFO] 			 - Running SMOPF, Network case9, 2025, Autumn...
[INFO] 			 - Running SMOPF, Network case9, 2025, Winter...
[INFO] 			 - Running SMOPF, Network case9, 2030, Spring...
[INFO] 			 - Running SMOPF, Network case9, 2030, Summer...
[INFO] 			 - Running SMOPF, Network case9, 2030, Autumn...
[INFO] 			 - Running SMOPF, Network case9, 2030, Winter...
[INFO] 			 - Running SMOPF, Network case9, 2035, Spring...
[INFO] 			 - Running SMOPF, Network case9, 2035, Summer...
[INFO] 			 - Running SMOPF, Network case9, 2035, Autumn...
[INFO] 			 - Running SMOPF, Network case9, 2035, Winter...
[TSO PROX] cycle=66 | updated_blocks=12 | held_failed_blocks=0 | V max=0.000186 | PF max=0.004901 | ESS max=0.000715
[TSO PROX][V MAX] node=5, year=2035, day=Summer, period=19 | dV=0.064294 kV | normalized=0.000186
[TSO PROX][PF MAX] node=7, year=2035, day=Spring, period=15, type=P | delta=0.490093 MW | normalized=0.004901
[TSO PROX][ESS MAX] node=7, year=2025, day=Spring, period=3, type=P | delta=0.001386 MW | normalized=0.000715
[INFO] 		 - Updating SharedESS...
[INFO] 		 - Running Shared ESS optimization (subproblem)...
[INFO] 			 - Node 5...
[INFO] Shared ESS complementarity diagnostics for ESS node=5: ratio_max=2.585122e-05 n_periods=288 mu_final=4.713408e-09 s_obj=1.000000e-01 eps=1.000000e-03 bound=1.357462e-02 measured=8.280869e-03
[INFO] 			 - Node 7...
[INFO] Shared ESS complementarity diagnostics for ESS node=7: ratio_max=2.585220e-05 n_periods=288 mu_final=4.729385e-09 s_obj=1.000000e-01 eps=1.000000e-03 bound=1.362063e-02 measured=8.287609e-03
[INFO] 			 - Node 9...
[INFO] Shared ESS complementarity diagnostics for ESS node=9: ratio_max=2.585428e-05 n_periods=288 mu_final=4.794724e-09 s_obj=1.000000e-01 eps=1.000000e-03 bound=1.380880e-02 measured=8.237148e-03
[INFO]		 - Primal residuals ok!
[INFO]		 - Dual residuals ok!
[RECOURSE JUMP] cycle=66 | abs_change=1.273202e+05 | tol=8.182978e+04 | signed_change=-1.273202e+05
[RECOURSE JUMP] Reconciliation | previous=8.182978e+08 | current=8.181704e+08 | block_delta=-1.273202e+05 | mismatch=-3.576279e-07
[RECOURSE JUMP] Aggregate signed changes:
  TSO | delta=-1.858707e+05
  DSO node=7 | delta=+5.856356e+04
  DSO node=5 | delta=-1.227731e+04
  DSO node=9 | delta=+1.226418e+04
  SALVAGE | delta=+3.847831e-35
[RECOURSE JUMP] Largest 10 block changes:
  TSO node=None year=2035 day=Spring | previous=5.807925e+07 | current=5.798357e+07 | delta=-9.568103e+04 | abs_delta=9.568103e+04
    [RECOURSE JUMP][TSO PROX] year=2035 day=Spring | V max=0.000136 | PF max=0.004901 | ESS max=0.000029
    [RECOURSE COMPONENTS] gen=-1.605006e+05 | flex=+6.481952e+04 | load_curt=+0.000000e+00 | res_curt=+0.000000e+00 | ess_usage=+0.000000e+00 | slacks=-5.553371e-08 | ess_comp=+8.284674e-04
    [SLACK COMPONENTS] voltage=-3.644794e-08 | node_P=+0.000000e+00 | node_Q=+0.000000e+00 | branch_ij=+0.000000e+00 | branch_ji=+0.000000e+00 | flex_P=-9.542874e-09 | flex_Q=-9.542874e-09
    [SLACK COMPONENT CHECK] classified_delta=-5.553369e-08 | objective_slack_delta=-5.553371e-08 | mismatch=+1.953993e-14
    [RECOURSE COMPONENT CHECK] classified_delta=-9.568103e+04 | block_delta=-9.568103e+04 | mismatch=+4.365575e-10
  TSO node=None year=2030 day=Spring | previous=5.679383e+07 | current=5.672704e+07 | delta=-6.679771e+04 | abs_delta=6.679771e+04
    [RECOURSE JUMP][TSO PROX] year=2030 day=Spring | V max=0.000099 | PF max=0.003738 | ESS max=0.000025
    [RECOURSE COMPONENTS] gen=-1.059765e+05 | flex=+3.917881e+04 | load_curt=+0.000000e+00 | res_curt=+0.000000e+00 | ess_usage=+0.000000e+00 | slacks=+1.833200e-12 | ess_comp=-1.948223e-02
    [SLACK COMPONENTS] voltage=+1.868727e-12 | node_P=+0.000000e+00 | node_Q=+0.000000e+00 | branch_ij=+0.000000e+00 | branch_ji=+0.000000e+00 | flex_P=-1.776357e-15 | flex_Q=-1.776357e-15
    [SLACK COMPONENT CHECK] classified_delta=+1.865175e-12 | objective_slack_delta=+1.833200e-12 | mismatch=+3.197442e-14
    [RECOURSE COMPONENT CHECK] classified_delta=-6.679771e+04 | block_delta=-6.679771e+04 | mismatch=+1.062290e-08
  TSO node=None year=2025 day=Spring | previous=7.632248e+07 | current=7.627319e+07 | delta=-4.929237e+04 | abs_delta=4.929237e+04
    [RECOURSE JUMP][TSO PROX] year=2025 day=Spring | V max=0.000102 | PF max=0.003470 | ESS max=0.000715
    [RECOURSE COMPONENTS] gen=-7.120834e+04 | flex=+2.191597e+04 | load_curt=+0.000000e+00 | res_curt=+0.000000e+00 | ess_usage=+0.000000e+00 | slacks=+1.583118e-09 | ess_comp=+9.248438e-05
    [SLACK COMPONENTS] voltage=+1.043730e-09 | node_P=+0.000000e+00 | node_Q=+0.000000e+00 | branch_ij=+0.000000e+00 | branch_ji=+0.000000e+00 | flex_P=+2.696887e-10 | flex_Q=+2.696887e-10
    [SLACK COMPONENT CHECK] classified_delta=+1.583108e-09 | objective_slack_delta=+1.583118e-09 | mismatch=-9.769963e-15
    [RECOURSE COMPONENT CHECK] classified_delta=-4.929237e+04 | block_delta=-4.929237e+04 | mismatch=-2.603338e-08
  DSO node=7 year=2035 day=Spring | previous=6.903298e+06 | current=6.937127e+06 | delta=+3.382920e+04 | abs_delta=3.382920e+04
    [RECOURSE COMPONENTS] gen=+0.000000e+00 | flex=+3.382887e+04 | load_curt=+0.000000e+00 | res_curt=+3.239815e-01 | ess_usage=+0.000000e+00 | slacks=+1.011997e-06 | ess_comp=+1.957331e-05
    [SLACK COMPONENTS] voltage=+1.299612e-07 | node_P=+0.000000e+00 | node_Q=+0.000000e+00 | branch_ij=+0.000000e+00 | branch_ji=+0.000000e+00 | flex_P=+8.820356e-07 | flex_Q=+0.000000e+00
    [SLACK COMPONENT CHECK] classified_delta=+1.011997e-06 | objective_slack_delta=+1.011997e-06 | mismatch=-8.171241e-14
    [RECOURSE COMPONENT CHECK] classified_delta=+3.382920e+04 | block_delta=+3.382920e+04 | mismatch=-1.309672e-09
  TSO node=None year=2025 day=Summer | previous=9.336309e+07 | current=9.339582e+07 | delta=+3.272373e+04 | abs_delta=3.272373e+04
    [RECOURSE JUMP][TSO PROX] year=2025 day=Summer | V max=0.000135 | PF max=0.002376 | ESS max=0.000643
    [RECOURSE COMPONENTS] gen=+8.234274e+04 | flex=-4.961901e+04 | load_curt=+0.000000e+00 | res_curt=+0.000000e+00 | ess_usage=+0.000000e+00 | slacks=+7.943868e-12 | ess_comp=-1.680983e-04
    [SLACK COMPONENTS] voltage=+7.943868e-12 | node_P=+0.000000e+00 | node_Q=+0.000000e+00 | branch_ij=+0.000000e+00 | branch_ji=+0.000000e+00 | flex_P=+0.000000e+00 | flex_Q=+0.000000e+00
    [SLACK COMPONENT CHECK] classified_delta=+7.943868e-12 | objective_slack_delta=+7.943868e-12 | mismatch=+0.000000e+00
    [RECOURSE COMPONENT CHECK] classified_delta=+3.272373e+04 | block_delta=+3.272373e+04 | mismatch=+2.619345e-09
  DSO node=9 year=2025 day=Summer | previous=1.788579e+06 | current=1.761313e+06 | delta=-2.726595e+04 | abs_delta=2.726595e+04
    [RECOURSE COMPONENTS] gen=+0.000000e+00 | flex=-2.726530e+04 | load_curt=+0.000000e+00 | res_curt=-6.584488e-01 | ess_usage=+0.000000e+00 | slacks=-7.654036e-07 | ess_comp=+7.544696e-03
    [SLACK COMPONENTS] voltage=+2.108973e-07 | node_P=+0.000000e+00 | node_Q=+0.000000e+00 | branch_ij=+0.000000e+00 | branch_ji=+0.000000e+00 | flex_P=-9.763008e-07 | flex_Q=+0.000000e+00
    [SLACK COMPONENT CHECK] classified_delta=-7.654035e-07 | objective_slack_delta=-7.654036e-07 | mismatch=+8.881784e-14
    [RECOURSE COMPONENT CHECK] classified_delta=-2.726595e+04 | block_delta=-2.726595e+04 | mismatch=+1.236913e-10
  DSO node=9 year=2035 day=Spring | previous=1.009797e+07 | current=1.012201e+07 | delta=+2.403948e+04 | abs_delta=2.403948e+04
    [RECOURSE COMPONENTS] gen=+0.000000e+00 | flex=+2.403989e+04 | load_curt=+0.000000e+00 | res_curt=-4.157107e-01 | ess_usage=+0.000000e+00 | slacks=+1.406435e-06 | ess_comp=-3.025886e-06
    [SLACK COMPONENTS] voltage=+1.265286e-07 | node_P=+0.000000e+00 | node_Q=+0.000000e+00 | branch_ij=+0.000000e+00 | branch_ji=+0.000000e+00 | flex_P=+1.279906e-06 | flex_Q=+0.000000e+00
    [SLACK COMPONENT CHECK] classified_delta=+1.406435e-06 | objective_slack_delta=+1.406435e-06 | mismatch=-1.421085e-14
    [RECOURSE COMPONENT CHECK] classified_delta=+2.403948e+04 | block_delta=+2.403948e+04 | mismatch=+1.007720e-09
  DSO node=7 year=2030 day=Spring | previous=3.986949e+06 | current=4.010621e+06 | delta=+2.367218e+04 | abs_delta=2.367218e+04
    [RECOURSE COMPONENTS] gen=+0.000000e+00 | flex=+2.367451e+04 | load_curt=+0.000000e+00 | res_curt=-2.331916e+00 | ess_usage=+0.000000e+00 | slacks=+1.156001e-06 | ess_comp=-1.556121e-04
    [SLACK COMPONENTS] voltage=+9.077758e-08 | node_P=+0.000000e+00 | node_Q=+0.000000e+00 | branch_ij=+0.000000e+00 | branch_ji=+0.000000e+00 | flex_P=+1.065223e-06 | flex_Q=+0.000000e+00
    [SLACK COMPONENT CHECK] classified_delta=+1.156001e-06 | objective_slack_delta=+1.156001e-06 | mismatch=+8.881784e-14
    [RECOURSE COMPONENT CHECK] classified_delta=+2.367218e+04 | block_delta=+2.367218e+04 | mismatch=+2.874003e-10
  DSO node=7 year=2025 day=Spring | previous=4.149965e+06 | current=4.167920e+06 | delta=+1.795508e+04 | abs_delta=1.795508e+04
    [RECOURSE COMPONENTS] gen=+0.000000e+00 | flex=+1.795501e+04 | load_curt=+0.000000e+00 | res_curt=+6.885238e-02 | ess_usage=+0.000000e+00 | slacks=-1.541912e-08 | ess_comp=-1.117668e-04
    [SLACK COMPONENTS] voltage=+2.986133e-08 | node_P=+0.000000e+00 | node_Q=+0.000000e+00 | branch_ij=+0.000000e+00 | branch_ji=+0.000000e+00 | flex_P=-4.528045e-08 | flex_Q=+0.000000e+00
    [SLACK COMPONENT CHECK] classified_delta=-1.541913e-08 | objective_slack_delta=-1.541912e-08 | mismatch=-1.065814e-14
    [RECOURSE COMPONENT CHECK] classified_delta=+1.795508e+04 | block_delta=+1.795508e+04 | mismatch=+3.201421e-10
  TSO node=None year=2035 day=Summer | previous=6.628503e+07 | current=6.626742e+07 | delta=-1.760618e+04 | abs_delta=1.760618e+04
    [RECOURSE JUMP][TSO PROX] year=2035 day=Summer | V max=0.000186 | PF max=0.002052 | ESS max=0.000030
    [RECOURSE COMPONENTS] gen=-2.419236e+04 | flex=+6.586168e+03 | load_curt=+0.000000e+00 | res_curt=+0.000000e+00 | ess_usage=+0.000000e+00 | slacks=+3.517187e-12 | ess_comp=+1.791714e-02
    [SLACK COMPONENTS] voltage=+3.510081e-12 | node_P=+0.000000e+00 | node_Q=+0.000000e+00 | branch_ij=+0.000000e+00 | branch_ji=+0.000000e+00 | flex_P=+0.000000e+00 | flex_Q=+0.000000e+00
    [SLACK COMPONENT CHECK] classified_delta=+3.510081e-12 | objective_slack_delta=+3.517187e-12 | mismatch=-7.105427e-15
    [RECOURSE COMPONENT CHECK] classified_delta=-1.760618e+04 | block_delta=-1.760618e+04 | mismatch=-1.046283e-08
[INFO]		 - Recourse stationarity failed. 127320.230958 > 81829.776875
[ADMM RHO] V | primal max ratio=0.001 | primal mean ratio=0.000 | primal selected=0.001 | dual mean ratio=0.010 | increase threshold=5.0 | decrease threshold=5.0 | action=held
[ADMM RHO] PF | primal max ratio=0.067 | primal mean ratio=0.008 | primal selected=0.067 | dual mean ratio=0.095 | increase threshold=5.0 | decrease threshold=3.0 | action=held
[ADMM RHO] ESS | primal max ratio=0.007 | primal mean ratio=0.005 | primal selected=0.007 | dual mean ratio=0.008 | increase threshold=5.0 | decrease threshold=5.0 | action=held
[INFO]		 - ADMM cycle 66 | Primal (V max/mean | PF max/mean | ESS max/mean) = 0.000006/0.000000 | 0.000667/0.000008 | 0.000689/0.000050 | Dual (V max/mean | PF max/mean | ESS max/mean) = 0.000419/0.000098 | 0.025497/0.000950 | 0.001089/0.000078 | Recourse change = 127320.230958 (tol. 81829.776875) | Stable cycles = 0/1 | Penalty actions (V/PF/ESS) = held/held/held
[INFO] 	 - Iteration 66: 31.84 s
[INFO] 	 - ADMM Iteration 67
[INFO] 		 - Updating distribution networks:
[INFO] 			 - Running SMOPF, Network case33_1, 2025, Spring...
[INFO] 			 - Running SMOPF, Network case33_1, 2025, Summer...
[INFO] 			 - Running SMOPF, Network case33_1, 2025, Autumn...
[INFO] 			 - Running SMOPF, Network case33_1, 2025, Winter...
[INFO] 			 - Running SMOPF, Network case33_1, 2030, Spring...
[INFO] 			 - Running SMOPF, Network case33_1, 2030, Summer...
[INFO] 			 - Running SMOPF, Network case33_1, 2030, Autumn...
[INFO] 			 - Running SMOPF, Network case33_1, 2030, Winter...
[INFO] 			 - Running SMOPF, Network case33_1, 2035, Spring...
[INFO] 			 - Running SMOPF, Network case33_1, 2035, Summer...
[INFO] 			 - Running SMOPF, Network case33_1, 2035, Autumn...
[INFO] 			 - Running SMOPF, Network case33_1, 2035, Winter...
[INFO] 			 - Running SMOPF, Network case33_2, 2025, Spring...
[INFO] 			 - Running SMOPF, Network case33_2, 2025, Summer...
[INFO] 			 - Running SMOPF, Network case33_2, 2025, Autumn...
[INFO] 			 - Running SMOPF, Network case33_2, 2025, Winter...
[INFO] 			 - Running SMOPF, Network case33_2, 2030, Spring...
[INFO] 			 - Running SMOPF, Network case33_2, 2030, Summer...
[INFO] 			 - Running SMOPF, Network case33_2, 2030, Autumn...
[INFO] 			 - Running SMOPF, Network case33_2, 2030, Winter...
[INFO] 			 - Running SMOPF, Network case33_2, 2035, Spring...
[INFO] 			 - Running SMOPF, Network case33_2, 2035, Summer...
[INFO] 			 - Running SMOPF, Network case33_2, 2035, Autumn...
[INFO] 			 - Running SMOPF, Network case33_2, 2035, Winter...
[INFO] 			 - Running SMOPF, Network case33_3, 2025, Spring...
[INFO] 			 - Running SMOPF, Network case33_3, 2025, Summer...
[INFO] 			 - Running SMOPF, Network case33_3, 2025, Autumn...
[INFO] 			 - Running SMOPF, Network case33_3, 2025, Winter...
[INFO] 			 - Running SMOPF, Network case33_3, 2030, Spring...
[INFO] 			 - Running SMOPF, Network case33_3, 2030, Summer...
[INFO] 			 - Running SMOPF, Network case33_3, 2030, Autumn...
[INFO] 			 - Running SMOPF, Network case33_3, 2030, Winter...
[INFO] 			 - Running SMOPF, Network case33_3, 2035, Spring...
[INFO] 			 - Running SMOPF, Network case33_3, 2035, Summer...
[INFO] 			 - Running SMOPF, Network case33_3, 2035, Autumn...
[INFO] 			 - Running SMOPF, Network case33_3, 2035, Winter...
[INFO] 		 - Updating transmission network...
[INFO] 			 - Running SMOPF, Network case9, 2025, Spring...
[INFO] 			 - Running SMOPF, Network case9, 2025, Summer...
[INFO] 			 - Running SMOPF, Network case9, 2025, Autumn...
[INFO] 			 - Running SMOPF, Network case9, 2025, Winter...
[INFO] 			 - Running SMOPF, Network case9, 2030, Spring...
[INFO] 			 - Running SMOPF, Network case9, 2030, Summer...
[INFO] 			 - Running SMOPF, Network case9, 2030, Autumn...
[INFO] 			 - Running SMOPF, Network case9, 2030, Winter...
[INFO] 			 - Running SMOPF, Network case9, 2035, Spring...
[INFO] 			 - Running SMOPF, Network case9, 2035, Summer...
[INFO] 			 - Running SMOPF, Network case9, 2035, Autumn...
[INFO] 			 - Running SMOPF, Network case9, 2035, Winter...
[TSO PROX] cycle=67 | updated_blocks=12 | held_failed_blocks=0 | V max=0.000186 | PF max=0.004887 | ESS max=0.000715
[TSO PROX][V MAX] node=5, year=2035, day=Summer, period=19 | dV=0.064237 kV | normalized=0.000186
[TSO PROX][PF MAX] node=7, year=2035, day=Spring, period=15, type=P | delta=0.488672 MW | normalized=0.004887
[TSO PROX][ESS MAX] node=7, year=2025, day=Spring, period=3, type=P | delta=0.001386 MW | normalized=0.000715
[INFO] 		 - Updating SharedESS...
[INFO] 		 - Running Shared ESS optimization (subproblem)...
[INFO] 			 - Node 5...
[INFO] Shared ESS complementarity diagnostics for ESS node=5: ratio_max=2.574371e-05 n_periods=288 mu_final=4.733380e-09 s_obj=1.000000e-01 eps=1.000000e-03 bound=1.363213e-02 measured=8.241602e-03
[INFO] 			 - Node 7...
[INFO] Shared ESS complementarity diagnostics for ESS node=7: ratio_max=2.575924e-05 n_periods=288 mu_final=4.744719e-09 s_obj=1.000000e-01 eps=1.000000e-03 bound=1.366479e-02 measured=8.232997e-03
[INFO] 			 - Node 9...
[INFO] Shared ESS complementarity diagnostics for ESS node=9: ratio_max=2.575310e-05 n_periods=288 mu_final=4.806885e-09 s_obj=1.000000e-01 eps=1.000000e-03 bound=1.384383e-02 measured=8.222013e-03
[INFO]		 - Primal residuals ok!
[INFO]		 - Dual residuals ok!
[RECOURSE JUMP] cycle=67 | abs_change=1.099286e+05 | tol=8.181704e+04 | signed_change=-1.099286e+05
[RECOURSE JUMP] Reconciliation | previous=8.181704e+08 | current=8.180605e+08 | block_delta=-1.099286e+05 | mismatch=+0.000000e+00
[RECOURSE JUMP] Aggregate signed changes:
  TSO | delta=-1.721898e+05
  DSO node=7 | delta=+5.886102e+04
  DSO node=9 | delta=+1.203378e+04
  DSO node=5 | delta=-8.633637e+03
  SALVAGE | delta=-1.517053e-35
[RECOURSE JUMP] Largest 10 block changes:
  TSO node=None year=2035 day=Spring | previous=5.798357e+07 | current=5.788809e+07 | delta=-9.548350e+04 | abs_delta=9.548350e+04
    [RECOURSE JUMP][TSO PROX] year=2035 day=Spring | V max=0.000137 | PF max=0.004887 | ESS max=0.000031
    [RECOURSE COMPONENTS] gen=-1.601677e+05 | flex=+6.468424e+04 | load_curt=+0.000000e+00 | res_curt=+0.000000e+00 | ess_usage=+0.000000e+00 | slacks=-1.657595e-08 | ess_comp=+2.260752e-03
    [SLACK COMPONENTS] voltage=-1.081848e-08 | node_P=+0.000000e+00 | node_Q=+0.000000e+00 | branch_ij=+0.000000e+00 | branch_ji=+0.000000e+00 | flex_P=-2.878736e-09 | flex_Q=-2.878736e-09
    [SLACK COMPONENT CHECK] classified_delta=-1.657595e-08 | objective_slack_delta=-1.657595e-08 | mismatch=-1.776357e-15
    [RECOURSE COMPONENT CHECK] classified_delta=-9.548350e+04 | block_delta=-9.548350e+04 | mismatch=+5.486072e-09
  TSO node=None year=2030 day=Spring | previous=5.672704e+07 | current=5.667716e+07 | delta=-4.987702e+04 | abs_delta=4.987702e+04
    [RECOURSE JUMP][TSO PROX] year=2030 day=Spring | V max=0.000100 | PF max=0.003767 | ESS max=0.000024
    [RECOURSE COMPONENTS] gen=-7.936589e+04 | flex=+2.948887e+04 | load_curt=+0.000000e+00 | res_curt=+0.000000e+00 | ess_usage=+0.000000e+00 | slacks=+1.890044e-12 | ess_comp=-3.580940e-03
    [SLACK COMPONENTS] voltage=+1.890044e-12 | node_P=+0.000000e+00 | node_Q=+0.000000e+00 | branch_ij=+0.000000e+00 | branch_ji=+0.000000e+00 | flex_P=+4.440892e-16 | flex_Q=+4.440892e-16
    [SLACK COMPONENT CHECK] classified_delta=+1.890932e-12 | objective_slack_delta=+1.890044e-12 | mismatch=+8.881784e-16
    [RECOURSE COMPONENT CHECK] classified_delta=-4.987702e+04 | block_delta=-4.987702e+04 | mismatch=-1.316948e-09
  TSO node=None year=2025 day=Spring | previous=7.627319e+07 | current=7.622554e+07 | delta=-4.764681e+04 | abs_delta=4.764681e+04
    [RECOURSE JUMP][TSO PROX] year=2025 day=Spring | V max=0.000103 | PF max=0.003468 | ESS max=0.000715
    [RECOURSE COMPONENTS] gen=-6.864559e+04 | flex=+2.099878e+04 | load_curt=+0.000000e+00 | res_curt=+0.000000e+00 | ess_usage=+0.000000e+00 | slacks=-4.295728e-10 | ess_comp=-1.771332e-04
    [SLACK COMPONENTS] voltage=-2.838689e-10 | node_P=+0.000000e+00 | node_Q=+0.000000e+00 | branch_ij=+0.000000e+00 | branch_ji=+0.000000e+00 | flex_P=-7.284884e-11 | flex_Q=-7.284884e-11
    [SLACK COMPONENT CHECK] classified_delta=-4.295666e-10 | objective_slack_delta=-4.295728e-10 | mismatch=+6.217249e-15
    [RECOURSE COMPONENT CHECK] classified_delta=-4.764681e+04 | block_delta=-4.764681e+04 | mismatch=+2.044544e-09
  DSO node=7 year=2035 day=Spring | previous=6.937127e+06 | current=6.970856e+06 | delta=+3.372864e+04 | abs_delta=3.372864e+04
    [RECOURSE COMPONENTS] gen=+0.000000e+00 | flex=+3.372831e+04 | load_curt=+0.000000e+00 | res_curt=+3.330217e-01 | ess_usage=+0.000000e+00 | slacks=+3.770094e-08 | ess_comp=+7.033477e-05
    [SLACK COMPONENTS] voltage=+9.392676e-08 | node_P=+0.000000e+00 | node_Q=+0.000000e+00 | branch_ij=+0.000000e+00 | branch_ji=+0.000000e+00 | flex_P=-5.622580e-08 | flex_Q=+0.000000e+00
    [SLACK COMPONENT CHECK] classified_delta=+3.770096e-08 | objective_slack_delta=+3.770094e-08 | mismatch=+1.421085e-14
    [RECOURSE COMPONENT CHECK] classified_delta=+3.372864e+04 | block_delta=+3.372864e+04 | mismatch=+1.629815e-09
  TSO node=None year=2025 day=Summer | previous=9.339582e+07 | current=9.342604e+07 | delta=+3.022584e+04 | abs_delta=3.022584e+04
    [RECOURSE JUMP][TSO PROX] year=2025 day=Summer | V max=0.000135 | PF max=0.002385 | ESS max=0.000643
    [RECOURSE COMPONENTS] gen=+7.863503e+04 | flex=-4.840919e+04 | load_curt=+0.000000e+00 | res_curt=+0.000000e+00 | ess_usage=+0.000000e+00 | slacks=+8.078871e-12 | ess_comp=-1.713257e-04
    [SLACK COMPONENTS] voltage=+8.078871e-12 | node_P=+0.000000e+00 | node_Q=+0.000000e+00 | branch_ij=+0.000000e+00 | branch_ji=+0.000000e+00 | flex_P=+0.000000e+00 | flex_Q=+0.000000e+00
    [SLACK COMPONENT CHECK] classified_delta=+8.078871e-12 | objective_slack_delta=+8.078871e-12 | mismatch=+0.000000e+00
    [RECOURSE COMPONENT CHECK] classified_delta=+3.022584e+04 | block_delta=+3.022584e+04 | mismatch=+3.645255e-09
  DSO node=9 year=2025 day=Summer | previous=1.761313e+06 | current=1.734598e+06 | delta=-2.671535e+04 | abs_delta=2.671535e+04
    [RECOURSE COMPONENTS] gen=+0.000000e+00 | flex=-2.671466e+04 | load_curt=+0.000000e+00 | res_curt=-7.016060e-01 | ess_usage=+0.000000e+00 | slacks=-5.485895e-07 | ess_comp=+3.336436e-03
    [SLACK COMPONENTS] voltage=+2.231278e-07 | node_P=+0.000000e+00 | node_Q=+0.000000e+00 | branch_ij=+0.000000e+00 | branch_ji=+0.000000e+00 | flex_P=-7.717176e-07 | flex_Q=+0.000000e+00
    [SLACK COMPONENT CHECK] classified_delta=-5.485898e-07 | objective_slack_delta=-5.485895e-07 | mismatch=-2.309264e-13
    [RECOURSE COMPONENT CHECK] classified_delta=-2.671535e+04 | block_delta=-2.671535e+04 | mismatch=-1.746230e-10
  DSO node=9 year=2035 day=Spring | previous=1.012201e+07 | current=1.014590e+07 | delta=+2.389533e+04 | abs_delta=2.389533e+04
    [RECOURSE COMPONENTS] gen=+0.000000e+00 | flex=+2.389573e+04 | load_curt=+0.000000e+00 | res_curt=-3.977661e-01 | ess_usage=+0.000000e+00 | slacks=+5.483628e-09 | ess_comp=+5.085878e-05
    [SLACK COMPONENTS] voltage=+9.789710e-08 | node_P=+0.000000e+00 | node_Q=+0.000000e+00 | branch_ij=+0.000000e+00 | branch_ji=+0.000000e+00 | flex_P=-9.241350e-08 | flex_Q=+0.000000e+00
    [SLACK COMPONENT CHECK] classified_delta=+5.483603e-09 | objective_slack_delta=+5.483628e-09 | mismatch=-2.486900e-14
    [RECOURSE COMPONENT CHECK] classified_delta=+2.389533e+04 | block_delta=+2.389533e+04 | mismatch=-9.495125e-10
  DSO node=7 year=2030 day=Spring | previous=4.010621e+06 | current=4.034382e+06 | delta=+2.376154e+04 | abs_delta=2.376154e+04
    [RECOURSE COMPONENTS] gen=+0.000000e+00 | flex=+2.376376e+04 | load_curt=+0.000000e+00 | res_curt=-2.221977e+00 | ess_usage=+0.000000e+00 | slacks=+1.740658e-06 | ess_comp=-1.301217e-04
    [SLACK COMPONENTS] voltage=+1.274901e-07 | node_P=+0.000000e+00 | node_Q=+0.000000e+00 | branch_ij=+0.000000e+00 | branch_ji=+0.000000e+00 | flex_P=+1.613085e-06 | flex_Q=+8.201084e-11
    [SLACK COMPONENT CHECK] classified_delta=+1.740657e-06 | objective_slack_delta=+1.740658e-06 | mismatch=-9.556800e-13
    [RECOURSE COMPONENT CHECK] classified_delta=+2.376154e+04 | block_delta=+2.376154e+04 | mismatch=-6.548362e-11
  DSO node=7 year=2025 day=Spring | previous=4.167920e+06 | current=4.185872e+06 | delta=+1.795181e+04 | abs_delta=1.795181e+04
    [RECOURSE COMPONENTS] gen=+0.000000e+00 | flex=+1.795175e+04 | load_curt=+0.000000e+00 | res_curt=+6.443235e-02 | ess_usage=+0.000000e+00 | slacks=+1.438059e-08 | ess_comp=-1.074189e-04
    [SLACK COMPONENTS] voltage=+3.356610e-08 | node_P=+0.000000e+00 | node_Q=+0.000000e+00 | branch_ij=+0.000000e+00 | branch_ji=+0.000000e+00 | flex_P=-1.918558e-08 | flex_Q=+0.000000e+00
    [SLACK COMPONENT CHECK] classified_delta=+1.438051e-08 | objective_slack_delta=+1.438059e-08 | mismatch=-7.815970e-14
    [RECOURSE COMPONENT CHECK] classified_delta=+1.795181e+04 | block_delta=+1.795181e+04 | mismatch=-4.802132e-10
  TSO node=None year=2035 day=Summer | previous=6.626742e+07 | current=6.625112e+07 | delta=-1.630108e+04 | abs_delta=1.630108e+04
    [RECOURSE JUMP][TSO PROX] year=2035 day=Summer | V max=0.000186 | PF max=0.002052 | ESS max=0.000046
    [RECOURSE COMPONENTS] gen=-2.201006e+04 | flex=+5.709117e+03 | load_curt=+0.000000e+00 | res_curt=+0.000000e+00 | ess_usage=+0.000000e+00 | slacks=+3.460343e-12 | ess_comp=-1.302607e-01
    [SLACK COMPONENTS] voltage=+3.460343e-12 | node_P=+0.000000e+00 | node_Q=+0.000000e+00 | branch_ij=+0.000000e+00 | branch_ji=+0.000000e+00 | flex_P=+0.000000e+00 | flex_Q=+0.000000e+00
    [SLACK COMPONENT CHECK] classified_delta=+3.460343e-12 | objective_slack_delta=+3.460343e-12 | mismatch=+0.000000e+00
    [RECOURSE COMPONENT CHECK] classified_delta=-1.630108e+04 | block_delta=-1.630108e+04 | mismatch=+1.469743e-09
[INFO]		 - Recourse stationarity failed. 109928.594046 > 81817.044852
[ADMM RHO] V | primal max ratio=0.001 | primal mean ratio=0.000 | primal selected=0.001 | dual mean ratio=0.010 | increase threshold=5.0 | decrease threshold=5.0 | action=held
[ADMM RHO] PF | primal max ratio=0.095 | primal mean ratio=0.010 | primal selected=0.095 | dual mean ratio=0.093 | increase threshold=5.0 | decrease threshold=3.0 | action=held
[ADMM RHO] ESS | primal max ratio=0.006 | primal mean ratio=0.004 | primal selected=0.006 | dual mean ratio=0.008 | increase threshold=5.0 | decrease threshold=5.0 | action=held
[INFO]		 - ADMM cycle 67 | Primal (V max/mean | PF max/mean | ESS max/mean) = 0.000005/0.000000 | 0.000947/0.000010 | 0.000564/0.000043 | Dual (V max/mean | PF max/mean | ESS max/mean) = 0.000419/0.000098 | 0.025423/0.000935 | 0.001195/0.000082 | Recourse change = 109928.594046 (tol. 81817.044852) | Stable cycles = 0/1 | Penalty actions (V/PF/ESS) = held/held/held
[INFO] 	 - Iteration 67: 30.89 s
[INFO] 	 - ADMM Iteration 68
[INFO] 		 - Updating distribution networks:
[INFO] 			 - Running SMOPF, Network case33_1, 2025, Spring...
[INFO] 			 - Running SMOPF, Network case33_1, 2025, Summer...
[INFO] 			 - Running SMOPF, Network case33_1, 2025, Autumn...
[INFO] 			 - Running SMOPF, Network case33_1, 2025, Winter...
[INFO] 			 - Running SMOPF, Network case33_1, 2030, Spring...
[INFO] 			 - Running SMOPF, Network case33_1, 2030, Summer...
[INFO] 			 - Running SMOPF, Network case33_1, 2030, Autumn...
[INFO] 			 - Running SMOPF, Network case33_1, 2030, Winter...
[INFO] 			 - Running SMOPF, Network case33_1, 2035, Spring...
[INFO] 			 - Running SMOPF, Network case33_1, 2035, Summer...
[INFO] 			 - Running SMOPF, Network case33_1, 2035, Autumn...
[INFO] 			 - Running SMOPF, Network case33_1, 2035, Winter...
[INFO] 			 - Running SMOPF, Network case33_2, 2025, Spring...
[INFO] 			 - Running SMOPF, Network case33_2, 2025, Summer...
[INFO] 			 - Running SMOPF, Network case33_2, 2025, Autumn...
[INFO] 			 - Running SMOPF, Network case33_2, 2025, Winter...
[INFO] 			 - Running SMOPF, Network case33_2, 2030, Spring...
[INFO] 			 - Running SMOPF, Network case33_2, 2030, Summer...
[INFO] 			 - Running SMOPF, Network case33_2, 2030, Autumn...
[INFO] 			 - Running SMOPF, Network case33_2, 2030, Winter...
[INFO] 			 - Running SMOPF, Network case33_2, 2035, Spring...
[INFO] 			 - Running SMOPF, Network case33_2, 2035, Summer...
[INFO] 			 - Running SMOPF, Network case33_2, 2035, Autumn...
[INFO] 			 - Running SMOPF, Network case33_2, 2035, Winter...
[INFO] 			 - Running SMOPF, Network case33_3, 2025, Spring...
[INFO] 			 - Running SMOPF, Network case33_3, 2025, Summer...
[INFO] 			 - Running SMOPF, Network case33_3, 2025, Autumn...
[INFO] 			 - Running SMOPF, Network case33_3, 2025, Winter...
[INFO] 			 - Running SMOPF, Network case33_3, 2030, Spring...
[INFO] 			 - Running SMOPF, Network case33_3, 2030, Summer...
[INFO] 			 - Running SMOPF, Network case33_3, 2030, Autumn...
[INFO] 			 - Running SMOPF, Network case33_3, 2030, Winter...
[INFO] 			 - Running SMOPF, Network case33_3, 2035, Spring...
[INFO] 			 - Running SMOPF, Network case33_3, 2035, Summer...
[INFO] 			 - Running SMOPF, Network case33_3, 2035, Autumn...
[INFO] 			 - Running SMOPF, Network case33_3, 2035, Winter...
[INFO] 		 - Updating transmission network...
[INFO] 			 - Running SMOPF, Network case9, 2025, Spring...
[INFO] 			 - Running SMOPF, Network case9, 2025, Summer...
[INFO] 			 - Running SMOPF, Network case9, 2025, Autumn...
[INFO] 			 - Running SMOPF, Network case9, 2025, Winter...
[INFO] 			 - Running SMOPF, Network case9, 2030, Spring...
[INFO] 			 - Running SMOPF, Network case9, 2030, Summer...
[INFO] 			 - Running SMOPF, Network case9, 2030, Autumn...
[INFO] 			 - Running SMOPF, Network case9, 2030, Winter...
[INFO] 			 - Running SMOPF, Network case9, 2035, Spring...
[INFO] 			 - Running SMOPF, Network case9, 2035, Summer...
[INFO] 			 - Running SMOPF, Network case9, 2035, Autumn...
[INFO] 			 - Running SMOPF, Network case9, 2035, Winter...
[TSO PROX] cycle=68 | updated_blocks=12 | held_failed_blocks=0 | V max=0.000186 | PF max=0.004421 | ESS max=0.000715
[TSO PROX][V MAX] node=5, year=2035, day=Summer, period=19 | dV=0.064183 kV | normalized=0.000186
[TSO PROX][PF MAX] node=7, year=2035, day=Spring, period=14, type=P | delta=0.442052 MW | normalized=0.004421
[TSO PROX][ESS MAX] node=7, year=2025, day=Spring, period=3, type=P | delta=0.001385 MW | normalized=0.000715
[INFO] 		 - Updating SharedESS...
[INFO] 		 - Running Shared ESS optimization (subproblem)...
[INFO] 			 - Node 5...
[INFO] Shared ESS complementarity diagnostics for ESS node=5: ratio_max=2.568839e-05 n_periods=288 mu_final=4.744335e-09 s_obj=1.000000e-01 eps=1.000000e-03 bound=1.366368e-02 measured=8.235227e-03
[INFO] 			 - Node 7...
[INFO] Shared ESS complementarity diagnostics for ESS node=7: ratio_max=2.571399e-05 n_periods=288 mu_final=4.751733e-09 s_obj=1.000000e-01 eps=1.000000e-03 bound=1.368499e-02 measured=8.226638e-03
[INFO] 			 - Node 9...
[INFO] Shared ESS complementarity diagnostics for ESS node=9: ratio_max=2.576389e-05 n_periods=288 mu_final=4.810985e-09 s_obj=1.000000e-01 eps=1.000000e-03 bound=1.385564e-02 measured=8.218849e-03
[INFO]		 - Primal residuals ok!
[INFO]		 - Dual residuals ok!
[RECOURSE JUMP] cycle=68 | abs_change=1.030091e+05 | tol=8.180605e+04 | signed_change=-1.030091e+05
[RECOURSE JUMP] Reconciliation | previous=8.180605e+08 | current=8.179575e+08 | block_delta=-1.030091e+05 | mismatch=+2.384186e-07
[RECOURSE JUMP] Aggregate signed changes:
  TSO | delta=-1.623612e+05
  DSO node=7 | delta=+5.791495e+04
  DSO node=9 | delta=+8.378819e+03
  DSO node=5 | delta=-6.941683e+03
  SALVAGE | delta=+2.267250e-35
[RECOURSE JUMP] Largest 10 block changes:
  TSO node=None year=2035 day=Spring | previous=5.788809e+07 | current=5.779269e+07 | delta=-9.539228e+04 | abs_delta=9.539228e+04
    [RECOURSE JUMP][TSO PROX] year=2035 day=Spring | V max=0.000137 | PF max=0.004421 | ESS max=0.000026
    [RECOURSE COMPONENTS] gen=-1.596984e+05 | flex=+6.430609e+04 | load_curt=+0.000000e+00 | res_curt=+0.000000e+00 | ess_usage=+0.000000e+00 | slacks=-1.649866e-08 | ess_comp=+1.954760e-03
    [SLACK COMPONENTS] voltage=-1.077023e-08 | node_P=+0.000000e+00 | node_Q=+0.000000e+00 | branch_ij=+0.000000e+00 | branch_ji=+0.000000e+00 | flex_P=-2.864212e-09 | flex_Q=-2.864212e-09
    [SLACK COMPONENT CHECK] classified_delta=-1.649865e-08 | objective_slack_delta=-1.649866e-08 | mismatch=+7.993606e-15
    [RECOURSE COMPONENT CHECK] classified_delta=-9.539228e+04 | block_delta=-9.539228e+04 | mismatch=-9.706127e-09
  TSO node=None year=2025 day=Spring | previous=7.622554e+07 | current=7.618205e+07 | delta=-4.349307e+04 | abs_delta=4.349307e+04
    [RECOURSE JUMP][TSO PROX] year=2025 day=Spring | V max=0.000103 | PF max=0.003468 | ESS max=0.000715
    [RECOURSE COMPONENTS] gen=-6.210475e+04 | flex=+1.861168e+04 | load_curt=+0.000000e+00 | res_curt=+0.000000e+00 | ess_usage=+0.000000e+00 | slacks=+3.526779e-10 | ess_comp=-4.695798e-05
    [SLACK COMPONENTS] voltage=+2.320633e-10 | node_P=+0.000000e+00 | node_Q=+0.000000e+00 | branch_ij=+0.000000e+00 | branch_ji=+0.000000e+00 | flex_P=+6.029399e-11 | flex_Q=+6.029399e-11
    [SLACK COMPONENT CHECK] classified_delta=+3.526512e-10 | objective_slack_delta=+3.526779e-10 | mismatch=-2.664535e-14
    [RECOURSE COMPONENT CHECK] classified_delta=-4.349307e+04 | block_delta=-4.349307e+04 | mismatch=-1.151784e-08
  TSO node=None year=2030 day=Spring | previous=5.667716e+07 | current=5.664019e+07 | delta=-3.697201e+04 | abs_delta=3.697201e+04
    [RECOURSE JUMP][TSO PROX] year=2030 day=Spring | V max=0.000100 | PF max=0.003729 | ESS max=0.000043
    [RECOURSE COMPONENTS] gen=-5.954530e+04 | flex=+2.257330e+04 | load_curt=+0.000000e+00 | res_curt=+0.000000e+00 | ess_usage=+0.000000e+00 | slacks=+1.918465e-12 | ess_comp=-1.059705e-02
    [SLACK COMPONENTS] voltage=+1.918465e-12 | node_P=+0.000000e+00 | node_Q=+0.000000e+00 | branch_ij=+0.000000e+00 | branch_ji=+0.000000e+00 | flex_P=-4.440892e-16 | flex_Q=-4.440892e-16
    [SLACK COMPONENT CHECK] classified_delta=+1.917577e-12 | objective_slack_delta=+1.918465e-12 | mismatch=-8.881784e-16
    [RECOURSE COMPONENT CHECK] classified_delta=-3.697201e+04 | block_delta=-3.697201e+04 | mismatch=-4.496542e-09
  DSO node=7 year=2035 day=Spring | previous=6.970856e+06 | current=7.003348e+06 | delta=+3.249271e+04 | abs_delta=3.249271e+04
    [RECOURSE COMPONENTS] gen=+0.000000e+00 | flex=+3.249246e+04 | load_curt=+0.000000e+00 | res_curt=+2.523110e-01 | ess_usage=+0.000000e+00 | slacks=+5.987671e-06 | ess_comp=+6.365121e-05
    [SLACK COMPONENTS] voltage=-6.693553e-07 | node_P=+0.000000e+00 | node_Q=+0.000000e+00 | branch_ij=+0.000000e+00 | branch_ji=+0.000000e+00 | flex_P=+6.657026e-06 | flex_Q=+0.000000e+00
    [SLACK COMPONENT CHECK] classified_delta=+5.987671e-06 | objective_slack_delta=+5.987671e-06 | mismatch=-1.314504e-13
    [RECOURSE COMPONENT CHECK] classified_delta=+3.249271e+04 | block_delta=+3.249271e+04 | mismatch=-9.495125e-10
  TSO node=None year=2025 day=Summer | previous=9.342604e+07 | current=9.345582e+07 | delta=+2.977274e+04 | abs_delta=2.977274e+04
    [RECOURSE JUMP][TSO PROX] year=2025 day=Summer | V max=0.000135 | PF max=0.002369 | ESS max=0.000643
    [RECOURSE COMPONENTS] gen=+7.778181e+04 | flex=-4.800907e+04 | load_curt=+0.000000e+00 | res_curt=+0.000000e+00 | ess_usage=+0.000000e+00 | slacks=+8.064660e-12 | ess_comp=-1.759351e-04
    [SLACK COMPONENTS] voltage=+8.071765e-12 | node_P=+0.000000e+00 | node_Q=+0.000000e+00 | branch_ij=+0.000000e+00 | branch_ji=+0.000000e+00 | flex_P=+0.000000e+00 | flex_Q=+0.000000e+00
    [SLACK COMPONENT CHECK] classified_delta=+8.071765e-12 | objective_slack_delta=+8.064660e-12 | mismatch=+7.105427e-15
    [RECOURSE COMPONENT CHECK] classified_delta=+2.977274e+04 | block_delta=+2.977274e+04 | mismatch=+2.448360e-09
  DSO node=9 year=2025 day=Summer | previous=1.734598e+06 | current=1.707988e+06 | delta=-2.660924e+04 | abs_delta=2.660924e+04
    [RECOURSE COMPONENTS] gen=+0.000000e+00 | flex=-2.660840e+04 | load_curt=+0.000000e+00 | res_curt=-8.248136e-01 | ess_usage=+0.000000e+00 | slacks=+9.428632e-07 | ess_comp=-1.072890e-02
    [SLACK COMPONENTS] voltage=+2.897614e-07 | node_P=+0.000000e+00 | node_Q=+0.000000e+00 | branch_ij=+0.000000e+00 | branch_ji=+0.000000e+00 | flex_P=+6.531019e-07 | flex_Q=+0.000000e+00
    [SLACK COMPONENT CHECK] classified_delta=+9.428633e-07 | objective_slack_delta=+9.428632e-07 | mismatch=+1.101341e-13
    [RECOURSE COMPONENT CHECK] classified_delta=-2.660924e+04 | block_delta=-2.660924e+04 | mismatch=+1.418812e-10
  DSO node=9 year=2035 day=Spring | previous=1.014590e+07 | current=1.016966e+07 | delta=+2.376088e+04 | abs_delta=2.376088e+04
    [RECOURSE COMPONENTS] gen=+0.000000e+00 | flex=+2.376127e+04 | load_curt=+0.000000e+00 | res_curt=-3.926279e-01 | ess_usage=+0.000000e+00 | slacks=-7.913088e-07 | ess_comp=+6.888809e-05
    [SLACK COMPONENTS] voltage=+8.275123e-08 | node_P=+0.000000e+00 | node_Q=+0.000000e+00 | branch_ij=+0.000000e+00 | branch_ji=+0.000000e+00 | flex_P=-8.740600e-07 | flex_Q=+0.000000e+00
    [SLACK COMPONENT CHECK] classified_delta=-7.913088e-07 | objective_slack_delta=-7.913088e-07 | mismatch=+4.263256e-14
    [RECOURSE COMPONENT CHECK] classified_delta=+2.376088e+04 | block_delta=+2.376088e+04 | mismatch=-1.055014e-09
  DSO node=7 year=2030 day=Spring | previous=4.034382e+06 | current=4.057209e+06 | delta=+2.282656e+04 | abs_delta=2.282656e+04
    [RECOURSE COMPONENTS] gen=+0.000000e+00 | flex=+2.282863e+04 | load_curt=+0.000000e+00 | res_curt=-2.072545e+00 | ess_usage=+0.000000e+00 | slacks=-1.406760e-06 | ess_comp=-1.202781e-04
    [SLACK COMPONENTS] voltage=-1.241035e-07 | node_P=+0.000000e+00 | node_Q=+0.000000e+00 | branch_ij=+0.000000e+00 | branch_ji=+0.000000e+00 | flex_P=-1.282689e-06 | flex_Q=+3.258194e-11
    [SLACK COMPONENT CHECK] classified_delta=-1.406760e-06 | objective_slack_delta=-1.406760e-06 | mismatch=+1.918465e-13
    [RECOURSE COMPONENT CHECK] classified_delta=+2.282656e+04 | block_delta=+2.282656e+04 | mismatch=-1.127773e-10
  DSO node=7 year=2025 day=Spring | previous=4.185872e+06 | current=4.203790e+06 | delta=+1.791826e+04 | abs_delta=1.791826e+04
    [RECOURSE COMPONENTS] gen=+0.000000e+00 | flex=+1.791819e+04 | load_curt=+0.000000e+00 | res_curt=+6.918793e-02 | ess_usage=+0.000000e+00 | slacks=+8.151011e-08 | ess_comp=+1.553192e-04
    [SLACK COMPONENTS] voltage=+4.078828e-08 | node_P=+0.000000e+00 | node_Q=+0.000000e+00 | branch_ij=+0.000000e+00 | branch_ji=+0.000000e+00 | flex_P=+4.072188e-08 | flex_Q=+0.000000e+00
    [SLACK COMPONENT CHECK] classified_delta=+8.151016e-08 | objective_slack_delta=+8.151011e-08 | mismatch=+4.973799e-14
    [RECOURSE COMPONENT CHECK] classified_delta=+1.791826e+04 | block_delta=+1.791826e+04 | mismatch=+3.710738e-10
  TSO node=None year=2035 day=Summer | previous=6.625112e+07 | current=6.623601e+07 | delta=-1.510512e+04 | abs_delta=1.510512e+04
    [RECOURSE JUMP][TSO PROX] year=2035 day=Summer | V max=0.000186 | PF max=0.002043 | ESS max=0.000040
    [RECOURSE COMPONENTS] gen=-2.008179e+04 | flex=+4.976777e+03 | load_curt=+0.000000e+00 | res_curt=+0.000000e+00 | ess_usage=+0.000000e+00 | slacks=+3.460343e-12 | ess_comp=-1.092558e-01
    [SLACK COMPONENTS] voltage=+3.460343e-12 | node_P=+0.000000e+00 | node_Q=+0.000000e+00 | branch_ij=+0.000000e+00 | branch_ji=+0.000000e+00 | flex_P=+4.440892e-16 | flex_Q=+4.440892e-16
    [SLACK COMPONENT CHECK] classified_delta=+3.461231e-12 | objective_slack_delta=+3.460343e-12 | mismatch=+8.881784e-16
    [RECOURSE COMPONENT CHECK] classified_delta=-1.510512e+04 | block_delta=-1.510512e+04 | mismatch=-2.884917e-09
[INFO]		 - Recourse stationarity failed. 103009.126223 > 81806.051993
[ADMM RHO] V | primal max ratio=0.000 | primal mean ratio=0.000 | primal selected=0.000 | dual mean ratio=0.010 | increase threshold=5.0 | decrease threshold=5.0 | action=held
[ADMM RHO] PF | primal max ratio=0.157 | primal mean ratio=0.011 | primal selected=0.157 | dual mean ratio=0.091 | increase threshold=5.0 | decrease threshold=3.0 | action=held
[ADMM RHO] ESS | primal max ratio=0.005 | primal mean ratio=0.004 | primal selected=0.005 | dual mean ratio=0.009 | increase threshold=5.0 | decrease threshold=5.0 | action=held
[INFO]		 - ADMM cycle 68 | Primal (V max/mean | PF max/mean | ESS max/mean) = 0.000005/0.000000 | 0.001565/0.000011 | 0.000508/0.000037 | Dual (V max/mean | PF max/mean | ESS max/mean) = 0.000419/0.000098 | 0.023030/0.000908 | 0.001279/0.000085 | Recourse change = 103009.126223 (tol. 81806.051993) | Stable cycles = 0/1 | Penalty actions (V/PF/ESS) = held/held/held
[INFO] 	 - Iteration 68: 32.32 s
[INFO] 	 - ADMM Iteration 69
[INFO] 		 - Updating distribution networks:
[INFO] 			 - Running SMOPF, Network case33_1, 2025, Spring...
[INFO] 			 - Running SMOPF, Network case33_1, 2025, Summer...
[INFO] 			 - Running SMOPF, Network case33_1, 2025, Autumn...
[INFO] 			 - Running SMOPF, Network case33_1, 2025, Winter...
[INFO] 			 - Running SMOPF, Network case33_1, 2030, Spring...
[INFO] 			 - Running SMOPF, Network case33_1, 2030, Summer...
[INFO] 			 - Running SMOPF, Network case33_1, 2030, Autumn...
[INFO] 			 - Running SMOPF, Network case33_1, 2030, Winter...
[INFO] 			 - Running SMOPF, Network case33_1, 2035, Spring...
[INFO] 			 - Running SMOPF, Network case33_1, 2035, Summer...
[INFO] 			 - Running SMOPF, Network case33_1, 2035, Autumn...
[INFO] 			 - Running SMOPF, Network case33_1, 2035, Winter...
[INFO] 			 - Running SMOPF, Network case33_2, 2025, Spring...
[INFO] 			 - Running SMOPF, Network case33_2, 2025, Summer...
[INFO] 			 - Running SMOPF, Network case33_2, 2025, Autumn...
[INFO] 			 - Running SMOPF, Network case33_2, 2025, Winter...
[INFO] 			 - Running SMOPF, Network case33_2, 2030, Spring...
[INFO] 			 - Running SMOPF, Network case33_2, 2030, Summer...
[INFO] 			 - Running SMOPF, Network case33_2, 2030, Autumn...
[INFO] 			 - Running SMOPF, Network case33_2, 2030, Winter...
[INFO] 			 - Running SMOPF, Network case33_2, 2035, Spring...
[INFO] 			 - Running SMOPF, Network case33_2, 2035, Summer...
[INFO] 			 - Running SMOPF, Network case33_2, 2035, Autumn...
[INFO] 			 - Running SMOPF, Network case33_2, 2035, Winter...
[INFO] 			 - Running SMOPF, Network case33_3, 2025, Spring...
[INFO] 			 - Running SMOPF, Network case33_3, 2025, Summer...
[INFO] 			 - Running SMOPF, Network case33_3, 2025, Autumn...
[INFO] 			 - Running SMOPF, Network case33_3, 2025, Winter...
[INFO] 			 - Running SMOPF, Network case33_3, 2030, Spring...
[INFO] 			 - Running SMOPF, Network case33_3, 2030, Summer...
[INFO] 			 - Running SMOPF, Network case33_3, 2030, Autumn...
[INFO] 			 - Running SMOPF, Network case33_3, 2030, Winter...
[INFO] 			 - Running SMOPF, Network case33_3, 2035, Spring...
[INFO] 			 - Running SMOPF, Network case33_3, 2035, Summer...
[INFO] 			 - Running SMOPF, Network case33_3, 2035, Autumn...
[INFO] 			 - Running SMOPF, Network case33_3, 2035, Winter...
[INFO] 		 - Updating transmission network...
[INFO] 			 - Running SMOPF, Network case9, 2025, Spring...
[INFO] 			 - Running SMOPF, Network case9, 2025, Summer...
[INFO] 			 - Running SMOPF, Network case9, 2025, Autumn...
[INFO] 			 - Running SMOPF, Network case9, 2025, Winter...
[INFO] 			 - Running SMOPF, Network case9, 2030, Spring...
[INFO] 			 - Running SMOPF, Network case9, 2030, Summer...
[INFO] 			 - Running SMOPF, Network case9, 2030, Autumn...
[INFO] 			 - Running SMOPF, Network case9, 2030, Winter...
[INFO] 			 - Running SMOPF, Network case9, 2035, Spring...
[INFO] 			 - Running SMOPF, Network case9, 2035, Summer...
[INFO] 			 - Running SMOPF, Network case9, 2035, Autumn...
[INFO] 			 - Running SMOPF, Network case9, 2035, Winter...
[TSO PROX] cycle=69 | updated_blocks=12 | held_failed_blocks=0 | V max=0.000186 | PF max=0.004565 | ESS max=0.000715
[TSO PROX][V MAX] node=5, year=2035, day=Summer, period=19 | dV=0.064131 kV | normalized=0.000186
[TSO PROX][PF MAX] node=7, year=2035, day=Spring, period=14, type=P | delta=0.456467 MW | normalized=0.004565
[TSO PROX][ESS MAX] node=7, year=2025, day=Spring, period=3, type=P | delta=0.001384 MW | normalized=0.000715
[INFO] 		 - Updating SharedESS...
[INFO] 		 - Running Shared ESS optimization (subproblem)...
[INFO] 			 - Node 5...
[INFO] Shared ESS complementarity diagnostics for ESS node=5: ratio_max=2.584987e-05 n_periods=288 mu_final=4.764770e-09 s_obj=1.000000e-01 eps=1.000000e-03 bound=1.372254e-02 measured=8.219869e-03
[INFO] 			 - Node 7...
[INFO] Shared ESS complementarity diagnostics for ESS node=7: ratio_max=2.582320e-05 n_periods=288 mu_final=4.760938e-09 s_obj=1.000000e-01 eps=1.000000e-03 bound=1.371150e-02 measured=8.218987e-03
[INFO] 			 - Node 9...
[INFO] Shared ESS complementarity diagnostics for ESS node=9: ratio_max=2.581246e-05 n_periods=288 mu_final=4.826800e-09 s_obj=1.000000e-01 eps=1.000000e-03 bound=1.390118e-02 measured=8.206272e-03
[INFO]		 - Primal residuals ok!
[INFO]		 - Dual residuals ok!
[RECOURSE JUMP] cycle=69 | abs_change=1.242749e+05 | tol=8.179575e+04 | signed_change=-1.242749e+05
[RECOURSE JUMP] Reconciliation | previous=8.179575e+08 | current=8.178332e+08 | block_delta=-1.242749e+05 | mismatch=-2.384186e-07
[RECOURSE JUMP] Aggregate signed changes:
  TSO | delta=-1.724436e+05
  DSO node=7 | delta=+5.144668e+04
  DSO node=5 | delta=-7.622445e+03
  DSO node=9 | delta=+4.344501e+03
  SALVAGE | delta=-5.804317e-36
[RECOURSE JUMP] Largest 10 block changes:
  TSO node=None year=2035 day=Spring | previous=5.779269e+07 | current=5.770053e+07 | delta=-9.215908e+04 | abs_delta=9.215908e+04
    [RECOURSE JUMP][TSO PROX] year=2035 day=Spring | V max=0.000138 | PF max=0.004565 | ESS max=0.000023
    [RECOURSE COMPONENTS] gen=-1.520397e+05 | flex=+5.988066e+04 | load_curt=+0.000000e+00 | res_curt=+0.000000e+00 | ess_usage=+0.000000e+00 | slacks=-9.747097e-09 | ess_comp=+1.592183e-03
    [SLACK COMPONENTS] voltage=-6.331859e-09 | node_P=+0.000000e+00 | node_Q=+0.000000e+00 | branch_ij=+0.000000e+00 | branch_ji=+0.000000e+00 | flex_P=-1.707632e-09 | flex_Q=-1.707632e-09
    [SLACK COMPONENT CHECK] classified_delta=-9.747123e-09 | objective_slack_delta=-9.747097e-09 | mismatch=-2.575717e-14
    [RECOURSE COMPONENT CHECK] classified_delta=-9.215908e+04 | block_delta=-9.215908e+04 | mismatch=-6.984919e-10
  TSO node=None year=2030 day=Spring | previous=5.664019e+07 | current=5.659098e+07 | delta=-4.920777e+04 | abs_delta=4.920777e+04
    [RECOURSE JUMP][TSO PROX] year=2030 day=Spring | V max=0.000100 | PF max=0.003622 | ESS max=0.000023
    [RECOURSE COMPONENTS] gen=-7.919679e+04 | flex=+2.998903e+04 | load_curt=+0.000000e+00 | res_curt=+0.000000e+00 | ess_usage=+0.000000e+00 | slacks=+1.904255e-12 | ess_comp=-1.279103e-02
    [SLACK COMPONENTS] voltage=+1.904255e-12 | node_P=+0.000000e+00 | node_Q=+0.000000e+00 | branch_ij=+0.000000e+00 | branch_ji=+0.000000e+00 | flex_P=-1.776357e-15 | flex_Q=-1.776357e-15
    [SLACK COMPONENT CHECK] classified_delta=+1.900702e-12 | objective_slack_delta=+1.904255e-12 | mismatch=-3.552714e-15
    [RECOURSE COMPONENT CHECK] classified_delta=-4.920777e+04 | block_delta=-4.920777e+04 | mismatch=+8.760253e-09
  TSO node=None year=2025 day=Spring | previous=7.618205e+07 | current=7.613974e+07 | delta=-4.230630e+04 | abs_delta=4.230630e+04
    [RECOURSE JUMP][TSO PROX] year=2025 day=Spring | V max=0.000102 | PF max=0.003468 | ESS max=0.000715
    [RECOURSE COMPONENTS] gen=-6.056884e+04 | flex=+1.826254e+04 | load_curt=+0.000000e+00 | res_curt=+0.000000e+00 | ess_usage=+0.000000e+00 | slacks=+7.957226e-10 | ess_comp=+1.476126e-04
    [SLACK COMPONENTS] voltage=+5.242740e-10 | node_P=+0.000000e+00 | node_Q=+0.000000e+00 | branch_ij=+0.000000e+00 | branch_ji=+0.000000e+00 | flex_P=+1.357363e-10 | flex_Q=+1.357363e-10
    [SLACK COMPONENT CHECK] classified_delta=+7.957466e-10 | objective_slack_delta=+7.957226e-10 | mismatch=+2.398082e-14
    [RECOURSE COMPONENT CHECK] classified_delta=-4.230630e+04 | block_delta=-4.230630e+04 | mismatch=+1.176522e-08
  DSO node=7 year=2035 day=Spring | previous=7.003348e+06 | current=7.031392e+06 | delta=+2.804399e+04 | abs_delta=2.804399e+04
    [RECOURSE COMPONENTS] gen=+0.000000e+00 | flex=+2.804403e+04 | load_curt=+0.000000e+00 | res_curt=-3.833968e-02 | ess_usage=+0.000000e+00 | slacks=+2.767020e-05 | ess_comp=+4.106476e-05
    [SLACK COMPONENTS] voltage=-2.794780e-06 | node_P=+0.000000e+00 | node_Q=+0.000000e+00 | branch_ij=+0.000000e+00 | branch_ji=+0.000000e+00 | flex_P=+3.046498e-05 | flex_Q=+0.000000e+00
    [SLACK COMPONENT CHECK] classified_delta=+2.767020e-05 | objective_slack_delta=+2.767020e-05 | mismatch=+1.740830e-13
    [RECOURSE COMPONENT CHECK] classified_delta=+2.804399e+04 | block_delta=+2.804399e+04 | mismatch=+9.604264e-10
  TSO node=None year=2025 day=Summer | previous=9.345582e+07 | current=9.348005e+07 | delta=+2.423770e+04 | abs_delta=2.423770e+04
    [RECOURSE JUMP][TSO PROX] year=2025 day=Summer | V max=0.000130 | PF max=0.002206 | ESS max=0.000643
    [RECOURSE COMPONENTS] gen=+6.626584e+04 | flex=-4.202814e+04 | load_curt=+0.000000e+00 | res_curt=+0.000000e+00 | ess_usage=+0.000000e+00 | slacks=+8.128609e-12 | ess_comp=-1.799649e-04
    [SLACK COMPONENTS] voltage=+8.121503e-12 | node_P=+0.000000e+00 | node_Q=+0.000000e+00 | branch_ij=+0.000000e+00 | branch_ji=+0.000000e+00 | flex_P=+0.000000e+00 | flex_Q=+0.000000e+00
    [SLACK COMPONENT CHECK] classified_delta=+8.121503e-12 | objective_slack_delta=+8.128609e-12 | mismatch=-7.105427e-15
    [RECOURSE COMPONENT CHECK] classified_delta=+2.423770e+04 | block_delta=+2.423770e+04 | mismatch=+6.246410e-09
  DSO node=7 year=2030 day=Spring | previous=4.057209e+06 | current=4.078568e+06 | delta=+2.135952e+04 | abs_delta=2.135952e+04
    [RECOURSE COMPONENTS] gen=+0.000000e+00 | flex=+2.136143e+04 | load_curt=+0.000000e+00 | res_curt=-1.907255e+00 | ess_usage=+0.000000e+00 | slacks=-5.186510e-06 | ess_comp=-1.026264e-04
    [SLACK COMPONENTS] voltage=-4.291949e-07 | node_P=+0.000000e+00 | node_Q=+0.000000e+00 | branch_ij=+0.000000e+00 | branch_ji=+0.000000e+00 | flex_P=-4.757340e-06 | flex_Q=+2.507150e-11
    [SLACK COMPONENT CHECK] classified_delta=-5.186510e-06 | objective_slack_delta=-5.186510e-06 | mismatch=-3.552714e-13
    [RECOURSE COMPONENT CHECK] classified_delta=+2.135952e+04 | block_delta=+2.135952e+04 | mismatch=+4.511094e-10
  DSO node=9 year=2025 day=Summer | previous=1.707988e+06 | current=1.688633e+06 | delta=-1.935482e+04 | abs_delta=1.935482e+04
    [RECOURSE COMPONENTS] gen=+0.000000e+00 | flex=-1.935366e+04 | load_curt=+0.000000e+00 | res_curt=-1.156699e+00 | ess_usage=+0.000000e+00 | slacks=+9.692269e-06 | ess_comp=-4.266078e-03
    [SLACK COMPONENTS] voltage=+1.019486e-07 | node_P=+0.000000e+00 | node_Q=+0.000000e+00 | branch_ij=+0.000000e+00 | branch_ji=+0.000000e+00 | flex_P=+9.589139e-06 | flex_Q=+1.181316e-09
    [SLACK COMPONENT CHECK] classified_delta=+9.692269e-06 | objective_slack_delta=+9.692269e-06 | mismatch=-4.014566e-13
    [RECOURSE COMPONENT CHECK] classified_delta=-1.935482e+04 | block_delta=-1.935482e+04 | mismatch=+7.275958e-12
  DSO node=9 year=2035 day=Spring | previous=1.016966e+07 | current=1.018758e+07 | delta=+1.791846e+04 | abs_delta=1.791846e+04
    [RECOURSE COMPONENTS] gen=+0.000000e+00 | flex=+1.791909e+04 | load_curt=+0.000000e+00 | res_curt=-6.306535e-01 | ess_usage=+0.000000e+00 | slacks=+1.647471e-05 | ess_comp=+6.831643e-05
    [SLACK COMPONENTS] voltage=-9.178644e-07 | node_P=+0.000000e+00 | node_Q=+0.000000e+00 | branch_ij=+0.000000e+00 | branch_ji=+0.000000e+00 | flex_P=+1.739257e-05 | flex_Q=+0.000000e+00
    [SLACK COMPONENT CHECK] classified_delta=+1.647471e-05 | objective_slack_delta=+1.647471e-05 | mismatch=-4.618528e-14
    [RECOURSE COMPONENT CHECK] classified_delta=+1.791846e+04 | block_delta=+1.791846e+04 | mismatch=+3.929017e-10
  DSO node=7 year=2025 day=Spring | previous=4.203790e+06 | current=4.221643e+06 | delta=+1.785287e+04 | abs_delta=1.785287e+04
    [RECOURSE COMPONENTS] gen=+0.000000e+00 | flex=+1.785280e+04 | load_curt=+0.000000e+00 | res_curt=+7.584761e-02 | ess_usage=+0.000000e+00 | slacks=+1.474412e-07 | ess_comp=-2.557768e-04
    [SLACK COMPONENTS] voltage=+4.819344e-08 | node_P=+0.000000e+00 | node_Q=+0.000000e+00 | branch_ij=+0.000000e+00 | branch_ji=+0.000000e+00 | flex_P=+9.924781e-08 | flex_Q=+0.000000e+00
    [SLACK COMPONENT CHECK] classified_delta=+1.474413e-07 | objective_slack_delta=+1.474412e-07 | mismatch=+5.329071e-14
    [RECOURSE COMPONENT CHECK] classified_delta=+1.785287e+04 | block_delta=+1.785287e+04 | mismatch=-1.284207e-09
  DSO node=7 year=2025 day=Summer | previous=1.059195e+06 | current=1.045867e+06 | delta=-1.332768e+04 | abs_delta=1.332768e+04
    [RECOURSE COMPONENTS] gen=+0.000000e+00 | flex=-1.332749e+04 | load_curt=+0.000000e+00 | res_curt=-1.898591e-01 | ess_usage=+0.000000e+00 | slacks=+4.948497e-07 | ess_comp=-9.764316e-04
    [SLACK COMPONENTS] voltage=+7.879862e-08 | node_P=+0.000000e+00 | node_Q=+0.000000e+00 | branch_ij=+0.000000e+00 | branch_ji=+0.000000e+00 | flex_P=+4.160510e-07 | flex_Q=+0.000000e+00
    [SLACK COMPONENT CHECK] classified_delta=+4.948496e-07 | objective_slack_delta=+4.948497e-07 | mismatch=-5.684342e-14
    [RECOURSE COMPONENT CHECK] classified_delta=-1.332768e+04 | block_delta=-1.332768e+04 | mismatch=-1.455192e-10
[INFO]		 - Recourse stationarity failed. 124274.852204 > 81795.751080
[ADMM RHO] V | primal max ratio=0.001 | primal mean ratio=0.000 | primal selected=0.001 | dual mean ratio=0.010 | increase threshold=5.0 | decrease threshold=5.0 | action=held
[ADMM RHO] PF | primal max ratio=0.070 | primal mean ratio=0.015 | primal selected=0.070 | dual mean ratio=0.085 | increase threshold=5.0 | decrease threshold=3.0 | action=held
[ADMM RHO] ESS | primal max ratio=0.005 | primal mean ratio=0.003 | primal selected=0.005 | dual mean ratio=0.009 | increase threshold=5.0 | decrease threshold=5.0 | action=held
[INFO]		 - ADMM cycle 69 | Primal (V max/mean | PF max/mean | ESS max/mean) = 0.000011/0.000000 | 0.000702/0.000015 | 0.000453/0.000029 | Dual (V max/mean | PF max/mean | ESS max/mean) = 0.000418/0.000098 | 0.023862/0.000847 | 0.001339/0.000087 | Recourse change = 124274.852204 (tol. 81795.751080) | Stable cycles = 0/1 | Penalty actions (V/PF/ESS) = held/held/held
[INFO] 	 - Iteration 69: 32.15 s
[INFO] 	 - ADMM Iteration 70
[INFO] 		 - Updating distribution networks:
[INFO] 			 - Running SMOPF, Network case33_1, 2025, Spring...
[INFO] 			 - Running SMOPF, Network case33_1, 2025, Summer...
[INFO] 			 - Running SMOPF, Network case33_1, 2025, Autumn...
[INFO] 			 - Running SMOPF, Network case33_1, 2025, Winter...
[INFO] 			 - Running SMOPF, Network case33_1, 2030, Spring...
[INFO] 			 - Running SMOPF, Network case33_1, 2030, Summer...
[INFO] 			 - Running SMOPF, Network case33_1, 2030, Autumn...
[INFO] 			 - Running SMOPF, Network case33_1, 2030, Winter...
[INFO] 			 - Running SMOPF, Network case33_1, 2035, Spring...
[INFO] 			 - Running SMOPF, Network case33_1, 2035, Summer...
[INFO] 			 - Running SMOPF, Network case33_1, 2035, Autumn...
[INFO] 			 - Running SMOPF, Network case33_1, 2035, Winter...
[INFO] 			 - Running SMOPF, Network case33_2, 2025, Spring...
[INFO] 			 - Running SMOPF, Network case33_2, 2025, Summer...
[INFO] 			 - Running SMOPF, Network case33_2, 2025, Autumn...
[INFO] 			 - Running SMOPF, Network case33_2, 2025, Winter...
[INFO] 			 - Running SMOPF, Network case33_2, 2030, Spring...
[INFO] 			 - Running SMOPF, Network case33_2, 2030, Summer...
[INFO] 			 - Running SMOPF, Network case33_2, 2030, Autumn...
[INFO] 			 - Running SMOPF, Network case33_2, 2030, Winter...
[INFO] 			 - Running SMOPF, Network case33_2, 2035, Spring...
[INFO] 			 - Running SMOPF, Network case33_2, 2035, Summer...
[INFO] 			 - Running SMOPF, Network case33_2, 2035, Autumn...
[INFO] 			 - Running SMOPF, Network case33_2, 2035, Winter...
[INFO] 			 - Running SMOPF, Network case33_3, 2025, Spring...
[INFO] 			 - Running SMOPF, Network case33_3, 2025, Summer...
[INFO] 			 - Running SMOPF, Network case33_3, 2025, Autumn...
[INFO] 			 - Running SMOPF, Network case33_3, 2025, Winter...
[INFO] 			 - Running SMOPF, Network case33_3, 2030, Spring...
[INFO] 			 - Running SMOPF, Network case33_3, 2030, Summer...
[INFO] 			 - Running SMOPF, Network case33_3, 2030, Autumn...
[INFO] 			 - Running SMOPF, Network case33_3, 2030, Winter...
[INFO] 			 - Running SMOPF, Network case33_3, 2035, Spring...
[INFO] 			 - Running SMOPF, Network case33_3, 2035, Summer...
[INFO] 			 - Running SMOPF, Network case33_3, 2035, Autumn...
[INFO] 			 - Running SMOPF, Network case33_3, 2035, Winter...
[INFO] 		 - Updating transmission network...
[INFO] 			 - Running SMOPF, Network case9, 2025, Spring...
[INFO] 			 - Running SMOPF, Network case9, 2025, Summer...
[INFO] 			 - Running SMOPF, Network case9, 2025, Autumn...
[INFO] 			 - Running SMOPF, Network case9, 2025, Winter...
[INFO] 			 - Running SMOPF, Network case9, 2030, Spring...
[INFO] 			 - Running SMOPF, Network case9, 2030, Summer...
[INFO] 			 - Running SMOPF, Network case9, 2030, Autumn...
[INFO] 			 - Running SMOPF, Network case9, 2030, Winter...
[INFO] 			 - Running SMOPF, Network case9, 2035, Spring...
[INFO] 			 - Running SMOPF, Network case9, 2035, Summer...
[INFO] 			 - Running SMOPF, Network case9, 2035, Autumn...
[INFO] 			 - Running SMOPF, Network case9, 2035, Winter...
[TSO PROX] cycle=70 | updated_blocks=12 | held_failed_blocks=0 | V max=0.000186 | PF max=0.004650 | ESS max=0.000714
[TSO PROX][V MAX] node=5, year=2035, day=Summer, period=19 | dV=0.064082 kV | normalized=0.000186
[TSO PROX][PF MAX] node=7, year=2035, day=Spring, period=14, type=P | delta=0.465025 MW | normalized=0.004650
[TSO PROX][ESS MAX] node=7, year=2025, day=Spring, period=3, type=P | delta=0.001384 MW | normalized=0.000714
[INFO] 		 - Updating SharedESS...
[INFO] 		 - Running Shared ESS optimization (subproblem)...
[INFO] 			 - Node 5...
[INFO] Shared ESS complementarity diagnostics for ESS node=5: ratio_max=2.572455e-05 n_periods=288 mu_final=4.752888e-09 s_obj=1.000000e-01 eps=1.000000e-03 bound=1.368832e-02 measured=8.204814e-03
[INFO] 			 - Node 7...
[INFO] Shared ESS complementarity diagnostics for ESS node=7: ratio_max=2.571251e-05 n_periods=288 mu_final=4.761417e-09 s_obj=1.000000e-01 eps=1.000000e-03 bound=1.371288e-02 measured=8.197383e-03
[INFO] 			 - Node 9...
[INFO] Shared ESS complementarity diagnostics for ESS node=9: ratio_max=2.579523e-05 n_periods=288 mu_final=4.814819e-09 s_obj=1.000000e-01 eps=1.000000e-03 bound=1.386668e-02 measured=8.192244e-03
[INFO]		 - Primal residuals ok!
[INFO]		 - Dual residuals ok!
[RECOURSE JUMP] cycle=70 | abs_change=1.192898e+05 | tol=8.178332e+04 | signed_change=-1.192898e+05
[RECOURSE JUMP] Reconciliation | previous=8.178332e+08 | current=8.177139e+08 | block_delta=-1.192898e+05 | mismatch=+0.000000e+00
[RECOURSE JUMP] Aggregate signed changes:
  TSO | delta=-1.758321e+05
  DSO node=7 | delta=+5.124229e+04
  DSO node=9 | delta=+6.898687e+03
  DSO node=5 | delta=-1.598694e+03
  SALVAGE | delta=-6.419819e-36
[RECOURSE JUMP] Largest 10 block changes:
  TSO node=None year=2035 day=Spring | previous=5.770053e+07 | current=5.761914e+07 | delta=-8.139029e+04 | abs_delta=8.139029e+04
    [RECOURSE JUMP][TSO PROX] year=2035 day=Spring | V max=0.000139 | PF max=0.004650 | ESS max=0.000023
    [RECOURSE COMPONENTS] gen=-1.362135e+05 | flex=+5.482326e+04 | load_curt=+0.000000e+00 | res_curt=+0.000000e+00 | ess_usage=+0.000000e+00 | slacks=+2.603130e-09 | ess_comp=+9.830954e-04
    [SLACK COMPONENTS] voltage=+1.794682e-09 | node_P=+0.000000e+00 | node_Q=+0.000000e+00 | branch_ij=+0.000000e+00 | branch_ji=+0.000000e+00 | flex_P=+4.042349e-10 | flex_Q=+4.042349e-10
    [SLACK COMPONENT CHECK] classified_delta=+2.603151e-09 | objective_slack_delta=+2.603130e-09 | mismatch=+2.131628e-14
    [RECOURSE COMPONENT CHECK] classified_delta=-8.139029e+04 | block_delta=-8.139029e+04 | mismatch=+1.251465e-08
  TSO node=None year=2030 day=Spring | previous=5.659098e+07 | current=5.652971e+07 | delta=-6.127052e+04 | abs_delta=6.127052e+04
    [RECOURSE JUMP][TSO PROX] year=2030 day=Spring | V max=0.000100 | PF max=0.003547 | ESS max=0.000022
    [RECOURSE COMPONENTS] gen=-9.799629e+04 | flex=+3.672578e+04 | load_curt=+0.000000e+00 | res_curt=+0.000000e+00 | ess_usage=+0.000000e+00 | slacks=+1.897149e-12 | ess_comp=-1.122600e-02
    [SLACK COMPONENTS] voltage=+1.897149e-12 | node_P=+0.000000e+00 | node_Q=+0.000000e+00 | branch_ij=+0.000000e+00 | branch_ji=+0.000000e+00 | flex_P=-8.881784e-16 | flex_Q=-8.881784e-16
    [SLACK COMPONENT CHECK] classified_delta=+1.895373e-12 | objective_slack_delta=+1.897149e-12 | mismatch=-1.776357e-15
    [RECOURSE COMPONENT CHECK] classified_delta=-6.127052e+04 | block_delta=-6.127052e+04 | mismatch=-7.050403e-09
  TSO node=None year=2025 day=Spring | previous=7.613974e+07 | current=7.609589e+07 | delta=-4.385685e+04 | abs_delta=4.385685e+04
    [RECOURSE JUMP][TSO PROX] year=2025 day=Spring | V max=0.000097 | PF max=0.003468 | ESS max=0.000714
    [RECOURSE COMPONENTS] gen=-6.418954e+04 | flex=+2.033269e+04 | load_curt=+0.000000e+00 | res_curt=+0.000000e+00 | ess_usage=+0.000000e+00 | slacks=-6.532801e-10 | ess_comp=-2.192230e-04
    [SLACK COMPONENTS] voltage=-4.313918e-10 | node_P=+0.000000e+00 | node_Q=+0.000000e+00 | branch_ij=+0.000000e+00 | branch_ji=+0.000000e+00 | flex_P=-1.109477e-10 | flex_Q=-1.109477e-10
    [SLACK COMPONENT CHECK] classified_delta=-6.532872e-10 | objective_slack_delta=-6.532801e-10 | mismatch=-7.105427e-15
    [RECOURSE COMPONENT CHECK] classified_delta=-4.385685e+04 | block_delta=-4.385685e+04 | mismatch=+1.151056e-08
  DSO node=7 year=2035 day=Spring | previous=7.031392e+06 | current=7.058975e+06 | delta=+2.758316e+04 | abs_delta=2.758316e+04
    [RECOURSE COMPONENTS] gen=+0.000000e+00 | flex=+2.758310e+04 | load_curt=+0.000000e+00 | res_curt=+5.797927e-02 | ess_usage=+0.000000e+00 | slacks=+1.824774e-05 | ess_comp=+8.025838e-06
    [SLACK COMPONENTS] voltage=-3.658001e-07 | node_P=+0.000000e+00 | node_Q=+0.000000e+00 | branch_ij=+0.000000e+00 | branch_ji=+0.000000e+00 | flex_P=+1.861354e-05 | flex_Q=+0.000000e+00
    [SLACK COMPONENT CHECK] classified_delta=+1.824774e-05 | objective_slack_delta=+1.824774e-05 | mismatch=-4.973799e-14
    [RECOURSE COMPONENT CHECK] classified_delta=+2.758316e+04 | block_delta=+2.758316e+04 | mismatch=+1.055014e-10
  TSO node=None year=2025 day=Summer | previous=9.348005e+07 | current=9.350636e+07 | delta=+2.630308e+04 | abs_delta=2.630308e+04
    [RECOURSE JUMP][TSO PROX] year=2025 day=Summer | V max=0.000128 | PF max=0.002014 | ESS max=0.000643
    [RECOURSE COMPONENTS] gen=+6.763070e+04 | flex=-4.132762e+04 | load_curt=+0.000000e+00 | res_curt=+0.000000e+00 | ess_usage=+0.000000e+00 | slacks=+8.128609e-12 | ess_comp=-1.856551e-04
    [SLACK COMPONENTS] voltage=+8.128609e-12 | node_P=+0.000000e+00 | node_Q=+0.000000e+00 | branch_ij=+0.000000e+00 | branch_ji=+0.000000e+00 | flex_P=+0.000000e+00 | flex_Q=+0.000000e+00
    [SLACK COMPONENT CHECK] classified_delta=+8.128609e-12 | objective_slack_delta=+8.128609e-12 | mismatch=+0.000000e+00
    [RECOURSE COMPONENT CHECK] classified_delta=+2.630308e+04 | block_delta=+2.630308e+04 | mismatch=-1.409353e-08
  DSO node=7 year=2030 day=Spring | previous=4.078568e+06 | current=4.100056e+06 | delta=+2.148733e+04 | abs_delta=2.148733e+04
    [RECOURSE COMPONENTS] gen=+0.000000e+00 | flex=+2.148917e+04 | load_curt=+0.000000e+00 | res_curt=-1.833183e+00 | ess_usage=+0.000000e+00 | slacks=-3.680193e-06 | ess_comp=-9.496721e-05
    [SLACK COMPONENTS] voltage=-3.209471e-07 | node_P=+0.000000e+00 | node_Q=+0.000000e+00 | branch_ij=+0.000000e+00 | branch_ji=+0.000000e+00 | flex_P=-3.359350e-06 | flex_Q=+1.040874e-10
    [SLACK COMPONENT CHECK] classified_delta=-3.680193e-06 | objective_slack_delta=-3.680193e-06 | mismatch=+5.293543e-13
    [RECOURSE COMPONENT CHECK] classified_delta=+2.148733e+04 | block_delta=+2.148733e+04 | mismatch=-2.510205e-10
  DSO node=9 year=2025 day=Summer | previous=1.688633e+06 | current=1.668279e+06 | delta=-2.035457e+04 | abs_delta=2.035457e+04
    [RECOURSE COMPONENTS] gen=+0.000000e+00 | flex=-2.035335e+04 | load_curt=+0.000000e+00 | res_curt=-1.228260e+00 | ess_usage=+0.000000e+00 | slacks=+1.226288e-05 | ess_comp=+2.906783e-03
    [SLACK COMPONENTS] voltage=+6.122064e-07 | node_P=+0.000000e+00 | node_Q=+0.000000e+00 | branch_ij=+0.000000e+00 | branch_ji=+0.000000e+00 | flex_P=+1.165185e-05 | flex_Q=-1.181316e-09
    [SLACK COMPONENT CHECK] classified_delta=+1.226288e-05 | objective_slack_delta=+1.226288e-05 | mismatch=+2.451372e-13
    [RECOURSE COMPONENT CHECK] classified_delta=-2.035457e+04 | block_delta=-2.035457e+04 | mismatch=-9.458745e-11
  DSO node=9 year=2035 day=Spring | previous=1.018758e+07 | current=1.020541e+07 | delta=+1.783053e+04 | abs_delta=1.783053e+04
    [RECOURSE COMPONENTS] gen=+0.000000e+00 | flex=+1.783103e+04 | load_curt=+0.000000e+00 | res_curt=-5.042630e-01 | ess_usage=+0.000000e+00 | slacks=+1.483830e-05 | ess_comp=+4.539546e-05
    [SLACK COMPONENTS] voltage=-9.954738e-08 | node_P=+0.000000e+00 | node_Q=+0.000000e+00 | branch_ij=+0.000000e+00 | branch_ji=+0.000000e+00 | flex_P=+1.493784e-05 | flex_Q=+0.000000e+00
    [SLACK COMPONENT CHECK] classified_delta=+1.483830e-05 | objective_slack_delta=+1.483830e-05 | mismatch=-1.492140e-13
    [RECOURSE COMPONENT CHECK] classified_delta=+1.783053e+04 | block_delta=+1.783053e+04 | mismatch=+1.447916e-09
  DSO node=7 year=2025 day=Spring | previous=4.221643e+06 | current=4.239449e+06 | delta=+1.780575e+04 | abs_delta=1.780575e+04
    [RECOURSE COMPONENTS] gen=+0.000000e+00 | flex=+1.780568e+04 | load_curt=+0.000000e+00 | res_curt=+6.578085e-02 | ess_usage=+0.000000e+00 | slacks=+1.385534e-07 | ess_comp=+3.625055e-03
    [SLACK COMPONENTS] voltage=+4.921014e-08 | node_P=+0.000000e+00 | node_Q=+0.000000e+00 | branch_ij=+0.000000e+00 | branch_ji=+0.000000e+00 | flex_P=+8.934321e-08 | flex_Q=+0.000000e+00
    [SLACK COMPONENT CHECK] classified_delta=+1.385534e-07 | objective_slack_delta=+1.385534e-07 | mismatch=-9.237056e-14
    [RECOURSE COMPONENT CHECK] classified_delta=+1.780575e+04 | block_delta=+1.780575e+04 | mismatch=+1.437002e-09
  DSO node=7 year=2025 day=Summer | previous=1.045867e+06 | current=1.032599e+06 | delta=-1.326750e+04 | abs_delta=1.326750e+04
    [RECOURSE COMPONENTS] gen=+0.000000e+00 | flex=-1.326732e+04 | load_curt=+0.000000e+00 | res_curt=-1.828029e-01 | ess_usage=+0.000000e+00 | slacks=-1.958149e-07 | ess_comp=-7.721399e-04
    [SLACK COMPONENTS] voltage=+4.298840e-08 | node_P=+0.000000e+00 | node_Q=+0.000000e+00 | branch_ij=+0.000000e+00 | branch_ji=+0.000000e+00 | flex_P=-2.388034e-07 | flex_Q=+0.000000e+00
    [SLACK COMPONENT CHECK] classified_delta=-1.958150e-07 | objective_slack_delta=-1.958149e-07 | mismatch=-8.881784e-14
    [RECOURSE COMPONENT CHECK] classified_delta=-1.326750e+04 | block_delta=-1.326750e+04 | mismatch=-2.728484e-11
[INFO]		 - Recourse stationarity failed. 119289.786533 > 81783.323595
[ADMM RHO] V | primal max ratio=0.001 | primal mean ratio=0.000 | primal selected=0.001 | dual mean ratio=0.010 | increase threshold=5.0 | decrease threshold=5.0 | action=held
[ADMM RHO] PF | primal max ratio=0.051 | primal mean ratio=0.014 | primal selected=0.051 | dual mean ratio=0.083 | increase threshold=5.0 | decrease threshold=3.0 | action=held
[ADMM RHO] ESS | primal max ratio=0.004 | primal mean ratio=0.002 | primal selected=0.004 | dual mean ratio=0.009 | increase threshold=5.0 | decrease threshold=5.0 | action=held
[INFO]		 - ADMM cycle 70 | Primal (V max/mean | PF max/mean | ESS max/mean) = 0.000009/0.000000 | 0.000510/0.000014 | 0.000391/0.000022 | Dual (V max/mean | PF max/mean | ESS max/mean) = 0.000418/0.000098 | 0.024193/0.000827 | 0.001375/0.000088 | Recourse change = 119289.786533 (tol. 81783.323595) | Stable cycles = 0/1 | Penalty actions (V/PF/ESS) = held/held/held
[INFO] 	 - Iteration 70: 30.60 s
[INFO] 	 - ADMM Iteration 71
[INFO] 		 - Updating distribution networks:
[INFO] 			 - Running SMOPF, Network case33_1, 2025, Spring...
[INFO] 			 - Running SMOPF, Network case33_1, 2025, Summer...
[INFO] 			 - Running SMOPF, Network case33_1, 2025, Autumn...
[INFO] 			 - Running SMOPF, Network case33_1, 2025, Winter...
[INFO] 			 - Running SMOPF, Network case33_1, 2030, Spring...
[INFO] 			 - Running SMOPF, Network case33_1, 2030, Summer...
[INFO] 			 - Running SMOPF, Network case33_1, 2030, Autumn...
[INFO] 			 - Running SMOPF, Network case33_1, 2030, Winter...
[INFO] 			 - Running SMOPF, Network case33_1, 2035, Spring...
[INFO] 			 - Running SMOPF, Network case33_1, 2035, Summer...
[INFO] 			 - Running SMOPF, Network case33_1, 2035, Autumn...
[INFO] 			 - Running SMOPF, Network case33_1, 2035, Winter...
[INFO] 			 - Running SMOPF, Network case33_2, 2025, Spring...
[INFO] 			 - Running SMOPF, Network case33_2, 2025, Summer...
[INFO] 			 - Running SMOPF, Network case33_2, 2025, Autumn...
[INFO] 			 - Running SMOPF, Network case33_2, 2025, Winter...
[INFO] 			 - Running SMOPF, Network case33_2, 2030, Spring...
[INFO] 			 - Running SMOPF, Network case33_2, 2030, Summer...
[INFO] 			 - Running SMOPF, Network case33_2, 2030, Autumn...
[INFO] 			 - Running SMOPF, Network case33_2, 2030, Winter...
[INFO] 			 - Running SMOPF, Network case33_2, 2035, Spring...
[INFO] 			 - Running SMOPF, Network case33_2, 2035, Summer...
[INFO] 			 - Running SMOPF, Network case33_2, 2035, Autumn...
[INFO] 			 - Running SMOPF, Network case33_2, 2035, Winter...
[INFO] 			 - Running SMOPF, Network case33_3, 2025, Spring...
[INFO] 			 - Running SMOPF, Network case33_3, 2025, Summer...
[INFO] 			 - Running SMOPF, Network case33_3, 2025, Autumn...
[INFO] 			 - Running SMOPF, Network case33_3, 2025, Winter...
[INFO] 			 - Running SMOPF, Network case33_3, 2030, Spring...
[INFO] 			 - Running SMOPF, Network case33_3, 2030, Summer...
[INFO] 			 - Running SMOPF, Network case33_3, 2030, Autumn...
[INFO] 			 - Running SMOPF, Network case33_3, 2030, Winter...
[INFO] 			 - Running SMOPF, Network case33_3, 2035, Spring...
[INFO] 			 - Running SMOPF, Network case33_3, 2035, Summer...
[INFO] 			 - Running SMOPF, Network case33_3, 2035, Autumn...
[INFO] 			 - Running SMOPF, Network case33_3, 2035, Winter...
[INFO] 		 - Updating transmission network...
[INFO] 			 - Running SMOPF, Network case9, 2025, Spring...
[INFO] 			 - Running SMOPF, Network case9, 2025, Summer...
[INFO] 			 - Running SMOPF, Network case9, 2025, Autumn...
[INFO] 			 - Running SMOPF, Network case9, 2025, Winter...
[INFO] 			 - Running SMOPF, Network case9, 2030, Spring...
[INFO] 			 - Running SMOPF, Network case9, 2030, Summer...
[INFO] 			 - Running SMOPF, Network case9, 2030, Autumn...
[INFO] 			 - Running SMOPF, Network case9, 2030, Winter...
[INFO] 			 - Running SMOPF, Network case9, 2035, Spring...
[INFO] 			 - Running SMOPF, Network case9, 2035, Summer...
[INFO] 			 - Running SMOPF, Network case9, 2035, Autumn...
[INFO] 			 - Running SMOPF, Network case9, 2035, Winter...
[TSO PROX] cycle=71 | updated_blocks=12 | held_failed_blocks=0 | V max=0.000186 | PF max=0.004673 | ESS max=0.000714
[TSO PROX][V MAX] node=5, year=2035, day=Summer, period=19 | dV=0.064033 kV | normalized=0.000186
[TSO PROX][PF MAX] node=7, year=2035, day=Spring, period=14, type=P | delta=0.467350 MW | normalized=0.004673
[TSO PROX][ESS MAX] node=7, year=2025, day=Spring, period=3, type=P | delta=0.001383 MW | normalized=0.000714
[INFO] 		 - Updating SharedESS...
[INFO] 		 - Running Shared ESS optimization (subproblem)...
[INFO] 			 - Node 5...
[INFO] Shared ESS complementarity diagnostics for ESS node=5: ratio_max=2.574138e-05 n_periods=288 mu_final=4.782151e-09 s_obj=1.000000e-01 eps=1.000000e-03 bound=1.377260e-02 measured=8.179175e-03
[INFO] 			 - Node 7...
[INFO] Shared ESS complementarity diagnostics for ESS node=7: ratio_max=2.583964e-05 n_periods=288 mu_final=4.774218e-09 s_obj=1.000000e-01 eps=1.000000e-03 bound=1.374975e-02 measured=8.184932e-03
[INFO] 			 - Node 9...
[INFO] Shared ESS complementarity diagnostics for ESS node=9: ratio_max=2.581122e-05 n_periods=288 mu_final=4.831348e-09 s_obj=1.000000e-01 eps=1.000000e-03 bound=1.391428e-02 measured=8.170164e-03
[INFO]		 - Primal residuals ok!
[INFO]		 - Dual residuals ok!
[INFO]		 - Recourse stationarity ok!
[ADMM RHO] V | primal max ratio=0.001 | primal mean ratio=0.000 | primal selected=0.001 | dual mean ratio=0.010 | increase threshold=5.0 | decrease threshold=5.0 | action=held
[ADMM RHO] PF | primal max ratio=0.174 | primal mean ratio=0.014 | primal selected=0.174 | dual mean ratio=0.081 | increase threshold=5.0 | decrease threshold=3.0 | action=held
[ADMM RHO] ESS | primal max ratio=0.003 | primal mean ratio=0.002 | primal selected=0.003 | dual mean ratio=0.009 | increase threshold=5.0 | decrease threshold=5.0 | action=held
[INFO]		 - ADMM cycle 71 | Primal (V max/mean | PF max/mean | ESS max/mean) = 0.000010/0.000000 | 0.001736/0.000014 | 0.000322/0.000018 | Dual (V max/mean | PF max/mean | ESS max/mean) = 0.000418/0.000098 | 0.024314/0.000807 | 0.001385/0.000088 | Recourse change = 69166.271101 (tol. 81771.394616) | Stable cycles = 1/1 | Penalty actions (V/PF/ESS) = held/held/held
[INFO] 	 - Iteration 71: 32.11 s
[INFO] 	 - ADMM converged in 71 iteration(s).
[INFO] 	 - Execution time: 2484.75 s
