
List of options:

                                    Name   Value                # times used
                         acceptable_iter = 5                         1
                          acceptable_tol = 0.0001                    1
                              bound_frac = 1e-05                     3
                              bound_push = 1e-05                     3
                             file_append = yes                       1
                        file_print_level = 6                         1
                fixed_variable_treatment = make_parameter            1
                           linear_solver = ma97                      2
                                max_iter = 500                       1
                             mu_strategy = adaptive                  2
                             output_file = /Users/micaelsimoes/Projects/share-resource-planning-no_esso-degradation/data/SRP1/Results/P515R/part3_cycle38/logs/p515r_c38_p4/optim_log_case33_2_2035_Autumn_recovery_tier2.log      1
                        slack_bound_frac = 1e-05                     1
                        slack_bound_push = 1e-05                     1
                                     tol = 1e-05                     2
                   warm_start_init_point = no                        1

******************************************************************************
This program contains Ipopt, a library for large-scale nonlinear optimization.
 Ipopt is released as open source code under the Eclipse Public License (EPL).
         For more information visit https://github.com/coin-or/Ipopt
******************************************************************************

This is Ipopt version 3.14.18, running with linear solver ma97.

Number of nonzeros in equality constraint Jacobian...:    24014
Number of nonzeros in inequality constraint Jacobian.:     6828
Number of nonzeros in Lagrangian Hessian.............:     5276

Scaling parameter for objective function = 1.000000e-03
objective scaling factor = 0.001
No x scaling provided
c scaling provided
d scaling provided
Moved initial values of x sufficiently inside the bounds.
Moved initial values of s sufficiently inside the bounds.
HSL_MA97: Make heuristic choice of AMD or MeTiS
HSL_MA97: Used AMD
HSL_MA97: PREDICTED nfactor 249119, maxfront 50
HSL_MA97: delays 422, nfactor 254369, nflops 4307889, maxfront 51
Ma97SolverInterface::Factorization: ma97_factor_solve took      0.000
Factorization successful.
Least square estimates max(y_c) = 2.248558e+03, max(y_d) = 2.578481e+01
Total number of variables............................:     9294
                     variables with only lower bounds:      122
                variables with lower and upper bounds:     7396
                     variables with only upper bounds:        0
Total number of equality constraints.................:     4305
Total number of inequality constraints...............:     3474
        inequality constraints with only lower bounds:     1584
   inequality constraints with lower and upper bounds:        0
        inequality constraints with only upper bounds:     1890


**************************************************
*** Update HessianMatrix for Iteration 0:
**************************************************



**************************************************
*** Summary of Iteration: 0:
**************************************************

iter    objective    inf_pr   inf_du lg(mu)  ||d||  lg(rg) alpha_du alpha_pr  ls
   0  9.3966214e+02 8.88e-03 1.00e+02   0.0 0.00e+00    -  0.00e+00 0.00e+00   0 

**************************************************
*** Beginning Iteration 0 from the following point:
**************************************************

Current barrier parameter mu = 1.0000000000000000e+00
Current fraction-to-the-boundary parameter tau = 0.0000000000000000e+00

||curr_x||_inf   = 1.2099997744530939e+00
||curr_s||_inf   = 1.2100006394532938e+00
||curr_y_c||_inf = 0.0000000000000000e+00
||curr_y_d||_inf = 0.0000000000000000e+00
||curr_z_L||_inf = 1.0000000000000000e+00
||curr_z_U||_inf = 1.0000000000000000e+00
||curr_v_L||_inf = 1.0000000000000000e+00
||curr_v_U||_inf = 1.0000000000000000e+00


***Current NLP Values for Iteration 0:

                                   (scaled)                 (unscaled)
Objective...............:   9.3966214299572237e-01    9.3966214299572232e+02
Dual infeasibility......:   1.0000000000000000e+02    1.0000000000000000e+05
Constraint violation....:   8.8839155981348082e-03    8.8839155981348082e-03
Complementarity.........:   2.2500999034522797e+00    2.2500999034522797e+03
Overall NLP error.......:   1.0000000000000000e+02    1.0000000000000000e+05




**************************************************
*** Update Barrier Parameter for Iteration 0:
**************************************************

Setting mu_max to 3.135976e+02.
Staying in free mu mode.
The current filter has 1 entries.
Solving the Primal Dual System for the affine step
HSL_MA97: delays 2480, nfactor 281709, nflops 5356341, maxfront 55
Ma97SolverInterface::Factorization: ma97_factor_solve took      0.000
HSL_MA97: Enabling scaling 0 due to excess delays
Factorization successful.
Number of trial factorizations performed: 1
Perturbation parameters: delta_x=0.000000e+00 delta_s=0.000000e+00
                         delta_c=0.000000e+00 delta_d=0.000000e+00
Solving the Primal Dual System for the centering step
Factorization successful.
Sigma = 1.000000e-06
Barrier parameter mu computed by oracle is 3.135976e-07
Barrier parameter mu after safeguards is 3.135976e-07
Barrier Parameter: 3.135976e-07

**************************************************
*** Solving the Primal Dual System for Iteration 0:
**************************************************

residual_ratio = 3.154167e-13
Factorization successful.
residual_ratio = 2.310215e-16

**************************************************
*** Finding Acceptable Trial Point for Iteration 0:
**************************************************

--> Starting line search in iteration 0 <--
Mu has changed in line search - resetting watchdog counters.
The current filter has 0 entries.
minimal step size ALPHA_MIN = 6.952501E-12
Starting checks for alpha (primal) = 5.18e-03
trial_max is initialized to 1.000000e+04
trial_min is initialized to 1.000000e-04
Checking acceptability for trial step size alpha_primal_test= 5.175568e-03:
  New values of barrier function     =  9.5112812616111209e-01  (reference  9.7596227922817791e-01):
  New values of constraint violation =  6.6725465477983387e-02  (reference  6.7072602580574445e-02):
Checking sufficient reduction...
Succeeded...
Checking filter acceptability...
Succeeded...

**************************************************
*** Update HessianMatrix for Iteration 1:
**************************************************



**************************************************
*** Summary of Iteration: 1:
**************************************************

iter    objective    inf_pr   inf_du lg(mu)  ||d||  lg(rg) alpha_du alpha_pr  ls
   1  9.1484820e+02 8.84e-03 9.57e+01  -6.5 2.13e-02    -  3.67e-01 5.18e-03f  1 

**************************************************
*** Beginning Iteration 1 from the following point:
**************************************************

Current barrier parameter mu = 3.1359756158601588e-07
Current fraction-to-the-boundary parameter tau = 9.8999999999999999e-01

||curr_x||_inf   = 1.2099994577780544e+00
||curr_s||_inf   = 1.2100000979735355e+00
||curr_y_c||_inf = 1.8823143569185802e+01
||curr_y_d||_inf = 8.9885651078882217e-02
||curr_z_L||_inf = 7.0937901613871986e+01
||curr_z_U||_inf = 3.0008975289263491e+00
||curr_v_L||_inf = 1.2550593353937207e+00
||curr_v_U||_inf = 7.0147464109311617e+00


***Current NLP Values for Iteration 1:

                                   (scaled)                 (unscaled)
Objective...............:   9.1484820269476963e-01    9.1484820269476961e+02
Dual infeasibility......:   9.5703158795517268e+01    9.5703158795517273e+04
Constraint violation....:   8.8379362864125215e-03    8.8379362864125215e-03
Complementarity.........:   1.4232324640137395e+00    1.4232324640137394e+03
Overall NLP error.......:   9.5703158795517268e+01    9.5703158795517273e+04




**************************************************
*** Update Barrier Parameter for Iteration 1:
**************************************************

Staying in free mu mode.
The current filter has 1 entries.
Solving the Primal Dual System for the affine step
HSL_MA97: delays 453, nfactor 254780, nflops 4324830, maxfront 51
Ma97SolverInterface::Factorization: ma97_factor_solve took      0.000
Factorization successful.
Number of trial factorizations performed: 1
Perturbation parameters: delta_x=0.000000e+00 delta_s=0.000000e+00
                         delta_c=0.000000e+00 delta_d=0.000000e+00
Solving the Primal Dual System for the centering step
Factorization successful.
Sigma = 1.000000e-06
Barrier parameter mu computed by oracle is 1.983582e-07
Barrier parameter mu after safeguards is 1.983582e-07
Barrier Parameter: 1.983582e-07

**************************************************
*** Solving the Primal Dual System for Iteration 1:
**************************************************

residual_ratio = 3.280472e-11
Factorization successful.
residual_ratio = 2.412914e-16

**************************************************
*** Finding Acceptable Trial Point for Iteration 1:
**************************************************

--> Starting line search in iteration 1 <--
Mu has changed in line search - resetting watchdog counters.
The current filter has 0 entries.
minimal step size ALPHA_MIN = 6.025987E-11
Starting checks for alpha (primal) = 1.29e-01
Checking acceptability for trial step size alpha_primal_test= 1.294806e-01:
  New values of barrier function     =  8.6747661464785186e-01  (reference  9.3779614672957834e-01):
  New values of constraint violation =  5.8087280719557058e-02  (reference  6.6725465477983387e-02):
Checking sufficient reduction...
Succeeded...
Checking filter acceptability...
Succeeded...

**************************************************
*** Update HessianMatrix for Iteration 2:
**************************************************



**************************************************
*** Summary of Iteration: 2:
**************************************************

iter    objective    inf_pr   inf_du lg(mu)  ||d||  lg(rg) alpha_du alpha_pr  ls
   2  8.4460346e+02 7.69e-03 8.33e+01  -6.7 1.79e-02    -  3.77e-01 1.29e-01h  1 Nhj 

**************************************************
*** Beginning Iteration 2 from the following point:
**************************************************

Current barrier parameter mu = 1.9835817182482760e-07
Current fraction-to-the-boundary parameter tau = 9.8999999999999999e-01

||curr_x||_inf   = 1.2099984290653381e+00
||curr_s||_inf   = 1.2099988491415898e+00
||curr_y_c||_inf = 4.8828408062196183e+02
||curr_y_d||_inf = 5.4516856239054423e+00
||curr_z_L||_inf = 1.1089185709618768e+02
||curr_z_U||_inf = 4.5751289769168260e+00
||curr_v_L||_inf = 1.5658195192946844e+00
||curr_v_U||_inf = 1.9097730241212624e+01


***Current NLP Values for Iteration 2:

                                   (scaled)                 (unscaled)
Objective...............:   8.4460346146372700e-01    8.4460346146372694e+02
Dual infeasibility......:   8.3298244935675527e+01    8.3298244935675524e+04
Constraint violation....:   7.6935949261947214e-03    7.6935949261947214e-03
Complementarity.........:   8.8650442160500420e-01    8.8650442160500415e+02
Overall NLP error.......:   8.3298244935675527e+01    8.3298244935675524e+04




**************************************************
*** Update Barrier Parameter for Iteration 2:
**************************************************

Staying in free mu mode.
The current filter has 1 entries.
Solving the Primal Dual System for the affine step
HSL_MA97: delays 443, nfactor 254651, nflops 4319553, maxfront 51
Ma97SolverInterface::Factorization: ma97_factor_solve took      0.000
Factorization successful.
Number of trial factorizations performed: 1
Perturbation parameters: delta_x=0.000000e+00 delta_s=0.000000e+00
                         delta_c=0.000000e+00 delta_d=0.000000e+00
Solving the Primal Dual System for the centering step
Factorization successful.
Sigma = 1.000000e-06
Barrier parameter mu computed by oracle is 1.235568e-07
Barrier parameter mu after safeguards is 1.235568e-07
Barrier Parameter: 1.235568e-07

**************************************************
*** Solving the Primal Dual System for Iteration 2:
**************************************************

residual_ratio = 1.553696e-11
Factorization successful.
residual_ratio = 2.220186e-16

**************************************************
*** Finding Acceptable Trial Point for Iteration 2:
**************************************************

--> Starting line search in iteration 2 <--
Mu has changed in line search - resetting watchdog counters.
The current filter has 0 entries.
minimal step size ALPHA_MIN = 1.801654E-10
Starting checks for alpha (primal) = 1.19e-01
Checking acceptability for trial step size alpha_primal_test= 1.188426e-01:
  New values of barrier function     =  8.3990642512346492e-01  (reference  8.5885108569641422e-01):
  New values of constraint violation =  5.1186862953563957e-02  (reference  5.8087280719557058e-02):
Checking sufficient reduction...
Succeeded...
Checking filter acceptability...
Succeeded...

**************************************************
*** Update HessianMatrix for Iteration 3:
**************************************************



**************************************************
*** Summary of Iteration: 3:
**************************************************

iter    objective    inf_pr   inf_du lg(mu)  ||d||  lg(rg) alpha_du alpha_pr  ls
   3  8.2562187e+02 6.78e-03 7.34e+01  -6.9 2.43e-02    -  3.63e-01 1.19e-01h  1 

**************************************************
*** Beginning Iteration 3 from the following point:
**************************************************

Current barrier parameter mu = 1.2355675987884462e-07
Current fraction-to-the-boundary parameter tau = 9.8999999999999999e-01

||curr_x||_inf   = 1.2099970681568388e+00
||curr_s||_inf   = 1.2099974054540119e+00
||curr_y_c||_inf = 8.5700213761217083e+02
||curr_y_d||_inf = 1.4422777047311239e+01
||curr_z_L||_inf = 1.2472911256398032e+02
||curr_z_U||_inf = 5.6653386340224747e+00
||curr_v_L||_inf = 1.7417930798624730e+00
||curr_v_U||_inf = 4.1614214061533161e+01


***Current NLP Values for Iteration 3:

                                   (scaled)                 (unscaled)
Objective...............:   8.2562187072688620e-01    8.2562187072688619e+02
Dual infeasibility......:   7.3398864425785092e+01    7.3398864425785097e+04
Constraint violation....:   6.7792680550562215e-03    6.7792680550562215e-03
Complementarity.........:   5.6502653880156062e-01    5.6502653880156060e+02
Overall NLP error.......:   7.3398864425785092e+01    7.3398864425785097e+04




**************************************************
*** Update Barrier Parameter for Iteration 3:
**************************************************

Staying in free mu mode.
The current filter has 1 entries.
Solving the Primal Dual System for the affine step
HSL_MA97: delays 439, nfactor 254599, nflops 4317429, maxfront 51
Ma97SolverInterface::Factorization: ma97_factor_solve took      0.000
Factorization successful.
Number of trial factorizations performed: 1
Perturbation parameters: delta_x=0.000000e+00 delta_s=0.000000e+00
                         delta_c=0.000000e+00 delta_d=0.000000e+00
Solving the Primal Dual System for the centering step
Factorization successful.
Sigma = 1.000000e-06
Barrier parameter mu computed by oracle is 7.875323e-08
Barrier parameter mu after safeguards is 7.875323e-08
Barrier Parameter: 7.875323e-08

**************************************************
*** Solving the Primal Dual System for Iteration 3:
**************************************************

residual_ratio = 3.617830e-11
Factorization successful.
residual_ratio = 2.399133e-16

**************************************************
*** Finding Acceptable Trial Point for Iteration 3:
**************************************************

--> Starting line search in iteration 3 <--
Mu has changed in line search - resetting watchdog counters.
The current filter has 0 entries.
minimal step size ALPHA_MIN = 3.129523E-10
Starting checks for alpha (primal) = 1.04e-01
Checking acceptability for trial step size alpha_primal_test= 1.044061e-01:
  New values of barrier function     =  8.2631309468370573e-01  (reference  8.3472663217621079e-01):
  New values of constraint violation =  4.5844196869481470e-02  (reference  5.1186862953563957e-02):
Checking sufficient reduction...
Succeeded...
Checking filter acceptability...
Succeeded...

**************************************************
*** Update HessianMatrix for Iteration 4:
**************************************************



**************************************************
*** Summary of Iteration: 4:
**************************************************

iter    objective    inf_pr   inf_du lg(mu)  ||d||  lg(rg) alpha_du alpha_pr  ls
   4  8.1718273e+02 6.07e-03 6.57e+01  -7.1 2.36e-02    -  5.20e-01 1.04e-01h  1 

**************************************************
*** Beginning Iteration 4 from the following point:
**************************************************

Current barrier parameter mu = 7.8753231841645998e-08
Current fraction-to-the-boundary parameter tau = 9.8999999999999999e-01

||curr_x||_inf   = 1.2099962271720728e+00
||curr_s||_inf   = 1.2099965165915618e+00
||curr_y_c||_inf = 1.1381658959899098e+03
||curr_y_d||_inf = 2.2496388787172890e+01
||curr_z_L||_inf = 1.3572281473043606e+02
||curr_z_U||_inf = 6.7194781682461269e+00
||curr_v_L||_inf = 1.9852618857549897e+00
||curr_v_U||_inf = 8.1501946344142723e+01


***Current NLP Values for Iteration 4:

                                   (scaled)                 (unscaled)
Objective...............:   8.1718273166637778e-01    8.1718273166637778e+02
Dual infeasibility......:   6.5735572976031435e+01    6.5735572976031428e+04
Constraint violation....:   6.0714709068533396e-03    6.0714709068533396e-03
Complementarity.........:   2.7147945911528171e-01    2.7147945911528171e+02
Overall NLP error.......:   6.5735572976031435e+01    6.5735572976031428e+04




**************************************************
*** Update Barrier Parameter for Iteration 4:
**************************************************

Staying in free mu mode.
The current filter has 1 entries.
Solving the Primal Dual System for the affine step
HSL_MA97: delays 437, nfactor 254571, nflops 4316253, maxfront 51
Ma97SolverInterface::Factorization: ma97_factor_solve took      0.000
Factorization successful.
Number of trial factorizations performed: 1
Perturbation parameters: delta_x=0.000000e+00 delta_s=0.000000e+00
                         delta_c=0.000000e+00 delta_d=0.000000e+00
Solving the Primal Dual System for the centering step
Factorization successful.
Sigma = 1.000000e-06
Barrier parameter mu computed by oracle is 3.784246e-08
Barrier parameter mu after safeguards is 3.784246e-08
Barrier Parameter: 3.784246e-08

**************************************************
*** Solving the Primal Dual System for Iteration 4:
**************************************************

residual_ratio = 4.489311e-11
Factorization successful.
residual_ratio = 2.698883e-16

**************************************************
*** Finding Acceptable Trial Point for Iteration 4:
**************************************************

--> Starting line search in iteration 4 <--
Mu has changed in line search - resetting watchdog counters.
The current filter has 0 entries.
minimal step size ALPHA_MIN = 3.847567E-10
Starting checks for alpha (primal) = 1.62e-01
Checking acceptability for trial step size alpha_primal_test= 1.623781e-01:
  New values of barrier function     =  8.1214948852247149e-01  (reference  8.2157004831029057e-01):
  New values of constraint violation =  3.8403769037720248e-02  (reference  4.5844196869481470e-02):
Checking sufficient reduction...
Succeeded...
Checking filter acceptability...
Succeeded...

**************************************************
*** Update HessianMatrix for Iteration 5:
**************************************************



**************************************************
*** Summary of Iteration: 5:
**************************************************

iter    objective    inf_pr   inf_du lg(mu)  ||d||  lg(rg) alpha_du alpha_pr  ls
   5  8.0773912e+02 5.09e-03 5.86e+01  -7.4 2.15e-02    -  2.60e-01 1.62e-01h  1 

**************************************************
*** Beginning Iteration 5 from the following point:
**************************************************

Current barrier parameter mu = 3.7842456446149997e-08
Current fraction-to-the-boundary parameter tau = 9.8999999999999999e-01

||curr_x||_inf   = 1.2099952545872947e+00
||curr_s||_inf   = 1.2099954890074798e+00
||curr_y_c||_inf = 1.5222172633341941e+03
||curr_y_d||_inf = 4.0362771026532307e+01
||curr_z_L||_inf = 1.3842801903553703e+02
||curr_z_U||_inf = 6.9768390329305179e+00
||curr_v_L||_inf = 2.1380007713314053e+00
||curr_v_U||_inf = 9.8977153556636821e+01


***Current NLP Values for Iteration 5:

                                   (scaled)                 (unscaled)
Objective...............:   8.0773911905692208e-01    8.0773911905692205e+02
Dual infeasibility......:   5.8614382530104514e+01    5.8614382530104514e+04
Constraint violation....:   5.0855972700463567e-03    5.0855972700463567e-03
Complementarity.........:   2.0094732828244541e-01    2.0094732828244540e+02
Overall NLP error.......:   5.8614382530104514e+01    5.8614382530104514e+04




**************************************************
*** Update Barrier Parameter for Iteration 5:
**************************************************

Staying in free mu mode.
The current filter has 1 entries.
Solving the Primal Dual System for the affine step
HSL_MA97: delays 438, nfactor 254585, nflops 4316841, maxfront 51
Ma97SolverInterface::Factorization: ma97_factor_solve took      0.000
Factorization successful.
Number of trial factorizations performed: 1
Perturbation parameters: delta_x=0.000000e+00 delta_s=0.000000e+00
                         delta_c=0.000000e+00 delta_d=0.000000e+00
Solving the Primal Dual System for the centering step
Factorization successful.
Sigma = 1.000000e-06
Barrier parameter mu computed by oracle is 2.801152e-08
Barrier parameter mu after safeguards is 2.801152e-08
Barrier Parameter: 2.801152e-08

**************************************************
*** Solving the Primal Dual System for Iteration 5:
**************************************************

residual_ratio = 3.056094e-11
Factorization successful.
residual_ratio = 2.860916e-16

**************************************************
*** Finding Acceptable Trial Point for Iteration 5:
**************************************************

--> Starting line search in iteration 5 <--
Mu has changed in line search - resetting watchdog counters.
The current filter has 0 entries.
minimal step size ALPHA_MIN = 4.636850E-10
Starting checks for alpha (primal) = 6.48e-02
Checking acceptability for trial step size alpha_primal_test= 6.478966e-02:
  New values of barrier function     =  8.0834946603843671e-01  (reference  8.1100373699616179e-01):
  New values of constraint violation =  3.5915998081194590e-02  (reference  3.8403769037720248e-02):
Checking sufficient reduction...
Succeeded...
Checking filter acceptability...
Succeeded...

**************************************************
*** Update HessianMatrix for Iteration 6:
**************************************************



**************************************************
*** Summary of Iteration: 6:
**************************************************

iter    objective    inf_pr   inf_du lg(mu)  ||d||  lg(rg) alpha_du alpha_pr  ls
   6  8.0507809e+02 4.76e-03 7.78e+01  -7.6 1.79e-02    -  3.95e-01 6.48e-02h  1 

**************************************************
*** Beginning Iteration 6 from the following point:
**************************************************

Current barrier parameter mu = 2.8011522196499639e-08
Current fraction-to-the-boundary parameter tau = 9.8999999999999999e-01

||curr_x||_inf   = 1.2099949988658929e+00
||curr_s||_inf   = 1.2099952159710747e+00
||curr_y_c||_inf = 1.6495164844381261e+03
||curr_y_d||_inf = 4.8669548916736858e+01
||curr_z_L||_inf = 1.4167438623101273e+02
||curr_z_U||_inf = 7.3409109416183123e+00
||curr_v_L||_inf = 2.4521616452894159e+00
||curr_v_U||_inf = 1.2649837526182895e+02


***Current NLP Values for Iteration 6:

                                   (scaled)                 (unscaled)
Objective...............:   8.0507808713190565e-01    8.0507808713190559e+02
Dual infeasibility......:   7.7828826345092097e+01    7.7828826345092093e+04
Constraint violation....:   4.7561031641041680e-03    4.7561031641041680e-03
Complementarity.........:   1.2148552693948296e-01    1.2148552693948295e+02
Overall NLP error.......:   7.7828826345092097e+01    7.7828826345092093e+04




**************************************************
*** Update Barrier Parameter for Iteration 6:
**************************************************

Staying in free mu mode.
The current filter has 1 entries.
Solving the Primal Dual System for the affine step
HSL_MA97: delays 439, nfactor 254599, nflops 4317429, maxfront 51
Ma97SolverInterface::Factorization: ma97_factor_solve took      0.000
Factorization successful.
Number of trial factorizations performed: 1
Perturbation parameters: delta_x=0.000000e+00 delta_s=0.000000e+00
                         delta_c=0.000000e+00 delta_d=0.000000e+00
Solving the Primal Dual System for the centering step
Factorization successful.
Sigma = 1.000000e-06
Barrier parameter mu computed by oracle is 1.693686e-08
Barrier parameter mu after safeguards is 1.693686e-08
Barrier Parameter: 1.693686e-08

**************************************************
*** Solving the Primal Dual System for Iteration 6:
**************************************************

residual_ratio = 1.034329e-10
Factorization successful.
residual_ratio = 2.490694e-16

**************************************************
*** Finding Acceptable Trial Point for Iteration 6:
**************************************************

--> Starting line search in iteration 6 <--
Mu has changed in line search - resetting watchdog counters.
The current filter has 0 entries.
minimal step size ALPHA_MIN = 4.969979E-10
Starting checks for alpha (primal) = 3.13e-01
Checking acceptability for trial step size alpha_primal_test= 3.128191e-01:
  New values of barrier function     =  7.9633394193635609e-01  (reference  8.0705609035384629e-01):
  New values of constraint violation =  2.4690285079957738e-02  (reference  3.5915998081194590e-02):
Checking sufficient reduction...
Succeeded...
Checking filter acceptability...
Succeeded...

**************************************************
*** Update HessianMatrix for Iteration 7:
**************************************************



**************************************************
*** Summary of Iteration: 7:
**************************************************

iter    objective    inf_pr   inf_du lg(mu)  ||d||  lg(rg) alpha_du alpha_pr  ls
   7  7.9433181e+02 3.27e-03 4.82e+01  -7.8 1.64e-02    -  2.03e-01 3.13e-01h  1 

**************************************************
*** Beginning Iteration 7 from the following point:
**************************************************

Current barrier parameter mu = 1.6936858352153494e-08
Current fraction-to-the-boundary parameter tau = 9.8999999999999999e-01

||curr_x||_inf   = 1.2099945228058806e+00
||curr_s||_inf   = 1.2099946650111486e+00
||curr_y_c||_inf = 2.2200850939668690e+03
||curr_y_d||_inf = 8.8217807321983813e+01
||curr_z_L||_inf = 1.4285300376423032e+02
||curr_z_U||_inf = 7.4521812666511362e+00
||curr_v_L||_inf = 2.6536108820922908e+00
||curr_v_U||_inf = 1.3637439350947324e+02


***Current NLP Values for Iteration 7:

                                   (scaled)                 (unscaled)
Objective...............:   7.9433180510884116e-01    7.9433180510884119e+02
Dual infeasibility......:   4.8156586187489424e+01    4.8156586187489425e+04
Constraint violation....:   3.2683034576466612e-03    3.2683034576466612e-03
Complementarity.........:   9.6796662446422183e-02    9.6796662446422175e+01
Overall NLP error.......:   4.8156586187489424e+01    4.8156586187489425e+04




**************************************************
*** Update Barrier Parameter for Iteration 7:
**************************************************

Staying in free mu mode.
The current filter has 1 entries.
Solving the Primal Dual System for the affine step
HSL_MA97: delays 443, nfactor 254655, nflops 4319781, maxfront 51
Ma97SolverInterface::Factorization: ma97_factor_solve took      0.000
Factorization successful.
Number of trial factorizations performed: 1
Perturbation parameters: delta_x=0.000000e+00 delta_s=0.000000e+00
                         delta_c=0.000000e+00 delta_d=0.000000e+00
Solving the Primal Dual System for the centering step
Factorization successful.
Sigma = 1.000000e-06
Barrier parameter mu computed by oracle is 1.349422e-08
Barrier parameter mu after safeguards is 1.349422e-08
Barrier Parameter: 1.349422e-08

**************************************************
*** Solving the Primal Dual System for Iteration 7:
**************************************************

residual_ratio = 1.048961e-10
Factorization successful.
residual_ratio = 2.275623e-16

**************************************************
*** Finding Acceptable Trial Point for Iteration 7:
**************************************************

--> Starting line search in iteration 7 <--
Mu has changed in line search - resetting watchdog counters.
The current filter has 0 entries.
minimal step size ALPHA_MIN = 6.209559E-10
Starting checks for alpha (primal) = 7.82e-02
Checking acceptability for trial step size alpha_primal_test= 7.821450e-02:
  New values of barrier function     =  7.9438815873325508e-01  (reference  7.9592698197099931e-01):
  New values of constraint violation =  2.2759462245187885e-02  (reference  2.4690285079957738e-02):
Checking sufficient reduction...
Succeeded...
Checking filter acceptability...
Succeeded...

**************************************************
*** Update HessianMatrix for Iteration 8:
**************************************************



**************************************************
*** Summary of Iteration: 8:
**************************************************

iter    objective    inf_pr   inf_du lg(mu)  ||d||  lg(rg) alpha_du alpha_pr  ls
   8  7.9278872e+02 3.01e-03 1.03e+02  -7.9 1.03e-02    -  5.54e-01 7.82e-02h  1 

**************************************************
*** Beginning Iteration 8 from the following point:
**************************************************

Current barrier parameter mu = 1.3494224865010467e-08
Current fraction-to-the-boundary parameter tau = 9.8999999999999999e-01

||curr_x||_inf   = 1.2099946245442166e+00
||curr_s||_inf   = 1.2099947543428871e+00
||curr_y_c||_inf = 2.3174161049739896e+03
||curr_y_d||_inf = 9.8264506754725133e+01
||curr_z_L||_inf = 1.4648158044332598e+02
||curr_z_U||_inf = 7.6874478025684114e+00
||curr_v_L||_inf = 3.6980134828681903e+00
||curr_v_U||_inf = 1.9599160933245679e+02


***Current NLP Values for Iteration 8:

                                   (scaled)                 (unscaled)
Objective...............:   7.9278872127773503e-01    7.9278872127773502e+02
Dual infeasibility......:   1.0270443267185715e+02    1.0270443267185715e+05
Constraint violation....:   3.0126747360709376e-03    3.0126747360709376e-03
Complementarity.........:   4.3153677459997528e-02    4.3153677459997525e+01
Overall NLP error.......:   1.0270443267185715e+02    1.0270443267185715e+05




**************************************************
*** Update Barrier Parameter for Iteration 8:
**************************************************

Staying in free mu mode.
The current filter has 1 entries.
Solving the Primal Dual System for the affine step
HSL_MA97: delays 445, nfactor 254679, nflops 4320729, maxfront 51
Ma97SolverInterface::Factorization: ma97_factor_solve took      0.000
Factorization successful.
Number of trial factorizations performed: 1
Perturbation parameters: delta_x=0.000000e+00 delta_s=0.000000e+00
                         delta_c=0.000000e+00 delta_d=0.000000e+00
Solving the Primal Dual System for the centering step
Factorization successful.
Sigma = 1.000000e-06
Barrier parameter mu computed by oracle is 6.017846e-09
Barrier parameter mu after safeguards is 6.017846e-09
Barrier Parameter: 6.017846e-09

**************************************************
*** Solving the Primal Dual System for Iteration 8:
**************************************************

residual_ratio = 7.879751e-11
Factorization successful.
residual_ratio = 2.124871e-16

**************************************************
*** Finding Acceptable Trial Point for Iteration 8:
**************************************************

--> Starting line search in iteration 8 <--
Mu has changed in line search - resetting watchdog counters.
The current filter has 0 entries.
minimal step size ALPHA_MIN = 7.089446E-10
Starting checks for alpha (primal) = 4.72e-01
Checking acceptability for trial step size alpha_primal_test= 4.719624e-01:
  New values of barrier function     =  7.8636145783928835e-01  (reference  7.9350200184280339e-01):
  New values of constraint violation =  1.2029605475198487e-02  (reference  2.2759462245187885e-02):
Checking sufficient reduction...
Succeeded...
Checking filter acceptability...
Succeeded...

**************************************************
*** Update HessianMatrix for Iteration 9:
**************************************************



**************************************************
*** Summary of Iteration: 9:
**************************************************

iter    objective    inf_pr   inf_du lg(mu)  ||d||  lg(rg) alpha_du alpha_pr  ls
   9  7.8563245e+02 1.59e-03 5.45e+01  -8.2 7.52e-03    -  4.76e-01 4.72e-01h  1 

**************************************************
*** Beginning Iteration 9 from the following point:
**************************************************

Current barrier parameter mu = 6.0178460268359214e-09
Current fraction-to-the-boundary parameter tau = 9.8999999999999999e-01

||curr_x||_inf   = 1.2099977607783643e+00
||curr_s||_inf   = 1.2099978233913795e+00
||curr_y_c||_inf = 2.8549467690448723e+03
||curr_y_d||_inf = 1.7233472025840919e+02
||curr_z_L||_inf = 1.4962788665002682e+02
||curr_z_U||_inf = 7.7672064972118333e+00
||curr_v_L||_inf = 5.1017639931438739e+00
||curr_v_U||_inf = 2.2681823958152373e+02


***Current NLP Values for Iteration 9:

                                   (scaled)                 (unscaled)
Objective...............:   7.8563245063278075e-01    7.8563245063278077e+02
Dual infeasibility......:   5.4483519323114535e+01    5.4483519323114539e+04
Constraint violation....:   1.5908056724662761e-03    1.5908056724662761e-03
Complementarity.........:   2.2619080796035532e-02    2.2619080796035533e+01
Overall NLP error.......:   5.4483519323114535e+01    5.4483519323114539e+04




**************************************************
*** Update Barrier Parameter for Iteration 9:
**************************************************

Staying in free mu mode.
The current filter has 1 entries.
Solving the Primal Dual System for the affine step
HSL_MA97: delays 450, nfactor 254741, nflops 4323213, maxfront 51
Ma97SolverInterface::Factorization: ma97_factor_solve took      0.000
Factorization successful.
Number of trial factorizations performed: 1
Perturbation parameters: delta_x=0.000000e+00 delta_s=0.000000e+00
                         delta_c=0.000000e+00 delta_d=0.000000e+00
Solving the Primal Dual System for the centering step
Factorization successful.
Sigma = 1.000000e-06
Barrier parameter mu computed by oracle is 3.154157e-09
Barrier parameter mu after safeguards is 3.154157e-09
Barrier Parameter: 3.154157e-09

**************************************************
*** Solving the Primal Dual System for Iteration 9:
**************************************************

residual_ratio = 1.804154e-10
Factorization successful.
residual_ratio = 5.313216e-16

**************************************************
*** Finding Acceptable Trial Point for Iteration 9:
**************************************************

--> Starting line search in iteration 9 <--
Mu has changed in line search - resetting watchdog counters.
The current filter has 0 entries.
minimal step size ALPHA_MIN = 5.000000E-07
Starting checks for alpha (primal) = 1.10e-01
Checking acceptability for trial step size alpha_primal_test= 1.103482e-01:
  New values of barrier function     =  7.8611251913019520e-01  (reference  7.8601454799345516e-01):
  New values of constraint violation =  1.0702402052947365e-02  (reference  1.2029605475198487e-02):
Checking sufficient reduction...
Succeeded...
Checking filter acceptability...
Succeeded...

**************************************************
*** Update HessianMatrix for Iteration 10:
**************************************************



**************************************************
*** Summary of Iteration: 10:
**************************************************

iter    objective    inf_pr   inf_du lg(mu)  ||d||  lg(rg) alpha_du alpha_pr  ls
  10  7.8572884e+02 1.42e-03 7.87e+01  -8.5 1.01e-02    -  3.26e-01 1.10e-01h  1 

**************************************************
*** Beginning Iteration 10 from the following point:
**************************************************

Current barrier parameter mu = 3.1541568632967815e-09
Current fraction-to-the-boundary parameter tau = 9.8999999999999999e-01

||curr_x||_inf   = 1.2099981082015154e+00
||curr_s||_inf   = 1.2099981627291232e+00
||curr_y_c||_inf = 2.9207261774127228e+03
||curr_y_d||_inf = 1.9379785945704123e+02
||curr_z_L||_inf = 1.5921230287315927e+02
||curr_z_U||_inf = 7.7455830671603456e+00
||curr_v_L||_inf = 1.2210585631997859e+01
||curr_v_U||_inf = 2.7249816043657506e+02


***Current NLP Values for Iteration 10:

                                   (scaled)                 (unscaled)
Objective...............:   7.8572883834086438e-01    7.8572883834086440e+02
Dual infeasibility......:   7.8700300979533836e+01    7.8700300979533829e+04
Constraint violation....:   1.4152631218954477e-03    1.4152631218954477e-03
Complementarity.........:   1.5239875124405628e-02    1.5239875124405629e+01
Overall NLP error.......:   7.8700300979533836e+01    7.8700300979533829e+04




**************************************************
*** Update Barrier Parameter for Iteration 10:
**************************************************

Staying in free mu mode.
The current filter has 2 entries.
Solving the Primal Dual System for the affine step
HSL_MA97: delays 452, nfactor 254770, nflops 4324446, maxfront 51
Ma97SolverInterface::Factorization: ma97_factor_solve took      0.000
Factorization successful.
Number of trial factorizations performed: 1
Perturbation parameters: delta_x=0.000000e+00 delta_s=0.000000e+00
                         delta_c=0.000000e+00 delta_d=0.000000e+00
Solving the Primal Dual System for the centering step
Factorization successful.
Sigma = 1.000000e-06
Barrier parameter mu computed by oracle is 2.125471e-09
Barrier parameter mu after safeguards is 2.125471e-09
Barrier Parameter: 2.125471e-09

**************************************************
*** Solving the Primal Dual System for Iteration 10:
**************************************************

residual_ratio = 6.521427e-11
Factorization successful.
residual_ratio = 6.023473e-16

**************************************************
*** Finding Acceptable Trial Point for Iteration 10:
**************************************************

--> Starting line search in iteration 10 <--
Mu has changed in line search - resetting watchdog counters.
The current filter has 0 entries.
minimal step size ALPHA_MIN = 5.000000E-07
Starting checks for alpha (primal) = 8.98e-03
Checking acceptability for trial step size alpha_primal_test= 8.976865e-03:
  New values of barrier function     =  7.8612734708090282e-01  (reference  7.8598738676381241e-01):
  New values of constraint violation =  1.0606330246016401e-02  (reference  1.0702402052947365e-02):
Checking sufficient reduction...
Succeeded...
Checking filter acceptability...
Succeeded...

**************************************************
*** Update HessianMatrix for Iteration 11:
**************************************************



**************************************************
*** Summary of Iteration: 11:
**************************************************

iter    objective    inf_pr   inf_du lg(mu)  ||d||  lg(rg) alpha_du alpha_pr  ls
  11  7.8586871e+02 1.40e-03 3.17e+02  -8.7 3.61e-02    -  2.50e-01 8.98e-03h  1 

**************************************************
*** Beginning Iteration 11 from the following point:
**************************************************

Current barrier parameter mu = 2.1254707178807591e-09
Current fraction-to-the-boundary parameter tau = 9.8999999999999999e-01

||curr_x||_inf   = 1.2099981300924949e+00
||curr_s||_inf   = 1.2099981840373606e+00
||curr_y_c||_inf = 2.9254767592240551e+03
||curr_y_d||_inf = 1.9563151894136763e+02
||curr_z_L||_inf = 1.7665706001869620e+02
||curr_z_U||_inf = 5.8854678926827138e+00
||curr_v_L||_inf = 2.9256333029700190e+01
||curr_v_U||_inf = 3.3450787033967646e+02


***Current NLP Values for Iteration 11:

                                   (scaled)                 (unscaled)
Objective...............:   7.8586870576662626e-01    7.8586870576662625e+02
Dual infeasibility......:   3.1719815757095489e+02    3.1719815757095488e+05
Constraint violation....:   1.4025584954517820e-03    1.4025584954517820e-03
Complementarity.........:   1.1433180549946284e-02    1.1433180549946284e+01
Overall NLP error.......:   3.1719815757095489e+02    3.1719815757095488e+05




**************************************************
*** Update Barrier Parameter for Iteration 11:
**************************************************

Staying in free mu mode.
The current filter has 3 entries.
Solving the Primal Dual System for the affine step
HSL_MA97: delays 452, nfactor 254770, nflops 4324446, maxfront 51
Ma97SolverInterface::Factorization: ma97_factor_solve took      0.000
Factorization successful.
Number of trial factorizations performed: 1
Perturbation parameters: delta_x=0.000000e+00 delta_s=0.000000e+00
                         delta_c=0.000000e+00 delta_d=0.000000e+00
Solving the Primal Dual System for the centering step
Factorization successful.
Sigma = 1.000000e-06
Barrier parameter mu computed by oracle is 1.594889e-09
Barrier parameter mu after safeguards is 1.594889e-09
Barrier Parameter: 1.594889e-09

**************************************************
*** Solving the Primal Dual System for Iteration 11:
**************************************************

residual_ratio = 9.329960e-11
Factorization successful.
residual_ratio = 7.170263e-16

**************************************************
*** Finding Acceptable Trial Point for Iteration 11:
**************************************************

--> Starting line search in iteration 11 <--
Mu has changed in line search - resetting watchdog counters.
The current filter has 0 entries.
minimal step size ALPHA_MIN = 5.000000E-07
Starting checks for alpha (primal) = 2.51e-01
Checking acceptability for trial step size alpha_primal_test= 2.511279e-01:
  New values of barrier function     =  7.9469772657491800e-01  (reference  7.8606278235738625e-01):
  New values of constraint violation =  7.9450933268921352e-03  (reference  1.0606330246016401e-02):
Checking sufficient reduction...
Succeeded...
Checking filter acceptability...
Succeeded...

**************************************************
*** Update HessianMatrix for Iteration 12:
**************************************************



**************************************************
*** Summary of Iteration: 12:
**************************************************

iter    objective    inf_pr   inf_du lg(mu)  ||d||  lg(rg) alpha_du alpha_pr  ls
  12  7.9450163e+02 1.05e-03 2.37e+02  -8.8 5.13e-02    -  2.20e-01 2.51e-01h  1 

**************************************************
*** Beginning Iteration 12 from the following point:
**************************************************

Current barrier parameter mu = 1.5948887046153225e-09
Current fraction-to-the-boundary parameter tau = 9.8999999999999999e-01

||curr_x||_inf   = 1.2099987033572637e+00
||curr_s||_inf   = 1.2099987411714734e+00
||curr_y_c||_inf = 3.0570612605844594e+03
||curr_y_d||_inf = 2.4722724985747860e+02
||curr_z_L||_inf = 1.9447533533284226e+02
||curr_z_U||_inf = 5.8608168743010056e+00
||curr_v_L||_inf = 4.8185099191848003e+01
||curr_v_U||_inf = 3.4129389523011628e+02


***Current NLP Values for Iteration 12:

                                   (scaled)                 (unscaled)
Objective...............:   7.9450162694253201e-01    7.9450162694253197e+02
Dual infeasibility......:   2.3657720538897399e+02    2.3657720538897399e+05
Constraint violation....:   1.0503368595625485e-03    1.0503368595625485e-03
Complementarity.........:   8.9190074737167477e-03    8.9190074737167482e+00
Overall NLP error.......:   2.3657720538897399e+02    2.3657720538897399e+05




**************************************************
*** Update Barrier Parameter for Iteration 12:
**************************************************

Staying in free mu mode.
The current filter has 4 entries.
Solving the Primal Dual System for the affine step
HSL_MA97: delays 462, nfactor 254889, nflops 4329051, maxfront 51
Ma97SolverInterface::Factorization: ma97_factor_solve took      0.000
Factorization successful.
Number of trial factorizations performed: 1
Perturbation parameters: delta_x=0.000000e+00 delta_s=0.000000e+00
                         delta_c=0.000000e+00 delta_d=0.000000e+00
Solving the Primal Dual System for the centering step
Factorization successful.
Sigma = 1.000000e-06
Barrier parameter mu computed by oracle is 1.244035e-09
Barrier parameter mu after safeguards is 1.244035e-09
Barrier Parameter: 1.244035e-09

**************************************************
*** Solving the Primal Dual System for Iteration 12:
**************************************************

residual_ratio = 1.606110e-10
Factorization successful.
residual_ratio = 4.744379e-15

**************************************************
*** Finding Acceptable Trial Point for Iteration 12:
**************************************************

--> Starting line search in iteration 12 <--
Mu has changed in line search - resetting watchdog counters.
The current filter has 0 entries.
minimal step size ALPHA_MIN = 5.000000E-07
Starting checks for alpha (primal) = 2.01e-01
Checking acceptability for trial step size alpha_primal_test= 2.005169e-01:
  New values of barrier function     =  8.0571960676516829e-01  (reference  7.9465458728140292e-01):
  New values of constraint violation =  6.3539688270572887e-03  (reference  7.9450933268921352e-03):
Checking sufficient reduction...
Succeeded...
Checking filter acceptability...
Succeeded...

**************************************************
*** Update HessianMatrix for Iteration 13:
**************************************************



**************************************************
*** Summary of Iteration: 13:
**************************************************

iter    objective    inf_pr   inf_du lg(mu)  ||d||  lg(rg) alpha_du alpha_pr  ls
  13  8.0556542e+02 8.40e-04 1.75e+02  -8.9 3.89e-02    -  7.41e-02 2.01e-01h  1 

**************************************************
*** Beginning Iteration 13 from the following point:
**************************************************

Current barrier parameter mu = 1.2440345438236579e-09
Current fraction-to-the-boundary parameter tau = 9.8999999999999999e-01

||curr_x||_inf   = 1.2099990102424016e+00
||curr_s||_inf   = 1.2099990384366763e+00
||curr_y_c||_inf = 3.1355862426894109e+03
||curr_y_d||_inf = 2.9264182963129196e+02
||curr_z_L||_inf = 1.9922592893639919e+02
||curr_z_U||_inf = 5.8310182092651957e+00
||curr_v_L||_inf = 5.3929067591870286e+01
||curr_v_U||_inf = 3.4942618024722447e+02


***Current NLP Values for Iteration 13:

                                   (scaled)                 (unscaled)
Objective...............:   8.0556541866677034e-01    8.0556541866677037e+02
Dual infeasibility......:   1.7526530307154945e+02    1.7526530307154945e+05
Constraint violation....:   8.3972661414500726e-04    8.3972661414500726e-04
Complementarity.........:   8.2581176812763085e-03    8.2581176812763086e+00
Overall NLP error.......:   1.7526530307154945e+02    1.7526530307154945e+05




**************************************************
*** Update Barrier Parameter for Iteration 13:
**************************************************

Staying in free mu mode.
The current filter has 5 entries.
Solving the Primal Dual System for the affine step
HSL_MA97: delays 467, nfactor 254951, nflops 4331457, maxfront 51
Ma97SolverInterface::Factorization: ma97_factor_solve took      0.000
Factorization successful.
Number of trial factorizations performed: 1
Perturbation parameters: delta_x=0.000000e+00 delta_s=0.000000e+00
                         delta_c=0.000000e+00 delta_d=0.000000e+00
Solving the Primal Dual System for the centering step
Factorization successful.
Sigma = 1.000000e-06
Barrier parameter mu computed by oracle is 1.151791e-09
Barrier parameter mu after safeguards is 1.151791e-09
Barrier Parameter: 1.151791e-09

**************************************************
*** Solving the Primal Dual System for Iteration 13:
**************************************************

residual_ratio = 4.505446e-10
Factorization successful.
residual_ratio = 1.529574e-14

**************************************************
*** Finding Acceptable Trial Point for Iteration 13:
**************************************************

--> Starting line search in iteration 13 <--
Mu has changed in line search - resetting watchdog counters.
The current filter has 0 entries.
minimal step size ALPHA_MIN = 5.000000E-07
Starting checks for alpha (primal) = 1.19e-01
Checking acceptability for trial step size alpha_primal_test= 1.188729e-01:
  New values of barrier function     =  8.1137672198264876e-01  (reference  8.0570817392574956e-01):
  New values of constraint violation =  5.5994496426895590e-03  (reference  6.3539688270572887e-03):
Checking sufficient reduction...
Succeeded...
Checking filter acceptability...
Succeeded...

**************************************************
*** Update HessianMatrix for Iteration 14:
**************************************************



**************************************************
*** Summary of Iteration: 14:
**************************************************

iter    objective    inf_pr   inf_du lg(mu)  ||d||  lg(rg) alpha_du alpha_pr  ls
  14  8.1123332e+02 7.40e-04 1.51e+02  -8.9 3.54e-03    -  9.81e-02 1.19e-01h  1 

**************************************************
*** Beginning Iteration 14 from the following point:
**************************************************

Current barrier parameter mu = 1.1517910612285357e-09
Current fraction-to-the-boundary parameter tau = 9.8999999999999999e-01

||curr_x||_inf   = 1.2099991475405971e+00
||curr_s||_inf   = 1.2099991711809681e+00
||curr_y_c||_inf = 3.1727566668788372e+03
||curr_y_d||_inf = 3.2162356723320073e+02
||curr_z_L||_inf = 1.9934411079523730e+02
||curr_z_U||_inf = 5.7628357789260392e+00
||curr_v_L||_inf = 5.5329166126358778e+01
||curr_v_U||_inf = 3.6748989451653745e+02


***Current NLP Values for Iteration 14:

                                   (scaled)                 (unscaled)
Objective...............:   8.1123332449973706e-01    8.1123332449973702e+02
Dual infeasibility......:   1.5059704195275319e+02    1.5059704195275318e+05
Constraint violation....:   7.3990590217366380e-04    7.3990590217366380e-04
Complementarity.........:   7.4483274104424624e-03    7.4483274104424622e+00
Overall NLP error.......:   1.5059704195275319e+02    1.5059704195275318e+05




**************************************************
*** Update Barrier Parameter for Iteration 14:
**************************************************

Staying in free mu mode.
The current filter has 6 entries.
Solving the Primal Dual System for the affine step
HSL_MA97: delays 470, nfactor 254990, nflops 4333050, maxfront 51
Ma97SolverInterface::Factorization: ma97_factor_solve took      0.000
Factorization successful.
Number of trial factorizations performed: 1
Perturbation parameters: delta_x=0.000000e+00 delta_s=0.000000e+00
                         delta_c=0.000000e+00 delta_d=0.000000e+00
Solving the Primal Dual System for the centering step
Factorization successful.
Sigma = 1.000000e-06
Barrier parameter mu computed by oracle is 1.038840e-09
Barrier parameter mu after safeguards is 1.038840e-09
Barrier Parameter: 1.038840e-09

**************************************************
*** Solving the Primal Dual System for Iteration 14:
**************************************************

residual_ratio = 6.455775e-10
Factorization successful.
residual_ratio = 1.929981e-14

**************************************************
*** Finding Acceptable Trial Point for Iteration 14:
**************************************************

--> Starting line search in iteration 14 <--
Mu has changed in line search - resetting watchdog counters.
The current filter has 0 entries.
minimal step size ALPHA_MIN = 5.000000E-07
Starting checks for alpha (primal) = 1.01e-01
Checking acceptability for trial step size alpha_primal_test= 1.007535e-01:
  New values of barrier function     =  8.1562436122025816e-01  (reference  8.1136265963309584e-01):
  New values of constraint violation =  5.0359647921391039e-03  (reference  5.5994496426895590e-03):
Checking sufficient reduction...
Succeeded...
Checking filter acceptability...
Succeeded...

**************************************************
*** Update HessianMatrix for Iteration 15:
**************************************************



**************************************************
*** Summary of Iteration: 15:
**************************************************

iter    objective    inf_pr   inf_du lg(mu)  ||d||  lg(rg) alpha_du alpha_pr  ls
  15  8.1549454e+02 6.65e-04 1.58e+02  -9.0 3.26e-03    -  2.04e-01 1.01e-01h  1 

**************************************************
*** Beginning Iteration 15 from the following point:
**************************************************

Current barrier parameter mu = 1.0388400652550372e-09
Current fraction-to-the-boundary parameter tau = 9.8999999999999999e-01

||curr_x||_inf   = 1.2099992462516242e+00
||curr_s||_inf   = 1.2099992664936807e+00
||curr_y_c||_inf = 3.2004895605679731e+03
||curr_y_d||_inf = 3.4704950161749582e+02
||curr_z_L||_inf = 1.9947809063062675e+02
||curr_z_U||_inf = 5.5937668489677810e+00
||curr_v_L||_inf = 5.7952438366003058e+01
||curr_v_U||_inf = 4.1190535318680571e+02


***Current NLP Values for Iteration 15:

                                   (scaled)                 (unscaled)
Objective...............:   8.1549453835952768e-01    8.1549453835952761e+02
Dual infeasibility......:   1.5787110592062700e+02    1.5787110592062701e+05
Constraint violation....:   6.6535782464828466e-04    6.6535782464828466e-04
Complementarity.........:   5.9310741395829040e-03    5.9310741395829041e+00
Overall NLP error.......:   1.5787110592062700e+02    1.5787110592062701e+05




**************************************************
*** Update Barrier Parameter for Iteration 15:
**************************************************

Staying in free mu mode.
The current filter has 7 entries.
Solving the Primal Dual System for the affine step
HSL_MA97: delays 470, nfactor 254990, nflops 4333050, maxfront 51
Ma97SolverInterface::Factorization: ma97_factor_solve took      0.000
Factorization successful.
Number of trial factorizations performed: 1
Perturbation parameters: delta_x=0.000000e+00 delta_s=0.000000e+00
                         delta_c=0.000000e+00 delta_d=0.000000e+00
Solving the Primal Dual System for the centering step
Factorization successful.
Sigma = 1.000000e-06
Barrier parameter mu computed by oracle is 8.272585e-10
Barrier parameter mu after safeguards is 8.272585e-10
Barrier Parameter: 8.272585e-10

**************************************************
*** Solving the Primal Dual System for Iteration 15:
**************************************************

residual_ratio = 4.470650e-10
Factorization successful.
residual_ratio = 1.709972e-13

**************************************************
*** Finding Acceptable Trial Point for Iteration 15:
**************************************************

--> Starting line search in iteration 15 <--
Mu has changed in line search - resetting watchdog counters.
The current filter has 0 entries.
minimal step size ALPHA_MIN = 5.000000E-07
Starting checks for alpha (primal) = 3.76e-02
Checking acceptability for trial step size alpha_primal_test= 3.764231e-02:
  New values of barrier function     =  8.1703682737028049e-01  (reference  8.1559792007357801e-01):
  New values of constraint violation =  4.8465468508184072e-03  (reference  5.0359647921391039e-03):
Checking sufficient reduction...
Succeeded...
Checking filter acceptability...
Succeeded...

**************************************************
*** Update HessianMatrix for Iteration 16:
**************************************************



**************************************************
*** Summary of Iteration: 16:
**************************************************

iter    objective    inf_pr   inf_du lg(mu)  ||d||  lg(rg) alpha_du alpha_pr  ls
  16  8.1693330e+02 6.40e-04 1.96e+02  -9.1 3.14e-03    -  2.38e-01 3.76e-02h  1 

**************************************************
*** Beginning Iteration 16 from the following point:
**************************************************

Current barrier parameter mu = 8.2725851183585590e-10
Current fraction-to-the-boundary parameter tau = 9.8999999999999999e-01

||curr_x||_inf   = 1.2099992779798399e+00
||curr_s||_inf   = 1.2099992970811915e+00
||curr_y_c||_inf = 3.2097990142787285e+03
||curr_y_d||_inf = 3.5667988277524455e+02
||curr_z_L||_inf = 1.9960234950981948e+02
||curr_z_U||_inf = 5.3935677901623968e+00
||curr_v_L||_inf = 6.0527188052026524e+01
||curr_v_U||_inf = 4.6419220999510162e+02


***Current NLP Values for Iteration 16:

                                   (scaled)                 (unscaled)
Objective...............:   8.1693330136659137e-01    8.1693330136659131e+02
Dual infeasibility......:   1.9594841557669145e+02    1.9594841557669145e+05
Constraint violation....:   6.4031221680509350e-04    6.4031221680509350e-04
Complementarity.........:   4.5189952844517144e-03    4.5189952844517141e+00
Overall NLP error.......:   1.9594841557669145e+02    1.9594841557669145e+05




**************************************************
*** Update Barrier Parameter for Iteration 16:
**************************************************

Staying in free mu mode.
The current filter has 8 entries.
Solving the Primal Dual System for the affine step
HSL_MA97: delays 472, nfactor 255013, nflops 4333863, maxfront 51
Ma97SolverInterface::Factorization: ma97_factor_solve took      0.000
Factorization successful.
Number of trial factorizations performed: 1
Perturbation parameters: delta_x=0.000000e+00 delta_s=0.000000e+00
                         delta_c=0.000000e+00 delta_d=0.000000e+00
Solving the Primal Dual System for the centering step
Factorization successful.
Sigma = 1.000000e-06
Barrier parameter mu computed by oracle is 6.303576e-10
Barrier parameter mu after safeguards is 6.303576e-10
Barrier Parameter: 6.303576e-10

**************************************************
*** Solving the Primal Dual System for Iteration 16:
**************************************************

residual_ratio = 5.544297e-10
Factorization successful.
residual_ratio = 7.745902e-14

**************************************************
*** Finding Acceptable Trial Point for Iteration 16:
**************************************************

--> Starting line search in iteration 16 <--
Mu has changed in line search - resetting watchdog counters.
The current filter has 0 entries.
minimal step size ALPHA_MIN = 5.000000E-07
Starting checks for alpha (primal) = 4.07e-01
Checking acceptability for trial step size alpha_primal_test= 4.068273e-01:
  New values of barrier function     =  8.3213440790924043e-01  (reference  8.1701218650623164e-01):
  New values of constraint violation =  2.9047081135039521e-03  (reference  4.8465468508184072e-03):
Checking sufficient reduction...
Succeeded...
Checking filter acceptability...
Succeeded...

**************************************************
*** Update HessianMatrix for Iteration 17:
**************************************************



**************************************************
*** Summary of Iteration: 17:
**************************************************

iter    objective    inf_pr   inf_du lg(mu)  ||d||  lg(rg) alpha_du alpha_pr  ls
  17  8.3205406e+02 3.80e-04 8.84e+01  -9.2 3.21e-03    -  2.56e-01 4.07e-01h  1 

**************************************************
*** Beginning Iteration 17 from the following point:
**************************************************

Current barrier parameter mu = 6.3035760001659422e-10
Current fraction-to-the-boundary parameter tau = 9.8999999999999999e-01

||curr_x||_inf   = 1.2099995983725802e+00
||curr_s||_inf   = 1.2099996056164992e+00
||curr_y_c||_inf = 3.3065691911010108e+03
||curr_y_d||_inf = 4.5849571130301194e+02
||curr_z_L||_inf = 1.9970422273216096e+02
||curr_z_U||_inf = 5.2118638012165421e+00
||curr_v_L||_inf = 6.2758862644032241e+01
||curr_v_U||_inf = 5.1153779448548062e+02


***Current NLP Values for Iteration 17:

                                   (scaled)                 (unscaled)
Objective...............:   8.3205406125857817e-01    8.3205406125857814e+02
Dual infeasibility......:   8.8391656866620622e+01    8.8391656866620615e+04
Constraint violation....:   3.7981573437972493e-04    3.7981573437972493e-04
Complementarity.........:   3.3612870444119447e-03    3.3612870444119447e+00
Overall NLP error.......:   8.8391656866620622e+01    8.8391656866620615e+04




**************************************************
*** Update Barrier Parameter for Iteration 17:
**************************************************

Staying in free mu mode.
The current filter has 9 entries.
Solving the Primal Dual System for the affine step
HSL_MA97: delays 496, nfactor 255303, nflops 4344861, maxfront 51
Ma97SolverInterface::Factorization: ma97_factor_solve took      0.000
Factorization successful.
Number of trial factorizations performed: 1
Perturbation parameters: delta_x=0.000000e+00 delta_s=0.000000e+00
                         delta_c=0.000000e+00 delta_d=0.000000e+00
Solving the Primal Dual System for the centering step
Factorization successful.
Sigma = 1.000000e-06
Barrier parameter mu computed by oracle is 4.688373e-10
Barrier parameter mu after safeguards is 4.688373e-10
Barrier Parameter: 4.688373e-10

**************************************************
*** Solving the Primal Dual System for Iteration 17:
**************************************************

residual_ratio = 2.383223e-09
Factorization successful.
residual_ratio = 7.265740e-13

**************************************************
*** Finding Acceptable Trial Point for Iteration 17:
**************************************************

--> Starting line search in iteration 17 <--
Mu has changed in line search - resetting watchdog counters.
The current filter has 0 entries.
minimal step size ALPHA_MIN = 5.000000E-07
Starting checks for alpha (primal) = 6.04e-01
Checking acceptability for trial step size alpha_primal_test= 6.041813e-01:
  New values of barrier function     =  8.4576826605176503e-01  (reference  8.3211382020896429e-01):
  New values of constraint violation =  1.2699819846660454e-03  (reference  2.9047081135039521e-03):
Checking sufficient reduction...
Succeeded...
Checking filter acceptability...
Succeeded...

**************************************************
*** Update HessianMatrix for Iteration 18:
**************************************************



**************************************************
*** Summary of Iteration: 18:
**************************************************

iter    objective    inf_pr   inf_du lg(mu)  ||d||  lg(rg) alpha_du alpha_pr  ls
  18  8.4570661e+02 1.50e-04 9.30e+01  -9.3 2.18e-03    -  2.48e-01 6.04e-01h  1 

**************************************************
*** Beginning Iteration 18 from the following point:
**************************************************

Current barrier parameter mu = 4.6883732220857064e-10
Current fraction-to-the-boundary parameter tau = 9.8999999999999999e-01

||curr_x||_inf   = 1.2099998555733764e+00
||curr_s||_inf   = 1.2099998523892401e+00
||curr_y_c||_inf = 3.3916441435064216e+03
||curr_y_d||_inf = 6.9356151440619988e+02
||curr_z_L||_inf = 1.9977752298105608e+02
||curr_z_U||_inf = 4.8665419921371020e+00
||curr_v_L||_inf = 6.4617735080450743e+01
||curr_v_U||_inf = 6.0055114783814054e+02


***Current NLP Values for Iteration 18:

                                   (scaled)                 (unscaled)
Objective...............:   8.4570660770784978e-01    8.4570660770784980e+02
Dual infeasibility......:   9.3010366568059339e+01    9.3010366568059340e+04
Constraint violation....:   1.5033815353770151e-04    1.5033815353770151e-04
Complementarity.........:   2.5282841607715649e-03    2.5282841607715647e+00
Overall NLP error.......:   9.3010366568059339e+01    9.3010366568059340e+04




**************************************************
*** Update Barrier Parameter for Iteration 18:
**************************************************

Staying in free mu mode.
The current filter has 10 entries.
Solving the Primal Dual System for the affine step
HSL_MA97: delays 541, nfactor 255866, nflops 4366980, maxfront 51
Ma97SolverInterface::Factorization: ma97_factor_solve took      0.000
Factorization successful.
Number of trial factorizations performed: 1
Perturbation parameters: delta_x=0.000000e+00 delta_s=0.000000e+00
                         delta_c=0.000000e+00 delta_d=0.000000e+00
Solving the Primal Dual System for the centering step
Factorization successful.
Sigma = 1.000000e-06
Barrier parameter mu computed by oracle is 3.526038e-10
Barrier parameter mu after safeguards is 3.526038e-10
Barrier Parameter: 3.526038e-10

**************************************************
*** Solving the Primal Dual System for Iteration 18:
**************************************************

residual_ratio = 2.413580e-09
Factorization successful.
residual_ratio = 4.420754e-12

**************************************************
*** Finding Acceptable Trial Point for Iteration 18:
**************************************************

--> Starting line search in iteration 18 <--
Mu has changed in line search - resetting watchdog counters.
The current filter has 0 entries.
minimal step size ALPHA_MIN = 5.000000E-07
Starting checks for alpha (primal) = 6.15e-01
Checking acceptability for trial step size alpha_primal_test= 6.149286e-01:
  New values of barrier function     =  8.5139338688810673e-01  (reference  8.4575297979919684e-01):
  New values of constraint violation =  7.0638123868750407e-04  (reference  1.2699819846660454e-03):
Checking sufficient reduction...
Succeeded...
Checking filter acceptability...
Succeeded...

**************************************************
*** Update HessianMatrix for Iteration 19:
**************************************************



**************************************************
*** Summary of Iteration: 19:
**************************************************

iter    objective    inf_pr   inf_du lg(mu)  ||d||  lg(rg) alpha_du alpha_pr  ls
  19  8.5134560e+02 5.85e-05 1.68e+02  -9.5 1.85e-03    -  4.36e-01 6.15e-01h  1 

**************************************************
*** Beginning Iteration 19 from the following point:
**************************************************

Current barrier parameter mu = 3.5260381242573224e-10
Current fraction-to-the-boundary parameter tau = 9.8999999999999999e-01

||curr_x||_inf   = 1.2099999455816508e+00
||curr_s||_inf   = 1.2099999382059661e+00
||curr_y_c||_inf = 3.4257982667869592e+03
||curr_y_d||_inf = 1.0923431140036612e+03
||curr_z_L||_inf = 1.9987463161936628e+02
||curr_z_U||_inf = 4.4826931763615185e+00
||curr_v_L||_inf = 6.7539430414667848e+01
||curr_v_U||_inf = 9.2421265247296060e+02


***Current NLP Values for Iteration 19:

                                   (scaled)                 (unscaled)
Objective...............:   8.5134559551466027e-01    8.5134559551466020e+02
Dual infeasibility......:   1.6813046153070059e+02    1.6813046153070059e+05
Constraint violation....:   5.7890925327048169e-05    5.8509806407577865e-05
Complementarity.........:   1.4247157006147511e-03    1.4247157006147511e+00
Overall NLP error.......:   1.6813046153070059e+02    1.6813046153070059e+05




**************************************************
*** Update Barrier Parameter for Iteration 19:
**************************************************

Staying in free mu mode.
The current filter has 11 entries.
Solving the Primal Dual System for the affine step
HSL_MA97: delays 611, nfactor 256798, nflops 4400082, maxfront 51
Ma97SolverInterface::Factorization: ma97_factor_solve took      0.000
Factorization successful.
Number of trial factorizations performed: 1
Perturbation parameters: delta_x=0.000000e+00 delta_s=0.000000e+00
                         delta_c=0.000000e+00 delta_d=0.000000e+00
Solving the Primal Dual System for the centering step
Factorization successful.
Sigma = 1.000000e-06
Barrier parameter mu computed by oracle is 1.986901e-10
Barrier parameter mu after safeguards is 1.986901e-10
Barrier Parameter: 1.986901e-10

**************************************************
*** Solving the Primal Dual System for Iteration 19:
**************************************************

residual_ratio = 3.924394e-09
Factorization successful.
residual_ratio = 5.965778e-12

**************************************************
*** Finding Acceptable Trial Point for Iteration 19:
**************************************************

--> Starting line search in iteration 19 <--
Mu has changed in line search - resetting watchdog counters.
The current filter has 0 entries.
minimal step size ALPHA_MIN = 5.000000E-07
Starting checks for alpha (primal) = 1.61e-02
Checking acceptability for trial step size alpha_primal_test= 1.606115e-02:
  New values of barrier function     =  8.5143066663870992e-01  (reference  8.5137252566123045e-01):
  New values of constraint violation =  6.9549495976891599e-04  (reference  7.0638123868750407e-04):
Checking sufficient reduction...
Succeeded...
Checking filter acceptability...
Succeeded...

**************************************************
*** Update HessianMatrix for Iteration 20:
**************************************************



**************************************************
*** Summary of Iteration: 20:
**************************************************

iter    objective    inf_pr   inf_du lg(mu)  ||d||  lg(rg) alpha_du alpha_pr  ls
  20  8.5140372e+02 5.77e-05 4.55e+01  -9.7 3.27e-03    -  1.13e-01 1.61e-02h  1 

**************************************************
*** Beginning Iteration 20 from the following point:
**************************************************

Current barrier parameter mu = 1.9869009122472801e-10
Current fraction-to-the-boundary parameter tau = 9.8999999999999999e-01

||curr_x||_inf   = 1.2099999464305196e+00
||curr_s||_inf   = 1.2099999390127230e+00
||curr_y_c||_inf = 3.4261401719451592e+03
||curr_y_d||_inf = 1.1095783468301502e+03
||curr_z_L||_inf = 1.9988875532348794e+02
||curr_z_U||_inf = 4.4725018883347323e+00
||curr_v_L||_inf = 6.8056021828864459e+01
||curr_v_U||_inf = 1.0640470507819259e+03


***Current NLP Values for Iteration 20:

                                   (scaled)                 (unscaled)
Objective...............:   8.5140372164872746e-01    8.5140372164872747e+02
Dual infeasibility......:   4.5531296048224249e+01    4.5531296048224249e+04
Constraint violation....:   5.6961130364639560e-05    5.7670727189894355e-05
Complementarity.........:   1.2642103283243898e-03    1.2642103283243897e+00
Overall NLP error.......:   4.5531296048224249e+01    4.5531296048224249e+04




**************************************************
*** Update Barrier Parameter for Iteration 20:
**************************************************

Staying in free mu mode.
The current filter has 12 entries.
Solving the Primal Dual System for the affine step
HSL_MA97: delays 613, nfactor 256831, nflops 4401627, maxfront 51
Ma97SolverInterface::Factorization: ma97_factor_solve took      0.000
Factorization successful.
Number of trial factorizations performed: 1
Perturbation parameters: delta_x=0.000000e+00 delta_s=0.000000e+00
                         delta_c=0.000000e+00 delta_d=0.000000e+00
Solving the Primal Dual System for the centering step
Factorization successful.
Sigma = 1.000000e-06
Barrier parameter mu computed by oracle is 1.763079e-10
Barrier parameter mu after safeguards is 1.763079e-10
Barrier Parameter: 1.763079e-10

**************************************************
*** Solving the Primal Dual System for Iteration 20:
**************************************************

residual_ratio = 6.514370e-10
Factorization successful.
residual_ratio = 7.377086e-13

**************************************************
*** Finding Acceptable Trial Point for Iteration 20:
**************************************************

--> Starting line search in iteration 20 <--
Mu has changed in line search - resetting watchdog counters.
The current filter has 0 entries.
minimal step size ALPHA_MIN = 5.000000E-07
Starting checks for alpha (primal) = 8.61e-04
Checking acceptability for trial step size alpha_primal_test= 8.608723e-04:
  New values of barrier function     =  8.5143071057219477e-01  (reference  8.5142763132546606e-01):
  New values of constraint violation =  6.9489789543061722e-04  (reference  6.9549495976891599e-04):
Checking sufficient reduction...
Succeeded...
Checking filter acceptability...
Succeeded...

**************************************************
*** Update HessianMatrix for Iteration 21:
**************************************************



**************************************************
*** Summary of Iteration: 21:
**************************************************

iter    objective    inf_pr   inf_du lg(mu)  ||d||  lg(rg) alpha_du alpha_pr  ls
  21  8.5140680e+02 5.76e-05 2.69e+02  -9.8 3.68e-03    -  1.94e-02 8.61e-04h  1 

**************************************************
*** Beginning Iteration 21 from the following point:
**************************************************

Current barrier parameter mu = 1.7630794650314938e-10
Current fraction-to-the-boundary parameter tau = 9.8999999999999999e-01

||curr_x||_inf   = 1.2099999464756215e+00
||curr_s||_inf   = 1.2099999390556038e+00
||curr_y_c||_inf = 3.4261581970998732e+03
||curr_y_d||_inf = 1.1105125014857249e+03
||curr_z_L||_inf = 1.9989091602679099e+02
||curr_z_U||_inf = 4.1765768763941837e+00
||curr_v_L||_inf = 6.8136259226001272e+01
||curr_v_U||_inf = 1.0860078194914774e+03


***Current NLP Values for Iteration 21:

                                   (scaled)                 (unscaled)
Objective...............:   8.5140679942798780e-01    8.5140679942798783e+02
Dual infeasibility......:   2.6931270474316074e+02    2.6931270474316075e+05
Constraint violation....:   5.6912094105285305e-05    5.7621445525991855e-05
Complementarity.........:   1.2396555509488938e-03    1.2396555509488938e+00
Overall NLP error.......:   2.6931270474316074e+02    2.6931270474316075e+05




**************************************************
*** Update Barrier Parameter for Iteration 21:
**************************************************

Switching to fixed mu mode with mu =   1.3830706949212790e-04 and tau =   9.9986169293050786e-01.
Barrier Parameter: 1.383071e-04

**************************************************
*** Solving the Primal Dual System for Iteration 21:
**************************************************

HSL_MA97: delays 613, nfactor 256831, nflops 4401627, maxfront 51
Ma97SolverInterface::Factorization: ma97_factor_solve took      0.000
Factorization successful.
Number of trial factorizations performed: 1
Perturbation parameters: delta_x=0.000000e+00 delta_s=0.000000e+00
                         delta_c=0.000000e+00 delta_d=0.000000e+00
residual_ratio = 1.259711e-08
Factorization successful.
residual_ratio = 1.819224e-11

**************************************************
*** Finding Acceptable Trial Point for Iteration 21:
**************************************************

--> Starting line search in iteration 21 <--
Mu has changed in line search - resetting watchdog counters.
The current filter has 0 entries.
minimal step size ALPHA_MIN = 1.038195E-17
Starting checks for alpha (primal) = 2.01e-04
Checking acceptability for trial step size alpha_primal_test= 2.008455e-04:
  New values of barrier function     =  1.8499756542238739e+01  (reference  1.9608815918342888e+01):
  New values of constraint violation =  6.9789413912679646e-04  (reference  6.9489789543061722e-04):
Checking sufficient reduction...
Succeeded...
Checking filter acceptability...
Succeeded...

**************************************************
*** Update HessianMatrix for Iteration 22:
**************************************************



**************************************************
*** Summary of Iteration: 22:
**************************************************

iter    objective    inf_pr   inf_du lg(mu)  ||d||  lg(rg) alpha_du alpha_pr  ls
  22  8.5153752e+02 5.78e-05 2.89e+02  -3.9 9.00e-01    -  4.17e-05 2.01e-04f  1 F

**************************************************
*** Beginning Iteration 22 from the following point:
**************************************************

Current barrier parameter mu = 1.3830706949212790e-04
Current fraction-to-the-boundary parameter tau = 9.9986169293050786e-01

||curr_x||_inf   = 1.2099991178270684e+00
||curr_s||_inf   = 1.2099991109623995e+00
||curr_y_c||_inf = 3.4261403219876270e+03
||curr_y_d||_inf = 1.1106812876222089e+03
||curr_z_L||_inf = 1.9989091295782148e+02
||curr_z_U||_inf = 4.1823063175974804e+00
||curr_v_L||_inf = 6.8136312316455189e+01
||curr_v_U||_inf = 1.0860438549716218e+03


***Current NLP Values for Iteration 22:

                                   (scaled)                 (unscaled)
Objective...............:   8.5153751610037665e-01    8.5153751610037659e+02
Dual infeasibility......:   2.8913883119222533e+02    2.8913883119222533e+05
Constraint violation....:   5.6900663565072167e-05    5.7827900346075357e-05
Complementarity.........:   1.2396094270441802e-03    1.2396094270441802e+00
Overall NLP error.......:   2.8913883119222533e+02    2.8913883119222533e+05




**************************************************
*** Update Barrier Parameter for Iteration 22:
**************************************************

Remaining in fixed mu mode.
Barrier Parameter: 1.383071e-04

**************************************************
*** Solving the Primal Dual System for Iteration 22:
**************************************************

HSL_MA97: delays 463, nfactor 254903, nflops 4329447, maxfront 51
Ma97SolverInterface::Factorization: ma97_factor_solve took      0.000
Factorization successful.
Number of trial factorizations performed: 1
Perturbation parameters: delta_x=0.000000e+00 delta_s=0.000000e+00
                         delta_c=0.000000e+00 delta_d=0.000000e+00
residual_ratio = 7.163220e-10
Factorization successful.
residual_ratio = 1.229047e-13

**************************************************
*** Finding Acceptable Trial Point for Iteration 22:
**************************************************

--> Starting line search in iteration 22 <--
The current filter has 0 entries.
minimal step size ALPHA_MIN = 3.167891E-17
Starting checks for alpha (primal) = 1.56e-04
Checking acceptability for trial step size alpha_primal_test= 1.562879e-04:
  New values of barrier function     =  1.8252772643793598e+01  (reference  1.8499756542238739e+01):
  New values of constraint violation =  6.9960941676569077e-04  (reference  6.9789413912679646e-04):
Checking sufficient reduction...
Succeeded...
Checking filter acceptability...
Succeeded...

**************************************************
*** Update HessianMatrix for Iteration 23:
**************************************************



**************************************************
*** Summary of Iteration: 23:
**************************************************

iter    objective    inf_pr   inf_du lg(mu)  ||d||  lg(rg) alpha_du alpha_pr  ls
  23  8.5163627e+02 5.79e-05 2.69e+02  -3.9 7.98e-01    -  3.40e-04 1.56e-04f  1 F

**************************************************
*** Beginning Iteration 23 from the following point:
**************************************************

Current barrier parameter mu = 1.3830706949212790e-04
Current fraction-to-the-boundary parameter tau = 9.9986169293050786e-01

||curr_x||_inf   = 1.2099985504001936e+00
||curr_s||_inf   = 1.2099985439675818e+00
||curr_y_c||_inf = 3.4261389056614180e+03
||curr_y_d||_inf = 1.1108183077488643e+03
||curr_z_L||_inf = 1.9989088790300016e+02
||curr_z_U||_inf = 4.2241092261119215e+00
||curr_v_L||_inf = 6.8136746227859987e+01
||curr_v_U||_inf = 1.0863504775683978e+03


***Current NLP Values for Iteration 23:

                                   (scaled)                 (unscaled)
Objective...............:   8.5163626975711992e-01    8.5163626975711986e+02
Dual infeasibility......:   2.6858833862603615e+02    2.6858833862603613e+05
Constraint violation....:   5.6891770680359693e-05    5.7855991817776231e-05
Complementarity.........:   1.2392351164459054e-03    1.2392351164459054e+00
Overall NLP error.......:   2.6858833862603615e+02    2.6858833862603613e+05




**************************************************
*** Update Barrier Parameter for Iteration 23:
**************************************************

Remaining in fixed mu mode.
Barrier Parameter: 1.383071e-04

**************************************************
*** Solving the Primal Dual System for Iteration 23:
**************************************************

HSL_MA97: delays 449, nfactor 254727, nflops 4322625, maxfront 51
Ma97SolverInterface::Factorization: ma97_factor_solve took      0.000
Factorization successful.
Number of trial factorizations performed: 1
Perturbation parameters: delta_x=0.000000e+00 delta_s=0.000000e+00
                         delta_c=0.000000e+00 delta_d=0.000000e+00
residual_ratio = 4.217190e-10
Factorization successful.
residual_ratio = 1.190090e-14

**************************************************
*** Finding Acceptable Trial Point for Iteration 23:
**************************************************

--> Starting line search in iteration 23 <--
The current filter has 0 entries.
minimal step size ALPHA_MIN = 1.572077E-16
Starting checks for alpha (primal) = 1.07e-03
Checking acceptability for trial step size alpha_primal_test= 1.071286e-03:
  New values of barrier function     =  1.7590399143508961e+01  (reference  1.8252772643793598e+01):
  New values of constraint violation =  7.5981407555943646e-04  (reference  6.9960941676569077e-04):
Checking sufficient reduction...
Succeeded...
Checking filter acceptability...
Succeeded...

**************************************************
*** Update HessianMatrix for Iteration 24:
**************************************************



**************************************************
*** Summary of Iteration: 24:
**************************************************

iter    objective    inf_pr   inf_du lg(mu)  ||d||  lg(rg) alpha_du alpha_pr  ls
  24  8.5231544e+02 6.12e-05 2.87e+02  -3.9 6.31e-01    -  8.52e-04 1.07e-03f  1 F

**************************************************
*** Beginning Iteration 24 from the following point:
**************************************************

Current barrier parameter mu = 1.3830706949212790e-04
Current fraction-to-the-boundary parameter tau = 9.9986169293050786e-01

||curr_x||_inf   = 1.2099948675727068e+00
||curr_s||_inf   = 1.2099948641011995e+00
||curr_y_c||_inf = 3.4260816371493597e+03
||curr_y_d||_inf = 1.1117187324821871e+03
||curr_z_L||_inf = 1.9989082517334563e+02
||curr_z_U||_inf = 4.3025767620428068e+00
||curr_v_L||_inf = 6.8137835055347523e+01
||curr_v_U||_inf = 1.0870875009695135e+03


***Current NLP Values for Iteration 24:

                                   (scaled)                 (unscaled)
Objective...............:   8.5231544170349038e-01    8.5231544170349036e+02
Dual infeasibility......:   2.8654891982946583e+02    2.8654891982946586e+05
Constraint violation....:   5.6830823349008665e-05    6.1185431204754254e-05
Complementarity.........:   1.2382966778190453e-03    1.2382966778190452e+00
Overall NLP error.......:   2.8654891982946583e+02    2.8654891982946586e+05




**************************************************
*** Update Barrier Parameter for Iteration 24:
**************************************************

Remaining in fixed mu mode.
Barrier Parameter: 1.383071e-04

**************************************************
*** Solving the Primal Dual System for Iteration 24:
**************************************************

HSL_MA97: delays 431, nfactor 254495, nflops 4313181, maxfront 51
Ma97SolverInterface::Factorization: ma97_factor_solve took      0.000
Factorization successful.
Number of trial factorizations performed: 1
Perturbation parameters: delta_x=0.000000e+00 delta_s=0.000000e+00
                         delta_c=0.000000e+00 delta_d=0.000000e+00
residual_ratio = 8.509327e-10
Factorization successful.
residual_ratio = 1.430739e-14

**************************************************
*** Finding Acceptable Trial Point for Iteration 24:
**************************************************

--> Starting line search in iteration 24 <--
The current filter has 0 entries.
minimal step size ALPHA_MIN = 4.766814E-16
Starting checks for alpha (primal) = 2.63e-03
Checking acceptability for trial step size alpha_primal_test= 2.625369e-03:
  New values of barrier function     =  1.7032712039032965e+01  (reference  1.7590399143508961e+01):
  New values of constraint violation =  1.0420275866040649e-03  (reference  7.5981407555943646e-04):
Checking sufficient reduction...
Succeeded...
Checking filter acceptability...
Succeeded...

**************************************************
*** Update HessianMatrix for Iteration 25:
**************************************************



**************************************************
*** Summary of Iteration: 25:
**************************************************

iter    objective    inf_pr   inf_du lg(mu)  ||d||  lg(rg) alpha_du alpha_pr  ls
  25  8.5393177e+02 7.92e-05 2.69e+02  -3.9 5.32e-01    -  3.78e-03 2.63e-03f  1 F

**************************************************
*** Beginning Iteration 25 from the following point:
**************************************************

Current barrier parameter mu = 1.3830706949212790e-04
Current fraction-to-the-boundary parameter tau = 9.9986169293050786e-01

||curr_x||_inf   = 1.2099857134597665e+00
||curr_s||_inf   = 1.2099857172371700e+00
||curr_y_c||_inf = 3.4260025838085630e+03
||curr_y_d||_inf = 1.1138903794567491e+03
||curr_z_L||_inf = 1.9989054708579749e+02
||curr_z_U||_inf = 4.3673013325863694e+00
||curr_v_L||_inf = 6.8142703318245083e+01
||curr_v_U||_inf = 1.0903089254104307e+03


***Current NLP Values for Iteration 25:

                                   (scaled)                 (unscaled)
Objective...............:   8.5393176765480239e-01    8.5393176765480234e+02
Dual infeasibility......:   2.6893789606353687e+02    2.6893789606353687e+05
Constraint violation....:   5.9204065580679014e-05    7.9183741128280305e-05
Complementarity.........:   1.2341412795337614e-03    1.2341412795337614e+00
Overall NLP error.......:   2.6893789606353687e+02    2.6893789606353687e+05




**************************************************
*** Update Barrier Parameter for Iteration 25:
**************************************************

Remaining in fixed mu mode.
Barrier Parameter: 1.383071e-04

**************************************************
*** Solving the Primal Dual System for Iteration 25:
**************************************************

HSL_MA97: delays 426, nfactor 254425, nflops 4310241, maxfront 51
Ma97SolverInterface::Factorization: ma97_factor_solve took      0.000
Factorization successful.
Number of trial factorizations performed: 1
Perturbation parameters: delta_x=0.000000e+00 delta_s=0.000000e+00
                         delta_c=0.000000e+00 delta_d=0.000000e+00
residual_ratio = 8.199662e-10
Factorization successful.
residual_ratio = 1.973925e-15

**************************************************
*** Finding Acceptable Trial Point for Iteration 25:
**************************************************

--> Starting line search in iteration 25 <--
The current filter has 0 entries.
minimal step size ALPHA_MIN = 2.151020E-15
Starting checks for alpha (primal) = 6.12e-03
Checking acceptability for trial step size alpha_primal_test= 6.117348e-03:
  New values of barrier function     =  1.6509799574028349e+01  (reference  1.7032712039032965e+01):
  New values of constraint violation =  2.0838803652826468e-03  (reference  1.0420275866040649e-03):
Checking sufficient reduction...
Succeeded...
Checking filter acceptability...
Succeeded...

**************************************************
*** Update HessianMatrix for Iteration 26:
**************************************************



**************************************************
*** Summary of Iteration: 26:
**************************************************

iter    objective    inf_pr   inf_du lg(mu)  ||d||  lg(rg) alpha_du alpha_pr  ls
  26  8.5758119e+02 1.75e-04 2.78e+02  -3.9 4.60e-01    -  7.29e-03 6.12e-03f  1 F

**************************************************
*** Beginning Iteration 26 from the following point:
**************************************************

Current barrier parameter mu = 1.3830706949212790e-04
Current fraction-to-the-boundary parameter tau = 9.9986169293050786e-01

||curr_x||_inf   = 1.2099632877402691e+00
||curr_s||_inf   = 1.2099633083638861e+00
||curr_y_c||_inf = 3.4259760303493836e+03
||curr_y_d||_inf = 1.1187352198144913e+03
||curr_z_L||_inf = 1.9989001378704054e+02
||curr_z_U||_inf = 4.3055144331212958e+00
||curr_v_L||_inf = 6.8152277445355637e+01
||curr_v_U||_inf = 1.0962531870045755e+03


***Current NLP Values for Iteration 26:

                                   (scaled)                 (unscaled)
Objective...............:   8.5758119325740689e-01    8.5758119325740688e+02
Dual infeasibility......:   2.7751993441448849e+02    2.7751993441448850e+05
Constraint violation....:   1.3104581121100702e-04    1.7525184185716508e-04
Complementarity.........:   1.2261609958365827e-03    1.2261609958365827e+00
Overall NLP error.......:   2.7751993441448849e+02    2.7751993441448850e+05




**************************************************
*** Update Barrier Parameter for Iteration 26:
**************************************************

Remaining in fixed mu mode.
Barrier Parameter: 1.383071e-04

**************************************************
*** Solving the Primal Dual System for Iteration 26:
**************************************************

HSL_MA97: delays 423, nfactor 254383, nflops 4308477, maxfront 51
Ma97SolverInterface::Factorization: ma97_factor_solve took      0.000
Factorization successful.
Number of trial factorizations performed: 1
Perturbation parameters: delta_x=0.000000e+00 delta_s=0.000000e+00
                         delta_c=0.000000e+00 delta_d=0.000000e+00
residual_ratio = 1.118218e-09
Factorization successful.
residual_ratio = 1.416955e-15

**************************************************
*** Finding Acceptable Trial Point for Iteration 26:
**************************************************

--> Starting line search in iteration 26 <--
The current filter has 0 entries.
minimal step size ALPHA_MIN = 9.106414E-15
Starting checks for alpha (primal) = 1.54e-02
Checking acceptability for trial step size alpha_primal_test= 1.542225e-02:
  New values of barrier function     =  1.6002548241280106e+01  (reference  1.6509799574028349e+01):
  New values of constraint violation =  7.7307932497881664e-03  (reference  2.0838803652826468e-03):
Checking sufficient reduction...
Succeeded...
Checking filter acceptability...
Succeeded...

**************************************************
*** Update HessianMatrix for Iteration 27:
**************************************************



**************************************************
*** Summary of Iteration: 27:
**************************************************

iter    objective    inf_pr   inf_du lg(mu)  ||d||  lg(rg) alpha_du alpha_pr  ls
  27  8.6647155e+02 7.25e-04 2.62e+02  -3.9 4.43e-01    -  1.98e-02 1.54e-02f  1 F

**************************************************
*** Beginning Iteration 27 from the following point:
**************************************************

Current barrier parameter mu = 1.3830706949212790e-04
Current fraction-to-the-boundary parameter tau = 9.9986169293050786e-01

||curr_x||_inf   = 1.2099004272820530e+00
||curr_s||_inf   = 1.2099004901159900e+00
||curr_y_c||_inf = 3.4262720541823755e+03
||curr_y_d||_inf = 1.1301109107354077e+03
||curr_z_L||_inf = 1.9988858047526583e+02
||curr_z_U||_inf = 4.3769127142585003e+00
||curr_v_L||_inf = 6.8179062469584721e+01
||curr_v_U||_inf = 1.1112878940687785e+03


***Current NLP Values for Iteration 27:

                                   (scaled)                 (unscaled)
Objective...............:   8.6647154771012436e-01    8.6647154771012436e+02
Dual infeasibility......:   2.6161167076950534e+02    2.6161167076950535e+05
Constraint violation....:   5.4214759342038335e-04    7.2496704363157738e-04
Complementarity.........:   1.2046867659306253e-03    1.2046867659306253e+00
Overall NLP error.......:   2.6161167076950534e+02    2.6161167076950535e+05




**************************************************
*** Update Barrier Parameter for Iteration 27:
**************************************************

Remaining in fixed mu mode.
Barrier Parameter: 1.383071e-04

**************************************************
*** Solving the Primal Dual System for Iteration 27:
**************************************************

HSL_MA97: delays 422, nfactor 254369, nflops 4307889, maxfront 51
Ma97SolverInterface::Factorization: ma97_factor_solve took      0.000
Factorization successful.
Number of trial factorizations performed: 1
Perturbation parameters: delta_x=0.000000e+00 delta_s=0.000000e+00
                         delta_c=0.000000e+00 delta_d=0.000000e+00
residual_ratio = 3.084328e-09
Factorization successful.
residual_ratio = 6.002571e-15

**************************************************
*** Finding Acceptable Trial Point for Iteration 27:
**************************************************

--> Starting line search in iteration 27 <--
The current filter has 0 entries.
minimal step size ALPHA_MIN = 9.353161E-14
Starting checks for alpha (primal) = 2.82e-02
Checking acceptability for trial step size alpha_primal_test= 2.821877e-02:
  New values of barrier function     =  1.5608482973045898e+01  (reference  1.6002548241280106e+01):
  New values of constraint violation =  3.4072934638449966e-02  (reference  7.7307932497881664e-03):
Checking sufficient reduction...
Succeeded...
Checking filter acceptability...
Succeeded...

**************************************************
*** Update HessianMatrix for Iteration 28:
**************************************************



**************************************************
*** Summary of Iteration: 28:
**************************************************

iter    objective    inf_pr   inf_du lg(mu)  ||d||  lg(rg) alpha_du alpha_pr  ls
  28  8.8206392e+02 2.18e-03 2.44e+02  -3.9 2.98e-01    -  2.05e-02 2.82e-02f  1 F

**************************************************
*** Beginning Iteration 28 from the following point:
**************************************************

Current barrier parameter mu = 1.3830706949212790e-04
Current fraction-to-the-boundary parameter tau = 9.9986169293050786e-01

||curr_x||_inf   = 1.2097559585540054e+00
||curr_s||_inf   = 1.2097560974294070e+00
||curr_y_c||_inf = 3.4278193663091038e+03
||curr_y_d||_inf = 1.1468949927409562e+03
||curr_z_L||_inf = 1.9988713408159330e+02
||curr_z_U||_inf = 4.3606333051146855e+00
||curr_v_L||_inf = 6.8207796716724289e+01
||curr_v_U||_inf = 1.1238613757805110e+03


***Current NLP Values for Iteration 28:

                                   (scaled)                 (unscaled)
Objective...............:   8.8206391655083560e-01    8.8206391655083553e+02
Dual infeasibility......:   2.4424488838836484e+02    2.4424488838836484e+05
Constraint violation....:   1.6338892766328335e-03    2.1845534543048807e-03
Complementarity.........:   1.1827787169795287e-03    1.1827787169795287e+00
Overall NLP error.......:   2.4424488838836484e+02    2.4424488838836484e+05




**************************************************
*** Update Barrier Parameter for Iteration 28:
**************************************************

Remaining in fixed mu mode.
Barrier Parameter: 1.383071e-04

**************************************************
*** Solving the Primal Dual System for Iteration 28:
**************************************************

HSL_MA97: delays 422, nfactor 254369, nflops 4307889, maxfront 51
Ma97SolverInterface::Factorization: ma97_factor_solve took      0.000
Factorization successful.
Number of trial factorizations performed: 1
Perturbation parameters: delta_x=0.000000e+00 delta_s=0.000000e+00
                         delta_c=0.000000e+00 delta_d=0.000000e+00
residual_ratio = 1.653391e-09
Factorization successful.
residual_ratio = 1.214430e-14

**************************************************
*** Finding Acceptable Trial Point for Iteration 28:
**************************************************

--> Starting line search in iteration 28 <--
The current filter has 0 entries.
minimal step size ALPHA_MIN = 6.820193E-13
Starting checks for alpha (primal) = 2.83e-02
Checking acceptability for trial step size alpha_primal_test= 2.833891e-02:
  New values of barrier function     =  1.5397195029014302e+01  (reference  1.5608482973045898e+01):
  New values of constraint violation =  5.6846675258683275e-02  (reference  3.4072934638449966e-02):
Checking sufficient reduction...
Succeeded...
Checking filter acceptability...
Succeeded...

**************************************************
*** Update HessianMatrix for Iteration 29:
**************************************************



**************************************************
*** Summary of Iteration: 29:
**************************************************

iter    objective    inf_pr   inf_du lg(mu)  ||d||  lg(rg) alpha_du alpha_pr  ls
  29  8.9691572e+02 3.32e-03 2.43e+02  -3.9 2.03e-01    -  3.52e-02 2.83e-02f  1 F

**************************************************
*** Beginning Iteration 29 from the following point:
**************************************************

Current barrier parameter mu = 1.3830706949212790e-04
Current fraction-to-the-boundary parameter tau = 9.9986169293050786e-01

||curr_x||_inf   = 1.2095589408622587e+00
||curr_s||_inf   = 1.2095591539459298e+00
||curr_y_c||_inf = 3.4300762086734685e+03
||curr_y_d||_inf = 1.1566071438000672e+03
||curr_z_L||_inf = 1.9988472025465296e+02
||curr_z_U||_inf = 4.3637896062447679e+00
||curr_v_L||_inf = 6.8257946972215279e+01
||curr_v_U||_inf = 1.1367389025908844e+03


***Current NLP Values for Iteration 29:

                                   (scaled)                 (unscaled)
Objective...............:   8.9691571939282144e-01    8.9691571939282142e+02
Dual infeasibility......:   2.4253108870340643e+02    2.4253108870340642e+05
Constraint violation....:   2.4824663401226007e-03    3.3189315079321657e-03
Complementarity.........:   1.1461681136093729e-03    1.1461681136093729e+00
Overall NLP error.......:   2.4253108870340643e+02    2.4253108870340642e+05




**************************************************
*** Update Barrier Parameter for Iteration 29:
**************************************************

Remaining in fixed mu mode.
Barrier Parameter: 1.383071e-04

**************************************************
*** Solving the Primal Dual System for Iteration 29:
**************************************************

HSL_MA97: delays 422, nfactor 254369, nflops 4307889, maxfront 51
Ma97SolverInterface::Factorization: ma97_factor_solve took      0.000
Factorization successful.
Number of trial factorizations performed: 1
Perturbation parameters: delta_x=0.000000e+00 delta_s=0.000000e+00
                         delta_c=0.000000e+00 delta_d=0.000000e+00
residual_ratio = 1.583597e-09
Factorization successful.
residual_ratio = 8.669774e-15

**************************************************
*** Finding Acceptable Trial Point for Iteration 29:
**************************************************

--> Starting line search in iteration 29 <--
The current filter has 0 entries.
minimal step size ALPHA_MIN = 1.927307E-12
Starting checks for alpha (primal) = 5.75e-02
Checking acceptability for trial step size alpha_primal_test= 5.751378e-02:
  New values of barrier function     =  1.5142356119344925e+01  (reference  1.5397195029014302e+01):
  New values of constraint violation =  1.5932592983732397e-01  (reference  5.6846675258683275e-02):
Checking sufficient reduction...
Succeeded...
Checking filter acceptability...
Succeeded...

**************************************************
*** Update HessianMatrix for Iteration 30:
**************************************************



**************************************************
*** Summary of Iteration: 30:
**************************************************

iter    objective    inf_pr   inf_du lg(mu)  ||d||  lg(rg) alpha_du alpha_pr  ls
  30  9.2605222e+02 7.18e-03 2.27e+02  -3.9 1.85e-01    -  5.63e-02 5.75e-02f  1 F

**************************************************
*** Beginning Iteration 30 from the following point:
**************************************************

Current barrier parameter mu = 1.3830706949212790e-04
Current fraction-to-the-boundary parameter tau = 9.9986169293050786e-01

||curr_x||_inf   = 1.2089260551162566e+00
||curr_s||_inf   = 1.2089264145324721e+00
||curr_y_c||_inf = 3.4350599210422297e+03
||curr_y_d||_inf = 1.1696723545885563e+03
||curr_z_L||_inf = 1.9988103740992028e+02
||curr_z_U||_inf = 4.3662272422323856e+00
||curr_v_L||_inf = 6.8337273355903321e+01
||curr_v_U||_inf = 1.1506436510403046e+03


***Current NLP Values for Iteration 30:

                                   (scaled)                 (unscaled)
Objective...............:   9.2605222278536392e-01    9.2605222278536394e+02
Dual infeasibility......:   2.2699464965745807e+02    2.2699464965745807e+05
Constraint violation....:   5.3710748625819590e-03    7.1808545013364866e-03
Complementarity.........:   1.0894872652899930e-03    1.0894872652899930e+00
Overall NLP error.......:   2.2699464965745807e+02    2.2699464965745807e+05




**************************************************
*** Update Barrier Parameter for Iteration 30:
**************************************************

Remaining in fixed mu mode.
Barrier Parameter: 1.383071e-04

**************************************************
*** Solving the Primal Dual System for Iteration 30:
**************************************************

HSL_MA97: delays 422, nfactor 254369, nflops 4307889, maxfront 51
Ma97SolverInterface::Factorization: ma97_factor_solve took      0.000
Factorization successful.
Number of trial factorizations performed: 1
Perturbation parameters: delta_x=0.000000e+00 delta_s=0.000000e+00
                         delta_c=0.000000e+00 delta_d=0.000000e+00
residual_ratio = 8.121534e-10
Factorization successful.
residual_ratio = 1.495789e-14

**************************************************
*** Finding Acceptable Trial Point for Iteration 30:
**************************************************

--> Starting line search in iteration 30 <--
The current filter has 0 entries.
minimal step size ALPHA_MIN = 1.008098E-11
Starting checks for alpha (primal) = 2.22e-01
Checking acceptability for trial step size alpha_primal_test= 2.221897e-01:
  New values of barrier function     =  1.4736531621403417e+01  (reference  1.5142356119344925e+01):
  New values of constraint violation =  1.7379170541833282e+00  (reference  1.5932592983732397e-01):
Checking sufficient reduction...
Succeeded...
Checking filter acceptability...
Succeeded...

**************************************************
*** Update HessianMatrix for Iteration 31:
**************************************************



**************************************************
*** Summary of Iteration: 31:
**************************************************

iter    objective    inf_pr   inf_du lg(mu)  ||d||  lg(rg) alpha_du alpha_pr  ls
  31  1.0327916e+03 5.09e-02 1.24e+02  -3.9 1.61e-01    -  8.85e-02 2.22e-01f  1 F

**************************************************
*** Beginning Iteration 31 from the following point:
**************************************************

Current barrier parameter mu = 1.3830706949212790e-04
Current fraction-to-the-boundary parameter tau = 9.9986169293050786e-01

||curr_x||_inf   = 1.2033239229640629e+00
||curr_s||_inf   = 1.2033248151526197e+00
||curr_y_c||_inf = 3.4552452535915054e+03
||curr_y_d||_inf = 1.2010592183256538e+03
||curr_z_L||_inf = 1.9987567483482613e+02
||curr_z_U||_inf = 4.3688502360608945e+00
||curr_v_L||_inf = 6.8458520500173066e+01
||curr_v_U||_inf = 1.1648334710850847e+03


***Current NLP Values for Iteration 31:

                                   (scaled)                 (unscaled)
Objective...............:   1.0327915527287561e+00    1.0327915527287562e+03
Dual infeasibility......:   1.2392208941003202e+02    1.2392208941003201e+05
Constraint violation....:   3.8091756029000765e-02    5.0926744598225659e-02
Complementarity.........:   1.0044658458177563e-03    1.0044658458177562e+00
Overall NLP error.......:   1.2392208941003202e+02    1.2392208941003201e+05




**************************************************
*** Update Barrier Parameter for Iteration 31:
**************************************************

Remaining in fixed mu mode.
Barrier Parameter: 1.383071e-04

**************************************************
*** Solving the Primal Dual System for Iteration 31:
**************************************************

HSL_MA97: delays 423, nfactor 254383, nflops 4308477, maxfront 51
Ma97SolverInterface::Factorization: ma97_factor_solve took      0.000
Factorization successful.
Number of trial factorizations performed: 1
Perturbation parameters: delta_x=0.000000e+00 delta_s=0.000000e+00
                         delta_c=0.000000e+00 delta_d=0.000000e+00
residual_ratio = 4.084039e-10
Factorization successful.
residual_ratio = 2.726621e-15

**************************************************
*** Finding Acceptable Trial Point for Iteration 31:
**************************************************

--> Starting line search in iteration 31 <--
The current filter has 0 entries.
minimal step size ALPHA_MIN = 2.074617E-10
Starting checks for alpha (primal) = 1.65e-01
Checking acceptability for trial step size alpha_primal_test= 1.646709e-01:
  New values of barrier function     =  1.4631216745808160e+01  (reference  1.4736531621403417e+01):
  New values of constraint violation =  2.0628181948736906e+00  (reference  1.7379170541833282e+00):
Checking sufficient reduction...
Succeeded...
Checking filter acceptability...
Succeeded...

**************************************************
*** Update HessianMatrix for Iteration 32:
**************************************************



**************************************************
*** Summary of Iteration: 32:
**************************************************

iter    objective    inf_pr   inf_du lg(mu)  ||d||  lg(rg) alpha_du alpha_pr  ls
  32  1.0917024e+03 5.32e-02 8.51e+01  -3.9 1.12e-01    -  2.35e-01 1.65e-01f  1 F

**************************************************
*** Beginning Iteration 32 from the following point:
**************************************************

Current barrier parameter mu = 1.3830706949212790e-04
Current fraction-to-the-boundary parameter tau = 9.9986169293050786e-01

||curr_x||_inf   = 1.1942447687535820e+00
||curr_s||_inf   = 1.1942459680063282e+00
||curr_y_c||_inf = 3.4680038415020658e+03
||curr_y_d||_inf = 1.2085387949239760e+03
||curr_z_L||_inf = 1.9986332037456648e+02
||curr_z_U||_inf = 5.9723229655419301e+00
||curr_v_L||_inf = 6.8767817212910089e+01
||curr_v_U||_inf = 1.1840353403612128e+03


***Current NLP Values for Iteration 32:

                                   (scaled)                 (unscaled)
Objective...............:   1.0917024409256761e+00    1.0917024409256762e+03
Dual infeasibility......:   8.5053994881364019e+01    8.5053994881364022e+04
Constraint violation....:   3.9804687340098142e-02    5.3216846827383722e-02
Complementarity.........:   8.0192408604801450e-04    8.0192408604801446e-01
Overall NLP error.......:   8.5053994881364019e+01    8.5053994881364022e+04




**************************************************
*** Update Barrier Parameter for Iteration 32:
**************************************************

Remaining in fixed mu mode.
Barrier Parameter: 1.383071e-04

**************************************************
*** Solving the Primal Dual System for Iteration 32:
**************************************************

HSL_MA97: delays 428, nfactor 254453, nflops 4311417, maxfront 51
Ma97SolverInterface::Factorization: ma97_factor_solve took      0.000
Factorization successful.
Number of trial factorizations performed: 1
Perturbation parameters: delta_x=0.000000e+00 delta_s=0.000000e+00
                         delta_c=0.000000e+00 delta_d=0.000000e+00
residual_ratio = 4.136838e-10
Factorization successful.
residual_ratio = 8.692452e-15

**************************************************
*** Finding Acceptable Trial Point for Iteration 32:
**************************************************

--> Starting line search in iteration 32 <--
The current filter has 0 entries.
minimal step size ALPHA_MIN = 6.833047E-10
Starting checks for alpha (primal) = 4.31e-01
Checking acceptability for trial step size alpha_primal_test= 4.306556e-01:
  New values of barrier function     =  1.4513355519718820e+01  (reference  1.4631216745808160e+01):
  New values of constraint violation =  4.3185007038835561e+00  (reference  2.0628181948736906e+00):
Checking sufficient reduction...
Succeeded...
Checking filter acceptability...
Succeeded...

**************************************************
*** Update HessianMatrix for Iteration 33:
**************************************************



**************************************************
*** Summary of Iteration: 33:
**************************************************

iter    objective    inf_pr   inf_du lg(mu)  ||d||  lg(rg) alpha_du alpha_pr  ls
  33  1.2177152e+03 7.16e-02 6.21e+01  -3.9 9.32e-02    -  4.38e-01 4.31e-01h  1 F

**************************************************
*** Beginning Iteration 33 from the following point:
**************************************************

Current barrier parameter mu = 1.3830706949212790e-04
Current fraction-to-the-boundary parameter tau = 9.9986169293050786e-01

||curr_x||_inf   = 1.1694917237130007e+00
||curr_s||_inf   = 1.1694935936482602e+00
||curr_y_c||_inf = 3.5003804305657231e+03
||curr_y_d||_inf = 1.5600677678775053e+03
||curr_z_L||_inf = 1.9984672326698259e+02
||curr_z_U||_inf = 9.5980460987589691e+00
||curr_v_L||_inf = 6.9215982846854772e+01
||curr_v_U||_inf = 1.6221676892956812e+03


***Current NLP Values for Iteration 33:

                                   (scaled)                 (unscaled)
Objective...............:   1.2177151980998038e+00    1.2177151980998037e+03
Dual infeasibility......:   6.2099921418175882e+01    6.2099921418175880e+04
Constraint violation....:   5.3589929811603917e-02    7.1647016390490731e-02
Complementarity.........:   5.1310672819037599e-04    5.1310672819037595e-01
Overall NLP error.......:   6.2099921418175882e+01    6.2099921418175880e+04




**************************************************
*** Update Barrier Parameter for Iteration 33:
**************************************************

Remaining in fixed mu mode.
Barrier Parameter: 1.383071e-04

**************************************************
*** Solving the Primal Dual System for Iteration 33:
**************************************************

HSL_MA97: delays 429, nfactor 254467, nflops 4312005, maxfront 51
Ma97SolverInterface::Factorization: ma97_factor_solve took      0.000
Factorization successful.
Number of trial factorizations performed: 1
Perturbation parameters: delta_x=0.000000e+00 delta_s=0.000000e+00
                         delta_c=0.000000e+00 delta_d=0.000000e+00
residual_ratio = 4.006324e-10
Factorization successful.
residual_ratio = 4.763466e-15

**************************************************
*** Finding Acceptable Trial Point for Iteration 33:
**************************************************

--> Starting line search in iteration 33 <--
The current filter has 1 entries.
minimal step size ALPHA_MIN = 4.187553E-09
Starting checks for alpha (primal) = 1.00e+00
Checking acceptability for trial step size alpha_primal_test= 1.000000e+00:
  New values of barrier function     =  1.4473063123713800e+01  (reference  1.4513355519718820e+01):
  New values of constraint violation =  5.7925440271820063e+00  (reference  4.3185007038835561e+00):
Checking sufficient reduction...
Succeeded...
Checking filter acceptability...
Succeeded...

**************************************************
*** Update HessianMatrix for Iteration 34:
**************************************************



**************************************************
*** Summary of Iteration: 34:
**************************************************

iter    objective    inf_pr   inf_du lg(mu)  ||d||  lg(rg) alpha_du alpha_pr  ls
  34  1.3802880e+03 8.83e-02 1.34e+00  -3.9 5.26e-02    -  1.00e+00 1.00e+00h  1 F

**************************************************
*** Beginning Iteration 34 from the following point:
**************************************************

Current barrier parameter mu = 1.3830706949212790e-04
Current fraction-to-the-boundary parameter tau = 9.9986169293050786e-01

||curr_x||_inf   = 1.1335523144790229e+00
||curr_s||_inf   = 1.1335550707254551e+00
||curr_y_c||_inf = 3.5543168936576240e+03
||curr_y_d||_inf = 3.6398824979384708e+03
||curr_z_L||_inf = 1.9982808783335869e+02
||curr_z_U||_inf = 1.4245993769103155e+01
||curr_v_L||_inf = 6.9801083734896523e+01
||curr_v_U||_inf = 3.6398824979398541e+03


***Current NLP Values for Iteration 34:

                                   (scaled)                 (unscaled)
Objective...............:   1.3802880178117163e+00    1.3802880178117161e+03
Dual infeasibility......:   1.3382780879375495e+00    1.3382780879375496e+03
Constraint violation....:   5.5872662381691661e-02    8.8289181930499061e-02
Complementarity.........:   2.6097706945606868e-04    2.6097706945606869e-01
Overall NLP error.......:   1.3382780879375495e+00    1.3382780879375496e+03




**************************************************
*** Update Barrier Parameter for Iteration 34:
**************************************************

Remaining in fixed mu mode.
Barrier Parameter: 1.383071e-04

**************************************************
*** Solving the Primal Dual System for Iteration 34:
**************************************************

HSL_MA97: delays 432, nfactor 254509, nflops 4313769, maxfront 51
Ma97SolverInterface::Factorization: ma97_factor_solve took      0.000
Factorization successful.
Number of trial factorizations performed: 1
Perturbation parameters: delta_x=0.000000e+00 delta_s=0.000000e+00
                         delta_c=0.000000e+00 delta_d=0.000000e+00
residual_ratio = 1.897569e-11
Factorization successful.
residual_ratio = 1.719167e-16

**************************************************
*** Finding Acceptable Trial Point for Iteration 34:
**************************************************

--> Starting line search in iteration 34 <--
The current filter has 2 entries.
minimal step size ALPHA_MIN = 5.000000E-07
Starting checks for alpha (primal) = 1.00e+00
Checking acceptability for trial step size alpha_primal_test= 1.000000e+00:
  New values of barrier function     =  1.4473920623148450e+01  (reference  1.4473063123713800e+01):
  New values of constraint violation =  2.0493786848319140e-03  (reference  5.7925440271820063e+00):
Checking sufficient reduction...
Succeeded...
Checking filter acceptability...
Succeeded...

**************************************************
*** Update HessianMatrix for Iteration 35:
**************************************************



**************************************************
*** Summary of Iteration: 35:
**************************************************

iter    objective    inf_pr   inf_du lg(mu)  ||d||  lg(rg) alpha_du alpha_pr  ls
  35  1.3807675e+03 1.36e-04 1.43e-02  -3.9 1.65e-03    -  1.00e+00 1.00e+00h  1 F

**************************************************
*** Beginning Iteration 35 from the following point:
**************************************************

Current barrier parameter mu = 1.3830706949212790e-04
Current fraction-to-the-boundary parameter tau = 9.9986169293050786e-01

||curr_x||_inf   = 1.1337282924665697e+00
||curr_s||_inf   = 1.1337310485441474e+00
||curr_y_c||_inf = 3.5613202715553557e+03
||curr_y_d||_inf = 4.6879295551841942e+03
||curr_z_L||_inf = 1.9982924962951918e+02
||curr_z_U||_inf = 1.4248364453200413e+01
||curr_v_L||_inf = 6.9802054627468422e+01
||curr_v_U||_inf = 4.6879295551855776e+03


***Current NLP Values for Iteration 35:

                                   (scaled)                 (unscaled)
Objective...............:   1.3807674935922349e+00    1.3807674935922348e+03
Dual infeasibility......:   1.4277086091024405e-02    1.4277086091024405e+01
Constraint violation....:   1.0159721061970600e-04    1.3583031439093340e-04
Complementarity.........:   1.4268663371606440e-04    1.4268663371606441e-01
Overall NLP error.......:   1.4277086091024405e-02    1.4277086091024405e+01




**************************************************
*** Update Barrier Parameter for Iteration 35:
**************************************************

Remaining in fixed mu mode.
Barrier Parameter: 1.383071e-04

**************************************************
*** Solving the Primal Dual System for Iteration 35:
**************************************************

HSL_MA97: delays 432, nfactor 254509, nflops 4313769, maxfront 51
Ma97SolverInterface::Factorization: ma97_factor_solve took      0.000
Factorization successful.
Number of trial factorizations performed: 1
Perturbation parameters: delta_x=0.000000e+00 delta_s=0.000000e+00
                         delta_c=0.000000e+00 delta_d=0.000000e+00
residual_ratio = 1.225824e-11
Factorization successful.
residual_ratio = 2.612286e-16

**************************************************
*** Finding Acceptable Trial Point for Iteration 35:
**************************************************

--> Starting line search in iteration 35 <--
The current filter has 3 entries.
minimal step size ALPHA_MIN = 2.843349E-08
Starting checks for alpha (primal) = 1.00e+00
Checking acceptability for trial step size alpha_primal_test= 1.000000e+00:
  New values of barrier function     =  1.4473884811279547e+01  (reference  1.4473920623148450e+01):
  New values of constraint violation =  2.0647428041001826e-06  (reference  2.0493786848319140e-03):
Checking sufficient reduction...
Succeeded...
Checking filter acceptability...
Succeeded...

**************************************************
*** Update HessianMatrix for Iteration 36:
**************************************************



**************************************************
*** Summary of Iteration: 36:
**************************************************

iter    objective    inf_pr   inf_du lg(mu)  ||d||  lg(rg) alpha_du alpha_pr  ls
  36  1.3807201e+03 1.70e-07 1.67e-04  -3.9 7.12e-05    -  1.00e+00 1.00e+00h  1 F

**************************************************
*** Beginning Iteration 36 from the following point:
**************************************************

Current barrier parameter mu = 1.3830706949212790e-04
Current fraction-to-the-boundary parameter tau = 9.9986169293050786e-01

||curr_x||_inf   = 1.1337268484980025e+00
||curr_s||_inf   = 1.1337296045755805e+00
||curr_y_c||_inf = 3.5612195983919469e+03
||curr_y_d||_inf = 4.5647377845975598e+03
||curr_z_L||_inf = 1.9982924965217393e+02
||curr_z_U||_inf = 1.4248348684653337e+01
||curr_v_L||_inf = 6.9802052616362133e+01
||curr_v_U||_inf = 4.5647377845989422e+03


***Current NLP Values for Iteration 36:

                                   (scaled)                 (unscaled)
Objective...............:   1.3807201247344070e+00    1.3807201247344069e+03
Dual infeasibility......:   1.6685357053474272e-04    1.6685357053474273e-01
Constraint violation....:   1.2732198865572096e-07    1.7022303705482855e-07
Complementarity.........:   1.3832362424210490e-04    1.3832362424210490e-01
Overall NLP error.......:   1.6685357053474272e-04    1.6685357053474273e-01




**************************************************
*** Update Barrier Parameter for Iteration 36:
**************************************************

Switching back to free mu mode.
The current filter has 13 entries.
Solving the Primal Dual System for the affine step
HSL_MA97: delays 432, nfactor 254509, nflops 4313769, maxfront 51
Ma97SolverInterface::Factorization: ma97_factor_solve took      0.000
Factorization successful.
Number of trial factorizations performed: 1
Perturbation parameters: delta_x=0.000000e+00 delta_s=0.000000e+00
                         delta_c=0.000000e+00 delta_d=0.000000e+00
Solving the Primal Dual System for the centering step
Factorization successful.
Sigma = 1.494147e-01
Barrier parameter mu computed by oracle is 2.066510e-05
Barrier parameter mu after safeguards is 2.066510e-05
Barrier Parameter: 2.066510e-05

**************************************************
*** Solving the Primal Dual System for Iteration 36:
**************************************************

residual_ratio = 7.775372e-09
Factorization successful.
residual_ratio = 1.672458e-13

**************************************************
*** Finding Acceptable Trial Point for Iteration 36:
**************************************************

--> Starting line search in iteration 36 <--
Mu has changed in line search - resetting watchdog counters.
The current filter has 0 entries.
minimal step size ALPHA_MIN = 3.039028E-15
Starting checks for alpha (primal) = 9.99e-01
Checking acceptability for trial step size alpha_primal_test= 9.985502e-01:
  New values of barrier function     =  3.0699822339848986e+00  (reference  3.3370307445775458e+00):
  New values of constraint violation =  5.4963159227152065e+00  (reference  2.0647428041001826e-06):
Checking Armijo Condition...
Succeeded...
Checking filter acceptability...
Succeeded...

**************************************************
*** Update HessianMatrix for Iteration 37:
**************************************************



**************************************************
*** Summary of Iteration: 37:
**************************************************

iter    objective    inf_pr   inf_du lg(mu)  ||d||  lg(rg) alpha_du alpha_pr  ls
  37  9.8399140e+02 1.01e-01 5.94e+02  -4.7 5.73e-02    -  6.10e-01 9.99e-01f  1 

**************************************************
*** Beginning Iteration 37 from the following point:
**************************************************

Current barrier parameter mu = 2.0665102389254975e-05
Current fraction-to-the-boundary parameter tau = 9.9983314642946530e-01

||curr_x||_inf   = 1.1852041143847993e+00
||curr_s||_inf   = 1.1852045211388020e+00
||curr_y_c||_inf = 3.4363275695152324e+03
||curr_y_d||_inf = 3.0377163432990305e+03
||curr_z_L||_inf = 1.9991741578562227e+02
||curr_z_U||_inf = 7.0989717527668175e+00
||curr_v_L||_inf = 7.1097862131755733e+01
||curr_v_U||_inf = 3.6319916461584830e+03


***Current NLP Values for Iteration 37:

                                   (scaled)                 (unscaled)
Objective...............:   9.8399139818352943e-01    9.8399139818352944e+02
Dual infeasibility......:   5.9427530285945249e+02    5.9427530285945255e+05
Constraint violation....:   6.3942361695315961e-02    1.0096593206398317e-01
Complementarity.........:   6.7503621198052938e-05    6.7503621198052935e-02
Overall NLP error.......:   5.9427530285945249e+02    5.9427530285945255e+05




**************************************************
*** Update Barrier Parameter for Iteration 37:
**************************************************

Switching to fixed mu mode with mu =   4.6682974880407898e-05 and tau =   9.9995331702511958e-01.
Barrier Parameter: 4.668297e-05

**************************************************
*** Solving the Primal Dual System for Iteration 37:
**************************************************

HSL_MA97: delays 428, nfactor 254453, nflops 4311417, maxfront 51
Ma97SolverInterface::Factorization: ma97_factor_solve took      0.000
In Ma97SolverInterface::Factorization: info.num_neg = 7786, but numberOfNegEVals = 7779
Factorization failed with retval = 2
HSL_MA97: delays 428, nfactor 254453, nflops 4311417, maxfront 51
Ma97SolverInterface::Factorization: ma97_factor_solve took      0.000
In Ma97SolverInterface::Factorization: info.num_neg = 7786, but numberOfNegEVals = 7779
Factorization failed with retval = 2
HSL_MA97: delays 428, nfactor 254453, nflops 4311417, maxfront 51
Ma97SolverInterface::Factorization: ma97_factor_solve took      0.000
Factorization successful.
Number of trial factorizations performed: 3
Perturbation parameters: delta_x=1.000000e-02 delta_s=1.000000e-02
                         delta_c=0.000000e+00 delta_d=0.000000e+00
residual_ratio = 5.477190e-11
Factorization successful.
residual_ratio = 2.729666e-16

**************************************************
*** Finding Acceptable Trial Point for Iteration 37:
**************************************************

--> Starting line search in iteration 37 <--
Mu has changed in line search - resetting watchdog counters.
The current filter has 0 entries.
minimal step size ALPHA_MIN = 1.229567E-08
Starting checks for alpha (primal) = 1.00e+00
Checking acceptability for trial step size alpha_primal_test= 1.000000e+00:
  New values of barrier function     =  5.6545779918753976e+00  (reference  5.6962960339984585e+00):
  New values of constraint violation =  2.3900648047277716e-02  (reference  5.4963159227152065e+00):
Checking sufficient reduction...
Succeeded...
Checking filter acceptability...
Succeeded...

**************************************************
*** Update HessianMatrix for Iteration 38:
**************************************************



**************************************************
*** Summary of Iteration: 38:
**************************************************

iter    objective    inf_pr   inf_du lg(mu)  ||d||  lg(rg) alpha_du alpha_pr  ls
  38  1.0549056e+03 1.88e-03 4.52e-02  -4.3 4.59e-02  -2.0 1.00e+00 1.00e+00h  1 F

**************************************************
*** Beginning Iteration 38 from the following point:
**************************************************

Current barrier parameter mu = 4.6682974880407898e-05
Current fraction-to-the-boundary parameter tau = 9.9995331702511958e-01

||curr_x||_inf   = 1.1874060971025984e+00
||curr_s||_inf   = 1.1874070207523277e+00
||curr_y_c||_inf = 3.4685468928794148e+03
||curr_y_d||_inf = 3.2772857266309206e+03
||curr_z_L||_inf = 1.9994220959722747e+02
||curr_z_U||_inf = 5.1412135120567735e+00
||curr_v_L||_inf = 7.1692947933322870e+01
||curr_v_U||_inf = 3.2772857266313831e+03


***Current NLP Values for Iteration 38:

                                   (scaled)                 (unscaled)
Objective...............:   1.0549056215238775e+00    1.0549056215238775e+03
Dual infeasibility......:   4.5200034922437758e-02    4.5200034922437759e+01
Constraint violation....:   1.8849484942621460e-03    1.8849484942621460e-03
Complementarity.........:   6.5830917388306188e-05    6.5830917388306182e-02
Overall NLP error.......:   4.5200034922437758e-02    4.5200034922437759e+01




**************************************************
*** Update Barrier Parameter for Iteration 38:
**************************************************

Remaining in fixed mu mode.
Barrier Parameter: 4.668297e-05

**************************************************
*** Solving the Primal Dual System for Iteration 38:
**************************************************

HSL_MA97: delays 428, nfactor 254453, nflops 4311417, maxfront 51
Ma97SolverInterface::Factorization: ma97_factor_solve took      0.000
Factorization successful.
Number of trial factorizations performed: 1
Perturbation parameters: delta_x=0.000000e+00 delta_s=0.000000e+00
                         delta_c=0.000000e+00 delta_d=0.000000e+00
residual_ratio = 4.800605e-09
Factorization successful.
residual_ratio = 1.721813e-13

**************************************************
*** Finding Acceptable Trial Point for Iteration 38:
**************************************************

--> Starting line search in iteration 38 <--
The current filter has 1 entries.
minimal step size ALPHA_MIN = 9.021638E-09
Starting checks for alpha (primal) = 1.00e+00
Checking acceptability for trial step size alpha_primal_test= 1.000000e+00:
  New values of barrier function     =  5.6540257354588634e+00  (reference  5.6545779918753976e+00):
  New values of constraint violation =  5.9478445683577008e-01  (reference  2.3900648047277716e-02):
Checking sufficient reduction...
Succeeded...
Checking filter acceptability...
Succeeded...

**************************************************
*** Update HessianMatrix for Iteration 39:
**************************************************



**************************************************
*** Summary of Iteration: 39:
**************************************************

iter    objective    inf_pr   inf_du lg(mu)  ||d||  lg(rg) alpha_du alpha_pr  ls
  39  1.0472022e+03 1.48e-02 1.91e-01  -4.3 2.51e-02    -  1.00e+00 1.00e+00h  1 F

**************************************************
*** Beginning Iteration 39 from the following point:
**************************************************

Current barrier parameter mu = 4.6682974880407898e-05
Current fraction-to-the-boundary parameter tau = 9.9995331702511958e-01

||curr_x||_inf   = 1.1915003304648641e+00
||curr_s||_inf   = 1.1915012541166841e+00
||curr_y_c||_inf = 3.4642277097749034e+03
||curr_y_d||_inf = 3.2599649707651388e+03
||curr_z_L||_inf = 1.9994218630326068e+02
||curr_z_U||_inf = 5.1450263458967314e+00
||curr_v_L||_inf = 7.1680880133910264e+01
||curr_v_U||_inf = 3.2599649707656058e+03


***Current NLP Values for Iteration 39:

                                   (scaled)                 (unscaled)
Objective...............:   1.0472022368257525e+00    1.0472022368257526e+03
Dual infeasibility......:   1.9057653975396879e-01    1.9057653975396880e+02
Constraint violation....:   9.3974377212290901e-03    1.4837011911041614e-02
Complementarity.........:   4.8069968333433420e-05    4.8069968333433417e-02
Overall NLP error.......:   1.9057653975396879e-01    1.9057653975396880e+02




**************************************************
*** Update Barrier Parameter for Iteration 39:
**************************************************

Remaining in fixed mu mode.
Barrier Parameter: 4.668297e-05

**************************************************
*** Solving the Primal Dual System for Iteration 39:
**************************************************

HSL_MA97: delays 428, nfactor 254453, nflops 4311417, maxfront 51
Ma97SolverInterface::Factorization: ma97_factor_solve took      0.000
Factorization successful.
Number of trial factorizations performed: 1
Perturbation parameters: delta_x=0.000000e+00 delta_s=0.000000e+00
                         delta_c=0.000000e+00 delta_d=0.000000e+00
residual_ratio = 6.172739e-09
Factorization successful.
residual_ratio = 8.429000e-14

**************************************************
*** Finding Acceptable Trial Point for Iteration 39:
**************************************************

--> Starting line search in iteration 39 <--
The current filter has 1 entries.
minimal step size ALPHA_MIN = 5.000000E-07
Starting checks for alpha (primal) = 1.00e+00
Checking acceptability for trial step size alpha_primal_test= 1.000000e+00:
  New values of barrier function     =  5.6540778004912697e+00  (reference  5.6540257354588634e+00):
  New values of constraint violation =  6.4054053010039755e-03  (reference  5.9478445683577008e-01):
Checking sufficient reduction...
Succeeded...
Checking filter acceptability...
Succeeded...

**************************************************
*** Update HessianMatrix for Iteration 40:
**************************************************



**************************************************
*** Summary of Iteration: 40:
**************************************************

iter    objective    inf_pr   inf_du lg(mu)  ||d||  lg(rg) alpha_du alpha_pr  ls
  40  1.0479650e+03 2.13e-04 1.92e-03  -4.3 1.97e-02    -  1.00e+00 1.00e+00h  1 F

**************************************************
*** Beginning Iteration 40 from the following point:
**************************************************

Current barrier parameter mu = 4.6682974880407898e-05
Current fraction-to-the-boundary parameter tau = 9.9995331702511958e-01

||curr_x||_inf   = 1.1911627171958523e+00
||curr_s||_inf   = 1.1911636408476742e+00
||curr_y_c||_inf = 3.4647857764427918e+03
||curr_y_d||_inf = 3.2610913759382706e+03
||curr_z_L||_inf = 1.9994218630308512e+02
||curr_z_U||_inf = 5.1451001551740916e+00
||curr_v_L||_inf = 7.1680906558596945e+01
||curr_v_U||_inf = 3.2610913759387377e+03


***Current NLP Values for Iteration 40:

                                   (scaled)                 (unscaled)
Objective...............:   1.0479649543592029e+00    1.0479649543592029e+03
Dual infeasibility......:   1.9154411215481781e-03    1.9154411215481781e+00
Constraint violation....:   1.3516054010893143e-04    2.1301618856761628e-04
Complementarity.........:   4.7706858848872649e-05    4.7706858848872651e-02
Overall NLP error.......:   1.9154411215481781e-03    1.9154411215481781e+00




**************************************************
*** Update Barrier Parameter for Iteration 40:
**************************************************

Remaining in fixed mu mode.
Barrier Parameter: 4.668297e-05

**************************************************
*** Solving the Primal Dual System for Iteration 40:
**************************************************

HSL_MA97: delays 428, nfactor 254453, nflops 4311417, maxfront 51
Ma97SolverInterface::Factorization: ma97_factor_solve took      0.000
Factorization successful.
Number of trial factorizations performed: 1
Perturbation parameters: delta_x=0.000000e+00 delta_s=0.000000e+00
                         delta_c=0.000000e+00 delta_d=0.000000e+00
residual_ratio = 2.397261e-09
Factorization successful.
residual_ratio = 5.492657e-14

**************************************************
*** Finding Acceptable Trial Point for Iteration 40:
**************************************************

--> Starting line search in iteration 40 <--
The current filter has 2 entries.
minimal step size ALPHA_MIN = 5.000000E-07
Starting checks for alpha (primal) = 1.00e+00
Checking acceptability for trial step size alpha_primal_test= 1.000000e+00:
  New values of barrier function     =  5.6542102418180615e+00  (reference  5.6540778004912697e+00):
  New values of constraint violation =  7.8073402831371243e-05  (reference  6.4054053010039755e-03):
Checking sufficient reduction...
Succeeded...
Checking filter acceptability...
Succeeded...

**************************************************
*** Update HessianMatrix for Iteration 41:
**************************************************



**************************************************
*** Summary of Iteration: 41:
**************************************************

iter    objective    inf_pr   inf_du lg(mu)  ||d||  lg(rg) alpha_du alpha_pr  ls
  41  1.0479263e+03 7.92e-06 3.27e-04  -4.3 2.27e-03    -  1.00e+00 1.00e+00h  1 F

**************************************************
*** Beginning Iteration 41 from the following point:
**************************************************

Current barrier parameter mu = 4.6682974880407898e-05
Current fraction-to-the-boundary parameter tau = 9.9995331702511958e-01

||curr_x||_inf   = 1.1911685124530658e+00
||curr_s||_inf   = 1.1911694361048879e+00
||curr_y_c||_inf = 3.4668348854353690e+03
||curr_y_d||_inf = 3.2613618968331384e+03
||curr_z_L||_inf = 1.9994218630308495e+02
||curr_z_U||_inf = 5.1453743893511481e+00
||curr_v_L||_inf = 7.1680906559074543e+01
||curr_v_U||_inf = 3.2613618968336050e+03


***Current NLP Values for Iteration 41:

                                   (scaled)                 (unscaled)
Objective...............:   1.0479263035196680e+00    1.0479263035196680e+03
Dual infeasibility......:   3.2675660591322995e-04    3.2675660591322997e-01
Constraint violation....:   5.9430280238769072e-06    7.9246473235761172e-06
Complementarity.........:   4.6700713015796718e-05    4.6700713015796716e-02
Overall NLP error.......:   3.2675660591322995e-04    3.2675660591322997e-01




**************************************************
*** Update Barrier Parameter for Iteration 41:
**************************************************

Switching back to free mu mode.
The current filter has 14 entries.
Solving the Primal Dual System for the affine step
HSL_MA97: delays 428, nfactor 254453, nflops 4311417, maxfront 51
Ma97SolverInterface::Factorization: ma97_factor_solve took      0.000
Factorization successful.
Number of trial factorizations performed: 1
Perturbation parameters: delta_x=0.000000e+00 delta_s=0.000000e+00
                         delta_c=0.000000e+00 delta_d=0.000000e+00
Solving the Primal Dual System for the centering step
Factorization successful.
Sigma = 4.884885e-01
Barrier parameter mu computed by oracle is 2.280291e-05
Barrier parameter mu after safeguards is 2.280291e-05
Barrier Parameter: 2.280291e-05

**************************************************
*** Solving the Primal Dual System for Iteration 41:
**************************************************

residual_ratio = 1.508570e-09
Factorization successful.
residual_ratio = 2.473606e-14

**************************************************
*** Finding Acceptable Trial Point for Iteration 41:
**************************************************

--> Starting line search in iteration 41 <--
Mu has changed in line search - resetting watchdog counters.
The current filter has 0 entries.
minimal step size ALPHA_MIN = 8.000875E-13
Starting checks for alpha (primal) = 9.94e-01
Checking acceptability for trial step size alpha_primal_test= 9.943879e-01:
  New values of barrier function     =  3.2672945462461374e+00  (reference  3.2979259733130815e+00):
  New values of constraint violation =  1.7333862920346332e+00  (reference  7.8073402831371243e-05):
Checking Armijo Condition...
Succeeded...
Checking filter acceptability...
Succeeded...

**************************************************
*** Update HessianMatrix for Iteration 42:
**************************************************



**************************************************
*** Summary of Iteration: 42:
**************************************************

iter    objective    inf_pr   inf_du lg(mu)  ||d||  lg(rg) alpha_du alpha_pr  ls
  42  9.5339662e+02 3.14e-02 4.80e+01  -4.6 3.24e-02    -  8.78e-01 9.94e-01f  1 

**************************************************
*** Beginning Iteration 42 from the following point:
**************************************************

Current barrier parameter mu = 2.2802909997053625e-05
Current fraction-to-the-boundary parameter tau = 9.9967324339408681e-01

||curr_x||_inf   = 1.2099943072654356e+00
||curr_s||_inf   = 1.2099947560040163e+00
||curr_y_c||_inf = 3.4497710220250606e+03
||curr_y_d||_inf = 2.8516912827282190e+03
||curr_z_L||_inf = 1.9996810787578909e+02
||curr_z_U||_inf = 3.0787865783016666e+00
||curr_v_L||_inf = 7.2180220155888961e+01
||curr_v_U||_inf = 2.8996863358125565e+03


***Current NLP Values for Iteration 42:

                                   (scaled)                 (unscaled)
Objective...............:   9.5339662412304171e-01    9.5339662412304165e+02
Dual infeasibility......:   4.7995053084337542e+01    4.7995053084337545e+04
Constraint violation....:   1.9851635920863944e-02    3.1388100597483606e-02
Complementarity.........:   2.7175281658775096e-05    2.7175281658775096e-02
Overall NLP error.......:   4.7995053084337542e+01    4.7995053084337545e+04




**************************************************
*** Update Barrier Parameter for Iteration 42:
**************************************************

Switching to fixed mu mode with mu =   2.0144203793058237e-05 and tau =   9.9997985579620696e-01.
Barrier Parameter: 2.014420e-05

**************************************************
*** Solving the Primal Dual System for Iteration 42:
**************************************************

HSL_MA97: delays 423, nfactor 254383, nflops 4308477, maxfront 51
Ma97SolverInterface::Factorization: ma97_factor_solve took      0.000
Factorization successful.
Number of trial factorizations performed: 1
Perturbation parameters: delta_x=0.000000e+00 delta_s=0.000000e+00
                         delta_c=0.000000e+00 delta_d=0.000000e+00
residual_ratio = 6.507446e-10
Factorization successful.
residual_ratio = 5.694053e-14

**************************************************
*** Finding Acceptable Trial Point for Iteration 42:
**************************************************

--> Starting line search in iteration 42 <--
Mu has changed in line search - resetting watchdog counters.
The current filter has 0 entries.
minimal step size ALPHA_MIN = 4.167676E-08
Starting checks for alpha (primal) = 1.00e+00
Checking acceptability for trial step size alpha_primal_test= 1.000000e+00:
  New values of barrier function     =  2.9962980498234861e+00  (reference  2.9975055253818876e+00):
  New values of constraint violation =  2.5579689674853617e-01  (reference  1.7333862920346332e+00):
Checking sufficient reduction...
Succeeded...
Checking filter acceptability...
Succeeded...

**************************************************
*** Update HessianMatrix for Iteration 43:
**************************************************



**************************************************
*** Summary of Iteration: 43:
**************************************************

iter    objective    inf_pr   inf_du lg(mu)  ||d||  lg(rg) alpha_du alpha_pr  ls
  43  9.3915172e+02 1.07e-02 1.65e-01  -4.7 1.89e-02    -  1.00e+00 1.00e+00h  1 F

**************************************************
*** Beginning Iteration 43 from the following point:
**************************************************

Current barrier parameter mu = 2.0144203793058237e-05
Current fraction-to-the-boundary parameter tau = 9.9997985579620696e-01

||curr_x||_inf   = 1.2062977756752300e+00
||curr_s||_inf   = 1.2062981685579195e+00
||curr_y_c||_inf = 3.4512240179923956e+03
||curr_y_d||_inf = 2.7195419031409378e+03
||curr_z_L||_inf = 1.9997502966335881e+02
||curr_z_U||_inf = 2.7446452768509046e+00
||curr_v_L||_inf = 7.2351713241424548e+01
||curr_v_U||_inf = 2.7195419031411393e+03


***Current NLP Values for Iteration 43:

                                   (scaled)                 (unscaled)
Objective...............:   9.3915172272797243e-01    9.3915172272797236e+02
Dual infeasibility......:   1.6497970770372331e-01    1.6497970770372331e+02
Constraint violation....:   6.7562800915774513e-03    1.0667057464676361e-02
Complementarity.........:   1.0322788932687083e-04    1.0322788932687083e-01
Overall NLP error.......:   1.6497970770372331e-01    1.6497970770372331e+02




**************************************************
*** Update Barrier Parameter for Iteration 43:
**************************************************

Remaining in fixed mu mode.
Barrier Parameter: 2.014420e-05

**************************************************
*** Solving the Primal Dual System for Iteration 43:
**************************************************

HSL_MA97: delays 422, nfactor 254369, nflops 4307889, maxfront 51
Ma97SolverInterface::Factorization: ma97_factor_solve took      0.000
Factorization successful.
Number of trial factorizations performed: 1
Perturbation parameters: delta_x=0.000000e+00 delta_s=0.000000e+00
                         delta_c=0.000000e+00 delta_d=0.000000e+00
residual_ratio = 1.298479e-09
Factorization successful.
residual_ratio = 1.651486e-14

**************************************************
*** Finding Acceptable Trial Point for Iteration 43:
**************************************************

--> Starting line search in iteration 43 <--
The current filter has 1 entries.
minimal step size ALPHA_MIN = 5.000000E-07
Starting checks for alpha (primal) = 1.00e+00
Checking acceptability for trial step size alpha_primal_test= 1.000000e+00:
  New values of barrier function     =  2.9963120161700383e+00  (reference  2.9962980498234861e+00):
  New values of constraint violation =  3.2461193492693032e-03  (reference  2.5579689674853617e-01):
Checking sufficient reduction...
Succeeded...
Checking filter acceptability...
Succeeded...

**************************************************
*** Update HessianMatrix for Iteration 44:
**************************************************



**************************************************
*** Summary of Iteration: 44:
**************************************************

iter    objective    inf_pr   inf_du lg(mu)  ||d||  lg(rg) alpha_du alpha_pr  ls
  44  9.3889334e+02 2.06e-04 4.64e-03  -4.7 2.69e-03    -  1.00e+00 1.00e+00h  1 F

**************************************************
*** Beginning Iteration 44 from the following point:
**************************************************

Current barrier parameter mu = 2.0144203793058237e-05
Current fraction-to-the-boundary parameter tau = 9.9997985579620696e-01

||curr_x||_inf   = 1.2070458981465066e+00
||curr_s||_inf   = 1.2070462910291362e+00
||curr_y_c||_inf = 3.4514366363177160e+03
||curr_y_d||_inf = 2.6893842931731529e+03
||curr_z_L||_inf = 1.9997503029246960e+02
||curr_z_U||_inf = 2.7514397922436511e+00
||curr_v_L||_inf = 7.2353631540739784e+01
||curr_v_U||_inf = 2.6893842931733543e+03


***Current NLP Values for Iteration 44:

                                   (scaled)                 (unscaled)
Objective...............:   9.3889334499001675e-01    9.3889334499001677e+02
Dual infeasibility......:   4.6422426387777872e-03    4.6422426387777875e+00
Constraint violation....:   1.2988241514037713e-04    2.0562069057727952e-04
Complementarity.........:   3.6295875764208356e-05    3.6295875764208355e-02
Overall NLP error.......:   4.6422426387777872e-03    4.6422426387777875e+00




**************************************************
*** Update Barrier Parameter for Iteration 44:
**************************************************

Remaining in fixed mu mode.
Barrier Parameter: 2.014420e-05

**************************************************
*** Solving the Primal Dual System for Iteration 44:
**************************************************

HSL_MA97: delays 422, nfactor 254369, nflops 4307889, maxfront 51
Ma97SolverInterface::Factorization: ma97_factor_solve took      0.000
Factorization successful.
Number of trial factorizations performed: 1
Perturbation parameters: delta_x=0.000000e+00 delta_s=0.000000e+00
                         delta_c=0.000000e+00 delta_d=0.000000e+00
residual_ratio = 8.829549e-09
Factorization successful.
residual_ratio = 8.189912e-15

**************************************************
*** Finding Acceptable Trial Point for Iteration 44:
**************************************************

--> Starting line search in iteration 44 <--
The current filter has 1 entries.
minimal step size ALPHA_MIN = 5.000000E-07
Starting checks for alpha (primal) = 1.00e+00
Checking acceptability for trial step size alpha_primal_test= 1.000000e+00:
  New values of barrier function     =  2.9963104459695886e+00  (reference  2.9963120161700383e+00):
  New values of constraint violation =  5.6060071702517881e-05  (reference  3.2461193492693032e-03):
Checking sufficient reduction...
Succeeded...
Checking filter acceptability...
Succeeded...

**************************************************
*** Update HessianMatrix for Iteration 45:
**************************************************



**************************************************
*** Summary of Iteration: 45:
**************************************************

iter    objective    inf_pr   inf_du lg(mu)  ||d||  lg(rg) alpha_du alpha_pr  ls
  45  9.3886256e+02 1.35e-05 3.08e-04  -4.7 6.90e-04    -  1.00e+00 1.00e+00h  1 F

**************************************************
*** Beginning Iteration 45 from the following point:
**************************************************

Current barrier parameter mu = 2.0144203793058237e-05
Current fraction-to-the-boundary parameter tau = 9.9997985579620696e-01

||curr_x||_inf   = 1.2077355593389822e+00
||curr_s||_inf   = 1.2077359522216111e+00
||curr_y_c||_inf = 3.4514377588698003e+03
||curr_y_d||_inf = 2.6878002558020212e+03
||curr_z_L||_inf = 1.9997503029250711e+02
||curr_z_U||_inf = 2.7487585807766570e+00
||curr_v_L||_inf = 7.2353631479064532e+01
||curr_v_U||_inf = 2.6878002558022226e+03


***Current NLP Values for Iteration 45:

                                   (scaled)                 (unscaled)
Objective...............:   9.3886255620453585e-01    9.3886255620453585e+02
Dual infeasibility......:   3.0821021453370184e-04    3.0821021453370184e-01
Constraint violation....:   8.5320601843180062e-06    1.3507356675268591e-05
Complementarity.........:   2.1936744611202735e-05    2.1936744611202735e-02
Overall NLP error.......:   3.0821021453370184e-04    3.0821021453370184e-01




**************************************************
*** Update Barrier Parameter for Iteration 45:
**************************************************

Switching back to free mu mode.
The current filter has 14 entries.
Solving the Primal Dual System for the affine step
HSL_MA97: delays 422, nfactor 254369, nflops 4307889, maxfront 51
Ma97SolverInterface::Factorization: ma97_factor_solve took      0.000
Factorization successful.
Number of trial factorizations performed: 1
Perturbation parameters: delta_x=0.000000e+00 delta_s=0.000000e+00
                         delta_c=0.000000e+00 delta_d=0.000000e+00
Solving the Primal Dual System for the centering step
Factorization successful.
Sigma = 4.333177e-01
Barrier parameter mu computed by oracle is 8.728842e-06
Barrier parameter mu after safeguards is 8.728842e-06
Barrier Parameter: 8.728842e-06

**************************************************
*** Solving the Primal Dual System for Iteration 45:
**************************************************

residual_ratio = 2.033176e-09
Factorization successful.
residual_ratio = 5.959493e-14

**************************************************
*** Finding Acceptable Trial Point for Iteration 45:
**************************************************

--> Starting line search in iteration 45 <--
Mu has changed in line search - resetting watchdog counters.
The current filter has 0 entries.
minimal step size ALPHA_MIN = 1.039006E-12
Starting checks for alpha (primal) = 5.97e-01
Checking acceptability for trial step size alpha_primal_test= 5.972313e-01:
  New values of barrier function     =  1.8171092506591813e+00  (reference  1.8303913174495738e+00):
  New values of constraint violation =  3.0320875411682163e-01  (reference  5.6060071702517881e-05):
Checking Armijo Condition...
Succeeded...
Checking filter acceptability...
Succeeded...

**************************************************
*** Update HessianMatrix for Iteration 46:
**************************************************



**************************************************
*** Summary of Iteration: 46:
**************************************************

iter    objective    inf_pr   inf_du lg(mu)  ||d||  lg(rg) alpha_du alpha_pr  ls
  46  9.1049818e+02 1.12e-02 1.38e+02  -5.1 3.24e-02    -  9.92e-01 5.97e-01f  1 

**************************************************
*** Beginning Iteration 46 from the following point:
**************************************************

Current barrier parameter mu = 8.7288417574180327e-06
Current fraction-to-the-boundary parameter tau = 9.9969178978546624e-01

||curr_x||_inf   = 1.2099992081520490e+00
||curr_s||_inf   = 1.2099994646834269e+00
||curr_y_c||_inf = 3.4482321620447651e+03
||curr_y_d||_inf = 2.4787685388141408e+03
||curr_z_L||_inf = 1.9998905934312882e+02
||curr_z_U||_inf = 2.8437837125693806e+00
||curr_v_L||_inf = 7.2660834773354836e+01
||curr_v_U||_inf = 2.3405482192937275e+03


***Current NLP Values for Iteration 46:

                                   (scaled)                 (unscaled)
Objective...............:   9.1049817768311758e-01    9.1049817768311755e+02
Dual infeasibility......:   1.3822031952041334e+02    1.3822031952041335e+05
Constraint violation....:   7.1218695102604262e-03    1.1244263158447176e-02
Complementarity.........:   1.3356308725592685e-05    1.3356308725592684e-02
Overall NLP error.......:   1.3822031952041334e+02    1.3822031952041335e+05




**************************************************
*** Update Barrier Parameter for Iteration 46:
**************************************************

Switching to fixed mu mode with mu =   7.8889249331919382e-06 and tau =   9.9999211107506680e-01.
Barrier Parameter: 7.888925e-06

**************************************************
*** Solving the Primal Dual System for Iteration 46:
**************************************************

HSL_MA97: delays 422, nfactor 254369, nflops 4307889, maxfront 51
Ma97SolverInterface::Factorization: ma97_factor_solve took      0.000
Factorization successful.
Number of trial factorizations performed: 1
Perturbation parameters: delta_x=0.000000e+00 delta_s=0.000000e+00
                         delta_c=0.000000e+00 delta_d=0.000000e+00
residual_ratio = 5.805359e-10
Factorization successful.
residual_ratio = 5.377958e-14

**************************************************
*** Finding Acceptable Trial Point for Iteration 46:
**************************************************

--> Starting line search in iteration 46 <--
Mu has changed in line search - resetting watchdog counters.
The current filter has 0 entries.
minimal step size ALPHA_MIN = 1.077774E-08
Starting checks for alpha (primal) = 9.17e-01
Checking acceptability for trial step size alpha_primal_test= 9.170991e-01:
  New values of barrier function     =  1.7245644314692092e+00  (reference  1.7298722592708176e+00):
  New values of constraint violation =  3.9933559680339892e-01  (reference  3.0320875411682163e-01):
Checking sufficient reduction...
Succeeded...
Checking filter acceptability...
Succeeded...

**************************************************
*** Update HessianMatrix for Iteration 47:
**************************************************



**************************************************
*** Summary of Iteration: 47:
**************************************************

iter    objective    inf_pr   inf_du lg(mu)  ||d||  lg(rg) alpha_du alpha_pr  ls
  47  8.8982037e+02 1.61e-02 2.57e+01  -5.1 2.48e-02    -  1.00e+00 9.17e-01h  1 F

**************************************************
*** Beginning Iteration 47 from the following point:
**************************************************

Current barrier parameter mu = 7.8889249331919382e-06
Current fraction-to-the-boundary parameter tau = 9.9999211107506680e-01

||curr_x||_inf   = 1.2100001455923206e+00
||curr_s||_inf   = 1.2100003023863477e+00
||curr_y_c||_inf = 3.4467551851048770e+03
||curr_y_d||_inf = 2.1940882367818090e+03
||curr_z_L||_inf = 1.9999021686632034e+02
||curr_z_U||_inf = 2.9644420603972179e+00
||curr_v_L||_inf = 7.2698507423745653e+01
||curr_v_U||_inf = 2.1683546410847957e+03


***Current NLP Values for Iteration 47:

                                   (scaled)                 (unscaled)
Objective...............:   8.8982036908180762e-01    8.8982036908180760e+02
Dual infeasibility......:   2.5733595697013243e+01    2.5733595697013243e+04
Constraint violation....:   1.0207432523914567e-02    1.6114110470133308e-02
Complementarity.........:   1.4200298413334338e-05    1.4200298413334337e-02
Overall NLP error.......:   2.5733595697013243e+01    2.5733595697013243e+04




**************************************************
*** Update Barrier Parameter for Iteration 47:
**************************************************

Remaining in fixed mu mode.
Barrier Parameter: 7.888925e-06

**************************************************
*** Solving the Primal Dual System for Iteration 47:
**************************************************

HSL_MA97: delays 422, nfactor 254369, nflops 4307889, maxfront 51
Ma97SolverInterface::Factorization: ma97_factor_solve took      0.000
Factorization successful.
Number of trial factorizations performed: 1
Perturbation parameters: delta_x=0.000000e+00 delta_s=0.000000e+00
                         delta_c=0.000000e+00 delta_d=0.000000e+00
residual_ratio = 3.237267e-10
Factorization successful.
residual_ratio = 1.477360e-14

**************************************************
*** Finding Acceptable Trial Point for Iteration 47:
**************************************************

--> Starting line search in iteration 47 <--
The current filter has 1 entries.
minimal step size ALPHA_MIN = 4.237325E-10
Starting checks for alpha (primal) = 1.00e+00
Checking acceptability for trial step size alpha_primal_test= 1.000000e+00:
  New values of barrier function     =  1.7244528898822922e+00  (reference  1.7245644314692092e+00):
  New values of constraint violation =  6.6945052606070202e-03  (reference  3.9933559680339892e-01):
Checking sufficient reduction...
Succeeded...
Checking filter acceptability...
Succeeded...

**************************************************
*** Update HessianMatrix for Iteration 48:
**************************************************



**************************************************
*** Summary of Iteration: 48:
**************************************************

iter    objective    inf_pr   inf_du lg(mu)  ||d||  lg(rg) alpha_du alpha_pr  ls
  48  8.8816653e+02 3.48e-04 3.12e-03  -5.1 3.90e-03    -  1.00e+00 1.00e+00h  1 F

**************************************************
*** Beginning Iteration 48 from the following point:
**************************************************

Current barrier parameter mu = 7.8889249331919382e-06
Current fraction-to-the-boundary parameter tau = 9.9999211107506680e-01

||curr_x||_inf   = 1.2096801721818407e+00
||curr_s||_inf   = 1.2096803199601169e+00
||curr_y_c||_inf = 3.4468636311207865e+03
||curr_y_d||_inf = 2.1297184001335472e+03
||curr_z_L||_inf = 1.9999021709404255e+02
||curr_z_U||_inf = 2.9927964997774779e+00
||curr_v_L||_inf = 7.2699242281871392e+01
||curr_v_U||_inf = 2.1297184001336259e+03


***Current NLP Values for Iteration 48:

                                   (scaled)                 (unscaled)
Objective...............:   8.8816653185384054e-01    8.8816653185384052e+02
Dual infeasibility......:   3.1167754454323434e-03    3.1167754454323435e+00
Constraint violation....:   2.6163285487613503e-04    3.4848159830711759e-04
Complementarity.........:   1.3384587136036054e-05    1.3384587136036054e-02
Overall NLP error.......:   3.1167754454323434e-03    3.1167754454323435e+00




**************************************************
*** Update Barrier Parameter for Iteration 48:
**************************************************

Remaining in fixed mu mode.
Barrier Parameter: 7.888925e-06

**************************************************
*** Solving the Primal Dual System for Iteration 48:
**************************************************

HSL_MA97: delays 422, nfactor 254369, nflops 4307889, maxfront 51
Ma97SolverInterface::Factorization: ma97_factor_solve took      0.000
Factorization successful.
Number of trial factorizations performed: 1
Perturbation parameters: delta_x=0.000000e+00 delta_s=0.000000e+00
                         delta_c=0.000000e+00 delta_d=0.000000e+00
residual_ratio = 1.777605e-08
Factorization successful.
residual_ratio = 1.736039e-13

**************************************************
*** Finding Acceptable Trial Point for Iteration 48:
**************************************************

--> Starting line search in iteration 48 <--
The current filter has 2 entries.
minimal step size ALPHA_MIN = 5.000000E-07
Starting checks for alpha (primal) = 1.00e+00
Checking acceptability for trial step size alpha_primal_test= 1.000000e+00:
  New values of barrier function     =  1.7244524719336811e+00  (reference  1.7244528898822922e+00):
  New values of constraint violation =  4.1507895507496310e-05  (reference  6.6945052606070202e-03):
Checking sufficient reduction...
Succeeded...
Checking filter acceptability...
Succeeded...

**************************************************
*** Update HessianMatrix for Iteration 49:
**************************************************



**************************************************
*** Summary of Iteration: 49:
**************************************************

iter    objective    inf_pr   inf_du lg(mu)  ||d||  lg(rg) alpha_du alpha_pr  ls
  49  8.8814005e+02 3.68e-06 4.19e-05  -5.1 3.59e-04    -  1.00e+00 1.00e+00h  1 FA

**************************************************
*** Beginning Iteration 49 from the following point:
**************************************************

Current barrier parameter mu = 7.8889249331919382e-06
Current fraction-to-the-boundary parameter tau = 9.9999211107506680e-01

||curr_x||_inf   = 1.2096803547190174e+00
||curr_s||_inf   = 1.2096805024972939e+00
||curr_y_c||_inf = 3.4468858007012846e+03
||curr_y_d||_inf = 2.1301275479429623e+03
||curr_z_L||_inf = 1.9999021709418392e+02
||curr_z_U||_inf = 2.9925372113047937e+00
||curr_v_L||_inf = 7.2699242015329190e+01
||curr_v_U||_inf = 2.1301275479430415e+03


***Current NLP Values for Iteration 49:

                                   (scaled)                 (unscaled)
Objective...............:   8.8814005315019795e-01    8.8814005315019790e+02
Dual infeasibility......:   4.1921250463948295e-05    4.1921250463948297e-02
Constraint violation....:   2.3323052845681679e-06    3.6757679563459433e-06
Complementarity.........:   8.4159027226211620e-06    8.4159027226211620e-03
Overall NLP error.......:   4.1921250463948295e-05    4.1921250463948297e-02




**************************************************
*** Update Barrier Parameter for Iteration 49:
**************************************************

Switching back to free mu mode.
The current filter has 14 entries.
Solving the Primal Dual System for the affine step
HSL_MA97: delays 422, nfactor 254369, nflops 4307889, maxfront 51
Ma97SolverInterface::Factorization: ma97_factor_solve took      0.000
Factorization successful.
Number of trial factorizations performed: 1
Perturbation parameters: delta_x=0.000000e+00 delta_s=0.000000e+00
                         delta_c=0.000000e+00 delta_d=0.000000e+00
Solving the Primal Dual System for the centering step
Factorization successful.
Sigma = 5.486341e-01
Barrier parameter mu computed by oracle is 4.328134e-06
Barrier parameter mu after safeguards is 4.328134e-06
Barrier Parameter: 4.328134e-06

**************************************************
*** Solving the Primal Dual System for Iteration 49:
**************************************************

residual_ratio = 7.923468e-09
Factorization successful.
residual_ratio = 1.814055e-13

**************************************************
*** Finding Acceptable Trial Point for Iteration 49:
**************************************************

--> Starting line search in iteration 49 <--
Mu has changed in line search - resetting watchdog counters.
Storing current iterate as backup acceptable point.
The current filter has 0 entries.
minimal step size ALPHA_MIN = 3.139214E-12
Starting checks for alpha (primal) = 7.24e-01
Checking acceptability for trial step size alpha_primal_test= 7.238822e-01:
  New values of barrier function     =  1.3434651749559727e+00  (reference  1.3469695983018968e+00):
  New values of constraint violation =  1.2919386675684516e-01  (reference  4.1507895507496310e-05):
Checking sufficient reduction...
Succeeded...
Checking filter acceptability...
Succeeded...

**************************************************
*** Update HessianMatrix for Iteration 50:
**************************************************



**************************************************
*** Summary of Iteration: 50:
**************************************************

iter    objective    inf_pr   inf_du lg(mu)  ||d||  lg(rg) alpha_du alpha_pr  ls
  50  8.7755566e+02 6.14e-03 6.61e+01  -5.4 1.97e-02    -  9.93e-01 7.24e-01h  1 

**************************************************
*** Beginning Iteration 50 from the following point:
**************************************************

Current barrier parameter mu = 4.3281335509732121e-06
Current fraction-to-the-boundary parameter tau = 9.9995807874953602e-01

||curr_x||_inf   = 1.2099999874442557e+00
||curr_s||_inf   = 1.2100000836708056e+00
||curr_y_c||_inf = 3.4462803777530230e+03
||curr_y_d||_inf = 1.9525881028528638e+03
||curr_z_L||_inf = 1.9999460247558844e+02
||curr_z_U||_inf = 3.1241748675780845e+00
||curr_v_L||_inf = 7.2803372387689876e+01
||curr_v_U||_inf = 1.8864792264834134e+03


***Current NLP Values for Iteration 50:

                                   (scaled)                 (unscaled)
Objective...............:   8.7755566373679772e-01    8.7755566373679767e+02
Dual infeasibility......:   6.6108876369450400e+01    6.6108876369450401e+04
Constraint violation....:   4.6128572647063642e-03    6.1437119761939551e-03
Complementarity.........:   5.3196381228620465e-06    5.3196381228620467e-03
Overall NLP error.......:   6.6108876369450400e+01    6.6108876369450401e+04




**************************************************
*** Update Barrier Parameter for Iteration 50:
**************************************************

Switching to fixed mu mode with mu =   3.6558558469996079e-06 and tau =   9.9999634414415295e-01.
Barrier Parameter: 3.655856e-06

**************************************************
*** Solving the Primal Dual System for Iteration 50:
**************************************************

HSL_MA97: delays 422, nfactor 254369, nflops 4307889, maxfront 51
Ma97SolverInterface::Factorization: ma97_factor_solve took      0.000
Factorization successful.
Number of trial factorizations performed: 1
Perturbation parameters: delta_x=0.000000e+00 delta_s=0.000000e+00
                         delta_c=0.000000e+00 delta_d=0.000000e+00
residual_ratio = 5.209921e-10
Factorization successful.
residual_ratio = 2.033137e-14

**************************************************
*** Finding Acceptable Trial Point for Iteration 50:
**************************************************

--> Starting line search in iteration 50 <--
Mu has changed in line search - resetting watchdog counters.
The current filter has 0 entries.
minimal step size ALPHA_MIN = 2.791306E-09
Starting checks for alpha (primal) = 1.00e+00
Checking acceptability for trial step size alpha_primal_test= 1.000000e+00:
  New values of barrier function     =  1.2698522892235380e+00  (reference  1.2710966648873632e+00):
  New values of constraint violation =  3.2733907017144070e-01  (reference  1.2919386675684516e-01):
Checking sufficient reduction...
Succeeded...
Checking filter acceptability...
Succeeded...

**************************************************
*** Update HessianMatrix for Iteration 51:
**************************************************



**************************************************
*** Summary of Iteration: 51:
**************************************************

iter    objective    inf_pr   inf_du lg(mu)  ||d||  lg(rg) alpha_du alpha_pr  ls
  51  8.7064725e+02 2.22e-02 6.43e-02  -5.4 2.63e-02    -  1.00e+00 1.00e+00h  1 F

**************************************************
*** Beginning Iteration 51 from the following point:
**************************************************

Current barrier parameter mu = 3.6558558469996079e-06
Current fraction-to-the-boundary parameter tau = 9.9999634414415295e-01

||curr_x||_inf   = 1.2098874205821686e+00
||curr_s||_inf   = 1.2098874836992419e+00
||curr_y_c||_inf = 3.4462210443493905e+03
||curr_y_d||_inf = 1.8295772245144237e+03
||curr_z_L||_inf = 1.9999546565553672e+02
||curr_z_U||_inf = 3.1879163767730532e+00
||curr_v_L||_inf = 7.2826081920485066e+01
||curr_v_U||_inf = 1.8295772245144601e+03


***Current NLP Values for Iteration 51:

                                   (scaled)                 (unscaled)
Objective...............:   8.7064725261881248e-01    8.7064725261881244e+02
Dual infeasibility......:   6.4296857989422709e-02    6.4296857989422705e+01
Constraint violation....:   1.6644418501549917e-02    2.2168150327813326e-02
Complementarity.........:   1.0702155985876205e-05    1.0702155985876205e-02
Overall NLP error.......:   6.4296857989422709e-02    6.4296857989422705e+01




**************************************************
*** Update Barrier Parameter for Iteration 51:
**************************************************

Remaining in fixed mu mode.
Barrier Parameter: 3.655856e-06

**************************************************
*** Solving the Primal Dual System for Iteration 51:
**************************************************

HSL_MA97: delays 422, nfactor 254369, nflops 4307889, maxfront 51
Ma97SolverInterface::Factorization: ma97_factor_solve took      0.000
Factorization successful.
Number of trial factorizations performed: 1
Perturbation parameters: delta_x=0.000000e+00 delta_s=0.000000e+00
                         delta_c=0.000000e+00 delta_d=0.000000e+00
residual_ratio = 1.227185e-08
Factorization successful.
residual_ratio = 3.272718e-13

**************************************************
*** Finding Acceptable Trial Point for Iteration 51:
**************************************************

--> Starting line search in iteration 51 <--
The current filter has 1 entries.
minimal step size ALPHA_MIN = 5.000000E-07
Starting checks for alpha (primal) = 1.00e+00
Checking acceptability for trial step size alpha_primal_test= 1.000000e+00:
  New values of barrier function     =  1.2698416473090468e+00  (reference  1.2698522892235380e+00):
  New values of constraint violation =  4.5540647962662648e-03  (reference  3.2733907017144070e-01):
Checking sufficient reduction...
Succeeded...
Checking filter acceptability...
Succeeded...

**************************************************
*** Update HessianMatrix for Iteration 52:
**************************************************



**************************************************
*** Summary of Iteration: 52:
**************************************************

iter    objective    inf_pr   inf_du lg(mu)  ||d||  lg(rg) alpha_du alpha_pr  ls
  52  8.7067489e+02 2.04e-04 7.56e-04  -5.4 2.48e-03    -  1.00e+00 1.00e+00h  1 F

**************************************************
*** Beginning Iteration 52 from the following point:
**************************************************

Current barrier parameter mu = 3.6558558469996079e-06
Current fraction-to-the-boundary parameter tau = 9.9999634414415295e-01

||curr_x||_inf   = 1.2098853205479425e+00
||curr_s||_inf   = 1.2098853836650119e+00
||curr_y_c||_inf = 3.4463486958255844e+03
||curr_y_d||_inf = 1.8305035627322122e+03
||curr_z_L||_inf = 1.9999546571063181e+02
||curr_z_U||_inf = 3.1877951140101346e+00
||curr_v_L||_inf = 7.2826286930165267e+01
||curr_v_U||_inf = 1.8305035627322488e+03


***Current NLP Values for Iteration 52:

                                   (scaled)                 (unscaled)
Objective...............:   8.7067488819780059e-01    8.7067488819780056e+02
Dual infeasibility......:   7.5578025421933954e-04    7.5578025421933959e-01
Constraint violation....:   1.5299548618619903e-04    2.0401135693886785e-04
Complementarity.........:   5.1472329735149847e-06    5.1472329735149846e-03
Overall NLP error.......:   7.5578025421933954e-04    7.5578025421933959e-01




**************************************************
*** Update Barrier Parameter for Iteration 52:
**************************************************

Remaining in fixed mu mode.
Barrier Parameter: 3.655856e-06

**************************************************
*** Solving the Primal Dual System for Iteration 52:
**************************************************

HSL_MA97: delays 422, nfactor 254369, nflops 4307889, maxfront 51
Ma97SolverInterface::Factorization: ma97_factor_solve took      0.000
Factorization successful.
Number of trial factorizations performed: 1
Perturbation parameters: delta_x=0.000000e+00 delta_s=0.000000e+00
                         delta_c=0.000000e+00 delta_d=0.000000e+00
residual_ratio = 2.483249e-08
Factorization successful.
residual_ratio = 7.091879e-13

**************************************************
*** Finding Acceptable Trial Point for Iteration 52:
**************************************************

--> Starting line search in iteration 52 <--
The current filter has 2 entries.
minimal step size ALPHA_MIN = 5.000000E-07
Starting checks for alpha (primal) = 1.00e+00
Checking acceptability for trial step size alpha_primal_test= 1.000000e+00:
  New values of barrier function     =  1.2698412094611413e+00  (reference  1.2698416473090468e+00):
  New values of constraint violation =  3.4699783788655860e-05  (reference  4.5540647962662648e-03):
Checking sufficient reduction...
Succeeded...
Checking filter acceptability...
Succeeded...

**************************************************
*** Update HessianMatrix for Iteration 53:
**************************************************



**************************************************
*** Summary of Iteration: 53:
**************************************************

iter    objective    inf_pr   inf_du lg(mu)  ||d||  lg(rg) alpha_du alpha_pr  ls
  53  8.7066640e+02 2.84e-06 3.70e-05  -5.4 3.16e-04    -  1.00e+00 1.00e+00h  1 FA

**************************************************
*** Beginning Iteration 53 from the following point:
**************************************************

Current barrier parameter mu = 3.6558558469996079e-06
Current fraction-to-the-boundary parameter tau = 9.9999634414415295e-01

||curr_x||_inf   = 1.2098853214233949e+00
||curr_s||_inf   = 1.2098853845404640e+00
||curr_y_c||_inf = 3.4463514188627178e+03
||curr_y_d||_inf = 1.8305708140996908e+03
||curr_z_L||_inf = 1.9999546571063661e+02
||curr_z_U||_inf = 3.1877661652916354e+00
||curr_v_L||_inf = 7.2826286780879173e+01
||curr_v_U||_inf = 1.8305708140997274e+03


***Current NLP Values for Iteration 53:

                                   (scaled)                 (unscaled)
Objective...............:   8.7066639949042524e-01    8.7066639949042519e+02
Dual infeasibility......:   3.7020374158340386e-05    3.7020374158340384e-02
Constraint violation....:   1.8009507495563344e-06    2.8438524264096099e-06
Complementarity.........:   3.7528039333569279e-06    3.7528039333569276e-03
Overall NLP error.......:   3.7020374158340386e-05    3.7020374158340384e-02




**************************************************
*** Update Barrier Parameter for Iteration 53:
**************************************************

Switching back to free mu mode.
The current filter has 14 entries.
Solving the Primal Dual System for the affine step
HSL_MA97: delays 422, nfactor 254369, nflops 4307889, maxfront 51
Ma97SolverInterface::Factorization: ma97_factor_solve took      0.000
Factorization successful.
Number of trial factorizations performed: 1
Perturbation parameters: delta_x=0.000000e+00 delta_s=0.000000e+00
                         delta_c=0.000000e+00 delta_d=0.000000e+00
Solving the Primal Dual System for the centering step
Factorization successful.
Sigma = 5.145374e-01
Barrier parameter mu computed by oracle is 1.881075e-06
Barrier parameter mu after safeguards is 1.881075e-06
Barrier Parameter: 1.881075e-06

**************************************************
*** Solving the Primal Dual System for Iteration 53:
**************************************************

residual_ratio = 7.204376e-09
Factorization successful.
residual_ratio = 1.283028e-13

**************************************************
*** Finding Acceptable Trial Point for Iteration 53:
**************************************************

--> Starting line search in iteration 53 <--
Mu has changed in line search - resetting watchdog counters.
Storing current iterate as backup acceptable point.
The current filter has 0 entries.
minimal step size ALPHA_MIN = 4.847196E-12
Starting checks for alpha (primal) = 6.42e-01
Checking acceptability for trial step size alpha_primal_test= 6.419174e-01:
  New values of barrier function     =  1.0742680550736308e+00  (reference  1.0760568051265555e+00):
  New values of constraint violation =  1.9604336735017691e-01  (reference  3.4699783788655860e-05):
Checking sufficient reduction...
Succeeded...
Checking filter acceptability...
Succeeded...

**************************************************
*** Update HessianMatrix for Iteration 54:
**************************************************



**************************************************
*** Summary of Iteration: 54:
**************************************************

iter    objective    inf_pr   inf_du lg(mu)  ||d||  lg(rg) alpha_du alpha_pr  ls
  54  8.6593807e+02 1.28e-02 5.85e+01  -5.7 3.04e-02    -  9.93e-01 6.42e-01h  1 

**************************************************
*** Beginning Iteration 54 from the following point:
**************************************************

Current barrier parameter mu = 1.8810748990337170e-06
Current fraction-to-the-boundary parameter tau = 9.9996297962584169e-01

||curr_x||_inf   = 1.2099999693226382e+00
||curr_s||_inf   = 1.2100000096544818e+00
||curr_y_c||_inf = 3.4463799639206368e+03
||curr_y_d||_inf = 1.8426683771704347e+03
||curr_z_L||_inf = 1.9999765190756040e+02
||curr_z_U||_inf = 3.2847316930774624e+00
||curr_v_L||_inf = 7.2880370134916603e+01
||curr_v_U||_inf = 1.8492908565115267e+03


***Current NLP Values for Iteration 54:

                                   (scaled)                 (unscaled)
Objective...............:   8.6593807026164027e-01    8.6593807026164029e+02
Dual infeasibility......:   5.8461454176843517e+01    5.8461454176843516e+04
Constraint violation....:   9.6139086506600926e-03    1.2819531584146671e-02
Complementarity.........:   2.5191027731744989e-06    2.5191027731744989e-03
Overall NLP error.......:   5.8461454176843517e+01    5.8461454176843516e+04




**************************************************
*** Update Barrier Parameter for Iteration 54:
**************************************************

Switching to fixed mu mode with mu =   1.6276176505436672e-06 and tau =   9.9999837238234945e-01.
Barrier Parameter: 1.627618e-06

**************************************************
*** Solving the Primal Dual System for Iteration 54:
**************************************************

HSL_MA97: delays 422, nfactor 254369, nflops 4307889, maxfront 51
Ma97SolverInterface::Factorization: ma97_factor_solve took      0.000
Factorization successful.
Number of trial factorizations performed: 1
Perturbation parameters: delta_x=0.000000e+00 delta_s=0.000000e+00
                         delta_c=0.000000e+00 delta_d=0.000000e+00
residual_ratio = 1.298112e-10
Factorization successful.
residual_ratio = 4.599751e-15

**************************************************
*** Finding Acceptable Trial Point for Iteration 54:
**************************************************

--> Starting line search in iteration 54 <--
Mu has changed in line search - resetting watchdog counters.
The current filter has 0 entries.
minimal step size ALPHA_MIN = 9.085899E-09
Starting checks for alpha (primal) = 1.00e+00
Checking acceptability for trial step size alpha_primal_test= 1.000000e+00:
  New values of barrier function     =  1.0454118083456982e+00  (reference  1.0461975381816426e+00):
  New values of constraint violation =  4.2634667299042273e-01  (reference  1.9604336735017691e-01):
Checking sufficient reduction...
Succeeded...
Checking filter acceptability...
Succeeded...

**************************************************
*** Update HessianMatrix for Iteration 55:
**************************************************



**************************************************
*** Summary of Iteration: 55:
**************************************************

iter    objective    inf_pr   inf_du lg(mu)  ||d||  lg(rg) alpha_du alpha_pr  ls
  55  8.6215916e+02 2.51e-02 6.01e-02  -5.8 2.67e-02    -  1.00e+00 1.00e+00h  1 F

**************************************************
*** Beginning Iteration 55 from the following point:
**************************************************

Current barrier parameter mu = 1.6276176505436672e-06
Current fraction-to-the-boundary parameter tau = 9.9999837238234945e-01

||curr_x||_inf   = 1.2099553415809439e+00
||curr_s||_inf   = 1.2099553641332883e+00
||curr_y_c||_inf = 3.4466133321041220e+03
||curr_y_d||_inf = 1.8520225823423873e+03
||curr_z_L||_inf = 1.9999798111348855e+02
||curr_z_U||_inf = 3.3094112895454550e+00
||curr_v_L||_inf = 7.2889335598691659e+01
||curr_v_U||_inf = 1.8520225823424034e+03


***Current NLP Values for Iteration 55:

                                   (scaled)                 (unscaled)
Objective...............:   8.6215916068194931e-01    8.6215916068194929e+02
Dual infeasibility......:   6.0089190572545949e-02    6.0089190572545952e+01
Constraint violation....:   1.8823749631659933e-02    2.5100264804218342e-02
Complementarity.........:   2.9718470887694161e-06    2.9718470887694160e-03
Overall NLP error.......:   6.0089190572545949e-02    6.0089190572545952e+01




**************************************************
*** Update Barrier Parameter for Iteration 55:
**************************************************

Remaining in fixed mu mode.
Barrier Parameter: 1.627618e-06

**************************************************
*** Solving the Primal Dual System for Iteration 55:
**************************************************

HSL_MA97: delays 422, nfactor 254369, nflops 4307889, maxfront 51
Ma97SolverInterface::Factorization: ma97_factor_solve took      0.000
Factorization successful.
Number of trial factorizations performed: 1
Perturbation parameters: delta_x=0.000000e+00 delta_s=0.000000e+00
                         delta_c=0.000000e+00 delta_d=0.000000e+00
residual_ratio = 5.710884e-09
Factorization successful.
residual_ratio = 2.159179e-14

**************************************************
*** Finding Acceptable Trial Point for Iteration 55:
**************************************************

--> Starting line search in iteration 55 <--
The current filter has 1 entries.
minimal step size ALPHA_MIN = 5.000000E-07
Starting checks for alpha (primal) = 1.00e+00
Checking acceptability for trial step size alpha_primal_test= 1.000000e+00:
  New values of barrier function     =  1.0454081790262775e+00  (reference  1.0454118083456982e+00):
  New values of constraint violation =  6.3403294104269255e-03  (reference  4.2634667299042273e-01):
Checking sufficient reduction...
Succeeded...
Checking filter acceptability...
Succeeded...

**************************************************
*** Update HessianMatrix for Iteration 56:
**************************************************



**************************************************
*** Summary of Iteration: 56:
**************************************************

iter    objective    inf_pr   inf_du lg(mu)  ||d||  lg(rg) alpha_du alpha_pr  ls
  56  8.6215776e+02 4.69e-04 4.70e-04  -5.8 3.78e-03    -  1.00e+00 1.00e+00h  1 F

**************************************************
*** Beginning Iteration 56 from the following point:
**************************************************

Current barrier parameter mu = 1.6276176505436672e-06
Current fraction-to-the-boundary parameter tau = 9.9999837238234945e-01

||curr_x||_inf   = 1.2099548564245388e+00
||curr_s||_inf   = 1.2099548789768826e+00
||curr_y_c||_inf = 3.4466238432722303e+03
||curr_y_d||_inf = 1.8522128555274103e+03
||curr_z_L||_inf = 1.9999798112596224e+02
||curr_z_U||_inf = 3.3067382076448166e+00
||curr_v_L||_inf = 7.2889395157242490e+01
||curr_v_U||_inf = 1.8522128555274267e+03


***Current NLP Values for Iteration 56:

                                   (scaled)                 (unscaled)
Objective...............:   8.6215776496369867e-01    8.6215776496369870e+02
Dual infeasibility......:   4.7022543941337380e-04    4.7022543941337380e-01
Constraint violation....:   3.5187117652999973e-04    4.6864557849318755e-04
Complementarity.........:   1.7283715531378460e-06    1.7283715531378459e-03
Overall NLP error.......:   4.7022543941337380e-04    4.7022543941337380e-01




**************************************************
*** Update Barrier Parameter for Iteration 56:
**************************************************

Remaining in fixed mu mode.
Barrier Parameter: 1.627618e-06

**************************************************
*** Solving the Primal Dual System for Iteration 56:
**************************************************

HSL_MA97: delays 423, nfactor 254383, nflops 4308477, maxfront 51
Ma97SolverInterface::Factorization: ma97_factor_solve took      0.000
Factorization successful.
Number of trial factorizations performed: 1
Perturbation parameters: delta_x=0.000000e+00 delta_s=0.000000e+00
                         delta_c=0.000000e+00 delta_d=0.000000e+00
residual_ratio = 3.061140e-08
Factorization successful.
residual_ratio = 8.663367e-14

**************************************************
*** Finding Acceptable Trial Point for Iteration 56:
**************************************************

--> Starting line search in iteration 56 <--
The current filter has 2 entries.
minimal step size ALPHA_MIN = 5.000000E-07
Starting checks for alpha (primal) = 1.00e+00
Checking acceptability for trial step size alpha_primal_test= 1.000000e+00:
  New values of barrier function     =  1.0454081363666499e+00  (reference  1.0454081790262775e+00):
  New values of constraint violation =  5.1580235743612278e-05  (reference  6.3403294104269255e-03):
Checking sufficient reduction...
Succeeded...
Checking filter acceptability...
Succeeded...

**************************************************
*** Update HessianMatrix for Iteration 57:
**************************************************



**************************************************
*** Summary of Iteration: 57:
**************************************************

iter    objective    inf_pr   inf_du lg(mu)  ||d||  lg(rg) alpha_du alpha_pr  ls
  57  8.6215674e+02 4.91e-06 1.16e-06  -5.8 3.68e-04    -  1.00e+00 1.00e+00h  1 FA

**************************************************
*** Beginning Iteration 57 from the following point:
**************************************************

Current barrier parameter mu = 1.6276176505436672e-06
Current fraction-to-the-boundary parameter tau = 9.9999837238234945e-01

||curr_x||_inf   = 1.2099548564783227e+00
||curr_s||_inf   = 1.2099548790306662e+00
||curr_y_c||_inf = 3.4466250731601531e+03
||curr_y_d||_inf = 1.8522239971932438e+03
||curr_z_L||_inf = 1.9999798112596244e+02
||curr_z_U||_inf = 3.3067332843099417e+00
||curr_v_L||_inf = 7.2889395114560401e+01
||curr_v_U||_inf = 1.8522239971932599e+03


***Current NLP Values for Iteration 57:

                                   (scaled)                 (unscaled)
Objective...............:   8.6215673578542851e-01    8.6215673578542851e+02
Dual infeasibility......:   1.1556400687524165e-06    1.1556400687524164e-03
Constraint violation....:   3.6896865953973332e-06    4.9141715044997980e-06
Complementarity.........:   1.6290751494642189e-06    1.6290751494642188e-03
Overall NLP error.......:   3.6896865953973332e-06    1.6290751494642188e-03




**************************************************
*** Update Barrier Parameter for Iteration 57:
**************************************************

Switching back to free mu mode.
The current filter has 15 entries.
Solving the Primal Dual System for the affine step
HSL_MA97: delays 423, nfactor 254383, nflops 4308477, maxfront 51
Ma97SolverInterface::Factorization: ma97_factor_solve took      0.000
Factorization successful.
Number of trial factorizations performed: 1
Perturbation parameters: delta_x=0.000000e+00 delta_s=0.000000e+00
                         delta_c=0.000000e+00 delta_d=0.000000e+00
Solving the Primal Dual System for the centering step
Factorization successful.
Sigma = 3.781501e-01
Barrier parameter mu computed by oracle is 6.154838e-07
Barrier parameter mu after safeguards is 6.154838e-07
Barrier Parameter: 6.154838e-07

**************************************************
*** Solving the Primal Dual System for Iteration 57:
**************************************************

residual_ratio = 1.388268e-08
Factorization successful.
residual_ratio = 1.360392e-13

**************************************************
*** Finding Acceptable Trial Point for Iteration 57:
**************************************************

--> Starting line search in iteration 57 <--
Mu has changed in line search - resetting watchdog counters.
Storing current iterate as backup acceptable point.
The current filter has 0 entries.
minimal step size ALPHA_MIN = 9.625258E-12
Starting checks for alpha (primal) = 7.29e-01
Checking acceptability for trial step size alpha_primal_test= 7.285876e-01:
  New values of barrier function     =  9.2990672168497346e-01  (reference  9.3145327859264382e-01):
  New values of constraint violation =  2.0693878554809791e-01  (reference  5.1580235743612278e-05):
Checking sufficient reduction...
Succeeded...
Checking filter acceptability...
Succeeded...

**************************************************
*** Update HessianMatrix for Iteration 58:
**************************************************



**************************************************
*** Summary of Iteration: 58:
**************************************************

iter    objective    inf_pr   inf_du lg(mu)  ||d||  lg(rg) alpha_du alpha_pr  ls
  58  8.5901977e+02 1.81e-02 2.84e+01  -6.2 3.25e-02    -  9.97e-01 7.29e-01h  1 

**************************************************
*** Beginning Iteration 58 from the following point:
**************************************************

Current barrier parameter mu = 6.1548384261700656e-07
Current fraction-to-the-boundary parameter tau = 9.9999631031340463e-01

||curr_x||_inf   = 1.2099774964642438e+00
||curr_s||_inf   = 1.2099775042680336e+00
||curr_y_c||_inf = 3.4468065523628975e+03
||curr_y_d||_inf = 1.8601774491238564e+03
||curr_z_L||_inf = 1.9999923213359452e+02
||curr_z_U||_inf = 3.3693963497544890e+00
||curr_v_L||_inf = 7.2921292544892026e+01
||curr_v_U||_inf = 1.8631025151776016e+03


***Current NLP Values for Iteration 58:

                                   (scaled)                 (unscaled)
Objective...............:   8.5901976518815126e-01    8.5901976518815127e+02
Dual infeasibility......:   2.8405154834835685e+01    2.8405154834835685e+04
Constraint violation....:   1.3575428017493256e-02    1.8149658286483877e-02
Complementarity.........:   9.0907022651404524e-07    9.0907022651404525e-04
Overall NLP error.......:   2.8405154834835685e+01    2.8405154834835685e+04




**************************************************
*** Update Barrier Parameter for Iteration 58:
**************************************************

Switching to fixed mu mode with mu =   5.4566055330214213e-07 and tau =   9.9999945433944670e-01.
Barrier Parameter: 5.456606e-07

**************************************************
*** Solving the Primal Dual System for Iteration 58:
**************************************************

HSL_MA97: delays 424, nfactor 254397, nflops 4309065, maxfront 51
Ma97SolverInterface::Factorization: ma97_factor_solve took      0.000
Factorization successful.
Number of trial factorizations performed: 1
Perturbation parameters: delta_x=0.000000e+00 delta_s=0.000000e+00
                         delta_c=0.000000e+00 delta_d=0.000000e+00
residual_ratio = 1.494840e-10
Factorization successful.
residual_ratio = 1.626239e-15

**************************************************
*** Finding Acceptable Trial Point for Iteration 58:
**************************************************

--> Starting line search in iteration 58 <--
Mu has changed in line search - resetting watchdog counters.
The current filter has 0 entries.
minimal step size ALPHA_MIN = 3.571977E-09
Starting checks for alpha (primal) = 1.00e+00
Checking acceptability for trial step size alpha_primal_test= 1.000000e+00:
  New values of barrier function     =  9.2150770301354779e-01  (reference  9.2186498260197414e-01):
  New values of constraint violation =  1.2058891814561958e-01  (reference  2.0693878554809791e-01):
Checking sufficient reduction...
Succeeded...
Checking filter acceptability...
Succeeded...

**************************************************
*** Update HessianMatrix for Iteration 59:
**************************************************



**************************************************
*** Summary of Iteration: 59:
**************************************************

iter    objective    inf_pr   inf_du lg(mu)  ||d||  lg(rg) alpha_du alpha_pr  ls
  59  8.5749857e+02 1.87e-02 1.73e-02  -6.3 2.36e-02    -  1.00e+00 1.00e+00h  1 F

**************************************************
*** Beginning Iteration 59 from the following point:
**************************************************

Current barrier parameter mu = 5.4566055330214213e-07
Current fraction-to-the-boundary parameter tau = 9.9999945433944670e-01

||curr_x||_inf   = 1.2099859189038413e+00
||curr_s||_inf   = 1.2099859198170513e+00
||curr_y_c||_inf = 3.4469419443949128e+03
||curr_y_d||_inf = 1.8639970330800356e+03
||curr_z_L||_inf = 1.9999932313629910e+02
||curr_z_U||_inf = 3.3771776110159744e+00
||curr_v_L||_inf = 7.2924000202534629e+01
||curr_v_U||_inf = 1.8639970330800411e+03


***Current NLP Values for Iteration 59:

                                   (scaled)                 (unscaled)
Objective...............:   8.5749857030745513e-01    8.5749857030745511e+02
Dual infeasibility......:   1.7312226346123775e-02    1.7312226346123776e+01
Constraint violation....:   1.3984149618066800e-02    1.8696098323229354e-02
Complementarity.........:   2.0627845258736015e-06    2.0627845258736014e-03
Overall NLP error.......:   1.7312226346123775e-02    1.7312226346123776e+01




**************************************************
*** Update Barrier Parameter for Iteration 59:
**************************************************

Remaining in fixed mu mode.
Barrier Parameter: 5.456606e-07

**************************************************
*** Solving the Primal Dual System for Iteration 59:
**************************************************

HSL_MA97: delays 426, nfactor 254425, nflops 4310241, maxfront 51
Ma97SolverInterface::Factorization: ma97_factor_solve took      0.000
Factorization successful.
Number of trial factorizations performed: 1
Perturbation parameters: delta_x=0.000000e+00 delta_s=0.000000e+00
                         delta_c=0.000000e+00 delta_d=0.000000e+00
residual_ratio = 2.556141e-09
Factorization successful.
residual_ratio = 1.011874e-13

**************************************************
*** Finding Acceptable Trial Point for Iteration 59:
**************************************************

--> Starting line search in iteration 59 <--
The current filter has 1 entries.
minimal step size ALPHA_MIN = 5.000000E-07
Starting checks for alpha (primal) = 1.00e+00
Checking acceptability for trial step size alpha_primal_test= 1.000000e+00:
  New values of barrier function     =  9.2150732642749655e-01  (reference  9.2150770301354779e-01):
  New values of constraint violation =  1.1762547279774464e-03  (reference  1.2058891814561958e-01):
Checking sufficient reduction...
Succeeded...
Checking filter acceptability...
Succeeded...

**************************************************
*** Update HessianMatrix for Iteration 60:
**************************************************



**************************************************
*** Summary of Iteration: 60:
**************************************************

iter    objective    inf_pr   inf_du lg(mu)  ||d||  lg(rg) alpha_du alpha_pr  ls
  60  8.5749823e+02 1.54e-04 3.39e-04  -6.3 2.27e-03    -  1.00e+00 1.00e+00h  1 F

**************************************************
*** Beginning Iteration 60 from the following point:
**************************************************

Current barrier parameter mu = 5.4566055330214213e-07
Current fraction-to-the-boundary parameter tau = 9.9999945433944670e-01

||curr_x||_inf   = 1.2099858774319723e+00
||curr_s||_inf   = 1.2099858783451825e+00
||curr_y_c||_inf = 3.4469289955717113e+03
||curr_y_d||_inf = 1.8640112659128199e+03
||curr_z_L||_inf = 1.9999932313776509e+02
||curr_z_U||_inf = 3.3763235264307587e+00
||curr_v_L||_inf = 7.2924006030997376e+01
||curr_v_U||_inf = 1.8640112659128254e+03


***Current NLP Values for Iteration 60:

                                   (scaled)                 (unscaled)
Objective...............:   8.5749822953901433e-01    8.5749822953901435e+02
Dual infeasibility......:   3.3873449165799837e-04    3.3873449165799835e-01
Constraint violation....:   1.1538254153514132e-04    1.5426060219908555e-04
Complementarity.........:   8.2123233097855730e-07    8.2123233097855725e-04
Overall NLP error.......:   3.3873449165799837e-04    3.3873449165799835e-01




**************************************************
*** Update Barrier Parameter for Iteration 60:
**************************************************

Remaining in fixed mu mode.
Barrier Parameter: 5.456606e-07

**************************************************
*** Solving the Primal Dual System for Iteration 60:
**************************************************

HSL_MA97: delays 426, nfactor 254425, nflops 4310241, maxfront 51
Ma97SolverInterface::Factorization: ma97_factor_solve took      0.000
Factorization successful.
Number of trial factorizations performed: 1
Perturbation parameters: delta_x=0.000000e+00 delta_s=0.000000e+00
                         delta_c=0.000000e+00 delta_d=0.000000e+00
residual_ratio = 1.243714e-09
Factorization successful.
residual_ratio = 2.351554e-14

**************************************************
*** Finding Acceptable Trial Point for Iteration 60:
**************************************************

--> Starting line search in iteration 60 <--
The current filter has 1 entries.
minimal step size ALPHA_MIN = 5.000000E-07
Starting checks for alpha (primal) = 1.00e+00
Checking acceptability for trial step size alpha_primal_test= 1.000000e+00:
  New values of barrier function     =  9.2150731628572002e-01  (reference  9.2150732642749655e-01):
  New values of constraint violation =  5.4137740495567649e-06  (reference  1.1762547279774464e-03):
Checking sufficient reduction...
Succeeded...
Checking filter acceptability...
Succeeded...

**************************************************
*** Update HessianMatrix for Iteration 61:
**************************************************



**************************************************
*** Summary of Iteration: 61:
**************************************************

iter    objective    inf_pr   inf_du lg(mu)  ||d||  lg(rg) alpha_du alpha_pr  ls
  61  8.5749789e+02 8.57e-07 2.19e-07  -6.3 1.53e-04    -  1.00e+00 1.00e+00h  1 FA

**************************************************
*** Beginning Iteration 61 from the following point:
**************************************************

Current barrier parameter mu = 5.4566055330214213e-07
Current fraction-to-the-boundary parameter tau = 9.9999945433944670e-01

||curr_x||_inf   = 1.2099858774324894e+00
||curr_s||_inf   = 1.2099858783456994e+00
||curr_y_c||_inf = 3.4469293011699615e+03
||curr_y_d||_inf = 1.8640111245885425e+03
||curr_z_L||_inf = 1.9999932313776509e+02
||curr_z_U||_inf = 3.3763231525880695e+00
||curr_v_L||_inf = 7.2924006030640911e+01
||curr_v_U||_inf = 1.8640111245885480e+03


***Current NLP Values for Iteration 61:

                                   (scaled)                 (unscaled)
Objective...............:   8.5749788967771656e-01    8.5749788967771656e+02
Dual infeasibility......:   2.1889216489045618e-07    2.1889216489045618e-04
Constraint violation....:   6.4209460371326725e-07    8.5745827638206151e-07
Complementarity.........:   5.6435901339877763e-07    5.6435901339877759e-04
Overall NLP error.......:   6.4209460371326725e-07    5.6435901339877759e-04




**************************************************
*** Update Barrier Parameter for Iteration 61:
**************************************************

Switching back to free mu mode.
The current filter has 14 entries.
Solving the Primal Dual System for the affine step
HSL_MA97: delays 426, nfactor 254425, nflops 4310241, maxfront 51
Ma97SolverInterface::Factorization: ma97_factor_solve took      0.000
Factorization successful.
Number of trial factorizations performed: 1
Perturbation parameters: delta_x=0.000000e+00 delta_s=0.000000e+00
                         delta_c=0.000000e+00 delta_d=0.000000e+00
Solving the Primal Dual System for the centering step
Factorization successful.
Sigma = 2.109131e-02
Barrier parameter mu computed by oracle is 1.150870e-08
Barrier parameter mu after safeguards is 1.150870e-08
Barrier Parameter: 1.150870e-08

**************************************************
*** Solving the Primal Dual System for Iteration 61:
**************************************************

residual_ratio = 4.791835e-08
Factorization successful.
residual_ratio = 2.751549e-12

**************************************************
*** Finding Acceptable Trial Point for Iteration 61:
**************************************************

--> Starting line search in iteration 61 <--
Mu has changed in line search - resetting watchdog counters.
Storing current iterate as backup acceptable point.
The current filter has 0 entries.
minimal step size ALPHA_MIN = 1.182190E-12
Starting checks for alpha (primal) = 5.69e-01
Checking acceptability for trial step size alpha_primal_test= 5.693953e-01:
  New values of barrier function     =  8.5755782213051512e-01  (reference  8.5884793233353840e-01):
  New values of constraint violation =  4.8375879395099297e-02  (reference  5.4137740495567649e-06):
Checking sufficient reduction...
Succeeded...
Checking filter acceptability...
Succeeded...

**************************************************
*** Update HessianMatrix for Iteration 62:
**************************************************



**************************************************
*** Summary of Iteration: 62:
**************************************************

iter    objective    inf_pr   inf_du lg(mu)  ||d||  lg(rg) alpha_du alpha_pr  ls
  62  8.5616661e+02 7.14e-03 6.76e+00  -7.9 2.55e-02    -  4.58e-01 5.69e-01h  1 

**************************************************
*** Beginning Iteration 62 from the following point:
**************************************************

Current barrier parameter mu = 1.1508695853012897e-08
Current fraction-to-the-boundary parameter tau = 9.9999935790539629e-01

||curr_x||_inf   = 1.2099940173946608e+00
||curr_s||_inf   = 1.2099940225604289e+00
||curr_y_c||_inf = 3.4469872580120900e+03
||curr_y_d||_inf = 1.8673641710907527e+03
||curr_z_L||_inf = 1.9999962675589583e+02
||curr_z_U||_inf = 3.3927069934250458e+00
||curr_v_L||_inf = 7.2931937324246690e+01
||curr_v_U||_inf = 1.8667096206230938e+03


***Current NLP Values for Iteration 62:

                                   (scaled)                 (unscaled)
Objective...............:   8.5616660863568939e-01    8.5616660863568939e+02
Dual infeasibility......:   6.7624763213925689e+00    6.7624763213925689e+03
Constraint violation....:   5.3407412825115580e-03    7.1403000442560871e-03
Complementarity.........:   3.1177042194444548e-07    3.1177042194444548e-04
Overall NLP error.......:   6.7624763213925689e+00    6.7624763213925689e+03




**************************************************
*** Update Barrier Parameter for Iteration 62:
**************************************************

Switching to fixed mu mode with mu =   2.2941739619756692e-07 and tau =   9.9999977058260381e-01.
Barrier Parameter: 2.294174e-07

**************************************************
*** Solving the Primal Dual System for Iteration 62:
**************************************************

HSL_MA97: delays 431, nfactor 254495, nflops 4313181, maxfront 51
Ma97SolverInterface::Factorization: ma97_factor_solve took      0.000
Factorization successful.
Number of trial factorizations performed: 1
Perturbation parameters: delta_x=0.000000e+00 delta_s=0.000000e+00
                         delta_c=0.000000e+00 delta_d=0.000000e+00
residual_ratio = 1.613359e-10
Factorization successful.
residual_ratio = 1.262337e-14

**************************************************
*** Finding Acceptable Trial Point for Iteration 62:
**************************************************

--> Starting line search in iteration 62 <--
Mu has changed in line search - resetting watchdog counters.
The current filter has 0 entries.
minimal step size ALPHA_MIN = 2.257562E-10
Starting checks for alpha (primal) = 1.00e+00
Checking acceptability for trial step size alpha_primal_test= 1.000000e+00:
  New values of barrier function     =  8.8389228879545600e-01  (reference  8.8389942750710704e-01):
  New values of constraint violation =  2.1936467290069816e-04  (reference  4.8375879395099297e-02):
Checking sufficient reduction...
Succeeded...
Checking filter acceptability...
Succeeded...

**************************************************
*** Update HessianMatrix for Iteration 63:
**************************************************



**************************************************
*** Summary of Iteration: 63:
**************************************************

iter    objective    inf_pr   inf_du lg(mu)  ||d||  lg(rg) alpha_du alpha_pr  ls
  63  8.5610198e+02 2.47e-05 1.20e-04  -6.6 1.08e-03    -  1.00e+00 1.00e+00h  1 F

**************************************************
*** Beginning Iteration 63 from the following point:
**************************************************

Current barrier parameter mu = 2.2941739619756692e-07
Current fraction-to-the-boundary parameter tau = 9.9999977058260381e-01

||curr_x||_inf   = 1.2099941791047362e+00
||curr_s||_inf   = 1.2099941845127726e+00
||curr_y_c||_inf = 3.4469469179443995e+03
||curr_y_d||_inf = 1.8675126673486927e+03
||curr_z_L||_inf = 1.9999971541599703e+02
||curr_z_U||_inf = 3.3977767680228639e+00
||curr_v_L||_inf = 7.2934297427641638e+01
||curr_v_U||_inf = 1.8675126673486950e+03


***Current NLP Values for Iteration 63:

                                   (scaled)                 (unscaled)
Objective...............:   8.5610198200019050e-01    8.5610198200019045e+02
Dual infeasibility......:   1.1991677015907170e-04    1.1991677015907169e-01
Constraint violation....:   1.7487433780050837e-05    2.4650138088944118e-05
Complementarity.........:   3.5347341797597292e-07    3.5347341797597293e-04
Overall NLP error.......:   1.1991677015907170e-04    1.1991677015907169e-01




**************************************************
*** Update Barrier Parameter for Iteration 63:
**************************************************

Switching back to free mu mode.
The current filter has 15 entries.
Solving the Primal Dual System for the affine step
HSL_MA97: delays 431, nfactor 254495, nflops 4313181, maxfront 51
Ma97SolverInterface::Factorization: ma97_factor_solve took      0.000
Factorization successful.
Number of trial factorizations performed: 1
Perturbation parameters: delta_x=0.000000e+00 delta_s=0.000000e+00
                         delta_c=0.000000e+00 delta_d=0.000000e+00
Solving the Primal Dual System for the centering step
Factorization successful.
Sigma = 3.651498e-01
Barrier parameter mu computed by oracle is 8.377466e-08
Barrier parameter mu after safeguards is 8.377466e-08
Barrier Parameter: 8.377466e-08

**************************************************
*** Solving the Primal Dual System for Iteration 63:
**************************************************

residual_ratio = 1.936695e-09
Factorization successful.
residual_ratio = 1.040125e-13

**************************************************
*** Finding Acceptable Trial Point for Iteration 63:
**************************************************

--> Starting line search in iteration 63 <--
Mu has changed in line search - resetting watchdog counters.
The current filter has 0 entries.
minimal step size ALPHA_MIN = 2.651630E-10
Starting checks for alpha (primal) = 1.00e+00
Checking acceptability for trial step size alpha_primal_test= 1.000000e+00:
  New values of barrier function     =  8.6597509994794120e-01  (reference  8.6624996306750512e-01):
  New values of constraint violation =  1.0625924013523035e-02  (reference  2.1936467290069816e-04):
Checking sufficient reduction...
Succeeded...
Checking filter acceptability...
Succeeded...

**************************************************
*** Update HessianMatrix for Iteration 64:
**************************************************



**************************************************
*** Summary of Iteration: 64:
**************************************************

iter    objective    inf_pr   inf_du lg(mu)  ||d||  lg(rg) alpha_du alpha_pr  ls
  64  8.5545109e+02 1.46e-03 3.01e-03  -7.1 6.53e-03    -  1.00e+00 1.00e+00h  1 

**************************************************
*** Beginning Iteration 64 from the following point:
**************************************************

Current barrier parameter mu = 8.3774656043817455e-08
Current fraction-to-the-boundary parameter tau = 9.9988008322984090e-01

||curr_x||_inf   = 1.2099979276475104e+00
||curr_s||_inf   = 1.2099979359706647e+00
||curr_y_c||_inf = 3.4469407802434180e+03
||curr_y_d||_inf = 1.8691308990763534e+03
||curr_z_L||_inf = 1.9999989607865865e+02
||curr_z_U||_inf = 3.4078292399566967e+00
||curr_v_L||_inf = 7.2939059874250134e+01
||curr_v_U||_inf = 1.8691308990763544e+03


***Current NLP Values for Iteration 64:

                                   (scaled)                 (unscaled)
Objective...............:   8.5545108803897441e-01    8.5545108803897438e+02
Dual infeasibility......:   3.0132139333647620e-03    3.0132139333647618e+00
Constraint violation....:   1.0942362361008706e-03    1.4629383135712215e-03
Complementarity.........:   1.0806531214808729e-07    1.0806531214808729e-04
Overall NLP error.......:   3.0132139333647620e-03    3.0132139333647618e+00




**************************************************
*** Update Barrier Parameter for Iteration 64:
**************************************************

Switching to fixed mu mode with mu =   6.7045935131256139e-08 and tau =   9.9999993295406486e-01.
Barrier Parameter: 6.704594e-08

**************************************************
*** Solving the Primal Dual System for Iteration 64:
**************************************************

HSL_MA97: delays 442, nfactor 254641, nflops 4319193, maxfront 51
Ma97SolverInterface::Factorization: ma97_factor_solve took      0.000
Factorization successful.
Number of trial factorizations performed: 1
Perturbation parameters: delta_x=0.000000e+00 delta_s=0.000000e+00
                         delta_c=0.000000e+00 delta_d=0.000000e+00
residual_ratio = 1.510837e-09
Factorization successful.
residual_ratio = 4.145378e-13

**************************************************
*** Finding Acceptable Trial Point for Iteration 64:
**************************************************

--> Starting line search in iteration 64 <--
Mu has changed in line search - resetting watchdog counters.
The current filter has 0 entries.
minimal step size ALPHA_MIN = 2.846794E-07
Starting checks for alpha (primal) = 8.99e-01
Checking acceptability for trial step size alpha_primal_test= 8.993228e-01:
  New values of barrier function     =  8.6386464917707906e-01  (reference  8.6387359017852483e-01):
  New values of constraint violation =  1.1505146520360812e-03  (reference  1.0625924013523035e-02):
Checking sufficient reduction...
Succeeded...
Checking filter acceptability...
Succeeded...

**************************************************
*** Update HessianMatrix for Iteration 65:
**************************************************



**************************************************
*** Summary of Iteration: 65:
**************************************************

iter    objective    inf_pr   inf_du lg(mu)  ||d||  lg(rg) alpha_du alpha_pr  ls
  65  8.5537741e+02 1.54e-04 2.16e-01  -7.2 5.68e-03    -  1.00e+00 8.99e-01h  1 F

**************************************************
*** Beginning Iteration 65 from the following point:
**************************************************

Current barrier parameter mu = 6.7045935131256139e-08
Current fraction-to-the-boundary parameter tau = 9.9999993295406486e-01

||curr_x||_inf   = 1.2099982782295746e+00
||curr_s||_inf   = 1.2099982868538759e+00
||curr_y_c||_inf = 3.4469286481119793e+03
||curr_y_d||_inf = 1.8692998308732306e+03
||curr_z_L||_inf = 1.9999991683130719e+02
||curr_z_U||_inf = 3.4090680669252897e+00
||curr_v_L||_inf = 7.2939619698856262e+01
||curr_v_U||_inf = 1.8693187424214823e+03


***Current NLP Values for Iteration 65:

                                   (scaled)                 (unscaled)
Objective...............:   8.5537741182070337e-01    8.5537741182070340e+02
Dual infeasibility......:   2.1611585626715168e-01    2.1611585626715168e+02
Constraint violation....:   1.1533415485008232e-04    1.5419591165685698e-04
Complementarity.........:   7.5866552673794410e-08    7.5866552673794406e-05
Overall NLP error.......:   2.1611585626715168e-01    2.1611585626715168e+02




**************************************************
*** Update Barrier Parameter for Iteration 65:
**************************************************

Remaining in fixed mu mode.
Barrier Parameter: 6.704594e-08

**************************************************
*** Solving the Primal Dual System for Iteration 65:
**************************************************

HSL_MA97: delays 447, nfactor 254703, nflops 4321677, maxfront 51
Ma97SolverInterface::Factorization: ma97_factor_solve took      0.000
Factorization successful.
Number of trial factorizations performed: 1
Perturbation parameters: delta_x=0.000000e+00 delta_s=0.000000e+00
                         delta_c=0.000000e+00 delta_d=0.000000e+00
residual_ratio = 1.008363e-09
Factorization successful.
residual_ratio = 4.840769e-13

**************************************************
*** Finding Acceptable Trial Point for Iteration 65:
**************************************************

--> Starting line search in iteration 65 <--
The current filter has 1 entries.
minimal step size ALPHA_MIN = 1.601044E-12
Starting checks for alpha (primal) = 1.00e+00
Checking acceptability for trial step size alpha_primal_test= 1.000000e+00:
  New values of barrier function     =  8.6386351662230876e-01  (reference  8.6386464917707906e-01):
  New values of constraint violation =  1.9235805778522475e-06  (reference  1.1505146520360812e-03):
Checking sufficient reduction...
Succeeded...
Checking filter acceptability...
Succeeded...


**************************************************
*** Summary of Iteration: 66:
**************************************************

iter    objective    inf_pr   inf_du lg(mu)  ||d||  lg(rg) alpha_du alpha_pr  ls
  66  8.5536910e+02 1.31e-07 6.93e-07  -7.2 1.77e-03    -  1.00e+00 1.00e+00f  1 F

**************************************************
*** Beginning Iteration 66 from the following point:
**************************************************

Current barrier parameter mu = 6.7045935131256139e-08
Current fraction-to-the-boundary parameter tau = 9.9999993295406486e-01

||curr_x||_inf   = 1.2099983170627235e+00
||curr_s||_inf   = 1.2099983257207378e+00
||curr_y_c||_inf = 3.4469261731484676e+03
||curr_y_d||_inf = 1.8693173293094135e+03
||curr_z_L||_inf = 1.9999991683132393e+02
||curr_z_U||_inf = 3.4090688725182638e+00
||curr_v_L||_inf = 7.2939619854703921e+01
||curr_v_U||_inf = 1.8693173293094139e+03


***Current NLP Values for Iteration 66:

                                   (scaled)                 (unscaled)
Objective...............:   8.5536910091254759e-01    8.5536910091254754e+02
Dual infeasibility......:   6.9269067101127633e-07    6.9269067101127631e-04
Constraint violation....:   9.8543266499477630e-08    1.3140113591658675e-07
Complementarity.........:   6.7094390081811607e-08    6.7094390081811611e-05
Overall NLP error.......:   6.9269067101127633e-07    6.9269067101127631e-04




Number of Iterations....: 66

                                   (scaled)                 (unscaled)
Objective...............:   8.5536910091254759e-01    8.5536910091254754e+02
Dual infeasibility......:   6.9269067101127633e-07    6.9269067101127631e-04
Constraint violation....:   9.8543266499477630e-08    1.3140113591658675e-07
Variable bound violation:   9.6647701849406215e-09    9.6647701849406215e-09
Complementarity.........:   6.7094390081811607e-08    6.7094390081811611e-05
Overall NLP error.......:   6.9269067101127633e-07    6.9269067101127631e-04


Number of objective function evaluations             = 67
Number of objective gradient evaluations             = 67
Number of equality constraint evaluations            = 67
Number of inequality constraint evaluations          = 67
Number of equality constraint Jacobian evaluations   = 67
Number of inequality constraint Jacobian evaluations = 67
Number of Lagrangian Hessian evaluations             = 66
Total seconds in IPOPT                               = 0.368

EXIT: Optimal Solution Found.
